path	n_events	mean_inf_pct	median_inf_pct	match_avg_pct
long_content_30k_001/long30k_001_gc3250_rp0.01_mr8E-5_ss100.fa	1	8.785	8.785	95.238
long_content_30k_001/long30k_002_gc2500_rp0.005_mr12E-5_ss200.fa	0	0.000	0.000	0.000
long_content_30k_001/long30k_003_gc4000_rp0.02_mr8E-5_ss50.fa	12	3.190	3.029	93.841
long_content_30k_001/long30k_004_gc3250_rp0.01_mr12E-5_ss200.fa	2	13.778	13.778	92.160
long_content_30k_001/long30k_005_gc3250_rp0.01_mr4E-5_ss200.fa	1	3.158	3.158	96.930
long_content_30k_001/long30k_006_gc2500_rp0.02_mr4E-5_ss100.fa	30	2.371	2.090	97.317
long_content_30k_001/long30k_007_gc2500_rp0.005_mr4E-5_ss100.fa	30	0.129	0.112	97.137
long_content_30k_001/long30k_008_gc2500_rp0.005_mr8E-5_ss50.fa	0	0.000	0.000	0.000
long_content_30k_001/long30k_009_gc3250_rp0.005_mr4E-5_ss100.fa	1	1.324	1.324	99.201
long_content_30k_001/long30k_010_gc2500_rp0.02_mr8E-5_ss200.fa	7	2.643	0.361	92.948
long_content_30k_001/long30k_011_gc3250_rp0.005_mr8E-5_ss50.fa	0	0.000	0.000	0.000
long_content_30k_001/long30k_012_gc3250_rp0.02_mr4E-5_ss100.fa	7	3.063	3.256	96.226
long_content_30k_001/long30k_013_gc3250_rp0.005_mr12E-5_ss50.fa	0	0.000	0.000	0.000
long_content_30k_001/long30k_014_gc4000_rp0.02_mr12E-5_ss50.fa	27	5.125	5.147	94.044
long_content_30k_001/long30k_015_gc4000_rp0.01_mr4E-5_ss100.fa	10	1.244	1.244	95.160
long_content_30k_001/long30k_016_gc4000_rp0.005_mr12E-5_ss50.fa	15	6.873	6.873	93.617
long_content_30k_001/long30k_017_gc3250_rp0.005_mr8E-5_ss200.fa	1	7.444	7.444	94.417
long_content_30k_001/long30k_018_gc2500_rp0.01_mr8E-5_ss200.fa	0	0.000	0.000	0.000
long_content_30k_001/long30k_019_gc4000_rp0.005_mr8E-5_ss200.fa	8	1.357	1.357	97.768
long_content_30k_001/long30k_020_gc4000_rp0.005_mr12E-5_ss200.fa	0	0.000	0.000	0.000
long_content_30k_001/long30k_021_gc4000_rp0.005_mr8E-5_ss100.fa	11	1.865	1.507	97.431
long_content_30k_001/long30k_022_gc4000_rp0.01_mr12E-5_ss100.fa	22	6.053	8.318	92.699
long_content_30k_001/long30k_023_gc3250_rp0.01_mr8E-5_ss200.fa	0	0.000	0.000	0.000
long_content_30k_001/long30k_024_gc3250_rp0.02_mr12E-5_ss200.fa	25	11.427	11.707	92.187
long_content_30k_001/long30k_025_gc2500_rp0.01_mr4E-5_ss100.fa	3	1.627	1.627	96.964
long_content_30k_001/long30k_026_gc4000_rp0.01_mr4E-5_ss200.fa	30	0.759	0.759	96.666
long_content_30k_001/long30k_027_gc2500_rp0.005_mr4E-5_ss200.fa	30	1.345	1.390	98.221
long_content_30k_001/long30k_028_gc4000_rp0.005_mr4E-5_ss100.fa	0	0.000	0.000	0.000
long_content_30k_001/long30k_029_gc3250_rp0.005_mr12E-5_ss100.fa	28	5.550	4.117	91.293
long_content_30k_001/long30k_030_gc2500_rp0.01_mr4E-5_ss200.fa	29	0.777	0.750	97.855
long_content_30k_001/long30k_031_gc4000_rp0.02_mr4E-5_ss200.fa	24	2.247	2.347	91.403
long_content_30k_001/long30k_032_gc4000_rp0.02_mr4E-5_ss50.fa	4	2.832	2.886	96.720
long_content_30k_001/long30k_033_gc2500_rp0.005_mr4E-5_ss50.fa	0	0.000	0.000	0.000
long_content_30k_001/long30k_034_gc2500_rp0.02_mr8E-5_ss100.fa	29	3.488	3.307	97.241
long_content_30k_001/long30k_035_gc2500_rp0.01_mr12E-5_ss50.fa	0	0.000	0.000	0.000
long_content_30k_001/long30k_036_gc4000_rp0.005_mr4E-5_ss200.fa	0	0.000	0.000	0.000
long_content_30k_001/long30k_037_gc2500_rp0.005_mr12E-5_ss50.fa	6	5.885	3.304	95.213
long_content_30k_001/long30k_038_gc3250_rp0.02_mr12E-5_ss50.fa	11	14.174	16.628	85.927
long_content_30k_001/long30k_039_gc4000_rp0.02_mr12E-5_ss200.fa	30	5.857	5.102	91.977
long_content_30k_001/long30k_040_gc3250_rp0.01_mr12E-5_ss50.fa	0	0.000	0.000	0.000
long_content_30k_001/long30k_041_gc3250_rp0.02_mr8E-5_ss100.fa	11	13.647	13.647	90.405
long_content_30k_001/long30k_042_gc3250_rp0.01_mr4E-5_ss50.fa	8	2.967	2.967	95.657
long_content_30k_001/long30k_043_gc3250_rp0.005_mr8E-5_ss100.fa	0	0.000	0.000	0.000
long_content_30k_001/long30k_044_gc4000_rp0.01_mr8E-5_ss50.fa	0	0.000	0.000	0.000
long_content_30k_001/long30k_045_gc3250_rp0.01_mr8E-5_ss50.fa	9	7.714	7.714	94.415
long_content_30k_001/long30k_046_gc4000_rp0.005_mr12E-5_ss100.fa	0	0.000	0.000	0.000
long_content_30k_001/long30k_047_gc3250_rp0.02_mr8E-5_ss50.fa	26	3.740	3.154	89.198
long_content_30k_001/long30k_048_gc4000_rp0.01_mr12E-5_ss200.fa	30	6.269	6.255	93.415
long_content_30k_001/long30k_049_gc4000_rp0.005_mr4E-5_ss50.fa	0	0.000	0.000	0.000
long_content_30k_001/long30k_050_gc3250_rp0.005_mr4E-5_ss50.fa	0	0.000	0.000	0.000
long_content_30k_001/long30k_051_gc2500_rp0.005_mr8E-5_ss200.fa	5	6.157	6.157	96.844
long_content_30k_001/long30k_052_gc2500_rp0.02_mr12E-5_ss100.fa	30	6.331	6.424	91.707
long_content_30k_001/long30k_053_gc3250_rp0.01_mr12E-5_ss100.fa	22	3.936	3.890	95.332
long_content_30k_001/long30k_054_gc2500_rp0.02_mr8E-5_ss50.fa	14	4.849	4.189	94.313
long_content_30k_001/long30k_055_gc2500_rp0.02_mr12E-5_ss200.fa	29	4.629	4.123	92.782
long_content_30k_001/long30k_056_gc4000_rp0.02_mr8E-5_ss100.fa	2	1.081	1.081	93.629
long_content_30k_001/long30k_057_gc3250_rp0.02_mr4E-5_ss50.fa	4	1.064	1.097	99.318
long_content_30k_001/long30k_058_gc2500_rp0.01_mr12E-5_ss200.fa	28	6.875	6.875	95.085
long_content_30k_001/long30k_059_gc2500_rp0.005_mr8E-5_ss100.fa	11	1.666	1.448	97.220
long_content_30k_001/long30k_060_gc3250_rp0.005_mr12E-5_ss200.fa	0	0.000	0.000	0.000
long_content_30k_001/long30k_061_gc4000_rp0.005_mr8E-5_ss50.fa	0	0.000	0.000	0.000
long_content_30k_001/long30k_062_gc3250_rp0.02_mr8E-5_ss200.fa	2	4.562	4.562	95.925
long_content_30k_001/long30k_063_gc2500_rp0.005_mr12E-5_ss100.fa	0	0.000	0.000	0.000
long_content_30k_001/long30k_064_gc4000_rp0.02_mr8E-5_ss200.fa	15	1.290	1.290	97.990
long_content_30k_001/long30k_065_gc2500_rp0.02_mr4E-5_ss200.fa	4	1.857	1.994	97.367
long_content_30k_001/long30k_066_gc2500_rp0.02_mr12E-5_ss50.fa	30	5.621	5.546	93.779
long_content_30k_001/long30k_067_gc4000_rp0.01_mr8E-5_ss100.fa	23	6.463	6.956	93.780
long_content_30k_001/long30k_068_gc2500_rp0.01_mr8E-5_ss100.fa	19	3.289	2.322	95.314
long_content_30k_001/long30k_069_gc4000_rp0.02_mr12E-5_ss100.fa	20	6.569	6.485	92.420
long_content_30k_001/long30k_070_gc2500_rp0.01_mr4E-5_ss50.fa	0	0.000	0.000	0.000
long_content_30k_001/long30k_071_gc2500_rp0.01_mr8E-5_ss50.fa	30	5.413	1.000	89.640
long_content_30k_001/long30k_072_gc3250_rp0.005_mr4E-5_ss200.fa	30	7.554	7.898	93.873
long_content_30k_001/long30k_073_gc4000_rp0.02_mr4E-5_ss100.fa	2	1.649	1.649	97.709
long_content_30k_001/long30k_074_gc3250_rp0.02_mr4E-5_ss200.fa	25	0.806	0.832	97.145
long_content_30k_001/long30k_075_gc3250_rp0.02_mr12E-5_ss100.fa	30	12.359	12.518	90.703
long_content_30k_001/long30k_076_gc2500_rp0.01_mr12E-5_ss100.fa	30	7.381	8.584	92.813
long_content_30k_001/long30k_077_gc4000_rp0.01_mr8E-5_ss200.fa	8	9.704	9.704	92.521
long_content_30k_001/long30k_078_gc4000_rp0.01_mr4E-5_ss50.fa	7	1.913	1.702	98.626
long_content_30k_001/long30k_079_gc2500_rp0.02_mr4E-5_ss50.fa	22	2.477	2.776	97.759
long_content_30k_001/long30k_080_gc3250_rp0.01_mr4E-5_ss100.fa	16	1.574	1.574	97.960
long_content_30k_001/long30k_081_gc4000_rp0.01_mr12E-5_ss50.fa	29	5.343	4.809	94.373
long_content_30k_001/long30k_082_gc3250_rp0.01_mr8E-5_ss100.fa	0	0.000	0.000	0.000
long_content_30k_001/long30k_083_gc2500_rp0.005_mr12E-5_ss200.fa	0	0.000	0.000	0.000
long_content_30k_001/long30k_084_gc4000_rp0.02_mr8E-5_ss50.fa	30	7.332	6.048	91.806
long_content_30k_001/long30k_085_gc3250_rp0.01_mr12E-5_ss200.fa	4	5.591	6.106	95.817
long_content_30k_001/long30k_086_gc3250_rp0.01_mr4E-5_ss200.fa	0	0.000	0.000	0.000
long_content_30k_001/long30k_087_gc2500_rp0.02_mr4E-5_ss100.fa	20	1.689	1.689	97.383
long_content_30k_001/long30k_088_gc2500_rp0.005_mr4E-5_ss100.fa	24	1.891	1.126	94.095
long_content_30k_001/long30k_089_gc2500_rp0.005_mr8E-5_ss50.fa	7	6.613	6.613	92.763
long_content_30k_001/long30k_090_gc3250_rp0.005_mr4E-5_ss100.fa	16	1.017	1.017	99.091
long_content_30k_001/long30k_091_gc2500_rp0.02_mr8E-5_ss200.fa	14	2.893	3.022	96.658
long_content_30k_001/long30k_092_gc3250_rp0.005_mr8E-5_ss50.fa	0	0.000	0.000	0.000
long_content_30k_001/long30k_093_gc3250_rp0.02_mr4E-5_ss100.fa	2	1.257	1.257	97.830
long_content_30k_001/long30k_094_gc3250_rp0.005_mr12E-5_ss50.fa	0	0.000	0.000	0.000
long_content_30k_001/long30k_095_gc4000_rp0.02_mr12E-5_ss50.fa	8	5.211	3.750	91.785
long_content_30k_001/long30k_096_gc4000_rp0.01_mr4E-5_ss100.fa	0	0.000	0.000	0.000
long_content_30k_001/long30k_097_gc4000_rp0.005_mr12E-5_ss50.fa	0	0.000	0.000	0.000
long_content_30k_001/long30k_098_gc3250_rp0.005_mr8E-5_ss200.fa	0	0.000	0.000	0.000
long_content_30k_001/long30k_099_gc2500_rp0.01_mr8E-5_ss200.fa	30	3.125	3.281	96.505
long_content_30k_001/long30k_100_gc4000_rp0.005_mr8E-5_ss200.fa	5	4.350	4.350	96.192
long_content_30k_001/long30k_101_gc4000_rp0.005_mr12E-5_ss200.fa	0	0.000	0.000	0.000
long_content_30k_001/long30k_102_gc4000_rp0.005_mr8E-5_ss100.fa	2	5.073	5.073	95.643
long_content_30k_001/long30k_103_gc4000_rp0.01_mr12E-5_ss100.fa	30	15.635	17.126	87.567
long_content_30k_001/long30k_104_gc3250_rp0.01_mr8E-5_ss200.fa	30	3.375	2.589	96.974
long_content_30k_001/long30k_105_gc3250_rp0.02_mr12E-5_ss200.fa	2	7.411	7.411	93.596
long_content_30k_001/long30k_106_gc2500_rp0.01_mr4E-5_ss100.fa	1	2.465	2.465	98.729
long_content_30k_001/long30k_107_gc4000_rp0.01_mr4E-5_ss200.fa	16	2.164	2.645	98.185
long_content_30k_001/long30k_108_gc2500_rp0.005_mr4E-5_ss200.fa	8	1.807	2.074	98.014
long_content_30k_001/long30k_109_gc4000_rp0.005_mr4E-5_ss100.fa	4	1.935	1.934	97.329
long_content_30k_001/long30k_110_gc3250_rp0.005_mr12E-5_ss100.fa	0	0.000	0.000	0.000
long_content_30k_001/long30k_111_gc2500_rp0.01_mr4E-5_ss200.fa	25	2.299	2.299	97.207
long_content_30k_001/long30k_112_gc4000_rp0.02_mr4E-5_ss200.fa	14	2.581	2.581	96.581
long_content_30k_001/long30k_113_gc4000_rp0.02_mr4E-5_ss50.fa	30	2.685	3.068	96.465
long_content_30k_001/long30k_114_gc2500_rp0.005_mr4E-5_ss50.fa	0	0.000	0.000	0.000
long_content_30k_001/long30k_115_gc2500_rp0.02_mr8E-5_ss100.fa	7	2.965	3.183	96.003
long_content_30k_001/long30k_116_gc2500_rp0.01_mr12E-5_ss50.fa	0	0.000	0.000	0.000
long_content_30k_001/long30k_117_gc4000_rp0.005_mr4E-5_ss200.fa	3	2.132	2.132	96.308
long_content_30k_001/long30k_118_gc2500_rp0.005_mr12E-5_ss50.fa	1	1.137	1.137	99.331
long_content_30k_001/long30k_119_gc3250_rp0.02_mr12E-5_ss50.fa	14	4.820	3.515	94.906
long_content_30k_001/long30k_120_gc4000_rp0.02_mr12E-5_ss200.fa	30	4.565	4.531	95.078
long_content_30k_001/long30k_121_gc3250_rp0.01_mr12E-5_ss50.fa	5	6.951	6.951	94.561
long_content_30k_001/long30k_122_gc3250_rp0.02_mr8E-5_ss100.fa	30	3.345	2.578	93.091
long_content_30k_001/long30k_123_gc3250_rp0.01_mr4E-5_ss50.fa	12	1.282	1.167	98.077
long_content_30k_001/long30k_124_gc3250_rp0.005_mr8E-5_ss100.fa	0	0.000	0.000	0.000
long_content_30k_001/long30k_125_gc4000_rp0.01_mr8E-5_ss50.fa	4	8.411	8.411	94.546
long_content_30k_001/long30k_126_gc3250_rp0.01_mr8E-5_ss50.fa	0	0.000	0.000	0.000
long_content_30k_001/long30k_127_gc4000_rp0.005_mr12E-5_ss100.fa	20	6.666	8.841	88.853
long_content_30k_001/long30k_128_gc3250_rp0.02_mr8E-5_ss50.fa	2	10.235	10.235	93.567
long_content_30k_001/long30k_129_gc4000_rp0.01_mr12E-5_ss200.fa	12	7.074	7.036	88.391
long_content_30k_001/long30k_130_gc4000_rp0.005_mr4E-5_ss50.fa	0	0.000	0.000	0.000
long_content_30k_001/long30k_131_gc3250_rp0.005_mr4E-5_ss50.fa	23	2.538	2.584	96.961
long_content_30k_001/long30k_132_gc2500_rp0.005_mr8E-5_ss200.fa	10	3.393	3.428	96.489
long_content_30k_001/long30k_133_gc2500_rp0.02_mr12E-5_ss100.fa	0	0.000	0.000	0.000
long_content_30k_001/long30k_134_gc3250_rp0.01_mr12E-5_ss100.fa	30	9.602	10.005	91.769
long_content_30k_001/long30k_135_gc2500_rp0.02_mr8E-5_ss50.fa	13	4.425	5.125	94.796
long_content_30k_001/long30k_136_gc2500_rp0.02_mr12E-5_ss200.fa	27	11.352	13.574	87.970
long_content_30k_001/long30k_137_gc4000_rp0.02_mr8E-5_ss100.fa	7	2.017	2.017	97.236
long_content_30k_001/long30k_138_gc3250_rp0.02_mr4E-5_ss50.fa	5	1.975	1.975	97.200
long_content_30k_001/long30k_139_gc2500_rp0.01_mr12E-5_ss200.fa	20	11.430	11.432	90.073
long_content_30k_001/long30k_140_gc2500_rp0.005_mr8E-5_ss100.fa	30	7.986	8.036	92.207
long_content_30k_001/long30k_141_gc3250_rp0.005_mr12E-5_ss200.fa	0	0.000	0.000	0.000
long_content_30k_001/long30k_142_gc4000_rp0.005_mr8E-5_ss50.fa	0	0.000	0.000	0.000
long_content_30k_001/long30k_143_gc3250_rp0.02_mr8E-5_ss200.fa	30	1.548	1.318	95.571
long_content_30k_001/long30k_144_gc2500_rp0.005_mr12E-5_ss100.fa	21	4.703	3.669	74.704
long_content_30k_001/long30k_145_gc4000_rp0.02_mr8E-5_ss200.fa	30	1.982	1.966	97.709
long_content_30k_001/long30k_146_gc2500_rp0.02_mr4E-5_ss200.fa	18	2.060	1.873	97.471
long_content_30k_001/long30k_147_gc2500_rp0.02_mr12E-5_ss50.fa	19	4.450	4.327	94.826
long_content_30k_001/long30k_148_gc4000_rp0.01_mr8E-5_ss100.fa	2	5.033	5.033	96.285
long_content_30k_001/long30k_149_gc2500_rp0.01_mr8E-5_ss100.fa	7	5.072	5.285	94.743
long_content_30k_001/long30k_150_gc4000_rp0.02_mr12E-5_ss100.fa	30	5.936	6.877	94.145
long_content_30k_001/long30k_151_gc2500_rp0.01_mr4E-5_ss50.fa	0	0.000	0.000	0.000
long_content_30k_001/long30k_152_gc2500_rp0.01_mr8E-5_ss50.fa	0	0.000	0.000	0.000
long_content_30k_001/long30k_153_gc3250_rp0.005_mr4E-5_ss200.fa	0	0.000	0.000	0.000
long_content_30k_001/long30k_154_gc4000_rp0.02_mr4E-5_ss100.fa	12	3.308	3.336	96.461
long_content_30k_001/long30k_155_gc3250_rp0.02_mr4E-5_ss200.fa	30	1.853	1.832	97.786
long_content_30k_001/long30k_156_gc3250_rp0.02_mr12E-5_ss100.fa	1	6.254	6.254	95.105
long_content_30k_001/long30k_157_gc2500_rp0.01_mr12E-5_ss100.fa	0	0.000	0.000	0.000
long_content_30k_001/long30k_158_gc4000_rp0.01_mr8E-5_ss200.fa	30	3.834	3.969	95.071
long_content_30k_001/long30k_159_gc4000_rp0.01_mr4E-5_ss50.fa	0	0.000	0.000	0.000
long_content_30k_001/long30k_160_gc2500_rp0.02_mr4E-5_ss50.fa	2	2.625	2.625	98.103
long_content_30k_001/long30k_161_gc3250_rp0.01_mr4E-5_ss100.fa	13	3.553	3.646	96.338
long_content_30k_001/long30k_162_gc4000_rp0.01_mr12E-5_ss50.fa	9	7.427	7.424	93.893
long_content_30k_001/long30k_163_gc3250_rp0.01_mr8E-5_ss100.fa	12	2.918	2.918	97.038
long_content_30k_001/long30k_164_gc2500_rp0.005_mr12E-5_ss200.fa	30	8.729	6.417	76.792
long_content_30k_001/long30k_165_gc4000_rp0.02_mr8E-5_ss50.fa	3	2.602	2.601	97.082
long_content_30k_001/long30k_166_gc3250_rp0.01_mr12E-5_ss200.fa	30	16.047	16.109	88.786
long_content_30k_001/long30k_167_gc3250_rp0.01_mr4E-5_ss200.fa	0	0.000	0.000	0.000
long_content_30k_001/long30k_168_gc2500_rp0.02_mr4E-5_ss100.fa	10	1.250	1.260	98.498
long_content_30k_001/long30k_169_gc2500_rp0.005_mr4E-5_ss100.fa	30	0.904	0.789	97.164
long_content_30k_001/long30k_170_gc2500_rp0.005_mr8E-5_ss50.fa	0	0.000	0.000	0.000
long_content_30k_001/long30k_171_gc3250_rp0.005_mr4E-5_ss100.fa	0	0.000	0.000	0.000
long_content_30k_001/long30k_172_gc2500_rp0.02_mr8E-5_ss200.fa	30	5.126	5.874	95.191
long_content_30k_001/long30k_173_gc3250_rp0.005_mr8E-5_ss50.fa	1	2.932	2.932	96.916
long_content_30k_001/long30k_174_gc3250_rp0.02_mr4E-5_ss100.fa	14	0.918	0.933	99.045
long_content_30k_001/long30k_175_gc3250_rp0.005_mr12E-5_ss50.fa	0	0.000	0.000	0.000
long_content_30k_001/long30k_176_gc4000_rp0.02_mr12E-5_ss50.fa	4	5.459	5.496	96.232
long_content_30k_001/long30k_177_gc4000_rp0.01_mr4E-5_ss100.fa	0	0.000	0.000	0.000
long_content_30k_001/long30k_178_gc4000_rp0.005_mr12E-5_ss50.fa	0	0.000	0.000	0.000
long_content_30k_001/long30k_179_gc3250_rp0.005_mr8E-5_ss200.fa	0	0.000	0.000	0.000
long_content_30k_001/long30k_180_gc2500_rp0.01_mr8E-5_ss200.fa	0	0.000	0.000	0.000
long_content_30k_001/long30k_181_gc4000_rp0.005_mr8E-5_ss200.fa	30	6.425	6.886	94.626
long_content_30k_001/long30k_182_gc4000_rp0.005_mr12E-5_ss200.fa	2	5.050	5.050	97.381
long_content_30k_001/long30k_183_gc4000_rp0.005_mr8E-5_ss100.fa	0	0.000	0.000	0.000
long_content_30k_001/long30k_184_gc4000_rp0.01_mr12E-5_ss100.fa	0	0.000	0.000	0.000
long_content_30k_001/long30k_185_gc3250_rp0.01_mr8E-5_ss200.fa	0	0.000	0.000	0.000
long_content_30k_001/long30k_186_gc3250_rp0.02_mr12E-5_ss200.fa	5	9.472	9.399	93.548
long_content_30k_001/long30k_187_gc2500_rp0.01_mr4E-5_ss100.fa	0	0.000	0.000	0.000
long_content_30k_001/long30k_188_gc4000_rp0.01_mr4E-5_ss200.fa	0	0.000	0.000	0.000
long_content_30k_001/long30k_189_gc2500_rp0.005_mr4E-5_ss200.fa	30	2.240	2.469	94.940
long_content_30k_001/long30k_190_gc4000_rp0.005_mr4E-5_ss100.fa	0	0.000	0.000	0.000
long_content_30k_001/long30k_191_gc3250_rp0.005_mr12E-5_ss100.fa	12	6.413	7.197	94.814
long_content_30k_001/long30k_192_gc2500_rp0.01_mr4E-5_ss200.fa	30	2.120	2.104	98.406
long_content_30k_001/long30k_193_gc4000_rp0.02_mr4E-5_ss200.fa	6	4.125	3.975	95.943
long_content_30k_001/long30k_194_gc4000_rp0.02_mr4E-5_ss50.fa	2	2.403	2.403	97.968
long_content_30k_001/long30k_195_gc2500_rp0.005_mr4E-5_ss50.fa	0	0.000	0.000	0.000
long_content_30k_001/long30k_196_gc2500_rp0.02_mr8E-5_ss100.fa	11	3.098	3.633	96.603
long_content_30k_001/long30k_197_gc2500_rp0.01_mr12E-5_ss50.fa	0	0.000	0.000	0.000
long_content_30k_001/long30k_198_gc4000_rp0.005_mr4E-5_ss200.fa	3	2.269	2.269	96.945
long_content_30k_001/long30k_199_gc2500_rp0.005_mr12E-5_ss50.fa	9	2.552	2.552	96.461
long_content_30k_001/long30k_200_gc3250_rp0.02_mr12E-5_ss50.fa	11	8.615	9.218	91.801
long_content_30k_001/long30k_201_gc4000_rp0.02_mr12E-5_ss200.fa	30	7.955	7.658	92.955
long_content_30k_001/long30k_202_gc3250_rp0.01_mr12E-5_ss50.fa	0	0.000	0.000	0.000
long_content_30k_001/long30k_203_gc3250_rp0.02_mr8E-5_ss100.fa	30	3.216	2.050	96.146
long_content_30k_001/long30k_204_gc3250_rp0.01_mr4E-5_ss50.fa	0	0.000	0.000	0.000
long_content_30k_001/long30k_205_gc3250_rp0.005_mr8E-5_ss100.fa	0	0.000	0.000	0.000
long_content_30k_001/long30k_206_gc4000_rp0.01_mr8E-5_ss50.fa	1	4.261	4.261	96.220
long_content_30k_001/long30k_207_gc3250_rp0.01_mr8E-5_ss50.fa	6	4.815	4.181	96.149
long_content_30k_001/long30k_208_gc4000_rp0.005_mr12E-5_ss100.fa	11	2.028	2.000	97.186
long_content_30k_001/long30k_209_gc3250_rp0.02_mr8E-5_ss50.fa	0	0.000	0.000	0.000
long_content_30k_001/long30k_210_gc4000_rp0.01_mr12E-5_ss200.fa	30	2.199	2.224	86.931
long_content_30k_001/long30k_211_gc4000_rp0.005_mr4E-5_ss50.fa	0	0.000	0.000	0.000
long_content_30k_001/long30k_212_gc3250_rp0.005_mr4E-5_ss50.fa	2	4.430	4.430	95.889
long_content_30k_001/long30k_213_gc2500_rp0.005_mr8E-5_ss200.fa	1	4.349	4.349	96.265
long_content_30k_001/long30k_214_gc2500_rp0.02_mr12E-5_ss100.fa	20	7.708	8.710	91.313
long_content_30k_001/long30k_215_gc3250_rp0.01_mr12E-5_ss100.fa	3	5.880	5.526	92.851
long_content_30k_001/long30k_216_gc2500_rp0.02_mr8E-5_ss50.fa	10	5.378	6.556	94.676
long_content_30k_001/long30k_217_gc2500_rp0.02_mr12E-5_ss200.fa	21	4.267	1.742	92.230
long_content_30k_001/long30k_218_gc4000_rp0.02_mr8E-5_ss100.fa	11	7.392	7.173	93.130
long_content_30k_001/long30k_219_gc3250_rp0.02_mr4E-5_ss50.fa	25	2.857	3.170	97.230
long_content_30k_001/long30k_220_gc2500_rp0.01_mr12E-5_ss200.fa	30	8.650	9.249	92.828
long_content_30k_001/long30k_221_gc2500_rp0.005_mr8E-5_ss100.fa	1	5.541	5.541	95.602
long_content_30k_001/long30k_222_gc3250_rp0.005_mr12E-5_ss200.fa	0	0.000	0.000	0.000
long_content_30k_001/long30k_223_gc4000_rp0.005_mr8E-5_ss50.fa	0	0.000	0.000	0.000
long_content_30k_001/long30k_224_gc3250_rp0.02_mr8E-5_ss200.fa	30	5.667	6.190	95.182
long_content_30k_001/long30k_225_gc2500_rp0.005_mr12E-5_ss100.fa	0	0.000	0.000	0.000
long_content_30k_001/long30k_226_gc4000_rp0.02_mr8E-5_ss200.fa	14	5.055	5.057	93.758
long_content_30k_001/long30k_227_gc2500_rp0.02_mr4E-5_ss200.fa	2	0.950	0.950	98.055
long_content_30k_001/long30k_228_gc2500_rp0.02_mr12E-5_ss50.fa	0	0.000	0.000	0.000
long_content_30k_001/long30k_229_gc4000_rp0.01_mr8E-5_ss100.fa	24	3.511	3.511	95.645
long_content_30k_001/long30k_230_gc2500_rp0.01_mr8E-5_ss100.fa	16	8.090	8.513	93.744
long_content_30k_001/long30k_231_gc4000_rp0.02_mr12E-5_ss100.fa	29	4.819	4.554	94.145
long_content_30k_001/long30k_232_gc2500_rp0.01_mr4E-5_ss50.fa	1	1.326	1.326	97.584
long_content_30k_001/long30k_233_gc2500_rp0.01_mr8E-5_ss50.fa	0	0.000	0.000	0.000
long_content_30k_001/long30k_234_gc3250_rp0.005_mr4E-5_ss200.fa	30	1.832	1.862	97.309
long_content_30k_001/long30k_235_gc4000_rp0.02_mr4E-5_ss100.fa	2	1.234	1.234	97.331
long_content_30k_001/long30k_236_gc3250_rp0.02_mr4E-5_ss200.fa	18	2.262	2.214	96.525
long_content_30k_001/long30k_237_gc3250_rp0.02_mr12E-5_ss100.fa	30	2.068	1.584	93.693
long_content_30k_001/long30k_238_gc2500_rp0.01_mr12E-5_ss100.fa	0	0.000	0.000	0.000
long_content_30k_001/long30k_239_gc4000_rp0.01_mr8E-5_ss200.fa	0	0.000	0.000	0.000
long_content_30k_001/long30k_240_gc4000_rp0.01_mr4E-5_ss50.fa	0	0.000	0.000	0.000
long_content_30k_001/long30k_241_gc2500_rp0.02_mr4E-5_ss50.fa	5	4.145	4.131	96.262
long_content_30k_001/long30k_242_gc3250_rp0.01_mr4E-5_ss100.fa	27	3.277	3.375	96.153
long_content_30k_001/long30k_243_gc4000_rp0.01_mr12E-5_ss50.fa	14	4.298	4.298	95.684
long_content_30k_001/long30k_244_gc3250_rp0.01_mr8E-5_ss100.fa	1	2.718	2.718	96.972
long_content_30k_001/long30k_245_gc2500_rp0.005_mr12E-5_ss200.fa	1	12.147	12.147	92.020
long_content_30k_001/long30k_246_gc4000_rp0.02_mr8E-5_ss50.fa	22	1.224	1.065	97.722
long_content_30k_001/long30k_247_gc3250_rp0.01_mr12E-5_ss200.fa	1	5.234	5.234	97.228
long_content_30k_001/long30k_248_gc3250_rp0.01_mr4E-5_ss200.fa	0	0.000	0.000	0.000
long_content_30k_001/long30k_249_gc2500_rp0.02_mr4E-5_ss100.fa	17	2.049	2.053	98.489
long_content_30k_001/long30k_250_gc2500_rp0.005_mr4E-5_ss100.fa	7	2.934	2.934	96.558
long_content_30k_001/long30k_251_gc2500_rp0.005_mr8E-5_ss50.fa	0	0.000	0.000	0.000
long_content_30k_001/long30k_252_gc3250_rp0.005_mr4E-5_ss100.fa	14	6.895	6.895	94.861
long_content_30k_001/long30k_253_gc2500_rp0.02_mr8E-5_ss200.fa	18	3.389	3.628	96.519
long_content_30k_001/long30k_254_gc3250_rp0.005_mr8E-5_ss50.fa	12	3.712	3.694	95.823
long_content_30k_001/long30k_255_gc3250_rp0.02_mr4E-5_ss100.fa	1	3.728	3.728	96.037
long_content_30k_001/long30k_256_gc3250_rp0.005_mr12E-5_ss50.fa	0	0.000	0.000	0.000
long_content_30k_001/long30k_257_gc4000_rp0.02_mr12E-5_ss50.fa	30	4.450	6.001	95.544
long_content_30k_001/long30k_258_gc4000_rp0.01_mr4E-5_ss100.fa	29	1.744	1.736	97.925
long_content_30k_001/long30k_259_gc4000_rp0.005_mr12E-5_ss50.fa	0	0.000	0.000	0.000
long_content_30k_001/long30k_260_gc3250_rp0.005_mr8E-5_ss200.fa	0	0.000	0.000	0.000
long_content_30k_001/long30k_261_gc2500_rp0.01_mr8E-5_ss200.fa	19	2.123	2.115	97.039
long_content_30k_001/long30k_262_gc4000_rp0.005_mr8E-5_ss200.fa	12	2.996	2.996	90.539
long_content_30k_001/long30k_263_gc4000_rp0.005_mr12E-5_ss200.fa	1	4.184	4.184	96.229
long_content_30k_001/long30k_264_gc4000_rp0.005_mr8E-5_ss100.fa	0	0.000	0.000	0.000
long_content_30k_001/long30k_265_gc4000_rp0.01_mr12E-5_ss100.fa	29	4.649	5.408	90.283
long_content_30k_001/long30k_266_gc3250_rp0.01_mr8E-5_ss200.fa	30	2.457	2.476	96.662
long_content_30k_001/long30k_267_gc3250_rp0.02_mr12E-5_ss200.fa	30	10.986	6.627	83.646
long_content_30k_001/long30k_268_gc2500_rp0.01_mr4E-5_ss100.fa	10	3.437	3.445	96.865
long_content_30k_001/long30k_269_gc4000_rp0.01_mr4E-5_ss200.fa	13	1.344	1.344	97.531
long_content_30k_001/long30k_270_gc2500_rp0.005_mr4E-5_ss200.fa	0	0.000	0.000	0.000
long_content_30k_001/long30k_271_gc4000_rp0.005_mr4E-5_ss100.fa	0	0.000	0.000	0.000
long_content_30k_001/long30k_272_gc3250_rp0.005_mr12E-5_ss100.fa	0	0.000	0.000	0.000
long_content_30k_001/long30k_273_gc2500_rp0.01_mr4E-5_ss200.fa	0	0.000	0.000	0.000
long_content_30k_001/long30k_274_gc4000_rp0.02_mr4E-5_ss200.fa	4	1.376	0.379	95.131
long_content_30k_001/long30k_275_gc4000_rp0.02_mr4E-5_ss50.fa	5	4.343	4.343	95.313
long_content_30k_001/long30k_276_gc2500_rp0.005_mr4E-5_ss50.fa	0	0.000	0.000	0.000
long_content_30k_001/long30k_277_gc2500_rp0.02_mr8E-5_ss100.fa	5	1.834	2.598	98.532
long_content_30k_001/long30k_278_gc2500_rp0.01_mr12E-5_ss50.fa	0	0.000	0.000	0.000
long_content_30k_001/long30k_279_gc4000_rp0.005_mr4E-5_ss200.fa	14	3.192	3.189	96.772
long_content_30k_001/long30k_280_gc2500_rp0.005_mr12E-5_ss50.fa	0	0.000	0.000	0.000
long_content_30k_001/long30k_281_gc3250_rp0.02_mr12E-5_ss50.fa	30	9.016	9.250	93.665
long_content_30k_001/long30k_282_gc4000_rp0.02_mr12E-5_ss200.fa	28	6.727	7.035	93.649
long_content_30k_001/long30k_283_gc3250_rp0.01_mr12E-5_ss50.fa	13	8.850	8.850	87.633
long_content_30k_001/long30k_284_gc3250_rp0.02_mr8E-5_ss100.fa	1	1.271	1.271	98.100
long_content_30k_001/long30k_285_gc3250_rp0.01_mr4E-5_ss50.fa	8	1.790	1.837	97.670
long_content_30k_001/long30k_286_gc3250_rp0.005_mr8E-5_ss100.fa	0	0.000	0.000	0.000
long_content_30k_001/long30k_287_gc4000_rp0.01_mr8E-5_ss50.fa	13	9.841	9.883	92.776
long_content_30k_001/long30k_288_gc3250_rp0.01_mr8E-5_ss50.fa	15	1.840	1.609	95.000
long_content_30k_001/long30k_289_gc4000_rp0.005_mr12E-5_ss100.fa	17	5.381	5.381	95.328
long_content_30k_001/long30k_290_gc3250_rp0.02_mr8E-5_ss50.fa	1	3.735	3.735	96.505
long_content_30k_001/long30k_291_gc4000_rp0.01_mr12E-5_ss200.fa	5	2.405	2.405	97.017
long_content_30k_001/long30k_292_gc4000_rp0.005_mr4E-5_ss50.fa	15	4.040	4.040	95.132
long_content_30k_001/long30k_293_gc3250_rp0.005_mr4E-5_ss50.fa	0	0.000	0.000	0.000
long_content_30k_001/long30k_294_gc2500_rp0.005_mr8E-5_ss200.fa	0	0.000	0.000	0.000
long_content_30k_001/long30k_295_gc2500_rp0.02_mr12E-5_ss100.fa	16	6.984	6.272	87.969
long_content_30k_001/long30k_296_gc3250_rp0.01_mr12E-5_ss100.fa	30	3.363	3.478	88.367
long_content_30k_001/long30k_297_gc2500_rp0.02_mr8E-5_ss50.fa	3	2.080	2.080	98.672
long_content_30k_001/long30k_298_gc2500_rp0.02_mr12E-5_ss200.fa	18	11.094	11.819	90.464
long_content_30k_001/long30k_299_gc4000_rp0.02_mr8E-5_ss100.fa	8	4.645	1.599	91.981
long_content_30k_001/long30k_300_gc3250_rp0.02_mr4E-5_ss50.fa	30	2.916	2.916	97.869
long_content_30k_001/long30k_301_gc2500_rp0.01_mr12E-5_ss200.fa	8	3.921	3.552	97.548
long_content_30k_001/long30k_302_gc2500_rp0.005_mr8E-5_ss100.fa	0	0.000	0.000	0.000
long_content_30k_001/long30k_303_gc3250_rp0.005_mr12E-5_ss200.fa	16	10.266	10.266	91.270
long_content_30k_001/long30k_304_gc4000_rp0.005_mr8E-5_ss50.fa	17	6.765	7.379	92.596
long_content_30k_001/long30k_305_gc3250_rp0.02_mr8E-5_ss200.fa	30	4.155	3.215	92.310
long_content_30k_001/long30k_306_gc2500_rp0.005_mr12E-5_ss100.fa	1	7.273	7.273	94.397
long_content_30k_001/long30k_307_gc4000_rp0.02_mr8E-5_ss200.fa	16	8.610	9.421	95.158
long_content_30k_001/long30k_308_gc2500_rp0.02_mr4E-5_ss200.fa	18	1.832	1.867	97.275
long_content_30k_001/long30k_309_gc2500_rp0.02_mr12E-5_ss50.fa	19	3.595	3.704	95.460
long_content_30k_001/long30k_310_gc4000_rp0.01_mr8E-5_ss100.fa	30	4.409	4.555	97.106
long_content_30k_001/long30k_311_gc2500_rp0.01_mr8E-5_ss100.fa	5	3.393	4.754	97.288
long_content_30k_001/long30k_312_gc4000_rp0.02_mr12E-5_ss100.fa	30	2.028	0.543	94.183
long_content_30k_001/long30k_313_gc2500_rp0.01_mr4E-5_ss50.fa	0	0.000	0.000	0.000
long_content_30k_001/long30k_314_gc2500_rp0.01_mr8E-5_ss50.fa	6	7.741	7.498	90.878
long_content_30k_001/long30k_315_gc3250_rp0.005_mr4E-5_ss200.fa	0	0.000	0.000	0.000
long_content_30k_001/long30k_316_gc4000_rp0.02_mr4E-5_ss100.fa	2	2.521	2.521	97.730
long_content_30k_001/long30k_317_gc3250_rp0.02_mr4E-5_ss200.fa	6	3.635	3.599	96.655
long_content_30k_001/long30k_318_gc3250_rp0.02_mr12E-5_ss100.fa	12	6.980	7.371	92.556
long_content_30k_001/long30k_319_gc2500_rp0.01_mr12E-5_ss100.fa	1	6.973	6.973	96.178
long_content_30k_001/long30k_320_gc4000_rp0.01_mr8E-5_ss200.fa	3	3.269	2.184	96.804
long_content_30k_001/long30k_321_gc4000_rp0.01_mr4E-5_ss50.fa	0	0.000	0.000	0.000
long_content_30k_001/long30k_322_gc2500_rp0.02_mr4E-5_ss50.fa	0	0.000	0.000	0.000
long_content_30k_001/long30k_323_gc3250_rp0.01_mr4E-5_ss100.fa	6	3.418	3.418	97.039
long_content_30k_001/long30k_324_gc4000_rp0.01_mr12E-5_ss50.fa	5	6.043	6.169	93.458
long_content_30k_001/long30k_325_gc3250_rp0.01_mr8E-5_ss100.fa	30	2.130	2.030	94.367
long_content_30k_001/long30k_326_gc2500_rp0.005_mr12E-5_ss200.fa	0	0.000	0.000	0.000
long_content_30k_001/long30k_327_gc4000_rp0.02_mr8E-5_ss50.fa	2	6.147	6.147	91.100
long_content_30k_001/long30k_328_gc3250_rp0.01_mr12E-5_ss200.fa	0	0.000	0.000	0.000
long_content_30k_001/long30k_329_gc3250_rp0.01_mr4E-5_ss200.fa	13	2.956	3.011	96.414
long_content_30k_001/long30k_330_gc2500_rp0.02_mr4E-5_ss100.fa	14	1.000	1.000	99.236
long_content_30k_001/long30k_331_gc2500_rp0.005_mr4E-5_ss100.fa	0	0.000	0.000	0.000
long_content_30k_001/long30k_332_gc2500_rp0.005_mr8E-5_ss50.fa	1	2.207	2.207	97.127
long_content_30k_001/long30k_333_gc3250_rp0.005_mr4E-5_ss100.fa	0	0.000	0.000	0.000
long_content_30k_001/long30k_334_gc2500_rp0.02_mr8E-5_ss200.fa	30	5.762	7.975	93.326
long_content_30k_001/long30k_335_gc3250_rp0.005_mr8E-5_ss50.fa	6	4.178	4.178	95.954
long_content_30k_001/long30k_336_gc3250_rp0.02_mr4E-5_ss100.fa	0	0.000	0.000	0.000
long_content_30k_001/long30k_337_gc3250_rp0.005_mr12E-5_ss50.fa	0	0.000	0.000	0.000
long_content_30k_001/long30k_338_gc4000_rp0.02_mr12E-5_ss50.fa	7	7.746	7.957	90.743
long_content_30k_001/long30k_339_gc4000_rp0.01_mr4E-5_ss100.fa	30	2.171	1.868	96.972
long_content_30k_001/long30k_340_gc4000_rp0.005_mr12E-5_ss50.fa	0	0.000	0.000	0.000
long_content_30k_001/long30k_341_gc3250_rp0.005_mr8E-5_ss200.fa	0	0.000	0.000	0.000
long_content_30k_001/long30k_342_gc2500_rp0.01_mr8E-5_ss200.fa	30	3.138	3.090	97.313
long_content_30k_001/long30k_343_gc4000_rp0.005_mr8E-5_ss200.fa	3	2.873	2.873	97.279
long_content_30k_001/long30k_344_gc4000_rp0.005_mr12E-5_ss200.fa	0	0.000	0.000	0.000
long_content_30k_001/long30k_345_gc4000_rp0.005_mr8E-5_ss100.fa	0	0.000	0.000	0.000
long_content_30k_001/long30k_346_gc4000_rp0.01_mr12E-5_ss100.fa	0	0.000	0.000	0.000
long_content_30k_001/long30k_347_gc3250_rp0.01_mr8E-5_ss200.fa	19	4.890	4.883	92.624
long_content_30k_001/long30k_348_gc3250_rp0.02_mr12E-5_ss200.fa	29	3.612	4.198	95.639
long_content_30k_001/long30k_349_gc2500_rp0.01_mr4E-5_ss100.fa	2	2.597	2.597	96.856
long_content_30k_001/long30k_350_gc4000_rp0.01_mr4E-5_ss200.fa	0	0.000	0.000	0.000
long_content_30k_001/long30k_351_gc2500_rp0.005_mr4E-5_ss200.fa	0	0.000	0.000	0.000
long_content_30k_001/long30k_352_gc4000_rp0.005_mr4E-5_ss100.fa	0	0.000	0.000	0.000
long_content_30k_001/long30k_353_gc3250_rp0.005_mr12E-5_ss100.fa	29	8.082	8.513	92.874
long_content_30k_001/long30k_354_gc2500_rp0.01_mr4E-5_ss200.fa	1	2.581	2.581	97.250
long_content_30k_001/long30k_355_gc4000_rp0.02_mr4E-5_ss200.fa	14	2.919	2.863	97.326
long_content_30k_001/long30k_356_gc4000_rp0.02_mr4E-5_ss50.fa	16	7.679	7.760	93.502
long_content_30k_001/long30k_357_gc2500_rp0.005_mr4E-5_ss50.fa	0	0.000	0.000	0.000
long_content_30k_001/long30k_358_gc2500_rp0.02_mr8E-5_ss100.fa	30	2.647	2.931	94.929
long_content_30k_001/long30k_359_gc2500_rp0.01_mr12E-5_ss50.fa	5	3.698	3.698	96.462
long_content_30k_001/long30k_360_gc4000_rp0.005_mr4E-5_ss200.fa	0	0.000	0.000	0.000
long_content_30k_001/long30k_361_gc2500_rp0.005_mr12E-5_ss50.fa	0	0.000	0.000	0.000
long_content_30k_001/long30k_362_gc3250_rp0.02_mr12E-5_ss50.fa	9	5.755	5.755	86.429
long_content_30k_001/long30k_363_gc4000_rp0.02_mr12E-5_ss200.fa	30	6.888	3.325	89.693
long_content_30k_001/long30k_364_gc3250_rp0.01_mr12E-5_ss50.fa	8	8.461	8.461	84.572
long_content_30k_001/long30k_365_gc3250_rp0.02_mr8E-5_ss100.fa	17	10.209	10.825	92.367
long_content_30k_001/long30k_366_gc3250_rp0.01_mr4E-5_ss50.fa	11	1.737	1.445	97.826
long_content_30k_001/long30k_367_gc3250_rp0.005_mr8E-5_ss100.fa	14	5.398	5.398	95.237
long_content_30k_001/long30k_368_gc4000_rp0.01_mr8E-5_ss50.fa	2	2.528	2.528	96.391
long_content_30k_001/long30k_369_gc3250_rp0.01_mr8E-5_ss50.fa	0	0.000	0.000	0.000
long_content_30k_001/long30k_370_gc4000_rp0.005_mr12E-5_ss100.fa	0	0.000	0.000	0.000
long_content_30k_001/long30k_371_gc3250_rp0.02_mr8E-5_ss50.fa	30	5.313	4.960	94.269
long_content_30k_001/long30k_372_gc4000_rp0.01_mr12E-5_ss200.fa	26	1.697	1.697	97.175
long_content_30k_001/long30k_373_gc4000_rp0.005_mr4E-5_ss50.fa	0	0.000	0.000	0.000
long_content_30k_001/long30k_374_gc3250_rp0.005_mr4E-5_ss50.fa	8	1.793	1.793	98.612
long_content_30k_001/long30k_375_gc2500_rp0.005_mr8E-5_ss200.fa	0	0.000	0.000	0.000
long_content_30k_001/long30k_376_gc2500_rp0.02_mr12E-5_ss100.fa	21	7.806	7.846	95.216
long_content_30k_001/long30k_377_gc3250_rp0.01_mr12E-5_ss100.fa	5	9.043	9.043	92.323
long_content_30k_001/long30k_378_gc2500_rp0.02_mr8E-5_ss50.fa	1	0.833	0.833	99.463
long_content_30k_001/long30k_379_gc2500_rp0.02_mr12E-5_ss200.fa	30	3.414	2.448	90.025
long_content_30k_001/long30k_380_gc4000_rp0.02_mr8E-5_ss100.fa	14	4.134	3.354	92.118
long_content_30k_001/long30k_381_gc3250_rp0.02_mr4E-5_ss50.fa	0	0.000	0.000	0.000
long_content_30k_001/long30k_382_gc2500_rp0.01_mr12E-5_ss200.fa	0	0.000	0.000	0.000
long_content_30k_001/long30k_383_gc2500_rp0.005_mr8E-5_ss100.fa	9	1.008	1.007	97.588
long_content_30k_001/long30k_384_gc3250_rp0.005_mr12E-5_ss200.fa	0	0.000	0.000	0.000
long_content_30k_001/long30k_385_gc4000_rp0.005_mr8E-5_ss50.fa	0	0.000	0.000	0.000
long_content_30k_001/long30k_386_gc3250_rp0.02_mr8E-5_ss200.fa	2	8.907	8.907	93.044
long_content_30k_001/long30k_387_gc2500_rp0.005_mr12E-5_ss100.fa	30	11.916	8.584	87.199
long_content_30k_001/long30k_388_gc4000_rp0.02_mr8E-5_ss200.fa	30	6.043	6.044	94.738
long_content_30k_001/long30k_389_gc2500_rp0.02_mr4E-5_ss200.fa	7	0.754	0.447	96.336
long_content_30k_001/long30k_390_gc2500_rp0.02_mr12E-5_ss50.fa	7	6.660	8.298	95.032
long_content_30k_001/long30k_391_gc4000_rp0.01_mr8E-5_ss100.fa	22	3.316	3.435	96.909
long_content_30k_001/long30k_392_gc2500_rp0.01_mr8E-5_ss100.fa	12	11.781	11.783	90.514
long_content_30k_001/long30k_393_gc4000_rp0.02_mr12E-5_ss100.fa	30	1.740	1.736	95.236
long_content_30k_001/long30k_394_gc2500_rp0.01_mr4E-5_ss50.fa	0	0.000	0.000	0.000
long_content_30k_001/long30k_395_gc2500_rp0.01_mr8E-5_ss50.fa	7	3.680	3.680	96.312
long_content_30k_001/long30k_396_gc3250_rp0.005_mr4E-5_ss200.fa	0	0.000	0.000	0.000
long_content_30k_001/long30k_397_gc4000_rp0.02_mr4E-5_ss100.fa	6	1.662	0.823	96.248
long_content_30k_001/long30k_398_gc3250_rp0.02_mr4E-5_ss200.fa	20	1.597	1.719	98.165
long_content_30k_001/long30k_399_gc3250_rp0.02_mr12E-5_ss100.fa	24	9.680	10.106	91.468
long_content_30k_001/long30k_400_gc2500_rp0.01_mr12E-5_ss100.fa	10	5.056	5.056	95.471
long_content_30k_001/long30k_401_gc4000_rp0.01_mr8E-5_ss200.fa	30	4.452	2.174	92.277
long_content_30k_001/long30k_402_gc4000_rp0.01_mr4E-5_ss50.fa	5	1.540	1.540	97.909
long_content_30k_001/long30k_403_gc2500_rp0.02_mr4E-5_ss50.fa	30	2.315	2.206	96.240
long_content_30k_001/long30k_404_gc3250_rp0.01_mr4E-5_ss100.fa	30	2.159	2.050	97.472
long_content_30k_001/long30k_405_gc4000_rp0.01_mr12E-5_ss50.fa	4	3.197	3.199	96.950
long_content_30k_001/long30k_406_gc3250_rp0.01_mr8E-5_ss100.fa	0	0.000	0.000	0.000
long_content_30k_001/long30k_407_gc2500_rp0.005_mr12E-5_ss200.fa	0	0.000	0.000	0.000
long_content_30k_001/long30k_408_gc4000_rp0.02_mr8E-5_ss50.fa	5	2.630	2.861	96.519
long_content_30k_001/long30k_409_gc3250_rp0.01_mr12E-5_ss200.fa	30	7.890	7.688	86.470
long_content_30k_001/long30k_410_gc3250_rp0.01_mr4E-5_ss200.fa	4	0.612	0.612	99.427
long_content_30k_001/long30k_411_gc2500_rp0.02_mr4E-5_ss100.fa	30	3.906	5.682	94.906
long_content_30k_001/long30k_412_gc2500_rp0.005_mr4E-5_ss100.fa	30	3.472	2.481	92.268
long_content_30k_001/long30k_413_gc2500_rp0.005_mr8E-5_ss50.fa	3	3.426	3.389	96.411
long_content_30k_001/long30k_414_gc3250_rp0.005_mr4E-5_ss100.fa	14	1.671	1.671	98.338
long_content_30k_001/long30k_415_gc2500_rp0.02_mr8E-5_ss200.fa	5	5.646	5.646	94.829
long_content_30k_001/long30k_416_gc3250_rp0.005_mr8E-5_ss50.fa	0	0.000	0.000	0.000
long_content_30k_001/long30k_417_gc3250_rp0.02_mr4E-5_ss100.fa	7	5.059	5.020	95.694
long_content_30k_001/long30k_418_gc3250_rp0.005_mr12E-5_ss50.fa	8	10.218	10.218	91.900
long_content_30k_001/long30k_419_gc4000_rp0.02_mr12E-5_ss50.fa	12	7.415	7.474	92.049
long_content_30k_001/long30k_420_gc4000_rp0.01_mr4E-5_ss100.fa	14	6.092	6.093	93.940
long_content_30k_001/long30k_421_gc4000_rp0.005_mr12E-5_ss50.fa	6	10.581	10.581	94.425
long_content_30k_001/long30k_422_gc3250_rp0.005_mr8E-5_ss200.fa	1	5.679	5.679	96.937
long_content_30k_001/long30k_423_gc2500_rp0.01_mr8E-5_ss200.fa	0	0.000	0.000	0.000
long_content_30k_001/long30k_424_gc4000_rp0.005_mr8E-5_ss200.fa	3	5.733	5.733	95.245
long_content_30k_001/long30k_425_gc4000_rp0.005_mr12E-5_ss200.fa	0	0.000	0.000	0.000
long_content_30k_001/long30k_426_gc4000_rp0.005_mr8E-5_ss100.fa	5	2.266	2.699	97.706
long_content_30k_001/long30k_427_gc4000_rp0.01_mr12E-5_ss100.fa	30	10.730	12.644	91.652
long_content_30k_001/long30k_428_gc3250_rp0.01_mr8E-5_ss200.fa	30	4.892	4.510	94.848
long_content_30k_001/long30k_429_gc3250_rp0.02_mr12E-5_ss200.fa	20	9.631	10.416	91.468
long_content_30k_001/long30k_430_gc2500_rp0.01_mr4E-5_ss100.fa	1	0.886	0.886	99.554
long_content_30k_001/long30k_431_gc4000_rp0.01_mr4E-5_ss200.fa	0	0.000	0.000	0.000
long_content_30k_001/long30k_432_gc2500_rp0.005_mr4E-5_ss200.fa	3	0.900	0.900	99.497
long_content_30k_001/long30k_433_gc4000_rp0.005_mr4E-5_ss100.fa	1	1.754	1.754	97.230
long_content_30k_001/long30k_434_gc3250_rp0.005_mr12E-5_ss100.fa	30	6.598	6.589	92.173
long_content_30k_001/long30k_435_gc2500_rp0.01_mr4E-5_ss200.fa	3	0.934	0.934	98.473
long_content_30k_001/long30k_436_gc4000_rp0.02_mr4E-5_ss200.fa	14	1.851	1.263	97.252
long_content_30k_001/long30k_437_gc4000_rp0.02_mr4E-5_ss50.fa	30	1.889	1.085	93.644
long_content_30k_001/long30k_438_gc2500_rp0.005_mr4E-5_ss50.fa	27	1.425	1.425	99.030
long_content_30k_001/long30k_439_gc2500_rp0.02_mr8E-5_ss100.fa	7	6.907	6.662	93.792
long_content_30k_001/long30k_440_gc2500_rp0.01_mr12E-5_ss50.fa	20	9.519	4.362	85.714
long_content_30k_001/long30k_441_gc4000_rp0.005_mr4E-5_ss200.fa	0	0.000	0.000	0.000
long_content_30k_001/long30k_442_gc2500_rp0.005_mr12E-5_ss50.fa	0	0.000	0.000	0.000
long_content_30k_001/long30k_443_gc3250_rp0.02_mr12E-5_ss50.fa	23	3.232	2.722	92.660
long_content_30k_001/long30k_444_gc4000_rp0.02_mr12E-5_ss200.fa	3	3.466	3.463	96.413
long_content_30k_001/long30k_445_gc3250_rp0.01_mr12E-5_ss50.fa	9	5.764	5.764	94.950
long_content_30k_001/long30k_446_gc3250_rp0.02_mr8E-5_ss100.fa	5	7.045	7.929	93.984
long_content_30k_001/long30k_447_gc3250_rp0.01_mr4E-5_ss50.fa	12	1.272	1.047	95.399
long_content_30k_001/long30k_448_gc3250_rp0.005_mr8E-5_ss100.fa	0	0.000	0.000	0.000
long_content_30k_001/long30k_449_gc4000_rp0.01_mr8E-5_ss50.fa	30	4.079	3.364	95.332
long_content_30k_001/long30k_450_gc3250_rp0.01_mr8E-5_ss50.fa	14	3.645	1.477	89.502
long_content_30k_001/long30k_451_gc4000_rp0.005_mr12E-5_ss100.fa	8	4.237	4.247	95.800
long_content_30k_001/long30k_452_gc3250_rp0.02_mr8E-5_ss50.fa	0	0.000	0.000	0.000
long_content_30k_001/long30k_453_gc4000_rp0.01_mr12E-5_ss200.fa	16	3.408	3.217	96.135
long_content_30k_001/long30k_454_gc4000_rp0.005_mr4E-5_ss50.fa	0	0.000	0.000	0.000
long_content_30k_001/long30k_455_gc3250_rp0.005_mr4E-5_ss50.fa	4	0.991	0.991	98.472
long_content_30k_001/long30k_456_gc2500_rp0.005_mr8E-5_ss200.fa	0	0.000	0.000	0.000
long_content_30k_001/long30k_457_gc2500_rp0.02_mr12E-5_ss100.fa	5	3.426	3.571	96.565
long_content_30k_001/long30k_458_gc3250_rp0.01_mr12E-5_ss100.fa	30	6.096	6.249	94.462
long_content_30k_001/long30k_459_gc2500_rp0.02_mr8E-5_ss50.fa	14	5.094	6.306	94.180
long_content_30k_001/long30k_460_gc2500_rp0.02_mr12E-5_ss200.fa	0	0.000	0.000	0.000
long_content_30k_001/long30k_461_gc4000_rp0.02_mr8E-5_ss100.fa	18	3.602	2.975	94.774
long_content_30k_001/long30k_462_gc3250_rp0.02_mr4E-5_ss50.fa	12	5.057	5.416	95.815
long_content_30k_001/long30k_463_gc2500_rp0.01_mr12E-5_ss200.fa	30	10.130	10.354	86.119
long_content_30k_001/long30k_464_gc2500_rp0.005_mr8E-5_ss100.fa	0	0.000	0.000	0.000
long_content_30k_001/long30k_465_gc3250_rp0.005_mr12E-5_ss200.fa	11	5.040	5.070	95.739
long_content_30k_001/long30k_466_gc4000_rp0.005_mr8E-5_ss50.fa	5	2.935	2.937	97.042
long_content_30k_001/long30k_467_gc3250_rp0.02_mr8E-5_ss200.fa	7	9.703	9.092	93.044
long_content_30k_001/long30k_468_gc2500_rp0.005_mr12E-5_ss100.fa	27	4.892	4.875	90.541
long_content_30k_001/long30k_469_gc4000_rp0.02_mr8E-5_ss200.fa	1	4.951	4.951	95.590
long_content_30k_001/long30k_470_gc2500_rp0.02_mr4E-5_ss200.fa	30	2.330	2.402	97.072
long_content_30k_001/long30k_471_gc2500_rp0.02_mr12E-5_ss50.fa	30	5.722	5.267	89.246
long_content_30k_001/long30k_472_gc4000_rp0.01_mr8E-5_ss100.fa	0	0.000	0.000	0.000
long_content_30k_001/long30k_473_gc2500_rp0.01_mr8E-5_ss100.fa	0	0.000	0.000	0.000
long_content_30k_001/long30k_474_gc4000_rp0.02_mr12E-5_ss100.fa	30	3.240	2.450	89.430
long_content_30k_001/long30k_475_gc2500_rp0.01_mr4E-5_ss50.fa	0	0.000	0.000	0.000
long_content_30k_001/long30k_476_gc2500_rp0.01_mr8E-5_ss50.fa	2	8.293	8.293	94.501
long_content_30k_001/long30k_477_gc3250_rp0.005_mr4E-5_ss200.fa	0	0.000	0.000	0.000
long_content_30k_001/long30k_478_gc4000_rp0.02_mr4E-5_ss100.fa	0	0.000	0.000	0.000
long_content_30k_001/long30k_479_gc3250_rp0.02_mr4E-5_ss200.fa	21	2.434	2.434	97.176
long_content_30k_001/long30k_480_gc3250_rp0.02_mr12E-5_ss100.fa	30	6.514	6.738	93.105
long_content_30k_001/long30k_481_gc2500_rp0.01_mr12E-5_ss100.fa	4	9.858	9.858	91.404
long_content_30k_001/long30k_482_gc4000_rp0.01_mr8E-5_ss200.fa	9	9.467	9.949	93.326
long_content_30k_001/long30k_483_gc4000_rp0.01_mr4E-5_ss50.fa	1	1.140	1.140	99.356
long_content_30k_001/long30k_484_gc2500_rp0.02_mr4E-5_ss50.fa	0	0.000	0.000	0.000
long_content_30k_001/long30k_485_gc3250_rp0.01_mr4E-5_ss100.fa	0	0.000	0.000	0.000
long_content_30k_001/long30k_486_gc4000_rp0.01_mr12E-5_ss50.fa	0	0.000	0.000	0.000
long_content_30k_001/long30k_487_gc3250_rp0.01_mr8E-5_ss100.fa	23	2.692	2.693	96.707
long_content_30k_001/long30k_488_gc2500_rp0.005_mr12E-5_ss200.fa	23	3.351	3.351	97.322
long_content_30k_001/long30k_489_gc4000_rp0.02_mr8E-5_ss50.fa	7	5.268	5.273	94.864
long_content_30k_001/long30k_490_gc3250_rp0.01_mr12E-5_ss200.fa	0	0.000	0.000	0.000
long_content_30k_001/long30k_491_gc3250_rp0.01_mr4E-5_ss200.fa	4	3.277	3.277	98.208
long_content_30k_001/long30k_492_gc2500_rp0.02_mr4E-5_ss100.fa	10	2.757	3.219	96.802
long_content_30k_001/long30k_493_gc2500_rp0.005_mr4E-5_ss100.fa	5	1.719	1.719	98.288
long_content_30k_001/long30k_494_gc2500_rp0.005_mr8E-5_ss50.fa	0	0.000	0.000	0.000
long_content_30k_001/long30k_495_gc3250_rp0.005_mr4E-5_ss100.fa	0	0.000	0.000	0.000
long_content_30k_001/long30k_496_gc2500_rp0.02_mr8E-5_ss200.fa	14	2.050	1.546	97.786
long_content_30k_001/long30k_497_gc3250_rp0.005_mr8E-5_ss50.fa	0	0.000	0.000	0.000
long_content_30k_001/long30k_498_gc3250_rp0.02_mr4E-5_ss100.fa	9	0.625	0.290	96.863
long_content_30k_001/long30k_499_gc3250_rp0.005_mr12E-5_ss50.fa	0	0.000	0.000	0.000
long_content_30k_001/long30k_500_gc4000_rp0.02_mr12E-5_ss50.fa	12	5.713	3.033	92.512
long_content_30k_002/lc30k002_001_gc3300_rp0.05_mr1.14E-4_ss100.fa	30	6.024	3.674	90.841
long_content_30k_002/lc30k002_002_gc3300_rp0.07_mr1.14E-4_ss100.fa	26	11.256	8.041	88.456
long_content_30k_002/lc30k002_003_gc3300_rp0.10_mr1.14E-4_ss200.fa	5	7.313	6.996	91.091
long_content_30k_002/lc30k002_004_gc3300_rp0.15_mr1.14E-4_ss100.fa	20	4.338	3.719	94.185
long_content_30k_002/lc30k002_005_gc3300_rp0.15_mr1.14E-4_ss200.fa	29	6.529	8.358	91.981
long_content_30k_002/lc30k002_006_gc3300_rp0.07_mr1.14E-4_ss200.fa	9	3.021	3.549	95.585
long_content_30k_002/lc30k002_007_gc3300_rp0.05_mr1.14E-4_ss200.fa	16	7.341	10.019	92.072
long_content_30k_002/lc30k002_008_gc3300_rp0.10_mr1.14E-4_ss100.fa	22	2.408	1.043	93.557
long_content_30k_002/lc30k002_009_gc3300_rp0.05_mr1.14E-4_ss100.fa	19	6.075	6.445	93.013
long_content_30k_002/lc30k002_010_gc3300_rp0.07_mr1.14E-4_ss100.fa	30	3.979	5.509	93.873
long_content_30k_002/lc30k002_011_gc3300_rp0.10_mr1.14E-4_ss200.fa	6	6.860	8.089	92.389
long_content_30k_002/lc30k002_012_gc3300_rp0.15_mr1.14E-4_ss100.fa	12	5.765	6.192	91.741
long_content_30k_002/lc30k002_013_gc3300_rp0.15_mr1.14E-4_ss200.fa	15	7.211	5.896	93.575
long_content_30k_002/lc30k002_014_gc3300_rp0.07_mr1.14E-4_ss200.fa	21	2.388	1.841	94.941
long_content_30k_002/lc30k002_015_gc3300_rp0.05_mr1.14E-4_ss200.fa	29	6.339	5.862	93.783
long_content_30k_002/lc30k002_016_gc3300_rp0.10_mr1.14E-4_ss100.fa	13	4.453	5.824	93.871
long_content_30k_002/lc30k002_017_gc3300_rp0.05_mr1.14E-4_ss100.fa	24	6.238	6.388	92.781
long_content_30k_002/lc30k002_018_gc3300_rp0.07_mr1.14E-4_ss100.fa	18	8.295	8.968	93.672
long_content_30k_002/lc30k002_019_gc3300_rp0.10_mr1.14E-4_ss200.fa	15	3.437	1.378	93.272
long_content_30k_002/lc30k002_020_gc3300_rp0.15_mr1.14E-4_ss100.fa	18	2.449	1.464	94.969
long_content_30k_002/lc30k002_021_gc3300_rp0.15_mr1.14E-4_ss200.fa	22	5.347	6.060	95.370
long_content_30k_002/lc30k002_022_gc3300_rp0.07_mr1.14E-4_ss200.fa	30	2.557	2.697	95.999
long_content_30k_002/lc30k002_023_gc3300_rp0.05_mr1.14E-4_ss200.fa	30	4.062	4.556	96.125
long_content_30k_002/lc30k002_024_gc3300_rp0.10_mr1.14E-4_ss100.fa	30	5.439	5.184	95.109
long_content_30k_002/lc30k002_025_gc3300_rp0.05_mr1.14E-4_ss100.fa	13	4.218	5.632	95.814
long_content_30k_002/lc30k002_026_gc3300_rp0.07_mr1.14E-4_ss100.fa	11	9.428	9.507	91.719
long_content_30k_002/lc30k002_027_gc3300_rp0.10_mr1.14E-4_ss200.fa	9	3.062	2.569	95.939
long_content_30k_002/lc30k002_028_gc3300_rp0.15_mr1.14E-4_ss100.fa	7	6.854	9.411	94.071
long_content_30k_002/lc30k002_029_gc3300_rp0.15_mr1.14E-4_ss200.fa	26	2.792	2.946	96.608
long_content_30k_002/lc30k002_030_gc3300_rp0.07_mr1.14E-4_ss200.fa	23	5.286	5.408	94.074
long_content_30k_002/lc30k002_031_gc3300_rp0.05_mr1.14E-4_ss200.fa	29	5.293	5.909	94.202
long_content_30k_002/lc30k002_032_gc3300_rp0.10_mr1.14E-4_ss100.fa	9	4.957	3.842	92.699
long_content_30k_002/lc30k002_033_gc3300_rp0.05_mr1.14E-4_ss100.fa	30	5.687	5.495	95.129
long_content_30k_002/lc30k002_034_gc3300_rp0.07_mr1.14E-4_ss100.fa	18	3.211	4.175	94.058
long_content_30k_002/lc30k002_035_gc3300_rp0.10_mr1.14E-4_ss200.fa	9	6.839	8.042	92.433
long_content_30k_002/lc30k002_036_gc3300_rp0.15_mr1.14E-4_ss100.fa	29	4.691	4.982	95.502
long_content_30k_002/lc30k002_037_gc3300_rp0.15_mr1.14E-4_ss200.fa	15	5.212	4.980	93.821
long_content_30k_002/lc30k002_038_gc3300_rp0.07_mr1.14E-4_ss200.fa	30	3.723	1.209	93.505
long_content_30k_002/lc30k002_039_gc3300_rp0.05_mr1.14E-4_ss200.fa	30	3.700	3.824	96.445
long_content_30k_002/lc30k002_040_gc3300_rp0.10_mr1.14E-4_ss100.fa	14	8.033	10.947	91.817
long_content_30k_002/lc30k002_041_gc3300_rp0.05_mr1.14E-4_ss100.fa	30	8.534	8.665	91.664
long_content_30k_002/lc30k002_042_gc3300_rp0.07_mr1.14E-4_ss100.fa	30	4.188	1.895	94.672
long_content_30k_002/lc30k002_043_gc3300_rp0.10_mr1.14E-4_ss200.fa	12	3.827	1.697	93.952
long_content_30k_002/lc30k002_044_gc3300_rp0.15_mr1.14E-4_ss100.fa	10	5.383	6.883	93.588
long_content_30k_002/lc30k002_045_gc3300_rp0.15_mr1.14E-4_ss200.fa	16	3.058	2.627	94.574
long_content_30k_002/lc30k002_046_gc3300_rp0.07_mr1.14E-4_ss200.fa	13	11.751	12.099	88.133
long_content_30k_002/lc30k002_047_gc3300_rp0.05_mr1.14E-4_ss200.fa	18	8.359	9.721	93.212
long_content_30k_002/lc30k002_048_gc3300_rp0.10_mr1.14E-4_ss100.fa	15	5.209	6.529	94.323
long_content_30k_002/lc30k002_049_gc3300_rp0.05_mr1.14E-4_ss100.fa	11	4.790	5.149	94.173
long_content_30k_002/lc30k002_050_gc3300_rp0.07_mr1.14E-4_ss100.fa	14	6.228	7.621	91.701
long_content_30k_002/lc30k002_051_gc3300_rp0.10_mr1.14E-4_ss200.fa	14	8.142	8.224	91.575
long_content_30k_002/lc30k002_052_gc3300_rp0.15_mr1.14E-4_ss100.fa	20	4.239	5.131	94.023
long_content_30k_002/lc30k002_053_gc3300_rp0.15_mr1.14E-4_ss200.fa	12	10.004	9.788	92.325
long_content_30k_002/lc30k002_054_gc3300_rp0.07_mr1.14E-4_ss200.fa	17	7.000	8.862	93.879
long_content_30k_002/lc30k002_055_gc3300_rp0.05_mr1.14E-4_ss200.fa	30	4.062	4.057	96.023
long_content_30k_002/lc30k002_056_gc3300_rp0.10_mr1.14E-4_ss100.fa	19	7.577	7.702	93.829
long_content_30k_002/lc30k002_057_gc3300_rp0.05_mr1.14E-4_ss100.fa	17	4.486	1.759	86.700
long_content_30k_002/lc30k002_058_gc3300_rp0.07_mr1.14E-4_ss100.fa	23	5.475	5.824	94.820
long_content_30k_002/lc30k002_059_gc3300_rp0.10_mr1.14E-4_ss200.fa	22	4.534	4.707	94.896
long_content_30k_002/lc30k002_060_gc3300_rp0.15_mr1.14E-4_ss100.fa	7	4.316	4.411	93.737
long_content_30k_002/lc30k002_061_gc3300_rp0.15_mr1.14E-4_ss200.fa	17	4.915	4.658	93.991
long_content_30k_002/lc30k002_062_gc3300_rp0.07_mr1.14E-4_ss200.fa	30	3.964	5.118	94.990
long_content_30k_002/lc30k002_063_gc3300_rp0.05_mr1.14E-4_ss200.fa	30	4.103	4.167	95.706
long_content_30k_002/lc30k002_064_gc3300_rp0.10_mr1.14E-4_ss100.fa	17	5.732	4.976	92.716
long_content_30k_002/lc30k002_065_gc3300_rp0.05_mr1.14E-4_ss100.fa	18	3.304	2.617	90.181
long_content_30k_002/lc30k002_066_gc3300_rp0.07_mr1.14E-4_ss100.fa	25	4.429	5.111	95.106
long_content_30k_002/lc30k002_067_gc3300_rp0.10_mr1.14E-4_ss200.fa	26	3.207	2.291	95.278
long_content_30k_002/lc30k002_068_gc3300_rp0.15_mr1.14E-4_ss100.fa	15	5.188	4.508	95.131
long_content_30k_002/lc30k002_069_gc3300_rp0.15_mr1.14E-4_ss200.fa	19	7.758	6.948	91.867
long_content_30k_002/lc30k002_070_gc3300_rp0.07_mr1.14E-4_ss200.fa	16	5.043	6.906	94.087
long_content_30k_002/lc30k002_071_gc3300_rp0.05_mr1.14E-4_ss200.fa	19	4.646	4.815	92.227
long_content_30k_002/lc30k002_072_gc3300_rp0.10_mr1.14E-4_ss100.fa	28	4.355	4.001	94.597
long_content_30k_002/lc30k002_073_gc3300_rp0.05_mr1.14E-4_ss100.fa	28	6.067	6.177	94.423
long_content_30k_002/lc30k002_074_gc3300_rp0.07_mr1.14E-4_ss100.fa	30	5.650	4.860	93.872
long_content_30k_002/lc30k002_075_gc3300_rp0.10_mr1.14E-4_ss200.fa	13	3.769	3.374	93.779
long_content_30k_002/lc30k002_076_gc3300_rp0.15_mr1.14E-4_ss100.fa	18	5.371	4.859	94.384
long_content_30k_002/lc30k002_077_gc3300_rp0.15_mr1.14E-4_ss200.fa	22	8.529	9.265	91.791
long_content_30k_002/lc30k002_078_gc3300_rp0.07_mr1.14E-4_ss200.fa	10	6.344	7.292	92.290
long_content_30k_002/lc30k002_079_gc3300_rp0.05_mr1.14E-4_ss200.fa	30	3.574	3.328	94.116
long_content_30k_002/lc30k002_080_gc3300_rp0.10_mr1.14E-4_ss100.fa	24	5.279	5.757	93.380
long_content_30k_002/lc30k002_081_gc3300_rp0.05_mr1.14E-4_ss100.fa	30	1.307	0.736	95.498
long_content_30k_002/lc30k002_082_gc3300_rp0.07_mr1.14E-4_ss100.fa	27	4.384	5.104	92.125
long_content_30k_002/lc30k002_083_gc3300_rp0.10_mr1.14E-4_ss200.fa	15	2.916	2.057	91.354
long_content_30k_002/lc30k002_084_gc3300_rp0.15_mr1.14E-4_ss100.fa	11	3.543	2.672	94.704
long_content_30k_002/lc30k002_085_gc3300_rp0.15_mr1.14E-4_ss200.fa	18	4.600	5.268	92.588
long_content_30k_002/lc30k002_086_gc3300_rp0.07_mr1.14E-4_ss200.fa	11	2.382	2.591	94.239
long_content_30k_002/lc30k002_087_gc3300_rp0.05_mr1.14E-4_ss200.fa	30	2.928	3.008	96.785
long_content_30k_002/lc30k002_088_gc3300_rp0.10_mr1.14E-4_ss100.fa	25	3.133	2.954	96.688
long_content_30k_002/lc30k002_089_gc3300_rp0.05_mr1.14E-4_ss100.fa	12	8.649	8.100	91.311
long_content_30k_002/lc30k002_090_gc3300_rp0.07_mr1.14E-4_ss100.fa	28	5.533	5.644	93.817
long_content_30k_002/lc30k002_091_gc3300_rp0.10_mr1.14E-4_ss200.fa	23	3.343	2.889	93.265
long_content_30k_002/lc30k002_092_gc3300_rp0.15_mr1.14E-4_ss100.fa	6	9.519	10.011	90.864
long_content_30k_002/lc30k002_093_gc3300_rp0.15_mr1.14E-4_ss200.fa	28	2.351	2.561	96.333
long_content_30k_002/lc30k002_094_gc3300_rp0.07_mr1.14E-4_ss200.fa	28	4.648	5.376	94.808
long_content_30k_002/lc30k002_095_gc3300_rp0.05_mr1.14E-4_ss200.fa	22	1.674	1.911	96.861
long_content_30k_002/lc30k002_096_gc3300_rp0.10_mr1.14E-4_ss100.fa	19	6.079	4.652	93.329
long_content_30k_002/lc30k002_097_gc3300_rp0.05_mr1.14E-4_ss100.fa	8	8.573	10.043	89.310
long_content_30k_002/lc30k002_098_gc3300_rp0.07_mr1.14E-4_ss100.fa	23	4.175	2.013	91.574
long_content_30k_002/lc30k002_099_gc3300_rp0.10_mr1.14E-4_ss200.fa	27	8.162	9.805	91.744
long_content_30k_002/lc30k002_1000_gc3300_rp0.10_mr1.14E-4_ss100.fa	28	4.365	4.397	95.411
long_content_30k_002/lc30k002_1001_gc3300_rp0.05_mr1.14E-4_ss100.fa	24	2.819	3.583	96.703
long_content_30k_002/lc30k002_1002_gc3300_rp0.07_mr1.14E-4_ss100.fa	17	6.452	7.252	93.722
long_content_30k_002/lc30k002_1003_gc3300_rp0.10_mr1.14E-4_ss200.fa	12	2.277	1.554	95.691
long_content_30k_002/lc30k002_1004_gc3300_rp0.15_mr1.14E-4_ss100.fa	5	4.035	3.816	94.795
long_content_30k_002/lc30k002_1005_gc3300_rp0.15_mr1.14E-4_ss200.fa	10	4.691	5.159	93.157
long_content_30k_002/lc30k002_1006_gc3300_rp0.07_mr1.14E-4_ss200.fa	11	4.364	2.336	93.797
long_content_30k_002/lc30k002_1007_gc3300_rp0.05_mr1.14E-4_ss200.fa	30	5.161	4.843	93.751
long_content_30k_002/lc30k002_1008_gc3300_rp0.10_mr1.14E-4_ss100.fa	20	4.954	5.206	95.912
long_content_30k_002/lc30k002_1009_gc3300_rp0.05_mr1.14E-4_ss100.fa	14	2.058	1.816	98.157
long_content_30k_002/lc30k002_100_gc3300_rp0.15_mr1.14E-4_ss100.fa	27	2.796	3.036	96.728
long_content_30k_002/lc30k002_1010_gc3300_rp0.07_mr1.14E-4_ss100.fa	19	4.308	4.229	94.404
long_content_30k_002/lc30k002_1011_gc3300_rp0.10_mr1.14E-4_ss200.fa	24	4.286	4.728	94.666
long_content_30k_002/lc30k002_1012_gc3300_rp0.15_mr1.14E-4_ss100.fa	2	3.627	3.627	94.685
long_content_30k_002/lc30k002_1013_gc3300_rp0.15_mr1.14E-4_ss200.fa	20	1.843	1.814	92.950
long_content_30k_002/lc30k002_1014_gc3300_rp0.07_mr1.14E-4_ss200.fa	11	8.789	8.254	90.890
long_content_30k_002/lc30k002_1015_gc3300_rp0.05_mr1.14E-4_ss200.fa	25	4.609	6.184	93.443
long_content_30k_002/lc30k002_1016_gc3300_rp0.10_mr1.14E-4_ss100.fa	13	4.557	5.341	95.121
long_content_30k_002/lc30k002_1017_gc3300_rp0.05_mr1.14E-4_ss100.fa	30	4.090	4.411	93.727
long_content_30k_002/lc30k002_1018_gc3300_rp0.07_mr1.14E-4_ss100.fa	13	5.899	9.042	93.246
long_content_30k_002/lc30k002_1019_gc3300_rp0.10_mr1.14E-4_ss200.fa	6	5.242	5.651	93.041
long_content_30k_002/lc30k002_101_gc3300_rp0.15_mr1.14E-4_ss200.fa	8	4.105	5.316	95.054
long_content_30k_002/lc30k002_1020_gc3300_rp0.15_mr1.14E-4_ss100.fa	11	4.949	3.093	90.721
long_content_30k_002/lc30k002_1021_gc3300_rp0.15_mr1.14E-4_ss200.fa	11	3.737	4.428	95.059
long_content_30k_002/lc30k002_1022_gc3300_rp0.07_mr1.14E-4_ss200.fa	30	1.700	1.704	96.844
long_content_30k_002/lc30k002_1023_gc3300_rp0.05_mr1.14E-4_ss200.fa	27	2.220	2.384	97.037
long_content_30k_002/lc30k002_1024_gc3300_rp0.10_mr1.14E-4_ss100.fa	16	8.300	8.939	90.316
long_content_30k_002/lc30k002_1025_gc3300_rp0.05_mr1.14E-4_ss100.fa	30	7.622	8.932	91.982
long_content_30k_002/lc30k002_1026_gc3300_rp0.07_mr1.14E-4_ss100.fa	20	13.499	15.073	88.761
long_content_30k_002/lc30k002_1027_gc3300_rp0.10_mr1.14E-4_ss200.fa	20	1.558	1.088	91.549
long_content_30k_002/lc30k002_1028_gc3300_rp0.15_mr1.14E-4_ss100.fa	18	3.595	3.776	95.306
long_content_30k_002/lc30k002_1029_gc3300_rp0.15_mr1.14E-4_ss200.fa	12	3.854	1.329	92.630
long_content_30k_002/lc30k002_102_gc3300_rp0.07_mr1.14E-4_ss200.fa	30	1.777	1.585	96.817
long_content_30k_002/lc30k002_1030_gc3300_rp0.07_mr1.14E-4_ss200.fa	19	10.875	11.689	90.963
long_content_30k_002/lc30k002_1031_gc3300_rp0.05_mr1.14E-4_ss200.fa	21	2.618	2.423	88.407
long_content_30k_002/lc30k002_1032_gc3300_rp0.10_mr1.14E-4_ss100.fa	12	7.229	8.742	93.174
long_content_30k_002/lc30k002_1033_gc3300_rp0.05_mr1.14E-4_ss100.fa	30	3.913	2.959	94.565
long_content_30k_002/lc30k002_1034_gc3300_rp0.07_mr1.14E-4_ss100.fa	29	4.642	5.232	95.018
long_content_30k_002/lc30k002_1035_gc3300_rp0.10_mr1.14E-4_ss200.fa	18	3.851	4.725	94.903
long_content_30k_002/lc30k002_1036_gc3300_rp0.15_mr1.14E-4_ss100.fa	9	3.659	1.453	93.868
long_content_30k_002/lc30k002_1037_gc3300_rp0.15_mr1.14E-4_ss200.fa	21	3.164	3.045	96.466
long_content_30k_002/lc30k002_1038_gc3300_rp0.07_mr1.14E-4_ss200.fa	28	2.553	2.665	96.051
long_content_30k_002/lc30k002_1039_gc3300_rp0.05_mr1.14E-4_ss200.fa	30	9.187	9.488	93.611
long_content_30k_002/lc30k002_103_gc3300_rp0.05_mr1.14E-4_ss200.fa	22	10.269	11.313	92.350
long_content_30k_002/lc30k002_1040_gc3300_rp0.10_mr1.14E-4_ss100.fa	29	2.689	3.103	96.421
long_content_30k_002/lc30k002_1041_gc3300_rp0.05_mr1.14E-4_ss100.fa	14	6.795	6.847	94.345
long_content_30k_002/lc30k002_1042_gc3300_rp0.07_mr1.14E-4_ss100.fa	17	5.012	6.113	91.877
long_content_30k_002/lc30k002_1043_gc3300_rp0.10_mr1.14E-4_ss200.fa	9	5.291	5.051	94.207
long_content_30k_002/lc30k002_1044_gc3300_rp0.15_mr1.14E-4_ss100.fa	18	1.647	1.238	95.592
long_content_30k_002/lc30k002_1045_gc3300_rp0.15_mr1.14E-4_ss200.fa	5	8.773	8.714	92.308
long_content_30k_002/lc30k002_1046_gc3300_rp0.07_mr1.14E-4_ss200.fa	9	6.551	6.511	94.437
long_content_30k_002/lc30k002_1047_gc3300_rp0.05_mr1.14E-4_ss200.fa	27	3.954	2.646	92.405
long_content_30k_002/lc30k002_1048_gc3300_rp0.10_mr1.14E-4_ss100.fa	24	4.032	2.731	95.401
long_content_30k_002/lc30k002_1049_gc3300_rp0.05_mr1.14E-4_ss100.fa	30	5.205	3.806	92.780
long_content_30k_002/lc30k002_104_gc3300_rp0.10_mr1.14E-4_ss100.fa	30	4.660	5.980	93.506
long_content_30k_002/lc30k002_1050_gc3300_rp0.07_mr1.14E-4_ss100.fa	28	9.712	10.257	92.517
long_content_30k_002/lc30k002_1051_gc3300_rp0.10_mr1.14E-4_ss200.fa	21	4.714	5.412	95.202
long_content_30k_002/lc30k002_1052_gc3300_rp0.15_mr1.14E-4_ss100.fa	18	4.234	4.992	95.432
long_content_30k_002/lc30k002_1053_gc3300_rp0.15_mr1.14E-4_ss200.fa	20	6.779	7.929	90.944
long_content_30k_002/lc30k002_1054_gc3300_rp0.07_mr1.14E-4_ss200.fa	18	5.706	5.755	93.350
long_content_30k_002/lc30k002_1055_gc3300_rp0.05_mr1.14E-4_ss200.fa	30	2.206	2.080	96.730
long_content_30k_002/lc30k002_1056_gc3300_rp0.10_mr1.14E-4_ss100.fa	23	4.634	5.388	93.602
long_content_30k_002/lc30k002_1057_gc3300_rp0.05_mr1.14E-4_ss100.fa	10	2.552	1.749	95.772
long_content_30k_002/lc30k002_1058_gc3300_rp0.07_mr1.14E-4_ss100.fa	11	3.936	4.471	95.050
long_content_30k_002/lc30k002_1059_gc3300_rp0.10_mr1.14E-4_ss200.fa	30	3.382	4.340	96.718
long_content_30k_002/lc30k002_105_gc3300_rp0.05_mr1.14E-4_ss100.fa	14	1.157	1.164	81.799
long_content_30k_002/lc30k002_1060_gc3300_rp0.15_mr1.14E-4_ss100.fa	16	6.699	8.332	94.097
long_content_30k_002/lc30k002_1061_gc3300_rp0.15_mr1.14E-4_ss200.fa	14	5.158	5.812	94.504
long_content_30k_002/lc30k002_1062_gc3300_rp0.07_mr1.14E-4_ss200.fa	30	3.702	3.568	95.087
long_content_30k_002/lc30k002_1063_gc3300_rp0.05_mr1.14E-4_ss200.fa	4	8.192	8.190	92.562
long_content_30k_002/lc30k002_1064_gc3300_rp0.10_mr1.14E-4_ss100.fa	24	3.295	3.507	96.631
long_content_30k_002/lc30k002_1065_gc3300_rp0.05_mr1.14E-4_ss100.fa	17	8.245	5.300	90.563
long_content_30k_002/lc30k002_1066_gc3300_rp0.07_mr1.14E-4_ss100.fa	13	9.235	8.789	92.026
long_content_30k_002/lc30k002_1067_gc3300_rp0.10_mr1.14E-4_ss200.fa	10	8.960	10.140	92.631
long_content_30k_002/lc30k002_1068_gc3300_rp0.15_mr1.14E-4_ss100.fa	12	6.044	6.730	93.062
long_content_30k_002/lc30k002_1069_gc3300_rp0.15_mr1.14E-4_ss200.fa	26	5.602	5.825	93.588
long_content_30k_002/lc30k002_106_gc3300_rp0.07_mr1.14E-4_ss100.fa	19	4.071	5.036	94.512
long_content_30k_002/lc30k002_1070_gc3300_rp0.07_mr1.14E-4_ss200.fa	26	8.530	9.980	91.407
long_content_30k_002/lc30k002_1071_gc3300_rp0.05_mr1.14E-4_ss200.fa	8	3.167	3.801	95.612
long_content_30k_002/lc30k002_1072_gc3300_rp0.10_mr1.14E-4_ss100.fa	18	6.904	7.286	93.317
long_content_30k_002/lc30k002_1073_gc3300_rp0.05_mr1.14E-4_ss100.fa	16	12.595	14.618	89.741
long_content_30k_002/lc30k002_1074_gc3300_rp0.07_mr1.14E-4_ss100.fa	27	4.508	4.748	94.358
long_content_30k_002/lc30k002_1075_gc3300_rp0.10_mr1.14E-4_ss200.fa	23	5.011	4.486	92.708
long_content_30k_002/lc30k002_1076_gc3300_rp0.15_mr1.14E-4_ss100.fa	4	5.224	5.845	93.956
long_content_30k_002/lc30k002_1077_gc3300_rp0.15_mr1.14E-4_ss200.fa	15	3.030	1.391	93.783
long_content_30k_002/lc30k002_1078_gc3300_rp0.07_mr1.14E-4_ss200.fa	21	3.783	3.029	94.800
long_content_30k_002/lc30k002_1079_gc3300_rp0.05_mr1.14E-4_ss200.fa	30	3.739	3.845	95.783
long_content_30k_002/lc30k002_107_gc3300_rp0.10_mr1.14E-4_ss200.fa	14	7.332	8.653	93.330
long_content_30k_002/lc30k002_1080_gc3300_rp0.10_mr1.14E-4_ss100.fa	30	3.611	4.235	96.002
long_content_30k_002/lc30k002_1081_gc3300_rp0.05_mr1.14E-4_ss100.fa	21	7.509	7.477	93.934
long_content_30k_002/lc30k002_1082_gc3300_rp0.07_mr1.14E-4_ss100.fa	19	3.228	4.171	92.692
long_content_30k_002/lc30k002_1083_gc3300_rp0.10_mr1.14E-4_ss200.fa	8	6.114	8.176	92.958
long_content_30k_002/lc30k002_1084_gc3300_rp0.15_mr1.14E-4_ss100.fa	5	6.707	6.918	92.590
long_content_30k_002/lc30k002_1085_gc3300_rp0.15_mr1.14E-4_ss200.fa	15	4.619	4.779	93.446
long_content_30k_002/lc30k002_1086_gc3300_rp0.07_mr1.14E-4_ss200.fa	30	5.009	6.255	92.973
long_content_30k_002/lc30k002_1087_gc3300_rp0.05_mr1.14E-4_ss200.fa	30	4.598	4.641	94.808
long_content_30k_002/lc30k002_1088_gc3300_rp0.10_mr1.14E-4_ss100.fa	6	4.994	6.115	91.589
long_content_30k_002/lc30k002_1089_gc3300_rp0.05_mr1.14E-4_ss100.fa	19	3.994	3.868	90.480
long_content_30k_002/lc30k002_108_gc3300_rp0.15_mr1.14E-4_ss100.fa	7	1.716	1.229	96.357
long_content_30k_002/lc30k002_1090_gc3300_rp0.07_mr1.14E-4_ss100.fa	8	3.557	1.441	93.281
long_content_30k_002/lc30k002_1091_gc3300_rp0.10_mr1.14E-4_ss200.fa	16	4.128	2.445	90.717
long_content_30k_002/lc30k002_1092_gc3300_rp0.15_mr1.14E-4_ss100.fa	10	3.398	4.059	96.100
long_content_30k_002/lc30k002_1093_gc3300_rp0.15_mr1.14E-4_ss200.fa	28	2.711	2.970	96.673
long_content_30k_002/lc30k002_1094_gc3300_rp0.07_mr1.14E-4_ss200.fa	5	9.015	9.080	93.446
long_content_30k_002/lc30k002_1095_gc3300_rp0.05_mr1.14E-4_ss200.fa	30	4.042	3.717	95.025
long_content_30k_002/lc30k002_1096_gc3300_rp0.10_mr1.14E-4_ss100.fa	19	3.050	4.007	95.702
long_content_30k_002/lc30k002_1097_gc3300_rp0.05_mr1.14E-4_ss100.fa	11	10.128	12.417	90.339
long_content_30k_002/lc30k002_1098_gc3300_rp0.07_mr1.14E-4_ss100.fa	16	6.170	5.421	93.929
long_content_30k_002/lc30k002_1099_gc3300_rp0.10_mr1.14E-4_ss200.fa	2	9.286	9.286	92.514
long_content_30k_002/lc30k002_109_gc3300_rp0.15_mr1.14E-4_ss200.fa	13	7.360	7.234	92.671
long_content_30k_002/lc30k002_1100_gc3300_rp0.15_mr1.14E-4_ss100.fa	14	2.776	2.495	95.559
long_content_30k_002/lc30k002_1101_gc3300_rp0.15_mr1.14E-4_ss200.fa	7	3.876	5.099	94.420
long_content_30k_002/lc30k002_1102_gc3300_rp0.07_mr1.14E-4_ss200.fa	16	6.410	7.359	92.391
long_content_30k_002/lc30k002_1103_gc3300_rp0.05_mr1.14E-4_ss200.fa	6	10.498	8.023	92.184
long_content_30k_002/lc30k002_1104_gc3300_rp0.10_mr1.14E-4_ss100.fa	12	1.456	1.531	98.048
long_content_30k_002/lc30k002_1105_gc3300_rp0.05_mr1.14E-4_ss100.fa	11	10.288	9.190	89.335
long_content_30k_002/lc30k002_1106_gc3300_rp0.07_mr1.14E-4_ss100.fa	16	6.847	6.690	93.552
long_content_30k_002/lc30k002_1107_gc3300_rp0.10_mr1.14E-4_ss200.fa	12	8.551	9.312	92.622
long_content_30k_002/lc30k002_1108_gc3300_rp0.15_mr1.14E-4_ss100.fa	19	4.575	2.489	93.980
long_content_30k_002/lc30k002_1109_gc3300_rp0.15_mr1.14E-4_ss200.fa	27	10.370	9.817	90.446
long_content_30k_002/lc30k002_110_gc3300_rp0.07_mr1.14E-4_ss200.fa	30	4.498	4.949	94.770
long_content_30k_002/lc30k002_1110_gc3300_rp0.07_mr1.14E-4_ss200.fa	17	4.816	5.471	93.170
long_content_30k_002/lc30k002_1111_gc3300_rp0.05_mr1.14E-4_ss200.fa	25	5.243	4.043	90.538
long_content_30k_002/lc30k002_1112_gc3300_rp0.10_mr1.14E-4_ss100.fa	24	7.939	8.565	92.296
long_content_30k_002/lc30k002_1113_gc3300_rp0.05_mr1.14E-4_ss100.fa	24	4.144	4.984	93.950
long_content_30k_002/lc30k002_1114_gc3300_rp0.07_mr1.14E-4_ss100.fa	15	8.738	9.133	91.740
long_content_30k_002/lc30k002_1115_gc3300_rp0.10_mr1.14E-4_ss200.fa	30	5.475	5.672	94.587
long_content_30k_002/lc30k002_1116_gc3300_rp0.15_mr1.14E-4_ss100.fa	10	6.299	5.975	94.252
long_content_30k_002/lc30k002_1117_gc3300_rp0.15_mr1.14E-4_ss200.fa	16	1.855	1.612	95.800
long_content_30k_002/lc30k002_1118_gc3300_rp0.07_mr1.14E-4_ss200.fa	16	7.115	10.334	92.220
long_content_30k_002/lc30k002_1119_gc3300_rp0.05_mr1.14E-4_ss200.fa	28	6.118	6.551	93.362
long_content_30k_002/lc30k002_111_gc3300_rp0.05_mr1.14E-4_ss200.fa	9	6.026	3.585	91.629
long_content_30k_002/lc30k002_1120_gc3300_rp0.10_mr1.14E-4_ss100.fa	11	4.210	4.204	93.571
long_content_30k_002/lc30k002_1121_gc3300_rp0.05_mr1.14E-4_ss100.fa	14	9.320	10.049	91.675
long_content_30k_002/lc30k002_1122_gc3300_rp0.07_mr1.14E-4_ss100.fa	13	6.673	8.317	93.766
long_content_30k_002/lc30k002_1123_gc3300_rp0.10_mr1.14E-4_ss200.fa	17	4.365	4.478	95.644
long_content_30k_002/lc30k002_1124_gc3300_rp0.15_mr1.14E-4_ss100.fa	16	2.908	2.505	94.009
long_content_30k_002/lc30k002_1125_gc3300_rp0.15_mr1.14E-4_ss200.fa	20	5.124	5.898	93.991
long_content_30k_002/lc30k002_1126_gc3300_rp0.07_mr1.14E-4_ss200.fa	30	4.878	5.326	95.784
long_content_30k_002/lc30k002_1127_gc3300_rp0.05_mr1.14E-4_ss200.fa	30	3.980	3.886	90.966
long_content_30k_002/lc30k002_1128_gc3300_rp0.10_mr1.14E-4_ss100.fa	19	4.576	4.715	95.484
long_content_30k_002/lc30k002_1129_gc3300_rp0.05_mr1.14E-4_ss100.fa	11	5.023	4.536	95.561
long_content_30k_002/lc30k002_112_gc3300_rp0.10_mr1.14E-4_ss100.fa	1	6.025	6.025	89.082
long_content_30k_002/lc30k002_1130_gc3300_rp0.07_mr1.14E-4_ss100.fa	30	4.668	4.699	94.917
long_content_30k_002/lc30k002_1131_gc3300_rp0.10_mr1.14E-4_ss200.fa	18	4.587	5.412	94.437
long_content_30k_002/lc30k002_1132_gc3300_rp0.15_mr1.14E-4_ss100.fa	19	3.278	3.632	95.038
long_content_30k_002/lc30k002_1133_gc3300_rp0.15_mr1.14E-4_ss200.fa	13	4.738	5.036	95.324
long_content_30k_002/lc30k002_1134_gc3300_rp0.07_mr1.14E-4_ss200.fa	27	6.369	7.037	93.320
long_content_30k_002/lc30k002_1135_gc3300_rp0.05_mr1.14E-4_ss200.fa	30	4.188	5.249	94.972
long_content_30k_002/lc30k002_1136_gc3300_rp0.10_mr1.14E-4_ss100.fa	25	4.363	4.285	94.031
long_content_30k_002/lc30k002_1137_gc3300_rp0.05_mr1.14E-4_ss100.fa	22	7.719	9.014	91.094
long_content_30k_002/lc30k002_1138_gc3300_rp0.07_mr1.14E-4_ss100.fa	17	10.176	11.431	92.255
long_content_30k_002/lc30k002_1139_gc3300_rp0.10_mr1.14E-4_ss200.fa	26	5.065	5.277	95.058
long_content_30k_002/lc30k002_113_gc3300_rp0.05_mr1.14E-4_ss100.fa	30	6.371	4.682	85.783
long_content_30k_002/lc30k002_1140_gc3300_rp0.15_mr1.14E-4_ss100.fa	28	3.891	2.269	94.948
long_content_30k_002/lc30k002_1141_gc3300_rp0.15_mr1.14E-4_ss200.fa	21	4.264	4.673	93.867
long_content_30k_002/lc30k002_1142_gc3300_rp0.07_mr1.14E-4_ss200.fa	23	4.706	5.065	95.913
long_content_30k_002/lc30k002_1143_gc3300_rp0.05_mr1.14E-4_ss200.fa	30	10.064	10.282	92.686
long_content_30k_002/lc30k002_1144_gc3300_rp0.10_mr1.14E-4_ss100.fa	9	6.388	7.053	94.286
long_content_30k_002/lc30k002_1145_gc3300_rp0.05_mr1.14E-4_ss100.fa	30	7.176	7.563	92.702
long_content_30k_002/lc30k002_1146_gc3300_rp0.07_mr1.14E-4_ss100.fa	22	8.895	6.767	87.520
long_content_30k_002/lc30k002_1147_gc3300_rp0.10_mr1.14E-4_ss200.fa	10	2.352	1.629	93.784
long_content_30k_002/lc30k002_1148_gc3300_rp0.15_mr1.14E-4_ss100.fa	10	7.191	7.455	93.069
long_content_30k_002/lc30k002_1149_gc3300_rp0.15_mr1.14E-4_ss200.fa	12	4.791	4.993	94.431
long_content_30k_002/lc30k002_114_gc3300_rp0.07_mr1.14E-4_ss100.fa	19	7.164	5.641	92.009
long_content_30k_002/lc30k002_1150_gc3300_rp0.07_mr1.14E-4_ss200.fa	6	7.523	7.588	93.971
long_content_30k_002/lc30k002_1151_gc3300_rp0.05_mr1.14E-4_ss200.fa	30	5.796	6.511	94.672
long_content_30k_002/lc30k002_1152_gc3300_rp0.10_mr1.14E-4_ss100.fa	27	3.840	4.222	96.206
long_content_30k_002/lc30k002_1153_gc3300_rp0.05_mr1.14E-4_ss100.fa	7	4.367	1.578	89.903
long_content_30k_002/lc30k002_1154_gc3300_rp0.07_mr1.14E-4_ss100.fa	22	3.860	2.903	92.505
long_content_30k_002/lc30k002_1155_gc3300_rp0.10_mr1.14E-4_ss200.fa	7	5.150	2.558	94.738
long_content_30k_002/lc30k002_1156_gc3300_rp0.15_mr1.14E-4_ss100.fa	9	7.491	8.364	92.796
long_content_30k_002/lc30k002_1157_gc3300_rp0.15_mr1.14E-4_ss200.fa	25	6.938	5.939	93.519
long_content_30k_002/lc30k002_1158_gc3300_rp0.07_mr1.14E-4_ss200.fa	30	6.379	6.926	93.876
long_content_30k_002/lc30k002_1159_gc3300_rp0.05_mr1.14E-4_ss200.fa	19	3.654	2.100	92.001
long_content_30k_002/lc30k002_115_gc3300_rp0.10_mr1.14E-4_ss200.fa	25	3.499	2.803	93.659
long_content_30k_002/lc30k002_1160_gc3300_rp0.10_mr1.14E-4_ss100.fa	14	5.479	7.036	93.013
long_content_30k_002/lc30k002_1161_gc3300_rp0.05_mr1.14E-4_ss100.fa	11	5.718	5.379	93.435
long_content_30k_002/lc30k002_1162_gc3300_rp0.07_mr1.14E-4_ss100.fa	30	4.796	4.879	93.113
long_content_30k_002/lc30k002_1163_gc3300_rp0.10_mr1.14E-4_ss200.fa	17	2.268	0.960	93.725
long_content_30k_002/lc30k002_1164_gc3300_rp0.15_mr1.14E-4_ss100.fa	6	5.151	4.010	92.895
long_content_30k_002/lc30k002_1165_gc3300_rp0.15_mr1.14E-4_ss200.fa	4	2.930	2.038	93.295
long_content_30k_002/lc30k002_1166_gc3300_rp0.07_mr1.14E-4_ss200.fa	15	6.270	6.865	93.101
long_content_30k_002/lc30k002_1167_gc3300_rp0.05_mr1.14E-4_ss200.fa	14	4.086	4.162	93.645
long_content_30k_002/lc30k002_1168_gc3300_rp0.10_mr1.14E-4_ss100.fa	22	5.265	5.695	93.864
long_content_30k_002/lc30k002_1169_gc3300_rp0.05_mr1.14E-4_ss100.fa	30	3.617	3.808	95.275
long_content_30k_002/lc30k002_116_gc3300_rp0.15_mr1.14E-4_ss100.fa	22	6.770	7.249	93.322
long_content_30k_002/lc30k002_1170_gc3300_rp0.07_mr1.14E-4_ss100.fa	15	3.581	1.257	90.410
long_content_30k_002/lc30k002_1171_gc3300_rp0.10_mr1.14E-4_ss200.fa	30	4.162	1.839	91.378
long_content_30k_002/lc30k002_1172_gc3300_rp0.15_mr1.14E-4_ss100.fa	19	3.991	5.190	94.341
long_content_30k_002/lc30k002_1173_gc3300_rp0.15_mr1.14E-4_ss200.fa	8	5.759	5.575	94.380
long_content_30k_002/lc30k002_1174_gc3300_rp0.07_mr1.14E-4_ss200.fa	20	5.113	5.427	94.157
long_content_30k_002/lc30k002_1175_gc3300_rp0.05_mr1.14E-4_ss200.fa	23	5.736	3.548	92.012
long_content_30k_002/lc30k002_1176_gc3300_rp0.10_mr1.14E-4_ss100.fa	28	5.110	5.273	93.242
long_content_30k_002/lc30k002_1177_gc3300_rp0.05_mr1.14E-4_ss100.fa	15	4.690	5.057	94.479
long_content_30k_002/lc30k002_1178_gc3300_rp0.07_mr1.14E-4_ss100.fa	10	7.645	9.068	93.103
long_content_30k_002/lc30k002_1179_gc3300_rp0.10_mr1.14E-4_ss200.fa	16	3.412	2.237	92.300
long_content_30k_002/lc30k002_117_gc3300_rp0.15_mr1.14E-4_ss200.fa	13	2.963	0.387	93.316
long_content_30k_002/lc30k002_1180_gc3300_rp0.15_mr1.14E-4_ss100.fa	11	7.286	7.544	92.696
long_content_30k_002/lc30k002_1181_gc3300_rp0.15_mr1.14E-4_ss200.fa	21	5.365	5.789	92.858
long_content_30k_002/lc30k002_1182_gc3300_rp0.07_mr1.14E-4_ss200.fa	17	4.511	3.757	94.871
long_content_30k_002/lc30k002_1183_gc3300_rp0.05_mr1.14E-4_ss200.fa	13	5.784	5.941	93.403
long_content_30k_002/lc30k002_1184_gc3300_rp0.10_mr1.14E-4_ss100.fa	11	2.703	2.652	94.739
long_content_30k_002/lc30k002_1185_gc3300_rp0.05_mr1.14E-4_ss100.fa	18	4.718	3.966	92.331
long_content_30k_002/lc30k002_1186_gc3300_rp0.07_mr1.14E-4_ss100.fa	29	5.268	5.205	95.706
long_content_30k_002/lc30k002_1187_gc3300_rp0.10_mr1.14E-4_ss200.fa	12	6.425	5.389	92.253
long_content_30k_002/lc30k002_1188_gc3300_rp0.15_mr1.14E-4_ss100.fa	6	4.701	5.751	94.665
long_content_30k_002/lc30k002_1189_gc3300_rp0.15_mr1.14E-4_ss200.fa	15	5.894	4.649	93.554
long_content_30k_002/lc30k002_118_gc3300_rp0.07_mr1.14E-4_ss200.fa	25	7.962	8.785	93.268
long_content_30k_002/lc30k002_1190_gc3300_rp0.07_mr1.14E-4_ss200.fa	20	2.344	2.361	91.264
long_content_30k_002/lc30k002_1191_gc3300_rp0.05_mr1.14E-4_ss200.fa	21	5.875	4.777	93.606
long_content_30k_002/lc30k002_1192_gc3300_rp0.10_mr1.14E-4_ss100.fa	11	3.806	3.845	91.200
long_content_30k_002/lc30k002_1193_gc3300_rp0.05_mr1.14E-4_ss100.fa	15	4.105	1.421	91.270
long_content_30k_002/lc30k002_1194_gc3300_rp0.07_mr1.14E-4_ss100.fa	30	5.700	6.521	93.152
long_content_30k_002/lc30k002_1195_gc3300_rp0.10_mr1.14E-4_ss200.fa	17	8.039	9.333	91.033
long_content_30k_002/lc30k002_1196_gc3300_rp0.15_mr1.14E-4_ss100.fa	20	6.698	6.745	92.567
long_content_30k_002/lc30k002_1197_gc3300_rp0.15_mr1.14E-4_ss200.fa	18	3.389	3.084	96.094
long_content_30k_002/lc30k002_1198_gc3300_rp0.07_mr1.14E-4_ss200.fa	30	4.311	4.842	94.607
long_content_30k_002/lc30k002_1199_gc3300_rp0.05_mr1.14E-4_ss200.fa	12	10.071	10.321	92.896
long_content_30k_002/lc30k002_119_gc3300_rp0.05_mr1.14E-4_ss200.fa	27	4.321	4.234	94.650
long_content_30k_002/lc30k002_1200_gc3300_rp0.10_mr1.14E-4_ss100.fa	16	8.229	8.616	93.468
long_content_30k_002/lc30k002_1201_gc3300_rp0.05_mr1.14E-4_ss100.fa	30	5.162	5.598	94.961
long_content_30k_002/lc30k002_1202_gc3300_rp0.07_mr1.14E-4_ss100.fa	19	2.770	2.722	95.424
long_content_30k_002/lc30k002_1203_gc3300_rp0.10_mr1.14E-4_ss200.fa	10	3.703	2.677	94.806
long_content_30k_002/lc30k002_1204_gc3300_rp0.15_mr1.14E-4_ss100.fa	11	7.010	6.407	92.056
long_content_30k_002/lc30k002_1205_gc3300_rp0.15_mr1.14E-4_ss200.fa	9	4.105	3.689	95.712
long_content_30k_002/lc30k002_1206_gc3300_rp0.07_mr1.14E-4_ss200.fa	10	6.421	8.214	90.098
long_content_30k_002/lc30k002_1207_gc3300_rp0.05_mr1.14E-4_ss200.fa	30	2.759	2.341	94.499
long_content_30k_002/lc30k002_1208_gc3300_rp0.10_mr1.14E-4_ss100.fa	30	4.895	4.716	94.896
long_content_30k_002/lc30k002_1209_gc3300_rp0.05_mr1.14E-4_ss100.fa	26	5.743	4.950	94.041
long_content_30k_002/lc30k002_120_gc3300_rp0.10_mr1.14E-4_ss100.fa	20	4.934	5.514	93.676
long_content_30k_002/lc30k002_1210_gc3300_rp0.07_mr1.14E-4_ss100.fa	30	2.185	2.932	96.044
long_content_30k_002/lc30k002_1211_gc3300_rp0.10_mr1.14E-4_ss200.fa	1	6.455	6.455	93.494
long_content_30k_002/lc30k002_1212_gc3300_rp0.15_mr1.14E-4_ss100.fa	22	7.126	7.345	92.716
long_content_30k_002/lc30k002_1213_gc3300_rp0.15_mr1.14E-4_ss200.fa	14	4.251	5.241	94.710
long_content_30k_002/lc30k002_1214_gc3300_rp0.07_mr1.14E-4_ss200.fa	9	3.668	3.789	96.397
long_content_30k_002/lc30k002_1215_gc3300_rp0.05_mr1.14E-4_ss200.fa	30	4.598	4.850	95.759
long_content_30k_002/lc30k002_1216_gc3300_rp0.10_mr1.14E-4_ss100.fa	16	3.749	2.440	92.330
long_content_30k_002/lc30k002_1217_gc3300_rp0.05_mr1.14E-4_ss100.fa	30	6.443	4.792	89.749
long_content_30k_002/lc30k002_1218_gc3300_rp0.07_mr1.14E-4_ss100.fa	20	7.313	8.919	92.257
long_content_30k_002/lc30k002_1219_gc3300_rp0.10_mr1.14E-4_ss200.fa	18	9.634	11.783	92.253
long_content_30k_002/lc30k002_121_gc3300_rp0.05_mr1.14E-4_ss100.fa	30	6.514	5.873	94.672
long_content_30k_002/lc30k002_1220_gc3300_rp0.15_mr1.14E-4_ss100.fa	15	3.860	4.280	95.908
long_content_30k_002/lc30k002_1221_gc3300_rp0.15_mr1.14E-4_ss200.fa	8	4.598	4.050	93.276
long_content_30k_002/lc30k002_1222_gc3300_rp0.07_mr1.14E-4_ss200.fa	30	3.507	3.961	95.750
long_content_30k_002/lc30k002_1223_gc3300_rp0.05_mr1.14E-4_ss200.fa	30	3.396	2.796	94.853
long_content_30k_002/lc30k002_1224_gc3300_rp0.10_mr1.14E-4_ss100.fa	19	3.520	3.138	94.541
long_content_30k_002/lc30k002_1225_gc3300_rp0.05_mr1.14E-4_ss100.fa	20	3.500	2.500	94.211
long_content_30k_002/lc30k002_1226_gc3300_rp0.07_mr1.14E-4_ss100.fa	22	5.343	6.039	93.525
long_content_30k_002/lc30k002_1227_gc3300_rp0.10_mr1.14E-4_ss200.fa	12	6.297	5.018	91.609
long_content_30k_002/lc30k002_1228_gc3300_rp0.15_mr1.14E-4_ss100.fa	10	2.271	1.458	95.595
long_content_30k_002/lc30k002_1229_gc3300_rp0.15_mr1.14E-4_ss200.fa	27	3.055	2.445	95.703
long_content_30k_002/lc30k002_122_gc3300_rp0.07_mr1.14E-4_ss100.fa	29	3.942	1.146	92.286
long_content_30k_002/lc30k002_1230_gc3300_rp0.07_mr1.14E-4_ss200.fa	16	4.184	3.887	95.593
long_content_30k_002/lc30k002_1231_gc3300_rp0.05_mr1.14E-4_ss200.fa	19	3.744	3.571	96.335
long_content_30k_002/lc30k002_1232_gc3300_rp0.10_mr1.14E-4_ss100.fa	21	9.508	12.072	91.217
long_content_30k_002/lc30k002_1233_gc3300_rp0.05_mr1.14E-4_ss100.fa	18	4.401	2.257	91.663
long_content_30k_002/lc30k002_1234_gc3300_rp0.07_mr1.14E-4_ss100.fa	25	9.749	9.504	90.766
long_content_30k_002/lc30k002_1235_gc3300_rp0.10_mr1.14E-4_ss200.fa	13	6.450	8.050	92.381
long_content_30k_002/lc30k002_1236_gc3300_rp0.15_mr1.14E-4_ss100.fa	8	6.861	8.050	94.473
long_content_30k_002/lc30k002_1237_gc3300_rp0.15_mr1.14E-4_ss200.fa	20	3.039	2.971	96.188
long_content_30k_002/lc30k002_1238_gc3300_rp0.07_mr1.14E-4_ss200.fa	16	7.855	4.120	90.770
long_content_30k_002/lc30k002_1239_gc3300_rp0.05_mr1.14E-4_ss200.fa	18	5.846	7.483	93.196
long_content_30k_002/lc30k002_123_gc3300_rp0.10_mr1.14E-4_ss200.fa	16	4.651	6.094	93.838
long_content_30k_002/lc30k002_1240_gc3300_rp0.10_mr1.14E-4_ss100.fa	11	3.779	4.559	94.246
long_content_30k_002/lc30k002_1241_gc3300_rp0.05_mr1.14E-4_ss100.fa	13	7.198	7.783	93.797
long_content_30k_002/lc30k002_1242_gc3300_rp0.07_mr1.14E-4_ss100.fa	7	7.282	7.224	93.885
long_content_30k_002/lc30k002_1243_gc3300_rp0.10_mr1.14E-4_ss200.fa	11	6.138	8.422	91.474
long_content_30k_002/lc30k002_1244_gc3300_rp0.15_mr1.14E-4_ss100.fa	22	3.909	3.129	95.669
long_content_30k_002/lc30k002_1245_gc3300_rp0.15_mr1.14E-4_ss200.fa	10	13.910	16.232	88.583
long_content_30k_002/lc30k002_1246_gc3300_rp0.07_mr1.14E-4_ss200.fa	23	5.228	5.937	90.694
long_content_30k_002/lc30k002_1247_gc3300_rp0.05_mr1.14E-4_ss200.fa	19	1.734	1.570	98.128
long_content_30k_002/lc30k002_1248_gc3300_rp0.10_mr1.14E-4_ss100.fa	15	3.646	3.932	95.503
long_content_30k_002/lc30k002_1249_gc3300_rp0.05_mr1.14E-4_ss100.fa	30	3.540	3.807	96.266
long_content_30k_002/lc30k002_124_gc3300_rp0.15_mr1.14E-4_ss100.fa	16	7.711	8.622	91.794
long_content_30k_002/lc30k002_1250_gc3300_rp0.07_mr1.14E-4_ss100.fa	8	3.330	2.162	93.705
long_content_30k_002/lc30k002_1251_gc3300_rp0.10_mr1.14E-4_ss200.fa	10	3.056	1.824	95.235
long_content_30k_002/lc30k002_1252_gc3300_rp0.15_mr1.14E-4_ss100.fa	13	6.183	5.331	94.704
long_content_30k_002/lc30k002_1253_gc3300_rp0.15_mr1.14E-4_ss200.fa	9	5.037	3.635	92.039
long_content_30k_002/lc30k002_1254_gc3300_rp0.07_mr1.14E-4_ss200.fa	19	3.320	3.623	95.453
long_content_30k_002/lc30k002_1255_gc3300_rp0.05_mr1.14E-4_ss200.fa	8	4.727	4.484	93.846
long_content_30k_002/lc30k002_1256_gc3300_rp0.10_mr1.14E-4_ss100.fa	29	7.732	8.388	94.024
long_content_30k_002/lc30k002_1257_gc3300_rp0.05_mr1.14E-4_ss100.fa	20	6.605	5.646	92.248
long_content_30k_002/lc30k002_1258_gc3300_rp0.07_mr1.14E-4_ss100.fa	11	5.120	3.919	92.276
long_content_30k_002/lc30k002_1259_gc3300_rp0.10_mr1.14E-4_ss200.fa	12	6.413	8.614	91.189
long_content_30k_002/lc30k002_125_gc3300_rp0.15_mr1.14E-4_ss200.fa	17	6.138	7.100	93.581
long_content_30k_002/lc30k002_1260_gc3300_rp0.15_mr1.14E-4_ss100.fa	6	4.163	4.073	93.206
long_content_30k_002/lc30k002_1261_gc3300_rp0.15_mr1.14E-4_ss200.fa	30	3.222	3.717	96.141
long_content_30k_002/lc30k002_1262_gc3300_rp0.07_mr1.14E-4_ss200.fa	21	9.347	11.062	90.916
long_content_30k_002/lc30k002_1263_gc3300_rp0.05_mr1.14E-4_ss200.fa	30	2.601	2.291	94.866
long_content_30k_002/lc30k002_1264_gc3300_rp0.10_mr1.14E-4_ss100.fa	17	6.298	6.501	94.124
long_content_30k_002/lc30k002_1265_gc3300_rp0.05_mr1.14E-4_ss100.fa	4	9.190	11.426	91.187
long_content_30k_002/lc30k002_1266_gc3300_rp0.07_mr1.14E-4_ss100.fa	12	2.704	2.405	97.814
long_content_30k_002/lc30k002_1267_gc3300_rp0.10_mr1.14E-4_ss200.fa	23	3.267	3.261	95.785
long_content_30k_002/lc30k002_1268_gc3300_rp0.15_mr1.14E-4_ss100.fa	5	4.260	6.150	95.320
long_content_30k_002/lc30k002_1269_gc3300_rp0.15_mr1.14E-4_ss200.fa	23	7.543	7.618	93.511
long_content_30k_002/lc30k002_126_gc3300_rp0.07_mr1.14E-4_ss200.fa	11	7.140	7.934	92.144
long_content_30k_002/lc30k002_1270_gc3300_rp0.07_mr1.14E-4_ss200.fa	29	2.294	2.267	97.033
long_content_30k_002/lc30k002_1271_gc3300_rp0.05_mr1.14E-4_ss200.fa	18	3.734	4.459	95.225
long_content_30k_002/lc30k002_1272_gc3300_rp0.10_mr1.14E-4_ss100.fa	24	7.573	8.786	91.170
long_content_30k_002/lc30k002_1273_gc3300_rp0.05_mr1.14E-4_ss100.fa	30	3.888	3.889	92.688
long_content_30k_002/lc30k002_1274_gc3300_rp0.07_mr1.14E-4_ss100.fa	13	6.012	4.749	91.345
long_content_30k_002/lc30k002_1275_gc3300_rp0.10_mr1.14E-4_ss200.fa	23	4.575	4.848	94.580
long_content_30k_002/lc30k002_1276_gc3300_rp0.15_mr1.14E-4_ss100.fa	18	5.102	1.981	92.896
long_content_30k_002/lc30k002_1277_gc3300_rp0.15_mr1.14E-4_ss200.fa	8	4.615	6.108	93.718
long_content_30k_002/lc30k002_1278_gc3300_rp0.07_mr1.14E-4_ss200.fa	28	4.428	6.376	93.831
long_content_30k_002/lc30k002_1279_gc3300_rp0.05_mr1.14E-4_ss200.fa	29	17.922	19.111	87.199
long_content_30k_002/lc30k002_127_gc3300_rp0.05_mr1.14E-4_ss200.fa	27	10.397	11.505	91.251
long_content_30k_002/lc30k002_1280_gc3300_rp0.10_mr1.14E-4_ss100.fa	25	3.950	3.475	93.136
long_content_30k_002/lc30k002_1281_gc3300_rp0.05_mr1.14E-4_ss100.fa	30	4.420	1.194	90.452
long_content_30k_002/lc30k002_1282_gc3300_rp0.07_mr1.14E-4_ss100.fa	26	4.472	3.963	93.351
long_content_30k_002/lc30k002_1283_gc3300_rp0.10_mr1.14E-4_ss200.fa	15	7.399	8.601	92.282
long_content_30k_002/lc30k002_1284_gc3300_rp0.15_mr1.14E-4_ss100.fa	9	6.027	7.058	92.968
long_content_30k_002/lc30k002_1285_gc3300_rp0.15_mr1.14E-4_ss200.fa	15	7.414	7.779	92.255
long_content_30k_002/lc30k002_1286_gc3300_rp0.07_mr1.14E-4_ss200.fa	14	2.743	2.465	96.668
long_content_30k_002/lc30k002_1287_gc3300_rp0.05_mr1.14E-4_ss200.fa	30	4.467	2.785	92.635
long_content_30k_002/lc30k002_1288_gc3300_rp0.10_mr1.14E-4_ss100.fa	18	6.030	6.105	94.149
long_content_30k_002/lc30k002_1289_gc3300_rp0.05_mr1.14E-4_ss100.fa	23	5.565	7.518	92.730
long_content_30k_002/lc30k002_128_gc3300_rp0.10_mr1.14E-4_ss100.fa	30	2.187	2.673	96.109
long_content_30k_002/lc30k002_1290_gc3300_rp0.07_mr1.14E-4_ss100.fa	16	3.067	3.667	95.616
long_content_30k_002/lc30k002_1291_gc3300_rp0.10_mr1.14E-4_ss200.fa	24	6.341	7.135	93.026
long_content_30k_002/lc30k002_1292_gc3300_rp0.15_mr1.14E-4_ss100.fa	8	4.242	2.316	92.114
long_content_30k_002/lc30k002_1293_gc3300_rp0.15_mr1.14E-4_ss200.fa	15	4.145	3.943	92.557
long_content_30k_002/lc30k002_1294_gc3300_rp0.07_mr1.14E-4_ss200.fa	22	9.509	10.242	91.542
long_content_30k_002/lc30k002_1295_gc3300_rp0.05_mr1.14E-4_ss200.fa	4	12.681	12.629	91.544
long_content_30k_002/lc30k002_1296_gc3300_rp0.10_mr1.14E-4_ss100.fa	14	7.741	10.788	91.154
long_content_30k_002/lc30k002_1297_gc3300_rp0.05_mr1.14E-4_ss100.fa	12	3.509	3.514	95.980
long_content_30k_002/lc30k002_1298_gc3300_rp0.07_mr1.14E-4_ss100.fa	21	3.852	4.522	95.519
long_content_30k_002/lc30k002_1299_gc3300_rp0.10_mr1.14E-4_ss200.fa	22	7.795	7.835	92.732
long_content_30k_002/lc30k002_129_gc3300_rp0.05_mr1.14E-4_ss100.fa	20	7.862	12.375	89.793
long_content_30k_002/lc30k002_1300_gc3300_rp0.15_mr1.14E-4_ss100.fa	10	6.451	6.103	93.676
long_content_30k_002/lc30k002_1301_gc3300_rp0.15_mr1.14E-4_ss200.fa	17	4.020	4.261	95.810
long_content_30k_002/lc30k002_1302_gc3300_rp0.07_mr1.14E-4_ss200.fa	16	2.146	1.910	96.857
long_content_30k_002/lc30k002_1303_gc3300_rp0.05_mr1.14E-4_ss200.fa	30	4.356	4.584	95.478
long_content_30k_002/lc30k002_1304_gc3300_rp0.10_mr1.14E-4_ss100.fa	13	6.852	6.063	91.058
long_content_30k_002/lc30k002_1305_gc3300_rp0.05_mr1.14E-4_ss100.fa	30	3.328	3.759	97.069
long_content_30k_002/lc30k002_1306_gc3300_rp0.07_mr1.14E-4_ss100.fa	23	2.862	1.888	92.517
long_content_30k_002/lc30k002_1307_gc3300_rp0.10_mr1.14E-4_ss200.fa	24	4.294	4.164	95.798
long_content_30k_002/lc30k002_1308_gc3300_rp0.15_mr1.14E-4_ss100.fa	7	8.307	9.904	92.393
long_content_30k_002/lc30k002_1309_gc3300_rp0.15_mr1.14E-4_ss200.fa	30	3.173	2.598	95.425
long_content_30k_002/lc30k002_130_gc3300_rp0.07_mr1.14E-4_ss100.fa	15	10.637	11.782	87.301
long_content_30k_002/lc30k002_1310_gc3300_rp0.07_mr1.14E-4_ss200.fa	17	9.039	10.720	91.995
long_content_30k_002/lc30k002_1311_gc3300_rp0.05_mr1.14E-4_ss200.fa	19	6.269	6.782	90.593
long_content_30k_002/lc30k002_1312_gc3300_rp0.10_mr1.14E-4_ss100.fa	20	3.816	3.766	93.320
long_content_30k_002/lc30k002_1313_gc3300_rp0.05_mr1.14E-4_ss100.fa	30	4.795	4.918	95.849
long_content_30k_002/lc30k002_1314_gc3300_rp0.07_mr1.14E-4_ss100.fa	4	8.599	8.599	94.430
long_content_30k_002/lc30k002_1315_gc3300_rp0.10_mr1.14E-4_ss200.fa	9	4.483	5.912	94.114
long_content_30k_002/lc30k002_1316_gc3300_rp0.15_mr1.14E-4_ss100.fa	2	10.665	10.665	92.546
long_content_30k_002/lc30k002_1317_gc3300_rp0.15_mr1.14E-4_ss200.fa	7	5.062	6.180	94.205
long_content_30k_002/lc30k002_1318_gc3300_rp0.07_mr1.14E-4_ss200.fa	19	4.745	2.727	86.529
long_content_30k_002/lc30k002_1319_gc3300_rp0.05_mr1.14E-4_ss200.fa	30	5.003	4.912	96.012
long_content_30k_002/lc30k002_131_gc3300_rp0.10_mr1.14E-4_ss200.fa	27	4.633	5.509	90.946
long_content_30k_002/lc30k002_1320_gc3300_rp0.10_mr1.14E-4_ss100.fa	30	4.678	4.438	93.390
long_content_30k_002/lc30k002_1321_gc3300_rp0.05_mr1.14E-4_ss100.fa	10	9.393	9.795	92.885
long_content_30k_002/lc30k002_1322_gc3300_rp0.07_mr1.14E-4_ss100.fa	30	3.289	3.333	96.145
long_content_30k_002/lc30k002_1323_gc3300_rp0.10_mr1.14E-4_ss200.fa	24	5.224	6.458	94.804
long_content_30k_002/lc30k002_1324_gc3300_rp0.15_mr1.14E-4_ss100.fa	26	4.866	5.102	94.480
long_content_30k_002/lc30k002_1325_gc3300_rp0.15_mr1.14E-4_ss200.fa	20	6.740	7.575	91.852
long_content_30k_002/lc30k002_1326_gc3300_rp0.07_mr1.14E-4_ss200.fa	30	5.088	5.387	93.920
long_content_30k_002/lc30k002_1327_gc3300_rp0.05_mr1.14E-4_ss200.fa	23	6.981	8.411	93.090
long_content_30k_002/lc30k002_1328_gc3300_rp0.10_mr1.14E-4_ss100.fa	23	4.575	5.026	95.369
long_content_30k_002/lc30k002_1329_gc3300_rp0.05_mr1.14E-4_ss100.fa	15	4.212	1.980	96.432
long_content_30k_002/lc30k002_132_gc3300_rp0.15_mr1.14E-4_ss100.fa	10	6.696	8.137	92.672
long_content_30k_002/lc30k002_1330_gc3300_rp0.07_mr1.14E-4_ss100.fa	2	5.010	5.010	95.432
long_content_30k_002/lc30k002_1331_gc3300_rp0.10_mr1.14E-4_ss200.fa	30	3.491	3.519	96.539
long_content_30k_002/lc30k002_1332_gc3300_rp0.15_mr1.14E-4_ss100.fa	11	5.736	5.986	93.833
long_content_30k_002/lc30k002_1333_gc3300_rp0.15_mr1.14E-4_ss200.fa	7	6.160	5.918	93.392
long_content_30k_002/lc30k002_1334_gc3300_rp0.07_mr1.14E-4_ss200.fa	24	2.527	2.045	94.207
long_content_30k_002/lc30k002_1335_gc3300_rp0.05_mr1.14E-4_ss200.fa	26	3.166	3.495	89.775
long_content_30k_002/lc30k002_1336_gc3300_rp0.10_mr1.14E-4_ss100.fa	10	4.768	4.267	94.055
long_content_30k_002/lc30k002_1337_gc3300_rp0.05_mr1.14E-4_ss100.fa	23	5.851	3.311	93.090
long_content_30k_002/lc30k002_1338_gc3300_rp0.07_mr1.14E-4_ss100.fa	22	5.563	4.796	94.758
long_content_30k_002/lc30k002_1339_gc3300_rp0.10_mr1.14E-4_ss200.fa	11	2.613	2.059	89.430
long_content_30k_002/lc30k002_133_gc3300_rp0.15_mr1.14E-4_ss200.fa	16	3.199	4.162	94.420
long_content_30k_002/lc30k002_1340_gc3300_rp0.15_mr1.14E-4_ss100.fa	14	6.202	6.167	93.877
long_content_30k_002/lc30k002_1341_gc3300_rp0.15_mr1.14E-4_ss200.fa	21	5.519	7.430	92.765
long_content_30k_002/lc30k002_1342_gc3300_rp0.07_mr1.14E-4_ss200.fa	29	2.779	2.746	96.800
long_content_30k_002/lc30k002_1343_gc3300_rp0.05_mr1.14E-4_ss200.fa	30	4.198	4.259	95.754
long_content_30k_002/lc30k002_1344_gc3300_rp0.10_mr1.14E-4_ss100.fa	19	4.073	4.658	94.603
long_content_30k_002/lc30k002_1345_gc3300_rp0.05_mr1.14E-4_ss100.fa	20	5.607	6.793	93.548
long_content_30k_002/lc30k002_1346_gc3300_rp0.07_mr1.14E-4_ss100.fa	13	10.805	14.515	88.573
long_content_30k_002/lc30k002_1347_gc3300_rp0.10_mr1.14E-4_ss200.fa	5	6.986	7.387	93.695
long_content_30k_002/lc30k002_1348_gc3300_rp0.15_mr1.14E-4_ss100.fa	8	3.810	2.391	92.848
long_content_30k_002/lc30k002_1349_gc3300_rp0.15_mr1.14E-4_ss200.fa	12	3.073	3.622	95.377
long_content_30k_002/lc30k002_134_gc3300_rp0.07_mr1.14E-4_ss200.fa	14	5.836	5.585	91.865
long_content_30k_002/lc30k002_1350_gc3300_rp0.07_mr1.14E-4_ss200.fa	30	6.794	7.507	93.022
long_content_30k_002/lc30k002_1351_gc3300_rp0.05_mr1.14E-4_ss200.fa	25	4.186	3.749	93.842
long_content_30k_002/lc30k002_1352_gc3300_rp0.10_mr1.14E-4_ss100.fa	8	3.626	1.690	91.651
long_content_30k_002/lc30k002_1353_gc3300_rp0.05_mr1.14E-4_ss100.fa	9	4.627	6.028	95.015
long_content_30k_002/lc30k002_1354_gc3300_rp0.07_mr1.14E-4_ss100.fa	21	3.594	4.163	96.656
long_content_30k_002/lc30k002_1355_gc3300_rp0.10_mr1.14E-4_ss200.fa	17	4.680	3.978	92.890
long_content_30k_002/lc30k002_1356_gc3300_rp0.15_mr1.14E-4_ss100.fa	5	5.494	6.217	95.089
long_content_30k_002/lc30k002_1357_gc3300_rp0.15_mr1.14E-4_ss200.fa	10	7.768	8.237	93.996
long_content_30k_002/lc30k002_1358_gc3300_rp0.07_mr1.14E-4_ss200.fa	6	10.441	10.383	91.586
long_content_30k_002/lc30k002_1359_gc3300_rp0.05_mr1.14E-4_ss200.fa	20	3.705	2.629	92.936
long_content_30k_002/lc30k002_135_gc3300_rp0.05_mr1.14E-4_ss200.fa	30	15.346	17.913	87.448
long_content_30k_002/lc30k002_1360_gc3300_rp0.10_mr1.14E-4_ss100.fa	15	5.195	5.125	93.828
long_content_30k_002/lc30k002_1361_gc3300_rp0.05_mr1.14E-4_ss100.fa	21	6.636	6.564	93.109
long_content_30k_002/lc30k002_1362_gc3300_rp0.07_mr1.14E-4_ss100.fa	9	3.375	2.447	93.687
long_content_30k_002/lc30k002_1363_gc3300_rp0.10_mr1.14E-4_ss200.fa	11	8.619	7.929	93.176
long_content_30k_002/lc30k002_1364_gc3300_rp0.15_mr1.14E-4_ss100.fa	24	4.415	4.418	94.060
long_content_30k_002/lc30k002_1365_gc3300_rp0.15_mr1.14E-4_ss200.fa	4	5.923	5.150	94.187
long_content_30k_002/lc30k002_1366_gc3300_rp0.07_mr1.14E-4_ss200.fa	22	7.382	8.436	92.382
long_content_30k_002/lc30k002_1367_gc3300_rp0.05_mr1.14E-4_ss200.fa	24	3.082	2.390	94.477
long_content_30k_002/lc30k002_1368_gc3300_rp0.10_mr1.14E-4_ss100.fa	22	3.541	1.334	93.097
long_content_30k_002/lc30k002_1369_gc3300_rp0.05_mr1.14E-4_ss100.fa	17	8.623	8.425	92.738
long_content_30k_002/lc30k002_136_gc3300_rp0.10_mr1.14E-4_ss100.fa	12	3.047	2.003	94.416
long_content_30k_002/lc30k002_1370_gc3300_rp0.07_mr1.14E-4_ss100.fa	17	5.100	5.956	93.012
long_content_30k_002/lc30k002_1371_gc3300_rp0.10_mr1.14E-4_ss200.fa	14	2.760	3.064	95.909
long_content_30k_002/lc30k002_1372_gc3300_rp0.15_mr1.14E-4_ss100.fa	15	3.353	2.820	94.575
long_content_30k_002/lc30k002_1373_gc3300_rp0.15_mr1.14E-4_ss200.fa	19	5.563	3.538	93.520
long_content_30k_002/lc30k002_1374_gc3300_rp0.07_mr1.14E-4_ss200.fa	18	10.719	13.274	88.972
long_content_30k_002/lc30k002_1375_gc3300_rp0.05_mr1.14E-4_ss200.fa	20	2.852	2.782	95.827
long_content_30k_002/lc30k002_1376_gc3300_rp0.10_mr1.14E-4_ss100.fa	12	4.803	4.807	94.191
long_content_30k_002/lc30k002_1377_gc3300_rp0.05_mr1.14E-4_ss100.fa	30	3.186	1.729	94.613
long_content_30k_002/lc30k002_1378_gc3300_rp0.07_mr1.14E-4_ss100.fa	13	5.852	1.261	88.917
long_content_30k_002/lc30k002_1379_gc3300_rp0.10_mr1.14E-4_ss200.fa	11	6.599	6.955	93.333
long_content_30k_002/lc30k002_137_gc3300_rp0.05_mr1.14E-4_ss100.fa	18	4.144	5.044	92.294
long_content_30k_002/lc30k002_1380_gc3300_rp0.15_mr1.14E-4_ss100.fa	15	12.529	16.889	90.530
long_content_30k_002/lc30k002_1381_gc3300_rp0.15_mr1.14E-4_ss200.fa	10	8.465	7.209	91.990
long_content_30k_002/lc30k002_1382_gc3300_rp0.07_mr1.14E-4_ss200.fa	27	2.754	1.416	92.743
long_content_30k_002/lc30k002_1383_gc3300_rp0.05_mr1.14E-4_ss200.fa	13	8.208	11.193	89.454
long_content_30k_002/lc30k002_1384_gc3300_rp0.10_mr1.14E-4_ss100.fa	23	3.476	3.569	95.214
long_content_30k_002/lc30k002_1385_gc3300_rp0.05_mr1.14E-4_ss100.fa	22	5.201	5.931	94.220
long_content_30k_002/lc30k002_1386_gc3300_rp0.07_mr1.14E-4_ss100.fa	29	5.244	4.919	95.228
long_content_30k_002/lc30k002_1387_gc3300_rp0.10_mr1.14E-4_ss200.fa	22	12.396	14.286	90.043
long_content_30k_002/lc30k002_1388_gc3300_rp0.15_mr1.14E-4_ss100.fa	11	3.589	3.535	96.062
long_content_30k_002/lc30k002_1389_gc3300_rp0.15_mr1.14E-4_ss200.fa	9	4.234	4.118	94.658
long_content_30k_002/lc30k002_138_gc3300_rp0.07_mr1.14E-4_ss100.fa	30	4.203	5.336	95.470
long_content_30k_002/lc30k002_1390_gc3300_rp0.07_mr1.14E-4_ss200.fa	28	4.435	4.491	95.493
long_content_30k_002/lc30k002_1391_gc3300_rp0.05_mr1.14E-4_ss200.fa	30	4.939	5.458	96.680
long_content_30k_002/lc30k002_1392_gc3300_rp0.10_mr1.14E-4_ss100.fa	25	3.336	3.563	96.091
long_content_30k_002/lc30k002_1393_gc3300_rp0.05_mr1.14E-4_ss100.fa	19	7.310	7.909	94.169
long_content_30k_002/lc30k002_1394_gc3300_rp0.07_mr1.14E-4_ss100.fa	24	4.853	5.920	93.467
long_content_30k_002/lc30k002_1395_gc3300_rp0.10_mr1.14E-4_ss200.fa	7	5.085	4.485	95.737
long_content_30k_002/lc30k002_1396_gc3300_rp0.15_mr1.14E-4_ss100.fa	30	3.811	4.033	95.459
long_content_30k_002/lc30k002_1397_gc3300_rp0.15_mr1.14E-4_ss200.fa	23	3.657	3.230	95.113
long_content_30k_002/lc30k002_1398_gc3300_rp0.07_mr1.14E-4_ss200.fa	30	5.424	6.201	93.941
long_content_30k_002/lc30k002_1399_gc3300_rp0.05_mr1.14E-4_ss200.fa	10	14.628	14.613	90.503
long_content_30k_002/lc30k002_139_gc3300_rp0.10_mr1.14E-4_ss200.fa	23	8.499	9.270	92.065
long_content_30k_002/lc30k002_1400_gc3300_rp0.10_mr1.14E-4_ss100.fa	20	5.647	6.379	95.089
long_content_30k_002/lc30k002_1401_gc3300_rp0.05_mr1.14E-4_ss100.fa	30	4.240	4.244	92.805
long_content_30k_002/lc30k002_1402_gc3300_rp0.07_mr1.14E-4_ss100.fa	21	9.116	8.725	91.571
long_content_30k_002/lc30k002_1403_gc3300_rp0.10_mr1.14E-4_ss200.fa	26	4.401	1.552	92.148
long_content_30k_002/lc30k002_1404_gc3300_rp0.15_mr1.14E-4_ss100.fa	12	11.005	13.657	90.002
long_content_30k_002/lc30k002_1405_gc3300_rp0.15_mr1.14E-4_ss200.fa	23	5.748	3.965	91.522
long_content_30k_002/lc30k002_1406_gc3300_rp0.07_mr1.14E-4_ss200.fa	28	4.204	4.543	94.808
long_content_30k_002/lc30k002_1407_gc3300_rp0.05_mr1.14E-4_ss200.fa	23	5.761	4.684	92.056
long_content_30k_002/lc30k002_1408_gc3300_rp0.10_mr1.14E-4_ss100.fa	5	5.191	6.492	94.645
long_content_30k_002/lc30k002_1409_gc3300_rp0.05_mr1.14E-4_ss100.fa	27	8.407	8.371	92.243
long_content_30k_002/lc30k002_140_gc3300_rp0.15_mr1.14E-4_ss100.fa	17	4.303	5.976	93.509
long_content_30k_002/lc30k002_1410_gc3300_rp0.07_mr1.14E-4_ss100.fa	23	7.484	10.308	92.544
long_content_30k_002/lc30k002_1411_gc3300_rp0.10_mr1.14E-4_ss200.fa	19	2.310	1.614	91.921
long_content_30k_002/lc30k002_1412_gc3300_rp0.15_mr1.14E-4_ss100.fa	22	3.604	3.273	96.270
long_content_30k_002/lc30k002_1413_gc3300_rp0.15_mr1.14E-4_ss200.fa	2	4.465	4.465	91.087
long_content_30k_002/lc30k002_1414_gc3300_rp0.07_mr1.14E-4_ss200.fa	18	5.190	5.620	93.388
long_content_30k_002/lc30k002_1415_gc3300_rp0.05_mr1.14E-4_ss200.fa	10	4.327	2.445	95.333
long_content_30k_002/lc30k002_1416_gc3300_rp0.10_mr1.14E-4_ss100.fa	11	5.308	5.448	94.510
long_content_30k_002/lc30k002_1417_gc3300_rp0.05_mr1.14E-4_ss100.fa	28	1.441	0.777	95.490
long_content_30k_002/lc30k002_1418_gc3300_rp0.07_mr1.14E-4_ss100.fa	11	4.554	5.248	93.054
long_content_30k_002/lc30k002_1419_gc3300_rp0.10_mr1.14E-4_ss200.fa	25	4.479	3.712	94.371
long_content_30k_002/lc30k002_141_gc3300_rp0.15_mr1.14E-4_ss200.fa	10	4.046	4.219	95.773
long_content_30k_002/lc30k002_1420_gc3300_rp0.15_mr1.14E-4_ss100.fa	22	2.962	2.607	96.400
long_content_30k_002/lc30k002_1421_gc3300_rp0.15_mr1.14E-4_ss200.fa	23	4.842	4.545	94.450
long_content_30k_002/lc30k002_1422_gc3300_rp0.07_mr1.14E-4_ss200.fa	8	3.933	2.738	94.158
long_content_30k_002/lc30k002_1423_gc3300_rp0.05_mr1.14E-4_ss200.fa	7	5.088	8.325	91.625
long_content_30k_002/lc30k002_1424_gc3300_rp0.10_mr1.14E-4_ss100.fa	29	5.081	6.578	93.898
long_content_30k_002/lc30k002_1425_gc3300_rp0.05_mr1.14E-4_ss100.fa	29	2.399	2.368	96.369
long_content_30k_002/lc30k002_1426_gc3300_rp0.07_mr1.14E-4_ss100.fa	30	3.628	3.159	95.402
long_content_30k_002/lc30k002_1427_gc3300_rp0.10_mr1.14E-4_ss200.fa	14	8.041	9.666	92.140
long_content_30k_002/lc30k002_1428_gc3300_rp0.15_mr1.14E-4_ss100.fa	22	3.059	2.738	94.639
long_content_30k_002/lc30k002_1429_gc3300_rp0.15_mr1.14E-4_ss200.fa	29	6.716	8.043	92.645
long_content_30k_002/lc30k002_142_gc3300_rp0.07_mr1.14E-4_ss200.fa	17	7.357	7.632	93.084
long_content_30k_002/lc30k002_1430_gc3300_rp0.07_mr1.14E-4_ss200.fa	30	3.426	2.953	93.454
long_content_30k_002/lc30k002_1431_gc3300_rp0.05_mr1.14E-4_ss200.fa	21	2.269	2.239	97.399
long_content_30k_002/lc30k002_1432_gc3300_rp0.10_mr1.14E-4_ss100.fa	18	5.795	5.426	89.719
long_content_30k_002/lc30k002_1433_gc3300_rp0.05_mr1.14E-4_ss100.fa	30	4.412	5.247	91.790
long_content_30k_002/lc30k002_1434_gc3300_rp0.07_mr1.14E-4_ss100.fa	10	3.221	2.509	96.283
long_content_30k_002/lc30k002_1435_gc3300_rp0.10_mr1.14E-4_ss200.fa	11	5.076	5.426	94.537
long_content_30k_002/lc30k002_1436_gc3300_rp0.15_mr1.14E-4_ss100.fa	8	7.265	6.417	93.005
long_content_30k_002/lc30k002_1437_gc3300_rp0.15_mr1.14E-4_ss200.fa	26	4.167	3.921	94.869
long_content_30k_002/lc30k002_1438_gc3300_rp0.07_mr1.14E-4_ss200.fa	30	11.440	12.446	88.768
long_content_30k_002/lc30k002_1439_gc3300_rp0.05_mr1.14E-4_ss200.fa	12	14.445	14.463	88.665
long_content_30k_002/lc30k002_143_gc3300_rp0.05_mr1.14E-4_ss200.fa	30	6.559	8.045	91.911
long_content_30k_002/lc30k002_1440_gc3300_rp0.10_mr1.14E-4_ss100.fa	30	3.027	2.807	95.984
long_content_30k_002/lc30k002_1441_gc3300_rp0.05_mr1.14E-4_ss100.fa	10	9.536	12.993	91.277
long_content_30k_002/lc30k002_1442_gc3300_rp0.07_mr1.14E-4_ss100.fa	21	5.201	5.351	93.869
long_content_30k_002/lc30k002_1443_gc3300_rp0.10_mr1.14E-4_ss200.fa	30	2.349	2.654	96.563
long_content_30k_002/lc30k002_1444_gc3300_rp0.15_mr1.14E-4_ss100.fa	5	8.099	8.855	93.060
long_content_30k_002/lc30k002_1445_gc3300_rp0.15_mr1.14E-4_ss200.fa	7	2.171	2.241	93.275
long_content_30k_002/lc30k002_1446_gc3300_rp0.07_mr1.14E-4_ss200.fa	17	4.722	3.006	92.891
long_content_30k_002/lc30k002_1447_gc3300_rp0.05_mr1.14E-4_ss200.fa	30	4.021	3.575	95.626
long_content_30k_002/lc30k002_1448_gc3300_rp0.10_mr1.14E-4_ss100.fa	9	6.159	6.671	94.487
long_content_30k_002/lc30k002_1449_gc3300_rp0.05_mr1.14E-4_ss100.fa	22	3.990	4.192	95.242
long_content_30k_002/lc30k002_144_gc3300_rp0.10_mr1.14E-4_ss100.fa	26	3.089	2.814	95.462
long_content_30k_002/lc30k002_1450_gc3300_rp0.07_mr1.14E-4_ss100.fa	24	6.140	7.446	93.328
long_content_30k_002/lc30k002_1451_gc3300_rp0.10_mr1.14E-4_ss200.fa	23	9.464	10.654	92.565
long_content_30k_002/lc30k002_1452_gc3300_rp0.15_mr1.14E-4_ss100.fa	16	4.436	4.619	95.165
long_content_30k_002/lc30k002_1453_gc3300_rp0.15_mr1.14E-4_ss200.fa	14	4.345	5.081	93.505
long_content_30k_002/lc30k002_1454_gc3300_rp0.07_mr1.14E-4_ss200.fa	17	4.460	5.786	94.669
long_content_30k_002/lc30k002_1455_gc3300_rp0.05_mr1.14E-4_ss200.fa	17	4.223	4.453	95.794
long_content_30k_002/lc30k002_1456_gc3300_rp0.10_mr1.14E-4_ss100.fa	3	2.703	2.463	95.739
long_content_30k_002/lc30k002_1457_gc3300_rp0.05_mr1.14E-4_ss100.fa	19	5.056	5.148	94.800
long_content_30k_002/lc30k002_1458_gc3300_rp0.07_mr1.14E-4_ss100.fa	14	3.694	3.701	95.468
long_content_30k_002/lc30k002_1459_gc3300_rp0.10_mr1.14E-4_ss200.fa	14	6.049	7.207	93.332
long_content_30k_002/lc30k002_145_gc3300_rp0.05_mr1.14E-4_ss100.fa	12	7.257	3.723	89.207
long_content_30k_002/lc30k002_1460_gc3300_rp0.15_mr1.14E-4_ss100.fa	14	6.686	6.326	93.812
long_content_30k_002/lc30k002_1461_gc3300_rp0.15_mr1.14E-4_ss200.fa	25	3.076	2.894	92.850
long_content_30k_002/lc30k002_1462_gc3300_rp0.07_mr1.14E-4_ss200.fa	15	3.640	3.027	92.252
long_content_30k_002/lc30k002_1463_gc3300_rp0.05_mr1.14E-4_ss200.fa	9	5.813	6.079	91.897
long_content_30k_002/lc30k002_1464_gc3300_rp0.10_mr1.14E-4_ss100.fa	21	4.398	5.071	95.354
long_content_30k_002/lc30k002_1465_gc3300_rp0.05_mr1.14E-4_ss100.fa	16	8.050	9.965	91.496
long_content_30k_002/lc30k002_1466_gc3300_rp0.07_mr1.14E-4_ss100.fa	27	9.269	9.763	92.353
long_content_30k_002/lc30k002_1467_gc3300_rp0.10_mr1.14E-4_ss200.fa	17	8.040	11.073	92.406
long_content_30k_002/lc30k002_1468_gc3300_rp0.15_mr1.14E-4_ss100.fa	12	2.085	1.128	94.480
long_content_30k_002/lc30k002_1469_gc3300_rp0.15_mr1.14E-4_ss200.fa	15	3.356	3.641	94.773
long_content_30k_002/lc30k002_146_gc3300_rp0.07_mr1.14E-4_ss100.fa	30	5.395	5.690	94.320
long_content_30k_002/lc30k002_1470_gc3300_rp0.07_mr1.14E-4_ss200.fa	30	6.588	6.798	93.617
long_content_30k_002/lc30k002_1471_gc3300_rp0.05_mr1.14E-4_ss200.fa	16	1.814	0.603	94.095
long_content_30k_002/lc30k002_1472_gc3300_rp0.10_mr1.14E-4_ss100.fa	4	6.315	5.870	93.249
long_content_30k_002/lc30k002_1473_gc3300_rp0.05_mr1.14E-4_ss100.fa	11	5.509	5.784	95.390
long_content_30k_002/lc30k002_1474_gc3300_rp0.07_mr1.14E-4_ss100.fa	2	2.414	2.414	95.181
long_content_30k_002/lc30k002_1475_gc3300_rp0.10_mr1.14E-4_ss200.fa	13	5.723	6.983	93.351
long_content_30k_002/lc30k002_1476_gc3300_rp0.15_mr1.14E-4_ss100.fa	10	10.611	10.838	91.364
long_content_30k_002/lc30k002_1477_gc3300_rp0.15_mr1.14E-4_ss200.fa	12	5.803	6.114	94.587
long_content_30k_002/lc30k002_1478_gc3300_rp0.07_mr1.14E-4_ss200.fa	22	3.631	3.943	95.580
long_content_30k_002/lc30k002_1479_gc3300_rp0.05_mr1.14E-4_ss200.fa	21	5.641	6.968	93.066
long_content_30k_002/lc30k002_147_gc3300_rp0.10_mr1.14E-4_ss200.fa	15	4.197	2.735	92.081
long_content_30k_002/lc30k002_1480_gc3300_rp0.10_mr1.14E-4_ss100.fa	15	5.539	6.016	93.913
long_content_30k_002/lc30k002_1481_gc3300_rp0.05_mr1.14E-4_ss100.fa	29	5.847	3.415	90.727
long_content_30k_002/lc30k002_1482_gc3300_rp0.07_mr1.14E-4_ss100.fa	23	5.955	6.369	92.091
long_content_30k_002/lc30k002_1483_gc3300_rp0.10_mr1.14E-4_ss200.fa	29	2.885	0.831	90.667
long_content_30k_002/lc30k002_1484_gc3300_rp0.15_mr1.14E-4_ss100.fa	19	3.788	2.498	95.348
long_content_30k_002/lc30k002_1485_gc3300_rp0.15_mr1.14E-4_ss200.fa	25	5.050	4.638	93.769
long_content_30k_002/lc30k002_1486_gc3300_rp0.07_mr1.14E-4_ss200.fa	11	3.585	3.799	94.459
long_content_30k_002/lc30k002_1487_gc3300_rp0.05_mr1.14E-4_ss200.fa	26	2.320	2.334	98.047
long_content_30k_002/lc30k002_1488_gc3300_rp0.10_mr1.14E-4_ss100.fa	24	6.486	6.314	89.050
long_content_30k_002/lc30k002_1489_gc3300_rp0.05_mr1.14E-4_ss100.fa	30	5.871	5.414	92.117
long_content_30k_002/lc30k002_148_gc3300_rp0.15_mr1.14E-4_ss100.fa	28	5.656	5.681	94.857
long_content_30k_002/lc30k002_1490_gc3300_rp0.07_mr1.14E-4_ss100.fa	7	6.157	7.786	93.679
long_content_30k_002/lc30k002_1491_gc3300_rp0.10_mr1.14E-4_ss200.fa	13	4.229	3.970	95.139
long_content_30k_002/lc30k002_1492_gc3300_rp0.15_mr1.14E-4_ss100.fa	6	5.609	5.802	94.937
long_content_30k_002/lc30k002_1493_gc3300_rp0.15_mr1.14E-4_ss200.fa	10	8.830	10.426	91.237
long_content_30k_002/lc30k002_1494_gc3300_rp0.07_mr1.14E-4_ss200.fa	30	2.831	3.163	97.008
long_content_30k_002/lc30k002_1495_gc3300_rp0.05_mr1.14E-4_ss200.fa	22	6.700	6.654	93.329
long_content_30k_002/lc30k002_1496_gc3300_rp0.10_mr1.14E-4_ss100.fa	19	3.540	2.130	89.847
long_content_30k_002/lc30k002_1497_gc3300_rp0.05_mr1.14E-4_ss100.fa	11	16.210	16.973	89.333
long_content_30k_002/lc30k002_1498_gc3300_rp0.07_mr1.14E-4_ss100.fa	15	13.971	15.432	89.492
long_content_30k_002/lc30k002_1499_gc3300_rp0.10_mr1.14E-4_ss200.fa	20	2.268	1.495	95.095
long_content_30k_002/lc30k002_149_gc3300_rp0.15_mr1.14E-4_ss200.fa	19	2.818	2.313	94.909
long_content_30k_002/lc30k002_1500_gc3300_rp0.15_mr1.14E-4_ss100.fa	25	6.431	7.131	93.450
long_content_30k_002/lc30k002_1501_gc3300_rp0.15_mr1.14E-4_ss200.fa	5	3.798	5.256	93.791
long_content_30k_002/lc30k002_1502_gc3300_rp0.07_mr1.14E-4_ss200.fa	16	12.488	11.397	88.229
long_content_30k_002/lc30k002_1503_gc3300_rp0.05_mr1.14E-4_ss200.fa	17	6.134	5.194	90.409
long_content_30k_002/lc30k002_1504_gc3300_rp0.10_mr1.14E-4_ss100.fa	13	3.914	2.552	94.206
long_content_30k_002/lc30k002_1505_gc3300_rp0.05_mr1.14E-4_ss100.fa	30	5.271	2.853	91.865
long_content_30k_002/lc30k002_1506_gc3300_rp0.07_mr1.14E-4_ss100.fa	18	5.272	5.957	94.137
long_content_30k_002/lc30k002_1507_gc3300_rp0.10_mr1.14E-4_ss200.fa	30	7.035	9.088	93.037
long_content_30k_002/lc30k002_1508_gc3300_rp0.15_mr1.14E-4_ss100.fa	11	6.414	6.708	94.261
long_content_30k_002/lc30k002_1509_gc3300_rp0.15_mr1.14E-4_ss200.fa	9	4.552	4.853	92.754
long_content_30k_002/lc30k002_150_gc3300_rp0.07_mr1.14E-4_ss200.fa	23	12.902	13.718	91.052
long_content_30k_002/lc30k002_1510_gc3300_rp0.07_mr1.14E-4_ss200.fa	25	4.206	4.359	94.730
long_content_30k_002/lc30k002_1511_gc3300_rp0.05_mr1.14E-4_ss200.fa	0	0.000	0.000	0.000
long_content_30k_002/lc30k002_1512_gc3300_rp0.10_mr1.14E-4_ss100.fa	23	7.139	7.180	92.708
long_content_30k_002/lc30k002_1513_gc3300_rp0.05_mr1.14E-4_ss100.fa	22	10.313	10.424	92.629
long_content_30k_002/lc30k002_1514_gc3300_rp0.07_mr1.14E-4_ss100.fa	13	4.241	3.978	90.188
long_content_30k_002/lc30k002_1515_gc3300_rp0.10_mr1.14E-4_ss200.fa	9	4.719	5.529	95.571
long_content_30k_002/lc30k002_1516_gc3300_rp0.15_mr1.14E-4_ss100.fa	5	6.355	7.468	93.783
long_content_30k_002/lc30k002_1517_gc3300_rp0.15_mr1.14E-4_ss200.fa	10	2.666	1.209	93.209
long_content_30k_002/lc30k002_1518_gc3300_rp0.07_mr1.14E-4_ss200.fa	16	5.603	6.473	93.194
long_content_30k_002/lc30k002_1519_gc3300_rp0.05_mr1.14E-4_ss200.fa	30	4.911	5.100	94.449
long_content_30k_002/lc30k002_151_gc3300_rp0.05_mr1.14E-4_ss200.fa	10	6.792	6.638	92.730
long_content_30k_002/lc30k002_1520_gc3300_rp0.10_mr1.14E-4_ss100.fa	23	3.570	1.803	93.695
long_content_30k_002/lc30k002_1521_gc3300_rp0.05_mr1.14E-4_ss100.fa	21	3.476	3.001	95.761
long_content_30k_002/lc30k002_1522_gc3300_rp0.07_mr1.14E-4_ss100.fa	22	2.449	1.349	93.792
long_content_30k_002/lc30k002_1523_gc3300_rp0.10_mr1.14E-4_ss200.fa	14	6.220	5.758	94.735
long_content_30k_002/lc30k002_1524_gc3300_rp0.15_mr1.14E-4_ss100.fa	14	3.604	3.836	94.841
long_content_30k_002/lc30k002_1525_gc3300_rp0.15_mr1.14E-4_ss200.fa	14	2.235	1.772	93.885
long_content_30k_002/lc30k002_1526_gc3300_rp0.07_mr1.14E-4_ss200.fa	18	7.251	6.771	92.743
long_content_30k_002/lc30k002_1527_gc3300_rp0.05_mr1.14E-4_ss200.fa	13	3.297	1.274	93.123
long_content_30k_002/lc30k002_1528_gc3300_rp0.10_mr1.14E-4_ss100.fa	10	6.573	8.199	91.295
long_content_30k_002/lc30k002_1529_gc3300_rp0.05_mr1.14E-4_ss100.fa	30	3.964	4.228	95.468
long_content_30k_002/lc30k002_152_gc3300_rp0.10_mr1.14E-4_ss100.fa	7	6.221	7.110	92.097
long_content_30k_002/lc30k002_1530_gc3300_rp0.07_mr1.14E-4_ss100.fa	16	9.668	11.803	91.058
long_content_30k_002/lc30k002_1531_gc3300_rp0.10_mr1.14E-4_ss200.fa	17	7.479	7.028	92.531
long_content_30k_002/lc30k002_1532_gc3300_rp0.15_mr1.14E-4_ss100.fa	5	5.294	5.876	95.360
long_content_30k_002/lc30k002_1533_gc3300_rp0.15_mr1.14E-4_ss200.fa	23	3.944	2.126	95.383
long_content_30k_002/lc30k002_1534_gc3300_rp0.07_mr1.14E-4_ss200.fa	20	8.389	9.295	92.158
long_content_30k_002/lc30k002_1535_gc3300_rp0.05_mr1.14E-4_ss200.fa	11	3.977	5.089	93.313
long_content_30k_002/lc30k002_1536_gc3300_rp0.10_mr1.14E-4_ss100.fa	27	2.418	2.655	96.070
long_content_30k_002/lc30k002_1537_gc3300_rp0.05_mr1.14E-4_ss100.fa	30	2.715	2.360	96.472
long_content_30k_002/lc30k002_1538_gc3300_rp0.07_mr1.14E-4_ss100.fa	21	4.607	4.669	92.760
long_content_30k_002/lc30k002_1539_gc3300_rp0.10_mr1.14E-4_ss200.fa	13	8.129	13.006	89.667
long_content_30k_002/lc30k002_153_gc3300_rp0.05_mr1.14E-4_ss100.fa	30	3.177	3.436	96.358
long_content_30k_002/lc30k002_1540_gc3300_rp0.15_mr1.14E-4_ss100.fa	20	2.710	2.929	95.882
long_content_30k_002/lc30k002_1541_gc3300_rp0.15_mr1.14E-4_ss200.fa	15	3.229	3.137	96.226
long_content_30k_002/lc30k002_1542_gc3300_rp0.07_mr1.14E-4_ss200.fa	9	6.841	7.793	93.971
long_content_30k_002/lc30k002_1543_gc3300_rp0.05_mr1.14E-4_ss200.fa	20	6.793	3.865	93.065
long_content_30k_002/lc30k002_1544_gc3300_rp0.10_mr1.14E-4_ss100.fa	27	3.448	4.046	96.089
long_content_30k_002/lc30k002_1545_gc3300_rp0.05_mr1.14E-4_ss100.fa	3	6.531	6.585	91.725
long_content_30k_002/lc30k002_1546_gc3300_rp0.07_mr1.14E-4_ss100.fa	24	9.467	9.821	90.807
long_content_30k_002/lc30k002_1547_gc3300_rp0.10_mr1.14E-4_ss200.fa	22	5.810	7.816	92.317
long_content_30k_002/lc30k002_1548_gc3300_rp0.15_mr1.14E-4_ss100.fa	16	6.247	6.063	93.082
long_content_30k_002/lc30k002_1549_gc3300_rp0.15_mr1.14E-4_ss200.fa	23	4.437	3.399	94.528
long_content_30k_002/lc30k002_154_gc3300_rp0.07_mr1.14E-4_ss100.fa	10	3.231	2.964	89.727
long_content_30k_002/lc30k002_1550_gc3300_rp0.07_mr1.14E-4_ss200.fa	29	2.718	2.708	96.550
long_content_30k_002/lc30k002_1551_gc3300_rp0.05_mr1.14E-4_ss200.fa	26	7.353	7.918	93.494
long_content_30k_002/lc30k002_1552_gc3300_rp0.10_mr1.14E-4_ss100.fa	18	4.000	3.790	95.415
long_content_30k_002/lc30k002_1553_gc3300_rp0.05_mr1.14E-4_ss100.fa	14	7.758	8.522	91.792
long_content_30k_002/lc30k002_1554_gc3300_rp0.07_mr1.14E-4_ss100.fa	30	3.373	2.669	92.102
long_content_30k_002/lc30k002_1555_gc3300_rp0.10_mr1.14E-4_ss200.fa	23	4.737	5.844	95.326
long_content_30k_002/lc30k002_1556_gc3300_rp0.15_mr1.14E-4_ss100.fa	11	4.565	5.150	94.125
long_content_30k_002/lc30k002_1557_gc3300_rp0.15_mr1.14E-4_ss200.fa	17	2.849	3.124	96.892
long_content_30k_002/lc30k002_1558_gc3300_rp0.07_mr1.14E-4_ss200.fa	27	4.231	4.466	95.620
long_content_30k_002/lc30k002_1559_gc3300_rp0.05_mr1.14E-4_ss200.fa	30	3.641	3.384	95.084
long_content_30k_002/lc30k002_155_gc3300_rp0.10_mr1.14E-4_ss200.fa	17	5.514	6.313	93.718
long_content_30k_002/lc30k002_1560_gc3300_rp0.10_mr1.14E-4_ss100.fa	21	5.635	7.180	94.367
long_content_30k_002/lc30k002_1561_gc3300_rp0.05_mr1.14E-4_ss100.fa	1	0.981	0.981	99.292
long_content_30k_002/lc30k002_1562_gc3300_rp0.07_mr1.14E-4_ss100.fa	18	2.956	3.170	96.655
long_content_30k_002/lc30k002_1563_gc3300_rp0.10_mr1.14E-4_ss200.fa	19	1.725	1.253	92.550
long_content_30k_002/lc30k002_1564_gc3300_rp0.15_mr1.14E-4_ss100.fa	22	3.845	3.973	95.203
long_content_30k_002/lc30k002_1565_gc3300_rp0.15_mr1.14E-4_ss200.fa	22	3.086	3.039	95.487
long_content_30k_002/lc30k002_1566_gc3300_rp0.07_mr1.14E-4_ss200.fa	13	5.217	7.198	91.491
long_content_30k_002/lc30k002_1567_gc3300_rp0.05_mr1.14E-4_ss200.fa	18	4.015	6.235	92.403
long_content_30k_002/lc30k002_1568_gc3300_rp0.10_mr1.14E-4_ss100.fa	13	4.518	3.269	94.032
long_content_30k_002/lc30k002_1569_gc3300_rp0.05_mr1.14E-4_ss100.fa	30	4.722	3.840	88.117
long_content_30k_002/lc30k002_156_gc3300_rp0.15_mr1.14E-4_ss100.fa	12	3.875	3.519	96.125
long_content_30k_002/lc30k002_1570_gc3300_rp0.07_mr1.14E-4_ss100.fa	18	4.205	4.860	95.551
long_content_30k_002/lc30k002_1571_gc3300_rp0.10_mr1.14E-4_ss200.fa	30	3.869	5.104	93.696
long_content_30k_002/lc30k002_1572_gc3300_rp0.15_mr1.14E-4_ss100.fa	14	5.296	6.903	92.751
long_content_30k_002/lc30k002_1573_gc3300_rp0.15_mr1.14E-4_ss200.fa	10	1.575	0.763	96.398
long_content_30k_002/lc30k002_1574_gc3300_rp0.07_mr1.14E-4_ss200.fa	30	3.094	3.204	96.279
long_content_30k_002/lc30k002_1575_gc3300_rp0.05_mr1.14E-4_ss200.fa	13	4.318	3.444	96.130
long_content_30k_002/lc30k002_1576_gc3300_rp0.10_mr1.14E-4_ss100.fa	17	4.313	4.273	95.527
long_content_30k_002/lc30k002_1577_gc3300_rp0.05_mr1.14E-4_ss100.fa	30	2.168	2.493	97.981
long_content_30k_002/lc30k002_1578_gc3300_rp0.07_mr1.14E-4_ss100.fa	30	2.485	2.553	96.386
long_content_30k_002/lc30k002_1579_gc3300_rp0.10_mr1.14E-4_ss200.fa	11	3.685	2.528	94.385
long_content_30k_002/lc30k002_157_gc3300_rp0.15_mr1.14E-4_ss200.fa	21	5.027	5.001	93.610
long_content_30k_002/lc30k002_1580_gc3300_rp0.15_mr1.14E-4_ss100.fa	24	4.958	5.697	94.488
long_content_30k_002/lc30k002_1581_gc3300_rp0.15_mr1.14E-4_ss200.fa	6	9.766	9.757	91.593
long_content_30k_002/lc30k002_1582_gc3300_rp0.07_mr1.14E-4_ss200.fa	21	3.449	1.736	92.043
long_content_30k_002/lc30k002_1583_gc3300_rp0.05_mr1.14E-4_ss200.fa	30	3.952	4.056	95.866
long_content_30k_002/lc30k002_1584_gc3300_rp0.10_mr1.14E-4_ss100.fa	13	4.863	4.970	95.248
long_content_30k_002/lc30k002_1585_gc3300_rp0.05_mr1.14E-4_ss100.fa	30	5.351	5.925	93.409
long_content_30k_002/lc30k002_1586_gc3300_rp0.07_mr1.14E-4_ss100.fa	30	6.179	6.530	94.117
long_content_30k_002/lc30k002_1587_gc3300_rp0.10_mr1.14E-4_ss200.fa	8	6.460	4.309	89.403
long_content_30k_002/lc30k002_1588_gc3300_rp0.15_mr1.14E-4_ss100.fa	19	4.689	4.559	94.003
long_content_30k_002/lc30k002_1589_gc3300_rp0.15_mr1.14E-4_ss200.fa	28	4.126	4.854	94.695
long_content_30k_002/lc30k002_158_gc3300_rp0.07_mr1.14E-4_ss200.fa	30	3.036	3.027	97.058
long_content_30k_002/lc30k002_1590_gc3300_rp0.07_mr1.14E-4_ss200.fa	15	3.626	2.150	91.626
long_content_30k_002/lc30k002_1591_gc3300_rp0.05_mr1.14E-4_ss200.fa	20	7.748	6.474	92.041
long_content_30k_002/lc30k002_1592_gc3300_rp0.10_mr1.14E-4_ss100.fa	14	4.994	5.362	94.808
long_content_30k_002/lc30k002_1593_gc3300_rp0.05_mr1.14E-4_ss100.fa	10	10.104	10.104	92.937
long_content_30k_002/lc30k002_1594_gc3300_rp0.07_mr1.14E-4_ss100.fa	12	8.244	8.850	93.384
long_content_30k_002/lc30k002_1595_gc3300_rp0.10_mr1.14E-4_ss200.fa	24	1.965	1.811	95.292
long_content_30k_002/lc30k002_1596_gc3300_rp0.15_mr1.14E-4_ss100.fa	17	6.462	6.598	93.568
long_content_30k_002/lc30k002_1597_gc3300_rp0.15_mr1.14E-4_ss200.fa	23	5.578	5.883	95.123
long_content_30k_002/lc30k002_1598_gc3300_rp0.07_mr1.14E-4_ss200.fa	13	4.078	4.214	94.102
long_content_30k_002/lc30k002_1599_gc3300_rp0.05_mr1.14E-4_ss200.fa	30	2.780	2.037	94.666
long_content_30k_002/lc30k002_159_gc3300_rp0.05_mr1.14E-4_ss200.fa	30	6.036	6.539	92.409
long_content_30k_002/lc30k002_1600_gc3300_rp0.10_mr1.14E-4_ss100.fa	19	4.045	5.622	93.733
long_content_30k_002/lc30k002_1601_gc3300_rp0.05_mr1.14E-4_ss100.fa	30	6.038	4.229	93.608
long_content_30k_002/lc30k002_1602_gc3300_rp0.07_mr1.14E-4_ss100.fa	24	2.282	2.603	97.026
long_content_30k_002/lc30k002_1603_gc3300_rp0.10_mr1.14E-4_ss200.fa	19	5.441	5.460	94.495
long_content_30k_002/lc30k002_1604_gc3300_rp0.15_mr1.14E-4_ss100.fa	12	6.480	6.795	92.025
long_content_30k_002/lc30k002_1605_gc3300_rp0.15_mr1.14E-4_ss200.fa	20	7.859	8.177	93.008
long_content_30k_002/lc30k002_1606_gc3300_rp0.07_mr1.14E-4_ss200.fa	22	3.755	0.839	93.561
long_content_30k_002/lc30k002_1607_gc3300_rp0.05_mr1.14E-4_ss200.fa	5	0.861	0.919	90.396
long_content_30k_002/lc30k002_1608_gc3300_rp0.10_mr1.14E-4_ss100.fa	8	2.162	1.925	96.873
long_content_30k_002/lc30k002_1609_gc3300_rp0.05_mr1.14E-4_ss100.fa	16	11.358	11.147	90.693
long_content_30k_002/lc30k002_160_gc3300_rp0.10_mr1.14E-4_ss100.fa	16	2.586	1.947	96.235
long_content_30k_002/lc30k002_1610_gc3300_rp0.07_mr1.14E-4_ss100.fa	30	6.323	7.011	93.785
long_content_30k_002/lc30k002_1611_gc3300_rp0.10_mr1.14E-4_ss200.fa	25	2.354	2.717	96.601
long_content_30k_002/lc30k002_1612_gc3300_rp0.15_mr1.14E-4_ss100.fa	11	11.572	13.982	87.884
long_content_30k_002/lc30k002_1613_gc3300_rp0.15_mr1.14E-4_ss200.fa	16	4.438	2.535	92.951
long_content_30k_002/lc30k002_1614_gc3300_rp0.07_mr1.14E-4_ss200.fa	29	2.604	2.235	94.662
long_content_30k_002/lc30k002_1615_gc3300_rp0.05_mr1.14E-4_ss200.fa	30	5.772	3.585	88.043
long_content_30k_002/lc30k002_1616_gc3300_rp0.10_mr1.14E-4_ss100.fa	22	2.689	2.856	96.919
long_content_30k_002/lc30k002_1617_gc3300_rp0.05_mr1.14E-4_ss100.fa	1	11.508	11.508	91.225
long_content_30k_002/lc30k002_1618_gc3300_rp0.07_mr1.14E-4_ss100.fa	24	9.155	9.647	93.204
long_content_30k_002/lc30k002_1619_gc3300_rp0.10_mr1.14E-4_ss200.fa	26	4.311	5.130	94.703
long_content_30k_002/lc30k002_161_gc3300_rp0.05_mr1.14E-4_ss100.fa	25	5.047	3.138	89.707
long_content_30k_002/lc30k002_1620_gc3300_rp0.15_mr1.14E-4_ss100.fa	14	7.610	8.430	90.712
long_content_30k_002/lc30k002_1621_gc3300_rp0.15_mr1.14E-4_ss200.fa	19	5.426	6.020	93.910
long_content_30k_002/lc30k002_1622_gc3300_rp0.07_mr1.14E-4_ss200.fa	11	4.242	3.955	91.658
long_content_30k_002/lc30k002_1623_gc3300_rp0.05_mr1.14E-4_ss200.fa	28	3.101	2.923	95.715
long_content_30k_002/lc30k002_1624_gc3300_rp0.10_mr1.14E-4_ss100.fa	29	2.740	1.961	95.257
long_content_30k_002/lc30k002_1625_gc3300_rp0.05_mr1.14E-4_ss100.fa	7	13.215	14.007	89.878
long_content_30k_002/lc30k002_1626_gc3300_rp0.07_mr1.14E-4_ss100.fa	17	10.219	12.153	90.202
long_content_30k_002/lc30k002_1627_gc3300_rp0.10_mr1.14E-4_ss200.fa	30	4.874	5.053	93.548
long_content_30k_002/lc30k002_1628_gc3300_rp0.15_mr1.14E-4_ss100.fa	27	3.979	4.531	95.266
long_content_30k_002/lc30k002_1629_gc3300_rp0.15_mr1.14E-4_ss200.fa	7	2.791	2.575	95.656
long_content_30k_002/lc30k002_162_gc3300_rp0.07_mr1.14E-4_ss100.fa	13	4.525	3.960	93.077
long_content_30k_002/lc30k002_1630_gc3300_rp0.07_mr1.14E-4_ss200.fa	20	4.302	4.657	93.410
long_content_30k_002/lc30k002_1631_gc3300_rp0.05_mr1.14E-4_ss200.fa	22	5.983	7.597	93.453
long_content_30k_002/lc30k002_1632_gc3300_rp0.10_mr1.14E-4_ss100.fa	11	8.135	8.874	91.010
long_content_30k_002/lc30k002_1633_gc3300_rp0.05_mr1.14E-4_ss100.fa	10	6.985	3.760	85.715
long_content_30k_002/lc30k002_1634_gc3300_rp0.07_mr1.14E-4_ss100.fa	20	6.483	6.391	93.307
long_content_30k_002/lc30k002_1635_gc3300_rp0.10_mr1.14E-4_ss200.fa	27	2.157	1.608	96.905
long_content_30k_002/lc30k002_1636_gc3300_rp0.15_mr1.14E-4_ss100.fa	24	5.638	5.163	94.359
long_content_30k_002/lc30k002_1637_gc3300_rp0.15_mr1.14E-4_ss200.fa	13	3.314	3.192	96.379
long_content_30k_002/lc30k002_1638_gc3300_rp0.07_mr1.14E-4_ss200.fa	30	5.839	7.618	92.031
long_content_30k_002/lc30k002_1639_gc3300_rp0.05_mr1.14E-4_ss200.fa	23	8.473	7.819	92.667
long_content_30k_002/lc30k002_163_gc3300_rp0.10_mr1.14E-4_ss200.fa	20	6.244	7.185	93.378
long_content_30k_002/lc30k002_1640_gc3300_rp0.10_mr1.14E-4_ss100.fa	18	5.474	5.992	94.459
long_content_30k_002/lc30k002_1641_gc3300_rp0.05_mr1.14E-4_ss100.fa	30	6.972	3.846	89.648
long_content_30k_002/lc30k002_1642_gc3300_rp0.07_mr1.14E-4_ss100.fa	11	2.947	2.632	93.820
long_content_30k_002/lc30k002_1643_gc3300_rp0.10_mr1.14E-4_ss200.fa	14	2.158	2.066	95.015
long_content_30k_002/lc30k002_1644_gc3300_rp0.15_mr1.14E-4_ss100.fa	21	2.584	3.088	96.513
long_content_30k_002/lc30k002_1645_gc3300_rp0.15_mr1.14E-4_ss200.fa	16	3.391	1.923	93.863
long_content_30k_002/lc30k002_1646_gc3300_rp0.07_mr1.14E-4_ss200.fa	28	2.383	2.157	97.264
long_content_30k_002/lc30k002_1647_gc3300_rp0.05_mr1.14E-4_ss200.fa	30	8.835	10.115	92.374
long_content_30k_002/lc30k002_1648_gc3300_rp0.10_mr1.14E-4_ss100.fa	9	6.463	6.214	92.196
long_content_30k_002/lc30k002_1649_gc3300_rp0.05_mr1.14E-4_ss100.fa	12	3.779	4.224	97.055
long_content_30k_002/lc30k002_164_gc3300_rp0.15_mr1.14E-4_ss100.fa	4	4.277	3.491	94.561
long_content_30k_002/lc30k002_1650_gc3300_rp0.07_mr1.14E-4_ss100.fa	15	9.692	9.963	93.008
long_content_30k_002/lc30k002_1651_gc3300_rp0.10_mr1.14E-4_ss200.fa	28	3.933	3.268	92.532
long_content_30k_002/lc30k002_1652_gc3300_rp0.15_mr1.14E-4_ss100.fa	4	1.488	1.385	96.523
long_content_30k_002/lc30k002_1653_gc3300_rp0.15_mr1.14E-4_ss200.fa	15	5.417	5.535	94.917
long_content_30k_002/lc30k002_1654_gc3300_rp0.07_mr1.14E-4_ss200.fa	7	9.074	9.237	92.164
long_content_30k_002/lc30k002_1655_gc3300_rp0.05_mr1.14E-4_ss200.fa	30	3.332	2.744	94.774
long_content_30k_002/lc30k002_1656_gc3300_rp0.10_mr1.14E-4_ss100.fa	17	5.623	6.881	93.951
long_content_30k_002/lc30k002_1657_gc3300_rp0.05_mr1.14E-4_ss100.fa	4	11.254	11.175	91.960
long_content_30k_002/lc30k002_1658_gc3300_rp0.07_mr1.14E-4_ss100.fa	15	4.142	5.212	94.502
long_content_30k_002/lc30k002_1659_gc3300_rp0.10_mr1.14E-4_ss200.fa	30	2.980	2.739	96.866
long_content_30k_002/lc30k002_165_gc3300_rp0.15_mr1.14E-4_ss200.fa	25	3.816	3.895	95.274
long_content_30k_002/lc30k002_1660_gc3300_rp0.15_mr1.14E-4_ss100.fa	23	5.712	6.293	93.871
long_content_30k_002/lc30k002_1661_gc3300_rp0.15_mr1.14E-4_ss200.fa	18	6.812	5.229	91.262
long_content_30k_002/lc30k002_1662_gc3300_rp0.07_mr1.14E-4_ss200.fa	10	5.867	6.077	94.450
long_content_30k_002/lc30k002_1663_gc3300_rp0.05_mr1.14E-4_ss200.fa	30	6.940	7.482	92.961
long_content_30k_002/lc30k002_1664_gc3300_rp0.10_mr1.14E-4_ss100.fa	18	4.104	4.301	94.516
long_content_30k_002/lc30k002_1665_gc3300_rp0.05_mr1.14E-4_ss100.fa	12	5.474	5.582	94.263
long_content_30k_002/lc30k002_1666_gc3300_rp0.07_mr1.14E-4_ss100.fa	28	5.217	5.856	94.918
long_content_30k_002/lc30k002_1667_gc3300_rp0.10_mr1.14E-4_ss200.fa	20	2.648	2.211	94.824
long_content_30k_002/lc30k002_1668_gc3300_rp0.15_mr1.14E-4_ss100.fa	18	5.104	5.174	94.780
long_content_30k_002/lc30k002_1669_gc3300_rp0.15_mr1.14E-4_ss200.fa	9	6.410	6.241	91.721
long_content_30k_002/lc30k002_166_gc3300_rp0.07_mr1.14E-4_ss200.fa	11	4.433	4.821	95.681
long_content_30k_002/lc30k002_1670_gc3300_rp0.07_mr1.14E-4_ss200.fa	22	4.872	5.035	95.144
long_content_30k_002/lc30k002_1671_gc3300_rp0.05_mr1.14E-4_ss200.fa	30	6.718	7.023	93.414
long_content_30k_002/lc30k002_1672_gc3300_rp0.10_mr1.14E-4_ss100.fa	5	2.116	0.920	94.942
long_content_30k_002/lc30k002_1673_gc3300_rp0.05_mr1.14E-4_ss100.fa	30	5.985	6.914	93.960
long_content_30k_002/lc30k002_1674_gc3300_rp0.07_mr1.14E-4_ss100.fa	11	5.436	6.441	93.470
long_content_30k_002/lc30k002_1675_gc3300_rp0.10_mr1.14E-4_ss200.fa	30	5.140	3.811	91.030
long_content_30k_002/lc30k002_1676_gc3300_rp0.15_mr1.14E-4_ss100.fa	6	4.191	4.645	94.798
long_content_30k_002/lc30k002_1677_gc3300_rp0.15_mr1.14E-4_ss200.fa	14	4.706	4.571	94.545
long_content_30k_002/lc30k002_1678_gc3300_rp0.07_mr1.14E-4_ss200.fa	6	6.252	6.126	93.546
long_content_30k_002/lc30k002_1679_gc3300_rp0.05_mr1.14E-4_ss200.fa	26	8.912	12.466	91.315
long_content_30k_002/lc30k002_167_gc3300_rp0.05_mr1.14E-4_ss200.fa	30	2.652	2.744	96.407
long_content_30k_002/lc30k002_1680_gc3300_rp0.10_mr1.14E-4_ss100.fa	30	3.157	3.802	95.392
long_content_30k_002/lc30k002_1681_gc3300_rp0.05_mr1.14E-4_ss100.fa	10	3.819	1.726	91.191
long_content_30k_002/lc30k002_1682_gc3300_rp0.07_mr1.14E-4_ss100.fa	13	3.818	3.491	95.325
long_content_30k_002/lc30k002_1683_gc3300_rp0.10_mr1.14E-4_ss200.fa	13	6.148	7.670	92.054
long_content_30k_002/lc30k002_1684_gc3300_rp0.15_mr1.14E-4_ss100.fa	19	3.561	2.609	95.633
long_content_30k_002/lc30k002_1685_gc3300_rp0.15_mr1.14E-4_ss200.fa	18	5.877	6.872	92.133
long_content_30k_002/lc30k002_1686_gc3300_rp0.07_mr1.14E-4_ss200.fa	17	3.641	2.722	93.735
long_content_30k_002/lc30k002_1687_gc3300_rp0.05_mr1.14E-4_ss200.fa	10	4.749	4.968	93.801
long_content_30k_002/lc30k002_1688_gc3300_rp0.10_mr1.14E-4_ss100.fa	17	5.318	5.365	94.095
long_content_30k_002/lc30k002_1689_gc3300_rp0.05_mr1.14E-4_ss100.fa	13	2.746	2.274	97.367
long_content_30k_002/lc30k002_168_gc3300_rp0.10_mr1.14E-4_ss100.fa	15	3.167	3.219	95.704
long_content_30k_002/lc30k002_1690_gc3300_rp0.07_mr1.14E-4_ss100.fa	15	6.278	6.629	94.126
long_content_30k_002/lc30k002_1691_gc3300_rp0.10_mr1.14E-4_ss200.fa	30	3.916	3.335	94.055
long_content_30k_002/lc30k002_1692_gc3300_rp0.15_mr1.14E-4_ss100.fa	10	5.522	6.070	93.609
long_content_30k_002/lc30k002_1693_gc3300_rp0.15_mr1.14E-4_ss200.fa	25	3.504	2.194	93.239
long_content_30k_002/lc30k002_1694_gc3300_rp0.07_mr1.14E-4_ss200.fa	24	3.108	3.193	95.886
long_content_30k_002/lc30k002_1695_gc3300_rp0.05_mr1.14E-4_ss200.fa	27	5.029	4.762	94.465
long_content_30k_002/lc30k002_1696_gc3300_rp0.10_mr1.14E-4_ss100.fa	23	2.490	2.490	95.884
long_content_30k_002/lc30k002_1697_gc3300_rp0.05_mr1.14E-4_ss100.fa	28	3.827	4.113	96.060
long_content_30k_002/lc30k002_1698_gc3300_rp0.07_mr1.14E-4_ss100.fa	25	8.311	10.752	90.133
long_content_30k_002/lc30k002_1699_gc3300_rp0.10_mr1.14E-4_ss200.fa	8	5.457	5.282	93.155
long_content_30k_002/lc30k002_169_gc3300_rp0.05_mr1.14E-4_ss100.fa	30	4.067	4.302	95.949
long_content_30k_002/lc30k002_1700_gc3300_rp0.15_mr1.14E-4_ss100.fa	22	5.968	6.043	94.484
long_content_30k_002/lc30k002_1701_gc3300_rp0.15_mr1.14E-4_ss200.fa	21	3.200	2.344	95.668
long_content_30k_002/lc30k002_1702_gc3300_rp0.07_mr1.14E-4_ss200.fa	12	6.572	2.873	90.610
long_content_30k_002/lc30k002_1703_gc3300_rp0.05_mr1.14E-4_ss200.fa	21	3.286	3.120	95.741
long_content_30k_002/lc30k002_1704_gc3300_rp0.10_mr1.14E-4_ss100.fa	17	4.298	4.376	95.362
long_content_30k_002/lc30k002_1705_gc3300_rp0.05_mr1.14E-4_ss100.fa	16	5.465	7.915	93.169
long_content_30k_002/lc30k002_1706_gc3300_rp0.07_mr1.14E-4_ss100.fa	11	7.041	7.157	94.011
long_content_30k_002/lc30k002_1707_gc3300_rp0.10_mr1.14E-4_ss200.fa	17	5.630	5.843	93.802
long_content_30k_002/lc30k002_1708_gc3300_rp0.15_mr1.14E-4_ss100.fa	6	4.751	5.354	94.986
long_content_30k_002/lc30k002_1709_gc3300_rp0.15_mr1.14E-4_ss200.fa	8	6.243	6.142	94.030
long_content_30k_002/lc30k002_170_gc3300_rp0.07_mr1.14E-4_ss100.fa	15	5.795	6.079	94.780
long_content_30k_002/lc30k002_1710_gc3300_rp0.07_mr1.14E-4_ss200.fa	22	5.552	7.298	93.768
long_content_30k_002/lc30k002_1711_gc3300_rp0.05_mr1.14E-4_ss200.fa	15	16.075	16.009	89.535
long_content_30k_002/lc30k002_1712_gc3300_rp0.10_mr1.14E-4_ss100.fa	30	4.947	5.655	95.809
long_content_30k_002/lc30k002_1713_gc3300_rp0.05_mr1.14E-4_ss100.fa	30	4.172	3.886	95.126
long_content_30k_002/lc30k002_1714_gc3300_rp0.07_mr1.14E-4_ss100.fa	17	3.033	2.207	94.965
long_content_30k_002/lc30k002_1715_gc3300_rp0.10_mr1.14E-4_ss200.fa	9	4.540	1.880	87.989
long_content_30k_002/lc30k002_1716_gc3300_rp0.15_mr1.14E-4_ss100.fa	16	8.770	8.461	92.108
long_content_30k_002/lc30k002_1717_gc3300_rp0.15_mr1.14E-4_ss200.fa	5	4.240	3.103	92.758
long_content_30k_002/lc30k002_1718_gc3300_rp0.07_mr1.14E-4_ss200.fa	10	9.621	12.128	92.352
long_content_30k_002/lc30k002_1719_gc3300_rp0.05_mr1.14E-4_ss200.fa	30	5.529	6.125	94.633
long_content_30k_002/lc30k002_171_gc3300_rp0.10_mr1.14E-4_ss200.fa	25	2.537	2.422	96.664
long_content_30k_002/lc30k002_1720_gc3300_rp0.10_mr1.14E-4_ss100.fa	28	2.824	2.239	94.756
long_content_30k_002/lc30k002_1721_gc3300_rp0.05_mr1.14E-4_ss100.fa	27	1.982	2.008	97.174
long_content_30k_002/lc30k002_1722_gc3300_rp0.07_mr1.14E-4_ss100.fa	13	4.296	4.605	96.210
long_content_30k_002/lc30k002_1723_gc3300_rp0.10_mr1.14E-4_ss200.fa	7	5.814	5.428	95.499
long_content_30k_002/lc30k002_1724_gc3300_rp0.15_mr1.14E-4_ss100.fa	23	7.841	9.345	92.618
long_content_30k_002/lc30k002_1725_gc3300_rp0.15_mr1.14E-4_ss200.fa	19	4.001	4.139	95.942
long_content_30k_002/lc30k002_1726_gc3300_rp0.07_mr1.14E-4_ss200.fa	19	4.553	4.937	92.676
long_content_30k_002/lc30k002_1727_gc3300_rp0.05_mr1.14E-4_ss200.fa	30	3.857	3.677	94.947
long_content_30k_002/lc30k002_1728_gc3300_rp0.10_mr1.14E-4_ss100.fa	17	6.270	5.671	93.282
long_content_30k_002/lc30k002_1729_gc3300_rp0.05_mr1.14E-4_ss100.fa	21	5.847	2.728	88.888
long_content_30k_002/lc30k002_172_gc3300_rp0.15_mr1.14E-4_ss100.fa	18	4.120	5.207	93.232
long_content_30k_002/lc30k002_1730_gc3300_rp0.07_mr1.14E-4_ss100.fa	28	5.028	4.742	94.751
long_content_30k_002/lc30k002_1731_gc3300_rp0.10_mr1.14E-4_ss200.fa	23	5.189	4.791	94.788
long_content_30k_002/lc30k002_1732_gc3300_rp0.15_mr1.14E-4_ss100.fa	3	4.626	5.112	93.624
long_content_30k_002/lc30k002_1733_gc3300_rp0.15_mr1.14E-4_ss200.fa	6	7.101	7.987	93.894
long_content_30k_002/lc30k002_1734_gc3300_rp0.07_mr1.14E-4_ss200.fa	15	11.090	14.133	89.423
long_content_30k_002/lc30k002_1735_gc3300_rp0.05_mr1.14E-4_ss200.fa	25	5.311	4.799	92.827
long_content_30k_002/lc30k002_1736_gc3300_rp0.10_mr1.14E-4_ss100.fa	28	4.581	4.561	93.445
long_content_30k_002/lc30k002_1737_gc3300_rp0.05_mr1.14E-4_ss100.fa	26	4.259	3.342	95.092
long_content_30k_002/lc30k002_1738_gc3300_rp0.07_mr1.14E-4_ss100.fa	20	4.861	1.289	92.961
long_content_30k_002/lc30k002_1739_gc3300_rp0.10_mr1.14E-4_ss200.fa	30	2.900	3.656	96.220
long_content_30k_002/lc30k002_173_gc3300_rp0.15_mr1.14E-4_ss200.fa	14	6.327	6.404	92.199
long_content_30k_002/lc30k002_1740_gc3300_rp0.15_mr1.14E-4_ss100.fa	13	4.635	4.405	94.538
long_content_30k_002/lc30k002_1741_gc3300_rp0.15_mr1.14E-4_ss200.fa	6	3.977	3.792	91.655
long_content_30k_002/lc30k002_1742_gc3300_rp0.07_mr1.14E-4_ss200.fa	26	5.079	6.199	94.295
long_content_30k_002/lc30k002_1743_gc3300_rp0.05_mr1.14E-4_ss200.fa	26	3.616	1.940	95.231
long_content_30k_002/lc30k002_1744_gc3300_rp0.10_mr1.14E-4_ss100.fa	13	10.850	9.174	88.135
long_content_30k_002/lc30k002_1745_gc3300_rp0.05_mr1.14E-4_ss100.fa	20	3.947	4.271	94.806
long_content_30k_002/lc30k002_1746_gc3300_rp0.07_mr1.14E-4_ss100.fa	28	5.215	5.355	94.662
long_content_30k_002/lc30k002_1747_gc3300_rp0.10_mr1.14E-4_ss200.fa	19	5.255	2.792	93.399
long_content_30k_002/lc30k002_1748_gc3300_rp0.15_mr1.14E-4_ss100.fa	9	5.783	6.927	93.099
long_content_30k_002/lc30k002_1749_gc3300_rp0.15_mr1.14E-4_ss200.fa	18	3.778	3.776	95.751
long_content_30k_002/lc30k002_174_gc3300_rp0.07_mr1.14E-4_ss200.fa	17	6.675	3.711	90.918
long_content_30k_002/lc30k002_1750_gc3300_rp0.07_mr1.14E-4_ss200.fa	17	7.916	2.207	87.825
long_content_30k_002/lc30k002_1751_gc3300_rp0.05_mr1.14E-4_ss200.fa	24	3.750	2.568	94.304
long_content_30k_002/lc30k002_1752_gc3300_rp0.10_mr1.14E-4_ss100.fa	11	6.150	7.004	94.617
long_content_30k_002/lc30k002_1753_gc3300_rp0.05_mr1.14E-4_ss100.fa	27	3.224	3.078	96.243
long_content_30k_002/lc30k002_1754_gc3300_rp0.07_mr1.14E-4_ss100.fa	10	5.017	4.349	94.110
long_content_30k_002/lc30k002_1755_gc3300_rp0.10_mr1.14E-4_ss200.fa	13	4.129	4.397	95.219
long_content_30k_002/lc30k002_1756_gc3300_rp0.15_mr1.14E-4_ss100.fa	25	4.152	4.394	95.917
long_content_30k_002/lc30k002_1757_gc3300_rp0.15_mr1.14E-4_ss200.fa	23	7.890	7.844	91.215
long_content_30k_002/lc30k002_1758_gc3300_rp0.07_mr1.14E-4_ss200.fa	18	11.509	12.308	91.305
long_content_30k_002/lc30k002_1759_gc3300_rp0.05_mr1.14E-4_ss200.fa	30	3.965	3.588	93.078
long_content_30k_002/lc30k002_175_gc3300_rp0.05_mr1.14E-4_ss200.fa	21	5.016	4.481	93.887
long_content_30k_002/lc30k002_1760_gc3300_rp0.10_mr1.14E-4_ss100.fa	28	4.849	5.210	95.566
long_content_30k_002/lc30k002_1761_gc3300_rp0.05_mr1.14E-4_ss100.fa	0	0.000	0.000	0.000
long_content_30k_002/lc30k002_1762_gc3300_rp0.07_mr1.14E-4_ss100.fa	30	6.595	5.264	90.505
long_content_30k_002/lc30k002_1763_gc3300_rp0.10_mr1.14E-4_ss200.fa	10	5.333	6.979	94.100
long_content_30k_002/lc30k002_1764_gc3300_rp0.15_mr1.14E-4_ss100.fa	30	7.270	8.066	90.927
long_content_30k_002/lc30k002_1765_gc3300_rp0.15_mr1.14E-4_ss200.fa	17	6.379	6.833	94.841
long_content_30k_002/lc30k002_1766_gc3300_rp0.07_mr1.14E-4_ss200.fa	15	6.894	7.151	93.167
long_content_30k_002/lc30k002_1767_gc3300_rp0.05_mr1.14E-4_ss200.fa	20	5.695	5.226	90.326
long_content_30k_002/lc30k002_1768_gc3300_rp0.10_mr1.14E-4_ss100.fa	25	2.688	2.280	95.861
long_content_30k_002/lc30k002_1769_gc3300_rp0.05_mr1.14E-4_ss100.fa	30	5.902	7.012	91.895
long_content_30k_002/lc30k002_176_gc3300_rp0.10_mr1.14E-4_ss100.fa	5	11.214	11.272	92.498
long_content_30k_002/lc30k002_1770_gc3300_rp0.07_mr1.14E-4_ss100.fa	30	4.199	4.532	95.449
long_content_30k_002/lc30k002_1771_gc3300_rp0.10_mr1.14E-4_ss200.fa	11	6.337	8.612	90.420
long_content_30k_002/lc30k002_1772_gc3300_rp0.15_mr1.14E-4_ss100.fa	18	7.190	8.802	91.434
long_content_30k_002/lc30k002_1773_gc3300_rp0.15_mr1.14E-4_ss200.fa	26	3.912	6.167	94.596
long_content_30k_002/lc30k002_1774_gc3300_rp0.07_mr1.14E-4_ss200.fa	23	6.145	6.256	94.266
long_content_30k_002/lc30k002_1775_gc3300_rp0.05_mr1.14E-4_ss200.fa	30	3.292	3.488	97.193
long_content_30k_002/lc30k002_1776_gc3300_rp0.10_mr1.14E-4_ss100.fa	22	4.053	4.968	94.292
long_content_30k_002/lc30k002_1777_gc3300_rp0.05_mr1.14E-4_ss100.fa	11	8.836	9.042	92.279
long_content_30k_002/lc30k002_1778_gc3300_rp0.07_mr1.14E-4_ss100.fa	18	3.337	2.726	95.084
long_content_30k_002/lc30k002_1779_gc3300_rp0.10_mr1.14E-4_ss200.fa	30	3.802	3.960	94.631
long_content_30k_002/lc30k002_177_gc3300_rp0.05_mr1.14E-4_ss100.fa	30	4.696	4.447	93.554
long_content_30k_002/lc30k002_1780_gc3300_rp0.15_mr1.14E-4_ss100.fa	5	4.069	4.348	94.129
long_content_30k_002/lc30k002_1781_gc3300_rp0.15_mr1.14E-4_ss200.fa	19	4.009	4.727	95.269
long_content_30k_002/lc30k002_1782_gc3300_rp0.07_mr1.14E-4_ss200.fa	16	5.541	3.797	93.993
long_content_30k_002/lc30k002_1783_gc3300_rp0.05_mr1.14E-4_ss200.fa	23	2.241	2.882	92.028
long_content_30k_002/lc30k002_1784_gc3300_rp0.10_mr1.14E-4_ss100.fa	16	4.105	3.061	94.945
long_content_30k_002/lc30k002_1785_gc3300_rp0.05_mr1.14E-4_ss100.fa	20	4.022	3.851	90.701
long_content_30k_002/lc30k002_1786_gc3300_rp0.07_mr1.14E-4_ss100.fa	10	8.741	8.856	91.965
long_content_30k_002/lc30k002_1787_gc3300_rp0.10_mr1.14E-4_ss200.fa	23	4.017	0.924	92.976
long_content_30k_002/lc30k002_1788_gc3300_rp0.15_mr1.14E-4_ss100.fa	25	3.900	2.826	93.651
long_content_30k_002/lc30k002_1789_gc3300_rp0.15_mr1.14E-4_ss200.fa	17	3.434	3.721	96.665
long_content_30k_002/lc30k002_178_gc3300_rp0.07_mr1.14E-4_ss100.fa	18	6.458	9.307	92.375
long_content_30k_002/lc30k002_1790_gc3300_rp0.07_mr1.14E-4_ss200.fa	17	7.138	7.706	93.695
long_content_30k_002/lc30k002_1791_gc3300_rp0.05_mr1.14E-4_ss200.fa	13	3.862	3.287	94.601
long_content_30k_002/lc30k002_1792_gc3300_rp0.10_mr1.14E-4_ss100.fa	8	3.116	2.884	96.488
long_content_30k_002/lc30k002_1793_gc3300_rp0.05_mr1.14E-4_ss100.fa	25	5.221	6.501	94.078
long_content_30k_002/lc30k002_1794_gc3300_rp0.07_mr1.14E-4_ss100.fa	25	2.994	3.142	96.303
long_content_30k_002/lc30k002_1795_gc3300_rp0.10_mr1.14E-4_ss200.fa	11	3.037	2.434	95.026
long_content_30k_002/lc30k002_1796_gc3300_rp0.15_mr1.14E-4_ss100.fa	15	6.528	7.202	94.240
long_content_30k_002/lc30k002_1797_gc3300_rp0.15_mr1.14E-4_ss200.fa	7	3.708	3.977	94.886
long_content_30k_002/lc30k002_1798_gc3300_rp0.07_mr1.14E-4_ss200.fa	13	3.830	3.880	92.584
long_content_30k_002/lc30k002_1799_gc3300_rp0.05_mr1.14E-4_ss200.fa	23	5.233	5.659	94.600
long_content_30k_002/lc30k002_179_gc3300_rp0.10_mr1.14E-4_ss200.fa	30	3.810	3.043	93.367
long_content_30k_002/lc30k002_1800_gc3300_rp0.10_mr1.14E-4_ss100.fa	19	4.946	6.393	93.642
long_content_30k_002/lc30k002_1801_gc3300_rp0.05_mr1.14E-4_ss100.fa	14	6.223	7.000	93.768
long_content_30k_002/lc30k002_1802_gc3300_rp0.07_mr1.14E-4_ss100.fa	15	9.846	10.446	88.687
long_content_30k_002/lc30k002_1803_gc3300_rp0.10_mr1.14E-4_ss200.fa	20	2.856	3.357	94.790
long_content_30k_002/lc30k002_1804_gc3300_rp0.15_mr1.14E-4_ss100.fa	24	4.331	4.379	94.326
long_content_30k_002/lc30k002_1805_gc3300_rp0.15_mr1.14E-4_ss200.fa	10	7.811	8.557	92.614
long_content_30k_002/lc30k002_1806_gc3300_rp0.07_mr1.14E-4_ss200.fa	30	6.179	6.311	94.670
long_content_30k_002/lc30k002_1807_gc3300_rp0.05_mr1.14E-4_ss200.fa	30	3.471	3.242	95.008
long_content_30k_002/lc30k002_1808_gc3300_rp0.10_mr1.14E-4_ss100.fa	23	4.453	4.501	95.525
long_content_30k_002/lc30k002_1809_gc3300_rp0.05_mr1.14E-4_ss100.fa	17	8.779	9.591	93.149
long_content_30k_002/lc30k002_180_gc3300_rp0.15_mr1.14E-4_ss100.fa	10	4.866	5.722	95.131
long_content_30k_002/lc30k002_1810_gc3300_rp0.07_mr1.14E-4_ss100.fa	30	8.444	8.920	92.141
long_content_30k_002/lc30k002_1811_gc3300_rp0.10_mr1.14E-4_ss200.fa	5	5.678	4.488	95.414
long_content_30k_002/lc30k002_1812_gc3300_rp0.15_mr1.14E-4_ss100.fa	10	8.528	8.509	92.822
long_content_30k_002/lc30k002_1813_gc3300_rp0.15_mr1.14E-4_ss200.fa	9	6.612	8.029	95.121
long_content_30k_002/lc30k002_1814_gc3300_rp0.07_mr1.14E-4_ss200.fa	20	4.321	4.481	92.564
long_content_30k_002/lc30k002_1815_gc3300_rp0.05_mr1.14E-4_ss200.fa	18	4.548	3.191	92.407
long_content_30k_002/lc30k002_1816_gc3300_rp0.10_mr1.14E-4_ss100.fa	8	2.045	1.812	92.680
long_content_30k_002/lc30k002_1817_gc3300_rp0.05_mr1.14E-4_ss100.fa	28	5.917	6.454	94.132
long_content_30k_002/lc30k002_1818_gc3300_rp0.07_mr1.14E-4_ss100.fa	19	4.918	4.135	88.853
long_content_30k_002/lc30k002_1819_gc3300_rp0.10_mr1.14E-4_ss200.fa	24	4.578	1.417	90.426
long_content_30k_002/lc30k002_181_gc3300_rp0.15_mr1.14E-4_ss200.fa	17	5.833	4.028	91.015
long_content_30k_002/lc30k002_1820_gc3300_rp0.15_mr1.14E-4_ss100.fa	23	5.143	5.207	93.489
long_content_30k_002/lc30k002_1821_gc3300_rp0.15_mr1.14E-4_ss200.fa	28	6.594	6.003	93.894
long_content_30k_002/lc30k002_1822_gc3300_rp0.07_mr1.14E-4_ss200.fa	18	2.265	2.044	94.688
long_content_30k_002/lc30k002_1823_gc3300_rp0.05_mr1.14E-4_ss200.fa	30	6.840	5.319	92.995
long_content_30k_002/lc30k002_1824_gc3300_rp0.10_mr1.14E-4_ss100.fa	28	5.249	5.759	94.056
long_content_30k_002/lc30k002_1825_gc3300_rp0.05_mr1.14E-4_ss100.fa	30	3.929	3.699	96.359
long_content_30k_002/lc30k002_1826_gc3300_rp0.07_mr1.14E-4_ss100.fa	16	7.506	8.537	90.574
long_content_30k_002/lc30k002_1827_gc3300_rp0.10_mr1.14E-4_ss200.fa	30	6.429	7.850	88.340
long_content_30k_002/lc30k002_1828_gc3300_rp0.15_mr1.14E-4_ss100.fa	16	5.576	3.868	91.046
long_content_30k_002/lc30k002_1829_gc3300_rp0.15_mr1.14E-4_ss200.fa	10	2.920	3.096	95.602
long_content_30k_002/lc30k002_182_gc3300_rp0.07_mr1.14E-4_ss200.fa	12	6.769	6.996	93.968
long_content_30k_002/lc30k002_1830_gc3300_rp0.07_mr1.14E-4_ss200.fa	13	4.029	4.317	94.976
long_content_30k_002/lc30k002_1831_gc3300_rp0.05_mr1.14E-4_ss200.fa	19	4.151	5.377	93.813
long_content_30k_002/lc30k002_1832_gc3300_rp0.10_mr1.14E-4_ss100.fa	16	2.620	1.255	95.418
long_content_30k_002/lc30k002_1833_gc3300_rp0.05_mr1.14E-4_ss100.fa	2	2.439	2.439	97.080
long_content_30k_002/lc30k002_1834_gc3300_rp0.07_mr1.14E-4_ss100.fa	20	5.246	4.002	93.445
long_content_30k_002/lc30k002_1835_gc3300_rp0.10_mr1.14E-4_ss200.fa	20	4.861	5.036	94.524
long_content_30k_002/lc30k002_1836_gc3300_rp0.15_mr1.14E-4_ss100.fa	18	6.595	7.123	92.799
long_content_30k_002/lc30k002_1837_gc3300_rp0.15_mr1.14E-4_ss200.fa	15	4.003	4.908	95.703
long_content_30k_002/lc30k002_1838_gc3300_rp0.07_mr1.14E-4_ss200.fa	8	2.876	2.202	96.496
long_content_30k_002/lc30k002_1839_gc3300_rp0.05_mr1.14E-4_ss200.fa	13	2.394	1.742	93.532
long_content_30k_002/lc30k002_183_gc3300_rp0.05_mr1.14E-4_ss200.fa	17	2.384	1.093	93.027
long_content_30k_002/lc30k002_1840_gc3300_rp0.10_mr1.14E-4_ss100.fa	25	4.539	4.761	94.351
long_content_30k_002/lc30k002_1841_gc3300_rp0.05_mr1.14E-4_ss100.fa	17	5.118	6.439	93.230
long_content_30k_002/lc30k002_1842_gc3300_rp0.07_mr1.14E-4_ss100.fa	30	8.963	10.574	91.143
long_content_30k_002/lc30k002_1843_gc3300_rp0.10_mr1.14E-4_ss200.fa	26	4.562	5.194	92.490
long_content_30k_002/lc30k002_1844_gc3300_rp0.15_mr1.14E-4_ss100.fa	17	4.608	4.977	95.136
long_content_30k_002/lc30k002_1845_gc3300_rp0.15_mr1.14E-4_ss200.fa	14	4.851	4.792	95.284
long_content_30k_002/lc30k002_1846_gc3300_rp0.07_mr1.14E-4_ss200.fa	25	8.889	12.056	90.448
long_content_30k_002/lc30k002_1847_gc3300_rp0.05_mr1.14E-4_ss200.fa	18	2.352	1.879	94.229
long_content_30k_002/lc30k002_1848_gc3300_rp0.10_mr1.14E-4_ss100.fa	12	11.021	11.414	88.660
long_content_30k_002/lc30k002_1849_gc3300_rp0.05_mr1.14E-4_ss100.fa	13	7.766	7.280	93.193
long_content_30k_002/lc30k002_184_gc3300_rp0.10_mr1.14E-4_ss100.fa	22	3.144	3.574	95.153
long_content_30k_002/lc30k002_1850_gc3300_rp0.07_mr1.14E-4_ss100.fa	8	4.488	4.638	92.666
long_content_30k_002/lc30k002_1851_gc3300_rp0.10_mr1.14E-4_ss200.fa	30	3.668	4.559	94.126
long_content_30k_002/lc30k002_1852_gc3300_rp0.15_mr1.14E-4_ss100.fa	30	11.251	11.882	91.600
long_content_30k_002/lc30k002_1853_gc3300_rp0.15_mr1.14E-4_ss200.fa	21	6.717	9.110	90.105
long_content_30k_002/lc30k002_1854_gc3300_rp0.07_mr1.14E-4_ss200.fa	13	5.013	2.735	89.281
long_content_30k_002/lc30k002_1855_gc3300_rp0.05_mr1.14E-4_ss200.fa	16	5.942	6.461	90.531
long_content_30k_002/lc30k002_1856_gc3300_rp0.10_mr1.14E-4_ss100.fa	16	5.662	0.878	85.852
long_content_30k_002/lc30k002_1857_gc3300_rp0.05_mr1.14E-4_ss100.fa	16	2.674	0.920	92.159
long_content_30k_002/lc30k002_1858_gc3300_rp0.07_mr1.14E-4_ss100.fa	27	4.061	4.508	94.574
long_content_30k_002/lc30k002_1859_gc3300_rp0.10_mr1.14E-4_ss200.fa	10	9.245	9.737	91.190
long_content_30k_002/lc30k002_185_gc3300_rp0.05_mr1.14E-4_ss100.fa	29	3.469	3.077	94.464
long_content_30k_002/lc30k002_1860_gc3300_rp0.15_mr1.14E-4_ss100.fa	13	6.698	6.434	93.877
long_content_30k_002/lc30k002_1861_gc3300_rp0.15_mr1.14E-4_ss200.fa	15	5.330	3.821	93.402
long_content_30k_002/lc30k002_1862_gc3300_rp0.07_mr1.14E-4_ss200.fa	26	5.143	5.542	94.090
long_content_30k_002/lc30k002_1863_gc3300_rp0.05_mr1.14E-4_ss200.fa	22	4.854	5.312	93.842
long_content_30k_002/lc30k002_1864_gc3300_rp0.10_mr1.14E-4_ss100.fa	18	4.926	4.792	94.939
long_content_30k_002/lc30k002_1865_gc3300_rp0.05_mr1.14E-4_ss100.fa	30	1.316	0.878	95.252
long_content_30k_002/lc30k002_1866_gc3300_rp0.07_mr1.14E-4_ss100.fa	11	8.578	7.607	93.190
long_content_30k_002/lc30k002_1867_gc3300_rp0.10_mr1.14E-4_ss200.fa	12	4.222	3.384	94.021
long_content_30k_002/lc30k002_1868_gc3300_rp0.15_mr1.14E-4_ss100.fa	6	3.777	3.626	93.195
long_content_30k_002/lc30k002_1869_gc3300_rp0.15_mr1.14E-4_ss200.fa	9	5.418	6.336	94.504
long_content_30k_002/lc30k002_186_gc3300_rp0.07_mr1.14E-4_ss100.fa	19	7.011	7.777	92.861
long_content_30k_002/lc30k002_1870_gc3300_rp0.07_mr1.14E-4_ss200.fa	22	2.264	1.866	89.731
long_content_30k_002/lc30k002_1871_gc3300_rp0.05_mr1.14E-4_ss200.fa	22	5.020	6.438	93.254
long_content_30k_002/lc30k002_1872_gc3300_rp0.10_mr1.14E-4_ss100.fa	13	8.507	9.728	91.863
long_content_30k_002/lc30k002_1873_gc3300_rp0.05_mr1.14E-4_ss100.fa	30	3.274	3.348	96.268
long_content_30k_002/lc30k002_1874_gc3300_rp0.07_mr1.14E-4_ss100.fa	15	2.498	1.478	95.644
long_content_30k_002/lc30k002_1875_gc3300_rp0.10_mr1.14E-4_ss200.fa	19	6.349	8.523	91.256
long_content_30k_002/lc30k002_1876_gc3300_rp0.15_mr1.14E-4_ss100.fa	10	6.087	7.021	93.477
long_content_30k_002/lc30k002_1877_gc3300_rp0.15_mr1.14E-4_ss200.fa	11	4.518	4.592	95.679
long_content_30k_002/lc30k002_1878_gc3300_rp0.07_mr1.14E-4_ss200.fa	7	9.406	9.658	93.284
long_content_30k_002/lc30k002_1879_gc3300_rp0.05_mr1.14E-4_ss200.fa	18	5.856	8.308	94.302
long_content_30k_002/lc30k002_187_gc3300_rp0.10_mr1.14E-4_ss200.fa	12	4.560	4.597	92.678
long_content_30k_002/lc30k002_1880_gc3300_rp0.10_mr1.14E-4_ss100.fa	18	4.464	3.391	93.728
long_content_30k_002/lc30k002_1881_gc3300_rp0.05_mr1.14E-4_ss100.fa	17	4.140	4.287	93.982
long_content_30k_002/lc30k002_1882_gc3300_rp0.07_mr1.14E-4_ss100.fa	29	2.482	1.810	96.073
long_content_30k_002/lc30k002_1883_gc3300_rp0.10_mr1.14E-4_ss200.fa	20	5.052	5.251	94.874
long_content_30k_002/lc30k002_1884_gc3300_rp0.15_mr1.14E-4_ss100.fa	13	4.001	4.260	94.436
long_content_30k_002/lc30k002_1885_gc3300_rp0.15_mr1.14E-4_ss200.fa	25	6.354	6.976	94.074
long_content_30k_002/lc30k002_1886_gc3300_rp0.07_mr1.14E-4_ss200.fa	24	3.542	3.893	96.151
long_content_30k_002/lc30k002_1887_gc3300_rp0.05_mr1.14E-4_ss200.fa	17	6.818	5.929	91.847
long_content_30k_002/lc30k002_1888_gc3300_rp0.10_mr1.14E-4_ss100.fa	21	4.208	4.110	95.501
long_content_30k_002/lc30k002_1889_gc3300_rp0.05_mr1.14E-4_ss100.fa	23	5.304	3.295	92.028
long_content_30k_002/lc30k002_188_gc3300_rp0.15_mr1.14E-4_ss100.fa	5	4.998	4.983	92.800
long_content_30k_002/lc30k002_1890_gc3300_rp0.07_mr1.14E-4_ss100.fa	10	6.457	8.096	92.613
long_content_30k_002/lc30k002_1891_gc3300_rp0.10_mr1.14E-4_ss200.fa	23	3.575	3.558	93.510
long_content_30k_002/lc30k002_1892_gc3300_rp0.15_mr1.14E-4_ss100.fa	17	4.843	5.458	94.096
long_content_30k_002/lc30k002_1893_gc3300_rp0.15_mr1.14E-4_ss200.fa	21	2.537	2.455	97.356
long_content_30k_002/lc30k002_1894_gc3300_rp0.07_mr1.14E-4_ss200.fa	7	8.834	8.839	92.529
long_content_30k_002/lc30k002_1895_gc3300_rp0.05_mr1.14E-4_ss200.fa	28	5.381	7.057	93.627
long_content_30k_002/lc30k002_1896_gc3300_rp0.10_mr1.14E-4_ss100.fa	26	3.333	3.065	93.977
long_content_30k_002/lc30k002_1897_gc3300_rp0.05_mr1.14E-4_ss100.fa	22	3.438	3.705	95.793
long_content_30k_002/lc30k002_1898_gc3300_rp0.07_mr1.14E-4_ss100.fa	23	4.436	3.577	94.191
long_content_30k_002/lc30k002_1899_gc3300_rp0.10_mr1.14E-4_ss200.fa	21	6.215	5.117	92.016
long_content_30k_002/lc30k002_189_gc3300_rp0.15_mr1.14E-4_ss200.fa	18	3.778	4.079	95.488
long_content_30k_002/lc30k002_1900_gc3300_rp0.15_mr1.14E-4_ss100.fa	11	5.089	4.418	95.408
long_content_30k_002/lc30k002_1901_gc3300_rp0.15_mr1.14E-4_ss200.fa	13	2.235	0.853	94.897
long_content_30k_002/lc30k002_1902_gc3300_rp0.07_mr1.14E-4_ss200.fa	26	4.058	3.240	93.746
long_content_30k_002/lc30k002_1903_gc3300_rp0.05_mr1.14E-4_ss200.fa	18	7.525	8.409	91.768
long_content_30k_002/lc30k002_1904_gc3300_rp0.10_mr1.14E-4_ss100.fa	6	6.557	6.563	93.749
long_content_30k_002/lc30k002_1905_gc3300_rp0.05_mr1.14E-4_ss100.fa	16	8.421	9.128	91.639
long_content_30k_002/lc30k002_1906_gc3300_rp0.07_mr1.14E-4_ss100.fa	5	4.905	0.514	90.397
long_content_30k_002/lc30k002_1907_gc3300_rp0.10_mr1.14E-4_ss200.fa	18	5.590	5.089	94.970
long_content_30k_002/lc30k002_1908_gc3300_rp0.15_mr1.14E-4_ss100.fa	11	1.598	1.583	94.373
long_content_30k_002/lc30k002_1909_gc3300_rp0.15_mr1.14E-4_ss200.fa	8	5.010	4.956	94.717
long_content_30k_002/lc30k002_190_gc3300_rp0.07_mr1.14E-4_ss200.fa	27	5.942	6.919	92.799
long_content_30k_002/lc30k002_1910_gc3300_rp0.07_mr1.14E-4_ss200.fa	24	5.100	4.446	93.791
long_content_30k_002/lc30k002_1911_gc3300_rp0.05_mr1.14E-4_ss200.fa	30	4.654	4.605	95.497
long_content_30k_002/lc30k002_1912_gc3300_rp0.10_mr1.14E-4_ss100.fa	8	5.442	5.571	92.259
long_content_30k_002/lc30k002_1913_gc3300_rp0.05_mr1.14E-4_ss100.fa	16	6.061	3.067	90.993
long_content_30k_002/lc30k002_1914_gc3300_rp0.07_mr1.14E-4_ss100.fa	25	3.397	3.321	95.798
long_content_30k_002/lc30k002_1915_gc3300_rp0.10_mr1.14E-4_ss200.fa	29	4.170	4.735	94.505
long_content_30k_002/lc30k002_1916_gc3300_rp0.15_mr1.14E-4_ss100.fa	15	3.710	3.065	95.096
long_content_30k_002/lc30k002_1917_gc3300_rp0.15_mr1.14E-4_ss200.fa	19	3.639	3.748	94.631
long_content_30k_002/lc30k002_1918_gc3300_rp0.07_mr1.14E-4_ss200.fa	12	4.498	4.465	95.146
long_content_30k_002/lc30k002_1919_gc3300_rp0.05_mr1.14E-4_ss200.fa	30	3.571	1.105	83.950
long_content_30k_002/lc30k002_191_gc3300_rp0.05_mr1.14E-4_ss200.fa	30	4.647	6.294	93.424
long_content_30k_002/lc30k002_1920_gc3300_rp0.10_mr1.14E-4_ss100.fa	30	2.105	0.946	95.887
long_content_30k_002/lc30k002_1921_gc3300_rp0.05_mr1.14E-4_ss100.fa	30	5.468	2.214	89.816
long_content_30k_002/lc30k002_1922_gc3300_rp0.07_mr1.14E-4_ss100.fa	15	4.505	4.715	94.870
long_content_30k_002/lc30k002_1923_gc3300_rp0.10_mr1.14E-4_ss200.fa	27	3.557	3.813	95.637
long_content_30k_002/lc30k002_1924_gc3300_rp0.15_mr1.14E-4_ss100.fa	22	2.477	1.211	93.285
long_content_30k_002/lc30k002_1925_gc3300_rp0.15_mr1.14E-4_ss200.fa	14	6.174	6.145	94.843
long_content_30k_002/lc30k002_1926_gc3300_rp0.07_mr1.14E-4_ss200.fa	15	6.231	6.579	93.638
long_content_30k_002/lc30k002_1927_gc3300_rp0.05_mr1.14E-4_ss200.fa	30	9.227	10.088	92.431
long_content_30k_002/lc30k002_1928_gc3300_rp0.10_mr1.14E-4_ss100.fa	4	3.486	3.472	96.150
long_content_30k_002/lc30k002_1929_gc3300_rp0.05_mr1.14E-4_ss100.fa	12	5.068	5.244	94.994
long_content_30k_002/lc30k002_192_gc3300_rp0.10_mr1.14E-4_ss100.fa	10	4.887	6.419	93.091
long_content_30k_002/lc30k002_1930_gc3300_rp0.07_mr1.14E-4_ss100.fa	17	3.937	4.174	95.799
long_content_30k_002/lc30k002_1931_gc3300_rp0.10_mr1.14E-4_ss200.fa	15	1.639	1.132	94.723
long_content_30k_002/lc30k002_1932_gc3300_rp0.15_mr1.14E-4_ss100.fa	10	2.347	1.922	95.290
long_content_30k_002/lc30k002_1933_gc3300_rp0.15_mr1.14E-4_ss200.fa	13	7.971	8.830	92.173
long_content_30k_002/lc30k002_1934_gc3300_rp0.07_mr1.14E-4_ss200.fa	28	13.115	16.427	88.747
long_content_30k_002/lc30k002_1935_gc3300_rp0.05_mr1.14E-4_ss200.fa	20	5.252	4.554	94.340
long_content_30k_002/lc30k002_1936_gc3300_rp0.10_mr1.14E-4_ss100.fa	25	4.203	3.214	93.434
long_content_30k_002/lc30k002_1937_gc3300_rp0.05_mr1.14E-4_ss100.fa	30	4.783	5.073	95.390
long_content_30k_002/lc30k002_1938_gc3300_rp0.07_mr1.14E-4_ss100.fa	30	2.434	2.140	96.931
long_content_30k_002/lc30k002_1939_gc3300_rp0.10_mr1.14E-4_ss200.fa	20	4.547	3.899	93.419
long_content_30k_002/lc30k002_193_gc3300_rp0.05_mr1.14E-4_ss100.fa	30	8.909	9.244	91.132
long_content_30k_002/lc30k002_1940_gc3300_rp0.15_mr1.14E-4_ss100.fa	24	5.560	5.873	94.038
long_content_30k_002/lc30k002_1941_gc3300_rp0.15_mr1.14E-4_ss200.fa	10	2.020	1.417	94.911
long_content_30k_002/lc30k002_1942_gc3300_rp0.07_mr1.14E-4_ss200.fa	29	8.950	6.237	88.734
long_content_30k_002/lc30k002_1943_gc3300_rp0.05_mr1.14E-4_ss200.fa	23	4.873	3.651	91.020
long_content_30k_002/lc30k002_1944_gc3300_rp0.10_mr1.14E-4_ss100.fa	14	2.455	1.007	96.278
long_content_30k_002/lc30k002_1945_gc3300_rp0.05_mr1.14E-4_ss100.fa	4	3.606	2.524	96.650
long_content_30k_002/lc30k002_1946_gc3300_rp0.07_mr1.14E-4_ss100.fa	30	10.012	13.195	89.711
long_content_30k_002/lc30k002_1947_gc3300_rp0.10_mr1.14E-4_ss200.fa	29	5.362	4.608	93.433
long_content_30k_002/lc30k002_1948_gc3300_rp0.15_mr1.14E-4_ss100.fa	13	3.796	4.082	95.313
long_content_30k_002/lc30k002_1949_gc3300_rp0.15_mr1.14E-4_ss200.fa	9	3.448	4.020	95.680
long_content_30k_002/lc30k002_194_gc3300_rp0.07_mr1.14E-4_ss100.fa	13	3.520	5.305	95.309
long_content_30k_002/lc30k002_1950_gc3300_rp0.07_mr1.14E-4_ss200.fa	4	10.151	11.549	93.691
long_content_30k_002/lc30k002_1951_gc3300_rp0.05_mr1.14E-4_ss200.fa	30	5.274	5.352	94.426
long_content_30k_002/lc30k002_1952_gc3300_rp0.10_mr1.14E-4_ss100.fa	22	3.310	3.343	94.308
long_content_30k_002/lc30k002_1953_gc3300_rp0.05_mr1.14E-4_ss100.fa	20	2.299	1.369	91.240
long_content_30k_002/lc30k002_1954_gc3300_rp0.07_mr1.14E-4_ss100.fa	30	3.249	3.390	96.917
long_content_30k_002/lc30k002_1955_gc3300_rp0.10_mr1.14E-4_ss200.fa	14	12.073	13.385	89.903
long_content_30k_002/lc30k002_1956_gc3300_rp0.15_mr1.14E-4_ss100.fa	20	5.147	6.721	93.815
long_content_30k_002/lc30k002_1957_gc3300_rp0.15_mr1.14E-4_ss200.fa	30	5.670	4.912	94.326
long_content_30k_002/lc30k002_1958_gc3300_rp0.07_mr1.14E-4_ss200.fa	19	2.500	2.475	97.155
long_content_30k_002/lc30k002_1959_gc3300_rp0.05_mr1.14E-4_ss200.fa	30	6.823	7.220	93.352
long_content_30k_002/lc30k002_195_gc3300_rp0.10_mr1.14E-4_ss200.fa	14	6.073	7.786	93.113
long_content_30k_002/lc30k002_1960_gc3300_rp0.10_mr1.14E-4_ss100.fa	24	5.404	6.412	92.968
long_content_30k_002/lc30k002_1961_gc3300_rp0.05_mr1.14E-4_ss100.fa	15	3.407	3.906	93.090
long_content_30k_002/lc30k002_1962_gc3300_rp0.07_mr1.14E-4_ss100.fa	16	5.724	5.740	93.394
long_content_30k_002/lc30k002_1963_gc3300_rp0.10_mr1.14E-4_ss200.fa	15	9.985	10.103	89.901
long_content_30k_002/lc30k002_1964_gc3300_rp0.15_mr1.14E-4_ss100.fa	9	3.432	3.011	94.843
long_content_30k_002/lc30k002_1965_gc3300_rp0.15_mr1.14E-4_ss200.fa	7	6.713	7.739	94.112
long_content_30k_002/lc30k002_1966_gc3300_rp0.07_mr1.14E-4_ss200.fa	24	4.607	5.131	95.478
long_content_30k_002/lc30k002_1967_gc3300_rp0.05_mr1.14E-4_ss200.fa	10	4.612	6.886	92.332
long_content_30k_002/lc30k002_1968_gc3300_rp0.10_mr1.14E-4_ss100.fa	20	8.084	6.872	93.343
long_content_30k_002/lc30k002_1969_gc3300_rp0.05_mr1.14E-4_ss100.fa	9	3.360	3.646	96.721
long_content_30k_002/lc30k002_196_gc3300_rp0.15_mr1.14E-4_ss100.fa	12	7.740	8.164	93.347
long_content_30k_002/lc30k002_1970_gc3300_rp0.07_mr1.14E-4_ss100.fa	22	5.574	4.960	94.209
long_content_30k_002/lc30k002_1971_gc3300_rp0.10_mr1.14E-4_ss200.fa	26	5.779	7.728	95.107
long_content_30k_002/lc30k002_1972_gc3300_rp0.15_mr1.14E-4_ss100.fa	9	2.683	2.766	95.789
long_content_30k_002/lc30k002_1973_gc3300_rp0.15_mr1.14E-4_ss200.fa	11	2.944	2.742	96.207
long_content_30k_002/lc30k002_1974_gc3300_rp0.07_mr1.14E-4_ss200.fa	16	7.827	6.071	91.979
long_content_30k_002/lc30k002_1975_gc3300_rp0.05_mr1.14E-4_ss200.fa	30	6.926	7.065	94.163
long_content_30k_002/lc30k002_1976_gc3300_rp0.10_mr1.14E-4_ss100.fa	26	2.862	2.260	93.132
long_content_30k_002/lc30k002_1977_gc3300_rp0.05_mr1.14E-4_ss100.fa	30	9.238	10.323	91.978
long_content_30k_002/lc30k002_1978_gc3300_rp0.07_mr1.14E-4_ss100.fa	10	2.027	1.760	97.235
long_content_30k_002/lc30k002_1979_gc3300_rp0.10_mr1.14E-4_ss200.fa	18	5.333	5.926	93.632
long_content_30k_002/lc30k002_197_gc3300_rp0.15_mr1.14E-4_ss200.fa	26	3.830	2.725	91.531
long_content_30k_002/lc30k002_1980_gc3300_rp0.15_mr1.14E-4_ss100.fa	18	5.413	5.291	95.139
long_content_30k_002/lc30k002_1981_gc3300_rp0.15_mr1.14E-4_ss200.fa	7	5.848	5.942	95.066
long_content_30k_002/lc30k002_1982_gc3300_rp0.07_mr1.14E-4_ss200.fa	25	4.463	4.679	95.360
long_content_30k_002/lc30k002_1983_gc3300_rp0.05_mr1.14E-4_ss200.fa	30	2.726	2.555	96.340
long_content_30k_002/lc30k002_1984_gc3300_rp0.10_mr1.14E-4_ss100.fa	18	5.534	5.986	93.120
long_content_30k_002/lc30k002_1985_gc3300_rp0.05_mr1.14E-4_ss100.fa	21	3.385	3.779	96.365
long_content_30k_002/lc30k002_1986_gc3300_rp0.07_mr1.14E-4_ss100.fa	30	2.882	2.882	91.184
long_content_30k_002/lc30k002_1987_gc3300_rp0.10_mr1.14E-4_ss200.fa	9	4.784	4.607	94.986
long_content_30k_002/lc30k002_1988_gc3300_rp0.15_mr1.14E-4_ss100.fa	5	5.250	5.682	93.760
long_content_30k_002/lc30k002_1989_gc3300_rp0.15_mr1.14E-4_ss200.fa	7	5.972	7.438	91.896
long_content_30k_002/lc30k002_198_gc3300_rp0.07_mr1.14E-4_ss200.fa	27	7.716	9.674	92.393
long_content_30k_002/lc30k002_1990_gc3300_rp0.07_mr1.14E-4_ss200.fa	14	6.034	4.746	92.060
long_content_30k_002/lc30k002_1991_gc3300_rp0.05_mr1.14E-4_ss200.fa	10	5.951	4.067	90.183
long_content_30k_002/lc30k002_1992_gc3300_rp0.10_mr1.14E-4_ss100.fa	6	4.751	5.491	94.500
long_content_30k_002/lc30k002_1993_gc3300_rp0.05_mr1.14E-4_ss100.fa	3	3.718	4.558	96.995
long_content_30k_002/lc30k002_1994_gc3300_rp0.07_mr1.14E-4_ss100.fa	27	2.578	2.814	96.557
long_content_30k_002/lc30k002_1995_gc3300_rp0.10_mr1.14E-4_ss200.fa	23	4.699	4.127	93.229
long_content_30k_002/lc30k002_1996_gc3300_rp0.15_mr1.14E-4_ss100.fa	10	5.455	6.451	95.082
long_content_30k_002/lc30k002_1997_gc3300_rp0.15_mr1.14E-4_ss200.fa	28	1.467	1.532	97.946
long_content_30k_002/lc30k002_1998_gc3300_rp0.07_mr1.14E-4_ss200.fa	17	3.128	3.673	95.184
long_content_30k_002/lc30k002_1999_gc3300_rp0.05_mr1.14E-4_ss200.fa	16	5.193	6.500	93.712
long_content_30k_002/lc30k002_199_gc3300_rp0.05_mr1.14E-4_ss200.fa	30	2.545	2.018	95.296
long_content_30k_002/lc30k002_2000_gc3300_rp0.10_mr1.14E-4_ss100.fa	22	4.655	6.112	93.709
long_content_30k_002/lc30k002_2001_gc3300_rp0.05_mr1.14E-4_ss100.fa	30	8.183	9.963	94.329
long_content_30k_002/lc30k002_2002_gc3300_rp0.07_mr1.14E-4_ss100.fa	20	2.828	2.866	97.104
long_content_30k_002/lc30k002_2003_gc3300_rp0.10_mr1.14E-4_ss200.fa	9	8.437	10.943	91.630
long_content_30k_002/lc30k002_2004_gc3300_rp0.15_mr1.14E-4_ss100.fa	17	5.555	5.210	94.085
long_content_30k_002/lc30k002_2005_gc3300_rp0.15_mr1.14E-4_ss200.fa	11	6.603	6.895	93.775
long_content_30k_002/lc30k002_2006_gc3300_rp0.07_mr1.14E-4_ss200.fa	16	4.803	3.097	91.751
long_content_30k_002/lc30k002_2007_gc3300_rp0.05_mr1.14E-4_ss200.fa	13	10.031	9.976	87.322
long_content_30k_002/lc30k002_2008_gc3300_rp0.10_mr1.14E-4_ss100.fa	12	5.473	5.484	95.076
long_content_30k_002/lc30k002_2009_gc3300_rp0.05_mr1.14E-4_ss100.fa	17	6.870	9.023	91.794
long_content_30k_002/lc30k002_200_gc3300_rp0.10_mr1.14E-4_ss100.fa	21	7.330	10.845	91.212
long_content_30k_002/lc30k002_2010_gc3300_rp0.07_mr1.14E-4_ss100.fa	28	4.030	3.705	94.269
long_content_30k_002/lc30k002_2011_gc3300_rp0.10_mr1.14E-4_ss200.fa	18	3.817	4.249	94.623
long_content_30k_002/lc30k002_2012_gc3300_rp0.15_mr1.14E-4_ss100.fa	4	5.203	5.217	95.792
long_content_30k_002/lc30k002_2013_gc3300_rp0.15_mr1.14E-4_ss200.fa	17	2.234	1.158	95.747
long_content_30k_002/lc30k002_2014_gc3300_rp0.07_mr1.14E-4_ss200.fa	30	3.687	3.443	95.769
long_content_30k_002/lc30k002_2015_gc3300_rp0.05_mr1.14E-4_ss200.fa	30	4.432	4.888	95.052
long_content_30k_002/lc30k002_2016_gc3300_rp0.10_mr1.14E-4_ss100.fa	8	6.592	7.943	91.981
long_content_30k_002/lc30k002_2017_gc3300_rp0.05_mr1.14E-4_ss100.fa	30	4.912	5.060	95.530
long_content_30k_002/lc30k002_2018_gc3300_rp0.07_mr1.14E-4_ss100.fa	27	3.383	3.413	93.112
long_content_30k_002/lc30k002_2019_gc3300_rp0.10_mr1.14E-4_ss200.fa	21	2.994	2.312	92.334
long_content_30k_002/lc30k002_201_gc3300_rp0.05_mr1.14E-4_ss100.fa	11	6.784	8.789	93.902
long_content_30k_002/lc30k002_2020_gc3300_rp0.15_mr1.14E-4_ss100.fa	25	1.765	1.056	95.632
long_content_30k_002/lc30k002_2021_gc3300_rp0.15_mr1.14E-4_ss200.fa	12	7.488	7.969	92.091
long_content_30k_002/lc30k002_2022_gc3300_rp0.07_mr1.14E-4_ss200.fa	18	5.920	4.836	90.324
long_content_30k_002/lc30k002_2023_gc3300_rp0.05_mr1.14E-4_ss200.fa	14	4.123	3.730	94.894
long_content_30k_002/lc30k002_2024_gc3300_rp0.10_mr1.14E-4_ss100.fa	23	3.921	3.728	94.823
long_content_30k_002/lc30k002_2025_gc3300_rp0.05_mr1.14E-4_ss100.fa	17	5.527	5.585	94.667
long_content_30k_002/lc30k002_2026_gc3300_rp0.07_mr1.14E-4_ss100.fa	28	5.017	5.350	94.714
long_content_30k_002/lc30k002_2027_gc3300_rp0.10_mr1.14E-4_ss200.fa	21	4.528	2.338	93.083
long_content_30k_002/lc30k002_2028_gc3300_rp0.15_mr1.14E-4_ss100.fa	12	8.578	8.729	93.297
long_content_30k_002/lc30k002_2029_gc3300_rp0.15_mr1.14E-4_ss200.fa	15	5.088	5.504	94.643
long_content_30k_002/lc30k002_202_gc3300_rp0.07_mr1.14E-4_ss100.fa	30	3.087	3.043	96.795
long_content_30k_002/lc30k002_2030_gc3300_rp0.07_mr1.14E-4_ss200.fa	29	7.366	7.510	91.835
long_content_30k_002/lc30k002_2031_gc3300_rp0.05_mr1.14E-4_ss200.fa	5	11.249	11.259	91.651
long_content_30k_002/lc30k002_2032_gc3300_rp0.10_mr1.14E-4_ss100.fa	6	7.191	7.722	93.596
long_content_30k_002/lc30k002_2033_gc3300_rp0.05_mr1.14E-4_ss100.fa	23	6.365	6.446	93.924
long_content_30k_002/lc30k002_2034_gc3300_rp0.07_mr1.14E-4_ss100.fa	10	3.857	4.288	96.027
long_content_30k_002/lc30k002_2035_gc3300_rp0.10_mr1.14E-4_ss200.fa	12	6.440	6.671	93.958
long_content_30k_002/lc30k002_2036_gc3300_rp0.15_mr1.14E-4_ss100.fa	25	6.973	7.070	94.111
long_content_30k_002/lc30k002_2037_gc3300_rp0.15_mr1.14E-4_ss200.fa	16	3.748	4.484	95.220
long_content_30k_002/lc30k002_2038_gc3300_rp0.07_mr1.14E-4_ss200.fa	20	3.696	0.982	93.293
long_content_30k_002/lc30k002_2039_gc3300_rp0.05_mr1.14E-4_ss200.fa	30	3.495	3.696	96.291
long_content_30k_002/lc30k002_203_gc3300_rp0.10_mr1.14E-4_ss200.fa	11	5.198	1.295	91.307
long_content_30k_002/lc30k002_2040_gc3300_rp0.10_mr1.14E-4_ss100.fa	9	7.267	9.670	91.005
long_content_30k_002/lc30k002_2041_gc3300_rp0.05_mr1.14E-4_ss100.fa	11	11.662	9.669	89.331
long_content_30k_002/lc30k002_2042_gc3300_rp0.07_mr1.14E-4_ss100.fa	28	6.196	8.223	92.490
long_content_30k_002/lc30k002_2043_gc3300_rp0.10_mr1.14E-4_ss200.fa	10	3.142	3.587	95.253
long_content_30k_002/lc30k002_2044_gc3300_rp0.15_mr1.14E-4_ss100.fa	28	5.667	6.191	95.108
long_content_30k_002/lc30k002_2045_gc3300_rp0.15_mr1.14E-4_ss200.fa	23	5.430	3.667	91.204
long_content_30k_002/lc30k002_2046_gc3300_rp0.07_mr1.14E-4_ss200.fa	7	4.115	2.444	87.682
long_content_30k_002/lc30k002_2047_gc3300_rp0.05_mr1.14E-4_ss200.fa	30	6.682	4.861	92.624
long_content_30k_002/lc30k002_2048_gc3300_rp0.10_mr1.14E-4_ss100.fa	13	7.220	8.931	91.729
long_content_30k_002/lc30k002_2049_gc3300_rp0.05_mr1.14E-4_ss100.fa	30	7.872	8.628	92.151
long_content_30k_002/lc30k002_204_gc3300_rp0.15_mr1.14E-4_ss100.fa	12	6.378	4.565	94.110
long_content_30k_002/lc30k002_2050_gc3300_rp0.07_mr1.14E-4_ss100.fa	25	3.848	2.281	92.134
long_content_30k_002/lc30k002_2051_gc3300_rp0.10_mr1.14E-4_ss200.fa	23	3.065	1.310	92.734
long_content_30k_002/lc30k002_2052_gc3300_rp0.15_mr1.14E-4_ss100.fa	9	2.708	2.685	96.334
long_content_30k_002/lc30k002_2053_gc3300_rp0.15_mr1.14E-4_ss200.fa	24	4.487	5.331	93.359
long_content_30k_002/lc30k002_2054_gc3300_rp0.07_mr1.14E-4_ss200.fa	14	3.945	3.689	93.842
long_content_30k_002/lc30k002_2055_gc3300_rp0.05_mr1.14E-4_ss200.fa	12	10.609	10.600	92.255
long_content_30k_002/lc30k002_2056_gc3300_rp0.10_mr1.14E-4_ss100.fa	28	4.492	2.517	93.937
long_content_30k_002/lc30k002_2057_gc3300_rp0.05_mr1.14E-4_ss100.fa	12	3.282	2.538	94.464
long_content_30k_002/lc30k002_2058_gc3300_rp0.07_mr1.14E-4_ss100.fa	3	3.027	3.070	95.893
long_content_30k_002/lc30k002_2059_gc3300_rp0.10_mr1.14E-4_ss200.fa	17	3.994	3.527	92.471
long_content_30k_002/lc30k002_205_gc3300_rp0.15_mr1.14E-4_ss200.fa	25	4.293	5.261	94.576
long_content_30k_002/lc30k002_2060_gc3300_rp0.15_mr1.14E-4_ss100.fa	22	6.601	7.788	92.069
long_content_30k_002/lc30k002_2061_gc3300_rp0.15_mr1.14E-4_ss200.fa	17	7.103	6.668	92.566
long_content_30k_002/lc30k002_2062_gc3300_rp0.07_mr1.14E-4_ss200.fa	14	4.267	4.353	92.786
long_content_30k_002/lc30k002_2063_gc3300_rp0.05_mr1.14E-4_ss200.fa	9	4.539	3.012	92.484
long_content_30k_002/lc30k002_2064_gc3300_rp0.10_mr1.14E-4_ss100.fa	13	4.655	3.889	94.107
long_content_30k_002/lc30k002_2065_gc3300_rp0.05_mr1.14E-4_ss100.fa	18	5.590	4.968	92.434
long_content_30k_002/lc30k002_2066_gc3300_rp0.07_mr1.14E-4_ss100.fa	30	4.890	5.800	94.825
long_content_30k_002/lc30k002_2067_gc3300_rp0.10_mr1.14E-4_ss200.fa	28	5.588	5.650	91.380
long_content_30k_002/lc30k002_2068_gc3300_rp0.15_mr1.14E-4_ss100.fa	28	3.158	3.169	95.786
long_content_30k_002/lc30k002_2069_gc3300_rp0.15_mr1.14E-4_ss200.fa	23	6.489	5.866	92.076
long_content_30k_002/lc30k002_206_gc3300_rp0.07_mr1.14E-4_ss200.fa	14	4.384	3.015	94.806
long_content_30k_002/lc30k002_2070_gc3300_rp0.07_mr1.14E-4_ss200.fa	11	6.795	7.843	93.038
long_content_30k_002/lc30k002_2071_gc3300_rp0.05_mr1.14E-4_ss200.fa	26	7.030	7.359	92.054
long_content_30k_002/lc30k002_2072_gc3300_rp0.10_mr1.14E-4_ss100.fa	6	7.614	7.615	93.463
long_content_30k_002/lc30k002_2073_gc3300_rp0.05_mr1.14E-4_ss100.fa	13	6.029	4.272	91.772
long_content_30k_002/lc30k002_2074_gc3300_rp0.07_mr1.14E-4_ss100.fa	26	4.768	1.633	91.627
long_content_30k_002/lc30k002_2075_gc3300_rp0.10_mr1.14E-4_ss200.fa	16	10.096	11.265	91.565
long_content_30k_002/lc30k002_2076_gc3300_rp0.15_mr1.14E-4_ss100.fa	25	4.476	4.562	94.743
long_content_30k_002/lc30k002_2077_gc3300_rp0.15_mr1.14E-4_ss200.fa	30	8.246	8.805	92.362
long_content_30k_002/lc30k002_2078_gc3300_rp0.07_mr1.14E-4_ss200.fa	24	2.976	2.084	94.114
long_content_30k_002/lc30k002_2079_gc3300_rp0.05_mr1.14E-4_ss200.fa	30	2.947	2.231	96.203
long_content_30k_002/lc30k002_207_gc3300_rp0.05_mr1.14E-4_ss200.fa	29	4.602	4.626	92.497
long_content_30k_002/lc30k002_2080_gc3300_rp0.10_mr1.14E-4_ss100.fa	21	2.722	1.845	93.246
long_content_30k_002/lc30k002_2081_gc3300_rp0.05_mr1.14E-4_ss100.fa	29	7.008	9.394	91.129
long_content_30k_002/lc30k002_2082_gc3300_rp0.07_mr1.14E-4_ss100.fa	21	5.036	3.220	92.535
long_content_30k_002/lc30k002_2083_gc3300_rp0.10_mr1.14E-4_ss200.fa	26	1.894	2.014	96.697
long_content_30k_002/lc30k002_2084_gc3300_rp0.15_mr1.14E-4_ss100.fa	18	4.704	4.934	94.486
long_content_30k_002/lc30k002_2085_gc3300_rp0.15_mr1.14E-4_ss200.fa	24	3.340	4.137	95.872
long_content_30k_002/lc30k002_2086_gc3300_rp0.07_mr1.14E-4_ss200.fa	12	15.068	15.699	89.576
long_content_30k_002/lc30k002_2087_gc3300_rp0.05_mr1.14E-4_ss200.fa	30	4.296	4.431	94.911
long_content_30k_002/lc30k002_2088_gc3300_rp0.10_mr1.14E-4_ss100.fa	21	5.084	5.319	95.336
long_content_30k_002/lc30k002_2089_gc3300_rp0.05_mr1.14E-4_ss100.fa	13	8.381	8.252	93.280
long_content_30k_002/lc30k002_208_gc3300_rp0.10_mr1.14E-4_ss100.fa	14	6.489	6.913	92.169
long_content_30k_002/lc30k002_2090_gc3300_rp0.07_mr1.14E-4_ss100.fa	14	8.524	8.940	92.838
long_content_30k_002/lc30k002_2091_gc3300_rp0.10_mr1.14E-4_ss200.fa	30	3.065	2.365	95.377
long_content_30k_002/lc30k002_2092_gc3300_rp0.15_mr1.14E-4_ss100.fa	19	4.314	1.811	92.923
long_content_30k_002/lc30k002_2093_gc3300_rp0.15_mr1.14E-4_ss200.fa	3	7.029	7.476	93.543
long_content_30k_002/lc30k002_2094_gc3300_rp0.07_mr1.14E-4_ss200.fa	24	4.912	6.586	94.043
long_content_30k_002/lc30k002_2095_gc3300_rp0.05_mr1.14E-4_ss200.fa	26	4.995	4.856	95.210
long_content_30k_002/lc30k002_2096_gc3300_rp0.10_mr1.14E-4_ss100.fa	13	6.288	6.250	94.080
long_content_30k_002/lc30k002_2097_gc3300_rp0.05_mr1.14E-4_ss100.fa	24	4.323	4.629	94.684
long_content_30k_002/lc30k002_2098_gc3300_rp0.07_mr1.14E-4_ss100.fa	28	4.240	2.620	91.557
long_content_30k_002/lc30k002_2099_gc3300_rp0.10_mr1.14E-4_ss200.fa	19	5.192	4.436	90.074
long_content_30k_002/lc30k002_209_gc3300_rp0.05_mr1.14E-4_ss100.fa	30	5.083	5.868	93.971
long_content_30k_002/lc30k002_2100_gc3300_rp0.15_mr1.14E-4_ss100.fa	19	3.730	4.421	96.039
long_content_30k_002/lc30k002_2101_gc3300_rp0.15_mr1.14E-4_ss200.fa	24	5.459	5.855	93.856
long_content_30k_002/lc30k002_2102_gc3300_rp0.07_mr1.14E-4_ss200.fa	25	9.717	10.170	91.622
long_content_30k_002/lc30k002_2103_gc3300_rp0.05_mr1.14E-4_ss200.fa	22	4.727	1.458	92.150
long_content_30k_002/lc30k002_2104_gc3300_rp0.10_mr1.14E-4_ss100.fa	23	3.066	2.528	95.313
long_content_30k_002/lc30k002_2105_gc3300_rp0.05_mr1.14E-4_ss100.fa	29	2.767	2.186	96.569
long_content_30k_002/lc30k002_2106_gc3300_rp0.07_mr1.14E-4_ss100.fa	23	3.636	4.845	94.297
long_content_30k_002/lc30k002_2107_gc3300_rp0.10_mr1.14E-4_ss200.fa	7	4.087	4.714	95.264
long_content_30k_002/lc30k002_2108_gc3300_rp0.15_mr1.14E-4_ss100.fa	4	7.297	8.701	91.912
long_content_30k_002/lc30k002_2109_gc3300_rp0.15_mr1.14E-4_ss200.fa	16	3.767	2.591	94.305
long_content_30k_002/lc30k002_210_gc3300_rp0.07_mr1.14E-4_ss100.fa	11	5.309	3.589	90.036
long_content_30k_002/lc30k002_2110_gc3300_rp0.07_mr1.14E-4_ss200.fa	12	9.615	10.474	92.202
long_content_30k_002/lc30k002_2111_gc3300_rp0.05_mr1.14E-4_ss200.fa	20	7.180	6.827	90.465
long_content_30k_002/lc30k002_2112_gc3300_rp0.10_mr1.14E-4_ss100.fa	19	3.767	4.597	95.027
long_content_30k_002/lc30k002_2113_gc3300_rp0.05_mr1.14E-4_ss100.fa	27	8.858	10.534	91.352
long_content_30k_002/lc30k002_2114_gc3300_rp0.07_mr1.14E-4_ss100.fa	13	4.153	3.145	95.248
long_content_30k_002/lc30k002_2115_gc3300_rp0.10_mr1.14E-4_ss200.fa	4	8.561	8.551	93.448
long_content_30k_002/lc30k002_2116_gc3300_rp0.15_mr1.14E-4_ss100.fa	12	4.481	5.012	93.221
long_content_30k_002/lc30k002_2117_gc3300_rp0.15_mr1.14E-4_ss200.fa	21	6.494	6.280	94.263
long_content_30k_002/lc30k002_2118_gc3300_rp0.07_mr1.14E-4_ss200.fa	28	6.087	5.861	93.606
long_content_30k_002/lc30k002_2119_gc3300_rp0.05_mr1.14E-4_ss200.fa	30	2.175	1.886	96.861
long_content_30k_002/lc30k002_211_gc3300_rp0.10_mr1.14E-4_ss200.fa	25	3.187	3.030	95.147
long_content_30k_002/lc30k002_2120_gc3300_rp0.10_mr1.14E-4_ss100.fa	12	4.477	4.297	94.591
long_content_30k_002/lc30k002_2121_gc3300_rp0.05_mr1.14E-4_ss100.fa	2	6.576	6.576	92.996
long_content_30k_002/lc30k002_2122_gc3300_rp0.07_mr1.14E-4_ss100.fa	25	5.142	5.587	94.149
long_content_30k_002/lc30k002_2123_gc3300_rp0.10_mr1.14E-4_ss200.fa	21	5.696	7.645	93.058
long_content_30k_002/lc30k002_2124_gc3300_rp0.15_mr1.14E-4_ss100.fa	12	5.444	5.769	94.041
long_content_30k_002/lc30k002_2125_gc3300_rp0.15_mr1.14E-4_ss200.fa	8	7.305	7.571	91.217
long_content_30k_002/lc30k002_2126_gc3300_rp0.07_mr1.14E-4_ss200.fa	18	6.494	7.038	93.985
long_content_30k_002/lc30k002_2127_gc3300_rp0.05_mr1.14E-4_ss200.fa	30	6.105	6.002	92.990
long_content_30k_002/lc30k002_2128_gc3300_rp0.10_mr1.14E-4_ss100.fa	3	9.584	8.999	90.775
long_content_30k_002/lc30k002_2129_gc3300_rp0.05_mr1.14E-4_ss100.fa	30	7.198	7.808	92.298
long_content_30k_002/lc30k002_212_gc3300_rp0.15_mr1.14E-4_ss100.fa	16	5.436	4.626	92.192
long_content_30k_002/lc30k002_2130_gc3300_rp0.07_mr1.14E-4_ss100.fa	7	4.398	5.698	95.185
long_content_30k_002/lc30k002_2131_gc3300_rp0.10_mr1.14E-4_ss200.fa	7	9.027	9.617	93.324
long_content_30k_002/lc30k002_2132_gc3300_rp0.15_mr1.14E-4_ss100.fa	11	11.188	11.882	91.137
long_content_30k_002/lc30k002_2133_gc3300_rp0.15_mr1.14E-4_ss200.fa	7	2.805	3.124	96.872
long_content_30k_002/lc30k002_2134_gc3300_rp0.07_mr1.14E-4_ss200.fa	23	5.038	3.605	94.518
long_content_30k_002/lc30k002_2135_gc3300_rp0.05_mr1.14E-4_ss200.fa	15	2.460	3.303	97.633
long_content_30k_002/lc30k002_2136_gc3300_rp0.10_mr1.14E-4_ss100.fa	30	2.676	2.672	97.168
long_content_30k_002/lc30k002_2137_gc3300_rp0.05_mr1.14E-4_ss100.fa	4	2.022	1.843	96.883
long_content_30k_002/lc30k002_2138_gc3300_rp0.07_mr1.14E-4_ss100.fa	30	5.318	5.737	93.369
long_content_30k_002/lc30k002_2139_gc3300_rp0.10_mr1.14E-4_ss200.fa	9	3.949	4.073	95.697
long_content_30k_002/lc30k002_213_gc3300_rp0.15_mr1.14E-4_ss200.fa	20	2.139	2.171	95.954
long_content_30k_002/lc30k002_2140_gc3300_rp0.15_mr1.14E-4_ss100.fa	10	5.645	7.342	93.390
long_content_30k_002/lc30k002_2141_gc3300_rp0.15_mr1.14E-4_ss200.fa	20	5.325	5.002	94.730
long_content_30k_002/lc30k002_2142_gc3300_rp0.07_mr1.14E-4_ss200.fa	30	5.345	6.089	95.517
long_content_30k_002/lc30k002_2143_gc3300_rp0.05_mr1.14E-4_ss200.fa	30	3.885	3.901	95.730
long_content_30k_002/lc30k002_2144_gc3300_rp0.10_mr1.14E-4_ss100.fa	8	2.489	0.234	92.540
long_content_30k_002/lc30k002_2145_gc3300_rp0.05_mr1.14E-4_ss100.fa	25	6.143	9.066	89.943
long_content_30k_002/lc30k002_2146_gc3300_rp0.07_mr1.14E-4_ss100.fa	30	2.658	2.185	92.872
long_content_30k_002/lc30k002_2147_gc3300_rp0.10_mr1.14E-4_ss200.fa	15	5.731	5.459	91.058
long_content_30k_002/lc30k002_2148_gc3300_rp0.15_mr1.14E-4_ss100.fa	14	5.006	5.823	94.661
long_content_30k_002/lc30k002_2149_gc3300_rp0.15_mr1.14E-4_ss200.fa	13	3.127	2.451	94.996
long_content_30k_002/lc30k002_214_gc3300_rp0.07_mr1.14E-4_ss200.fa	30	3.374	3.574	95.102
long_content_30k_002/lc30k002_2150_gc3300_rp0.07_mr1.14E-4_ss200.fa	30	9.412	6.509	90.019
long_content_30k_002/lc30k002_2151_gc3300_rp0.05_mr1.14E-4_ss200.fa	19	8.463	8.951	92.741
long_content_30k_002/lc30k002_2152_gc3300_rp0.10_mr1.14E-4_ss100.fa	17	3.423	3.749	96.086
long_content_30k_002/lc30k002_2153_gc3300_rp0.05_mr1.14E-4_ss100.fa	30	1.832	0.996	94.853
long_content_30k_002/lc30k002_2154_gc3300_rp0.07_mr1.14E-4_ss100.fa	14	5.365	5.239	94.071
long_content_30k_002/lc30k002_2155_gc3300_rp0.10_mr1.14E-4_ss200.fa	8	3.823	3.284	95.823
long_content_30k_002/lc30k002_2156_gc3300_rp0.15_mr1.14E-4_ss100.fa	7	4.322	4.782	95.316
long_content_30k_002/lc30k002_2157_gc3300_rp0.15_mr1.14E-4_ss200.fa	27	7.180	7.469	93.834
long_content_30k_002/lc30k002_2158_gc3300_rp0.07_mr1.14E-4_ss200.fa	30	4.705	4.829	95.526
long_content_30k_002/lc30k002_2159_gc3300_rp0.05_mr1.14E-4_ss200.fa	26	4.946	5.122	95.638
long_content_30k_002/lc30k002_215_gc3300_rp0.05_mr1.14E-4_ss200.fa	30	4.596	4.489	92.594
long_content_30k_002/lc30k002_2160_gc3300_rp0.10_mr1.14E-4_ss100.fa	28	4.033	3.927	95.881
long_content_30k_002/lc30k002_2161_gc3300_rp0.05_mr1.14E-4_ss100.fa	13	6.290	6.724	91.854
long_content_30k_002/lc30k002_2162_gc3300_rp0.07_mr1.14E-4_ss100.fa	8	9.666	9.672	90.620
long_content_30k_002/lc30k002_2163_gc3300_rp0.10_mr1.14E-4_ss200.fa	15	8.884	8.943	92.956
long_content_30k_002/lc30k002_2164_gc3300_rp0.15_mr1.14E-4_ss100.fa	12	5.336	6.024	94.699
long_content_30k_002/lc30k002_2165_gc3300_rp0.15_mr1.14E-4_ss200.fa	11	6.201	7.433	94.018
long_content_30k_002/lc30k002_2166_gc3300_rp0.07_mr1.14E-4_ss200.fa	29	3.769	3.949	95.431
long_content_30k_002/lc30k002_2167_gc3300_rp0.05_mr1.14E-4_ss200.fa	14	2.200	2.036	95.255
long_content_30k_002/lc30k002_2168_gc3300_rp0.10_mr1.14E-4_ss100.fa	7	1.548	1.057	94.898
long_content_30k_002/lc30k002_2169_gc3300_rp0.05_mr1.14E-4_ss100.fa	28	4.960	5.003	94.771
long_content_30k_002/lc30k002_216_gc3300_rp0.10_mr1.14E-4_ss100.fa	30	2.900	2.561	95.244
long_content_30k_002/lc30k002_2170_gc3300_rp0.07_mr1.14E-4_ss100.fa	13	2.908	2.659	95.848
long_content_30k_002/lc30k002_2171_gc3300_rp0.10_mr1.14E-4_ss200.fa	11	5.249	8.220	93.328
long_content_30k_002/lc30k002_2172_gc3300_rp0.15_mr1.14E-4_ss100.fa	3	9.225	9.193	93.257
long_content_30k_002/lc30k002_2173_gc3300_rp0.15_mr1.14E-4_ss200.fa	15	8.101	8.683	93.112
long_content_30k_002/lc30k002_2174_gc3300_rp0.07_mr1.14E-4_ss200.fa	25	3.750	3.698	96.227
long_content_30k_002/lc30k002_2175_gc3300_rp0.05_mr1.14E-4_ss200.fa	15	4.491	4.763	95.523
long_content_30k_002/lc30k002_2176_gc3300_rp0.10_mr1.14E-4_ss100.fa	14	5.979	5.280	91.188
long_content_30k_002/lc30k002_2177_gc3300_rp0.05_mr1.14E-4_ss100.fa	23	7.634	8.132	89.719
long_content_30k_002/lc30k002_2178_gc3300_rp0.07_mr1.14E-4_ss100.fa	17	6.665	6.080	93.502
long_content_30k_002/lc30k002_2179_gc3300_rp0.10_mr1.14E-4_ss200.fa	25	3.880	2.473	93.025
long_content_30k_002/lc30k002_217_gc3300_rp0.05_mr1.14E-4_ss100.fa	28	7.715	7.352	93.442
long_content_30k_002/lc30k002_2180_gc3300_rp0.15_mr1.14E-4_ss100.fa	24	5.368	5.307	94.810
long_content_30k_002/lc30k002_2181_gc3300_rp0.15_mr1.14E-4_ss200.fa	3	2.276	1.140	96.270
long_content_30k_002/lc30k002_2182_gc3300_rp0.07_mr1.14E-4_ss200.fa	19	8.169	8.483	91.708
long_content_30k_002/lc30k002_2183_gc3300_rp0.05_mr1.14E-4_ss200.fa	23	3.346	3.284	94.982
long_content_30k_002/lc30k002_2184_gc3300_rp0.10_mr1.14E-4_ss100.fa	15	3.619	2.338	94.426
long_content_30k_002/lc30k002_2185_gc3300_rp0.05_mr1.14E-4_ss100.fa	30	10.975	11.290	91.876
long_content_30k_002/lc30k002_2186_gc3300_rp0.07_mr1.14E-4_ss100.fa	11	2.434	2.295	95.909
long_content_30k_002/lc30k002_2187_gc3300_rp0.10_mr1.14E-4_ss200.fa	11	2.856	2.298	94.993
long_content_30k_002/lc30k002_2188_gc3300_rp0.15_mr1.14E-4_ss100.fa	18	2.806	1.063	94.497
long_content_30k_002/lc30k002_2189_gc3300_rp0.15_mr1.14E-4_ss200.fa	13	3.809	4.473	94.124
long_content_30k_002/lc30k002_218_gc3300_rp0.07_mr1.14E-4_ss100.fa	8	12.936	15.250	89.769
long_content_30k_002/lc30k002_2190_gc3300_rp0.07_mr1.14E-4_ss200.fa	23	4.235	3.973	93.363
long_content_30k_002/lc30k002_2191_gc3300_rp0.05_mr1.14E-4_ss200.fa	5	2.722	2.879	97.208
long_content_30k_002/lc30k002_2192_gc3300_rp0.10_mr1.14E-4_ss100.fa	30	1.825	1.655	97.587
long_content_30k_002/lc30k002_2193_gc3300_rp0.05_mr1.14E-4_ss100.fa	30	4.692	4.747	95.378
long_content_30k_002/lc30k002_2194_gc3300_rp0.07_mr1.14E-4_ss100.fa	9	2.838	3.617	95.047
long_content_30k_002/lc30k002_2195_gc3300_rp0.10_mr1.14E-4_ss200.fa	16	4.074	3.574	95.941
long_content_30k_002/lc30k002_2196_gc3300_rp0.15_mr1.14E-4_ss100.fa	30	7.335	8.908	93.396
long_content_30k_002/lc30k002_2197_gc3300_rp0.15_mr1.14E-4_ss200.fa	10	10.168	11.232	90.959
long_content_30k_002/lc30k002_2198_gc3300_rp0.07_mr1.14E-4_ss200.fa	12	3.173	3.015	94.960
long_content_30k_002/lc30k002_2199_gc3300_rp0.05_mr1.14E-4_ss200.fa	26	9.166	10.529	89.393
long_content_30k_002/lc30k002_219_gc3300_rp0.10_mr1.14E-4_ss200.fa	27	6.165	6.715	94.823
long_content_30k_002/lc30k002_2200_gc3300_rp0.10_mr1.14E-4_ss100.fa	29	4.171	4.632	95.298
long_content_30k_002/lc30k002_2201_gc3300_rp0.05_mr1.14E-4_ss100.fa	30	3.127	4.277	95.413
long_content_30k_002/lc30k002_2202_gc3300_rp0.07_mr1.14E-4_ss100.fa	4	3.861	3.283	93.105
long_content_30k_002/lc30k002_2203_gc3300_rp0.10_mr1.14E-4_ss200.fa	20	6.514	6.434	94.042
long_content_30k_002/lc30k002_2204_gc3300_rp0.15_mr1.14E-4_ss100.fa	11	5.471	5.340	95.061
long_content_30k_002/lc30k002_2205_gc3300_rp0.15_mr1.14E-4_ss200.fa	9	8.260	8.475	92.878
long_content_30k_002/lc30k002_2206_gc3300_rp0.07_mr1.14E-4_ss200.fa	5	2.100	2.037	96.847
long_content_30k_002/lc30k002_2207_gc3300_rp0.05_mr1.14E-4_ss200.fa	13	4.756	4.665	91.248
long_content_30k_002/lc30k002_2208_gc3300_rp0.10_mr1.14E-4_ss100.fa	13	4.190	6.189	93.300
long_content_30k_002/lc30k002_2209_gc3300_rp0.05_mr1.14E-4_ss100.fa	25	2.799	2.652	91.087
long_content_30k_002/lc30k002_220_gc3300_rp0.15_mr1.14E-4_ss100.fa	8	4.827	5.975	93.326
long_content_30k_002/lc30k002_2210_gc3300_rp0.07_mr1.14E-4_ss100.fa	22	3.641	4.174	94.235
long_content_30k_002/lc30k002_2211_gc3300_rp0.10_mr1.14E-4_ss200.fa	6	4.309	4.023	92.725
long_content_30k_002/lc30k002_2212_gc3300_rp0.15_mr1.14E-4_ss100.fa	18	4.205	5.143	93.733
long_content_30k_002/lc30k002_2213_gc3300_rp0.15_mr1.14E-4_ss200.fa	19	4.053	1.124	93.540
long_content_30k_002/lc30k002_2214_gc3300_rp0.07_mr1.14E-4_ss200.fa	30	6.592	6.000	93.225
long_content_30k_002/lc30k002_2215_gc3300_rp0.05_mr1.14E-4_ss200.fa	26	8.156	8.960	91.268
long_content_30k_002/lc30k002_2216_gc3300_rp0.10_mr1.14E-4_ss100.fa	19	3.544	4.146	96.077
long_content_30k_002/lc30k002_2217_gc3300_rp0.05_mr1.14E-4_ss100.fa	14	6.226	7.001	93.690
long_content_30k_002/lc30k002_2218_gc3300_rp0.07_mr1.14E-4_ss100.fa	14	5.235	5.964	94.092
long_content_30k_002/lc30k002_2219_gc3300_rp0.10_mr1.14E-4_ss200.fa	16	15.142	16.136	88.941
long_content_30k_002/lc30k002_221_gc3300_rp0.15_mr1.14E-4_ss200.fa	13	3.263	4.299	95.352
long_content_30k_002/lc30k002_2220_gc3300_rp0.15_mr1.14E-4_ss100.fa	17	3.911	3.895	94.845
long_content_30k_002/lc30k002_2221_gc3300_rp0.15_mr1.14E-4_ss200.fa	9	4.156	3.873	94.834
long_content_30k_002/lc30k002_2222_gc3300_rp0.07_mr1.14E-4_ss200.fa	27	4.156	4.531	95.259
long_content_30k_002/lc30k002_2223_gc3300_rp0.05_mr1.14E-4_ss200.fa	30	5.549	5.540	93.001
long_content_30k_002/lc30k002_2224_gc3300_rp0.10_mr1.14E-4_ss100.fa	15	11.112	11.715	90.502
long_content_30k_002/lc30k002_2225_gc3300_rp0.05_mr1.14E-4_ss100.fa	30	3.468	3.439	96.652
long_content_30k_002/lc30k002_2226_gc3300_rp0.07_mr1.14E-4_ss100.fa	24	4.625	4.428	93.094
long_content_30k_002/lc30k002_2227_gc3300_rp0.10_mr1.14E-4_ss200.fa	20	6.403	7.548	90.120
long_content_30k_002/lc30k002_2228_gc3300_rp0.15_mr1.14E-4_ss100.fa	17	4.503	4.366	94.591
long_content_30k_002/lc30k002_2229_gc3300_rp0.15_mr1.14E-4_ss200.fa	19	6.639	6.882	92.006
long_content_30k_002/lc30k002_222_gc3300_rp0.07_mr1.14E-4_ss200.fa	13	3.379	3.833	94.922
long_content_30k_002/lc30k002_2230_gc3300_rp0.07_mr1.14E-4_ss200.fa	22	3.203	3.294	96.592
long_content_30k_002/lc30k002_2231_gc3300_rp0.05_mr1.14E-4_ss200.fa	30	4.106	2.922	93.973
long_content_30k_002/lc30k002_2232_gc3300_rp0.10_mr1.14E-4_ss100.fa	15	4.078	4.427	94.851
long_content_30k_002/lc30k002_2233_gc3300_rp0.05_mr1.14E-4_ss100.fa	2	3.254	3.254	96.817
long_content_30k_002/lc30k002_2234_gc3300_rp0.07_mr1.14E-4_ss100.fa	23	8.392	9.739	93.166
long_content_30k_002/lc30k002_2235_gc3300_rp0.10_mr1.14E-4_ss200.fa	30	5.758	6.094	94.507
long_content_30k_002/lc30k002_2236_gc3300_rp0.15_mr1.14E-4_ss100.fa	3	5.072	6.070	96.156
long_content_30k_002/lc30k002_2237_gc3300_rp0.15_mr1.14E-4_ss200.fa	2	9.220	9.220	92.400
long_content_30k_002/lc30k002_2238_gc3300_rp0.07_mr1.14E-4_ss200.fa	25	5.510	6.634	92.728
long_content_30k_002/lc30k002_2239_gc3300_rp0.05_mr1.14E-4_ss200.fa	12	5.296	5.699	94.094
long_content_30k_002/lc30k002_223_gc3300_rp0.05_mr1.14E-4_ss200.fa	20	5.817	7.121	93.621
long_content_30k_002/lc30k002_2240_gc3300_rp0.10_mr1.14E-4_ss100.fa	18	6.818	10.034	91.704
long_content_30k_002/lc30k002_2241_gc3300_rp0.05_mr1.14E-4_ss100.fa	26	7.068	8.565	92.437
long_content_30k_002/lc30k002_2242_gc3300_rp0.07_mr1.14E-4_ss100.fa	28	4.157	4.861	94.887
long_content_30k_002/lc30k002_2243_gc3300_rp0.10_mr1.14E-4_ss200.fa	10	7.310	9.855	91.026
long_content_30k_002/lc30k002_2244_gc3300_rp0.15_mr1.14E-4_ss100.fa	9	3.795	4.317	92.686
long_content_30k_002/lc30k002_2245_gc3300_rp0.15_mr1.14E-4_ss200.fa	4	4.981	5.468	94.862
long_content_30k_002/lc30k002_2246_gc3300_rp0.07_mr1.14E-4_ss200.fa	29	5.387	6.075	94.448
long_content_30k_002/lc30k002_2247_gc3300_rp0.05_mr1.14E-4_ss200.fa	23	7.001	7.253	93.545
long_content_30k_002/lc30k002_2248_gc3300_rp0.10_mr1.14E-4_ss100.fa	21	5.643	6.208	94.110
long_content_30k_002/lc30k002_2249_gc3300_rp0.05_mr1.14E-4_ss100.fa	30	3.606	4.257	96.587
long_content_30k_002/lc30k002_224_gc3300_rp0.10_mr1.14E-4_ss100.fa	16	6.538	7.008	93.483
long_content_30k_002/lc30k002_2250_gc3300_rp0.07_mr1.14E-4_ss100.fa	19	5.149	6.814	93.954
long_content_30k_002/lc30k002_2251_gc3300_rp0.10_mr1.14E-4_ss200.fa	18	7.994	7.425	88.677
long_content_30k_002/lc30k002_2252_gc3300_rp0.15_mr1.14E-4_ss100.fa	8	7.217	6.671	92.859
long_content_30k_002/lc30k002_2253_gc3300_rp0.15_mr1.14E-4_ss200.fa	11	3.927	3.887	95.310
long_content_30k_002/lc30k002_2254_gc3300_rp0.07_mr1.14E-4_ss200.fa	25	2.816	2.021	92.486
long_content_30k_002/lc30k002_2255_gc3300_rp0.05_mr1.14E-4_ss200.fa	8	14.005	14.099	90.091
long_content_30k_002/lc30k002_2256_gc3300_rp0.10_mr1.14E-4_ss100.fa	27	3.179	3.011	96.135
long_content_30k_002/lc30k002_2257_gc3300_rp0.05_mr1.14E-4_ss100.fa	30	4.533	4.278	94.637
long_content_30k_002/lc30k002_2258_gc3300_rp0.07_mr1.14E-4_ss100.fa	27	3.784	4.257	96.556
long_content_30k_002/lc30k002_2259_gc3300_rp0.10_mr1.14E-4_ss200.fa	27	4.320	4.712	94.836
long_content_30k_002/lc30k002_225_gc3300_rp0.05_mr1.14E-4_ss100.fa	19	10.258	10.250	91.684
long_content_30k_002/lc30k002_2260_gc3300_rp0.15_mr1.14E-4_ss100.fa	14	2.871	2.201	95.164
long_content_30k_002/lc30k002_2261_gc3300_rp0.15_mr1.14E-4_ss200.fa	13	2.921	0.913	93.966
long_content_30k_002/lc30k002_2262_gc3300_rp0.07_mr1.14E-4_ss200.fa	17	6.114	6.827	93.803
long_content_30k_002/lc30k002_2263_gc3300_rp0.05_mr1.14E-4_ss200.fa	29	5.139	6.013	93.901
long_content_30k_002/lc30k002_2264_gc3300_rp0.10_mr1.14E-4_ss100.fa	12	4.860	6.359	94.168
long_content_30k_002/lc30k002_2265_gc3300_rp0.05_mr1.14E-4_ss100.fa	30	9.901	11.818	91.823
long_content_30k_002/lc30k002_2266_gc3300_rp0.07_mr1.14E-4_ss100.fa	8	4.317	1.902	94.258
long_content_30k_002/lc30k002_2267_gc3300_rp0.10_mr1.14E-4_ss200.fa	15	3.437	1.722	94.781
long_content_30k_002/lc30k002_2268_gc3300_rp0.15_mr1.14E-4_ss100.fa	10	5.473	6.316	93.212
long_content_30k_002/lc30k002_2269_gc3300_rp0.15_mr1.14E-4_ss200.fa	22	3.552	1.941	93.681
long_content_30k_002/lc30k002_226_gc3300_rp0.07_mr1.14E-4_ss100.fa	30	9.209	9.203	91.341
long_content_30k_002/lc30k002_2270_gc3300_rp0.07_mr1.14E-4_ss200.fa	18	3.702	4.115	95.870
long_content_30k_002/lc30k002_2271_gc3300_rp0.05_mr1.14E-4_ss200.fa	27	3.207	3.387	95.704
long_content_30k_002/lc30k002_2272_gc3300_rp0.10_mr1.14E-4_ss100.fa	2	9.894	9.894	92.074
long_content_30k_002/lc30k002_2273_gc3300_rp0.05_mr1.14E-4_ss100.fa	28	6.514	6.718	93.345
long_content_30k_002/lc30k002_2274_gc3300_rp0.07_mr1.14E-4_ss100.fa	25	4.241	6.231	93.587
long_content_30k_002/lc30k002_2275_gc3300_rp0.10_mr1.14E-4_ss200.fa	16	11.289	12.421	91.381
long_content_30k_002/lc30k002_2276_gc3300_rp0.15_mr1.14E-4_ss100.fa	2	10.682	10.682	92.499
long_content_30k_002/lc30k002_2277_gc3300_rp0.15_mr1.14E-4_ss200.fa	12	5.321	5.225	93.394
long_content_30k_002/lc30k002_2278_gc3300_rp0.07_mr1.14E-4_ss200.fa	30	3.214	3.243	96.423
long_content_30k_002/lc30k002_2279_gc3300_rp0.05_mr1.14E-4_ss200.fa	25	7.932	8.329	92.987
long_content_30k_002/lc30k002_227_gc3300_rp0.10_mr1.14E-4_ss200.fa	19	5.561	5.722	94.449
long_content_30k_002/lc30k002_2280_gc3300_rp0.10_mr1.14E-4_ss100.fa	19	3.292	3.856	96.078
long_content_30k_002/lc30k002_2281_gc3300_rp0.05_mr1.14E-4_ss100.fa	4	9.578	9.711	91.035
long_content_30k_002/lc30k002_2282_gc3300_rp0.07_mr1.14E-4_ss100.fa	16	3.547	4.731	95.320
long_content_30k_002/lc30k002_2283_gc3300_rp0.10_mr1.14E-4_ss200.fa	15	5.003	3.898	94.042
long_content_30k_002/lc30k002_2284_gc3300_rp0.15_mr1.14E-4_ss100.fa	5	4.614	5.385	94.810
long_content_30k_002/lc30k002_2285_gc3300_rp0.15_mr1.14E-4_ss200.fa	13	7.047	8.731	93.042
long_content_30k_002/lc30k002_2286_gc3300_rp0.07_mr1.14E-4_ss200.fa	28	3.098	0.905	92.858
long_content_30k_002/lc30k002_2287_gc3300_rp0.05_mr1.14E-4_ss200.fa	19	6.570	4.774	86.639
long_content_30k_002/lc30k002_2288_gc3300_rp0.10_mr1.14E-4_ss100.fa	10	13.126	13.173	91.366
long_content_30k_002/lc30k002_2289_gc3300_rp0.05_mr1.14E-4_ss100.fa	16	4.663	2.649	92.162
long_content_30k_002/lc30k002_228_gc3300_rp0.15_mr1.14E-4_ss100.fa	11	5.553	6.583	93.897
long_content_30k_002/lc30k002_2290_gc3300_rp0.07_mr1.14E-4_ss100.fa	10	4.513	4.631	96.180
long_content_30k_002/lc30k002_2291_gc3300_rp0.10_mr1.14E-4_ss200.fa	22	5.938	3.646	92.802
long_content_30k_002/lc30k002_2292_gc3300_rp0.15_mr1.14E-4_ss100.fa	29	2.572	2.634	96.886
long_content_30k_002/lc30k002_2293_gc3300_rp0.15_mr1.14E-4_ss200.fa	17	6.960	7.816	93.177
long_content_30k_002/lc30k002_2294_gc3300_rp0.07_mr1.14E-4_ss200.fa	20	5.623	1.547	90.375
long_content_30k_002/lc30k002_2295_gc3300_rp0.05_mr1.14E-4_ss200.fa	7	2.666	3.604	96.059
long_content_30k_002/lc30k002_2296_gc3300_rp0.10_mr1.14E-4_ss100.fa	11	6.581	7.373	93.826
long_content_30k_002/lc30k002_2297_gc3300_rp0.05_mr1.14E-4_ss100.fa	30	4.170	3.141	92.521
long_content_30k_002/lc30k002_2298_gc3300_rp0.07_mr1.14E-4_ss100.fa	10	5.342	5.101	93.839
long_content_30k_002/lc30k002_2299_gc3300_rp0.10_mr1.14E-4_ss200.fa	11	1.245	0.758	96.004
long_content_30k_002/lc30k002_229_gc3300_rp0.15_mr1.14E-4_ss200.fa	30	5.615	5.867	93.849
long_content_30k_002/lc30k002_2300_gc3300_rp0.15_mr1.14E-4_ss100.fa	9	3.962	2.033	94.700
long_content_30k_002/lc30k002_2301_gc3300_rp0.15_mr1.14E-4_ss200.fa	17	3.373	3.973	93.509
long_content_30k_002/lc30k002_2302_gc3300_rp0.07_mr1.14E-4_ss200.fa	28	4.526	5.683	94.396
long_content_30k_002/lc30k002_2303_gc3300_rp0.05_mr1.14E-4_ss200.fa	9	9.702	11.163	93.368
long_content_30k_002/lc30k002_2304_gc3300_rp0.10_mr1.14E-4_ss100.fa	13	4.106	5.075	93.185
long_content_30k_002/lc30k002_2305_gc3300_rp0.05_mr1.14E-4_ss100.fa	27	3.373	4.848	94.759
long_content_30k_002/lc30k002_2306_gc3300_rp0.07_mr1.14E-4_ss100.fa	19	5.068	4.295	93.269
long_content_30k_002/lc30k002_2307_gc3300_rp0.10_mr1.14E-4_ss200.fa	13	9.296	12.339	92.575
long_content_30k_002/lc30k002_2308_gc3300_rp0.15_mr1.14E-4_ss100.fa	22	3.919	3.987	95.765
long_content_30k_002/lc30k002_2309_gc3300_rp0.15_mr1.14E-4_ss200.fa	17	3.026	1.157	93.832
long_content_30k_002/lc30k002_230_gc3300_rp0.07_mr1.14E-4_ss200.fa	14	5.071	4.391	93.519
long_content_30k_002/lc30k002_2310_gc3300_rp0.07_mr1.14E-4_ss200.fa	16	8.417	10.011	89.926
long_content_30k_002/lc30k002_2311_gc3300_rp0.05_mr1.14E-4_ss200.fa	30	2.889	2.207	91.796
long_content_30k_002/lc30k002_2312_gc3300_rp0.10_mr1.14E-4_ss100.fa	7	5.709	6.440	94.078
long_content_30k_002/lc30k002_2313_gc3300_rp0.05_mr1.14E-4_ss100.fa	30	6.363	7.230	94.415
long_content_30k_002/lc30k002_2314_gc3300_rp0.07_mr1.14E-4_ss100.fa	16	5.477	6.220	94.966
long_content_30k_002/lc30k002_2315_gc3300_rp0.10_mr1.14E-4_ss200.fa	28	3.903	3.926	95.509
long_content_30k_002/lc30k002_2316_gc3300_rp0.15_mr1.14E-4_ss100.fa	8	6.826	6.466	93.505
long_content_30k_002/lc30k002_2317_gc3300_rp0.15_mr1.14E-4_ss200.fa	21	3.883	1.289	90.814
long_content_30k_002/lc30k002_2318_gc3300_rp0.07_mr1.14E-4_ss200.fa	9	8.381	14.340	87.681
long_content_30k_002/lc30k002_2319_gc3300_rp0.05_mr1.14E-4_ss200.fa	4	2.265	2.265	96.817
long_content_30k_002/lc30k002_231_gc3300_rp0.05_mr1.14E-4_ss200.fa	17	3.347	2.296	88.221
long_content_30k_002/lc30k002_2320_gc3300_rp0.10_mr1.14E-4_ss100.fa	18	4.335	3.937	94.115
long_content_30k_002/lc30k002_2321_gc3300_rp0.05_mr1.14E-4_ss100.fa	22	7.198	8.741	93.213
long_content_30k_002/lc30k002_2322_gc3300_rp0.07_mr1.14E-4_ss100.fa	28	9.693	10.786	91.052
long_content_30k_002/lc30k002_2323_gc3300_rp0.10_mr1.14E-4_ss200.fa	28	6.246	6.372	93.500
long_content_30k_002/lc30k002_2324_gc3300_rp0.15_mr1.14E-4_ss100.fa	13	4.085	1.726	90.836
long_content_30k_002/lc30k002_2325_gc3300_rp0.15_mr1.14E-4_ss200.fa	5	5.930	5.736	94.302
long_content_30k_002/lc30k002_2326_gc3300_rp0.07_mr1.14E-4_ss200.fa	17	8.866	10.434	92.282
long_content_30k_002/lc30k002_2327_gc3300_rp0.05_mr1.14E-4_ss200.fa	26	4.595	3.549	91.861
long_content_30k_002/lc30k002_2328_gc3300_rp0.10_mr1.14E-4_ss100.fa	20	4.309	1.053	90.710
long_content_30k_002/lc30k002_2329_gc3300_rp0.05_mr1.14E-4_ss100.fa	30	9.431	10.508	93.838
long_content_30k_002/lc30k002_232_gc3300_rp0.10_mr1.14E-4_ss100.fa	25	3.005	1.097	92.540
long_content_30k_002/lc30k002_2330_gc3300_rp0.07_mr1.14E-4_ss100.fa	22	10.838	10.254	90.930
long_content_30k_002/lc30k002_2331_gc3300_rp0.10_mr1.14E-4_ss200.fa	30	3.618	3.367	95.656
long_content_30k_002/lc30k002_2332_gc3300_rp0.15_mr1.14E-4_ss100.fa	21	7.045	10.993	91.622
long_content_30k_002/lc30k002_2333_gc3300_rp0.15_mr1.14E-4_ss200.fa	8	4.596	4.205	94.383
long_content_30k_002/lc30k002_2334_gc3300_rp0.07_mr1.14E-4_ss200.fa	25	2.754	1.707	96.977
long_content_30k_002/lc30k002_2335_gc3300_rp0.05_mr1.14E-4_ss200.fa	22	8.273	8.805	92.384
long_content_30k_002/lc30k002_2336_gc3300_rp0.10_mr1.14E-4_ss100.fa	17	5.765	8.234	93.763
long_content_30k_002/lc30k002_2337_gc3300_rp0.05_mr1.14E-4_ss100.fa	13	3.414	3.909	96.941
long_content_30k_002/lc30k002_2338_gc3300_rp0.07_mr1.14E-4_ss100.fa	17	7.898	6.959	91.269
long_content_30k_002/lc30k002_2339_gc3300_rp0.10_mr1.14E-4_ss200.fa	19	5.626	7.318	89.479
long_content_30k_002/lc30k002_233_gc3300_rp0.05_mr1.14E-4_ss100.fa	30	6.878	6.443	93.335
long_content_30k_002/lc30k002_2340_gc3300_rp0.15_mr1.14E-4_ss100.fa	5	6.885	7.237	94.245
long_content_30k_002/lc30k002_2341_gc3300_rp0.15_mr1.14E-4_ss200.fa	19	3.145	2.649	94.355
long_content_30k_002/lc30k002_2342_gc3300_rp0.07_mr1.14E-4_ss200.fa	17	6.608	3.615	93.189
long_content_30k_002/lc30k002_2343_gc3300_rp0.05_mr1.14E-4_ss200.fa	30	4.278	4.349	94.295
long_content_30k_002/lc30k002_2344_gc3300_rp0.10_mr1.14E-4_ss100.fa	18	7.054	7.934	89.987
long_content_30k_002/lc30k002_2345_gc3300_rp0.05_mr1.14E-4_ss100.fa	14	4.948	5.266	93.077
long_content_30k_002/lc30k002_2346_gc3300_rp0.07_mr1.14E-4_ss100.fa	20	5.100	5.584	93.619
long_content_30k_002/lc30k002_2347_gc3300_rp0.10_mr1.14E-4_ss200.fa	16	3.528	2.198	94.386
long_content_30k_002/lc30k002_2348_gc3300_rp0.15_mr1.14E-4_ss100.fa	10	9.896	10.085	92.063
long_content_30k_002/lc30k002_2349_gc3300_rp0.15_mr1.14E-4_ss200.fa	6	5.777	5.654	94.385
long_content_30k_002/lc30k002_234_gc3300_rp0.07_mr1.14E-4_ss100.fa	10	6.494	6.520	93.161
long_content_30k_002/lc30k002_2350_gc3300_rp0.07_mr1.14E-4_ss200.fa	24	2.398	1.719	93.821
long_content_30k_002/lc30k002_2351_gc3300_rp0.05_mr1.14E-4_ss200.fa	7	1.894	2.047	98.922
long_content_30k_002/lc30k002_2352_gc3300_rp0.10_mr1.14E-4_ss100.fa	24	5.529	5.754	93.541
long_content_30k_002/lc30k002_2353_gc3300_rp0.05_mr1.14E-4_ss100.fa	30	3.946	4.113	96.195
long_content_30k_002/lc30k002_2354_gc3300_rp0.07_mr1.14E-4_ss100.fa	28	4.090	3.854	94.208
long_content_30k_002/lc30k002_2355_gc3300_rp0.10_mr1.14E-4_ss200.fa	16	2.719	2.363	91.854
long_content_30k_002/lc30k002_2356_gc3300_rp0.15_mr1.14E-4_ss100.fa	18	4.708	5.049	95.053
long_content_30k_002/lc30k002_2357_gc3300_rp0.15_mr1.14E-4_ss200.fa	23	2.683	3.014	96.417
long_content_30k_002/lc30k002_2358_gc3300_rp0.07_mr1.14E-4_ss200.fa	21	4.450	4.562	95.304
long_content_30k_002/lc30k002_2359_gc3300_rp0.05_mr1.14E-4_ss200.fa	13	3.781	3.260	86.177
long_content_30k_002/lc30k002_235_gc3300_rp0.10_mr1.14E-4_ss200.fa	21	6.667	8.713	91.707
long_content_30k_002/lc30k002_2360_gc3300_rp0.10_mr1.14E-4_ss100.fa	17	4.053	3.671	95.826
long_content_30k_002/lc30k002_2361_gc3300_rp0.05_mr1.14E-4_ss100.fa	14	7.960	8.665	91.395
long_content_30k_002/lc30k002_2362_gc3300_rp0.07_mr1.14E-4_ss100.fa	29	4.893	4.987	91.329
long_content_30k_002/lc30k002_2363_gc3300_rp0.10_mr1.14E-4_ss200.fa	30	3.670	3.622	95.537
long_content_30k_002/lc30k002_2364_gc3300_rp0.15_mr1.14E-4_ss100.fa	7	4.760	5.416	93.159
long_content_30k_002/lc30k002_2365_gc3300_rp0.15_mr1.14E-4_ss200.fa	9	5.047	2.956	90.693
long_content_30k_002/lc30k002_2366_gc3300_rp0.07_mr1.14E-4_ss200.fa	30	7.384	9.881	92.714
long_content_30k_002/lc30k002_2367_gc3300_rp0.05_mr1.14E-4_ss200.fa	30	3.725	3.531	95.346
long_content_30k_002/lc30k002_2368_gc3300_rp0.10_mr1.14E-4_ss100.fa	21	4.395	5.040	95.197
long_content_30k_002/lc30k002_2369_gc3300_rp0.05_mr1.14E-4_ss100.fa	17	3.114	2.809	94.937
long_content_30k_002/lc30k002_236_gc3300_rp0.15_mr1.14E-4_ss100.fa	24	4.721	3.808	94.878
long_content_30k_002/lc30k002_2370_gc3300_rp0.07_mr1.14E-4_ss100.fa	25	5.115	1.669	91.938
long_content_30k_002/lc30k002_2371_gc3300_rp0.10_mr1.14E-4_ss200.fa	27	3.719	3.969	95.019
long_content_30k_002/lc30k002_2372_gc3300_rp0.15_mr1.14E-4_ss100.fa	7	4.097	3.138	95.522
long_content_30k_002/lc30k002_2373_gc3300_rp0.15_mr1.14E-4_ss200.fa	15	6.824	6.411	93.478
long_content_30k_002/lc30k002_2374_gc3300_rp0.07_mr1.14E-4_ss200.fa	13	3.127	3.147	96.597
long_content_30k_002/lc30k002_2375_gc3300_rp0.05_mr1.14E-4_ss200.fa	13	14.095	14.110	90.152
long_content_30k_002/lc30k002_2376_gc3300_rp0.10_mr1.14E-4_ss100.fa	18	6.670	7.148	92.377
long_content_30k_002/lc30k002_2377_gc3300_rp0.05_mr1.14E-4_ss100.fa	9	5.729	5.572	94.905
long_content_30k_002/lc30k002_2378_gc3300_rp0.07_mr1.14E-4_ss100.fa	30	3.562	4.074	96.078
long_content_30k_002/lc30k002_2379_gc3300_rp0.10_mr1.14E-4_ss200.fa	22	3.735	3.218	95.827
long_content_30k_002/lc30k002_237_gc3300_rp0.15_mr1.14E-4_ss200.fa	19	7.296	7.313	92.083
long_content_30k_002/lc30k002_2380_gc3300_rp0.15_mr1.14E-4_ss100.fa	17	4.182	5.522	94.979
long_content_30k_002/lc30k002_2381_gc3300_rp0.15_mr1.14E-4_ss200.fa	14	6.755	6.384	93.230
long_content_30k_002/lc30k002_2382_gc3300_rp0.07_mr1.14E-4_ss200.fa	21	2.606	2.534	95.023
long_content_30k_002/lc30k002_2383_gc3300_rp0.05_mr1.14E-4_ss200.fa	21	4.225	3.621	89.789
long_content_30k_002/lc30k002_2384_gc3300_rp0.10_mr1.14E-4_ss100.fa	19	4.038	3.489	94.302
long_content_30k_002/lc30k002_2385_gc3300_rp0.05_mr1.14E-4_ss100.fa	30	3.425	3.209	94.988
long_content_30k_002/lc30k002_2386_gc3300_rp0.07_mr1.14E-4_ss100.fa	22	5.293	6.070	93.240
long_content_30k_002/lc30k002_2387_gc3300_rp0.10_mr1.14E-4_ss200.fa	5	1.802	2.023	97.484
long_content_30k_002/lc30k002_2388_gc3300_rp0.15_mr1.14E-4_ss100.fa	17	4.802	4.787	94.092
long_content_30k_002/lc30k002_2389_gc3300_rp0.15_mr1.14E-4_ss200.fa	1	3.574	3.574	90.146
long_content_30k_002/lc30k002_238_gc3300_rp0.07_mr1.14E-4_ss200.fa	30	3.858	3.966	96.586
long_content_30k_002/lc30k002_2390_gc3300_rp0.07_mr1.14E-4_ss200.fa	30	5.809	6.415	91.320
long_content_30k_002/lc30k002_2391_gc3300_rp0.05_mr1.14E-4_ss200.fa	30	3.785	3.990	94.095
long_content_30k_002/lc30k002_2392_gc3300_rp0.10_mr1.14E-4_ss100.fa	13	4.219	4.872	95.009
long_content_30k_002/lc30k002_2393_gc3300_rp0.05_mr1.14E-4_ss100.fa	30	2.470	1.414	93.169
long_content_30k_002/lc30k002_2394_gc3300_rp0.07_mr1.14E-4_ss100.fa	30	6.425	6.194	92.770
long_content_30k_002/lc30k002_2395_gc3300_rp0.10_mr1.14E-4_ss200.fa	13	4.994	4.225	92.720
long_content_30k_002/lc30k002_2396_gc3300_rp0.15_mr1.14E-4_ss100.fa	24	7.525	9.237	92.843
long_content_30k_002/lc30k002_2397_gc3300_rp0.15_mr1.14E-4_ss200.fa	29	2.503	3.033	97.542
long_content_30k_002/lc30k002_2398_gc3300_rp0.07_mr1.14E-4_ss200.fa	28	5.512	6.763	93.495
long_content_30k_002/lc30k002_2399_gc3300_rp0.05_mr1.14E-4_ss200.fa	1	4.929	4.929	95.761
long_content_30k_002/lc30k002_239_gc3300_rp0.05_mr1.14E-4_ss200.fa	11	7.221	7.961	92.220
long_content_30k_002/lc30k002_2400_gc3300_rp0.10_mr1.14E-4_ss100.fa	20	7.436	9.019	90.934
long_content_30k_002/lc30k002_2401_gc3300_rp0.05_mr1.14E-4_ss100.fa	9	7.475	3.254	89.409
long_content_30k_002/lc30k002_2402_gc3300_rp0.07_mr1.14E-4_ss100.fa	25	2.444	2.307	96.702
long_content_30k_002/lc30k002_2403_gc3300_rp0.10_mr1.14E-4_ss200.fa	13	5.831	5.041	92.370
long_content_30k_002/lc30k002_2404_gc3300_rp0.15_mr1.14E-4_ss100.fa	12	7.915	6.284	91.521
long_content_30k_002/lc30k002_2405_gc3300_rp0.15_mr1.14E-4_ss200.fa	23	1.490	0.937	96.348
long_content_30k_002/lc30k002_2406_gc3300_rp0.07_mr1.14E-4_ss200.fa	10	7.628	9.949	88.622
long_content_30k_002/lc30k002_2407_gc3300_rp0.05_mr1.14E-4_ss200.fa	15	5.063	5.478	94.077
long_content_30k_002/lc30k002_2408_gc3300_rp0.10_mr1.14E-4_ss100.fa	16	6.183	5.652	94.559
long_content_30k_002/lc30k002_2409_gc3300_rp0.05_mr1.14E-4_ss100.fa	24	6.859	7.469	94.183
long_content_30k_002/lc30k002_240_gc3300_rp0.10_mr1.14E-4_ss100.fa	17	5.127	3.491	92.702
long_content_30k_002/lc30k002_2410_gc3300_rp0.07_mr1.14E-4_ss100.fa	11	5.783	5.917	94.811
long_content_30k_002/lc30k002_2411_gc3300_rp0.10_mr1.14E-4_ss200.fa	27	3.976	3.714	94.177
long_content_30k_002/lc30k002_2412_gc3300_rp0.15_mr1.14E-4_ss100.fa	20	5.380	5.799	94.700
long_content_30k_002/lc30k002_2413_gc3300_rp0.15_mr1.14E-4_ss200.fa	16	6.716	7.833	93.141
long_content_30k_002/lc30k002_2414_gc3300_rp0.07_mr1.14E-4_ss200.fa	10	9.170	11.982	90.746
long_content_30k_002/lc30k002_2415_gc3300_rp0.05_mr1.14E-4_ss200.fa	15	7.848	8.430	92.313
long_content_30k_002/lc30k002_2416_gc3300_rp0.10_mr1.14E-4_ss100.fa	16	10.159	10.809	91.239
long_content_30k_002/lc30k002_2417_gc3300_rp0.05_mr1.14E-4_ss100.fa	7	5.095	3.388	93.915
long_content_30k_002/lc30k002_2418_gc3300_rp0.07_mr1.14E-4_ss100.fa	30	6.419	4.311	90.287
long_content_30k_002/lc30k002_2419_gc3300_rp0.10_mr1.14E-4_ss200.fa	7	7.164	8.333	92.427
long_content_30k_002/lc30k002_241_gc3300_rp0.05_mr1.14E-4_ss100.fa	23	12.579	13.628	88.292
long_content_30k_002/lc30k002_2420_gc3300_rp0.15_mr1.14E-4_ss100.fa	19	6.646	7.764	93.164
long_content_30k_002/lc30k002_2421_gc3300_rp0.15_mr1.14E-4_ss200.fa	14	5.111	6.628	93.421
long_content_30k_002/lc30k002_2422_gc3300_rp0.07_mr1.14E-4_ss200.fa	30	5.637	5.712	94.032
long_content_30k_002/lc30k002_2423_gc3300_rp0.05_mr1.14E-4_ss200.fa	16	8.564	8.362	89.732
long_content_30k_002/lc30k002_2424_gc3300_rp0.10_mr1.14E-4_ss100.fa	21	3.525	3.731	96.065
long_content_30k_002/lc30k002_2425_gc3300_rp0.05_mr1.14E-4_ss100.fa	30	5.001	2.869	93.739
long_content_30k_002/lc30k002_2426_gc3300_rp0.07_mr1.14E-4_ss100.fa	23	4.354	4.461	94.527
long_content_30k_002/lc30k002_2427_gc3300_rp0.10_mr1.14E-4_ss200.fa	14	4.379	5.841	93.246
long_content_30k_002/lc30k002_2428_gc3300_rp0.15_mr1.14E-4_ss100.fa	14	5.830	6.218	94.445
long_content_30k_002/lc30k002_2429_gc3300_rp0.15_mr1.14E-4_ss200.fa	15	2.872	2.920	94.457
long_content_30k_002/lc30k002_242_gc3300_rp0.07_mr1.14E-4_ss100.fa	11	9.888	10.595	91.500
long_content_30k_002/lc30k002_2430_gc3300_rp0.07_mr1.14E-4_ss200.fa	8	11.206	15.402	86.291
long_content_30k_002/lc30k002_2431_gc3300_rp0.05_mr1.14E-4_ss200.fa	23	1.350	1.106	87.190
long_content_30k_002/lc30k002_2432_gc3300_rp0.10_mr1.14E-4_ss100.fa	26	6.065	5.819	93.749
long_content_30k_002/lc30k002_2433_gc3300_rp0.05_mr1.14E-4_ss100.fa	17	2.224	2.150	94.943
long_content_30k_002/lc30k002_2434_gc3300_rp0.07_mr1.14E-4_ss100.fa	22	3.200	3.041	95.610
long_content_30k_002/lc30k002_2435_gc3300_rp0.10_mr1.14E-4_ss200.fa	24	5.666	8.296	92.191
long_content_30k_002/lc30k002_2436_gc3300_rp0.15_mr1.14E-4_ss100.fa	14	4.251	6.145	93.540
long_content_30k_002/lc30k002_2437_gc3300_rp0.15_mr1.14E-4_ss200.fa	18	7.050	7.429	93.227
long_content_30k_002/lc30k002_2438_gc3300_rp0.07_mr1.14E-4_ss200.fa	30	4.968	5.586	95.075
long_content_30k_002/lc30k002_2439_gc3300_rp0.05_mr1.14E-4_ss200.fa	30	3.453	2.455	94.334
long_content_30k_002/lc30k002_243_gc3300_rp0.10_mr1.14E-4_ss200.fa	15	9.249	5.273	91.563
long_content_30k_002/lc30k002_2440_gc3300_rp0.10_mr1.14E-4_ss100.fa	27	5.406	3.147	91.994
long_content_30k_002/lc30k002_2441_gc3300_rp0.05_mr1.14E-4_ss100.fa	30	5.303	4.808	92.492
long_content_30k_002/lc30k002_2442_gc3300_rp0.07_mr1.14E-4_ss100.fa	4	6.553	6.553	93.946
long_content_30k_002/lc30k002_2443_gc3300_rp0.10_mr1.14E-4_ss200.fa	19	3.328	3.520	96.341
long_content_30k_002/lc30k002_2444_gc3300_rp0.15_mr1.14E-4_ss100.fa	7	5.065	6.989	92.518
long_content_30k_002/lc30k002_2445_gc3300_rp0.15_mr1.14E-4_ss200.fa	7	3.503	3.087	95.578
long_content_30k_002/lc30k002_2446_gc3300_rp0.07_mr1.14E-4_ss200.fa	12	5.069	6.263	93.615
long_content_30k_002/lc30k002_2447_gc3300_rp0.05_mr1.14E-4_ss200.fa	30	3.431	4.209	95.053
long_content_30k_002/lc30k002_2448_gc3300_rp0.10_mr1.14E-4_ss100.fa	21	8.015	8.821	93.651
long_content_30k_002/lc30k002_2449_gc3300_rp0.05_mr1.14E-4_ss100.fa	11	4.126	4.554	93.416
long_content_30k_002/lc30k002_244_gc3300_rp0.15_mr1.14E-4_ss100.fa	6	7.432	10.581	93.290
long_content_30k_002/lc30k002_2450_gc3300_rp0.07_mr1.14E-4_ss100.fa	7	4.084	4.214	93.637
long_content_30k_002/lc30k002_2451_gc3300_rp0.10_mr1.14E-4_ss200.fa	14	5.641	7.499	94.518
long_content_30k_002/lc30k002_2452_gc3300_rp0.15_mr1.14E-4_ss100.fa	27	3.245	2.998	96.589
long_content_30k_002/lc30k002_2453_gc3300_rp0.15_mr1.14E-4_ss200.fa	17	4.668	3.612	94.373
long_content_30k_002/lc30k002_2454_gc3300_rp0.07_mr1.14E-4_ss200.fa	13	5.457	7.122	94.174
long_content_30k_002/lc30k002_2455_gc3300_rp0.05_mr1.14E-4_ss200.fa	30	4.527	4.964	95.782
long_content_30k_002/lc30k002_2456_gc3300_rp0.10_mr1.14E-4_ss100.fa	30	7.136	8.273	93.121
long_content_30k_002/lc30k002_2457_gc3300_rp0.05_mr1.14E-4_ss100.fa	30	3.559	2.189	93.231
long_content_30k_002/lc30k002_2458_gc3300_rp0.07_mr1.14E-4_ss100.fa	16	5.113	5.784	93.901
long_content_30k_002/lc30k002_2459_gc3300_rp0.10_mr1.14E-4_ss200.fa	7	5.901	5.135	93.453
long_content_30k_002/lc30k002_245_gc3300_rp0.15_mr1.14E-4_ss200.fa	10	3.413	4.117	96.068
long_content_30k_002/lc30k002_2460_gc3300_rp0.15_mr1.14E-4_ss100.fa	18	7.353	6.843	92.062
long_content_30k_002/lc30k002_2461_gc3300_rp0.15_mr1.14E-4_ss200.fa	12	5.915	7.338	91.981
long_content_30k_002/lc30k002_2462_gc3300_rp0.07_mr1.14E-4_ss200.fa	22	3.435	3.271	95.492
long_content_30k_002/lc30k002_2463_gc3300_rp0.05_mr1.14E-4_ss200.fa	22	3.578	2.980	94.453
long_content_30k_002/lc30k002_2464_gc3300_rp0.10_mr1.14E-4_ss100.fa	10	7.817	7.832	92.323
long_content_30k_002/lc30k002_2465_gc3300_rp0.05_mr1.14E-4_ss100.fa	27	14.316	16.835	88.121
long_content_30k_002/lc30k002_2466_gc3300_rp0.07_mr1.14E-4_ss100.fa	25	6.234	2.804	91.103
long_content_30k_002/lc30k002_2467_gc3300_rp0.10_mr1.14E-4_ss200.fa	15	6.273	6.611	94.141
long_content_30k_002/lc30k002_2468_gc3300_rp0.15_mr1.14E-4_ss100.fa	21	3.546	4.625	95.925
long_content_30k_002/lc30k002_2469_gc3300_rp0.15_mr1.14E-4_ss200.fa	20	4.312	3.510	94.609
long_content_30k_002/lc30k002_246_gc3300_rp0.07_mr1.14E-4_ss200.fa	20	4.561	4.863	93.979
long_content_30k_002/lc30k002_2470_gc3300_rp0.07_mr1.14E-4_ss200.fa	8	11.513	13.226	90.208
long_content_30k_002/lc30k002_2471_gc3300_rp0.05_mr1.14E-4_ss200.fa	16	4.994	6.087	93.222
long_content_30k_002/lc30k002_2472_gc3300_rp0.10_mr1.14E-4_ss100.fa	16	6.914	7.006	93.443
long_content_30k_002/lc30k002_2473_gc3300_rp0.05_mr1.14E-4_ss100.fa	18	5.377	5.269	94.149
long_content_30k_002/lc30k002_2474_gc3300_rp0.07_mr1.14E-4_ss100.fa	12	7.326	9.263	92.598
long_content_30k_002/lc30k002_2475_gc3300_rp0.10_mr1.14E-4_ss200.fa	9	9.046	9.297	91.803
long_content_30k_002/lc30k002_2476_gc3300_rp0.15_mr1.14E-4_ss100.fa	16	3.783	4.092	94.293
long_content_30k_002/lc30k002_2477_gc3300_rp0.15_mr1.14E-4_ss200.fa	12	4.534	4.983	95.411
long_content_30k_002/lc30k002_2478_gc3300_rp0.07_mr1.14E-4_ss200.fa	5	9.164	8.934	89.922
long_content_30k_002/lc30k002_2479_gc3300_rp0.05_mr1.14E-4_ss200.fa	12	5.012	2.622	88.890
long_content_30k_002/lc30k002_247_gc3300_rp0.05_mr1.14E-4_ss200.fa	13	12.714	14.172	90.327
long_content_30k_002/lc30k002_2480_gc3300_rp0.10_mr1.14E-4_ss100.fa	6	5.026	5.702	92.345
long_content_30k_002/lc30k002_2481_gc3300_rp0.05_mr1.14E-4_ss100.fa	23	3.866	3.387	94.373
long_content_30k_002/lc30k002_2482_gc3300_rp0.07_mr1.14E-4_ss100.fa	5	6.145	6.128	94.480
long_content_30k_002/lc30k002_2483_gc3300_rp0.10_mr1.14E-4_ss200.fa	11	4.887	4.705	92.681
long_content_30k_002/lc30k002_2484_gc3300_rp0.15_mr1.14E-4_ss100.fa	16	5.331	4.331	93.787
long_content_30k_002/lc30k002_2485_gc3300_rp0.15_mr1.14E-4_ss200.fa	9	9.390	10.193	92.396
long_content_30k_002/lc30k002_2486_gc3300_rp0.07_mr1.14E-4_ss200.fa	30	4.099	4.445	96.441
long_content_30k_002/lc30k002_2487_gc3300_rp0.05_mr1.14E-4_ss200.fa	9	3.249	1.663	95.469
long_content_30k_002/lc30k002_2488_gc3300_rp0.10_mr1.14E-4_ss100.fa	27	4.912	6.182	93.303
long_content_30k_002/lc30k002_2489_gc3300_rp0.05_mr1.14E-4_ss100.fa	20	5.166	5.451	95.824
long_content_30k_002/lc30k002_248_gc3300_rp0.10_mr1.14E-4_ss100.fa	19	4.600	5.179	94.321
long_content_30k_002/lc30k002_2490_gc3300_rp0.07_mr1.14E-4_ss100.fa	30	5.760	5.777	94.505
long_content_30k_002/lc30k002_2491_gc3300_rp0.10_mr1.14E-4_ss200.fa	18	7.115	7.827	92.392
long_content_30k_002/lc30k002_2492_gc3300_rp0.15_mr1.14E-4_ss100.fa	8	2.047	1.114	95.621
long_content_30k_002/lc30k002_2493_gc3300_rp0.15_mr1.14E-4_ss200.fa	12	3.957	4.152	95.312
long_content_30k_002/lc30k002_2494_gc3300_rp0.07_mr1.14E-4_ss200.fa	16	7.153	11.191	90.179
long_content_30k_002/lc30k002_2495_gc3300_rp0.05_mr1.14E-4_ss200.fa	21	5.338	5.278	94.738
long_content_30k_002/lc30k002_2496_gc3300_rp0.10_mr1.14E-4_ss100.fa	8	1.768	0.514	90.532
long_content_30k_002/lc30k002_2497_gc3300_rp0.05_mr1.14E-4_ss100.fa	30	3.254	3.431	93.713
long_content_30k_002/lc30k002_2498_gc3300_rp0.07_mr1.14E-4_ss100.fa	23	2.514	2.542	96.883
long_content_30k_002/lc30k002_2499_gc3300_rp0.10_mr1.14E-4_ss200.fa	13	8.194	9.601	90.542
long_content_30k_002/lc30k002_249_gc3300_rp0.05_mr1.14E-4_ss100.fa	30	5.581	5.629	95.834
long_content_30k_002/lc30k002_2500_gc3300_rp0.15_mr1.14E-4_ss100.fa	16	3.279	4.157	95.831
long_content_30k_002/lc30k002_2501_gc3300_rp0.15_mr1.14E-4_ss200.fa	21	4.933	3.853	92.947
long_content_30k_002/lc30k002_2502_gc3300_rp0.07_mr1.14E-4_ss200.fa	13	4.131	1.425	93.309
long_content_30k_002/lc30k002_2503_gc3300_rp0.05_mr1.14E-4_ss200.fa	30	6.754	8.055	93.571
long_content_30k_002/lc30k002_2504_gc3300_rp0.10_mr1.14E-4_ss100.fa	28	5.718	6.291	95.270
long_content_30k_002/lc30k002_2505_gc3300_rp0.05_mr1.14E-4_ss100.fa	17	6.381	6.414	92.387
long_content_30k_002/lc30k002_2506_gc3300_rp0.07_mr1.14E-4_ss100.fa	8	3.994	2.732	93.883
long_content_30k_002/lc30k002_2507_gc3300_rp0.10_mr1.14E-4_ss200.fa	8	2.199	2.150	95.744
long_content_30k_002/lc30k002_2508_gc3300_rp0.15_mr1.14E-4_ss100.fa	11	2.739	1.212	95.886
long_content_30k_002/lc30k002_2509_gc3300_rp0.15_mr1.14E-4_ss200.fa	2	4.977	4.977	93.980
long_content_30k_002/lc30k002_250_gc3300_rp0.07_mr1.14E-4_ss100.fa	30	5.634	6.573	93.863
long_content_30k_002/lc30k002_2510_gc3300_rp0.07_mr1.14E-4_ss200.fa	30	8.096	8.215	92.065
long_content_30k_002/lc30k002_2511_gc3300_rp0.05_mr1.14E-4_ss200.fa	30	2.620	1.561	95.710
long_content_30k_002/lc30k002_2512_gc3300_rp0.10_mr1.14E-4_ss100.fa	24	3.467	3.608	96.229
long_content_30k_002/lc30k002_2513_gc3300_rp0.05_mr1.14E-4_ss100.fa	6	4.189	5.869	94.733
long_content_30k_002/lc30k002_2514_gc3300_rp0.07_mr1.14E-4_ss100.fa	27	4.776	6.825	93.110
long_content_30k_002/lc30k002_2515_gc3300_rp0.10_mr1.14E-4_ss200.fa	17	4.155	4.505	96.070
long_content_30k_002/lc30k002_2516_gc3300_rp0.15_mr1.14E-4_ss100.fa	6	7.474	8.638	91.253
long_content_30k_002/lc30k002_2517_gc3300_rp0.15_mr1.14E-4_ss200.fa	16	5.148	5.339	93.257
long_content_30k_002/lc30k002_2518_gc3300_rp0.07_mr1.14E-4_ss200.fa	30	3.622	3.709	93.761
long_content_30k_002/lc30k002_2519_gc3300_rp0.05_mr1.14E-4_ss200.fa	30	7.336	7.312	92.093
long_content_30k_002/lc30k002_251_gc3300_rp0.10_mr1.14E-4_ss200.fa	11	6.551	6.790	94.728
long_content_30k_002/lc30k002_2520_gc3300_rp0.10_mr1.14E-4_ss100.fa	19	5.497	6.314	93.726
long_content_30k_002/lc30k002_2521_gc3300_rp0.05_mr1.14E-4_ss100.fa	25	7.240	4.886	89.691
long_content_30k_002/lc30k002_2522_gc3300_rp0.07_mr1.14E-4_ss100.fa	29	5.059	6.468	94.680
long_content_30k_002/lc30k002_2523_gc3300_rp0.10_mr1.14E-4_ss200.fa	30	7.588	8.226	92.882
long_content_30k_002/lc30k002_2524_gc3300_rp0.15_mr1.14E-4_ss100.fa	6	10.398	9.514	92.366
long_content_30k_002/lc30k002_2525_gc3300_rp0.15_mr1.14E-4_ss200.fa	13	6.679	7.774	90.747
long_content_30k_002/lc30k002_2526_gc3300_rp0.07_mr1.14E-4_ss200.fa	18	6.005	6.922	93.262
long_content_30k_002/lc30k002_2527_gc3300_rp0.05_mr1.14E-4_ss200.fa	7	3.201	2.792	93.573
long_content_30k_002/lc30k002_2528_gc3300_rp0.10_mr1.14E-4_ss100.fa	21	5.797	3.146	91.762
long_content_30k_002/lc30k002_2529_gc3300_rp0.05_mr1.14E-4_ss100.fa	30	5.112	5.715	95.120
long_content_30k_002/lc30k002_252_gc3300_rp0.15_mr1.14E-4_ss100.fa	20	5.791	5.060	93.146
long_content_30k_002/lc30k002_2530_gc3300_rp0.07_mr1.14E-4_ss100.fa	28	7.926	9.196	93.239
long_content_30k_002/lc30k002_2531_gc3300_rp0.10_mr1.14E-4_ss200.fa	7	3.929	3.461	94.157
long_content_30k_002/lc30k002_2532_gc3300_rp0.15_mr1.14E-4_ss100.fa	20	3.444	2.009	96.324
long_content_30k_002/lc30k002_2533_gc3300_rp0.15_mr1.14E-4_ss200.fa	27	3.634	3.073	95.035
long_content_30k_002/lc30k002_2534_gc3300_rp0.07_mr1.14E-4_ss200.fa	8	5.955	4.743	92.017
long_content_30k_002/lc30k002_2535_gc3300_rp0.05_mr1.14E-4_ss200.fa	30	5.553	6.115	95.695
long_content_30k_002/lc30k002_2536_gc3300_rp0.10_mr1.14E-4_ss100.fa	26	5.381	6.040	93.232
long_content_30k_002/lc30k002_2537_gc3300_rp0.05_mr1.14E-4_ss100.fa	21	2.790	1.930	92.636
long_content_30k_002/lc30k002_2538_gc3300_rp0.07_mr1.14E-4_ss100.fa	30	7.777	8.547	94.022
long_content_30k_002/lc30k002_2539_gc3300_rp0.10_mr1.14E-4_ss200.fa	18	5.380	6.362	93.388
long_content_30k_002/lc30k002_253_gc3300_rp0.15_mr1.14E-4_ss200.fa	11	6.211	7.375	94.232
long_content_30k_002/lc30k002_2540_gc3300_rp0.15_mr1.14E-4_ss100.fa	12	3.351	2.691	92.253
long_content_30k_002/lc30k002_2541_gc3300_rp0.15_mr1.14E-4_ss200.fa	5	6.287	5.295	94.031
long_content_30k_002/lc30k002_2542_gc3300_rp0.07_mr1.14E-4_ss200.fa	14	2.715	2.840	87.462
long_content_30k_002/lc30k002_2543_gc3300_rp0.05_mr1.14E-4_ss200.fa	30	2.242	2.102	96.408
long_content_30k_002/lc30k002_2544_gc3300_rp0.10_mr1.14E-4_ss100.fa	18	7.537	7.971	93.508
long_content_30k_002/lc30k002_2545_gc3300_rp0.05_mr1.14E-4_ss100.fa	28	9.495	6.833	89.620
long_content_30k_002/lc30k002_2546_gc3300_rp0.07_mr1.14E-4_ss100.fa	30	3.152	3.192	96.520
long_content_30k_002/lc30k002_2547_gc3300_rp0.10_mr1.14E-4_ss200.fa	10	6.703	7.371	92.421
long_content_30k_002/lc30k002_2548_gc3300_rp0.15_mr1.14E-4_ss100.fa	7	6.248	6.341	93.855
long_content_30k_002/lc30k002_2549_gc3300_rp0.15_mr1.14E-4_ss200.fa	11	2.034	1.429	91.638
long_content_30k_002/lc30k002_254_gc3300_rp0.07_mr1.14E-4_ss200.fa	5	9.895	10.103	92.438
long_content_30k_002/lc30k002_2550_gc3300_rp0.07_mr1.14E-4_ss200.fa	29	4.010	4.821	94.479
long_content_30k_002/lc30k002_2551_gc3300_rp0.05_mr1.14E-4_ss200.fa	30	2.077	2.055	97.212
long_content_30k_002/lc30k002_2552_gc3300_rp0.10_mr1.14E-4_ss100.fa	28	6.345	6.061	92.656
long_content_30k_002/lc30k002_2553_gc3300_rp0.05_mr1.14E-4_ss100.fa	24	1.791	1.926	93.003
long_content_30k_002/lc30k002_2554_gc3300_rp0.07_mr1.14E-4_ss100.fa	9	6.705	7.965	92.332
long_content_30k_002/lc30k002_2555_gc3300_rp0.10_mr1.14E-4_ss200.fa	15	7.859	11.177	90.078
long_content_30k_002/lc30k002_2556_gc3300_rp0.15_mr1.14E-4_ss100.fa	26	4.652	5.222	95.133
long_content_30k_002/lc30k002_2557_gc3300_rp0.15_mr1.14E-4_ss200.fa	26	7.075	6.133	91.468
long_content_30k_002/lc30k002_2558_gc3300_rp0.07_mr1.14E-4_ss200.fa	16	7.559	2.958	88.948
long_content_30k_002/lc30k002_2559_gc3300_rp0.05_mr1.14E-4_ss200.fa	20	4.352	4.374	95.910
long_content_30k_002/lc30k002_255_gc3300_rp0.05_mr1.14E-4_ss200.fa	30	5.301	6.353	94.313
long_content_30k_002/lc30k002_2560_gc3300_rp0.10_mr1.14E-4_ss100.fa	18	5.566	4.152	91.840
long_content_30k_002/lc30k002_2561_gc3300_rp0.05_mr1.14E-4_ss100.fa	29	4.526	3.450	93.596
long_content_30k_002/lc30k002_2562_gc3300_rp0.07_mr1.14E-4_ss100.fa	27	4.181	3.877	95.054
long_content_30k_002/lc30k002_2563_gc3300_rp0.10_mr1.14E-4_ss200.fa	5	7.004	7.926	93.916
long_content_30k_002/lc30k002_2564_gc3300_rp0.15_mr1.14E-4_ss100.fa	9	8.153	8.509	91.820
long_content_30k_002/lc30k002_2565_gc3300_rp0.15_mr1.14E-4_ss200.fa	25	4.309	3.565	94.461
long_content_30k_002/lc30k002_2566_gc3300_rp0.07_mr1.14E-4_ss200.fa	19	5.105	6.108	93.647
long_content_30k_002/lc30k002_2567_gc3300_rp0.05_mr1.14E-4_ss200.fa	17	3.000	3.178	93.608
long_content_30k_002/lc30k002_2568_gc3300_rp0.10_mr1.14E-4_ss100.fa	15	5.512	5.087	92.746
long_content_30k_002/lc30k002_2569_gc3300_rp0.05_mr1.14E-4_ss100.fa	25	9.373	9.814	91.017
long_content_30k_002/lc30k002_256_gc3300_rp0.10_mr1.14E-4_ss100.fa	11	4.930	5.030	94.840
long_content_30k_002/lc30k002_2570_gc3300_rp0.07_mr1.14E-4_ss100.fa	23	4.264	4.284	95.693
long_content_30k_002/lc30k002_2571_gc3300_rp0.10_mr1.14E-4_ss200.fa	6	3.128	3.383	95.736
long_content_30k_002/lc30k002_2572_gc3300_rp0.15_mr1.14E-4_ss100.fa	19	7.521	8.656	92.642
long_content_30k_002/lc30k002_2573_gc3300_rp0.15_mr1.14E-4_ss200.fa	13	4.160	4.635	95.682
long_content_30k_002/lc30k002_2574_gc3300_rp0.07_mr1.14E-4_ss200.fa	30	4.502	4.573	96.039
long_content_30k_002/lc30k002_2575_gc3300_rp0.05_mr1.14E-4_ss200.fa	30	1.871	2.194	97.966
long_content_30k_002/lc30k002_2576_gc3300_rp0.10_mr1.14E-4_ss100.fa	30	5.233	5.523	95.518
long_content_30k_002/lc30k002_2577_gc3300_rp0.05_mr1.14E-4_ss100.fa	12	10.711	10.938	92.361
long_content_30k_002/lc30k002_2578_gc3300_rp0.07_mr1.14E-4_ss100.fa	22	3.998	4.933	94.918
long_content_30k_002/lc30k002_2579_gc3300_rp0.10_mr1.14E-4_ss200.fa	22	3.068	2.495	96.897
long_content_30k_002/lc30k002_257_gc3300_rp0.05_mr1.14E-4_ss100.fa	14	5.660	5.406	93.470
long_content_30k_002/lc30k002_2580_gc3300_rp0.15_mr1.14E-4_ss100.fa	17	7.425	7.317	92.292
long_content_30k_002/lc30k002_2581_gc3300_rp0.15_mr1.14E-4_ss200.fa	25	6.674	8.179	93.529
long_content_30k_002/lc30k002_2582_gc3300_rp0.07_mr1.14E-4_ss200.fa	14	6.669	6.742	94.987
long_content_30k_002/lc30k002_2583_gc3300_rp0.05_mr1.14E-4_ss200.fa	25	4.237	3.211	90.800
long_content_30k_002/lc30k002_2584_gc3300_rp0.10_mr1.14E-4_ss100.fa	17	5.607	5.085	94.281
long_content_30k_002/lc30k002_2585_gc3300_rp0.05_mr1.14E-4_ss100.fa	25	4.376	2.639	92.804
long_content_30k_002/lc30k002_2586_gc3300_rp0.07_mr1.14E-4_ss100.fa	11	2.748	2.855	96.999
long_content_30k_002/lc30k002_2587_gc3300_rp0.10_mr1.14E-4_ss200.fa	15	5.940	7.512	92.822
long_content_30k_002/lc30k002_2588_gc3300_rp0.15_mr1.14E-4_ss100.fa	25	6.025	6.550	93.852
long_content_30k_002/lc30k002_2589_gc3300_rp0.15_mr1.14E-4_ss200.fa	25	4.957	5.839	92.432
long_content_30k_002/lc30k002_258_gc3300_rp0.07_mr1.14E-4_ss100.fa	25	6.293	3.436	91.206
long_content_30k_002/lc30k002_2590_gc3300_rp0.07_mr1.14E-4_ss200.fa	25	4.526	4.557	93.962
long_content_30k_002/lc30k002_2591_gc3300_rp0.05_mr1.14E-4_ss200.fa	6	10.383	10.788	92.727
long_content_30k_002/lc30k002_2592_gc3300_rp0.10_mr1.14E-4_ss100.fa	8	3.223	3.963	96.622
long_content_30k_002/lc30k002_2593_gc3300_rp0.05_mr1.14E-4_ss100.fa	14	2.309	1.293	90.523
long_content_30k_002/lc30k002_2594_gc3300_rp0.07_mr1.14E-4_ss100.fa	11	5.252	8.407	91.551
long_content_30k_002/lc30k002_2595_gc3300_rp0.10_mr1.14E-4_ss200.fa	26	5.459	4.476	93.476
long_content_30k_002/lc30k002_2596_gc3300_rp0.15_mr1.14E-4_ss100.fa	12	11.400	14.168	90.571
long_content_30k_002/lc30k002_2597_gc3300_rp0.15_mr1.14E-4_ss200.fa	16	5.015	5.501	95.436
long_content_30k_002/lc30k002_2598_gc3300_rp0.07_mr1.14E-4_ss200.fa	16	5.978	5.465	92.549
long_content_30k_002/lc30k002_2599_gc3300_rp0.05_mr1.14E-4_ss200.fa	22	9.994	10.026	92.912
long_content_30k_002/lc30k002_259_gc3300_rp0.10_mr1.14E-4_ss200.fa	17	4.265	5.246	94.421
long_content_30k_002/lc30k002_2600_gc3300_rp0.10_mr1.14E-4_ss100.fa	25	3.308	3.658	96.198
long_content_30k_002/lc30k002_2601_gc3300_rp0.05_mr1.14E-4_ss100.fa	29	4.385	4.286	95.047
long_content_30k_002/lc30k002_2602_gc3300_rp0.07_mr1.14E-4_ss100.fa	7	6.712	6.022	92.741
long_content_30k_002/lc30k002_2603_gc3300_rp0.10_mr1.14E-4_ss200.fa	17	4.275	4.802	94.755
long_content_30k_002/lc30k002_2604_gc3300_rp0.15_mr1.14E-4_ss100.fa	7	8.629	9.287	92.189
long_content_30k_002/lc30k002_2605_gc3300_rp0.15_mr1.14E-4_ss200.fa	9	6.211	6.212	94.852
long_content_30k_002/lc30k002_2606_gc3300_rp0.07_mr1.14E-4_ss200.fa	5	10.400	11.304	89.564
long_content_30k_002/lc30k002_2607_gc3300_rp0.05_mr1.14E-4_ss200.fa	30	2.644	2.314	97.165
long_content_30k_002/lc30k002_2608_gc3300_rp0.10_mr1.14E-4_ss100.fa	30	4.255	4.557	95.315
long_content_30k_002/lc30k002_2609_gc3300_rp0.05_mr1.14E-4_ss100.fa	30	6.475	6.530	94.583
long_content_30k_002/lc30k002_260_gc3300_rp0.15_mr1.14E-4_ss100.fa	3	7.881	8.024	93.678
long_content_30k_002/lc30k002_2610_gc3300_rp0.07_mr1.14E-4_ss100.fa	30	4.432	5.309	93.096
long_content_30k_002/lc30k002_2611_gc3300_rp0.10_mr1.14E-4_ss200.fa	21	6.286	6.435	94.342
long_content_30k_002/lc30k002_2612_gc3300_rp0.15_mr1.14E-4_ss100.fa	14	4.592	4.820	96.215
long_content_30k_002/lc30k002_2613_gc3300_rp0.15_mr1.14E-4_ss200.fa	25	4.839	4.796	93.571
long_content_30k_002/lc30k002_2614_gc3300_rp0.07_mr1.14E-4_ss200.fa	2	8.896	8.896	93.366
long_content_30k_002/lc30k002_2615_gc3300_rp0.05_mr1.14E-4_ss200.fa	26	2.521	2.809	91.398
long_content_30k_002/lc30k002_2616_gc3300_rp0.10_mr1.14E-4_ss100.fa	25	2.404	1.257	95.511
long_content_30k_002/lc30k002_2617_gc3300_rp0.05_mr1.14E-4_ss100.fa	15	12.918	14.980	89.205
long_content_30k_002/lc30k002_2618_gc3300_rp0.07_mr1.14E-4_ss100.fa	17	8.435	8.875	91.199
long_content_30k_002/lc30k002_2619_gc3300_rp0.10_mr1.14E-4_ss200.fa	11	3.344	3.844	95.995
long_content_30k_002/lc30k002_261_gc3300_rp0.15_mr1.14E-4_ss200.fa	3	5.495	5.481	94.479
long_content_30k_002/lc30k002_2620_gc3300_rp0.15_mr1.14E-4_ss100.fa	27	7.192	7.977	93.320
long_content_30k_002/lc30k002_2621_gc3300_rp0.15_mr1.14E-4_ss200.fa	7	2.161	1.515	94.902
long_content_30k_002/lc30k002_2622_gc3300_rp0.07_mr1.14E-4_ss200.fa	26	3.613	5.287	94.545
long_content_30k_002/lc30k002_2623_gc3300_rp0.05_mr1.14E-4_ss200.fa	25	5.231	7.083	95.332
long_content_30k_002/lc30k002_2624_gc3300_rp0.10_mr1.14E-4_ss100.fa	24	5.810	7.571	93.831
long_content_30k_002/lc30k002_2625_gc3300_rp0.05_mr1.14E-4_ss100.fa	3	8.206	8.207	88.803
long_content_30k_002/lc30k002_2626_gc3300_rp0.07_mr1.14E-4_ss100.fa	10	4.680	4.664	94.095
long_content_30k_002/lc30k002_2627_gc3300_rp0.10_mr1.14E-4_ss200.fa	18	5.442	5.884	92.844
long_content_30k_002/lc30k002_2628_gc3300_rp0.15_mr1.14E-4_ss100.fa	23	2.982	1.448	92.889
long_content_30k_002/lc30k002_2629_gc3300_rp0.15_mr1.14E-4_ss200.fa	30	5.721	4.280	92.802
long_content_30k_002/lc30k002_262_gc3300_rp0.07_mr1.14E-4_ss200.fa	11	2.123	0.087	93.020
long_content_30k_002/lc30k002_2630_gc3300_rp0.07_mr1.14E-4_ss200.fa	24	7.683	7.782	93.311
long_content_30k_002/lc30k002_2631_gc3300_rp0.05_mr1.14E-4_ss200.fa	12	7.134	6.301	91.617
long_content_30k_002/lc30k002_2632_gc3300_rp0.10_mr1.14E-4_ss100.fa	6	5.274	4.344	92.149
long_content_30k_002/lc30k002_2633_gc3300_rp0.05_mr1.14E-4_ss100.fa	24	6.686	6.207	93.360
long_content_30k_002/lc30k002_2634_gc3300_rp0.07_mr1.14E-4_ss100.fa	22	4.723	0.856	89.394
long_content_30k_002/lc30k002_2635_gc3300_rp0.10_mr1.14E-4_ss200.fa	13	5.383	7.084	93.586
long_content_30k_002/lc30k002_2636_gc3300_rp0.15_mr1.14E-4_ss100.fa	16	6.547	6.434	93.346
long_content_30k_002/lc30k002_2637_gc3300_rp0.15_mr1.14E-4_ss200.fa	10	3.727	4.437	95.707
long_content_30k_002/lc30k002_2638_gc3300_rp0.07_mr1.14E-4_ss200.fa	25	3.069	2.371	94.743
long_content_30k_002/lc30k002_2639_gc3300_rp0.05_mr1.14E-4_ss200.fa	15	3.929	5.892	93.778
long_content_30k_002/lc30k002_263_gc3300_rp0.05_mr1.14E-4_ss200.fa	28	1.859	1.097	96.750
long_content_30k_002/lc30k002_2640_gc3300_rp0.10_mr1.14E-4_ss100.fa	16	5.636	6.382	94.681
long_content_30k_002/lc30k002_2641_gc3300_rp0.05_mr1.14E-4_ss100.fa	13	6.276	7.680	93.881
long_content_30k_002/lc30k002_2642_gc3300_rp0.07_mr1.14E-4_ss100.fa	11	4.154	4.754	94.975
long_content_30k_002/lc30k002_2643_gc3300_rp0.10_mr1.14E-4_ss200.fa	17	3.259	4.431	95.103
long_content_30k_002/lc30k002_2644_gc3300_rp0.15_mr1.14E-4_ss100.fa	9	7.241	8.002	94.196
long_content_30k_002/lc30k002_2645_gc3300_rp0.15_mr1.14E-4_ss200.fa	16	3.077	3.114	96.552
long_content_30k_002/lc30k002_2646_gc3300_rp0.07_mr1.14E-4_ss200.fa	8	4.426	3.741	96.361
long_content_30k_002/lc30k002_2647_gc3300_rp0.05_mr1.14E-4_ss200.fa	18	7.013	7.850	91.421
long_content_30k_002/lc30k002_2648_gc3300_rp0.10_mr1.14E-4_ss100.fa	24	4.514	3.944	93.824
long_content_30k_002/lc30k002_2649_gc3300_rp0.05_mr1.14E-4_ss100.fa	19	8.950	9.478	88.739
long_content_30k_002/lc30k002_264_gc3300_rp0.10_mr1.14E-4_ss100.fa	12	6.114	6.599	94.718
long_content_30k_002/lc30k002_2650_gc3300_rp0.07_mr1.14E-4_ss100.fa	0	0.000	0.000	0.000
long_content_30k_002/lc30k002_2651_gc3300_rp0.10_mr1.14E-4_ss200.fa	30	4.090	4.174	95.580
long_content_30k_002/lc30k002_2652_gc3300_rp0.15_mr1.14E-4_ss100.fa	19	3.203	2.067	95.402
long_content_30k_002/lc30k002_2653_gc3300_rp0.15_mr1.14E-4_ss200.fa	18	5.378	6.642	94.176
long_content_30k_002/lc30k002_2654_gc3300_rp0.07_mr1.14E-4_ss200.fa	29	7.856	8.091	92.790
long_content_30k_002/lc30k002_2655_gc3300_rp0.05_mr1.14E-4_ss200.fa	30	4.988	5.385	95.535
long_content_30k_002/lc30k002_2656_gc3300_rp0.10_mr1.14E-4_ss100.fa	19	4.941	3.154	93.034
long_content_30k_002/lc30k002_2657_gc3300_rp0.05_mr1.14E-4_ss100.fa	17	4.269	4.145	95.224
long_content_30k_002/lc30k002_2658_gc3300_rp0.07_mr1.14E-4_ss100.fa	19	2.269	1.174	89.619
long_content_30k_002/lc30k002_2659_gc3300_rp0.10_mr1.14E-4_ss200.fa	18	9.248	12.056	87.809
long_content_30k_002/lc30k002_265_gc3300_rp0.05_mr1.14E-4_ss100.fa	20	5.928	6.335	93.077
long_content_30k_002/lc30k002_2660_gc3300_rp0.15_mr1.14E-4_ss100.fa	9	4.829	5.548	94.229
long_content_30k_002/lc30k002_2661_gc3300_rp0.15_mr1.14E-4_ss200.fa	6	5.317	4.613	93.762
long_content_30k_002/lc30k002_2662_gc3300_rp0.07_mr1.14E-4_ss200.fa	30	3.512	4.495	94.481
long_content_30k_002/lc30k002_2663_gc3300_rp0.05_mr1.14E-4_ss200.fa	8	5.114	4.866	95.674
long_content_30k_002/lc30k002_2664_gc3300_rp0.10_mr1.14E-4_ss100.fa	30	4.001	4.020	95.864
long_content_30k_002/lc30k002_2665_gc3300_rp0.05_mr1.14E-4_ss100.fa	30	3.961	3.742	93.490
long_content_30k_002/lc30k002_2666_gc3300_rp0.07_mr1.14E-4_ss100.fa	22	6.673	5.192	93.115
long_content_30k_002/lc30k002_2667_gc3300_rp0.10_mr1.14E-4_ss200.fa	19	6.104	5.157	94.364
long_content_30k_002/lc30k002_2668_gc3300_rp0.15_mr1.14E-4_ss100.fa	21	3.765	3.883	95.893
long_content_30k_002/lc30k002_2669_gc3300_rp0.15_mr1.14E-4_ss200.fa	10	5.943	8.447	92.031
long_content_30k_002/lc30k002_266_gc3300_rp0.07_mr1.14E-4_ss100.fa	24	4.947	5.550	94.017
long_content_30k_002/lc30k002_2670_gc3300_rp0.07_mr1.14E-4_ss200.fa	29	4.674	5.485	94.743
long_content_30k_002/lc30k002_2671_gc3300_rp0.05_mr1.14E-4_ss200.fa	30	3.893	2.454	93.743
long_content_30k_002/lc30k002_2673_gc3300_rp0.05_mr1.14E-4_ss100.fa	1	9.422	9.422	88.980
long_content_30k_002/lc30k002_2674_gc3300_rp0.07_mr1.14E-4_ss100.fa	12	6.474	7.689	90.713
long_content_30k_002/lc30k002_2675_gc3300_rp0.10_mr1.14E-4_ss200.fa	7	6.496	6.401	94.261
long_content_30k_002/lc30k002_2676_gc3300_rp0.15_mr1.14E-4_ss100.fa	26	5.720	6.839	93.282
long_content_30k_002/lc30k002_2677_gc3300_rp0.15_mr1.14E-4_ss200.fa	6	5.952	6.223	94.605
long_content_30k_002/lc30k002_2678_gc3300_rp0.07_mr1.14E-4_ss200.fa	26	2.192	1.992	97.036
long_content_30k_002/lc30k002_2679_gc3300_rp0.05_mr1.14E-4_ss200.fa	28	7.949	8.994	91.455
long_content_30k_002/lc30k002_267_gc3300_rp0.10_mr1.14E-4_ss200.fa	15	4.425	4.481	91.679
long_content_30k_002/lc30k002_2680_gc3300_rp0.10_mr1.14E-4_ss100.fa	30	2.191	1.823	94.564
long_content_30k_002/lc30k002_2681_gc3300_rp0.05_mr1.14E-4_ss100.fa	30	7.399	8.894	94.028
long_content_30k_002/lc30k002_2682_gc3300_rp0.07_mr1.14E-4_ss100.fa	23	2.041	1.194	93.917
long_content_30k_002/lc30k002_2683_gc3300_rp0.10_mr1.14E-4_ss200.fa	22	5.036	3.973	93.886
long_content_30k_002/lc30k002_2684_gc3300_rp0.15_mr1.14E-4_ss100.fa	6	4.811	5.031	94.513
long_content_30k_002/lc30k002_2685_gc3300_rp0.15_mr1.14E-4_ss200.fa	24	3.557	3.411	96.368
long_content_30k_002/lc30k002_2686_gc3300_rp0.07_mr1.14E-4_ss200.fa	24	4.167	4.449	95.164
long_content_30k_002/lc30k002_2687_gc3300_rp0.05_mr1.14E-4_ss200.fa	24	3.850	4.381	93.824
long_content_30k_002/lc30k002_2688_gc3300_rp0.10_mr1.14E-4_ss100.fa	6	6.648	7.761	93.408
long_content_30k_002/lc30k002_2689_gc3300_rp0.05_mr1.14E-4_ss100.fa	30	4.357	4.304	94.907
long_content_30k_002/lc30k002_268_gc3300_rp0.15_mr1.14E-4_ss100.fa	12	9.729	9.041	92.519
long_content_30k_002/lc30k002_2690_gc3300_rp0.07_mr1.14E-4_ss100.fa	25	4.415	4.170	94.237
long_content_30k_002/lc30k002_2691_gc3300_rp0.10_mr1.14E-4_ss200.fa	9	3.633	3.145	94.547
long_content_30k_002/lc30k002_2692_gc3300_rp0.15_mr1.14E-4_ss100.fa	17	4.374	3.465	95.760
long_content_30k_002/lc30k002_2693_gc3300_rp0.15_mr1.14E-4_ss200.fa	9	3.572	4.140	95.510
long_content_30k_002/lc30k002_2694_gc3300_rp0.07_mr1.14E-4_ss200.fa	21	3.541	2.635	92.843
long_content_30k_002/lc30k002_2695_gc3300_rp0.05_mr1.14E-4_ss200.fa	24	5.532	7.296	90.135
long_content_30k_002/lc30k002_2696_gc3300_rp0.10_mr1.14E-4_ss100.fa	13	4.609	5.329	95.675
long_content_30k_002/lc30k002_2697_gc3300_rp0.05_mr1.14E-4_ss100.fa	25	3.367	3.483	94.500
long_content_30k_002/lc30k002_2698_gc3300_rp0.07_mr1.14E-4_ss100.fa	14	6.840	6.964	93.069
long_content_30k_002/lc30k002_2699_gc3300_rp0.10_mr1.14E-4_ss200.fa	19	4.057	4.187	93.183
long_content_30k_002/lc30k002_269_gc3300_rp0.15_mr1.14E-4_ss200.fa	7	3.621	3.839	95.813
long_content_30k_002/lc30k002_2700_gc3300_rp0.15_mr1.14E-4_ss100.fa	23	4.714	6.635	93.459
long_content_30k_002/lc30k002_2701_gc3300_rp0.15_mr1.14E-4_ss200.fa	4	4.832	3.891	93.328
long_content_30k_002/lc30k002_2702_gc3300_rp0.07_mr1.14E-4_ss200.fa	22	7.953	8.019	93.010
long_content_30k_002/lc30k002_2703_gc3300_rp0.05_mr1.14E-4_ss200.fa	30	6.803	6.953	93.568
long_content_30k_002/lc30k002_2704_gc3300_rp0.10_mr1.14E-4_ss100.fa	10	5.601	5.770	95.331
long_content_30k_002/lc30k002_2705_gc3300_rp0.05_mr1.14E-4_ss100.fa	30	3.249	0.451	92.099
long_content_30k_002/lc30k002_2706_gc3300_rp0.07_mr1.14E-4_ss100.fa	8	7.229	9.534	91.556
long_content_30k_002/lc30k002_2707_gc3300_rp0.10_mr1.14E-4_ss200.fa	23	4.386	5.161	93.675
long_content_30k_002/lc30k002_2708_gc3300_rp0.15_mr1.14E-4_ss100.fa	13	6.228	7.929	93.486
long_content_30k_002/lc30k002_2709_gc3300_rp0.15_mr1.14E-4_ss200.fa	15	5.874	3.508	93.043
long_content_30k_002/lc30k002_270_gc3300_rp0.07_mr1.14E-4_ss200.fa	28	3.622	3.322	92.020
long_content_30k_002/lc30k002_2710_gc3300_rp0.07_mr1.14E-4_ss200.fa	24	2.790	3.124	96.202
long_content_30k_002/lc30k002_2711_gc3300_rp0.05_mr1.14E-4_ss200.fa	30	6.205	6.978	91.760
long_content_30k_002/lc30k002_2712_gc3300_rp0.10_mr1.14E-4_ss100.fa	9	7.273	8.018	92.397
long_content_30k_002/lc30k002_2713_gc3300_rp0.05_mr1.14E-4_ss100.fa	1	4.838	4.838	95.913
long_content_30k_002/lc30k002_2714_gc3300_rp0.07_mr1.14E-4_ss100.fa	21	7.209	7.712	93.342
long_content_30k_002/lc30k002_2715_gc3300_rp0.10_mr1.14E-4_ss200.fa	17	3.697	3.370	93.927
long_content_30k_002/lc30k002_2716_gc3300_rp0.15_mr1.14E-4_ss100.fa	17	3.984	4.857	94.490
long_content_30k_002/lc30k002_2717_gc3300_rp0.15_mr1.14E-4_ss200.fa	20	5.350	4.576	91.863
long_content_30k_002/lc30k002_2718_gc3300_rp0.07_mr1.14E-4_ss200.fa	27	9.781	11.932	92.390
long_content_30k_002/lc30k002_2719_gc3300_rp0.05_mr1.14E-4_ss200.fa	30	2.199	2.438	97.056
long_content_30k_002/lc30k002_271_gc3300_rp0.05_mr1.14E-4_ss200.fa	30	2.717	3.122	94.042
long_content_30k_002/lc30k002_2720_gc3300_rp0.10_mr1.14E-4_ss100.fa	25	7.377	7.157	93.112
long_content_30k_002/lc30k002_2721_gc3300_rp0.05_mr1.14E-4_ss100.fa	17	4.889	4.148	93.658
long_content_30k_002/lc30k002_2722_gc3300_rp0.07_mr1.14E-4_ss100.fa	23	2.530	1.411	95.584
long_content_30k_002/lc30k002_2723_gc3300_rp0.10_mr1.14E-4_ss200.fa	14	2.659	1.788	94.300
long_content_30k_002/lc30k002_2724_gc3300_rp0.15_mr1.14E-4_ss100.fa	19	6.298	7.669	92.635
long_content_30k_002/lc30k002_2725_gc3300_rp0.15_mr1.14E-4_ss200.fa	8	5.950	6.401	94.862
long_content_30k_002/lc30k002_2726_gc3300_rp0.07_mr1.14E-4_ss200.fa	21	2.401	1.645	90.792
long_content_30k_002/lc30k002_2727_gc3300_rp0.05_mr1.14E-4_ss200.fa	30	2.120	2.136	97.043
long_content_30k_002/lc30k002_2728_gc3300_rp0.10_mr1.14E-4_ss100.fa	6	2.633	0.826	87.347
long_content_30k_002/lc30k002_2729_gc3300_rp0.05_mr1.14E-4_ss100.fa	30	4.892	4.735	94.963
long_content_30k_002/lc30k002_272_gc3300_rp0.10_mr1.14E-4_ss100.fa	11	3.797	2.170	94.497
long_content_30k_002/lc30k002_2730_gc3300_rp0.07_mr1.14E-4_ss100.fa	13	4.208	4.676	94.829
long_content_30k_002/lc30k002_2731_gc3300_rp0.10_mr1.14E-4_ss200.fa	28	3.367	3.388	95.467
long_content_30k_002/lc30k002_2732_gc3300_rp0.15_mr1.14E-4_ss100.fa	16	4.758	4.968	94.210
long_content_30k_002/lc30k002_2733_gc3300_rp0.15_mr1.14E-4_ss200.fa	14	6.330	8.382	91.511
long_content_30k_002/lc30k002_2734_gc3300_rp0.07_mr1.14E-4_ss200.fa	30	5.565	4.826	93.349
long_content_30k_002/lc30k002_2735_gc3300_rp0.05_mr1.14E-4_ss200.fa	30	4.058	3.810	93.416
long_content_30k_002/lc30k002_2736_gc3300_rp0.10_mr1.14E-4_ss100.fa	2	2.782	2.782	87.510
long_content_30k_002/lc30k002_2737_gc3300_rp0.05_mr1.14E-4_ss100.fa	30	3.939	2.461	90.986
long_content_30k_002/lc30k002_2738_gc3300_rp0.07_mr1.14E-4_ss100.fa	30	7.081	6.508	93.565
long_content_30k_002/lc30k002_2739_gc3300_rp0.10_mr1.14E-4_ss200.fa	13	1.498	0.558	95.830
long_content_30k_002/lc30k002_273_gc3300_rp0.05_mr1.14E-4_ss100.fa	30	1.575	1.468	93.884
long_content_30k_002/lc30k002_2740_gc3300_rp0.15_mr1.14E-4_ss100.fa	13	5.126	5.341	94.149
long_content_30k_002/lc30k002_2741_gc3300_rp0.15_mr1.14E-4_ss200.fa	7	7.272	6.951	91.611
long_content_30k_002/lc30k002_2742_gc3300_rp0.07_mr1.14E-4_ss200.fa	20	8.062	8.238	93.818
long_content_30k_002/lc30k002_2743_gc3300_rp0.05_mr1.14E-4_ss200.fa	30	7.784	7.944	92.283
long_content_30k_002/lc30k002_2744_gc3300_rp0.10_mr1.14E-4_ss100.fa	18	3.489	3.364	96.332
long_content_30k_002/lc30k002_2745_gc3300_rp0.05_mr1.14E-4_ss100.fa	13	2.933	2.943	95.496
long_content_30k_002/lc30k002_2746_gc3300_rp0.07_mr1.14E-4_ss100.fa	19	3.768	1.619	90.602
long_content_30k_002/lc30k002_2747_gc3300_rp0.10_mr1.14E-4_ss200.fa	6	2.985	3.213	95.837
long_content_30k_002/lc30k002_2748_gc3300_rp0.15_mr1.14E-4_ss100.fa	17	6.427	6.607	93.599
long_content_30k_002/lc30k002_2749_gc3300_rp0.15_mr1.14E-4_ss200.fa	28	4.805	4.740	95.588
long_content_30k_002/lc30k002_274_gc3300_rp0.07_mr1.14E-4_ss100.fa	10	3.605	3.829	94.800
long_content_30k_002/lc30k002_2750_gc3300_rp0.07_mr1.14E-4_ss200.fa	21	2.693	2.589	92.254
long_content_30k_002/lc30k002_2751_gc3300_rp0.05_mr1.14E-4_ss200.fa	22	3.268	3.427	95.625
long_content_30k_002/lc30k002_2752_gc3300_rp0.10_mr1.14E-4_ss100.fa	10	2.822	2.569	95.118
long_content_30k_002/lc30k002_2753_gc3300_rp0.05_mr1.14E-4_ss100.fa	23	5.623	6.315	92.315
long_content_30k_002/lc30k002_2754_gc3300_rp0.07_mr1.14E-4_ss100.fa	30	5.017	4.252	92.990
long_content_30k_002/lc30k002_2755_gc3300_rp0.10_mr1.14E-4_ss200.fa	13	3.721	5.375	93.786
long_content_30k_002/lc30k002_2756_gc3300_rp0.15_mr1.14E-4_ss100.fa	14	3.761	3.895	95.559
long_content_30k_002/lc30k002_2757_gc3300_rp0.15_mr1.14E-4_ss200.fa	24	4.820	2.746	92.931
long_content_30k_002/lc30k002_2758_gc3300_rp0.07_mr1.14E-4_ss200.fa	29	2.992	3.933	96.072
long_content_30k_002/lc30k002_2759_gc3300_rp0.05_mr1.14E-4_ss200.fa	30	2.497	1.943	95.840
long_content_30k_002/lc30k002_275_gc3300_rp0.10_mr1.14E-4_ss200.fa	30	7.297	9.996	92.232
long_content_30k_002/lc30k002_2760_gc3300_rp0.10_mr1.14E-4_ss100.fa	15	2.494	2.399	90.078
long_content_30k_002/lc30k002_2761_gc3300_rp0.05_mr1.14E-4_ss100.fa	13	3.695	3.962	97.027
long_content_30k_002/lc30k002_2762_gc3300_rp0.07_mr1.14E-4_ss100.fa	27	6.825	7.017	93.549
long_content_30k_002/lc30k002_2763_gc3300_rp0.10_mr1.14E-4_ss200.fa	8	5.608	4.301	91.107
long_content_30k_002/lc30k002_2764_gc3300_rp0.15_mr1.14E-4_ss100.fa	18	6.188	7.261	93.685
long_content_30k_002/lc30k002_2765_gc3300_rp0.15_mr1.14E-4_ss200.fa	10	9.114	9.689	92.439
long_content_30k_002/lc30k002_2766_gc3300_rp0.07_mr1.14E-4_ss200.fa	16	4.699	3.410	91.350
long_content_30k_002/lc30k002_2767_gc3300_rp0.05_mr1.14E-4_ss200.fa	30	4.452	5.424	94.876
long_content_30k_002/lc30k002_2768_gc3300_rp0.10_mr1.14E-4_ss100.fa	24	3.057	3.241	97.115
long_content_30k_002/lc30k002_2769_gc3300_rp0.05_mr1.14E-4_ss100.fa	20	5.175	2.154	91.226
long_content_30k_002/lc30k002_276_gc3300_rp0.15_mr1.14E-4_ss100.fa	13	6.660	8.711	93.042
long_content_30k_002/lc30k002_2770_gc3300_rp0.07_mr1.14E-4_ss100.fa	23	7.769	10.667	91.312
long_content_30k_002/lc30k002_2771_gc3300_rp0.10_mr1.14E-4_ss200.fa	30	5.293	5.062	94.736
long_content_30k_002/lc30k002_2772_gc3300_rp0.15_mr1.14E-4_ss100.fa	19	7.501	8.033	90.587
long_content_30k_002/lc30k002_2773_gc3300_rp0.15_mr1.14E-4_ss200.fa	5	4.123	4.401	95.170
long_content_30k_002/lc30k002_2774_gc3300_rp0.07_mr1.14E-4_ss200.fa	15	4.011	4.173	94.770
long_content_30k_002/lc30k002_2775_gc3300_rp0.05_mr1.14E-4_ss200.fa	28	2.666	2.629	95.044
long_content_30k_002/lc30k002_2776_gc3300_rp0.10_mr1.14E-4_ss100.fa	11	6.499	7.061	93.437
long_content_30k_002/lc30k002_2777_gc3300_rp0.05_mr1.14E-4_ss100.fa	0	0.000	0.000	0.000
long_content_30k_002/lc30k002_2778_gc3300_rp0.07_mr1.14E-4_ss100.fa	27	6.393	5.644	92.352
long_content_30k_002/lc30k002_2779_gc3300_rp0.10_mr1.14E-4_ss200.fa	14	6.609	8.034	91.858
long_content_30k_002/lc30k002_277_gc3300_rp0.15_mr1.14E-4_ss200.fa	7	4.439	5.998	93.892
long_content_30k_002/lc30k002_2780_gc3300_rp0.15_mr1.14E-4_ss100.fa	10	6.877	6.739	91.639
long_content_30k_002/lc30k002_2781_gc3300_rp0.15_mr1.14E-4_ss200.fa	17	2.680	2.183	96.981
long_content_30k_002/lc30k002_2782_gc3300_rp0.07_mr1.14E-4_ss200.fa	25	6.638	6.618	93.143
long_content_30k_002/lc30k002_2783_gc3300_rp0.05_mr1.14E-4_ss200.fa	20	3.924	4.639	93.194
long_content_30k_002/lc30k002_2784_gc3300_rp0.10_mr1.14E-4_ss100.fa	9	3.238	3.416	95.369
long_content_30k_002/lc30k002_2785_gc3300_rp0.05_mr1.14E-4_ss100.fa	13	7.163	6.924	93.113
long_content_30k_002/lc30k002_2786_gc3300_rp0.07_mr1.14E-4_ss100.fa	21	5.861	6.926	93.677
long_content_30k_002/lc30k002_2787_gc3300_rp0.10_mr1.14E-4_ss200.fa	14	4.172	3.093	94.556
long_content_30k_002/lc30k002_2788_gc3300_rp0.15_mr1.14E-4_ss100.fa	6	8.999	9.351	90.998
long_content_30k_002/lc30k002_2789_gc3300_rp0.15_mr1.14E-4_ss200.fa	16	3.318	3.594	94.621
long_content_30k_002/lc30k002_278_gc3300_rp0.07_mr1.14E-4_ss200.fa	15	3.325	3.785	95.655
long_content_30k_002/lc30k002_2790_gc3300_rp0.07_mr1.14E-4_ss200.fa	30	5.974	6.879	93.924
long_content_30k_002/lc30k002_2791_gc3300_rp0.05_mr1.14E-4_ss200.fa	30	5.428	6.000	94.339
long_content_30k_002/lc30k002_2792_gc3300_rp0.10_mr1.14E-4_ss100.fa	11	6.737	8.695	92.424
long_content_30k_002/lc30k002_2793_gc3300_rp0.05_mr1.14E-4_ss100.fa	27	5.748	4.742	92.819
long_content_30k_002/lc30k002_2794_gc3300_rp0.07_mr1.14E-4_ss100.fa	30	4.662	4.625	95.015
long_content_30k_002/lc30k002_2795_gc3300_rp0.10_mr1.14E-4_ss200.fa	11	2.476	2.691	96.406
long_content_30k_002/lc30k002_2796_gc3300_rp0.15_mr1.14E-4_ss100.fa	12	3.883	3.433	95.234
long_content_30k_002/lc30k002_2797_gc3300_rp0.15_mr1.14E-4_ss200.fa	11	3.369	2.450	94.615
long_content_30k_002/lc30k002_2798_gc3300_rp0.07_mr1.14E-4_ss200.fa	21	7.894	8.773	92.022
long_content_30k_002/lc30k002_2799_gc3300_rp0.05_mr1.14E-4_ss200.fa	30	7.890	8.379	93.134
long_content_30k_002/lc30k002_279_gc3300_rp0.05_mr1.14E-4_ss200.fa	25	3.792	3.932	95.367
long_content_30k_002/lc30k002_2800_gc3300_rp0.10_mr1.14E-4_ss100.fa	30	5.048	6.132	95.154
long_content_30k_002/lc30k002_2801_gc3300_rp0.05_mr1.14E-4_ss100.fa	22	5.131	5.143	94.813
long_content_30k_002/lc30k002_2802_gc3300_rp0.07_mr1.14E-4_ss100.fa	25	5.322	4.407	92.007
long_content_30k_002/lc30k002_2803_gc3300_rp0.10_mr1.14E-4_ss200.fa	15	3.876	3.932	94.186
long_content_30k_002/lc30k002_2804_gc3300_rp0.15_mr1.14E-4_ss100.fa	12	2.803	2.745	95.365
long_content_30k_002/lc30k002_2805_gc3300_rp0.15_mr1.14E-4_ss200.fa	30	3.447	3.676	95.175
long_content_30k_002/lc30k002_2806_gc3300_rp0.07_mr1.14E-4_ss200.fa	11	3.210	3.260	92.653
long_content_30k_002/lc30k002_2807_gc3300_rp0.05_mr1.14E-4_ss200.fa	22	3.922	3.061	93.916
long_content_30k_002/lc30k002_2808_gc3300_rp0.10_mr1.14E-4_ss100.fa	5	5.574	8.435	91.945
long_content_30k_002/lc30k002_2809_gc3300_rp0.05_mr1.14E-4_ss100.fa	29	2.954	1.808	91.569
long_content_30k_002/lc30k002_280_gc3300_rp0.10_mr1.14E-4_ss100.fa	30	2.903	2.803	96.692
long_content_30k_002/lc30k002_2810_gc3300_rp0.07_mr1.14E-4_ss100.fa	30	6.755	6.373	94.641
long_content_30k_002/lc30k002_2811_gc3300_rp0.10_mr1.14E-4_ss200.fa	11	4.522	3.094	91.763
long_content_30k_002/lc30k002_2812_gc3300_rp0.15_mr1.14E-4_ss100.fa	7	3.046	3.485	94.967
long_content_30k_002/lc30k002_2813_gc3300_rp0.15_mr1.14E-4_ss200.fa	30	3.743	2.182	95.456
long_content_30k_002/lc30k002_2814_gc3300_rp0.07_mr1.14E-4_ss200.fa	20	5.524	6.454	94.930
long_content_30k_002/lc30k002_2815_gc3300_rp0.05_mr1.14E-4_ss200.fa	21	7.123	6.628	92.614
long_content_30k_002/lc30k002_2816_gc3300_rp0.10_mr1.14E-4_ss100.fa	19	3.548	3.528	95.169
long_content_30k_002/lc30k002_2817_gc3300_rp0.05_mr1.14E-4_ss100.fa	19	12.169	15.569	88.210
long_content_30k_002/lc30k002_2818_gc3300_rp0.07_mr1.14E-4_ss100.fa	30	4.224	4.253	95.561
long_content_30k_002/lc30k002_2819_gc3300_rp0.10_mr1.14E-4_ss200.fa	21	4.774	4.691	92.884
long_content_30k_002/lc30k002_281_gc3300_rp0.05_mr1.14E-4_ss100.fa	20	10.683	10.708	89.001
long_content_30k_002/lc30k002_2820_gc3300_rp0.15_mr1.14E-4_ss100.fa	14	6.515	6.158	93.011
long_content_30k_002/lc30k002_2821_gc3300_rp0.15_mr1.14E-4_ss200.fa	8	6.936	7.014	90.982
long_content_30k_002/lc30k002_2822_gc3300_rp0.07_mr1.14E-4_ss200.fa	12	9.516	10.557	92.252
long_content_30k_002/lc30k002_2823_gc3300_rp0.05_mr1.14E-4_ss200.fa	18	3.673	3.425	89.164
long_content_30k_002/lc30k002_2824_gc3300_rp0.10_mr1.14E-4_ss100.fa	27	4.497	4.354	95.289
long_content_30k_002/lc30k002_2825_gc3300_rp0.05_mr1.14E-4_ss100.fa	5	3.392	1.418	92.528
long_content_30k_002/lc30k002_2826_gc3300_rp0.07_mr1.14E-4_ss100.fa	16	4.289	3.705	92.876
long_content_30k_002/lc30k002_2827_gc3300_rp0.10_mr1.14E-4_ss200.fa	13	1.934	1.058	94.242
long_content_30k_002/lc30k002_2828_gc3300_rp0.15_mr1.14E-4_ss100.fa	18	6.027	6.048	93.016
long_content_30k_002/lc30k002_2829_gc3300_rp0.15_mr1.14E-4_ss200.fa	13	4.466	4.806	94.261
long_content_30k_002/lc30k002_282_gc3300_rp0.07_mr1.14E-4_ss100.fa	13	5.705	6.168	94.788
long_content_30k_002/lc30k002_2830_gc3300_rp0.07_mr1.14E-4_ss200.fa	8	11.016	11.039	92.265
long_content_30k_002/lc30k002_2831_gc3300_rp0.05_mr1.14E-4_ss200.fa	30	5.514	5.747	88.520
long_content_30k_002/lc30k002_2832_gc3300_rp0.10_mr1.14E-4_ss100.fa	23	4.708	5.865	94.118
long_content_30k_002/lc30k002_2833_gc3300_rp0.05_mr1.14E-4_ss100.fa	28	5.482	5.517	91.373
long_content_30k_002/lc30k002_2834_gc3300_rp0.07_mr1.14E-4_ss100.fa	23	2.566	3.190	97.059
long_content_30k_002/lc30k002_2835_gc3300_rp0.10_mr1.14E-4_ss200.fa	17	5.729	7.842	93.235
long_content_30k_002/lc30k002_2836_gc3300_rp0.15_mr1.14E-4_ss100.fa	12	13.636	13.797	91.301
long_content_30k_002/lc30k002_2837_gc3300_rp0.15_mr1.14E-4_ss200.fa	11	3.877	3.688	95.340
long_content_30k_002/lc30k002_2838_gc3300_rp0.07_mr1.14E-4_ss200.fa	18	4.821	4.701	93.189
long_content_30k_002/lc30k002_2839_gc3300_rp0.05_mr1.14E-4_ss200.fa	1	0.572	0.572	95.241
long_content_30k_002/lc30k002_283_gc3300_rp0.10_mr1.14E-4_ss200.fa	6	7.046	6.972	93.696
long_content_30k_002/lc30k002_2840_gc3300_rp0.10_mr1.14E-4_ss100.fa	11	2.812	0.930	92.625
long_content_30k_002/lc30k002_2841_gc3300_rp0.05_mr1.14E-4_ss100.fa	2	5.365	5.365	94.639
long_content_30k_002/lc30k002_2842_gc3300_rp0.07_mr1.14E-4_ss100.fa	8	3.554	2.637	93.816
long_content_30k_002/lc30k002_2843_gc3300_rp0.10_mr1.14E-4_ss200.fa	27	3.189	3.221	96.303
long_content_30k_002/lc30k002_2844_gc3300_rp0.15_mr1.14E-4_ss100.fa	20	9.256	9.502	92.022
long_content_30k_002/lc30k002_2845_gc3300_rp0.15_mr1.14E-4_ss200.fa	23	4.887	5.643	94.992
long_content_30k_002/lc30k002_2846_gc3300_rp0.07_mr1.14E-4_ss200.fa	28	3.635	2.629	95.282
long_content_30k_002/lc30k002_2847_gc3300_rp0.05_mr1.14E-4_ss200.fa	20	4.798	1.482	94.109
long_content_30k_002/lc30k002_2848_gc3300_rp0.10_mr1.14E-4_ss100.fa	13	5.229	2.916	92.525
long_content_30k_002/lc30k002_2849_gc3300_rp0.05_mr1.14E-4_ss100.fa	29	1.852	0.756	96.450
long_content_30k_002/lc30k002_284_gc3300_rp0.15_mr1.14E-4_ss100.fa	5	2.415	2.344	92.958
long_content_30k_002/lc30k002_2850_gc3300_rp0.07_mr1.14E-4_ss100.fa	19	5.246	5.481	94.445
long_content_30k_002/lc30k002_2851_gc3300_rp0.10_mr1.14E-4_ss200.fa	17	5.008	3.571	90.055
long_content_30k_002/lc30k002_2852_gc3300_rp0.15_mr1.14E-4_ss100.fa	26	6.973	6.582	92.127
long_content_30k_002/lc30k002_2853_gc3300_rp0.15_mr1.14E-4_ss200.fa	17	6.006	6.052	93.168
long_content_30k_002/lc30k002_2854_gc3300_rp0.07_mr1.14E-4_ss200.fa	28	7.619	8.567	92.828
long_content_30k_002/lc30k002_2855_gc3300_rp0.05_mr1.14E-4_ss200.fa	30	4.008	3.811	94.866
long_content_30k_002/lc30k002_2856_gc3300_rp0.10_mr1.14E-4_ss100.fa	4	8.308	8.048	92.892
long_content_30k_002/lc30k002_2857_gc3300_rp0.05_mr1.14E-4_ss100.fa	30	8.209	8.575	91.518
long_content_30k_002/lc30k002_2858_gc3300_rp0.07_mr1.14E-4_ss100.fa	24	4.397	5.016	96.341
long_content_30k_002/lc30k002_2859_gc3300_rp0.10_mr1.14E-4_ss200.fa	5	8.702	8.752	92.927
long_content_30k_002/lc30k002_285_gc3300_rp0.15_mr1.14E-4_ss200.fa	14	3.809	2.809	94.151
long_content_30k_002/lc30k002_2860_gc3300_rp0.15_mr1.14E-4_ss100.fa	18	3.939	4.096	94.634
long_content_30k_002/lc30k002_2861_gc3300_rp0.15_mr1.14E-4_ss200.fa	8	9.817	10.040	91.279
long_content_30k_002/lc30k002_2862_gc3300_rp0.07_mr1.14E-4_ss200.fa	30	8.965	9.482	91.978
long_content_30k_002/lc30k002_2863_gc3300_rp0.05_mr1.14E-4_ss200.fa	21	5.438	5.392	92.374
long_content_30k_002/lc30k002_2864_gc3300_rp0.10_mr1.14E-4_ss100.fa	28	11.689	13.718	90.266
long_content_30k_002/lc30k002_2865_gc3300_rp0.05_mr1.14E-4_ss100.fa	21	7.985	9.434	89.995
long_content_30k_002/lc30k002_2866_gc3300_rp0.07_mr1.14E-4_ss100.fa	15	8.214	8.558	94.471
long_content_30k_002/lc30k002_2867_gc3300_rp0.10_mr1.14E-4_ss200.fa	12	7.104	7.871	92.902
long_content_30k_002/lc30k002_2868_gc3300_rp0.15_mr1.14E-4_ss100.fa	7	9.126	9.256	92.747
long_content_30k_002/lc30k002_2869_gc3300_rp0.15_mr1.14E-4_ss200.fa	23	2.494	2.595	97.136
long_content_30k_002/lc30k002_286_gc3300_rp0.07_mr1.14E-4_ss200.fa	6	1.905	1.863	95.848
long_content_30k_002/lc30k002_2870_gc3300_rp0.07_mr1.14E-4_ss200.fa	14	4.297	5.258	94.972
long_content_30k_002/lc30k002_2871_gc3300_rp0.05_mr1.14E-4_ss200.fa	30	2.559	3.085	95.294
long_content_30k_002/lc30k002_2872_gc3300_rp0.10_mr1.14E-4_ss100.fa	22	6.024	2.600	93.200
long_content_30k_002/lc30k002_2873_gc3300_rp0.05_mr1.14E-4_ss100.fa	9	3.408	1.999	91.785
long_content_30k_002/lc30k002_2874_gc3300_rp0.07_mr1.14E-4_ss100.fa	18	4.701	5.570	94.397
long_content_30k_002/lc30k002_2875_gc3300_rp0.10_mr1.14E-4_ss200.fa	25	5.222	6.136	95.230
long_content_30k_002/lc30k002_2876_gc3300_rp0.15_mr1.14E-4_ss100.fa	11	6.905	8.088	92.889
long_content_30k_002/lc30k002_2877_gc3300_rp0.15_mr1.14E-4_ss200.fa	7	4.151	4.562	95.559
long_content_30k_002/lc30k002_2878_gc3300_rp0.07_mr1.14E-4_ss200.fa	30	4.290	4.525	94.189
long_content_30k_002/lc30k002_2879_gc3300_rp0.05_mr1.14E-4_ss200.fa	10	6.623	6.406	92.580
long_content_30k_002/lc30k002_287_gc3300_rp0.05_mr1.14E-4_ss200.fa	14	8.536	9.604	93.018
long_content_30k_002/lc30k002_2880_gc3300_rp0.10_mr1.14E-4_ss100.fa	2	6.612	6.612	93.804
long_content_30k_002/lc30k002_2881_gc3300_rp0.05_mr1.14E-4_ss100.fa	30	4.917	3.806	91.662
long_content_30k_002/lc30k002_2882_gc3300_rp0.07_mr1.14E-4_ss100.fa	27	4.325	4.327	94.365
long_content_30k_002/lc30k002_2883_gc3300_rp0.10_mr1.14E-4_ss200.fa	21	9.664	10.921	91.231
long_content_30k_002/lc30k002_2884_gc3300_rp0.15_mr1.14E-4_ss100.fa	19	6.871	6.451	90.302
long_content_30k_002/lc30k002_2885_gc3300_rp0.15_mr1.14E-4_ss200.fa	4	3.533	3.882	95.217
long_content_30k_002/lc30k002_2886_gc3300_rp0.07_mr1.14E-4_ss200.fa	24	5.021	5.028	95.262
long_content_30k_002/lc30k002_2887_gc3300_rp0.05_mr1.14E-4_ss200.fa	18	6.195	3.686	89.062
long_content_30k_002/lc30k002_2888_gc3300_rp0.10_mr1.14E-4_ss100.fa	30	6.769	6.978	92.579
long_content_30k_002/lc30k002_2889_gc3300_rp0.05_mr1.14E-4_ss100.fa	30	2.590	2.068	93.929
long_content_30k_002/lc30k002_288_gc3300_rp0.10_mr1.14E-4_ss100.fa	14	6.659	7.597	93.062
long_content_30k_002/lc30k002_2890_gc3300_rp0.07_mr1.14E-4_ss100.fa	26	2.018	1.823	97.766
long_content_30k_002/lc30k002_2891_gc3300_rp0.10_mr1.14E-4_ss200.fa	16	5.459	7.045	94.276
long_content_30k_002/lc30k002_2892_gc3300_rp0.15_mr1.14E-4_ss100.fa	18	4.130	4.583	95.792
long_content_30k_002/lc30k002_2893_gc3300_rp0.15_mr1.14E-4_ss200.fa	22	2.567	2.417	96.369
long_content_30k_002/lc30k002_2894_gc3300_rp0.07_mr1.14E-4_ss200.fa	10	8.811	8.648	92.709
long_content_30k_002/lc30k002_2895_gc3300_rp0.05_mr1.14E-4_ss200.fa	30	5.253	4.820	94.744
long_content_30k_002/lc30k002_2896_gc3300_rp0.10_mr1.14E-4_ss100.fa	30	3.752	4.297	96.112
long_content_30k_002/lc30k002_2897_gc3300_rp0.05_mr1.14E-4_ss100.fa	27	6.151	6.824	91.614
long_content_30k_002/lc30k002_2898_gc3300_rp0.07_mr1.14E-4_ss100.fa	30	6.150	6.170	93.987
long_content_30k_002/lc30k002_2899_gc3300_rp0.10_mr1.14E-4_ss200.fa	15	7.835	8.394	90.265
long_content_30k_002/lc30k002_289_gc3300_rp0.05_mr1.14E-4_ss100.fa	14	2.834	2.685	91.002
long_content_30k_002/lc30k002_2900_gc3300_rp0.15_mr1.14E-4_ss100.fa	13	7.281	8.397	93.282
long_content_30k_002/lc30k002_2901_gc3300_rp0.15_mr1.14E-4_ss200.fa	13	4.794	5.033	94.744
long_content_30k_002/lc30k002_2902_gc3300_rp0.07_mr1.14E-4_ss200.fa	29	2.507	2.629	96.879
long_content_30k_002/lc30k002_2903_gc3300_rp0.05_mr1.14E-4_ss200.fa	30	5.481	5.957	95.356
long_content_30k_002/lc30k002_2904_gc3300_rp0.10_mr1.14E-4_ss100.fa	26	2.053	2.097	97.344
long_content_30k_002/lc30k002_2905_gc3300_rp0.05_mr1.14E-4_ss100.fa	10	8.142	10.386	93.749
long_content_30k_002/lc30k002_2906_gc3300_rp0.07_mr1.14E-4_ss100.fa	30	4.115	4.259	95.394
long_content_30k_002/lc30k002_2907_gc3300_rp0.10_mr1.14E-4_ss200.fa	27	6.573	7.664	93.994
long_content_30k_002/lc30k002_2908_gc3300_rp0.15_mr1.14E-4_ss100.fa	13	5.666	3.992	91.256
long_content_30k_002/lc30k002_2909_gc3300_rp0.15_mr1.14E-4_ss200.fa	17	7.227	7.819	92.138
long_content_30k_002/lc30k002_290_gc3300_rp0.07_mr1.14E-4_ss100.fa	30	3.436	3.315	96.041
long_content_30k_002/lc30k002_2910_gc3300_rp0.07_mr1.14E-4_ss200.fa	29	2.853	0.732	92.367
long_content_30k_002/lc30k002_2911_gc3300_rp0.05_mr1.14E-4_ss200.fa	22	3.632	4.381	94.152
long_content_30k_002/lc30k002_2912_gc3300_rp0.10_mr1.14E-4_ss100.fa	11	3.928	2.168	89.658
long_content_30k_002/lc30k002_2913_gc3300_rp0.05_mr1.14E-4_ss100.fa	21	3.634	3.721	91.575
long_content_30k_002/lc30k002_2914_gc3300_rp0.07_mr1.14E-4_ss100.fa	28	4.237	4.420	95.647
long_content_30k_002/lc30k002_2915_gc3300_rp0.10_mr1.14E-4_ss200.fa	29	5.606	6.460	93.041
long_content_30k_002/lc30k002_2916_gc3300_rp0.15_mr1.14E-4_ss100.fa	13	6.533	8.523	92.347
long_content_30k_002/lc30k002_2917_gc3300_rp0.15_mr1.14E-4_ss200.fa	6	6.703	8.647	92.080
long_content_30k_002/lc30k002_2918_gc3300_rp0.07_mr1.14E-4_ss200.fa	21	5.119	4.662	93.377
long_content_30k_002/lc30k002_2919_gc3300_rp0.05_mr1.14E-4_ss200.fa	15	3.244	3.140	93.410
long_content_30k_002/lc30k002_291_gc3300_rp0.10_mr1.14E-4_ss200.fa	10	3.387	1.496	94.606
long_content_30k_002/lc30k002_2920_gc3300_rp0.10_mr1.14E-4_ss100.fa	12	6.683	5.980	91.938
long_content_30k_002/lc30k002_2921_gc3300_rp0.05_mr1.14E-4_ss100.fa	25	4.158	3.687	95.220
long_content_30k_002/lc30k002_2922_gc3300_rp0.07_mr1.14E-4_ss100.fa	30	5.562	5.515	93.875
long_content_30k_002/lc30k002_2923_gc3300_rp0.10_mr1.14E-4_ss200.fa	15	4.106	4.227	95.542
long_content_30k_002/lc30k002_2924_gc3300_rp0.15_mr1.14E-4_ss100.fa	25	3.205	3.619	95.837
long_content_30k_002/lc30k002_2925_gc3300_rp0.15_mr1.14E-4_ss200.fa	16	11.248	11.417	91.367
long_content_30k_002/lc30k002_2926_gc3300_rp0.07_mr1.14E-4_ss200.fa	20	5.382	4.249	94.541
long_content_30k_002/lc30k002_2927_gc3300_rp0.05_mr1.14E-4_ss200.fa	8	2.069	2.037	97.039
long_content_30k_002/lc30k002_2928_gc3300_rp0.10_mr1.14E-4_ss100.fa	21	4.236	3.595	93.171
long_content_30k_002/lc30k002_2929_gc3300_rp0.05_mr1.14E-4_ss100.fa	18	3.806	3.270	89.501
long_content_30k_002/lc30k002_292_gc3300_rp0.15_mr1.14E-4_ss100.fa	22	4.753	4.513	95.179
long_content_30k_002/lc30k002_2930_gc3300_rp0.07_mr1.14E-4_ss100.fa	18	9.648	11.256	92.576
long_content_30k_002/lc30k002_2931_gc3300_rp0.10_mr1.14E-4_ss200.fa	25	5.108	1.267	91.647
long_content_30k_002/lc30k002_2932_gc3300_rp0.15_mr1.14E-4_ss100.fa	8	4.020	1.346	93.250
long_content_30k_002/lc30k002_2933_gc3300_rp0.15_mr1.14E-4_ss200.fa	9	3.896	4.020	94.256
long_content_30k_002/lc30k002_2934_gc3300_rp0.07_mr1.14E-4_ss200.fa	22	4.500	3.237	93.324
long_content_30k_002/lc30k002_2935_gc3300_rp0.05_mr1.14E-4_ss200.fa	25	3.822	3.123	94.740
long_content_30k_002/lc30k002_2936_gc3300_rp0.10_mr1.14E-4_ss100.fa	17	5.787	7.365	92.316
long_content_30k_002/lc30k002_2937_gc3300_rp0.05_mr1.14E-4_ss100.fa	16	6.703	6.246	92.090
long_content_30k_002/lc30k002_2938_gc3300_rp0.07_mr1.14E-4_ss100.fa	30	4.306	4.058	95.148
long_content_30k_002/lc30k002_2939_gc3300_rp0.10_mr1.14E-4_ss200.fa	30	2.853	1.721	92.784
long_content_30k_002/lc30k002_293_gc3300_rp0.15_mr1.14E-4_ss200.fa	15	6.321	7.090	93.967
long_content_30k_002/lc30k002_2940_gc3300_rp0.15_mr1.14E-4_ss100.fa	3	4.103	4.061	94.686
long_content_30k_002/lc30k002_2941_gc3300_rp0.15_mr1.14E-4_ss200.fa	24	6.312	5.988	93.554
long_content_30k_002/lc30k002_2942_gc3300_rp0.07_mr1.14E-4_ss200.fa	26	10.267	11.175	90.428
long_content_30k_002/lc30k002_2943_gc3300_rp0.05_mr1.14E-4_ss200.fa	30	7.103	7.863	94.311
long_content_30k_002/lc30k002_2944_gc3300_rp0.10_mr1.14E-4_ss100.fa	11	4.128	2.875	93.101
long_content_30k_002/lc30k002_2945_gc3300_rp0.05_mr1.14E-4_ss100.fa	19	5.346	3.367	90.681
long_content_30k_002/lc30k002_2946_gc3300_rp0.07_mr1.14E-4_ss100.fa	2	2.464	2.464	97.264
long_content_30k_002/lc30k002_2947_gc3300_rp0.10_mr1.14E-4_ss200.fa	11	4.617	5.056	94.784
long_content_30k_002/lc30k002_2948_gc3300_rp0.15_mr1.14E-4_ss100.fa	9	5.745	4.422	91.472
long_content_30k_002/lc30k002_2949_gc3300_rp0.15_mr1.14E-4_ss200.fa	28	6.010	7.105	94.058
long_content_30k_002/lc30k002_294_gc3300_rp0.07_mr1.14E-4_ss200.fa	14	6.296	6.718	94.031
long_content_30k_002/lc30k002_2950_gc3300_rp0.07_mr1.14E-4_ss200.fa	29	6.992	6.314	92.108
long_content_30k_002/lc30k002_2951_gc3300_rp0.05_mr1.14E-4_ss200.fa	28	6.171	6.398	92.140
long_content_30k_002/lc30k002_2952_gc3300_rp0.10_mr1.14E-4_ss100.fa	30	3.140	2.931	96.770
long_content_30k_002/lc30k002_2953_gc3300_rp0.05_mr1.14E-4_ss100.fa	30	4.198	1.853	92.509
long_content_30k_002/lc30k002_2954_gc3300_rp0.07_mr1.14E-4_ss100.fa	26	5.071	4.010	90.692
long_content_30k_002/lc30k002_2955_gc3300_rp0.10_mr1.14E-4_ss200.fa	7	6.545	7.224	92.469
long_content_30k_002/lc30k002_2956_gc3300_rp0.15_mr1.14E-4_ss100.fa	26	7.905	7.841	91.286
long_content_30k_002/lc30k002_2957_gc3300_rp0.15_mr1.14E-4_ss200.fa	11	2.470	1.187	93.698
long_content_30k_002/lc30k002_2958_gc3300_rp0.07_mr1.14E-4_ss200.fa	3	6.905	9.140	90.839
long_content_30k_002/lc30k002_2959_gc3300_rp0.05_mr1.14E-4_ss200.fa	30	3.359	3.809	96.640
long_content_30k_002/lc30k002_295_gc3300_rp0.05_mr1.14E-4_ss200.fa	30	3.571	2.933	95.307
long_content_30k_002/lc30k002_2960_gc3300_rp0.10_mr1.14E-4_ss100.fa	22	5.614	5.801	93.357
long_content_30k_002/lc30k002_2961_gc3300_rp0.05_mr1.14E-4_ss100.fa	16	8.101	9.632	92.884
long_content_30k_002/lc30k002_2962_gc3300_rp0.07_mr1.14E-4_ss100.fa	30	5.320	5.808	95.307
long_content_30k_002/lc30k002_2963_gc3300_rp0.10_mr1.14E-4_ss200.fa	29	2.863	1.589	96.491
long_content_30k_002/lc30k002_2964_gc3300_rp0.15_mr1.14E-4_ss100.fa	19	6.544	7.900	93.041
long_content_30k_002/lc30k002_2965_gc3300_rp0.15_mr1.14E-4_ss200.fa	19	5.486	6.959	94.114
long_content_30k_002/lc30k002_2966_gc3300_rp0.07_mr1.14E-4_ss200.fa	21	7.321	8.984	91.253
long_content_30k_002/lc30k002_2967_gc3300_rp0.05_mr1.14E-4_ss200.fa	30	5.943	7.272	94.425
long_content_30k_002/lc30k002_2968_gc3300_rp0.10_mr1.14E-4_ss100.fa	17	9.306	10.410	91.590
long_content_30k_002/lc30k002_2969_gc3300_rp0.05_mr1.14E-4_ss100.fa	30	5.063	5.026	94.274
long_content_30k_002/lc30k002_296_gc3300_rp0.10_mr1.14E-4_ss100.fa	11	6.611	7.662	90.942
long_content_30k_002/lc30k002_2970_gc3300_rp0.07_mr1.14E-4_ss100.fa	22	4.366	4.349	94.593
long_content_30k_002/lc30k002_2971_gc3300_rp0.10_mr1.14E-4_ss200.fa	29	3.438	3.621	95.070
long_content_30k_002/lc30k002_2972_gc3300_rp0.15_mr1.14E-4_ss100.fa	10	4.999	4.263	90.871
long_content_30k_002/lc30k002_2973_gc3300_rp0.15_mr1.14E-4_ss200.fa	13	6.065	6.362	94.955
long_content_30k_002/lc30k002_2974_gc3300_rp0.07_mr1.14E-4_ss200.fa	30	6.606	5.190	91.147
long_content_30k_002/lc30k002_2975_gc3300_rp0.05_mr1.14E-4_ss200.fa	15	3.546	2.849	95.452
long_content_30k_002/lc30k002_2976_gc3300_rp0.10_mr1.14E-4_ss100.fa	25	5.060	5.836	94.309
long_content_30k_002/lc30k002_2977_gc3300_rp0.05_mr1.14E-4_ss100.fa	16	5.077	3.649	90.842
long_content_30k_002/lc30k002_2978_gc3300_rp0.07_mr1.14E-4_ss100.fa	12	3.609	2.532	92.821
long_content_30k_002/lc30k002_2979_gc3300_rp0.10_mr1.14E-4_ss200.fa	27	3.473	2.904	95.524
long_content_30k_002/lc30k002_297_gc3300_rp0.05_mr1.14E-4_ss100.fa	25	2.947	3.899	96.834
long_content_30k_002/lc30k002_2980_gc3300_rp0.15_mr1.14E-4_ss100.fa	2	4.103	4.103	96.674
long_content_30k_002/lc30k002_2981_gc3300_rp0.15_mr1.14E-4_ss200.fa	10	2.533	1.603	96.175
long_content_30k_002/lc30k002_2982_gc3300_rp0.07_mr1.14E-4_ss200.fa	30	2.718	2.464	96.111
long_content_30k_002/lc30k002_2983_gc3300_rp0.05_mr1.14E-4_ss200.fa	30	6.548	6.900	93.541
long_content_30k_002/lc30k002_2984_gc3300_rp0.10_mr1.14E-4_ss100.fa	20	7.313	11.354	90.401
long_content_30k_002/lc30k002_2985_gc3300_rp0.05_mr1.14E-4_ss100.fa	27	5.462	5.732	95.294
long_content_30k_002/lc30k002_2986_gc3300_rp0.07_mr1.14E-4_ss100.fa	13	4.588	2.744	94.295
long_content_30k_002/lc30k002_2987_gc3300_rp0.10_mr1.14E-4_ss200.fa	15	4.118	0.946	92.013
long_content_30k_002/lc30k002_2988_gc3300_rp0.15_mr1.14E-4_ss100.fa	9	3.975	3.813	95.754
long_content_30k_002/lc30k002_2989_gc3300_rp0.15_mr1.14E-4_ss200.fa	17	3.771	3.565	96.173
long_content_30k_002/lc30k002_298_gc3300_rp0.07_mr1.14E-4_ss100.fa	16	4.685	4.137	93.167
long_content_30k_002/lc30k002_2990_gc3300_rp0.07_mr1.14E-4_ss200.fa	22	6.393	6.979	90.484
long_content_30k_002/lc30k002_2991_gc3300_rp0.05_mr1.14E-4_ss200.fa	30	6.075	6.328	94.686
long_content_30k_002/lc30k002_2992_gc3300_rp0.10_mr1.14E-4_ss100.fa	6	12.344	14.847	88.798
long_content_30k_002/lc30k002_2993_gc3300_rp0.05_mr1.14E-4_ss100.fa	30	2.349	2.496	88.872
long_content_30k_002/lc30k002_2994_gc3300_rp0.07_mr1.14E-4_ss100.fa	28	5.253	4.929	93.463
long_content_30k_002/lc30k002_2995_gc3300_rp0.10_mr1.14E-4_ss200.fa	30	2.879	2.126	94.327
long_content_30k_002/lc30k002_2996_gc3300_rp0.15_mr1.14E-4_ss100.fa	19	3.768	4.486	95.148
long_content_30k_002/lc30k002_2997_gc3300_rp0.15_mr1.14E-4_ss200.fa	6	8.004	5.825	87.593
long_content_30k_002/lc30k002_2998_gc3300_rp0.07_mr1.14E-4_ss200.fa	30	4.993	1.658	93.158
long_content_30k_002/lc30k002_2999_gc3300_rp0.05_mr1.14E-4_ss200.fa	8	3.532	3.799	96.095
long_content_30k_002/lc30k002_299_gc3300_rp0.10_mr1.14E-4_ss200.fa	24	4.990	5.219	95.606
long_content_30k_002/lc30k002_3000_gc3300_rp0.10_mr1.14E-4_ss100.fa	29	9.868	9.538	92.112
long_content_30k_002/lc30k002_3001_gc3300_rp0.05_mr1.14E-4_ss100.fa	24	9.361	10.442	90.230
long_content_30k_002/lc30k002_3002_gc3300_rp0.07_mr1.14E-4_ss100.fa	26	3.397	3.382	96.053
long_content_30k_002/lc30k002_3003_gc3300_rp0.10_mr1.14E-4_ss200.fa	20	15.441	15.417	87.493
long_content_30k_002/lc30k002_3004_gc3300_rp0.15_mr1.14E-4_ss100.fa	20	3.426	3.579	96.608
long_content_30k_002/lc30k002_3005_gc3300_rp0.15_mr1.14E-4_ss200.fa	5	2.441	0.881	95.083
long_content_30k_002/lc30k002_3006_gc3300_rp0.07_mr1.14E-4_ss200.fa	23	6.481	9.812	91.639
long_content_30k_002/lc30k002_3007_gc3300_rp0.05_mr1.14E-4_ss200.fa	15	4.311	4.392	95.699
long_content_30k_002/lc30k002_3008_gc3300_rp0.10_mr1.14E-4_ss100.fa	20	2.726	2.633	96.813
long_content_30k_002/lc30k002_3009_gc3300_rp0.05_mr1.14E-4_ss100.fa	23	3.871	1.488	94.405
long_content_30k_002/lc30k002_300_gc3300_rp0.15_mr1.14E-4_ss100.fa	16	5.510	6.687	94.523
long_content_30k_002/lc30k002_3010_gc3300_rp0.07_mr1.14E-4_ss100.fa	13	11.103	9.974	91.327
long_content_30k_002/lc30k002_3011_gc3300_rp0.10_mr1.14E-4_ss200.fa	15	8.234	8.733	90.962
long_content_30k_002/lc30k002_3012_gc3300_rp0.15_mr1.14E-4_ss100.fa	27	2.786	2.839	95.734
long_content_30k_002/lc30k002_3013_gc3300_rp0.15_mr1.14E-4_ss200.fa	23	4.367	4.820	94.727
long_content_30k_002/lc30k002_3014_gc3300_rp0.07_mr1.14E-4_ss200.fa	14	5.604	4.224	88.912
long_content_30k_002/lc30k002_3015_gc3300_rp0.05_mr1.14E-4_ss200.fa	30	4.256	4.222	96.323
long_content_30k_002/lc30k002_3016_gc3300_rp0.10_mr1.14E-4_ss100.fa	27	2.847	2.774	96.364
long_content_30k_002/lc30k002_3017_gc3300_rp0.05_mr1.14E-4_ss100.fa	20	5.121	5.100	94.508
long_content_30k_002/lc30k002_3018_gc3300_rp0.07_mr1.14E-4_ss100.fa	27	4.899	4.484	95.050
long_content_30k_002/lc30k002_3019_gc3300_rp0.10_mr1.14E-4_ss200.fa	21	3.810	2.888	95.787
long_content_30k_002/lc30k002_301_gc3300_rp0.15_mr1.14E-4_ss200.fa	14	2.943	3.478	94.755
long_content_30k_002/lc30k002_3020_gc3300_rp0.15_mr1.14E-4_ss100.fa	10	6.046	6.312	93.770
long_content_30k_002/lc30k002_3021_gc3300_rp0.15_mr1.14E-4_ss200.fa	4	3.569	4.446	96.302
long_content_30k_002/lc30k002_3022_gc3300_rp0.07_mr1.14E-4_ss200.fa	30	8.967	5.996	92.665
long_content_30k_002/lc30k002_3023_gc3300_rp0.05_mr1.14E-4_ss200.fa	30	4.720	4.500	94.382
long_content_30k_002/lc30k002_3024_gc3300_rp0.10_mr1.14E-4_ss100.fa	13	7.003	5.709	91.520
long_content_30k_002/lc30k002_3025_gc3300_rp0.05_mr1.14E-4_ss100.fa	30	6.574	7.080	93.592
long_content_30k_002/lc30k002_3026_gc3300_rp0.07_mr1.14E-4_ss100.fa	28	10.294	10.257	91.681
long_content_30k_002/lc30k002_3027_gc3300_rp0.10_mr1.14E-4_ss200.fa	18	3.473	4.120	95.171
long_content_30k_002/lc30k002_3028_gc3300_rp0.15_mr1.14E-4_ss100.fa	18	5.102	5.368	94.720
long_content_30k_002/lc30k002_3029_gc3300_rp0.15_mr1.14E-4_ss200.fa	28	3.615	4.164	95.452
long_content_30k_002/lc30k002_302_gc3300_rp0.07_mr1.14E-4_ss200.fa	25	4.454	4.503	95.477
long_content_30k_002/lc30k002_3030_gc3300_rp0.07_mr1.14E-4_ss200.fa	24	5.185	4.156	89.755
long_content_30k_002/lc30k002_3031_gc3300_rp0.05_mr1.14E-4_ss200.fa	22	5.594	6.171	93.932
long_content_30k_002/lc30k002_3032_gc3300_rp0.10_mr1.14E-4_ss100.fa	13	5.940	7.270	93.141
long_content_30k_002/lc30k002_3033_gc3300_rp0.05_mr1.14E-4_ss100.fa	30	4.198	4.140	95.589
long_content_30k_002/lc30k002_3034_gc3300_rp0.07_mr1.14E-4_ss100.fa	29	4.972	7.093	94.648
long_content_30k_002/lc30k002_3035_gc3300_rp0.10_mr1.14E-4_ss200.fa	4	6.309	7.906	93.270
long_content_30k_002/lc30k002_3036_gc3300_rp0.15_mr1.14E-4_ss100.fa	8	4.151	4.552	95.174
long_content_30k_002/lc30k002_3037_gc3300_rp0.15_mr1.14E-4_ss200.fa	10	8.245	10.151	90.158
long_content_30k_002/lc30k002_3038_gc3300_rp0.07_mr1.14E-4_ss200.fa	26	8.069	7.731	93.398
long_content_30k_002/lc30k002_3039_gc3300_rp0.05_mr1.14E-4_ss200.fa	18	3.613	3.322	94.752
long_content_30k_002/lc30k002_303_gc3300_rp0.05_mr1.14E-4_ss200.fa	30	6.785	7.789	94.044
long_content_30k_002/lc30k002_3040_gc3300_rp0.10_mr1.14E-4_ss100.fa	30	4.967	4.948	92.632
long_content_30k_002/lc30k002_3041_gc3300_rp0.05_mr1.14E-4_ss100.fa	12	8.056	7.724	92.516
long_content_30k_002/lc30k002_3042_gc3300_rp0.07_mr1.14E-4_ss100.fa	30	3.266	3.816	96.384
long_content_30k_002/lc30k002_3043_gc3300_rp0.10_mr1.14E-4_ss200.fa	11	9.476	10.120	92.124
long_content_30k_002/lc30k002_3044_gc3300_rp0.15_mr1.14E-4_ss100.fa	5	4.395	5.390	94.909
long_content_30k_002/lc30k002_3045_gc3300_rp0.15_mr1.14E-4_ss200.fa	12	8.122	7.854	91.403
long_content_30k_002/lc30k002_3046_gc3300_rp0.07_mr1.14E-4_ss200.fa	23	2.312	1.786	94.922
long_content_30k_002/lc30k002_3047_gc3300_rp0.05_mr1.14E-4_ss200.fa	24	4.022	4.567	96.085
long_content_30k_002/lc30k002_3048_gc3300_rp0.10_mr1.14E-4_ss100.fa	12	6.040	6.719	92.382
long_content_30k_002/lc30k002_3049_gc3300_rp0.05_mr1.14E-4_ss100.fa	6	10.514	11.377	88.761
long_content_30k_002/lc30k002_304_gc3300_rp0.10_mr1.14E-4_ss100.fa	17	2.479	2.555	95.462
long_content_30k_002/lc30k002_3050_gc3300_rp0.07_mr1.14E-4_ss100.fa	13	7.060	8.812	92.976
long_content_30k_002/lc30k002_3051_gc3300_rp0.10_mr1.14E-4_ss200.fa	11	5.143	4.927	94.382
long_content_30k_002/lc30k002_3052_gc3300_rp0.15_mr1.14E-4_ss100.fa	24	6.153	6.985	93.687
long_content_30k_002/lc30k002_3053_gc3300_rp0.15_mr1.14E-4_ss200.fa	26	2.202	2.157	96.981
long_content_30k_002/lc30k002_3054_gc3300_rp0.07_mr1.14E-4_ss200.fa	30	3.031	1.807	94.156
long_content_30k_002/lc30k002_3055_gc3300_rp0.05_mr1.14E-4_ss200.fa	20	6.136	5.889	93.629
long_content_30k_002/lc30k002_3056_gc3300_rp0.10_mr1.14E-4_ss100.fa	6	6.686	6.239	91.518
long_content_30k_002/lc30k002_3057_gc3300_rp0.05_mr1.14E-4_ss100.fa	23	6.105	3.100	91.060
long_content_30k_002/lc30k002_3058_gc3300_rp0.07_mr1.14E-4_ss100.fa	26	7.897	10.739	92.986
long_content_30k_002/lc30k002_3059_gc3300_rp0.10_mr1.14E-4_ss200.fa	25	3.508	3.694	94.292
long_content_30k_002/lc30k002_305_gc3300_rp0.05_mr1.14E-4_ss100.fa	25	5.310	8.120	91.209
long_content_30k_002/lc30k002_3060_gc3300_rp0.15_mr1.14E-4_ss100.fa	5	5.525	5.275	94.439
long_content_30k_002/lc30k002_3061_gc3300_rp0.15_mr1.14E-4_ss200.fa	19	13.716	13.845	90.612
long_content_30k_002/lc30k002_3062_gc3300_rp0.07_mr1.14E-4_ss200.fa	28	5.202	5.381	93.702
long_content_30k_002/lc30k002_3063_gc3300_rp0.05_mr1.14E-4_ss200.fa	23	3.718	2.766	90.308
long_content_30k_002/lc30k002_3064_gc3300_rp0.10_mr1.14E-4_ss100.fa	12	7.775	8.601	92.876
long_content_30k_002/lc30k002_3065_gc3300_rp0.05_mr1.14E-4_ss100.fa	18	5.193	4.337	90.670
long_content_30k_002/lc30k002_3066_gc3300_rp0.07_mr1.14E-4_ss100.fa	14	13.479	13.337	85.673
long_content_30k_002/lc30k002_3067_gc3300_rp0.10_mr1.14E-4_ss200.fa	6	2.987	2.180	94.531
long_content_30k_002/lc30k002_3068_gc3300_rp0.15_mr1.14E-4_ss100.fa	20	4.204	4.875	95.026
long_content_30k_002/lc30k002_3069_gc3300_rp0.15_mr1.14E-4_ss200.fa	17	2.778	1.881	94.012
long_content_30k_002/lc30k002_306_gc3300_rp0.07_mr1.14E-4_ss100.fa	29	7.326	6.772	92.864
long_content_30k_002/lc30k002_3070_gc3300_rp0.07_mr1.14E-4_ss200.fa	14	3.315	1.378	95.134
long_content_30k_002/lc30k002_3071_gc3300_rp0.05_mr1.14E-4_ss200.fa	17	11.452	9.760	88.039
long_content_30k_002/lc30k002_3072_gc3300_rp0.10_mr1.14E-4_ss100.fa	28	4.567	4.842	95.528
long_content_30k_002/lc30k002_3073_gc3300_rp0.05_mr1.14E-4_ss100.fa	27	2.332	2.289	95.675
long_content_30k_002/lc30k002_3074_gc3300_rp0.07_mr1.14E-4_ss100.fa	17	8.371	9.300	92.006
long_content_30k_002/lc30k002_3075_gc3300_rp0.10_mr1.14E-4_ss200.fa	6	6.649	7.076	94.523
long_content_30k_002/lc30k002_3076_gc3300_rp0.15_mr1.14E-4_ss100.fa	8	2.009	1.570	96.064
long_content_30k_002/lc30k002_3077_gc3300_rp0.15_mr1.14E-4_ss200.fa	16	4.849	5.005	95.048
long_content_30k_002/lc30k002_3078_gc3300_rp0.07_mr1.14E-4_ss200.fa	28	6.179	7.552	93.740
long_content_30k_002/lc30k002_3079_gc3300_rp0.05_mr1.14E-4_ss200.fa	30	2.792	0.847	93.997
long_content_30k_002/lc30k002_307_gc3300_rp0.10_mr1.14E-4_ss200.fa	20	2.603	1.843	94.938
long_content_30k_002/lc30k002_3080_gc3300_rp0.10_mr1.14E-4_ss100.fa	15	3.232	3.019	93.500
long_content_30k_002/lc30k002_3081_gc3300_rp0.05_mr1.14E-4_ss100.fa	29	10.719	12.848	91.244
long_content_30k_002/lc30k002_3082_gc3300_rp0.07_mr1.14E-4_ss100.fa	30	4.003	2.942	95.110
long_content_30k_002/lc30k002_3083_gc3300_rp0.10_mr1.14E-4_ss200.fa	5	8.887	8.896	93.641
long_content_30k_002/lc30k002_3084_gc3300_rp0.15_mr1.14E-4_ss100.fa	30	3.878	4.703	95.765
long_content_30k_002/lc30k002_3085_gc3300_rp0.15_mr1.14E-4_ss200.fa	6	4.746	2.765	94.713
long_content_30k_002/lc30k002_3086_gc3300_rp0.07_mr1.14E-4_ss200.fa	5	4.651	4.023	92.962
long_content_30k_002/lc30k002_3087_gc3300_rp0.05_mr1.14E-4_ss200.fa	30	2.850	1.646	93.736
long_content_30k_002/lc30k002_3088_gc3300_rp0.10_mr1.14E-4_ss100.fa	12	3.109	2.346	92.310
long_content_30k_002/lc30k002_3089_gc3300_rp0.05_mr1.14E-4_ss100.fa	30	6.746	7.111	93.214
long_content_30k_002/lc30k002_308_gc3300_rp0.15_mr1.14E-4_ss100.fa	16	5.020	5.725	94.275
long_content_30k_002/lc30k002_3090_gc3300_rp0.07_mr1.14E-4_ss100.fa	25	7.860	8.571	90.754
long_content_30k_002/lc30k002_3091_gc3300_rp0.10_mr1.14E-4_ss200.fa	23	2.374	1.639	94.169
long_content_30k_002/lc30k002_3092_gc3300_rp0.15_mr1.14E-4_ss100.fa	6	7.305	8.166	94.084
long_content_30k_002/lc30k002_3093_gc3300_rp0.15_mr1.14E-4_ss200.fa	25	4.043	3.599	92.751
long_content_30k_002/lc30k002_3094_gc3300_rp0.07_mr1.14E-4_ss200.fa	30	4.836	4.544	94.276
long_content_30k_002/lc30k002_3095_gc3300_rp0.05_mr1.14E-4_ss200.fa	26	7.094	7.438	93.091
long_content_30k_002/lc30k002_3096_gc3300_rp0.10_mr1.14E-4_ss100.fa	15	6.924	7.326	91.510
long_content_30k_002/lc30k002_3097_gc3300_rp0.05_mr1.14E-4_ss100.fa	30	3.748	4.084	95.426
long_content_30k_002/lc30k002_3098_gc3300_rp0.07_mr1.14E-4_ss100.fa	18	14.357	15.109	89.863
long_content_30k_002/lc30k002_3099_gc3300_rp0.10_mr1.14E-4_ss200.fa	7	5.407	7.233	96.099
long_content_30k_002/lc30k002_309_gc3300_rp0.15_mr1.14E-4_ss200.fa	24	3.148	3.248	94.822
long_content_30k_002/lc30k002_3100_gc3300_rp0.15_mr1.14E-4_ss100.fa	13	7.662	8.825	93.439
long_content_30k_002/lc30k002_3101_gc3300_rp0.15_mr1.14E-4_ss200.fa	19	4.729	5.336	91.397
long_content_30k_002/lc30k002_3102_gc3300_rp0.07_mr1.14E-4_ss200.fa	18	4.315	3.441	92.742
long_content_30k_002/lc30k002_3103_gc3300_rp0.05_mr1.14E-4_ss200.fa	24	2.993	2.624	95.232
long_content_30k_002/lc30k002_3104_gc3300_rp0.10_mr1.14E-4_ss100.fa	6	8.385	8.395	90.563
long_content_30k_002/lc30k002_3105_gc3300_rp0.05_mr1.14E-4_ss100.fa	16	4.222	4.608	95.509
long_content_30k_002/lc30k002_3106_gc3300_rp0.07_mr1.14E-4_ss100.fa	23	4.048	3.953	93.631
long_content_30k_002/lc30k002_3107_gc3300_rp0.10_mr1.14E-4_ss200.fa	10	4.336	5.386	94.387
long_content_30k_002/lc30k002_3108_gc3300_rp0.15_mr1.14E-4_ss100.fa	14	5.492	4.775	93.773
long_content_30k_002/lc30k002_3109_gc3300_rp0.15_mr1.14E-4_ss200.fa	19	5.048	3.447	93.560
long_content_30k_002/lc30k002_310_gc3300_rp0.07_mr1.14E-4_ss200.fa	24	2.471	2.611	96.967
long_content_30k_002/lc30k002_3110_gc3300_rp0.07_mr1.14E-4_ss200.fa	30	5.635	5.578	92.799
long_content_30k_002/lc30k002_3111_gc3300_rp0.05_mr1.14E-4_ss200.fa	30	5.750	4.919	86.787
long_content_30k_002/lc30k002_3112_gc3300_rp0.10_mr1.14E-4_ss100.fa	14	7.871	11.236	92.401
long_content_30k_002/lc30k002_3113_gc3300_rp0.05_mr1.14E-4_ss100.fa	17	3.838	2.143	95.021
long_content_30k_002/lc30k002_3114_gc3300_rp0.07_mr1.14E-4_ss100.fa	30	4.548	4.161	91.393
long_content_30k_002/lc30k002_3115_gc3300_rp0.10_mr1.14E-4_ss200.fa	24	4.380	4.681	92.226
long_content_30k_002/lc30k002_3116_gc3300_rp0.15_mr1.14E-4_ss100.fa	8	8.428	8.782	92.114
long_content_30k_002/lc30k002_3117_gc3300_rp0.15_mr1.14E-4_ss200.fa	10	2.115	2.277	97.405
long_content_30k_002/lc30k002_3118_gc3300_rp0.07_mr1.14E-4_ss200.fa	26	5.157	5.121	94.737
long_content_30k_002/lc30k002_3119_gc3300_rp0.05_mr1.14E-4_ss200.fa	17	3.954	3.666	91.127
long_content_30k_002/lc30k002_311_gc3300_rp0.05_mr1.14E-4_ss200.fa	17	2.638	1.129	94.292
long_content_30k_002/lc30k002_3120_gc3300_rp0.10_mr1.14E-4_ss100.fa	14	6.756	6.528	93.554
long_content_30k_002/lc30k002_3121_gc3300_rp0.05_mr1.14E-4_ss100.fa	7	13.613	13.588	90.424
long_content_30k_002/lc30k002_3122_gc3300_rp0.07_mr1.14E-4_ss100.fa	22	3.464	3.167	92.485
long_content_30k_002/lc30k002_3123_gc3300_rp0.10_mr1.14E-4_ss200.fa	8	5.061	2.739	86.901
long_content_30k_002/lc30k002_3124_gc3300_rp0.15_mr1.14E-4_ss100.fa	10	4.247	5.068	94.391
long_content_30k_002/lc30k002_3125_gc3300_rp0.15_mr1.14E-4_ss200.fa	28	3.387	2.237	93.876
long_content_30k_002/lc30k002_3126_gc3300_rp0.07_mr1.14E-4_ss200.fa	24	6.034	6.821	94.297
long_content_30k_002/lc30k002_3127_gc3300_rp0.05_mr1.14E-4_ss200.fa	22	6.045	7.839	94.037
long_content_30k_002/lc30k002_3128_gc3300_rp0.10_mr1.14E-4_ss100.fa	9	4.333	6.052	95.158
long_content_30k_002/lc30k002_3129_gc3300_rp0.05_mr1.14E-4_ss100.fa	24	6.488	3.817	89.985
long_content_30k_002/lc30k002_312_gc3300_rp0.10_mr1.14E-4_ss100.fa	13	2.866	1.421	91.476
long_content_30k_002/lc30k002_3130_gc3300_rp0.07_mr1.14E-4_ss100.fa	6	6.940	7.777	94.129
long_content_30k_002/lc30k002_3131_gc3300_rp0.10_mr1.14E-4_ss200.fa	11	4.135	2.073	95.896
long_content_30k_002/lc30k002_3132_gc3300_rp0.15_mr1.14E-4_ss100.fa	25	5.475	7.266	92.877
long_content_30k_002/lc30k002_3133_gc3300_rp0.15_mr1.14E-4_ss200.fa	7	4.571	6.060	93.562
long_content_30k_002/lc30k002_3134_gc3300_rp0.07_mr1.14E-4_ss200.fa	30	4.121	5.093	95.192
long_content_30k_002/lc30k002_3135_gc3300_rp0.05_mr1.14E-4_ss200.fa	30	3.659	3.759	96.700
long_content_30k_002/lc30k002_3136_gc3300_rp0.10_mr1.14E-4_ss100.fa	25	3.493	1.224	94.601
long_content_30k_002/lc30k002_3137_gc3300_rp0.05_mr1.14E-4_ss100.fa	29	4.046	4.106	96.249
long_content_30k_002/lc30k002_3138_gc3300_rp0.07_mr1.14E-4_ss100.fa	6	9.136	9.109	93.279
long_content_30k_002/lc30k002_3139_gc3300_rp0.10_mr1.14E-4_ss200.fa	20	5.847	8.071	91.578
long_content_30k_002/lc30k002_313_gc3300_rp0.05_mr1.14E-4_ss100.fa	9	13.418	15.421	90.665
long_content_30k_002/lc30k002_3140_gc3300_rp0.15_mr1.14E-4_ss100.fa	4	4.570	4.731	92.470
long_content_30k_002/lc30k002_3141_gc3300_rp0.15_mr1.14E-4_ss200.fa	26	3.385	3.400	95.409
long_content_30k_002/lc30k002_3142_gc3300_rp0.07_mr1.14E-4_ss200.fa	27	4.473	3.704	94.481
long_content_30k_002/lc30k002_3143_gc3300_rp0.05_mr1.14E-4_ss200.fa	21	5.492	6.365	94.001
long_content_30k_002/lc30k002_3144_gc3300_rp0.10_mr1.14E-4_ss100.fa	10	4.644	4.862	90.864
long_content_30k_002/lc30k002_3145_gc3300_rp0.05_mr1.14E-4_ss100.fa	19	13.577	14.164	91.014
long_content_30k_002/lc30k002_3146_gc3300_rp0.07_mr1.14E-4_ss100.fa	30	2.974	1.692	93.084
long_content_30k_002/lc30k002_3147_gc3300_rp0.10_mr1.14E-4_ss200.fa	15	4.297	4.508	94.185
long_content_30k_002/lc30k002_3148_gc3300_rp0.15_mr1.14E-4_ss100.fa	28	4.947	4.997	93.177
long_content_30k_002/lc30k002_3149_gc3300_rp0.15_mr1.14E-4_ss200.fa	10	2.074	2.267	95.048
long_content_30k_002/lc30k002_314_gc3300_rp0.07_mr1.14E-4_ss100.fa	7	4.812	5.040	94.178
long_content_30k_002/lc30k002_3150_gc3300_rp0.07_mr1.14E-4_ss200.fa	29	3.910	3.535	95.220
long_content_30k_002/lc30k002_3151_gc3300_rp0.05_mr1.14E-4_ss200.fa	20	6.468	5.768	92.222
long_content_30k_002/lc30k002_3152_gc3300_rp0.10_mr1.14E-4_ss100.fa	17	8.249	9.051	92.631
long_content_30k_002/lc30k002_3153_gc3300_rp0.05_mr1.14E-4_ss100.fa	30	3.581	3.337	95.442
long_content_30k_002/lc30k002_3154_gc3300_rp0.07_mr1.14E-4_ss100.fa	14	5.793	5.481	94.856
long_content_30k_002/lc30k002_3155_gc3300_rp0.10_mr1.14E-4_ss200.fa	19	7.103	7.889	92.638
long_content_30k_002/lc30k002_3156_gc3300_rp0.15_mr1.14E-4_ss100.fa	21	6.777	8.163	92.754
long_content_30k_002/lc30k002_3157_gc3300_rp0.15_mr1.14E-4_ss200.fa	0	0.000	0.000	0.000
long_content_30k_002/lc30k002_3158_gc3300_rp0.07_mr1.14E-4_ss200.fa	3	7.414	7.621	93.124
long_content_30k_002/lc30k002_3159_gc3300_rp0.05_mr1.14E-4_ss200.fa	17	12.908	14.909	88.137
long_content_30k_002/lc30k002_315_gc3300_rp0.10_mr1.14E-4_ss200.fa	30	2.282	2.490	96.804
long_content_30k_002/lc30k002_3160_gc3300_rp0.10_mr1.14E-4_ss100.fa	28	3.466	2.108	94.711
long_content_30k_002/lc30k002_3161_gc3300_rp0.05_mr1.14E-4_ss100.fa	28	2.793	2.053	94.697
long_content_30k_002/lc30k002_3162_gc3300_rp0.07_mr1.14E-4_ss100.fa	2	4.638	4.638	95.586
long_content_30k_002/lc30k002_3163_gc3300_rp0.10_mr1.14E-4_ss200.fa	13	6.114	5.818	93.443
long_content_30k_002/lc30k002_3164_gc3300_rp0.15_mr1.14E-4_ss100.fa	4	5.999	5.839	93.115
long_content_30k_002/lc30k002_3165_gc3300_rp0.15_mr1.14E-4_ss200.fa	8	8.786	9.835	92.259
long_content_30k_002/lc30k002_3166_gc3300_rp0.07_mr1.14E-4_ss200.fa	21	3.065	2.619	96.104
long_content_30k_002/lc30k002_3167_gc3300_rp0.05_mr1.14E-4_ss200.fa	10	4.217	4.515	95.008
long_content_30k_002/lc30k002_3168_gc3300_rp0.10_mr1.14E-4_ss100.fa	11	10.033	10.165	92.422
long_content_30k_002/lc30k002_3169_gc3300_rp0.05_mr1.14E-4_ss100.fa	19	4.062	3.792	95.020
long_content_30k_002/lc30k002_316_gc3300_rp0.15_mr1.14E-4_ss100.fa	10	3.129	3.777	96.435
long_content_30k_002/lc30k002_3170_gc3300_rp0.07_mr1.14E-4_ss100.fa	24	3.571	2.905	94.984
long_content_30k_002/lc30k002_3171_gc3300_rp0.10_mr1.14E-4_ss200.fa	22	2.461	2.333	96.646
long_content_30k_002/lc30k002_3172_gc3300_rp0.15_mr1.14E-4_ss100.fa	4	6.306	6.501	94.334
long_content_30k_002/lc30k002_3173_gc3300_rp0.15_mr1.14E-4_ss200.fa	17	7.423	7.632	92.201
long_content_30k_002/lc30k002_3174_gc3300_rp0.07_mr1.14E-4_ss200.fa	20	12.159	12.378	91.091
long_content_30k_002/lc30k002_3175_gc3300_rp0.05_mr1.14E-4_ss200.fa	14	12.136	14.866	87.940
long_content_30k_002/lc30k002_3176_gc3300_rp0.10_mr1.14E-4_ss100.fa	30	3.269	3.071	94.568
long_content_30k_002/lc30k002_3177_gc3300_rp0.05_mr1.14E-4_ss100.fa	20	5.187	5.766	94.180
long_content_30k_002/lc30k002_3178_gc3300_rp0.07_mr1.14E-4_ss100.fa	11	4.694	5.950	91.958
long_content_30k_002/lc30k002_3179_gc3300_rp0.10_mr1.14E-4_ss200.fa	5	8.138	8.461	92.769
long_content_30k_002/lc30k002_317_gc3300_rp0.15_mr1.14E-4_ss200.fa	20	4.156	2.087	93.214
long_content_30k_002/lc30k002_3180_gc3300_rp0.15_mr1.14E-4_ss100.fa	9	4.084	4.087	95.956
long_content_30k_002/lc30k002_3181_gc3300_rp0.15_mr1.14E-4_ss200.fa	29	6.188	6.513	93.897
long_content_30k_002/lc30k002_3182_gc3300_rp0.07_mr1.14E-4_ss200.fa	29	3.926	5.301	93.483
long_content_30k_002/lc30k002_3183_gc3300_rp0.05_mr1.14E-4_ss200.fa	19	2.405	1.331	91.096
long_content_30k_002/lc30k002_3184_gc3300_rp0.10_mr1.14E-4_ss100.fa	11	1.489	1.030	92.431
long_content_30k_002/lc30k002_3185_gc3300_rp0.05_mr1.14E-4_ss100.fa	22	9.094	9.450	88.716
long_content_30k_002/lc30k002_3186_gc3300_rp0.07_mr1.14E-4_ss100.fa	20	6.612	5.531	91.850
long_content_30k_002/lc30k002_3187_gc3300_rp0.10_mr1.14E-4_ss200.fa	9	5.897	3.682	92.226
long_content_30k_002/lc30k002_3188_gc3300_rp0.15_mr1.14E-4_ss100.fa	13	4.416	1.334	89.092
long_content_30k_002/lc30k002_3189_gc3300_rp0.15_mr1.14E-4_ss200.fa	12	4.034	4.077	92.136
long_content_30k_002/lc30k002_318_gc3300_rp0.07_mr1.14E-4_ss200.fa	8	9.434	10.611	92.539
long_content_30k_002/lc30k002_3190_gc3300_rp0.07_mr1.14E-4_ss200.fa	14	7.135	6.734	92.613
long_content_30k_002/lc30k002_3191_gc3300_rp0.05_mr1.14E-4_ss200.fa	30	2.557	2.204	96.654
long_content_30k_002/lc30k002_3192_gc3300_rp0.10_mr1.14E-4_ss100.fa	14	5.695	2.811	91.881
long_content_30k_002/lc30k002_3193_gc3300_rp0.05_mr1.14E-4_ss100.fa	22	4.559	5.366	94.917
long_content_30k_002/lc30k002_3194_gc3300_rp0.07_mr1.14E-4_ss100.fa	30	2.826	2.500	97.117
long_content_30k_002/lc30k002_3195_gc3300_rp0.10_mr1.14E-4_ss200.fa	22	6.429	6.133	92.010
long_content_30k_002/lc30k002_3196_gc3300_rp0.15_mr1.14E-4_ss100.fa	8	7.186	5.980	93.283
long_content_30k_002/lc30k002_3197_gc3300_rp0.15_mr1.14E-4_ss200.fa	10	5.678	5.317	93.749
long_content_30k_002/lc30k002_3198_gc3300_rp0.07_mr1.14E-4_ss200.fa	16	8.092	8.150	92.257
long_content_30k_002/lc30k002_3199_gc3300_rp0.05_mr1.14E-4_ss200.fa	3	0.946	0.617	98.080
long_content_30k_002/lc30k002_319_gc3300_rp0.05_mr1.14E-4_ss200.fa	30	2.730	3.060	95.523
long_content_30k_002/lc30k002_3200_gc3300_rp0.10_mr1.14E-4_ss100.fa	22	5.252	5.284	90.947
long_content_30k_002/lc30k002_3201_gc3300_rp0.05_mr1.14E-4_ss100.fa	11	8.166	10.766	89.207
long_content_30k_002/lc30k002_3202_gc3300_rp0.07_mr1.14E-4_ss100.fa	13	2.772	3.324	97.484
long_content_30k_002/lc30k002_3203_gc3300_rp0.10_mr1.14E-4_ss200.fa	22	8.051	8.086	91.669
long_content_30k_002/lc30k002_3204_gc3300_rp0.15_mr1.14E-4_ss100.fa	12	6.829	9.383	92.503
long_content_30k_002/lc30k002_3205_gc3300_rp0.15_mr1.14E-4_ss200.fa	12	4.108	4.232	95.740
long_content_30k_002/lc30k002_3206_gc3300_rp0.07_mr1.14E-4_ss200.fa	30	3.274	3.546	96.196
long_content_30k_002/lc30k002_3207_gc3300_rp0.05_mr1.14E-4_ss200.fa	30	4.115	1.553	92.107
long_content_30k_002/lc30k002_3208_gc3300_rp0.10_mr1.14E-4_ss100.fa	30	5.655	3.843	92.137
long_content_30k_002/lc30k002_3209_gc3300_rp0.05_mr1.14E-4_ss100.fa	19	10.216	9.475	88.061
long_content_30k_002/lc30k002_320_gc3300_rp0.10_mr1.14E-4_ss100.fa	13	5.010	4.198	93.756
long_content_30k_002/lc30k002_3210_gc3300_rp0.07_mr1.14E-4_ss100.fa	20	6.376	6.180	93.583
long_content_30k_002/lc30k002_3211_gc3300_rp0.10_mr1.14E-4_ss200.fa	29	0.602	0.540	95.896
long_content_30k_002/lc30k002_3212_gc3300_rp0.15_mr1.14E-4_ss100.fa	28	2.985	2.845	96.513
long_content_30k_002/lc30k002_3213_gc3300_rp0.15_mr1.14E-4_ss200.fa	15	4.201	4.579	93.649
long_content_30k_002/lc30k002_3214_gc3300_rp0.07_mr1.14E-4_ss200.fa	20	4.182	3.223	94.631
long_content_30k_002/lc30k002_3215_gc3300_rp0.05_mr1.14E-4_ss200.fa	18	4.094	3.332	94.006
long_content_30k_002/lc30k002_3216_gc3300_rp0.10_mr1.14E-4_ss100.fa	7	1.574	0.972	95.249
long_content_30k_002/lc30k002_3217_gc3300_rp0.05_mr1.14E-4_ss100.fa	30	6.281	6.428	94.707
long_content_30k_002/lc30k002_3218_gc3300_rp0.07_mr1.14E-4_ss100.fa	25	7.742	7.845	90.736
long_content_30k_002/lc30k002_3219_gc3300_rp0.10_mr1.14E-4_ss200.fa	11	5.240	5.941	94.175
long_content_30k_002/lc30k002_321_gc3300_rp0.05_mr1.14E-4_ss100.fa	13	1.889	1.160	93.965
long_content_30k_002/lc30k002_3220_gc3300_rp0.15_mr1.14E-4_ss100.fa	5	7.204	7.683	92.577
long_content_30k_002/lc30k002_3221_gc3300_rp0.15_mr1.14E-4_ss200.fa	25	3.241	3.261	96.548
long_content_30k_002/lc30k002_3222_gc3300_rp0.07_mr1.14E-4_ss200.fa	12	6.370	8.264	91.900
long_content_30k_002/lc30k002_3223_gc3300_rp0.05_mr1.14E-4_ss200.fa	30	7.038	7.258	91.047
long_content_30k_002/lc30k002_3224_gc3300_rp0.10_mr1.14E-4_ss100.fa	13	4.082	3.766	95.229
long_content_30k_002/lc30k002_3225_gc3300_rp0.05_mr1.14E-4_ss100.fa	22	3.132	2.543	93.610
long_content_30k_002/lc30k002_3226_gc3300_rp0.07_mr1.14E-4_ss100.fa	17	4.276	1.725	87.565
long_content_30k_002/lc30k002_3227_gc3300_rp0.10_mr1.14E-4_ss200.fa	19	7.949	8.250	93.388
long_content_30k_002/lc30k002_3228_gc3300_rp0.15_mr1.14E-4_ss100.fa	8	4.827	5.327	94.853
long_content_30k_002/lc30k002_3229_gc3300_rp0.15_mr1.14E-4_ss200.fa	6	8.149	8.554	93.091
long_content_30k_002/lc30k002_322_gc3300_rp0.07_mr1.14E-4_ss100.fa	12	8.579	10.394	90.615
long_content_30k_002/lc30k002_3230_gc3300_rp0.07_mr1.14E-4_ss200.fa	8	3.222	2.199	92.124
long_content_30k_002/lc30k002_3231_gc3300_rp0.05_mr1.14E-4_ss200.fa	21	3.623	3.127	92.743
long_content_30k_002/lc30k002_3232_gc3300_rp0.10_mr1.14E-4_ss100.fa	16	6.409	7.301	93.694
long_content_30k_002/lc30k002_3233_gc3300_rp0.05_mr1.14E-4_ss100.fa	0	0.000	0.000	0.000
long_content_30k_002/lc30k002_3234_gc3300_rp0.07_mr1.14E-4_ss100.fa	19	2.631	0.910	93.400
long_content_30k_002/lc30k002_3235_gc3300_rp0.10_mr1.14E-4_ss200.fa	14	5.137	1.303	91.726
long_content_30k_002/lc30k002_3236_gc3300_rp0.15_mr1.14E-4_ss100.fa	27	7.405	7.514	92.722
long_content_30k_002/lc30k002_3237_gc3300_rp0.15_mr1.14E-4_ss200.fa	3	6.757	9.191	92.763
long_content_30k_002/lc30k002_3238_gc3300_rp0.07_mr1.14E-4_ss200.fa	19	7.084	5.986	93.484
long_content_30k_002/lc30k002_3239_gc3300_rp0.05_mr1.14E-4_ss200.fa	28	2.853	2.640	92.476
long_content_30k_002/lc30k002_323_gc3300_rp0.10_mr1.14E-4_ss200.fa	14	2.895	2.491	94.842
long_content_30k_002/lc30k002_3240_gc3300_rp0.10_mr1.14E-4_ss100.fa	12	8.137	9.443	92.959
long_content_30k_002/lc30k002_3241_gc3300_rp0.05_mr1.14E-4_ss100.fa	18	2.588	3.658	88.121
long_content_30k_002/lc30k002_3242_gc3300_rp0.07_mr1.14E-4_ss100.fa	14	1.240	0.632	94.749
long_content_30k_002/lc30k002_3243_gc3300_rp0.10_mr1.14E-4_ss200.fa	13	8.215	7.615	89.912
long_content_30k_002/lc30k002_3244_gc3300_rp0.15_mr1.14E-4_ss100.fa	4	11.105	11.105	92.047
long_content_30k_002/lc30k002_3245_gc3300_rp0.15_mr1.14E-4_ss200.fa	12	5.041	4.939	94.121
long_content_30k_002/lc30k002_3246_gc3300_rp0.07_mr1.14E-4_ss200.fa	22	2.845	2.579	96.522
long_content_30k_002/lc30k002_3247_gc3300_rp0.05_mr1.14E-4_ss200.fa	28	4.237	4.177	94.900
long_content_30k_002/lc30k002_3248_gc3300_rp0.10_mr1.14E-4_ss100.fa	25	2.049	2.381	96.435
long_content_30k_002/lc30k002_3249_gc3300_rp0.05_mr1.14E-4_ss100.fa	24	5.848	4.438	90.704
long_content_30k_002/lc30k002_324_gc3300_rp0.15_mr1.14E-4_ss100.fa	12	6.905	6.866	92.713
long_content_30k_002/lc30k002_3250_gc3300_rp0.07_mr1.14E-4_ss100.fa	30	5.999	5.970	94.119
long_content_30k_002/lc30k002_3251_gc3300_rp0.10_mr1.14E-4_ss200.fa	22	8.690	9.019	90.889
long_content_30k_002/lc30k002_3252_gc3300_rp0.15_mr1.14E-4_ss100.fa	17	3.401	3.069	95.833
long_content_30k_002/lc30k002_3253_gc3300_rp0.15_mr1.14E-4_ss200.fa	9	12.301	13.454	90.728
long_content_30k_002/lc30k002_3254_gc3300_rp0.07_mr1.14E-4_ss200.fa	30	7.073	7.287	92.545
long_content_30k_002/lc30k002_3255_gc3300_rp0.05_mr1.14E-4_ss200.fa	16	4.477	5.250	96.521
long_content_30k_002/lc30k002_3256_gc3300_rp0.10_mr1.14E-4_ss100.fa	5	3.459	4.731	94.209
long_content_30k_002/lc30k002_3257_gc3300_rp0.05_mr1.14E-4_ss100.fa	12	6.916	8.496	92.852
long_content_30k_002/lc30k002_3258_gc3300_rp0.07_mr1.14E-4_ss100.fa	16	6.041	7.211	92.357
long_content_30k_002/lc30k002_3259_gc3300_rp0.10_mr1.14E-4_ss200.fa	22	3.508	3.201	96.193
long_content_30k_002/lc30k002_325_gc3300_rp0.15_mr1.14E-4_ss200.fa	9	6.849	8.581	91.664
long_content_30k_002/lc30k002_3260_gc3300_rp0.15_mr1.14E-4_ss100.fa	11	3.743	3.926	95.033
long_content_30k_002/lc30k002_3261_gc3300_rp0.15_mr1.14E-4_ss200.fa	24	2.429	2.400	96.743
long_content_30k_002/lc30k002_3262_gc3300_rp0.07_mr1.14E-4_ss200.fa	24	5.355	3.585	95.111
long_content_30k_002/lc30k002_3263_gc3300_rp0.05_mr1.14E-4_ss200.fa	30	6.716	3.478	91.936
long_content_30k_002/lc30k002_3264_gc3300_rp0.10_mr1.14E-4_ss100.fa	7	9.327	11.009	92.000
long_content_30k_002/lc30k002_3265_gc3300_rp0.05_mr1.14E-4_ss100.fa	28	4.818	6.390	93.459
long_content_30k_002/lc30k002_3266_gc3300_rp0.07_mr1.14E-4_ss100.fa	28	8.126	8.053	92.937
long_content_30k_002/lc30k002_3267_gc3300_rp0.10_mr1.14E-4_ss200.fa	19	5.989	7.739	93.350
long_content_30k_002/lc30k002_3268_gc3300_rp0.15_mr1.14E-4_ss100.fa	12	6.589	8.888	89.936
long_content_30k_002/lc30k002_3269_gc3300_rp0.15_mr1.14E-4_ss200.fa	22	3.213	2.678	95.686
long_content_30k_002/lc30k002_326_gc3300_rp0.07_mr1.14E-4_ss200.fa	18	10.251	11.617	90.132
long_content_30k_002/lc30k002_3270_gc3300_rp0.07_mr1.14E-4_ss200.fa	11	6.731	6.823	93.850
long_content_30k_002/lc30k002_3271_gc3300_rp0.05_mr1.14E-4_ss200.fa	16	8.047	8.371	94.103
long_content_30k_002/lc30k002_3272_gc3300_rp0.10_mr1.14E-4_ss100.fa	12	4.707	5.143	92.946
long_content_30k_002/lc30k002_3273_gc3300_rp0.05_mr1.14E-4_ss100.fa	30	5.283	4.955	94.258
long_content_30k_002/lc30k002_3274_gc3300_rp0.07_mr1.14E-4_ss100.fa	29	3.946	4.968	94.811
long_content_30k_002/lc30k002_3275_gc3300_rp0.10_mr1.14E-4_ss200.fa	16	2.612	2.224	93.213
long_content_30k_002/lc30k002_3276_gc3300_rp0.15_mr1.14E-4_ss100.fa	13	3.415	2.653	92.843
long_content_30k_002/lc30k002_3277_gc3300_rp0.15_mr1.14E-4_ss200.fa	2	5.352	5.352	94.252
long_content_30k_002/lc30k002_3278_gc3300_rp0.07_mr1.14E-4_ss200.fa	30	4.320	4.538	96.287
long_content_30k_002/lc30k002_3279_gc3300_rp0.05_mr1.14E-4_ss200.fa	24	6.491	6.383	90.800
long_content_30k_002/lc30k002_327_gc3300_rp0.05_mr1.14E-4_ss200.fa	30	4.938	5.013	95.607
long_content_30k_002/lc30k002_3280_gc3300_rp0.10_mr1.14E-4_ss100.fa	28	8.749	10.334	90.095
long_content_30k_002/lc30k002_3281_gc3300_rp0.05_mr1.14E-4_ss100.fa	28	3.201	3.402	96.215
long_content_30k_002/lc30k002_3282_gc3300_rp0.07_mr1.14E-4_ss100.fa	11	2.224	2.410	95.785
long_content_30k_002/lc30k002_3283_gc3300_rp0.10_mr1.14E-4_ss200.fa	30	2.527	2.100	95.583
long_content_30k_002/lc30k002_3284_gc3300_rp0.15_mr1.14E-4_ss100.fa	17	4.537	2.489	92.979
long_content_30k_002/lc30k002_3285_gc3300_rp0.15_mr1.14E-4_ss200.fa	18	2.355	1.271	96.060
long_content_30k_002/lc30k002_3286_gc3300_rp0.07_mr1.14E-4_ss200.fa	8	6.632	6.128	91.968
long_content_30k_002/lc30k002_3287_gc3300_rp0.05_mr1.14E-4_ss200.fa	11	3.307	2.236	86.296
long_content_30k_002/lc30k002_3288_gc3300_rp0.10_mr1.14E-4_ss100.fa	25	3.889	4.024	95.386
long_content_30k_002/lc30k002_3289_gc3300_rp0.05_mr1.14E-4_ss100.fa	13	4.253	3.964	91.857
long_content_30k_002/lc30k002_328_gc3300_rp0.10_mr1.14E-4_ss100.fa	17	5.803	5.943	90.960
long_content_30k_002/lc30k002_3290_gc3300_rp0.07_mr1.14E-4_ss100.fa	22	3.007	1.853	94.118
long_content_30k_002/lc30k002_3291_gc3300_rp0.10_mr1.14E-4_ss200.fa	27	5.273	1.422	88.150
long_content_30k_002/lc30k002_3292_gc3300_rp0.15_mr1.14E-4_ss100.fa	14	5.050	4.628	95.521
long_content_30k_002/lc30k002_3293_gc3300_rp0.15_mr1.14E-4_ss200.fa	9	4.721	3.645	94.299
long_content_30k_002/lc30k002_3294_gc3300_rp0.07_mr1.14E-4_ss200.fa	8	5.985	6.102	87.953
long_content_30k_002/lc30k002_3295_gc3300_rp0.05_mr1.14E-4_ss200.fa	25	4.813	5.263	94.307
long_content_30k_002/lc30k002_3296_gc3300_rp0.10_mr1.14E-4_ss100.fa	22	5.030	5.260	94.773
long_content_30k_002/lc30k002_3297_gc3300_rp0.05_mr1.14E-4_ss100.fa	28	3.114	3.132	96.410
long_content_30k_002/lc30k002_3298_gc3300_rp0.07_mr1.14E-4_ss100.fa	22	7.296	10.679	90.618
long_content_30k_002/lc30k002_3299_gc3300_rp0.10_mr1.14E-4_ss200.fa	20	4.418	5.226	92.598
long_content_30k_002/lc30k002_329_gc3300_rp0.05_mr1.14E-4_ss100.fa	19	8.116	8.346	92.664
long_content_30k_002/lc30k002_3300_gc3300_rp0.15_mr1.14E-4_ss100.fa	7	4.746	4.899	94.929
long_content_30k_002/lc30k002_3301_gc3300_rp0.15_mr1.14E-4_ss200.fa	4	7.607	7.593	93.617
long_content_30k_002/lc30k002_3302_gc3300_rp0.07_mr1.14E-4_ss200.fa	17	5.003	4.889	94.133
long_content_30k_002/lc30k002_3303_gc3300_rp0.05_mr1.14E-4_ss200.fa	16	12.949	13.076	91.166
long_content_30k_002/lc30k002_3304_gc3300_rp0.10_mr1.14E-4_ss100.fa	16	6.908	7.915	90.913
long_content_30k_002/lc30k002_3305_gc3300_rp0.05_mr1.14E-4_ss100.fa	13	4.471	5.227	94.833
long_content_30k_002/lc30k002_3306_gc3300_rp0.07_mr1.14E-4_ss100.fa	23	3.656	3.755	93.958
long_content_30k_002/lc30k002_3307_gc3300_rp0.10_mr1.14E-4_ss200.fa	13	4.474	4.592	94.713
long_content_30k_002/lc30k002_3308_gc3300_rp0.15_mr1.14E-4_ss100.fa	21	4.119	5.161	95.676
long_content_30k_002/lc30k002_3309_gc3300_rp0.15_mr1.14E-4_ss200.fa	19	6.418	6.735	92.367
long_content_30k_002/lc30k002_330_gc3300_rp0.07_mr1.14E-4_ss100.fa	7	4.993	1.826	91.420
long_content_30k_002/lc30k002_3310_gc3300_rp0.07_mr1.14E-4_ss200.fa	26	5.316	5.840	93.823
long_content_30k_002/lc30k002_3311_gc3300_rp0.05_mr1.14E-4_ss200.fa	30	3.271	3.256	96.616
long_content_30k_002/lc30k002_3312_gc3300_rp0.10_mr1.14E-4_ss100.fa	28	10.000	9.578	91.965
long_content_30k_002/lc30k002_3313_gc3300_rp0.05_mr1.14E-4_ss100.fa	30	2.661	2.412	95.979
long_content_30k_002/lc30k002_3314_gc3300_rp0.07_mr1.14E-4_ss100.fa	14	11.181	10.026	91.248
long_content_30k_002/lc30k002_3315_gc3300_rp0.10_mr1.14E-4_ss200.fa	13	4.764	5.254	90.965
long_content_30k_002/lc30k002_3316_gc3300_rp0.15_mr1.14E-4_ss100.fa	21	4.672	5.435	94.903
long_content_30k_002/lc30k002_3317_gc3300_rp0.15_mr1.14E-4_ss200.fa	21	2.726	2.811	96.998
long_content_30k_002/lc30k002_3318_gc3300_rp0.07_mr1.14E-4_ss200.fa	30	5.285	6.241	94.528
long_content_30k_002/lc30k002_3319_gc3300_rp0.05_mr1.14E-4_ss200.fa	29	2.450	3.057	94.618
long_content_30k_002/lc30k002_331_gc3300_rp0.10_mr1.14E-4_ss200.fa	18	4.528	3.783	93.805
long_content_30k_002/lc30k002_3320_gc3300_rp0.10_mr1.14E-4_ss100.fa	9	8.765	10.350	91.098
long_content_30k_002/lc30k002_3321_gc3300_rp0.05_mr1.14E-4_ss100.fa	25	3.941	4.325	95.870
long_content_30k_002/lc30k002_3322_gc3300_rp0.07_mr1.14E-4_ss100.fa	30	5.849	5.612	94.877
long_content_30k_002/lc30k002_3323_gc3300_rp0.10_mr1.14E-4_ss200.fa	22	2.319	1.902	96.166
long_content_30k_002/lc30k002_3324_gc3300_rp0.15_mr1.14E-4_ss100.fa	8	5.922	6.621	92.378
long_content_30k_002/lc30k002_3325_gc3300_rp0.15_mr1.14E-4_ss200.fa	5	7.671	8.230	93.977
long_content_30k_002/lc30k002_3326_gc3300_rp0.07_mr1.14E-4_ss200.fa	30	5.946	5.144	92.253
long_content_30k_002/lc30k002_3327_gc3300_rp0.05_mr1.14E-4_ss200.fa	30	3.177	2.883	94.410
long_content_30k_002/lc30k002_3328_gc3300_rp0.10_mr1.14E-4_ss100.fa	21	6.060	6.657	93.600
long_content_30k_002/lc30k002_3329_gc3300_rp0.05_mr1.14E-4_ss100.fa	11	3.366	2.505	88.404
long_content_30k_002/lc30k002_332_gc3300_rp0.15_mr1.14E-4_ss100.fa	16	5.394	7.299	93.041
long_content_30k_002/lc30k002_3330_gc3300_rp0.07_mr1.14E-4_ss100.fa	27	3.990	4.735	95.318
long_content_30k_002/lc30k002_3331_gc3300_rp0.10_mr1.14E-4_ss200.fa	7	10.324	11.631	92.839
long_content_30k_002/lc30k002_3332_gc3300_rp0.15_mr1.14E-4_ss100.fa	15	7.329	8.106	93.372
long_content_30k_002/lc30k002_3333_gc3300_rp0.15_mr1.14E-4_ss200.fa	28	3.693	3.801	95.614
long_content_30k_002/lc30k002_3334_gc3300_rp0.07_mr1.14E-4_ss200.fa	17	9.531	12.763	90.632
long_content_30k_002/lc30k002_3335_gc3300_rp0.05_mr1.14E-4_ss200.fa	14	9.237	9.924	92.397
long_content_30k_002/lc30k002_3336_gc3300_rp0.10_mr1.14E-4_ss100.fa	21	5.003	6.134	94.614
long_content_30k_002/lc30k002_3337_gc3300_rp0.05_mr1.14E-4_ss100.fa	23	3.412	3.695	90.733
long_content_30k_002/lc30k002_3338_gc3300_rp0.07_mr1.14E-4_ss100.fa	30	2.519	1.985	96.058
long_content_30k_002/lc30k002_3339_gc3300_rp0.10_mr1.14E-4_ss200.fa	16	3.031	3.191	96.849
long_content_30k_002/lc30k002_333_gc3300_rp0.15_mr1.14E-4_ss200.fa	17	9.086	10.607	91.249
long_content_30k_002/lc30k002_3340_gc3300_rp0.15_mr1.14E-4_ss100.fa	28	3.797	3.277	94.224
long_content_30k_002/lc30k002_3341_gc3300_rp0.15_mr1.14E-4_ss200.fa	8	2.824	2.864	96.659
long_content_30k_002/lc30k002_3342_gc3300_rp0.07_mr1.14E-4_ss200.fa	11	7.280	7.653	93.342
long_content_30k_002/lc30k002_3343_gc3300_rp0.05_mr1.14E-4_ss200.fa	5	6.127	6.593	93.595
long_content_30k_002/lc30k002_3344_gc3300_rp0.10_mr1.14E-4_ss100.fa	8	5.265	5.873	94.169
long_content_30k_002/lc30k002_3345_gc3300_rp0.05_mr1.14E-4_ss100.fa	29	5.417	7.478	92.494
long_content_30k_002/lc30k002_3346_gc3300_rp0.07_mr1.14E-4_ss100.fa	8	7.194	8.056	93.973
long_content_30k_002/lc30k002_3347_gc3300_rp0.10_mr1.14E-4_ss200.fa	15	4.348	6.330	93.673
long_content_30k_002/lc30k002_3348_gc3300_rp0.15_mr1.14E-4_ss100.fa	13	3.326	3.621	94.598
long_content_30k_002/lc30k002_3349_gc3300_rp0.15_mr1.14E-4_ss200.fa	22	2.104	1.883	94.474
long_content_30k_002/lc30k002_334_gc3300_rp0.07_mr1.14E-4_ss200.fa	8	3.215	3.472	96.877
long_content_30k_002/lc30k002_3350_gc3300_rp0.07_mr1.14E-4_ss200.fa	30	2.875	2.920	97.024
long_content_30k_002/lc30k002_3351_gc3300_rp0.05_mr1.14E-4_ss200.fa	15	4.252	1.640	94.036
long_content_30k_002/lc30k002_3352_gc3300_rp0.10_mr1.14E-4_ss100.fa	27	2.927	2.525	95.440
long_content_30k_002/lc30k002_3353_gc3300_rp0.05_mr1.14E-4_ss100.fa	19	2.734	2.604	94.943
long_content_30k_002/lc30k002_3354_gc3300_rp0.07_mr1.14E-4_ss100.fa	6	5.310	7.160	92.852
long_content_30k_002/lc30k002_3355_gc3300_rp0.10_mr1.14E-4_ss200.fa	15	4.016	3.453	92.797
long_content_30k_002/lc30k002_3356_gc3300_rp0.15_mr1.14E-4_ss100.fa	14	6.641	7.841	93.474
long_content_30k_002/lc30k002_3357_gc3300_rp0.15_mr1.14E-4_ss200.fa	14	5.241	5.077	93.619
long_content_30k_002/lc30k002_3358_gc3300_rp0.07_mr1.14E-4_ss200.fa	16	4.237	4.017	93.843
long_content_30k_002/lc30k002_3359_gc3300_rp0.05_mr1.14E-4_ss200.fa	30	5.733	5.866	95.098
long_content_30k_002/lc30k002_335_gc3300_rp0.05_mr1.14E-4_ss200.fa	9	6.709	8.017	92.332
long_content_30k_002/lc30k002_3360_gc3300_rp0.10_mr1.14E-4_ss100.fa	30	4.245	4.246	95.079
long_content_30k_002/lc30k002_3361_gc3300_rp0.05_mr1.14E-4_ss100.fa	30	5.223	5.552	95.181
long_content_30k_002/lc30k002_3362_gc3300_rp0.07_mr1.14E-4_ss100.fa	19	4.030	3.116	93.412
long_content_30k_002/lc30k002_3363_gc3300_rp0.10_mr1.14E-4_ss200.fa	4	6.489	5.730	91.639
long_content_30k_002/lc30k002_3364_gc3300_rp0.15_mr1.14E-4_ss100.fa	18	3.319	2.861	92.762
long_content_30k_002/lc30k002_3365_gc3300_rp0.15_mr1.14E-4_ss200.fa	15	6.030	6.187	93.297
long_content_30k_002/lc30k002_3366_gc3300_rp0.07_mr1.14E-4_ss200.fa	26	5.860	4.262	90.633
long_content_30k_002/lc30k002_3367_gc3300_rp0.05_mr1.14E-4_ss200.fa	30	4.446	4.428	95.263
long_content_30k_002/lc30k002_3368_gc3300_rp0.10_mr1.14E-4_ss100.fa	6	6.573	6.570	93.467
long_content_30k_002/lc30k002_3369_gc3300_rp0.05_mr1.14E-4_ss100.fa	19	2.742	0.441	89.750
long_content_30k_002/lc30k002_336_gc3300_rp0.10_mr1.14E-4_ss100.fa	20	6.297	6.814	92.986
long_content_30k_002/lc30k002_3370_gc3300_rp0.07_mr1.14E-4_ss100.fa	15	6.609	6.997	92.820
long_content_30k_002/lc30k002_3371_gc3300_rp0.10_mr1.14E-4_ss200.fa	30	4.022	4.030	95.977
long_content_30k_002/lc30k002_3372_gc3300_rp0.15_mr1.14E-4_ss100.fa	13	3.943	4.252	94.840
long_content_30k_002/lc30k002_3373_gc3300_rp0.15_mr1.14E-4_ss200.fa	12	3.810	3.246	95.192
long_content_30k_002/lc30k002_3374_gc3300_rp0.07_mr1.14E-4_ss200.fa	25	8.186	8.009	92.274
long_content_30k_002/lc30k002_3375_gc3300_rp0.05_mr1.14E-4_ss200.fa	24	3.298	3.562	95.566
long_content_30k_002/lc30k002_3376_gc3300_rp0.10_mr1.14E-4_ss100.fa	8	5.267	4.304	90.567
long_content_30k_002/lc30k002_3377_gc3300_rp0.05_mr1.14E-4_ss100.fa	12	13.450	13.775	90.920
long_content_30k_002/lc30k002_3378_gc3300_rp0.07_mr1.14E-4_ss100.fa	21	6.846	8.513	93.286
long_content_30k_002/lc30k002_3379_gc3300_rp0.10_mr1.14E-4_ss200.fa	21	9.714	12.036	90.355
long_content_30k_002/lc30k002_337_gc3300_rp0.05_mr1.14E-4_ss100.fa	15	8.301	9.390	91.279
long_content_30k_002/lc30k002_3380_gc3300_rp0.15_mr1.14E-4_ss100.fa	5	4.299	4.973	95.764
long_content_30k_002/lc30k002_3381_gc3300_rp0.15_mr1.14E-4_ss200.fa	27	2.241	1.843	96.287
long_content_30k_002/lc30k002_3382_gc3300_rp0.07_mr1.14E-4_ss200.fa	29	5.763	7.076	93.117
long_content_30k_002/lc30k002_3383_gc3300_rp0.05_mr1.14E-4_ss200.fa	29	3.859	3.344	93.350
long_content_30k_002/lc30k002_3384_gc3300_rp0.10_mr1.14E-4_ss100.fa	29	3.790	3.585	95.491
long_content_30k_002/lc30k002_3385_gc3300_rp0.05_mr1.14E-4_ss100.fa	22	7.120	7.364	92.841
long_content_30k_002/lc30k002_3386_gc3300_rp0.07_mr1.14E-4_ss100.fa	26	2.198	0.924	95.193
long_content_30k_002/lc30k002_3387_gc3300_rp0.10_mr1.14E-4_ss200.fa	30	3.303	3.050	95.625
long_content_30k_002/lc30k002_3388_gc3300_rp0.15_mr1.14E-4_ss100.fa	14	2.768	1.461	94.613
long_content_30k_002/lc30k002_3389_gc3300_rp0.15_mr1.14E-4_ss200.fa	19	6.975	8.407	90.919
long_content_30k_002/lc30k002_338_gc3300_rp0.07_mr1.14E-4_ss100.fa	29	4.623	4.807	94.488
long_content_30k_002/lc30k002_3390_gc3300_rp0.07_mr1.14E-4_ss200.fa	10	5.603	5.826	94.103
long_content_30k_002/lc30k002_3391_gc3300_rp0.05_mr1.14E-4_ss200.fa	30	6.105	5.435	92.847
long_content_30k_002/lc30k002_3392_gc3300_rp0.10_mr1.14E-4_ss100.fa	10	6.708	5.672	94.093
long_content_30k_002/lc30k002_3393_gc3300_rp0.05_mr1.14E-4_ss100.fa	30	6.171	4.093	93.204
long_content_30k_002/lc30k002_3394_gc3300_rp0.07_mr1.14E-4_ss100.fa	25	2.404	2.435	95.924
long_content_30k_002/lc30k002_3395_gc3300_rp0.10_mr1.14E-4_ss200.fa	8	5.311	5.723	95.339
long_content_30k_002/lc30k002_3396_gc3300_rp0.15_mr1.14E-4_ss100.fa	16	2.073	1.623	96.439
long_content_30k_002/lc30k002_3397_gc3300_rp0.15_mr1.14E-4_ss200.fa	21	4.894	5.478	94.834
long_content_30k_002/lc30k002_3398_gc3300_rp0.07_mr1.14E-4_ss200.fa	25	5.895	5.106	90.704
long_content_30k_002/lc30k002_3399_gc3300_rp0.05_mr1.14E-4_ss200.fa	23	6.999	7.141	93.588
long_content_30k_002/lc30k002_339_gc3300_rp0.10_mr1.14E-4_ss200.fa	19	4.481	5.483	92.587
long_content_30k_002/lc30k002_3400_gc3300_rp0.10_mr1.14E-4_ss100.fa	20	5.713	1.528	89.565
long_content_30k_002/lc30k002_3401_gc3300_rp0.05_mr1.14E-4_ss100.fa	23	2.578	2.176	92.605
long_content_30k_002/lc30k002_3402_gc3300_rp0.07_mr1.14E-4_ss100.fa	11	3.001	2.532	96.404
long_content_30k_002/lc30k002_3403_gc3300_rp0.10_mr1.14E-4_ss200.fa	19	2.473	1.592	95.359
long_content_30k_002/lc30k002_3404_gc3300_rp0.15_mr1.14E-4_ss100.fa	25	3.282	2.298	93.339
long_content_30k_002/lc30k002_3405_gc3300_rp0.15_mr1.14E-4_ss200.fa	13	5.008	4.066	92.301
long_content_30k_002/lc30k002_3406_gc3300_rp0.07_mr1.14E-4_ss200.fa	30	3.430	3.809	94.119
long_content_30k_002/lc30k002_3407_gc3300_rp0.05_mr1.14E-4_ss200.fa	22	3.770	4.026	94.722
long_content_30k_002/lc30k002_3408_gc3300_rp0.10_mr1.14E-4_ss100.fa	22	3.844	3.405	95.809
long_content_30k_002/lc30k002_3409_gc3300_rp0.05_mr1.14E-4_ss100.fa	14	5.589	6.264	88.746
long_content_30k_002/lc30k002_340_gc3300_rp0.15_mr1.14E-4_ss100.fa	5	2.630	2.729	96.865
long_content_30k_002/lc30k002_3410_gc3300_rp0.07_mr1.14E-4_ss100.fa	30	2.362	2.378	97.427
long_content_30k_002/lc30k002_3411_gc3300_rp0.10_mr1.14E-4_ss200.fa	20	6.712	6.501	90.891
long_content_30k_002/lc30k002_3412_gc3300_rp0.15_mr1.14E-4_ss100.fa	19	5.134	6.524	94.841
long_content_30k_002/lc30k002_3413_gc3300_rp0.15_mr1.14E-4_ss200.fa	11	7.100	7.886	93.877
long_content_30k_002/lc30k002_3414_gc3300_rp0.07_mr1.14E-4_ss200.fa	6	9.966	9.962	91.697
long_content_30k_002/lc30k002_3415_gc3300_rp0.05_mr1.14E-4_ss200.fa	16	5.385	6.314	93.182
long_content_30k_002/lc30k002_3416_gc3300_rp0.10_mr1.14E-4_ss100.fa	7	4.918	5.546	90.803
long_content_30k_002/lc30k002_3417_gc3300_rp0.05_mr1.14E-4_ss100.fa	30	3.237	3.866	94.655
long_content_30k_002/lc30k002_3418_gc3300_rp0.07_mr1.14E-4_ss100.fa	27	3.545	4.151	95.381
long_content_30k_002/lc30k002_3419_gc3300_rp0.10_mr1.14E-4_ss200.fa	20	7.852	10.774	90.949
long_content_30k_002/lc30k002_341_gc3300_rp0.15_mr1.14E-4_ss200.fa	11	2.659	1.665	94.508
long_content_30k_002/lc30k002_3420_gc3300_rp0.15_mr1.14E-4_ss100.fa	2	1.498	1.498	96.129
long_content_30k_002/lc30k002_3421_gc3300_rp0.15_mr1.14E-4_ss200.fa	17	4.071	1.534	93.892
long_content_30k_002/lc30k002_3422_gc3300_rp0.07_mr1.14E-4_ss200.fa	30	3.240	3.137	95.954
long_content_30k_002/lc30k002_3423_gc3300_rp0.05_mr1.14E-4_ss200.fa	30	3.662	2.592	94.730
long_content_30k_002/lc30k002_3424_gc3300_rp0.10_mr1.14E-4_ss100.fa	11	2.499	1.671	94.135
long_content_30k_002/lc30k002_3425_gc3300_rp0.05_mr1.14E-4_ss100.fa	16	5.917	3.670	93.430
long_content_30k_002/lc30k002_3426_gc3300_rp0.07_mr1.14E-4_ss100.fa	16	6.280	4.537	91.815
long_content_30k_002/lc30k002_3427_gc3300_rp0.10_mr1.14E-4_ss200.fa	11	8.200	8.831	91.943
long_content_30k_002/lc30k002_3428_gc3300_rp0.15_mr1.14E-4_ss100.fa	15	5.109	6.732	94.292
long_content_30k_002/lc30k002_3429_gc3300_rp0.15_mr1.14E-4_ss200.fa	10	4.218	5.418	94.206
long_content_30k_002/lc30k002_342_gc3300_rp0.07_mr1.14E-4_ss200.fa	15	3.587	2.942	91.729
long_content_30k_002/lc30k002_3430_gc3300_rp0.07_mr1.14E-4_ss200.fa	30	8.015	9.486	93.530
long_content_30k_002/lc30k002_3431_gc3300_rp0.05_mr1.14E-4_ss200.fa	25	3.678	4.207	94.850
long_content_30k_002/lc30k002_3432_gc3300_rp0.10_mr1.14E-4_ss100.fa	24	3.278	3.638	95.282
long_content_30k_002/lc30k002_3433_gc3300_rp0.05_mr1.14E-4_ss100.fa	8	5.071	3.975	93.350
long_content_30k_002/lc30k002_3434_gc3300_rp0.07_mr1.14E-4_ss100.fa	23	8.646	8.916	89.828
long_content_30k_002/lc30k002_3435_gc3300_rp0.10_mr1.14E-4_ss200.fa	17	8.541	8.126	93.509
long_content_30k_002/lc30k002_3436_gc3300_rp0.15_mr1.14E-4_ss100.fa	19	5.070	3.278	91.703
long_content_30k_002/lc30k002_3437_gc3300_rp0.15_mr1.14E-4_ss200.fa	2	8.015	8.015	93.857
long_content_30k_002/lc30k002_3438_gc3300_rp0.07_mr1.14E-4_ss200.fa	27	5.014	6.021	91.946
long_content_30k_002/lc30k002_3439_gc3300_rp0.05_mr1.14E-4_ss200.fa	30	2.479	1.787	95.756
long_content_30k_002/lc30k002_343_gc3300_rp0.05_mr1.14E-4_ss200.fa	29	8.041	13.179	88.604
long_content_30k_002/lc30k002_3440_gc3300_rp0.10_mr1.14E-4_ss100.fa	20	2.856	2.143	94.595
long_content_30k_002/lc30k002_3441_gc3300_rp0.05_mr1.14E-4_ss100.fa	26	7.997	8.130	92.337
long_content_30k_002/lc30k002_3442_gc3300_rp0.07_mr1.14E-4_ss100.fa	9	5.226	5.658	96.279
long_content_30k_002/lc30k002_3443_gc3300_rp0.10_mr1.14E-4_ss200.fa	20	4.714	4.036	93.871
long_content_30k_002/lc30k002_3444_gc3300_rp0.15_mr1.14E-4_ss100.fa	2	4.112	4.112	95.744
long_content_30k_002/lc30k002_3445_gc3300_rp0.15_mr1.14E-4_ss200.fa	10	6.449	6.807	93.727
long_content_30k_002/lc30k002_3446_gc3300_rp0.07_mr1.14E-4_ss200.fa	30	3.286	3.648	95.577
long_content_30k_002/lc30k002_3447_gc3300_rp0.05_mr1.14E-4_ss200.fa	25	4.105	4.693	95.396
long_content_30k_002/lc30k002_3448_gc3300_rp0.10_mr1.14E-4_ss100.fa	29	3.276	2.344	95.286
long_content_30k_002/lc30k002_3449_gc3300_rp0.05_mr1.14E-4_ss100.fa	24	3.122	2.070	91.797
long_content_30k_002/lc30k002_344_gc3300_rp0.10_mr1.14E-4_ss100.fa	14	4.155	4.727	95.776
long_content_30k_002/lc30k002_3450_gc3300_rp0.07_mr1.14E-4_ss100.fa	30	2.245	1.224	95.688
long_content_30k_002/lc30k002_3451_gc3300_rp0.10_mr1.14E-4_ss200.fa	17	5.053	5.682	93.232
long_content_30k_002/lc30k002_3452_gc3300_rp0.15_mr1.14E-4_ss100.fa	15	4.001	3.780	94.808
long_content_30k_002/lc30k002_3453_gc3300_rp0.15_mr1.14E-4_ss200.fa	12	5.812	7.352	92.375
long_content_30k_002/lc30k002_3454_gc3300_rp0.07_mr1.14E-4_ss200.fa	10	6.558	6.890	92.453
long_content_30k_002/lc30k002_3455_gc3300_rp0.05_mr1.14E-4_ss200.fa	17	4.573	4.809	94.156
long_content_30k_002/lc30k002_3456_gc3300_rp0.10_mr1.14E-4_ss100.fa	30	5.695	7.357	95.047
long_content_30k_002/lc30k002_3457_gc3300_rp0.05_mr1.14E-4_ss100.fa	26	7.916	6.018	88.467
long_content_30k_002/lc30k002_3458_gc3300_rp0.07_mr1.14E-4_ss100.fa	26	2.734	2.424	95.874
long_content_30k_002/lc30k002_3459_gc3300_rp0.10_mr1.14E-4_ss200.fa	17	2.490	1.832	95.934
long_content_30k_002/lc30k002_345_gc3300_rp0.05_mr1.14E-4_ss100.fa	30	8.712	9.907	93.411
long_content_30k_002/lc30k002_3460_gc3300_rp0.15_mr1.14E-4_ss100.fa	26	5.327	5.800	94.760
long_content_30k_002/lc30k002_3461_gc3300_rp0.15_mr1.14E-4_ss200.fa	4	5.710	6.270	93.477
long_content_30k_002/lc30k002_3462_gc3300_rp0.07_mr1.14E-4_ss200.fa	22	4.635	4.484	91.876
long_content_30k_002/lc30k002_3463_gc3300_rp0.05_mr1.14E-4_ss200.fa	30	6.110	4.396	92.392
long_content_30k_002/lc30k002_3464_gc3300_rp0.10_mr1.14E-4_ss100.fa	10	6.760	7.733	93.068
long_content_30k_002/lc30k002_3465_gc3300_rp0.05_mr1.14E-4_ss100.fa	28	2.947	2.445	95.417
long_content_30k_002/lc30k002_3466_gc3300_rp0.07_mr1.14E-4_ss100.fa	26	6.101	4.058	91.412
long_content_30k_002/lc30k002_3467_gc3300_rp0.10_mr1.14E-4_ss200.fa	30	4.479	4.593	95.594
long_content_30k_002/lc30k002_3468_gc3300_rp0.15_mr1.14E-4_ss100.fa	8	0.378	0.197	93.383
long_content_30k_002/lc30k002_3469_gc3300_rp0.15_mr1.14E-4_ss200.fa	17	3.212	0.799	92.335
long_content_30k_002/lc30k002_346_gc3300_rp0.07_mr1.14E-4_ss100.fa	8	10.177	11.777	90.828
long_content_30k_002/lc30k002_3470_gc3300_rp0.07_mr1.14E-4_ss200.fa	19	7.932	6.983	90.644
long_content_30k_002/lc30k002_3471_gc3300_rp0.05_mr1.14E-4_ss200.fa	14	5.162	5.711	93.870
long_content_30k_002/lc30k002_3472_gc3300_rp0.10_mr1.14E-4_ss100.fa	2	8.498	8.498	92.748
long_content_30k_002/lc30k002_3473_gc3300_rp0.05_mr1.14E-4_ss100.fa	4	5.150	5.281	94.734
long_content_30k_002/lc30k002_3474_gc3300_rp0.07_mr1.14E-4_ss100.fa	11	3.715	3.781	94.424
long_content_30k_002/lc30k002_3475_gc3300_rp0.10_mr1.14E-4_ss200.fa	30	5.097	5.080	94.384
long_content_30k_002/lc30k002_3476_gc3300_rp0.15_mr1.14E-4_ss100.fa	26	4.969	5.455	95.385
long_content_30k_002/lc30k002_3477_gc3300_rp0.15_mr1.14E-4_ss200.fa	10	4.274	4.899	94.265
long_content_30k_002/lc30k002_3478_gc3300_rp0.07_mr1.14E-4_ss200.fa	17	2.641	2.535	92.845
long_content_30k_002/lc30k002_3479_gc3300_rp0.05_mr1.14E-4_ss200.fa	29	5.592	6.355	92.923
long_content_30k_002/lc30k002_347_gc3300_rp0.10_mr1.14E-4_ss200.fa	13	3.516	3.028	93.052
long_content_30k_002/lc30k002_3480_gc3300_rp0.10_mr1.14E-4_ss100.fa	17	3.424	4.622	94.775
long_content_30k_002/lc30k002_3481_gc3300_rp0.05_mr1.14E-4_ss100.fa	18	7.681	8.801	92.561
long_content_30k_002/lc30k002_3482_gc3300_rp0.07_mr1.14E-4_ss100.fa	30	2.445	2.734	96.936
long_content_30k_002/lc30k002_3483_gc3300_rp0.10_mr1.14E-4_ss200.fa	7	7.768	7.360	92.721
long_content_30k_002/lc30k002_3484_gc3300_rp0.15_mr1.14E-4_ss100.fa	12	4.914	3.511	92.156
long_content_30k_002/lc30k002_3485_gc3300_rp0.15_mr1.14E-4_ss200.fa	20	5.492	5.572	93.599
long_content_30k_002/lc30k002_3486_gc3300_rp0.07_mr1.14E-4_ss200.fa	27	5.702	4.842	93.890
long_content_30k_002/lc30k002_3487_gc3300_rp0.05_mr1.14E-4_ss200.fa	16	1.480	1.318	96.564
long_content_30k_002/lc30k002_3488_gc3300_rp0.10_mr1.14E-4_ss100.fa	7	8.672	9.056	92.223
long_content_30k_002/lc30k002_3489_gc3300_rp0.05_mr1.14E-4_ss100.fa	6	0.565	0.565	94.588
long_content_30k_002/lc30k002_348_gc3300_rp0.15_mr1.14E-4_ss100.fa	26	2.273	2.285	96.876
long_content_30k_002/lc30k002_3490_gc3300_rp0.07_mr1.14E-4_ss100.fa	12	11.223	12.520	89.831
long_content_30k_002/lc30k002_3491_gc3300_rp0.10_mr1.14E-4_ss200.fa	26	3.618	3.421	94.828
long_content_30k_002/lc30k002_3492_gc3300_rp0.15_mr1.14E-4_ss100.fa	13	5.244	5.730	94.249
long_content_30k_002/lc30k002_3493_gc3300_rp0.15_mr1.14E-4_ss200.fa	11	5.293	5.495	95.278
long_content_30k_002/lc30k002_3494_gc3300_rp0.07_mr1.14E-4_ss200.fa	16	5.376	4.682	93.348
long_content_30k_002/lc30k002_3495_gc3300_rp0.05_mr1.14E-4_ss200.fa	24	4.426	2.472	93.410
long_content_30k_002/lc30k002_3496_gc3300_rp0.10_mr1.14E-4_ss100.fa	17	2.772	0.922	92.109
long_content_30k_002/lc30k002_3497_gc3300_rp0.05_mr1.14E-4_ss100.fa	0	0.000	0.000	0.000
long_content_30k_002/lc30k002_3498_gc3300_rp0.07_mr1.14E-4_ss100.fa	30	4.527	4.296	95.220
long_content_30k_002/lc30k002_3499_gc3300_rp0.10_mr1.14E-4_ss200.fa	10	8.003	9.921	92.999
long_content_30k_002/lc30k002_349_gc3300_rp0.15_mr1.14E-4_ss200.fa	13	4.003	2.512	94.623
long_content_30k_002/lc30k002_3500_gc3300_rp0.15_mr1.14E-4_ss100.fa	11	3.764	3.595	94.505
long_content_30k_002/lc30k002_3501_gc3300_rp0.15_mr1.14E-4_ss200.fa	9	4.173	3.354	95.291
long_content_30k_002/lc30k002_3502_gc3300_rp0.07_mr1.14E-4_ss200.fa	2	6.127	6.127	94.861
long_content_30k_002/lc30k002_3503_gc3300_rp0.05_mr1.14E-4_ss200.fa	9	4.963	2.758	93.087
long_content_30k_002/lc30k002_3504_gc3300_rp0.10_mr1.14E-4_ss100.fa	27	4.210	1.806	92.681
long_content_30k_002/lc30k002_3505_gc3300_rp0.05_mr1.14E-4_ss100.fa	29	4.788	6.437	94.694
long_content_30k_002/lc30k002_3506_gc3300_rp0.07_mr1.14E-4_ss100.fa	16	8.446	9.032	93.918
long_content_30k_002/lc30k002_3507_gc3300_rp0.10_mr1.14E-4_ss200.fa	23	3.976	4.067	95.097
long_content_30k_002/lc30k002_3508_gc3300_rp0.15_mr1.14E-4_ss100.fa	25	7.018	6.852	91.723
long_content_30k_002/lc30k002_3509_gc3300_rp0.15_mr1.14E-4_ss200.fa	19	5.703	2.833	89.475
long_content_30k_002/lc30k002_350_gc3300_rp0.07_mr1.14E-4_ss200.fa	11	4.427	3.100	93.361
long_content_30k_002/lc30k002_3510_gc3300_rp0.07_mr1.14E-4_ss200.fa	9	2.695	1.511	88.026
long_content_30k_002/lc30k002_3511_gc3300_rp0.05_mr1.14E-4_ss200.fa	26	4.165	4.281	95.666
long_content_30k_002/lc30k002_3512_gc3300_rp0.10_mr1.14E-4_ss100.fa	30	2.713	2.902	96.799
long_content_30k_002/lc30k002_3513_gc3300_rp0.05_mr1.14E-4_ss100.fa	24	5.127	3.539	89.193
long_content_30k_002/lc30k002_3514_gc3300_rp0.07_mr1.14E-4_ss100.fa	15	5.455	6.204	95.028
long_content_30k_002/lc30k002_3515_gc3300_rp0.10_mr1.14E-4_ss200.fa	16	2.694	1.341	95.339
long_content_30k_002/lc30k002_3516_gc3300_rp0.15_mr1.14E-4_ss100.fa	5	4.222	5.261	93.599
long_content_30k_002/lc30k002_3517_gc3300_rp0.15_mr1.14E-4_ss200.fa	11	3.299	2.108	95.086
long_content_30k_002/lc30k002_3518_gc3300_rp0.07_mr1.14E-4_ss200.fa	15	3.346	2.814	93.450
long_content_30k_002/lc30k002_3519_gc3300_rp0.05_mr1.14E-4_ss200.fa	30	3.161	3.551	96.409
long_content_30k_002/lc30k002_351_gc3300_rp0.05_mr1.14E-4_ss200.fa	14	8.073	8.166	91.548
long_content_30k_002/lc30k002_3520_gc3300_rp0.10_mr1.14E-4_ss100.fa	11	4.897	4.542	94.467
long_content_30k_002/lc30k002_3521_gc3300_rp0.05_mr1.14E-4_ss100.fa	16	2.581	0.773	94.662
long_content_30k_002/lc30k002_3522_gc3300_rp0.07_mr1.14E-4_ss100.fa	29	3.666	3.919	95.919
long_content_30k_002/lc30k002_3523_gc3300_rp0.10_mr1.14E-4_ss200.fa	30	3.940	4.301	96.000
long_content_30k_002/lc30k002_3524_gc3300_rp0.15_mr1.14E-4_ss100.fa	16	8.824	8.362	90.745
long_content_30k_002/lc30k002_3525_gc3300_rp0.15_mr1.14E-4_ss200.fa	26	3.064	2.766	95.294
long_content_30k_002/lc30k002_3526_gc3300_rp0.07_mr1.14E-4_ss200.fa	30	2.949	1.963	92.681
long_content_30k_002/lc30k002_3527_gc3300_rp0.05_mr1.14E-4_ss200.fa	30	5.657	4.965	92.689
long_content_30k_002/lc30k002_3528_gc3300_rp0.10_mr1.14E-4_ss100.fa	16	3.456	3.568	96.245
long_content_30k_002/lc30k002_3529_gc3300_rp0.05_mr1.14E-4_ss100.fa	25	4.110	4.240	92.544
long_content_30k_002/lc30k002_352_gc3300_rp0.10_mr1.14E-4_ss100.fa	6	6.112	6.480	92.183
long_content_30k_002/lc30k002_3530_gc3300_rp0.07_mr1.14E-4_ss100.fa	18	5.050	6.978	94.009
long_content_30k_002/lc30k002_3531_gc3300_rp0.10_mr1.14E-4_ss200.fa	10	7.859	9.391	91.640
long_content_30k_002/lc30k002_3532_gc3300_rp0.15_mr1.14E-4_ss100.fa	20	5.399	5.304	93.111
long_content_30k_002/lc30k002_3533_gc3300_rp0.15_mr1.14E-4_ss200.fa	16	4.113	3.672	95.001
long_content_30k_002/lc30k002_3534_gc3300_rp0.07_mr1.14E-4_ss200.fa	26	3.253	2.622	92.016
long_content_30k_002/lc30k002_3535_gc3300_rp0.05_mr1.14E-4_ss200.fa	14	5.153	3.488	91.939
long_content_30k_002/lc30k002_3536_gc3300_rp0.10_mr1.14E-4_ss100.fa	27	4.662	5.448	94.928
long_content_30k_002/lc30k002_3537_gc3300_rp0.05_mr1.14E-4_ss100.fa	17	5.240	6.630	94.143
long_content_30k_002/lc30k002_3538_gc3300_rp0.07_mr1.14E-4_ss100.fa	24	2.913	1.975	93.766
long_content_30k_002/lc30k002_3539_gc3300_rp0.10_mr1.14E-4_ss200.fa	22	4.072	3.719	93.966
long_content_30k_002/lc30k002_353_gc3300_rp0.05_mr1.14E-4_ss100.fa	9	4.203	2.401	86.245
long_content_30k_002/lc30k002_3540_gc3300_rp0.15_mr1.14E-4_ss100.fa	15	3.252	1.961	94.162
long_content_30k_002/lc30k002_3541_gc3300_rp0.15_mr1.14E-4_ss200.fa	18	10.080	11.566	91.281
long_content_30k_002/lc30k002_3542_gc3300_rp0.07_mr1.14E-4_ss200.fa	19	6.209	7.781	92.567
long_content_30k_002/lc30k002_3543_gc3300_rp0.05_mr1.14E-4_ss200.fa	23	2.367	2.565	94.027
long_content_30k_002/lc30k002_3544_gc3300_rp0.10_mr1.14E-4_ss100.fa	14	4.406	4.588	95.515
long_content_30k_002/lc30k002_3545_gc3300_rp0.05_mr1.14E-4_ss100.fa	15	8.456	9.792	92.810
long_content_30k_002/lc30k002_3546_gc3300_rp0.07_mr1.14E-4_ss100.fa	16	6.445	6.803	94.599
long_content_30k_002/lc30k002_3547_gc3300_rp0.10_mr1.14E-4_ss200.fa	20	5.025	5.548	92.558
long_content_30k_002/lc30k002_3548_gc3300_rp0.15_mr1.14E-4_ss100.fa	13	3.918	4.268	95.655
long_content_30k_002/lc30k002_3549_gc3300_rp0.15_mr1.14E-4_ss200.fa	1	3.552	3.552	94.933
long_content_30k_002/lc30k002_354_gc3300_rp0.07_mr1.14E-4_ss100.fa	14	5.281	3.938	89.770
long_content_30k_002/lc30k002_3550_gc3300_rp0.07_mr1.14E-4_ss200.fa	11	3.212	3.217	93.408
long_content_30k_002/lc30k002_3551_gc3300_rp0.05_mr1.14E-4_ss200.fa	30	5.297	7.284	94.714
long_content_30k_002/lc30k002_3552_gc3300_rp0.10_mr1.14E-4_ss100.fa	25	6.001	5.584	93.314
long_content_30k_002/lc30k002_3553_gc3300_rp0.05_mr1.14E-4_ss100.fa	12	4.625	3.138	93.908
long_content_30k_002/lc30k002_3554_gc3300_rp0.07_mr1.14E-4_ss100.fa	21	4.941	5.374	95.779
long_content_30k_002/lc30k002_3555_gc3300_rp0.10_mr1.14E-4_ss200.fa	26	7.227	5.366	92.378
long_content_30k_002/lc30k002_3556_gc3300_rp0.15_mr1.14E-4_ss100.fa	19	5.013	4.797	95.294
long_content_30k_002/lc30k002_3557_gc3300_rp0.15_mr1.14E-4_ss200.fa	8	3.373	4.752	94.708
long_content_30k_002/lc30k002_3558_gc3300_rp0.07_mr1.14E-4_ss200.fa	23	5.699	6.092	94.373
long_content_30k_002/lc30k002_3559_gc3300_rp0.05_mr1.14E-4_ss200.fa	23	2.780	2.765	92.093
long_content_30k_002/lc30k002_355_gc3300_rp0.10_mr1.14E-4_ss200.fa	8	6.582	7.932	94.862
long_content_30k_002/lc30k002_3560_gc3300_rp0.10_mr1.14E-4_ss100.fa	29	6.954	8.758	93.439
long_content_30k_002/lc30k002_3561_gc3300_rp0.05_mr1.14E-4_ss100.fa	8	8.568	7.730	91.391
long_content_30k_002/lc30k002_3562_gc3300_rp0.07_mr1.14E-4_ss100.fa	19	2.760	2.658	96.601
long_content_30k_002/lc30k002_3563_gc3300_rp0.10_mr1.14E-4_ss200.fa	21	7.127	10.282	94.003
long_content_30k_002/lc30k002_3564_gc3300_rp0.15_mr1.14E-4_ss100.fa	8	4.694	3.361	93.713
long_content_30k_002/lc30k002_3565_gc3300_rp0.15_mr1.14E-4_ss200.fa	25	4.306	4.234	95.616
long_content_30k_002/lc30k002_3566_gc3300_rp0.07_mr1.14E-4_ss200.fa	30	4.415	5.429	94.964
long_content_30k_002/lc30k002_3567_gc3300_rp0.05_mr1.14E-4_ss200.fa	29	5.444	5.138	92.741
long_content_30k_002/lc30k002_3568_gc3300_rp0.10_mr1.14E-4_ss100.fa	18	10.948	12.195	89.868
long_content_30k_002/lc30k002_3569_gc3300_rp0.05_mr1.14E-4_ss100.fa	17	16.337	16.340	88.577
long_content_30k_002/lc30k002_356_gc3300_rp0.15_mr1.14E-4_ss100.fa	12	5.325	5.189	95.262
long_content_30k_002/lc30k002_3570_gc3300_rp0.07_mr1.14E-4_ss100.fa	23	3.550	2.351	89.009
long_content_30k_002/lc30k002_3571_gc3300_rp0.10_mr1.14E-4_ss200.fa	24	4.335	4.445	94.882
long_content_30k_002/lc30k002_3572_gc3300_rp0.15_mr1.14E-4_ss100.fa	22	4.645	5.588	94.413
long_content_30k_002/lc30k002_3573_gc3300_rp0.15_mr1.14E-4_ss200.fa	18	7.429	8.089	92.219
long_content_30k_002/lc30k002_3574_gc3300_rp0.07_mr1.14E-4_ss200.fa	11	3.548	1.558	84.383
long_content_30k_002/lc30k002_3575_gc3300_rp0.05_mr1.14E-4_ss200.fa	10	10.348	10.983	92.362
long_content_30k_002/lc30k002_3576_gc3300_rp0.10_mr1.14E-4_ss100.fa	20	3.798	3.390	94.794
long_content_30k_002/lc30k002_3577_gc3300_rp0.05_mr1.14E-4_ss100.fa	17	4.223	3.200	90.706
long_content_30k_002/lc30k002_3578_gc3300_rp0.07_mr1.14E-4_ss100.fa	30	2.125	1.961	96.568
long_content_30k_002/lc30k002_3579_gc3300_rp0.10_mr1.14E-4_ss200.fa	30	3.684	2.687	91.731
long_content_30k_002/lc30k002_357_gc3300_rp0.15_mr1.14E-4_ss200.fa	20	5.292	5.581	93.509
long_content_30k_002/lc30k002_3580_gc3300_rp0.15_mr1.14E-4_ss100.fa	8	5.738	5.866	94.229
long_content_30k_002/lc30k002_3581_gc3300_rp0.15_mr1.14E-4_ss200.fa	3	7.559	7.610	94.100
long_content_30k_002/lc30k002_3582_gc3300_rp0.07_mr1.14E-4_ss200.fa	28	2.846	3.515	96.477
long_content_30k_002/lc30k002_3583_gc3300_rp0.05_mr1.14E-4_ss200.fa	11	5.876	5.307	90.668
long_content_30k_002/lc30k002_3584_gc3300_rp0.10_mr1.14E-4_ss100.fa	13	6.034	6.844	92.831
long_content_30k_002/lc30k002_3585_gc3300_rp0.05_mr1.14E-4_ss100.fa	26	4.210	2.251	92.856
long_content_30k_002/lc30k002_3586_gc3300_rp0.07_mr1.14E-4_ss100.fa	22	6.351	6.984	92.785
long_content_30k_002/lc30k002_3587_gc3300_rp0.10_mr1.14E-4_ss200.fa	30	3.262	3.651	95.664
long_content_30k_002/lc30k002_3588_gc3300_rp0.15_mr1.14E-4_ss100.fa	18	6.048	7.146	94.267
long_content_30k_002/lc30k002_3589_gc3300_rp0.15_mr1.14E-4_ss200.fa	9	4.677	4.914	94.645
long_content_30k_002/lc30k002_358_gc3300_rp0.07_mr1.14E-4_ss200.fa	19	3.935	2.822	92.870
long_content_30k_002/lc30k002_3590_gc3300_rp0.07_mr1.14E-4_ss200.fa	2	1.738	1.738	94.197
long_content_30k_002/lc30k002_3591_gc3300_rp0.05_mr1.14E-4_ss200.fa	28	6.824	6.388	92.352
long_content_30k_002/lc30k002_3592_gc3300_rp0.10_mr1.14E-4_ss100.fa	7	5.593	5.819	91.391
long_content_30k_002/lc30k002_3593_gc3300_rp0.05_mr1.14E-4_ss100.fa	26	11.232	12.304	92.191
long_content_30k_002/lc30k002_3594_gc3300_rp0.07_mr1.14E-4_ss100.fa	10	9.101	9.978	91.607
long_content_30k_002/lc30k002_3595_gc3300_rp0.10_mr1.14E-4_ss200.fa	24	4.384	4.293	95.353
long_content_30k_002/lc30k002_3596_gc3300_rp0.15_mr1.14E-4_ss100.fa	4	9.915	8.964	89.398
long_content_30k_002/lc30k002_3597_gc3300_rp0.15_mr1.14E-4_ss200.fa	18	5.052	5.036	94.298
long_content_30k_002/lc30k002_3598_gc3300_rp0.07_mr1.14E-4_ss200.fa	18	4.627	2.445	84.032
long_content_30k_002/lc30k002_3599_gc3300_rp0.05_mr1.14E-4_ss200.fa	26	5.129	5.850	93.978
long_content_30k_002/lc30k002_359_gc3300_rp0.05_mr1.14E-4_ss200.fa	16	4.593	2.857	92.618
long_content_30k_002/lc30k002_3600_gc3300_rp0.10_mr1.14E-4_ss100.fa	25	4.327	4.225	94.946
long_content_30k_002/lc30k002_3601_gc3300_rp0.05_mr1.14E-4_ss100.fa	11	4.051	3.973	95.869
long_content_30k_002/lc30k002_3602_gc3300_rp0.07_mr1.14E-4_ss100.fa	13	6.634	8.836	90.858
long_content_30k_002/lc30k002_3603_gc3300_rp0.10_mr1.14E-4_ss200.fa	30	5.830	7.482	94.283
long_content_30k_002/lc30k002_3604_gc3300_rp0.15_mr1.14E-4_ss100.fa	20	4.259	5.147	95.105
long_content_30k_002/lc30k002_3605_gc3300_rp0.15_mr1.14E-4_ss200.fa	17	5.732	6.000	93.780
long_content_30k_002/lc30k002_3606_gc3300_rp0.07_mr1.14E-4_ss200.fa	17	3.713	1.531	95.012
long_content_30k_002/lc30k002_3607_gc3300_rp0.05_mr1.14E-4_ss200.fa	30	3.233	2.819	97.080
long_content_30k_002/lc30k002_3608_gc3300_rp0.10_mr1.14E-4_ss100.fa	9	5.398	5.839	93.951
long_content_30k_002/lc30k002_3609_gc3300_rp0.05_mr1.14E-4_ss100.fa	6	4.214	3.978	94.737
long_content_30k_002/lc30k002_360_gc3300_rp0.10_mr1.14E-4_ss100.fa	3	0.994	1.023	94.568
long_content_30k_002/lc30k002_3610_gc3300_rp0.07_mr1.14E-4_ss100.fa	20	5.171	5.571	93.835
long_content_30k_002/lc30k002_3611_gc3300_rp0.10_mr1.14E-4_ss200.fa	27	4.379	2.234	95.656
long_content_30k_002/lc30k002_3612_gc3300_rp0.15_mr1.14E-4_ss100.fa	18	2.955	2.367	95.823
long_content_30k_002/lc30k002_3613_gc3300_rp0.15_mr1.14E-4_ss200.fa	9	7.369	7.984	93.568
long_content_30k_002/lc30k002_3614_gc3300_rp0.07_mr1.14E-4_ss200.fa	16	6.412	5.684	91.583
long_content_30k_002/lc30k002_3615_gc3300_rp0.05_mr1.14E-4_ss200.fa	23	1.343	1.354	94.397
long_content_30k_002/lc30k002_3616_gc3300_rp0.10_mr1.14E-4_ss100.fa	14	6.604	6.781	92.281
long_content_30k_002/lc30k002_3617_gc3300_rp0.05_mr1.14E-4_ss100.fa	15	7.496	9.369	92.906
long_content_30k_002/lc30k002_3618_gc3300_rp0.07_mr1.14E-4_ss100.fa	9	1.126	1.127	91.885
long_content_30k_002/lc30k002_3619_gc3300_rp0.10_mr1.14E-4_ss200.fa	10	4.217	1.566	90.600
long_content_30k_002/lc30k002_361_gc3300_rp0.05_mr1.14E-4_ss100.fa	30	4.175	7.189	94.229
long_content_30k_002/lc30k002_3620_gc3300_rp0.15_mr1.14E-4_ss100.fa	18	5.654	5.839	93.780
long_content_30k_002/lc30k002_3621_gc3300_rp0.15_mr1.14E-4_ss200.fa	10	3.193	3.261	95.652
long_content_30k_002/lc30k002_3622_gc3300_rp0.07_mr1.14E-4_ss200.fa	27	9.031	10.133	91.016
long_content_30k_002/lc30k002_3623_gc3300_rp0.05_mr1.14E-4_ss200.fa	24	6.630	6.428	92.338
long_content_30k_002/lc30k002_3624_gc3300_rp0.10_mr1.14E-4_ss100.fa	14	7.739	8.001	93.078
long_content_30k_002/lc30k002_3625_gc3300_rp0.05_mr1.14E-4_ss100.fa	16	9.008	6.081	90.495
long_content_30k_002/lc30k002_3626_gc3300_rp0.07_mr1.14E-4_ss100.fa	23	4.394	4.954	94.144
long_content_30k_002/lc30k002_3627_gc3300_rp0.10_mr1.14E-4_ss200.fa	12	3.602	3.119	95.751
long_content_30k_002/lc30k002_3628_gc3300_rp0.15_mr1.14E-4_ss100.fa	21	8.289	9.728	92.397
long_content_30k_002/lc30k002_3629_gc3300_rp0.15_mr1.14E-4_ss200.fa	30	5.663	7.096	93.814
long_content_30k_002/lc30k002_362_gc3300_rp0.07_mr1.14E-4_ss100.fa	12	9.729	10.813	92.331
long_content_30k_002/lc30k002_3630_gc3300_rp0.07_mr1.14E-4_ss200.fa	16	5.197	5.599	94.476
long_content_30k_002/lc30k002_3631_gc3300_rp0.05_mr1.14E-4_ss200.fa	27	2.727	2.918	96.418
long_content_30k_002/lc30k002_3632_gc3300_rp0.10_mr1.14E-4_ss100.fa	22	3.654	3.498	95.140
long_content_30k_002/lc30k002_3633_gc3300_rp0.05_mr1.14E-4_ss100.fa	19	5.150	6.589	93.698
long_content_30k_002/lc30k002_3634_gc3300_rp0.07_mr1.14E-4_ss100.fa	30	6.758	5.897	91.234
long_content_30k_002/lc30k002_3635_gc3300_rp0.10_mr1.14E-4_ss200.fa	25	3.726	2.214	95.408
long_content_30k_002/lc30k002_3636_gc3300_rp0.15_mr1.14E-4_ss100.fa	10	2.984	1.070	91.157
long_content_30k_002/lc30k002_3637_gc3300_rp0.15_mr1.14E-4_ss200.fa	23	4.730	6.698	94.028
long_content_30k_002/lc30k002_3638_gc3300_rp0.07_mr1.14E-4_ss200.fa	22	7.819	8.179	93.413
long_content_30k_002/lc30k002_3639_gc3300_rp0.05_mr1.14E-4_ss200.fa	9	6.530	6.859	94.499
long_content_30k_002/lc30k002_363_gc3300_rp0.10_mr1.14E-4_ss200.fa	15	4.031	1.017	92.809
long_content_30k_002/lc30k002_3640_gc3300_rp0.10_mr1.14E-4_ss100.fa	8	4.051	4.293	92.917
long_content_30k_002/lc30k002_3641_gc3300_rp0.05_mr1.14E-4_ss100.fa	19	4.804	1.063	91.398
long_content_30k_002/lc30k002_3642_gc3300_rp0.07_mr1.14E-4_ss100.fa	26	3.759	3.938	96.280
long_content_30k_002/lc30k002_3643_gc3300_rp0.10_mr1.14E-4_ss200.fa	19	2.739	4.117	95.478
long_content_30k_002/lc30k002_3644_gc3300_rp0.15_mr1.14E-4_ss100.fa	13	7.301	7.445	93.168
long_content_30k_002/lc30k002_3645_gc3300_rp0.15_mr1.14E-4_ss200.fa	8	8.117	10.894	91.273
long_content_30k_002/lc30k002_3646_gc3300_rp0.07_mr1.14E-4_ss200.fa	24	4.256	2.294	92.473
long_content_30k_002/lc30k002_3647_gc3300_rp0.05_mr1.14E-4_ss200.fa	8	5.061	4.975	91.103
long_content_30k_002/lc30k002_3648_gc3300_rp0.10_mr1.14E-4_ss100.fa	21	4.714	2.933	92.993
long_content_30k_002/lc30k002_3649_gc3300_rp0.05_mr1.14E-4_ss100.fa	5	8.696	8.695	94.373
long_content_30k_002/lc30k002_364_gc3300_rp0.15_mr1.14E-4_ss100.fa	14	2.801	2.145	93.402
long_content_30k_002/lc30k002_3650_gc3300_rp0.07_mr1.14E-4_ss100.fa	29	5.694	5.547	94.069
long_content_30k_002/lc30k002_3651_gc3300_rp0.10_mr1.14E-4_ss200.fa	6	6.938	7.608	93.853
long_content_30k_002/lc30k002_3652_gc3300_rp0.15_mr1.14E-4_ss100.fa	14	3.177	3.197	95.855
long_content_30k_002/lc30k002_3653_gc3300_rp0.15_mr1.14E-4_ss200.fa	11	8.482	8.963	92.432
long_content_30k_002/lc30k002_3654_gc3300_rp0.07_mr1.14E-4_ss200.fa	15	4.867	4.856	94.497
long_content_30k_002/lc30k002_3655_gc3300_rp0.05_mr1.14E-4_ss200.fa	22	6.144	6.946	91.842
long_content_30k_002/lc30k002_3656_gc3300_rp0.10_mr1.14E-4_ss100.fa	10	4.789	4.517	92.268
long_content_30k_002/lc30k002_3657_gc3300_rp0.05_mr1.14E-4_ss100.fa	30	6.239	5.034	92.066
long_content_30k_002/lc30k002_3658_gc3300_rp0.07_mr1.14E-4_ss100.fa	3	7.192	7.146	94.561
long_content_30k_002/lc30k002_3659_gc3300_rp0.10_mr1.14E-4_ss200.fa	10	4.367	4.924	93.986
long_content_30k_002/lc30k002_365_gc3300_rp0.15_mr1.14E-4_ss200.fa	14	4.141	4.571	95.133
long_content_30k_002/lc30k002_3660_gc3300_rp0.15_mr1.14E-4_ss100.fa	17	4.061	3.271	94.761
long_content_30k_002/lc30k002_3661_gc3300_rp0.15_mr1.14E-4_ss200.fa	6	4.514	4.323	91.066
long_content_30k_002/lc30k002_3662_gc3300_rp0.07_mr1.14E-4_ss200.fa	20	2.758	3.598	96.400
long_content_30k_002/lc30k002_3663_gc3300_rp0.05_mr1.14E-4_ss200.fa	17	2.838	2.984	97.019
long_content_30k_002/lc30k002_3664_gc3300_rp0.10_mr1.14E-4_ss100.fa	13	4.021	2.649	94.370
long_content_30k_002/lc30k002_3665_gc3300_rp0.05_mr1.14E-4_ss100.fa	23	1.958	0.887	92.135
long_content_30k_002/lc30k002_3666_gc3300_rp0.07_mr1.14E-4_ss100.fa	18	3.350	3.566	94.818
long_content_30k_002/lc30k002_3667_gc3300_rp0.10_mr1.14E-4_ss200.fa	18	3.000	1.649	93.533
long_content_30k_002/lc30k002_3668_gc3300_rp0.15_mr1.14E-4_ss100.fa	20	8.499	11.739	92.668
long_content_30k_002/lc30k002_3669_gc3300_rp0.15_mr1.14E-4_ss200.fa	17	6.282	8.537	91.105
long_content_30k_002/lc30k002_366_gc3300_rp0.07_mr1.14E-4_ss200.fa	26	5.459	6.156	93.823
long_content_30k_002/lc30k002_3670_gc3300_rp0.07_mr1.14E-4_ss200.fa	8	5.331	1.043	89.813
long_content_30k_002/lc30k002_3671_gc3300_rp0.05_mr1.14E-4_ss200.fa	7	6.940	7.705	93.860
long_content_30k_002/lc30k002_3672_gc3300_rp0.10_mr1.14E-4_ss100.fa	13	7.223	7.525	93.135
long_content_30k_002/lc30k002_3673_gc3300_rp0.05_mr1.14E-4_ss100.fa	23	2.763	2.390	96.511
long_content_30k_002/lc30k002_3674_gc3300_rp0.07_mr1.14E-4_ss100.fa	14	5.096	5.712	94.676
long_content_30k_002/lc30k002_3675_gc3300_rp0.10_mr1.14E-4_ss200.fa	25	6.999	6.481	92.400
long_content_30k_002/lc30k002_3676_gc3300_rp0.15_mr1.14E-4_ss100.fa	17	7.072	8.009	93.404
long_content_30k_002/lc30k002_3677_gc3300_rp0.15_mr1.14E-4_ss200.fa	28	7.042	7.494	90.782
long_content_30k_002/lc30k002_3678_gc3300_rp0.07_mr1.14E-4_ss200.fa	30	4.169	2.996	92.866
long_content_30k_002/lc30k002_3679_gc3300_rp0.05_mr1.14E-4_ss200.fa	17	3.465	3.049	95.298
long_content_30k_002/lc30k002_367_gc3300_rp0.05_mr1.14E-4_ss200.fa	30	5.541	4.747	93.272
long_content_30k_002/lc30k002_3680_gc3300_rp0.10_mr1.14E-4_ss100.fa	7	5.505	5.897	94.042
long_content_30k_002/lc30k002_3681_gc3300_rp0.05_mr1.14E-4_ss100.fa	8	4.253	4.555	95.339
long_content_30k_002/lc30k002_3682_gc3300_rp0.07_mr1.14E-4_ss100.fa	30	2.848	2.580	94.780
long_content_30k_002/lc30k002_3683_gc3300_rp0.10_mr1.14E-4_ss200.fa	24	5.023	7.093	91.547
long_content_30k_002/lc30k002_3684_gc3300_rp0.15_mr1.14E-4_ss100.fa	21	4.246	4.836	94.427
long_content_30k_002/lc30k002_3685_gc3300_rp0.15_mr1.14E-4_ss200.fa	9	5.723	5.694	89.154
long_content_30k_002/lc30k002_3686_gc3300_rp0.07_mr1.14E-4_ss200.fa	30	5.559	5.730	94.660
long_content_30k_002/lc30k002_3687_gc3300_rp0.05_mr1.14E-4_ss200.fa	30	3.454	3.005	94.770
long_content_30k_002/lc30k002_3688_gc3300_rp0.10_mr1.14E-4_ss100.fa	22	4.132	5.531	95.598
long_content_30k_002/lc30k002_3689_gc3300_rp0.05_mr1.14E-4_ss100.fa	14	2.562	2.562	95.866
long_content_30k_002/lc30k002_368_gc3300_rp0.10_mr1.14E-4_ss100.fa	12	5.247	6.334	92.725
long_content_30k_002/lc30k002_3690_gc3300_rp0.07_mr1.14E-4_ss100.fa	14	1.453	1.043	93.418
long_content_30k_002/lc30k002_3691_gc3300_rp0.10_mr1.14E-4_ss200.fa	24	6.409	6.296	92.626
long_content_30k_002/lc30k002_3692_gc3300_rp0.15_mr1.14E-4_ss100.fa	9	2.490	1.983	95.330
long_content_30k_002/lc30k002_3693_gc3300_rp0.15_mr1.14E-4_ss200.fa	7	2.620	1.629	94.999
long_content_30k_002/lc30k002_3694_gc3300_rp0.07_mr1.14E-4_ss200.fa	30	3.171	3.524	95.690
long_content_30k_002/lc30k002_3695_gc3300_rp0.05_mr1.14E-4_ss200.fa	30	6.995	5.602	88.832
long_content_30k_002/lc30k002_3696_gc3300_rp0.10_mr1.14E-4_ss100.fa	20	2.569	2.365	96.021
long_content_30k_002/lc30k002_3697_gc3300_rp0.05_mr1.14E-4_ss100.fa	30	3.540	3.639	95.376
long_content_30k_002/lc30k002_3698_gc3300_rp0.07_mr1.14E-4_ss100.fa	13	5.359	0.311	92.259
long_content_30k_002/lc30k002_3699_gc3300_rp0.10_mr1.14E-4_ss200.fa	19	7.296	8.395	94.767
long_content_30k_002/lc30k002_369_gc3300_rp0.05_mr1.14E-4_ss100.fa	1	10.670	10.670	91.484
long_content_30k_002/lc30k002_3700_gc3300_rp0.15_mr1.14E-4_ss100.fa	11	7.273	1.997	86.750
long_content_30k_002/lc30k002_3701_gc3300_rp0.15_mr1.14E-4_ss200.fa	16	4.766	5.098	94.659
long_content_30k_002/lc30k002_3702_gc3300_rp0.07_mr1.14E-4_ss200.fa	21	2.582	2.368	92.112
long_content_30k_002/lc30k002_3703_gc3300_rp0.05_mr1.14E-4_ss200.fa	30	1.785	1.608	95.259
long_content_30k_002/lc30k002_3704_gc3300_rp0.10_mr1.14E-4_ss100.fa	12	4.472	4.470	92.245
long_content_30k_002/lc30k002_3705_gc3300_rp0.05_mr1.14E-4_ss100.fa	27	2.946	3.240	96.378
long_content_30k_002/lc30k002_3706_gc3300_rp0.07_mr1.14E-4_ss100.fa	25	4.834	4.785	94.812
long_content_30k_002/lc30k002_3707_gc3300_rp0.10_mr1.14E-4_ss200.fa	11	4.260	3.833	93.670
long_content_30k_002/lc30k002_3708_gc3300_rp0.15_mr1.14E-4_ss100.fa	9	3.861	4.663	93.770
long_content_30k_002/lc30k002_3709_gc3300_rp0.15_mr1.14E-4_ss200.fa	19	3.569	3.438	94.258
long_content_30k_002/lc30k002_370_gc3300_rp0.07_mr1.14E-4_ss100.fa	12	5.017	1.107	85.418
long_content_30k_002/lc30k002_3710_gc3300_rp0.07_mr1.14E-4_ss200.fa	21	2.251	2.204	96.917
long_content_30k_002/lc30k002_3711_gc3300_rp0.05_mr1.14E-4_ss200.fa	30	5.710	6.461	94.710
long_content_30k_002/lc30k002_3712_gc3300_rp0.10_mr1.14E-4_ss100.fa	11	7.262	7.708	92.686
long_content_30k_002/lc30k002_3713_gc3300_rp0.05_mr1.14E-4_ss100.fa	30	2.423	2.746	96.586
long_content_30k_002/lc30k002_3714_gc3300_rp0.07_mr1.14E-4_ss100.fa	10	3.719	3.047	93.312
long_content_30k_002/lc30k002_3715_gc3300_rp0.10_mr1.14E-4_ss200.fa	13	3.961	2.268	90.690
long_content_30k_002/lc30k002_3716_gc3300_rp0.15_mr1.14E-4_ss100.fa	14	2.871	2.686	95.500
long_content_30k_002/lc30k002_3717_gc3300_rp0.15_mr1.14E-4_ss200.fa	15	6.419	6.950	92.267
long_content_30k_002/lc30k002_3718_gc3300_rp0.07_mr1.14E-4_ss200.fa	30	4.458	5.816	95.239
long_content_30k_002/lc30k002_3719_gc3300_rp0.05_mr1.14E-4_ss200.fa	15	5.131	6.471	91.268
long_content_30k_002/lc30k002_371_gc3300_rp0.10_mr1.14E-4_ss200.fa	17	7.835	4.753	86.155
long_content_30k_002/lc30k002_3720_gc3300_rp0.10_mr1.14E-4_ss100.fa	10	13.074	16.778	88.856
long_content_30k_002/lc30k002_3721_gc3300_rp0.05_mr1.14E-4_ss100.fa	30	11.369	12.033	83.703
long_content_30k_002/lc30k002_3722_gc3300_rp0.07_mr1.14E-4_ss100.fa	22	3.524	3.612	96.336
long_content_30k_002/lc30k002_3723_gc3300_rp0.10_mr1.14E-4_ss200.fa	13	6.039	7.668	90.562
long_content_30k_002/lc30k002_3724_gc3300_rp0.15_mr1.14E-4_ss100.fa	27	3.225	2.889	96.308
long_content_30k_002/lc30k002_3725_gc3300_rp0.15_mr1.14E-4_ss200.fa	15	4.094	4.360	94.609
long_content_30k_002/lc30k002_3726_gc3300_rp0.07_mr1.14E-4_ss200.fa	3	1.930	0.873	95.495
long_content_30k_002/lc30k002_3727_gc3300_rp0.05_mr1.14E-4_ss200.fa	20	8.513	7.484	91.763
long_content_30k_002/lc30k002_3728_gc3300_rp0.10_mr1.14E-4_ss100.fa	16	5.841	5.445	94.000
long_content_30k_002/lc30k002_3729_gc3300_rp0.05_mr1.14E-4_ss100.fa	30	5.651	6.049	93.936
long_content_30k_002/lc30k002_372_gc3300_rp0.15_mr1.14E-4_ss100.fa	30	3.061	3.033	96.810
long_content_30k_002/lc30k002_3730_gc3300_rp0.07_mr1.14E-4_ss100.fa	19	11.118	14.879	89.469
long_content_30k_002/lc30k002_3731_gc3300_rp0.10_mr1.14E-4_ss200.fa	21	5.053	5.836	94.954
long_content_30k_002/lc30k002_3732_gc3300_rp0.15_mr1.14E-4_ss100.fa	24	8.424	9.413	93.063
long_content_30k_002/lc30k002_3733_gc3300_rp0.15_mr1.14E-4_ss200.fa	18	4.316	5.413	93.849
long_content_30k_002/lc30k002_3734_gc3300_rp0.07_mr1.14E-4_ss200.fa	24	6.101	7.274	93.396
long_content_30k_002/lc30k002_3735_gc3300_rp0.05_mr1.14E-4_ss200.fa	5	4.960	6.033	95.434
long_content_30k_002/lc30k002_3736_gc3300_rp0.10_mr1.14E-4_ss100.fa	30	4.398	4.311	94.963
long_content_30k_002/lc30k002_3737_gc3300_rp0.05_mr1.14E-4_ss100.fa	15	7.266	7.461	93.223
long_content_30k_002/lc30k002_3738_gc3300_rp0.07_mr1.14E-4_ss100.fa	5	6.619	8.085	94.816
long_content_30k_002/lc30k002_3739_gc3300_rp0.10_mr1.14E-4_ss200.fa	7	2.953	2.152	93.893
long_content_30k_002/lc30k002_373_gc3300_rp0.15_mr1.14E-4_ss200.fa	25	3.289	3.796	96.125
long_content_30k_002/lc30k002_3740_gc3300_rp0.15_mr1.14E-4_ss100.fa	8	2.423	3.108	96.086
long_content_30k_002/lc30k002_3741_gc3300_rp0.15_mr1.14E-4_ss200.fa	19	5.039	4.713	94.363
long_content_30k_002/lc30k002_3742_gc3300_rp0.07_mr1.14E-4_ss200.fa	20	8.785	8.864	90.313
long_content_30k_002/lc30k002_3743_gc3300_rp0.05_mr1.14E-4_ss200.fa	30	5.861	6.454	92.538
long_content_30k_002/lc30k002_3744_gc3300_rp0.10_mr1.14E-4_ss100.fa	16	4.097	3.838	94.493
long_content_30k_002/lc30k002_3745_gc3300_rp0.05_mr1.14E-4_ss100.fa	5	6.332	8.742	95.501
long_content_30k_002/lc30k002_3746_gc3300_rp0.07_mr1.14E-4_ss100.fa	18	8.843	10.716	91.415
long_content_30k_002/lc30k002_3747_gc3300_rp0.10_mr1.14E-4_ss200.fa	20	3.730	3.909	96.145
long_content_30k_002/lc30k002_3748_gc3300_rp0.15_mr1.14E-4_ss100.fa	15	2.858	2.726	95.562
long_content_30k_002/lc30k002_3749_gc3300_rp0.15_mr1.14E-4_ss200.fa	21	3.930	4.371	93.878
long_content_30k_002/lc30k002_374_gc3300_rp0.07_mr1.14E-4_ss200.fa	20	7.189	7.402	94.410
long_content_30k_002/lc30k002_3750_gc3300_rp0.07_mr1.14E-4_ss200.fa	19	4.717	2.532	91.206
long_content_30k_002/lc30k002_3751_gc3300_rp0.05_mr1.14E-4_ss200.fa	7	2.190	1.610	97.342
long_content_30k_002/lc30k002_3752_gc3300_rp0.10_mr1.14E-4_ss100.fa	16	6.009	5.961	93.541
long_content_30k_002/lc30k002_3753_gc3300_rp0.05_mr1.14E-4_ss100.fa	30	5.482	5.516	94.036
long_content_30k_002/lc30k002_3754_gc3300_rp0.07_mr1.14E-4_ss100.fa	11	3.645	2.037	93.465
long_content_30k_002/lc30k002_3755_gc3300_rp0.10_mr1.14E-4_ss200.fa	17	2.651	1.598	95.260
long_content_30k_002/lc30k002_3756_gc3300_rp0.15_mr1.14E-4_ss100.fa	10	3.915	3.812	94.556
long_content_30k_002/lc30k002_3757_gc3300_rp0.15_mr1.14E-4_ss200.fa	13	5.413	4.023	94.666
long_content_30k_002/lc30k002_3758_gc3300_rp0.07_mr1.14E-4_ss200.fa	12	2.978	2.726	95.502
long_content_30k_002/lc30k002_3759_gc3300_rp0.05_mr1.14E-4_ss200.fa	23	3.108	2.507	91.022
long_content_30k_002/lc30k002_375_gc3300_rp0.05_mr1.14E-4_ss200.fa	30	4.053	4.046	94.703
long_content_30k_002/lc30k002_3760_gc3300_rp0.10_mr1.14E-4_ss100.fa	27	3.230	2.990	96.812
long_content_30k_002/lc30k002_3761_gc3300_rp0.05_mr1.14E-4_ss100.fa	4	12.604	13.242	89.323
long_content_30k_002/lc30k002_3762_gc3300_rp0.07_mr1.14E-4_ss100.fa	10	1.530	1.374	95.551
long_content_30k_002/lc30k002_3763_gc3300_rp0.10_mr1.14E-4_ss200.fa	18	3.756	4.908	92.003
long_content_30k_002/lc30k002_3764_gc3300_rp0.15_mr1.14E-4_ss100.fa	12	6.401	6.393	94.131
long_content_30k_002/lc30k002_3765_gc3300_rp0.15_mr1.14E-4_ss200.fa	7	3.124	4.058	95.816
long_content_30k_002/lc30k002_3766_gc3300_rp0.07_mr1.14E-4_ss200.fa	20	6.788	7.824	92.084
long_content_30k_002/lc30k002_3767_gc3300_rp0.05_mr1.14E-4_ss200.fa	30	4.356	3.736	94.627
long_content_30k_002/lc30k002_3768_gc3300_rp0.10_mr1.14E-4_ss100.fa	26	4.245	3.807	94.662
long_content_30k_002/lc30k002_3769_gc3300_rp0.05_mr1.14E-4_ss100.fa	17	2.921	1.942	92.186
long_content_30k_002/lc30k002_376_gc3300_rp0.10_mr1.14E-4_ss100.fa	6	5.729	5.462	90.931
long_content_30k_002/lc30k002_3770_gc3300_rp0.07_mr1.14E-4_ss100.fa	4	10.302	11.138	89.102
long_content_30k_002/lc30k002_3771_gc3300_rp0.10_mr1.14E-4_ss200.fa	22	4.084	2.647	91.360
long_content_30k_002/lc30k002_3772_gc3300_rp0.15_mr1.14E-4_ss100.fa	20	5.549	5.448	94.016
long_content_30k_002/lc30k002_3773_gc3300_rp0.15_mr1.14E-4_ss200.fa	10	5.605	7.388	94.083
long_content_30k_002/lc30k002_3774_gc3300_rp0.07_mr1.14E-4_ss200.fa	23	3.839	3.879	96.026
long_content_30k_002/lc30k002_3775_gc3300_rp0.05_mr1.14E-4_ss200.fa	30	2.753	3.163	95.155
long_content_30k_002/lc30k002_3776_gc3300_rp0.10_mr1.14E-4_ss100.fa	23	5.878	6.511	93.968
long_content_30k_002/lc30k002_3777_gc3300_rp0.05_mr1.14E-4_ss100.fa	30	9.838	8.427	89.570
long_content_30k_002/lc30k002_3778_gc3300_rp0.07_mr1.14E-4_ss100.fa	8	6.260	5.284	93.074
long_content_30k_002/lc30k002_3779_gc3300_rp0.10_mr1.14E-4_ss200.fa	12	2.907	2.725	96.098
long_content_30k_002/lc30k002_377_gc3300_rp0.05_mr1.14E-4_ss100.fa	30	5.270	4.707	92.866
long_content_30k_002/lc30k002_3780_gc3300_rp0.15_mr1.14E-4_ss100.fa	6	8.029	8.195	93.714
long_content_30k_002/lc30k002_3781_gc3300_rp0.15_mr1.14E-4_ss200.fa	16	5.196	2.588	92.568
long_content_30k_002/lc30k002_3782_gc3300_rp0.07_mr1.14E-4_ss200.fa	23	4.495	4.926	94.987
long_content_30k_002/lc30k002_3783_gc3300_rp0.05_mr1.14E-4_ss200.fa	20	5.112	1.838	93.317
long_content_30k_002/lc30k002_3784_gc3300_rp0.10_mr1.14E-4_ss100.fa	25	3.741	3.734	94.843
long_content_30k_002/lc30k002_3785_gc3300_rp0.05_mr1.14E-4_ss100.fa	19	5.391	5.541	93.977
long_content_30k_002/lc30k002_3786_gc3300_rp0.07_mr1.14E-4_ss100.fa	21	1.993	1.465	93.384
long_content_30k_002/lc30k002_3787_gc3300_rp0.10_mr1.14E-4_ss200.fa	13	6.582	7.939	87.945
long_content_30k_002/lc30k002_3788_gc3300_rp0.15_mr1.14E-4_ss100.fa	8	6.172	6.397	93.189
long_content_30k_002/lc30k002_3789_gc3300_rp0.15_mr1.14E-4_ss200.fa	11	5.641	5.652	93.457
long_content_30k_002/lc30k002_378_gc3300_rp0.07_mr1.14E-4_ss100.fa	19	5.871	6.145	94.030
long_content_30k_002/lc30k002_3790_gc3300_rp0.07_mr1.14E-4_ss200.fa	8	2.543	1.985	92.721
long_content_30k_002/lc30k002_3791_gc3300_rp0.05_mr1.14E-4_ss200.fa	12	6.676	6.588	95.167
long_content_30k_002/lc30k002_3792_gc3300_rp0.10_mr1.14E-4_ss100.fa	11	3.522	1.612	93.700
long_content_30k_002/lc30k002_3793_gc3300_rp0.05_mr1.14E-4_ss100.fa	30	3.974	4.358	95.964
long_content_30k_002/lc30k002_3794_gc3300_rp0.07_mr1.14E-4_ss100.fa	30	5.008	1.953	91.704
long_content_30k_002/lc30k002_3795_gc3300_rp0.10_mr1.14E-4_ss200.fa	24	3.616	4.673	95.807
long_content_30k_002/lc30k002_3796_gc3300_rp0.15_mr1.14E-4_ss100.fa	12	4.472	5.414	95.698
long_content_30k_002/lc30k002_3797_gc3300_rp0.15_mr1.14E-4_ss200.fa	9	3.334	4.113	94.223
long_content_30k_002/lc30k002_3798_gc3300_rp0.07_mr1.14E-4_ss200.fa	21	4.786	6.247	92.850
long_content_30k_002/lc30k002_3799_gc3300_rp0.05_mr1.14E-4_ss200.fa	19	5.821	7.202	92.469
long_content_30k_002/lc30k002_379_gc3300_rp0.10_mr1.14E-4_ss200.fa	17	4.369	4.926	95.710
long_content_30k_002/lc30k002_3800_gc3300_rp0.10_mr1.14E-4_ss100.fa	28	4.761	4.859	95.099
long_content_30k_002/lc30k002_3801_gc3300_rp0.05_mr1.14E-4_ss100.fa	12	2.954	2.610	96.247
long_content_30k_002/lc30k002_3802_gc3300_rp0.07_mr1.14E-4_ss100.fa	13	7.581	9.702	92.409
long_content_30k_002/lc30k002_3803_gc3300_rp0.10_mr1.14E-4_ss200.fa	24	4.879	4.117	93.998
long_content_30k_002/lc30k002_3804_gc3300_rp0.15_mr1.14E-4_ss100.fa	15	7.193	6.143	91.691
long_content_30k_002/lc30k002_3805_gc3300_rp0.15_mr1.14E-4_ss200.fa	5	5.634	6.944	94.549
long_content_30k_002/lc30k002_3806_gc3300_rp0.07_mr1.14E-4_ss200.fa	27	2.547	0.863	94.477
long_content_30k_002/lc30k002_3807_gc3300_rp0.05_mr1.14E-4_ss200.fa	8	2.709	2.264	96.846
long_content_30k_002/lc30k002_3808_gc3300_rp0.10_mr1.14E-4_ss100.fa	30	7.304	8.519	93.472
long_content_30k_002/lc30k002_3809_gc3300_rp0.05_mr1.14E-4_ss100.fa	18	4.776	4.227	93.925
long_content_30k_002/lc30k002_380_gc3300_rp0.15_mr1.14E-4_ss100.fa	19	3.195	3.525	95.478
long_content_30k_002/lc30k002_3810_gc3300_rp0.07_mr1.14E-4_ss100.fa	7	4.705	6.351	95.441
long_content_30k_002/lc30k002_3811_gc3300_rp0.10_mr1.14E-4_ss200.fa	19	3.390	1.239	92.834
long_content_30k_002/lc30k002_3812_gc3300_rp0.15_mr1.14E-4_ss100.fa	9	3.007	2.864	96.271
long_content_30k_002/lc30k002_3813_gc3300_rp0.15_mr1.14E-4_ss200.fa	28	6.331	7.745	93.061
long_content_30k_002/lc30k002_3814_gc3300_rp0.07_mr1.14E-4_ss200.fa	11	4.657	4.241	94.457
long_content_30k_002/lc30k002_3815_gc3300_rp0.05_mr1.14E-4_ss200.fa	30	8.044	8.877	91.338
long_content_30k_002/lc30k002_3816_gc3300_rp0.10_mr1.14E-4_ss100.fa	6	7.357	7.443	93.344
long_content_30k_002/lc30k002_3817_gc3300_rp0.05_mr1.14E-4_ss100.fa	11	3.165	3.860	93.805
long_content_30k_002/lc30k002_3818_gc3300_rp0.07_mr1.14E-4_ss100.fa	21	13.223	13.471	92.740
long_content_30k_002/lc30k002_3819_gc3300_rp0.10_mr1.14E-4_ss200.fa	21	4.222	3.933	94.708
long_content_30k_002/lc30k002_381_gc3300_rp0.15_mr1.14E-4_ss200.fa	25	3.493	3.416	95.165
long_content_30k_002/lc30k002_3820_gc3300_rp0.15_mr1.14E-4_ss100.fa	14	4.922	4.659	94.336
long_content_30k_002/lc30k002_3821_gc3300_rp0.15_mr1.14E-4_ss200.fa	13	3.186	3.117	96.737
long_content_30k_002/lc30k002_3822_gc3300_rp0.07_mr1.14E-4_ss200.fa	13	2.504	2.000	97.020
long_content_30k_002/lc30k002_3823_gc3300_rp0.05_mr1.14E-4_ss200.fa	30	4.580	4.558	95.002
long_content_30k_002/lc30k002_3824_gc3300_rp0.10_mr1.14E-4_ss100.fa	28	5.570	5.467	94.512
long_content_30k_002/lc30k002_3825_gc3300_rp0.05_mr1.14E-4_ss100.fa	29	2.703	2.956	97.452
long_content_30k_002/lc30k002_3826_gc3300_rp0.07_mr1.14E-4_ss100.fa	13	3.850	0.258	92.191
long_content_30k_002/lc30k002_3827_gc3300_rp0.10_mr1.14E-4_ss200.fa	20	6.712	8.745	93.062
long_content_30k_002/lc30k002_3828_gc3300_rp0.15_mr1.14E-4_ss100.fa	30	2.502	1.429	93.603
long_content_30k_002/lc30k002_3829_gc3300_rp0.15_mr1.14E-4_ss200.fa	4	5.353	5.367	94.645
long_content_30k_002/lc30k002_382_gc3300_rp0.07_mr1.14E-4_ss200.fa	30	2.513	1.985	94.951
long_content_30k_002/lc30k002_3830_gc3300_rp0.07_mr1.14E-4_ss200.fa	30	5.915	4.585	95.780
long_content_30k_002/lc30k002_3831_gc3300_rp0.05_mr1.14E-4_ss200.fa	30	2.796	3.274	90.057
long_content_30k_002/lc30k002_3832_gc3300_rp0.10_mr1.14E-4_ss100.fa	6	9.800	9.307	88.014
long_content_30k_002/lc30k002_3833_gc3300_rp0.05_mr1.14E-4_ss100.fa	14	3.020	3.009	95.862
long_content_30k_002/lc30k002_3834_gc3300_rp0.07_mr1.14E-4_ss100.fa	28	3.674	2.642	94.881
long_content_30k_002/lc30k002_3835_gc3300_rp0.10_mr1.14E-4_ss200.fa	17	2.369	1.877	96.362
long_content_30k_002/lc30k002_3836_gc3300_rp0.15_mr1.14E-4_ss100.fa	14	2.795	2.050	93.160
long_content_30k_002/lc30k002_3837_gc3300_rp0.15_mr1.14E-4_ss200.fa	17	4.024	4.008	95.681
long_content_30k_002/lc30k002_3838_gc3300_rp0.07_mr1.14E-4_ss200.fa	30	3.121	3.357	95.648
long_content_30k_002/lc30k002_3839_gc3300_rp0.05_mr1.14E-4_ss200.fa	29	5.048	4.621	95.303
long_content_30k_002/lc30k002_383_gc3300_rp0.05_mr1.14E-4_ss200.fa	30	5.725	5.314	93.905
long_content_30k_002/lc30k002_3840_gc3300_rp0.10_mr1.14E-4_ss100.fa	24	3.928	4.561	94.583
long_content_30k_002/lc30k002_3841_gc3300_rp0.05_mr1.14E-4_ss100.fa	20	4.548	4.662	95.008
long_content_30k_002/lc30k002_3842_gc3300_rp0.07_mr1.14E-4_ss100.fa	16	1.946	1.638	96.161
long_content_30k_002/lc30k002_3843_gc3300_rp0.10_mr1.14E-4_ss200.fa	19	2.915	1.682	93.291
long_content_30k_002/lc30k002_3844_gc3300_rp0.15_mr1.14E-4_ss100.fa	19	4.692	4.383	94.908
long_content_30k_002/lc30k002_3845_gc3300_rp0.15_mr1.14E-4_ss200.fa	30	4.665	5.130	93.968
long_content_30k_002/lc30k002_3846_gc3300_rp0.07_mr1.14E-4_ss200.fa	30	5.541	5.186	94.204
long_content_30k_002/lc30k002_3847_gc3300_rp0.05_mr1.14E-4_ss200.fa	23	7.789	4.515	85.920
long_content_30k_002/lc30k002_3848_gc3300_rp0.10_mr1.14E-4_ss100.fa	16	4.093	3.638	95.115
long_content_30k_002/lc30k002_3849_gc3300_rp0.05_mr1.14E-4_ss100.fa	30	3.314	2.635	95.702
long_content_30k_002/lc30k002_384_gc3300_rp0.10_mr1.14E-4_ss100.fa	20	2.951	2.140	94.752
long_content_30k_002/lc30k002_3850_gc3300_rp0.07_mr1.14E-4_ss100.fa	24	7.615	9.747	92.609
long_content_30k_002/lc30k002_3851_gc3300_rp0.10_mr1.14E-4_ss200.fa	1	2.548	2.548	96.487
long_content_30k_002/lc30k002_3852_gc3300_rp0.15_mr1.14E-4_ss100.fa	28	7.983	8.213	92.559
long_content_30k_002/lc30k002_3853_gc3300_rp0.15_mr1.14E-4_ss200.fa	14	4.710	5.170	94.491
long_content_30k_002/lc30k002_3854_gc3300_rp0.07_mr1.14E-4_ss200.fa	10	4.074	2.744	92.429
long_content_30k_002/lc30k002_3855_gc3300_rp0.05_mr1.14E-4_ss200.fa	11	0.564	0.560	92.281
long_content_30k_002/lc30k002_3856_gc3300_rp0.10_mr1.14E-4_ss100.fa	22	7.255	9.922	91.690
long_content_30k_002/lc30k002_3857_gc3300_rp0.05_mr1.14E-4_ss100.fa	24	2.887	4.107	95.350
long_content_30k_002/lc30k002_3858_gc3300_rp0.07_mr1.14E-4_ss100.fa	19	6.974	8.782	93.509
long_content_30k_002/lc30k002_3859_gc3300_rp0.10_mr1.14E-4_ss200.fa	10	7.138	7.542	93.809
long_content_30k_002/lc30k002_385_gc3300_rp0.05_mr1.14E-4_ss100.fa	21	2.680	2.584	93.910
long_content_30k_002/lc30k002_3860_gc3300_rp0.15_mr1.14E-4_ss100.fa	29	7.017	8.464	93.432
long_content_30k_002/lc30k002_3861_gc3300_rp0.15_mr1.14E-4_ss200.fa	13	6.458	5.714	92.316
long_content_30k_002/lc30k002_3862_gc3300_rp0.07_mr1.14E-4_ss200.fa	21	4.167	4.557	95.674
long_content_30k_002/lc30k002_3863_gc3300_rp0.05_mr1.14E-4_ss200.fa	30	2.148	1.879	98.542
long_content_30k_002/lc30k002_3864_gc3300_rp0.10_mr1.14E-4_ss100.fa	29	2.488	2.204	96.853
long_content_30k_002/lc30k002_3865_gc3300_rp0.05_mr1.14E-4_ss100.fa	22	8.787	9.296	92.521
long_content_30k_002/lc30k002_3866_gc3300_rp0.07_mr1.14E-4_ss100.fa	25	5.277	6.705	93.531
long_content_30k_002/lc30k002_3867_gc3300_rp0.10_mr1.14E-4_ss200.fa	12	5.162	5.146	95.105
long_content_30k_002/lc30k002_3868_gc3300_rp0.15_mr1.14E-4_ss100.fa	14	5.804	5.844	93.851
long_content_30k_002/lc30k002_3869_gc3300_rp0.15_mr1.14E-4_ss200.fa	16	2.568	2.117	95.764
long_content_30k_002/lc30k002_386_gc3300_rp0.07_mr1.14E-4_ss100.fa	30	3.539	4.339	95.856
long_content_30k_002/lc30k002_3870_gc3300_rp0.07_mr1.14E-4_ss200.fa	22	2.212	2.416	96.195
long_content_30k_002/lc30k002_3871_gc3300_rp0.05_mr1.14E-4_ss200.fa	17	8.534	9.434	93.281
long_content_30k_002/lc30k002_3872_gc3300_rp0.10_mr1.14E-4_ss100.fa	18	5.486	4.559	91.891
long_content_30k_002/lc30k002_3873_gc3300_rp0.05_mr1.14E-4_ss100.fa	19	6.113	6.967	94.230
long_content_30k_002/lc30k002_3874_gc3300_rp0.07_mr1.14E-4_ss100.fa	12	4.879	6.075	94.162
long_content_30k_002/lc30k002_3875_gc3300_rp0.10_mr1.14E-4_ss200.fa	21	4.821	6.001	92.752
long_content_30k_002/lc30k002_3876_gc3300_rp0.15_mr1.14E-4_ss100.fa	22	5.736	6.254	94.360
long_content_30k_002/lc30k002_3877_gc3300_rp0.15_mr1.14E-4_ss200.fa	8	5.711	5.665	94.905
long_content_30k_002/lc30k002_3878_gc3300_rp0.07_mr1.14E-4_ss200.fa	30	4.004	2.896	93.977
long_content_30k_002/lc30k002_3879_gc3300_rp0.05_mr1.14E-4_ss200.fa	7	3.160	1.838	87.413
long_content_30k_002/lc30k002_387_gc3300_rp0.10_mr1.14E-4_ss200.fa	25	6.055	5.622	92.441
long_content_30k_002/lc30k002_3880_gc3300_rp0.10_mr1.14E-4_ss100.fa	20	3.039	3.018	95.219
long_content_30k_002/lc30k002_3881_gc3300_rp0.05_mr1.14E-4_ss100.fa	19	7.422	9.956	91.354
long_content_30k_002/lc30k002_3882_gc3300_rp0.07_mr1.14E-4_ss100.fa	11	5.056	6.059	91.538
long_content_30k_002/lc30k002_3883_gc3300_rp0.10_mr1.14E-4_ss200.fa	21	3.157	2.720	95.016
long_content_30k_002/lc30k002_3884_gc3300_rp0.15_mr1.14E-4_ss100.fa	19	9.669	11.558	92.002
long_content_30k_002/lc30k002_3885_gc3300_rp0.15_mr1.14E-4_ss200.fa	14	3.457	3.399	95.837
long_content_30k_002/lc30k002_3886_gc3300_rp0.07_mr1.14E-4_ss200.fa	16	6.165	8.458	89.513
long_content_30k_002/lc30k002_3887_gc3300_rp0.05_mr1.14E-4_ss200.fa	24	2.442	0.326	92.317
long_content_30k_002/lc30k002_3888_gc3300_rp0.10_mr1.14E-4_ss100.fa	7	2.917	1.445	91.650
long_content_30k_002/lc30k002_3889_gc3300_rp0.05_mr1.14E-4_ss100.fa	30	2.523	2.782	97.149
long_content_30k_002/lc30k002_388_gc3300_rp0.15_mr1.14E-4_ss100.fa	18	2.671	1.919	94.787
long_content_30k_002/lc30k002_3890_gc3300_rp0.07_mr1.14E-4_ss100.fa	14	5.583	5.603	94.878
long_content_30k_002/lc30k002_3891_gc3300_rp0.10_mr1.14E-4_ss200.fa	14	7.671	10.408	93.896
long_content_30k_002/lc30k002_3892_gc3300_rp0.15_mr1.14E-4_ss100.fa	8	7.527	7.165	92.907
long_content_30k_002/lc30k002_3893_gc3300_rp0.15_mr1.14E-4_ss200.fa	28	4.804	6.600	92.564
long_content_30k_002/lc30k002_3894_gc3300_rp0.07_mr1.14E-4_ss200.fa	21	4.899	5.772	94.617
long_content_30k_002/lc30k002_3895_gc3300_rp0.05_mr1.14E-4_ss200.fa	21	6.463	7.341	90.781
long_content_30k_002/lc30k002_3896_gc3300_rp0.10_mr1.14E-4_ss100.fa	22	5.552	5.538	95.359
long_content_30k_002/lc30k002_3897_gc3300_rp0.05_mr1.14E-4_ss100.fa	22	3.283	3.470	93.900
long_content_30k_002/lc30k002_3898_gc3300_rp0.07_mr1.14E-4_ss100.fa	9	4.855	1.027	91.582
long_content_30k_002/lc30k002_3899_gc3300_rp0.10_mr1.14E-4_ss200.fa	24	5.896	6.641	94.408
long_content_30k_002/lc30k002_389_gc3300_rp0.15_mr1.14E-4_ss200.fa	18	3.913	3.748	94.006
long_content_30k_002/lc30k002_3900_gc3300_rp0.15_mr1.14E-4_ss100.fa	7	5.248	6.127	94.048
long_content_30k_002/lc30k002_3901_gc3300_rp0.15_mr1.14E-4_ss200.fa	10	4.187	4.500	95.451
long_content_30k_002/lc30k002_3902_gc3300_rp0.07_mr1.14E-4_ss200.fa	30	4.221	4.687	95.791
long_content_30k_002/lc30k002_3903_gc3300_rp0.05_mr1.14E-4_ss200.fa	29	10.379	10.160	91.163
long_content_30k_002/lc30k002_3904_gc3300_rp0.10_mr1.14E-4_ss100.fa	30	4.335	4.889	95.313
long_content_30k_002/lc30k002_3905_gc3300_rp0.05_mr1.14E-4_ss100.fa	28	4.335	4.337	95.738
long_content_30k_002/lc30k002_3906_gc3300_rp0.07_mr1.14E-4_ss100.fa	16	6.236	6.913	93.394
long_content_30k_002/lc30k002_3907_gc3300_rp0.10_mr1.14E-4_ss200.fa	25	6.628	8.806	92.496
long_content_30k_002/lc30k002_3908_gc3300_rp0.15_mr1.14E-4_ss100.fa	16	2.947	1.888	91.893
long_content_30k_002/lc30k002_3909_gc3300_rp0.15_mr1.14E-4_ss200.fa	10	5.832	8.747	93.175
long_content_30k_002/lc30k002_390_gc3300_rp0.07_mr1.14E-4_ss200.fa	9	4.195	3.324	90.689
long_content_30k_002/lc30k002_3910_gc3300_rp0.07_mr1.14E-4_ss200.fa	10	8.482	9.185	93.037
long_content_30k_002/lc30k002_3911_gc3300_rp0.05_mr1.14E-4_ss200.fa	17	4.040	3.425	85.682
long_content_30k_002/lc30k002_3912_gc3300_rp0.10_mr1.14E-4_ss100.fa	26	5.386	5.722	94.174
long_content_30k_002/lc30k002_3913_gc3300_rp0.05_mr1.14E-4_ss100.fa	15	5.198	3.891	93.004
long_content_30k_002/lc30k002_3914_gc3300_rp0.07_mr1.14E-4_ss100.fa	28	3.620	3.545	95.684
long_content_30k_002/lc30k002_3915_gc3300_rp0.10_mr1.14E-4_ss200.fa	18	5.950	5.128	93.865
long_content_30k_002/lc30k002_3916_gc3300_rp0.15_mr1.14E-4_ss100.fa	16	5.509	5.820	93.752
long_content_30k_002/lc30k002_3917_gc3300_rp0.15_mr1.14E-4_ss200.fa	9	7.519	7.989	93.073
long_content_30k_002/lc30k002_3918_gc3300_rp0.07_mr1.14E-4_ss200.fa	14	3.954	1.256	89.498
long_content_30k_002/lc30k002_3919_gc3300_rp0.05_mr1.14E-4_ss200.fa	9	1.598	1.268	98.020
long_content_30k_002/lc30k002_391_gc3300_rp0.05_mr1.14E-4_ss200.fa	26	5.884	1.587	89.659
long_content_30k_002/lc30k002_3920_gc3300_rp0.10_mr1.14E-4_ss100.fa	27	6.258	9.252	90.884
long_content_30k_002/lc30k002_3921_gc3300_rp0.05_mr1.14E-4_ss100.fa	19	8.960	6.899	87.320
long_content_30k_002/lc30k002_3922_gc3300_rp0.07_mr1.14E-4_ss100.fa	6	4.374	4.680	95.413
long_content_30k_002/lc30k002_3923_gc3300_rp0.10_mr1.14E-4_ss200.fa	25	5.525	6.299	94.472
long_content_30k_002/lc30k002_3924_gc3300_rp0.15_mr1.14E-4_ss100.fa	18	3.565	3.816	96.145
long_content_30k_002/lc30k002_3925_gc3300_rp0.15_mr1.14E-4_ss200.fa	10	6.265	6.351	94.353
long_content_30k_002/lc30k002_3926_gc3300_rp0.07_mr1.14E-4_ss200.fa	6	2.930	2.901	92.870
long_content_30k_002/lc30k002_3927_gc3300_rp0.05_mr1.14E-4_ss200.fa	30	4.533	5.515	92.380
long_content_30k_002/lc30k002_3928_gc3300_rp0.10_mr1.14E-4_ss100.fa	18	4.807	4.082	93.175
long_content_30k_002/lc30k002_3929_gc3300_rp0.05_mr1.14E-4_ss100.fa	27	3.125	3.374	91.138
long_content_30k_002/lc30k002_392_gc3300_rp0.10_mr1.14E-4_ss100.fa	25	5.512	5.461	94.081
long_content_30k_002/lc30k002_3930_gc3300_rp0.07_mr1.14E-4_ss100.fa	12	5.906	5.593	93.302
long_content_30k_002/lc30k002_3931_gc3300_rp0.10_mr1.14E-4_ss200.fa	27	3.834	3.664	95.025
long_content_30k_002/lc30k002_3932_gc3300_rp0.15_mr1.14E-4_ss100.fa	22	3.603	3.722	95.936
long_content_30k_002/lc30k002_3933_gc3300_rp0.15_mr1.14E-4_ss200.fa	17	2.800	2.529	96.617
long_content_30k_002/lc30k002_3934_gc3300_rp0.07_mr1.14E-4_ss200.fa	23	2.347	2.270	87.637
long_content_30k_002/lc30k002_3935_gc3300_rp0.05_mr1.14E-4_ss200.fa	13	6.714	2.310	88.899
long_content_30k_002/lc30k002_3936_gc3300_rp0.10_mr1.14E-4_ss100.fa	23	2.892	1.622	94.518
long_content_30k_002/lc30k002_3937_gc3300_rp0.05_mr1.14E-4_ss100.fa	7	3.713	3.713	90.831
long_content_30k_002/lc30k002_3938_gc3300_rp0.07_mr1.14E-4_ss100.fa	8	13.872	15.177	90.596
long_content_30k_002/lc30k002_3939_gc3300_rp0.10_mr1.14E-4_ss200.fa	25	5.140	6.316	94.246
long_content_30k_002/lc30k002_393_gc3300_rp0.05_mr1.14E-4_ss100.fa	25	4.495	4.107	95.827
long_content_30k_002/lc30k002_3940_gc3300_rp0.15_mr1.14E-4_ss100.fa	8	3.297	2.679	95.213
long_content_30k_002/lc30k002_3941_gc3300_rp0.15_mr1.14E-4_ss200.fa	7	4.933	6.511	93.929
long_content_30k_002/lc30k002_3942_gc3300_rp0.07_mr1.14E-4_ss200.fa	18	4.201	0.994	88.492
long_content_30k_002/lc30k002_3943_gc3300_rp0.05_mr1.14E-4_ss200.fa	13	8.103	8.622	93.311
long_content_30k_002/lc30k002_3944_gc3300_rp0.10_mr1.14E-4_ss100.fa	30	2.659	2.744	95.822
long_content_30k_002/lc30k002_3945_gc3300_rp0.05_mr1.14E-4_ss100.fa	21	7.669	8.444	94.055
long_content_30k_002/lc30k002_3946_gc3300_rp0.07_mr1.14E-4_ss100.fa	17	2.610	2.726	97.447
long_content_30k_002/lc30k002_3947_gc3300_rp0.10_mr1.14E-4_ss200.fa	15	6.240	6.531	94.215
long_content_30k_002/lc30k002_3948_gc3300_rp0.15_mr1.14E-4_ss100.fa	16	6.959	6.717	92.994
long_content_30k_002/lc30k002_3949_gc3300_rp0.15_mr1.14E-4_ss200.fa	23	2.999	2.648	92.552
long_content_30k_002/lc30k002_394_gc3300_rp0.07_mr1.14E-4_ss100.fa	23	5.977	6.316	93.871
long_content_30k_002/lc30k002_3950_gc3300_rp0.07_mr1.14E-4_ss200.fa	9	8.639	9.103	93.611
long_content_30k_002/lc30k002_3951_gc3300_rp0.05_mr1.14E-4_ss200.fa	15	5.905	6.805	92.129
long_content_30k_002/lc30k002_3952_gc3300_rp0.10_mr1.14E-4_ss100.fa	3	5.758	5.991	91.631
long_content_30k_002/lc30k002_3953_gc3300_rp0.05_mr1.14E-4_ss100.fa	12	6.370	6.740	93.361
long_content_30k_002/lc30k002_3954_gc3300_rp0.07_mr1.14E-4_ss100.fa	16	2.530	1.137	92.217
long_content_30k_002/lc30k002_3955_gc3300_rp0.10_mr1.14E-4_ss200.fa	17	2.938	1.900	95.213
long_content_30k_002/lc30k002_3956_gc3300_rp0.15_mr1.14E-4_ss100.fa	30	2.627	2.849	96.686
long_content_30k_002/lc30k002_3957_gc3300_rp0.15_mr1.14E-4_ss200.fa	13	5.787	6.487	94.950
long_content_30k_002/lc30k002_3958_gc3300_rp0.07_mr1.14E-4_ss200.fa	29	5.819	5.562	93.806
long_content_30k_002/lc30k002_3959_gc3300_rp0.05_mr1.14E-4_ss200.fa	29	12.714	15.946	88.971
long_content_30k_002/lc30k002_395_gc3300_rp0.10_mr1.14E-4_ss200.fa	13	4.344	0.946	92.770
long_content_30k_002/lc30k002_3960_gc3300_rp0.10_mr1.14E-4_ss100.fa	14	5.229	4.353	93.281
long_content_30k_002/lc30k002_3961_gc3300_rp0.05_mr1.14E-4_ss100.fa	9	5.393	5.555	91.148
long_content_30k_002/lc30k002_3962_gc3300_rp0.07_mr1.14E-4_ss100.fa	30	2.630	2.622	97.310
long_content_30k_002/lc30k002_3963_gc3300_rp0.10_mr1.14E-4_ss200.fa	24	4.050	4.434	94.966
long_content_30k_002/lc30k002_3964_gc3300_rp0.15_mr1.14E-4_ss100.fa	20	4.897	2.896	93.407
long_content_30k_002/lc30k002_3965_gc3300_rp0.15_mr1.14E-4_ss200.fa	9	3.506	3.286	95.011
long_content_30k_002/lc30k002_3966_gc3300_rp0.07_mr1.14E-4_ss200.fa	10	6.580	8.880	90.035
long_content_30k_002/lc30k002_3967_gc3300_rp0.05_mr1.14E-4_ss200.fa	11	5.619	4.097	95.067
long_content_30k_002/lc30k002_3968_gc3300_rp0.10_mr1.14E-4_ss100.fa	17	3.133	2.747	94.695
long_content_30k_002/lc30k002_3969_gc3300_rp0.05_mr1.14E-4_ss100.fa	14	7.764	7.236	92.697
long_content_30k_002/lc30k002_396_gc3300_rp0.15_mr1.14E-4_ss100.fa	14	4.532	6.092	93.213
long_content_30k_002/lc30k002_3970_gc3300_rp0.07_mr1.14E-4_ss100.fa	22	6.262	6.257	94.959
long_content_30k_002/lc30k002_3971_gc3300_rp0.10_mr1.14E-4_ss200.fa	25	2.890	2.433	95.869
long_content_30k_002/lc30k002_3972_gc3300_rp0.15_mr1.14E-4_ss100.fa	13	9.242	9.604	90.219
long_content_30k_002/lc30k002_3973_gc3300_rp0.15_mr1.14E-4_ss200.fa	12	7.445	8.478	91.472
long_content_30k_002/lc30k002_3974_gc3300_rp0.07_mr1.14E-4_ss200.fa	30	4.890	4.862	94.865
long_content_30k_002/lc30k002_3975_gc3300_rp0.05_mr1.14E-4_ss200.fa	30	3.861	3.816	96.603
long_content_30k_002/lc30k002_3976_gc3300_rp0.10_mr1.14E-4_ss100.fa	18	3.068	2.726	93.973
long_content_30k_002/lc30k002_3977_gc3300_rp0.05_mr1.14E-4_ss100.fa	22	4.533	2.068	93.010
long_content_30k_002/lc30k002_3978_gc3300_rp0.07_mr1.14E-4_ss100.fa	2	2.553	2.553	90.079
long_content_30k_002/lc30k002_3979_gc3300_rp0.10_mr1.14E-4_ss200.fa	20	6.177	6.319	94.895
long_content_30k_002/lc30k002_397_gc3300_rp0.15_mr1.14E-4_ss200.fa	22	5.770	8.326	94.539
long_content_30k_002/lc30k002_3980_gc3300_rp0.15_mr1.14E-4_ss100.fa	19	3.563	2.886	90.948
long_content_30k_002/lc30k002_3981_gc3300_rp0.15_mr1.14E-4_ss200.fa	8	7.775	9.323	91.171
long_content_30k_002/lc30k002_3982_gc3300_rp0.07_mr1.14E-4_ss200.fa	29	7.395	8.776	92.462
long_content_30k_002/lc30k002_3983_gc3300_rp0.05_mr1.14E-4_ss200.fa	5	1.779	1.756	89.875
long_content_30k_002/lc30k002_3984_gc3300_rp0.10_mr1.14E-4_ss100.fa	23	6.256	8.561	91.422
long_content_30k_002/lc30k002_3985_gc3300_rp0.05_mr1.14E-4_ss100.fa	30	5.584	3.652	93.112
long_content_30k_002/lc30k002_3986_gc3300_rp0.07_mr1.14E-4_ss100.fa	17	3.227	2.242	95.299
long_content_30k_002/lc30k002_3987_gc3300_rp0.10_mr1.14E-4_ss200.fa	13	8.735	9.809	91.490
long_content_30k_002/lc30k002_3988_gc3300_rp0.15_mr1.14E-4_ss100.fa	14	3.936	5.023	93.666
long_content_30k_002/lc30k002_3989_gc3300_rp0.15_mr1.14E-4_ss200.fa	12	4.087	3.012	91.724
long_content_30k_002/lc30k002_398_gc3300_rp0.07_mr1.14E-4_ss200.fa	12	5.782	7.186	93.184
long_content_30k_002/lc30k002_3990_gc3300_rp0.07_mr1.14E-4_ss200.fa	30	5.651	5.588	95.251
long_content_30k_002/lc30k002_3991_gc3300_rp0.05_mr1.14E-4_ss200.fa	30	3.176	3.189	96.266
long_content_30k_002/lc30k002_3992_gc3300_rp0.10_mr1.14E-4_ss100.fa	13	4.966	3.345	93.173
long_content_30k_002/lc30k002_3993_gc3300_rp0.05_mr1.14E-4_ss100.fa	12	4.718	2.159	87.040
long_content_30k_002/lc30k002_3994_gc3300_rp0.07_mr1.14E-4_ss100.fa	30	3.841	4.044	95.691
long_content_30k_002/lc30k002_3995_gc3300_rp0.10_mr1.14E-4_ss200.fa	30	5.053	5.151	94.992
long_content_30k_002/lc30k002_3996_gc3300_rp0.15_mr1.14E-4_ss100.fa	19	5.788	6.536	93.625
long_content_30k_002/lc30k002_3997_gc3300_rp0.15_mr1.14E-4_ss200.fa	9	8.092	7.862	92.247
long_content_30k_002/lc30k002_3998_gc3300_rp0.07_mr1.14E-4_ss200.fa	30	3.547	3.250	96.281
long_content_30k_002/lc30k002_3999_gc3300_rp0.05_mr1.14E-4_ss200.fa	19	11.729	13.412	91.088
long_content_30k_002/lc30k002_399_gc3300_rp0.05_mr1.14E-4_ss200.fa	14	3.451	3.441	96.408
long_content_30k_002/lc30k002_4000_gc3300_rp0.10_mr1.14E-4_ss100.fa	18	3.067	3.100	95.055
long_content_30k_002/lc30k002_400_gc3300_rp0.10_mr1.14E-4_ss100.fa	29	6.525	7.151	93.762
long_content_30k_002/lc30k002_401_gc3300_rp0.05_mr1.14E-4_ss100.fa	11	4.417	4.443	91.701
long_content_30k_002/lc30k002_402_gc3300_rp0.07_mr1.14E-4_ss100.fa	20	2.579	1.605	94.192
long_content_30k_002/lc30k002_403_gc3300_rp0.10_mr1.14E-4_ss200.fa	18	7.343	8.516	94.137
long_content_30k_002/lc30k002_404_gc3300_rp0.15_mr1.14E-4_ss100.fa	11	9.643	12.833	92.365
long_content_30k_002/lc30k002_405_gc3300_rp0.15_mr1.14E-4_ss200.fa	13	4.410	5.520	92.750
long_content_30k_002/lc30k002_406_gc3300_rp0.07_mr1.14E-4_ss200.fa	30	3.136	3.598	96.013
long_content_30k_002/lc30k002_407_gc3300_rp0.05_mr1.14E-4_ss200.fa	15	5.635	5.307	92.835
long_content_30k_002/lc30k002_408_gc3300_rp0.10_mr1.14E-4_ss100.fa	16	3.743	4.426	93.643
long_content_30k_002/lc30k002_409_gc3300_rp0.05_mr1.14E-4_ss100.fa	17	1.698	0.951	91.689
long_content_30k_002/lc30k002_410_gc3300_rp0.07_mr1.14E-4_ss100.fa	24	3.262	3.117	94.510
long_content_30k_002/lc30k002_411_gc3300_rp0.10_mr1.14E-4_ss200.fa	19	6.433	5.766	93.551
long_content_30k_002/lc30k002_412_gc3300_rp0.15_mr1.14E-4_ss100.fa	12	4.639	4.337	94.928
long_content_30k_002/lc30k002_413_gc3300_rp0.15_mr1.14E-4_ss200.fa	13	2.368	0.786	94.593
long_content_30k_002/lc30k002_414_gc3300_rp0.07_mr1.14E-4_ss200.fa	27	3.817	4.479	95.457
long_content_30k_002/lc30k002_415_gc3300_rp0.05_mr1.14E-4_ss200.fa	16	10.417	12.128	90.733
long_content_30k_002/lc30k002_416_gc3300_rp0.10_mr1.14E-4_ss100.fa	18	7.374	8.494	91.866
long_content_30k_002/lc30k002_417_gc3300_rp0.05_mr1.14E-4_ss100.fa	13	4.429	4.206	93.604
long_content_30k_002/lc30k002_418_gc3300_rp0.07_mr1.14E-4_ss100.fa	30	7.250	6.319	92.389
long_content_30k_002/lc30k002_419_gc3300_rp0.10_mr1.14E-4_ss200.fa	20	6.733	8.874	92.277
long_content_30k_002/lc30k002_420_gc3300_rp0.15_mr1.14E-4_ss100.fa	21	3.788	3.331	95.736
long_content_30k_002/lc30k002_421_gc3300_rp0.15_mr1.14E-4_ss200.fa	16	6.066	6.010	92.085
long_content_30k_002/lc30k002_422_gc3300_rp0.07_mr1.14E-4_ss200.fa	27	5.794	5.368	91.796
long_content_30k_002/lc30k002_423_gc3300_rp0.05_mr1.14E-4_ss200.fa	30	3.838	4.264	95.574
long_content_30k_002/lc30k002_424_gc3300_rp0.10_mr1.14E-4_ss100.fa	19	6.387	4.719	91.789
long_content_30k_002/lc30k002_425_gc3300_rp0.05_mr1.14E-4_ss100.fa	30	4.084	4.244	94.416
long_content_30k_002/lc30k002_426_gc3300_rp0.07_mr1.14E-4_ss100.fa	25	2.532	2.234	97.476
long_content_30k_002/lc30k002_427_gc3300_rp0.10_mr1.14E-4_ss200.fa	30	2.989	3.310	96.831
long_content_30k_002/lc30k002_428_gc3300_rp0.15_mr1.14E-4_ss100.fa	18	8.107	9.127	92.255
long_content_30k_002/lc30k002_429_gc3300_rp0.15_mr1.14E-4_ss200.fa	12	3.538	2.871	95.297
long_content_30k_002/lc30k002_430_gc3300_rp0.07_mr1.14E-4_ss200.fa	12	11.852	12.758	91.427
long_content_30k_002/lc30k002_431_gc3300_rp0.05_mr1.14E-4_ss200.fa	30	3.535	3.051	92.387
long_content_30k_002/lc30k002_432_gc3300_rp0.10_mr1.14E-4_ss100.fa	19	4.328	4.877	96.702
long_content_30k_002/lc30k002_433_gc3300_rp0.05_mr1.14E-4_ss100.fa	30	5.482	1.395	92.466
long_content_30k_002/lc30k002_434_gc3300_rp0.07_mr1.14E-4_ss100.fa	12	7.466	7.597	93.377
long_content_30k_002/lc30k002_435_gc3300_rp0.10_mr1.14E-4_ss200.fa	29	5.375	6.033	95.215
long_content_30k_002/lc30k002_436_gc3300_rp0.15_mr1.14E-4_ss100.fa	24	3.638	4.056	94.299
long_content_30k_002/lc30k002_437_gc3300_rp0.15_mr1.14E-4_ss200.fa	6	3.099	2.467	94.367
long_content_30k_002/lc30k002_438_gc3300_rp0.07_mr1.14E-4_ss200.fa	23	6.050	5.186	92.944
long_content_30k_002/lc30k002_439_gc3300_rp0.05_mr1.14E-4_ss200.fa	10	5.959	7.398	93.956
long_content_30k_002/lc30k002_440_gc3300_rp0.10_mr1.14E-4_ss100.fa	13	4.229	4.979	93.418
long_content_30k_002/lc30k002_441_gc3300_rp0.05_mr1.14E-4_ss100.fa	23	4.555	3.770	95.964
long_content_30k_002/lc30k002_442_gc3300_rp0.07_mr1.14E-4_ss100.fa	23	4.148	1.480	88.520
long_content_30k_002/lc30k002_443_gc3300_rp0.10_mr1.14E-4_ss200.fa	9	5.024	5.987	95.351
long_content_30k_002/lc30k002_444_gc3300_rp0.15_mr1.14E-4_ss100.fa	8	8.840	9.717	92.747
long_content_30k_002/lc30k002_445_gc3300_rp0.15_mr1.14E-4_ss200.fa	7	5.856	6.428	94.079
long_content_30k_002/lc30k002_446_gc3300_rp0.07_mr1.14E-4_ss200.fa	28	5.464	4.960	94.296
long_content_30k_002/lc30k002_447_gc3300_rp0.05_mr1.14E-4_ss200.fa	21	3.466	4.253	95.165
long_content_30k_002/lc30k002_448_gc3300_rp0.10_mr1.14E-4_ss100.fa	20	2.666	1.978	91.507
long_content_30k_002/lc30k002_449_gc3300_rp0.05_mr1.14E-4_ss100.fa	30	11.834	12.844	90.910
long_content_30k_002/lc30k002_450_gc3300_rp0.07_mr1.14E-4_ss100.fa	30	2.112	1.124	95.404
long_content_30k_002/lc30k002_451_gc3300_rp0.10_mr1.14E-4_ss200.fa	18	6.677	6.668	93.177
long_content_30k_002/lc30k002_452_gc3300_rp0.15_mr1.14E-4_ss100.fa	18	6.362	7.616	92.286
long_content_30k_002/lc30k002_453_gc3300_rp0.15_mr1.14E-4_ss200.fa	10	5.782	6.297	95.236
long_content_30k_002/lc30k002_454_gc3300_rp0.07_mr1.14E-4_ss200.fa	21	8.283	8.508	91.747
long_content_30k_002/lc30k002_455_gc3300_rp0.05_mr1.14E-4_ss200.fa	21	1.454	1.137	93.251
long_content_30k_002/lc30k002_456_gc3300_rp0.10_mr1.14E-4_ss100.fa	27	3.888	3.946	96.351
long_content_30k_002/lc30k002_457_gc3300_rp0.05_mr1.14E-4_ss100.fa	30	4.360	3.940	88.165
long_content_30k_002/lc30k002_458_gc3300_rp0.07_mr1.14E-4_ss100.fa	18	7.136	8.879	93.129
long_content_30k_002/lc30k002_459_gc3300_rp0.10_mr1.14E-4_ss200.fa	16	9.381	8.909	90.908
long_content_30k_002/lc30k002_460_gc3300_rp0.15_mr1.14E-4_ss100.fa	20	1.740	1.467	96.798
long_content_30k_002/lc30k002_461_gc3300_rp0.15_mr1.14E-4_ss200.fa	9	7.566	8.817	92.612
long_content_30k_002/lc30k002_462_gc3300_rp0.07_mr1.14E-4_ss200.fa	28	4.677	4.618	95.575
long_content_30k_002/lc30k002_463_gc3300_rp0.05_mr1.14E-4_ss200.fa	28	4.185	2.923	92.864
long_content_30k_002/lc30k002_464_gc3300_rp0.10_mr1.14E-4_ss100.fa	8	4.215	3.685	94.805
long_content_30k_002/lc30k002_465_gc3300_rp0.05_mr1.14E-4_ss100.fa	7	2.895	1.632	90.148
long_content_30k_002/lc30k002_466_gc3300_rp0.07_mr1.14E-4_ss100.fa	12	7.479	8.563	92.078
long_content_30k_002/lc30k002_467_gc3300_rp0.10_mr1.14E-4_ss200.fa	18	5.430	6.001	93.835
long_content_30k_002/lc30k002_468_gc3300_rp0.15_mr1.14E-4_ss100.fa	15	5.044	4.368	91.826
long_content_30k_002/lc30k002_469_gc3300_rp0.15_mr1.14E-4_ss200.fa	10	4.030	3.665	96.050
long_content_30k_002/lc30k002_470_gc3300_rp0.07_mr1.14E-4_ss200.fa	24	3.993	4.215	95.271
long_content_30k_002/lc30k002_471_gc3300_rp0.05_mr1.14E-4_ss200.fa	30	3.248	2.926	96.364
long_content_30k_002/lc30k002_472_gc3300_rp0.10_mr1.14E-4_ss100.fa	19	5.830	7.186	94.698
long_content_30k_002/lc30k002_473_gc3300_rp0.05_mr1.14E-4_ss100.fa	22	3.585	2.342	94.010
long_content_30k_002/lc30k002_474_gc3300_rp0.07_mr1.14E-4_ss100.fa	21	4.123	5.388	95.209
long_content_30k_002/lc30k002_475_gc3300_rp0.10_mr1.14E-4_ss200.fa	6	13.690	15.355	90.240
long_content_30k_002/lc30k002_476_gc3300_rp0.15_mr1.14E-4_ss100.fa	13	5.373	5.466	94.567
long_content_30k_002/lc30k002_477_gc3300_rp0.15_mr1.14E-4_ss200.fa	11	3.931	4.325	94.984
long_content_30k_002/lc30k002_478_gc3300_rp0.07_mr1.14E-4_ss200.fa	30	1.325	0.495	94.401
long_content_30k_002/lc30k002_479_gc3300_rp0.05_mr1.14E-4_ss200.fa	27	2.277	2.246	96.238
long_content_30k_002/lc30k002_480_gc3300_rp0.10_mr1.14E-4_ss100.fa	19	4.150	4.264	95.723
long_content_30k_002/lc30k002_481_gc3300_rp0.05_mr1.14E-4_ss100.fa	24	1.527	1.101	92.445
long_content_30k_002/lc30k002_482_gc3300_rp0.07_mr1.14E-4_ss100.fa	20	4.752	6.278	93.906
long_content_30k_002/lc30k002_483_gc3300_rp0.10_mr1.14E-4_ss200.fa	22	4.366	4.462	95.122
long_content_30k_002/lc30k002_484_gc3300_rp0.15_mr1.14E-4_ss100.fa	15	5.488	4.562	93.894
long_content_30k_002/lc30k002_485_gc3300_rp0.15_mr1.14E-4_ss200.fa	16	3.100	2.485	95.258
long_content_30k_002/lc30k002_486_gc3300_rp0.07_mr1.14E-4_ss200.fa	9	9.831	13.013	86.344
long_content_30k_002/lc30k002_487_gc3300_rp0.05_mr1.14E-4_ss200.fa	30	5.101	5.758	93.236
long_content_30k_002/lc30k002_488_gc3300_rp0.10_mr1.14E-4_ss100.fa	11	6.330	7.484	94.154
long_content_30k_002/lc30k002_489_gc3300_rp0.05_mr1.14E-4_ss100.fa	16	4.712	4.863	95.771
long_content_30k_002/lc30k002_490_gc3300_rp0.07_mr1.14E-4_ss100.fa	30	7.780	8.592	92.926
long_content_30k_002/lc30k002_491_gc3300_rp0.10_mr1.14E-4_ss200.fa	20	7.609	9.453	89.180
long_content_30k_002/lc30k002_492_gc3300_rp0.15_mr1.14E-4_ss100.fa	20	3.024	3.274	96.542
long_content_30k_002/lc30k002_493_gc3300_rp0.15_mr1.14E-4_ss200.fa	20	5.400	5.170	94.395
long_content_30k_002/lc30k002_494_gc3300_rp0.07_mr1.14E-4_ss200.fa	11	4.480	2.761	92.348
long_content_30k_002/lc30k002_495_gc3300_rp0.05_mr1.14E-4_ss200.fa	5	15.895	14.061	88.206
long_content_30k_002/lc30k002_496_gc3300_rp0.10_mr1.14E-4_ss100.fa	20	6.670	6.183	92.359
long_content_30k_002/lc30k002_497_gc3300_rp0.05_mr1.14E-4_ss100.fa	20	7.931	7.436	89.369
long_content_30k_002/lc30k002_498_gc3300_rp0.07_mr1.14E-4_ss100.fa	21	6.245	7.836	93.406
long_content_30k_002/lc30k002_499_gc3300_rp0.10_mr1.14E-4_ss200.fa	15	3.241	3.303	95.741
long_content_30k_002/lc30k002_500_gc3300_rp0.15_mr1.14E-4_ss100.fa	16	7.055	6.900	92.502
long_content_30k_002/lc30k002_501_gc3300_rp0.15_mr1.14E-4_ss200.fa	12	4.525	5.326	93.776
long_content_30k_002/lc30k002_502_gc3300_rp0.07_mr1.14E-4_ss200.fa	30	5.467	6.192	94.848
long_content_30k_002/lc30k002_503_gc3300_rp0.05_mr1.14E-4_ss200.fa	21	5.336	7.003	91.513
long_content_30k_002/lc30k002_504_gc3300_rp0.10_mr1.14E-4_ss100.fa	19	4.960	2.568	92.075
long_content_30k_002/lc30k002_505_gc3300_rp0.05_mr1.14E-4_ss100.fa	0	0.000	0.000	0.000
long_content_30k_002/lc30k002_506_gc3300_rp0.07_mr1.14E-4_ss100.fa	30	2.948	2.169	95.927
long_content_30k_002/lc30k002_507_gc3300_rp0.10_mr1.14E-4_ss200.fa	11	6.194	7.514	92.325
long_content_30k_002/lc30k002_508_gc3300_rp0.15_mr1.14E-4_ss100.fa	28	3.515	3.944	95.272
long_content_30k_002/lc30k002_509_gc3300_rp0.15_mr1.14E-4_ss200.fa	9	4.382	4.862	92.388
long_content_30k_002/lc30k002_510_gc3300_rp0.07_mr1.14E-4_ss200.fa	24	5.201	5.468	93.918
long_content_30k_002/lc30k002_511_gc3300_rp0.05_mr1.14E-4_ss200.fa	30	3.208	3.254	96.149
long_content_30k_002/lc30k002_512_gc3300_rp0.10_mr1.14E-4_ss100.fa	30	6.550	6.798	91.808
long_content_30k_002/lc30k002_513_gc3300_rp0.05_mr1.14E-4_ss100.fa	20	3.260	3.349	96.743
long_content_30k_002/lc30k002_514_gc3300_rp0.07_mr1.14E-4_ss100.fa	15	3.559	1.612	84.130
long_content_30k_002/lc30k002_515_gc3300_rp0.10_mr1.14E-4_ss200.fa	20	3.049	3.238	95.919
long_content_30k_002/lc30k002_516_gc3300_rp0.15_mr1.14E-4_ss100.fa	13	8.438	8.544	91.295
long_content_30k_002/lc30k002_517_gc3300_rp0.15_mr1.14E-4_ss200.fa	19	2.618	2.647	95.819
long_content_30k_002/lc30k002_518_gc3300_rp0.07_mr1.14E-4_ss200.fa	30	4.111	4.073	95.211
long_content_30k_002/lc30k002_519_gc3300_rp0.05_mr1.14E-4_ss200.fa	24	4.416	4.808	94.683
long_content_30k_002/lc30k002_520_gc3300_rp0.10_mr1.14E-4_ss100.fa	22	3.200	3.595	96.150
long_content_30k_002/lc30k002_521_gc3300_rp0.05_mr1.14E-4_ss100.fa	16	7.695	8.734	90.160
long_content_30k_002/lc30k002_522_gc3300_rp0.07_mr1.14E-4_ss100.fa	9	5.030	5.789	95.344
long_content_30k_002/lc30k002_523_gc3300_rp0.10_mr1.14E-4_ss200.fa	10	5.181	5.935	94.928
long_content_30k_002/lc30k002_524_gc3300_rp0.15_mr1.14E-4_ss100.fa	18	5.426	6.956	93.969
long_content_30k_002/lc30k002_525_gc3300_rp0.15_mr1.14E-4_ss200.fa	9	4.858	5.169	94.502
long_content_30k_002/lc30k002_526_gc3300_rp0.07_mr1.14E-4_ss200.fa	22	2.825	3.140	96.552
long_content_30k_002/lc30k002_527_gc3300_rp0.05_mr1.14E-4_ss200.fa	22	6.042	5.450	91.916
long_content_30k_002/lc30k002_528_gc3300_rp0.10_mr1.14E-4_ss100.fa	9	4.428	5.909	90.461
long_content_30k_002/lc30k002_529_gc3300_rp0.05_mr1.14E-4_ss100.fa	13	11.075	11.103	92.163
long_content_30k_002/lc30k002_530_gc3300_rp0.07_mr1.14E-4_ss100.fa	27	3.267	4.333	96.482
long_content_30k_002/lc30k002_531_gc3300_rp0.10_mr1.14E-4_ss200.fa	23	2.212	2.126	97.793
long_content_30k_002/lc30k002_532_gc3300_rp0.15_mr1.14E-4_ss100.fa	2	4.125	4.125	95.764
long_content_30k_002/lc30k002_533_gc3300_rp0.15_mr1.14E-4_ss200.fa	12	2.949	2.911	95.277
long_content_30k_002/lc30k002_534_gc3300_rp0.07_mr1.14E-4_ss200.fa	22	3.988	3.639	93.281
long_content_30k_002/lc30k002_535_gc3300_rp0.05_mr1.14E-4_ss200.fa	23	5.837	6.714	94.408
long_content_30k_002/lc30k002_536_gc3300_rp0.10_mr1.14E-4_ss100.fa	28	8.451	10.222	93.418
long_content_30k_002/lc30k002_537_gc3300_rp0.05_mr1.14E-4_ss100.fa	7	7.000	7.063	94.712
long_content_30k_002/lc30k002_538_gc3300_rp0.07_mr1.14E-4_ss100.fa	22	4.475	4.417	94.142
long_content_30k_002/lc30k002_539_gc3300_rp0.10_mr1.14E-4_ss200.fa	24	4.099	4.361	95.009
long_content_30k_002/lc30k002_540_gc3300_rp0.15_mr1.14E-4_ss100.fa	14	6.143	6.953	93.783
long_content_30k_002/lc30k002_541_gc3300_rp0.15_mr1.14E-4_ss200.fa	26	5.180	6.404	94.017
long_content_30k_002/lc30k002_542_gc3300_rp0.07_mr1.14E-4_ss200.fa	11	6.825	6.953	95.085
long_content_30k_002/lc30k002_543_gc3300_rp0.05_mr1.14E-4_ss200.fa	16	2.202	2.330	97.832
long_content_30k_002/lc30k002_544_gc3300_rp0.10_mr1.14E-4_ss100.fa	21	11.371	14.776	90.464
long_content_30k_002/lc30k002_545_gc3300_rp0.05_mr1.14E-4_ss100.fa	18	3.496	3.591	95.853
long_content_30k_002/lc30k002_546_gc3300_rp0.07_mr1.14E-4_ss100.fa	25	8.256	10.394	92.833
long_content_30k_002/lc30k002_547_gc3300_rp0.10_mr1.14E-4_ss200.fa	18	3.415	3.187	96.110
long_content_30k_002/lc30k002_548_gc3300_rp0.15_mr1.14E-4_ss100.fa	5	5.019	3.984	94.416
long_content_30k_002/lc30k002_549_gc3300_rp0.15_mr1.14E-4_ss200.fa	13	5.940	6.618	91.126
long_content_30k_002/lc30k002_550_gc3300_rp0.07_mr1.14E-4_ss200.fa	6	2.212	1.348	97.032
long_content_30k_002/lc30k002_551_gc3300_rp0.05_mr1.14E-4_ss200.fa	8	8.458	8.485	91.325
long_content_30k_002/lc30k002_552_gc3300_rp0.10_mr1.14E-4_ss100.fa	10	9.288	10.028	92.705
long_content_30k_002/lc30k002_553_gc3300_rp0.05_mr1.14E-4_ss100.fa	13	2.158	2.193	94.084
long_content_30k_002/lc30k002_554_gc3300_rp0.07_mr1.14E-4_ss100.fa	20	6.610	3.203	91.630
long_content_30k_002/lc30k002_555_gc3300_rp0.10_mr1.14E-4_ss200.fa	17	4.641	5.789	93.637
long_content_30k_002/lc30k002_556_gc3300_rp0.15_mr1.14E-4_ss100.fa	11	3.878	3.946	94.520
long_content_30k_002/lc30k002_557_gc3300_rp0.15_mr1.14E-4_ss200.fa	19	8.631	9.110	90.504
long_content_30k_002/lc30k002_558_gc3300_rp0.07_mr1.14E-4_ss200.fa	25	3.646	3.726	90.096
long_content_30k_002/lc30k002_559_gc3300_rp0.05_mr1.14E-4_ss200.fa	19	1.544	0.676	94.442
long_content_30k_002/lc30k002_560_gc3300_rp0.10_mr1.14E-4_ss100.fa	17	3.053	2.754	93.336
long_content_30k_002/lc30k002_561_gc3300_rp0.05_mr1.14E-4_ss100.fa	22	4.728	4.370	87.353
long_content_30k_002/lc30k002_562_gc3300_rp0.07_mr1.14E-4_ss100.fa	28	4.739	4.927	95.470
long_content_30k_002/lc30k002_563_gc3300_rp0.10_mr1.14E-4_ss200.fa	26	3.987	3.891	93.880
long_content_30k_002/lc30k002_564_gc3300_rp0.15_mr1.14E-4_ss100.fa	25	4.132	4.798	95.556
long_content_30k_002/lc30k002_565_gc3300_rp0.15_mr1.14E-4_ss200.fa	23	5.450	6.018	94.632
long_content_30k_002/lc30k002_566_gc3300_rp0.07_mr1.14E-4_ss200.fa	28	4.275	4.796	94.591
long_content_30k_002/lc30k002_567_gc3300_rp0.05_mr1.14E-4_ss200.fa	30	3.545	3.962	96.164
long_content_30k_002/lc30k002_568_gc3300_rp0.10_mr1.14E-4_ss100.fa	14	5.291	5.473	92.101
long_content_30k_002/lc30k002_569_gc3300_rp0.05_mr1.14E-4_ss100.fa	8	3.445	0.555	92.195
long_content_30k_002/lc30k002_570_gc3300_rp0.07_mr1.14E-4_ss100.fa	26	7.178	7.024	93.425
long_content_30k_002/lc30k002_571_gc3300_rp0.10_mr1.14E-4_ss200.fa	27	3.442	3.762	97.063
long_content_30k_002/lc30k002_572_gc3300_rp0.15_mr1.14E-4_ss100.fa	10	4.558	1.545	91.086
long_content_30k_002/lc30k002_573_gc3300_rp0.15_mr1.14E-4_ss200.fa	7	2.450	2.611	94.929
long_content_30k_002/lc30k002_574_gc3300_rp0.07_mr1.14E-4_ss200.fa	14	6.884	6.792	93.542
long_content_30k_002/lc30k002_575_gc3300_rp0.05_mr1.14E-4_ss200.fa	26	4.849	1.719	88.534
long_content_30k_002/lc30k002_576_gc3300_rp0.10_mr1.14E-4_ss100.fa	18	5.274	7.846	93.068
long_content_30k_002/lc30k002_577_gc3300_rp0.05_mr1.14E-4_ss100.fa	23	5.076	5.612	92.837
long_content_30k_002/lc30k002_578_gc3300_rp0.07_mr1.14E-4_ss100.fa	8	5.743	5.065	93.588
long_content_30k_002/lc30k002_579_gc3300_rp0.10_mr1.14E-4_ss200.fa	10	4.089	2.531	90.720
long_content_30k_002/lc30k002_580_gc3300_rp0.15_mr1.14E-4_ss100.fa	30	2.945	2.692	95.423
long_content_30k_002/lc30k002_581_gc3300_rp0.15_mr1.14E-4_ss200.fa	9	3.280	4.207	94.225
long_content_30k_002/lc30k002_582_gc3300_rp0.07_mr1.14E-4_ss200.fa	30	2.834	3.432	95.784
long_content_30k_002/lc30k002_583_gc3300_rp0.05_mr1.14E-4_ss200.fa	30	6.616	4.558	90.369
long_content_30k_002/lc30k002_584_gc3300_rp0.10_mr1.14E-4_ss100.fa	23	6.577	6.762	93.651
long_content_30k_002/lc30k002_585_gc3300_rp0.05_mr1.14E-4_ss100.fa	8	5.879	2.965	90.216
long_content_30k_002/lc30k002_586_gc3300_rp0.07_mr1.14E-4_ss100.fa	28	3.098	3.127	96.131
long_content_30k_002/lc30k002_587_gc3300_rp0.10_mr1.14E-4_ss200.fa	30	6.967	7.856	92.821
long_content_30k_002/lc30k002_588_gc3300_rp0.15_mr1.14E-4_ss100.fa	1	2.535	2.535	90.883
long_content_30k_002/lc30k002_589_gc3300_rp0.15_mr1.14E-4_ss200.fa	15	2.999	2.664	94.535
long_content_30k_002/lc30k002_590_gc3300_rp0.07_mr1.14E-4_ss200.fa	30	3.721	3.671	95.985
long_content_30k_002/lc30k002_591_gc3300_rp0.05_mr1.14E-4_ss200.fa	30	5.734	6.543	92.815
long_content_30k_002/lc30k002_592_gc3300_rp0.10_mr1.14E-4_ss100.fa	22	4.239	4.029	93.828
long_content_30k_002/lc30k002_593_gc3300_rp0.05_mr1.14E-4_ss100.fa	16	6.584	6.584	93.682
long_content_30k_002/lc30k002_594_gc3300_rp0.07_mr1.14E-4_ss100.fa	30	2.989	3.083	97.153
long_content_30k_002/lc30k002_595_gc3300_rp0.10_mr1.14E-4_ss200.fa	26	5.673	5.670	93.692
long_content_30k_002/lc30k002_596_gc3300_rp0.15_mr1.14E-4_ss100.fa	5	3.089	3.366	94.475
long_content_30k_002/lc30k002_597_gc3300_rp0.15_mr1.14E-4_ss200.fa	10	3.867	4.380	95.936
long_content_30k_002/lc30k002_598_gc3300_rp0.07_mr1.14E-4_ss200.fa	29	3.700	4.378	95.921
long_content_30k_002/lc30k002_599_gc3300_rp0.05_mr1.14E-4_ss200.fa	23	4.340	3.050	93.622
long_content_30k_002/lc30k002_600_gc3300_rp0.10_mr1.14E-4_ss100.fa	25	4.795	3.426	92.951
long_content_30k_002/lc30k002_601_gc3300_rp0.05_mr1.14E-4_ss100.fa	30	2.342	1.867	95.719
long_content_30k_002/lc30k002_602_gc3300_rp0.07_mr1.14E-4_ss100.fa	15	5.054	7.897	93.599
long_content_30k_002/lc30k002_603_gc3300_rp0.10_mr1.14E-4_ss200.fa	25	6.563	7.287	94.171
long_content_30k_002/lc30k002_604_gc3300_rp0.15_mr1.14E-4_ss100.fa	17	7.565	7.969	93.875
long_content_30k_002/lc30k002_605_gc3300_rp0.15_mr1.14E-4_ss200.fa	26	3.546	3.557	95.844
long_content_30k_002/lc30k002_606_gc3300_rp0.07_mr1.14E-4_ss200.fa	11	5.187	7.260	91.296
long_content_30k_002/lc30k002_607_gc3300_rp0.05_mr1.14E-4_ss200.fa	4	3.663	3.661	96.640
long_content_30k_002/lc30k002_608_gc3300_rp0.10_mr1.14E-4_ss100.fa	3	3.672	4.418	94.712
long_content_30k_002/lc30k002_609_gc3300_rp0.05_mr1.14E-4_ss100.fa	30	3.502	4.153	93.832
long_content_30k_002/lc30k002_610_gc3300_rp0.07_mr1.14E-4_ss100.fa	19	8.278	10.928	89.683
long_content_30k_002/lc30k002_611_gc3300_rp0.10_mr1.14E-4_ss200.fa	22	10.584	11.761	91.075
long_content_30k_002/lc30k002_612_gc3300_rp0.15_mr1.14E-4_ss100.fa	8	7.090	7.606	94.028
long_content_30k_002/lc30k002_613_gc3300_rp0.15_mr1.14E-4_ss200.fa	23	5.622	6.046	92.453
long_content_30k_002/lc30k002_614_gc3300_rp0.07_mr1.14E-4_ss200.fa	12	7.102	7.918	92.812
long_content_30k_002/lc30k002_615_gc3300_rp0.05_mr1.14E-4_ss200.fa	19	7.500	8.928	92.887
long_content_30k_002/lc30k002_616_gc3300_rp0.10_mr1.14E-4_ss100.fa	15	6.613	9.799	93.117
long_content_30k_002/lc30k002_617_gc3300_rp0.05_mr1.14E-4_ss100.fa	20	3.071	1.784	94.581
long_content_30k_002/lc30k002_618_gc3300_rp0.07_mr1.14E-4_ss100.fa	3	1.894	1.907	92.499
long_content_30k_002/lc30k002_619_gc3300_rp0.10_mr1.14E-4_ss200.fa	23	4.443	4.925	94.423
long_content_30k_002/lc30k002_620_gc3300_rp0.15_mr1.14E-4_ss100.fa	30	4.987	3.919	94.991
long_content_30k_002/lc30k002_621_gc3300_rp0.15_mr1.14E-4_ss200.fa	18	3.089	1.653	95.138
long_content_30k_002/lc30k002_622_gc3300_rp0.07_mr1.14E-4_ss200.fa	12	4.871	5.631	94.657
long_content_30k_002/lc30k002_623_gc3300_rp0.05_mr1.14E-4_ss200.fa	29	3.201	2.205	93.861
long_content_30k_002/lc30k002_624_gc3300_rp0.10_mr1.14E-4_ss100.fa	21	3.134	3.531	96.200
long_content_30k_002/lc30k002_625_gc3300_rp0.05_mr1.14E-4_ss100.fa	19	3.632	3.778	94.741
long_content_30k_002/lc30k002_626_gc3300_rp0.07_mr1.14E-4_ss100.fa	25	2.731	2.376	95.172
long_content_30k_002/lc30k002_627_gc3300_rp0.10_mr1.14E-4_ss200.fa	23	5.261	4.548	92.764
long_content_30k_002/lc30k002_628_gc3300_rp0.15_mr1.14E-4_ss100.fa	15	6.229	6.979	92.123
long_content_30k_002/lc30k002_629_gc3300_rp0.15_mr1.14E-4_ss200.fa	13	7.958	8.352	93.265
long_content_30k_002/lc30k002_630_gc3300_rp0.07_mr1.14E-4_ss200.fa	30	3.277	3.183	96.494
long_content_30k_002/lc30k002_631_gc3300_rp0.05_mr1.14E-4_ss200.fa	24	7.444	8.007	90.362
long_content_30k_002/lc30k002_632_gc3300_rp0.10_mr1.14E-4_ss100.fa	17	3.942	4.029	95.325
long_content_30k_002/lc30k002_633_gc3300_rp0.05_mr1.14E-4_ss100.fa	19	5.363	5.017	93.881
long_content_30k_002/lc30k002_634_gc3300_rp0.07_mr1.14E-4_ss100.fa	20	6.150	5.959	92.775
long_content_30k_002/lc30k002_635_gc3300_rp0.10_mr1.14E-4_ss200.fa	27	3.551	3.546	95.400
long_content_30k_002/lc30k002_636_gc3300_rp0.15_mr1.14E-4_ss100.fa	15	7.083	7.157	93.722
long_content_30k_002/lc30k002_637_gc3300_rp0.15_mr1.14E-4_ss200.fa	5	7.017	7.445	93.762
long_content_30k_002/lc30k002_638_gc3300_rp0.07_mr1.14E-4_ss200.fa	12	2.596	1.699	97.096
long_content_30k_002/lc30k002_639_gc3300_rp0.05_mr1.14E-4_ss200.fa	14	6.998	7.618	94.018
long_content_30k_002/lc30k002_640_gc3300_rp0.10_mr1.14E-4_ss100.fa	7	12.337	12.253	90.375
long_content_30k_002/lc30k002_641_gc3300_rp0.05_mr1.14E-4_ss100.fa	30	4.980	5.060	95.819
long_content_30k_002/lc30k002_642_gc3300_rp0.07_mr1.14E-4_ss100.fa	23	3.785	4.041	95.873
long_content_30k_002/lc30k002_643_gc3300_rp0.10_mr1.14E-4_ss200.fa	19	3.594	3.764	94.804
long_content_30k_002/lc30k002_644_gc3300_rp0.15_mr1.14E-4_ss100.fa	10	8.270	7.374	90.097
long_content_30k_002/lc30k002_645_gc3300_rp0.15_mr1.14E-4_ss200.fa	16	5.501	5.865	95.038
long_content_30k_002/lc30k002_646_gc3300_rp0.07_mr1.14E-4_ss200.fa	26	6.177	7.054	93.806
long_content_30k_002/lc30k002_647_gc3300_rp0.05_mr1.14E-4_ss200.fa	12	5.402	6.260	93.823
long_content_30k_002/lc30k002_648_gc3300_rp0.10_mr1.14E-4_ss100.fa	10	5.075	4.010	91.551
long_content_30k_002/lc30k002_649_gc3300_rp0.05_mr1.14E-4_ss100.fa	5	16.946	20.356	88.821
long_content_30k_002/lc30k002_650_gc3300_rp0.07_mr1.14E-4_ss100.fa	11	6.324	4.224	90.854
long_content_30k_002/lc30k002_651_gc3300_rp0.10_mr1.14E-4_ss200.fa	6	3.803	3.868	93.082
long_content_30k_002/lc30k002_652_gc3300_rp0.15_mr1.14E-4_ss100.fa	9	2.584	1.652	93.762
long_content_30k_002/lc30k002_653_gc3300_rp0.15_mr1.14E-4_ss200.fa	30	1.947	1.971	97.442
long_content_30k_002/lc30k002_654_gc3300_rp0.07_mr1.14E-4_ss200.fa	28	4.164	4.670	93.853
long_content_30k_002/lc30k002_655_gc3300_rp0.05_mr1.14E-4_ss200.fa	2	6.194	6.194	92.420
long_content_30k_002/lc30k002_656_gc3300_rp0.10_mr1.14E-4_ss100.fa	24	6.533	6.633	94.184
long_content_30k_002/lc30k002_657_gc3300_rp0.05_mr1.14E-4_ss100.fa	30	4.253	4.252	94.885
long_content_30k_002/lc30k002_658_gc3300_rp0.07_mr1.14E-4_ss100.fa	30	3.092	2.895	95.894
long_content_30k_002/lc30k002_659_gc3300_rp0.10_mr1.14E-4_ss200.fa	10	7.957	8.638	93.603
long_content_30k_002/lc30k002_660_gc3300_rp0.15_mr1.14E-4_ss100.fa	29	8.574	9.710	92.590
long_content_30k_002/lc30k002_661_gc3300_rp0.15_mr1.14E-4_ss200.fa	4	2.576	1.461	94.554
long_content_30k_002/lc30k002_662_gc3300_rp0.07_mr1.14E-4_ss200.fa	27	1.901	1.585	97.195
long_content_30k_002/lc30k002_663_gc3300_rp0.05_mr1.14E-4_ss200.fa	13	5.217	3.048	91.370
long_content_30k_002/lc30k002_664_gc3300_rp0.10_mr1.14E-4_ss100.fa	13	7.833	8.909	92.720
long_content_30k_002/lc30k002_665_gc3300_rp0.05_mr1.14E-4_ss100.fa	30	3.082	3.137	97.021
long_content_30k_002/lc30k002_666_gc3300_rp0.07_mr1.14E-4_ss100.fa	15	5.131	0.639	91.418
long_content_30k_002/lc30k002_667_gc3300_rp0.10_mr1.14E-4_ss200.fa	10	4.201	2.624	94.807
long_content_30k_002/lc30k002_668_gc3300_rp0.15_mr1.14E-4_ss100.fa	14	6.595	6.997	93.816
long_content_30k_002/lc30k002_669_gc3300_rp0.15_mr1.14E-4_ss200.fa	18	4.874	6.019	93.687
long_content_30k_002/lc30k002_670_gc3300_rp0.07_mr1.14E-4_ss200.fa	30	3.162	3.398	95.893
long_content_30k_002/lc30k002_671_gc3300_rp0.05_mr1.14E-4_ss200.fa	30	4.167	1.659	88.722
long_content_30k_002/lc30k002_672_gc3300_rp0.10_mr1.14E-4_ss100.fa	16	5.717	6.438	93.311
long_content_30k_002/lc30k002_673_gc3300_rp0.05_mr1.14E-4_ss100.fa	13	10.099	13.178	92.552
long_content_30k_002/lc30k002_674_gc3300_rp0.07_mr1.14E-4_ss100.fa	30	4.364	4.434	94.563
long_content_30k_002/lc30k002_675_gc3300_rp0.10_mr1.14E-4_ss200.fa	17	7.412	7.832	92.000
long_content_30k_002/lc30k002_676_gc3300_rp0.15_mr1.14E-4_ss100.fa	9	1.931	2.609	96.738
long_content_30k_002/lc30k002_677_gc3300_rp0.15_mr1.14E-4_ss200.fa	27	3.861	3.261	95.817
long_content_30k_002/lc30k002_678_gc3300_rp0.07_mr1.14E-4_ss200.fa	9	3.258	1.719	89.380
long_content_30k_002/lc30k002_679_gc3300_rp0.05_mr1.14E-4_ss200.fa	6	9.359	9.597	92.623
long_content_30k_002/lc30k002_680_gc3300_rp0.10_mr1.14E-4_ss100.fa	20	3.621	3.905	94.453
long_content_30k_002/lc30k002_681_gc3300_rp0.05_mr1.14E-4_ss100.fa	12	3.316	2.648	95.987
long_content_30k_002/lc30k002_682_gc3300_rp0.07_mr1.14E-4_ss100.fa	21	5.466	5.498	94.416
long_content_30k_002/lc30k002_683_gc3300_rp0.10_mr1.14E-4_ss200.fa	14	6.458	7.740	92.160
long_content_30k_002/lc30k002_684_gc3300_rp0.15_mr1.14E-4_ss100.fa	2	3.047	3.047	94.036
long_content_30k_002/lc30k002_685_gc3300_rp0.15_mr1.14E-4_ss200.fa	23	4.232	4.390	95.267
long_content_30k_002/lc30k002_686_gc3300_rp0.07_mr1.14E-4_ss200.fa	17	9.238	10.902	92.476
long_content_30k_002/lc30k002_687_gc3300_rp0.05_mr1.14E-4_ss200.fa	30	4.199	3.419	92.087
long_content_30k_002/lc30k002_688_gc3300_rp0.10_mr1.14E-4_ss100.fa	11	4.079	3.742	92.705
long_content_30k_002/lc30k002_689_gc3300_rp0.05_mr1.14E-4_ss100.fa	29	8.495	8.807	92.124
long_content_30k_002/lc30k002_690_gc3300_rp0.07_mr1.14E-4_ss100.fa	27	6.865	6.471	93.705
long_content_30k_002/lc30k002_691_gc3300_rp0.10_mr1.14E-4_ss200.fa	29	6.565	6.641	93.006
long_content_30k_002/lc30k002_692_gc3300_rp0.15_mr1.14E-4_ss100.fa	0	0.000	0.000	0.000
long_content_30k_002/lc30k002_693_gc3300_rp0.15_mr1.14E-4_ss200.fa	13	7.230	7.835	93.466
long_content_30k_002/lc30k002_694_gc3300_rp0.07_mr1.14E-4_ss200.fa	19	6.087	6.871	93.822
long_content_30k_002/lc30k002_695_gc3300_rp0.05_mr1.14E-4_ss200.fa	30	1.479	1.106	97.119
long_content_30k_002/lc30k002_696_gc3300_rp0.10_mr1.14E-4_ss100.fa	12	4.528	4.738	93.067
long_content_30k_002/lc30k002_697_gc3300_rp0.05_mr1.14E-4_ss100.fa	30	4.290	4.291	95.357
long_content_30k_002/lc30k002_698_gc3300_rp0.07_mr1.14E-4_ss100.fa	12	6.341	6.636	93.946
long_content_30k_002/lc30k002_699_gc3300_rp0.10_mr1.14E-4_ss200.fa	14	3.069	2.783	94.755
long_content_30k_002/lc30k002_700_gc3300_rp0.15_mr1.14E-4_ss100.fa	8	2.467	2.427	96.931
long_content_30k_002/lc30k002_701_gc3300_rp0.15_mr1.14E-4_ss200.fa	15	3.271	3.518	95.636
long_content_30k_002/lc30k002_702_gc3300_rp0.07_mr1.14E-4_ss200.fa	16	5.967	2.775	93.570
long_content_30k_002/lc30k002_703_gc3300_rp0.05_mr1.14E-4_ss200.fa	29	4.980	3.937	94.042
long_content_30k_002/lc30k002_704_gc3300_rp0.10_mr1.14E-4_ss100.fa	28	5.282	5.606	94.255
long_content_30k_002/lc30k002_705_gc3300_rp0.05_mr1.14E-4_ss100.fa	27	4.576	4.193	93.080
long_content_30k_002/lc30k002_706_gc3300_rp0.07_mr1.14E-4_ss100.fa	16	7.203	9.892	93.243
long_content_30k_002/lc30k002_707_gc3300_rp0.10_mr1.14E-4_ss200.fa	7	6.498	6.348	91.510
long_content_30k_002/lc30k002_708_gc3300_rp0.15_mr1.14E-4_ss100.fa	17	5.561	6.321	93.763
long_content_30k_002/lc30k002_709_gc3300_rp0.15_mr1.14E-4_ss200.fa	8	4.087	4.093	95.812
long_content_30k_002/lc30k002_710_gc3300_rp0.07_mr1.14E-4_ss200.fa	26	2.408	1.801	96.173
long_content_30k_002/lc30k002_711_gc3300_rp0.05_mr1.14E-4_ss200.fa	30	2.373	1.288	90.742
long_content_30k_002/lc30k002_712_gc3300_rp0.10_mr1.14E-4_ss100.fa	21	3.432	2.223	94.319
long_content_30k_002/lc30k002_713_gc3300_rp0.05_mr1.14E-4_ss100.fa	30	5.576	5.053	92.417
long_content_30k_002/lc30k002_714_gc3300_rp0.07_mr1.14E-4_ss100.fa	12	4.958	5.665	94.354
long_content_30k_002/lc30k002_715_gc3300_rp0.10_mr1.14E-4_ss200.fa	22	3.305	3.130	93.175
long_content_30k_002/lc30k002_716_gc3300_rp0.15_mr1.14E-4_ss100.fa	17	3.466	1.949	94.042
long_content_30k_002/lc30k002_717_gc3300_rp0.15_mr1.14E-4_ss200.fa	15	2.519	0.685	93.901
long_content_30k_002/lc30k002_718_gc3300_rp0.07_mr1.14E-4_ss200.fa	20	6.199	6.116	92.407
long_content_30k_002/lc30k002_719_gc3300_rp0.05_mr1.14E-4_ss200.fa	23	5.055	4.709	90.460
long_content_30k_002/lc30k002_720_gc3300_rp0.10_mr1.14E-4_ss100.fa	19	3.451	3.424	95.382
long_content_30k_002/lc30k002_721_gc3300_rp0.05_mr1.14E-4_ss100.fa	22	5.938	7.134	90.777
long_content_30k_002/lc30k002_722_gc3300_rp0.07_mr1.14E-4_ss100.fa	16	5.558	5.495	94.300
long_content_30k_002/lc30k002_723_gc3300_rp0.10_mr1.14E-4_ss200.fa	13	2.406	0.709	94.994
long_content_30k_002/lc30k002_724_gc3300_rp0.15_mr1.14E-4_ss100.fa	21	4.949	6.568	94.607
long_content_30k_002/lc30k002_725_gc3300_rp0.15_mr1.14E-4_ss200.fa	16	4.709	5.180	95.467
long_content_30k_002/lc30k002_726_gc3300_rp0.07_mr1.14E-4_ss200.fa	21	3.882	5.477	92.764
long_content_30k_002/lc30k002_727_gc3300_rp0.05_mr1.14E-4_ss200.fa	30	5.052	5.218	94.795
long_content_30k_002/lc30k002_728_gc3300_rp0.10_mr1.14E-4_ss100.fa	24	3.614	3.136	95.590
long_content_30k_002/lc30k002_729_gc3300_rp0.05_mr1.14E-4_ss100.fa	21	6.212	7.553	93.769
long_content_30k_002/lc30k002_730_gc3300_rp0.07_mr1.14E-4_ss100.fa	18	3.517	3.818	90.782
long_content_30k_002/lc30k002_731_gc3300_rp0.10_mr1.14E-4_ss200.fa	8	9.198	11.924	89.714
long_content_30k_002/lc30k002_732_gc3300_rp0.15_mr1.14E-4_ss100.fa	16	3.424	4.381	96.003
long_content_30k_002/lc30k002_733_gc3300_rp0.15_mr1.14E-4_ss200.fa	10	5.638	5.902	94.329
long_content_30k_002/lc30k002_734_gc3300_rp0.07_mr1.14E-4_ss200.fa	30	4.022	5.110	92.044
long_content_30k_002/lc30k002_735_gc3300_rp0.05_mr1.14E-4_ss200.fa	20	6.245	6.667	93.348
long_content_30k_002/lc30k002_736_gc3300_rp0.10_mr1.14E-4_ss100.fa	16	9.021	8.813	92.947
long_content_30k_002/lc30k002_737_gc3300_rp0.05_mr1.14E-4_ss100.fa	19	6.873	6.876	95.273
long_content_30k_002/lc30k002_738_gc3300_rp0.07_mr1.14E-4_ss100.fa	4	4.875	6.147	92.959
long_content_30k_002/lc30k002_739_gc3300_rp0.10_mr1.14E-4_ss200.fa	20	3.368	3.407	96.420
long_content_30k_002/lc30k002_740_gc3300_rp0.15_mr1.14E-4_ss100.fa	8	5.547	5.717	94.644
long_content_30k_002/lc30k002_741_gc3300_rp0.15_mr1.14E-4_ss200.fa	24	4.029	4.358	95.033
long_content_30k_002/lc30k002_742_gc3300_rp0.07_mr1.14E-4_ss200.fa	22	5.185	5.819	95.524
long_content_30k_002/lc30k002_743_gc3300_rp0.05_mr1.14E-4_ss200.fa	30	4.226	4.568	94.914
long_content_30k_002/lc30k002_744_gc3300_rp0.10_mr1.14E-4_ss100.fa	10	7.525	6.498	93.339
long_content_30k_002/lc30k002_745_gc3300_rp0.05_mr1.14E-4_ss100.fa	30	4.614	5.149	94.979
long_content_30k_002/lc30k002_746_gc3300_rp0.07_mr1.14E-4_ss100.fa	24	5.527	5.723	94.296
long_content_30k_002/lc30k002_747_gc3300_rp0.10_mr1.14E-4_ss200.fa	30	4.661	3.789	95.069
long_content_30k_002/lc30k002_748_gc3300_rp0.15_mr1.14E-4_ss100.fa	9	3.876	4.681	94.781
long_content_30k_002/lc30k002_749_gc3300_rp0.15_mr1.14E-4_ss200.fa	16	6.238	5.801	92.920
long_content_30k_002/lc30k002_750_gc3300_rp0.07_mr1.14E-4_ss200.fa	15	2.486	0.844	95.720
long_content_30k_002/lc30k002_751_gc3300_rp0.05_mr1.14E-4_ss200.fa	24	6.910	6.987	92.451
long_content_30k_002/lc30k002_752_gc3300_rp0.10_mr1.14E-4_ss100.fa	15	5.493	4.883	94.997
long_content_30k_002/lc30k002_753_gc3300_rp0.05_mr1.14E-4_ss100.fa	28	2.778	2.134	97.315
long_content_30k_002/lc30k002_754_gc3300_rp0.07_mr1.14E-4_ss100.fa	28	2.538	2.762	97.032
long_content_30k_002/lc30k002_755_gc3300_rp0.10_mr1.14E-4_ss200.fa	13	3.760	4.653	94.820
long_content_30k_002/lc30k002_756_gc3300_rp0.15_mr1.14E-4_ss100.fa	13	3.357	2.585	95.386
long_content_30k_002/lc30k002_757_gc3300_rp0.15_mr1.14E-4_ss200.fa	19	3.973	4.475	96.018
long_content_30k_002/lc30k002_758_gc3300_rp0.07_mr1.14E-4_ss200.fa	15	5.208	4.353	92.291
long_content_30k_002/lc30k002_759_gc3300_rp0.05_mr1.14E-4_ss200.fa	22	4.194	5.621	92.421
long_content_30k_002/lc30k002_760_gc3300_rp0.10_mr1.14E-4_ss100.fa	26	3.525	3.223	94.433
long_content_30k_002/lc30k002_761_gc3300_rp0.05_mr1.14E-4_ss100.fa	27	14.987	16.362	88.230
long_content_30k_002/lc30k002_762_gc3300_rp0.07_mr1.14E-4_ss100.fa	20	3.426	2.791	93.997
long_content_30k_002/lc30k002_763_gc3300_rp0.10_mr1.14E-4_ss200.fa	16	7.912	7.501	90.670
long_content_30k_002/lc30k002_764_gc3300_rp0.15_mr1.14E-4_ss100.fa	7	4.133	4.704	94.164
long_content_30k_002/lc30k002_765_gc3300_rp0.15_mr1.14E-4_ss200.fa	8	3.501	2.106	93.596
long_content_30k_002/lc30k002_766_gc3300_rp0.07_mr1.14E-4_ss200.fa	24	8.398	10.552	89.307
long_content_30k_002/lc30k002_767_gc3300_rp0.05_mr1.14E-4_ss200.fa	27	3.488	3.556	94.330
long_content_30k_002/lc30k002_768_gc3300_rp0.10_mr1.14E-4_ss100.fa	28	3.958	2.350	95.411
long_content_30k_002/lc30k002_769_gc3300_rp0.05_mr1.14E-4_ss100.fa	14	7.442	11.053	89.957
long_content_30k_002/lc30k002_770_gc3300_rp0.07_mr1.14E-4_ss100.fa	30	7.005	10.229	91.334
long_content_30k_002/lc30k002_771_gc3300_rp0.10_mr1.14E-4_ss200.fa	27	3.210	2.022	94.542
long_content_30k_002/lc30k002_772_gc3300_rp0.15_mr1.14E-4_ss100.fa	2	3.049	3.049	95.161
long_content_30k_002/lc30k002_773_gc3300_rp0.15_mr1.14E-4_ss200.fa	21	7.553	10.505	91.805
long_content_30k_002/lc30k002_774_gc3300_rp0.07_mr1.14E-4_ss200.fa	30	5.209	6.609	93.865
long_content_30k_002/lc30k002_775_gc3300_rp0.05_mr1.14E-4_ss200.fa	24	3.819	3.333	96.355
long_content_30k_002/lc30k002_776_gc3300_rp0.10_mr1.14E-4_ss100.fa	24	5.382	5.864	92.665
long_content_30k_002/lc30k002_777_gc3300_rp0.05_mr1.14E-4_ss100.fa	7	2.537	2.647	90.643
long_content_30k_002/lc30k002_778_gc3300_rp0.07_mr1.14E-4_ss100.fa	12	5.833	6.321	94.898
long_content_30k_002/lc30k002_779_gc3300_rp0.10_mr1.14E-4_ss200.fa	4	1.329	1.488	92.948
long_content_30k_002/lc30k002_780_gc3300_rp0.15_mr1.14E-4_ss100.fa	10	4.351	4.711	95.517
long_content_30k_002/lc30k002_781_gc3300_rp0.15_mr1.14E-4_ss200.fa	9	5.243	5.588	96.058
long_content_30k_002/lc30k002_782_gc3300_rp0.07_mr1.14E-4_ss200.fa	30	2.897	3.581	96.779
long_content_30k_002/lc30k002_783_gc3300_rp0.05_mr1.14E-4_ss200.fa	15	6.522	3.343	86.447
long_content_30k_002/lc30k002_784_gc3300_rp0.10_mr1.14E-4_ss100.fa	11	5.450	4.184	95.415
long_content_30k_002/lc30k002_785_gc3300_rp0.05_mr1.14E-4_ss100.fa	16	3.071	2.796	95.967
long_content_30k_002/lc30k002_786_gc3300_rp0.07_mr1.14E-4_ss100.fa	30	10.596	10.195	91.441
long_content_30k_002/lc30k002_787_gc3300_rp0.10_mr1.14E-4_ss200.fa	6	9.674	9.920	91.658
long_content_30k_002/lc30k002_788_gc3300_rp0.15_mr1.14E-4_ss100.fa	14	2.748	3.247	94.325
long_content_30k_002/lc30k002_789_gc3300_rp0.15_mr1.14E-4_ss200.fa	19	6.207	6.521	93.875
long_content_30k_002/lc30k002_790_gc3300_rp0.07_mr1.14E-4_ss200.fa	24	4.437	4.994	93.098
long_content_30k_002/lc30k002_791_gc3300_rp0.05_mr1.14E-4_ss200.fa	19	6.139	6.170	90.688
long_content_30k_002/lc30k002_792_gc3300_rp0.10_mr1.14E-4_ss100.fa	13	6.357	6.266	93.031
long_content_30k_002/lc30k002_793_gc3300_rp0.05_mr1.14E-4_ss100.fa	30	3.887	2.084	92.273
long_content_30k_002/lc30k002_794_gc3300_rp0.07_mr1.14E-4_ss100.fa	18	2.451	1.916	95.692
long_content_30k_002/lc30k002_795_gc3300_rp0.10_mr1.14E-4_ss200.fa	21	4.630	3.729	94.955
long_content_30k_002/lc30k002_796_gc3300_rp0.15_mr1.14E-4_ss100.fa	14	2.653	1.482	93.065
long_content_30k_002/lc30k002_797_gc3300_rp0.15_mr1.14E-4_ss200.fa	24	4.959	4.977	94.745
long_content_30k_002/lc30k002_798_gc3300_rp0.07_mr1.14E-4_ss200.fa	18	2.470	1.846	93.233
long_content_30k_002/lc30k002_799_gc3300_rp0.05_mr1.14E-4_ss200.fa	30	5.594	5.747	94.641
long_content_30k_002/lc30k002_800_gc3300_rp0.10_mr1.14E-4_ss100.fa	22	3.784	3.496	94.748
long_content_30k_002/lc30k002_801_gc3300_rp0.05_mr1.14E-4_ss100.fa	30	7.202	7.227	93.822
long_content_30k_002/lc30k002_802_gc3300_rp0.07_mr1.14E-4_ss100.fa	4	8.196	9.529	93.368
long_content_30k_002/lc30k002_803_gc3300_rp0.10_mr1.14E-4_ss200.fa	20	4.793	3.234	93.380
long_content_30k_002/lc30k002_804_gc3300_rp0.15_mr1.14E-4_ss100.fa	4	3.078	2.265	95.007
long_content_30k_002/lc30k002_805_gc3300_rp0.15_mr1.14E-4_ss200.fa	12	5.366	6.078	93.906
long_content_30k_002/lc30k002_806_gc3300_rp0.07_mr1.14E-4_ss200.fa	19	4.922	1.267	93.476
long_content_30k_002/lc30k002_807_gc3300_rp0.05_mr1.14E-4_ss200.fa	30	4.561	5.431	95.831
long_content_30k_002/lc30k002_808_gc3300_rp0.10_mr1.14E-4_ss100.fa	18	3.503	3.499	96.140
long_content_30k_002/lc30k002_809_gc3300_rp0.05_mr1.14E-4_ss100.fa	12	3.563	1.174	87.246
long_content_30k_002/lc30k002_810_gc3300_rp0.07_mr1.14E-4_ss100.fa	23	6.379	6.673	94.214
long_content_30k_002/lc30k002_811_gc3300_rp0.10_mr1.14E-4_ss200.fa	21	6.735	7.953	94.264
long_content_30k_002/lc30k002_812_gc3300_rp0.15_mr1.14E-4_ss100.fa	21	3.104	2.913	94.966
long_content_30k_002/lc30k002_813_gc3300_rp0.15_mr1.14E-4_ss200.fa	9	2.231	0.365	95.642
long_content_30k_002/lc30k002_814_gc3300_rp0.07_mr1.14E-4_ss200.fa	23	4.613	5.621	95.287
long_content_30k_002/lc30k002_815_gc3300_rp0.05_mr1.14E-4_ss200.fa	28	6.799	8.515	94.396
long_content_30k_002/lc30k002_816_gc3300_rp0.10_mr1.14E-4_ss100.fa	9	4.146	4.164	96.042
long_content_30k_002/lc30k002_817_gc3300_rp0.05_mr1.14E-4_ss100.fa	20	4.213	3.116	88.887
long_content_30k_002/lc30k002_818_gc3300_rp0.07_mr1.14E-4_ss100.fa	5	3.349	3.351	97.143
long_content_30k_002/lc30k002_819_gc3300_rp0.10_mr1.14E-4_ss200.fa	22	6.384	5.651	93.010
long_content_30k_002/lc30k002_820_gc3300_rp0.15_mr1.14E-4_ss100.fa	25	5.871	6.450	94.375
long_content_30k_002/lc30k002_821_gc3300_rp0.15_mr1.14E-4_ss200.fa	7	6.204	5.949	94.075
long_content_30k_002/lc30k002_822_gc3300_rp0.07_mr1.14E-4_ss200.fa	16	9.321	10.785	92.079
long_content_30k_002/lc30k002_823_gc3300_rp0.05_mr1.14E-4_ss200.fa	30	3.479	3.264	95.658
long_content_30k_002/lc30k002_824_gc3300_rp0.10_mr1.14E-4_ss100.fa	10	9.700	9.148	89.771
long_content_30k_002/lc30k002_825_gc3300_rp0.05_mr1.14E-4_ss100.fa	15	4.490	5.305	95.076
long_content_30k_002/lc30k002_826_gc3300_rp0.07_mr1.14E-4_ss100.fa	30	3.764	4.251	95.811
long_content_30k_002/lc30k002_827_gc3300_rp0.10_mr1.14E-4_ss200.fa	22	3.989	4.890	93.455
long_content_30k_002/lc30k002_828_gc3300_rp0.15_mr1.14E-4_ss100.fa	8	7.683	6.857	92.192
long_content_30k_002/lc30k002_829_gc3300_rp0.15_mr1.14E-4_ss200.fa	7	5.220	3.210	92.848
long_content_30k_002/lc30k002_830_gc3300_rp0.07_mr1.14E-4_ss200.fa	9	6.749	7.515	93.178
long_content_30k_002/lc30k002_831_gc3300_rp0.05_mr1.14E-4_ss200.fa	18	2.407	1.957	94.478
long_content_30k_002/lc30k002_832_gc3300_rp0.10_mr1.14E-4_ss100.fa	11	3.361	4.319	95.722
long_content_30k_002/lc30k002_833_gc3300_rp0.05_mr1.14E-4_ss100.fa	30	3.971	3.903	95.117
long_content_30k_002/lc30k002_834_gc3300_rp0.07_mr1.14E-4_ss100.fa	22	5.974	5.910	93.040
long_content_30k_002/lc30k002_835_gc3300_rp0.10_mr1.14E-4_ss200.fa	25	3.927	4.117	94.611
long_content_30k_002/lc30k002_836_gc3300_rp0.15_mr1.14E-4_ss100.fa	17	5.012	5.741	93.789
long_content_30k_002/lc30k002_837_gc3300_rp0.15_mr1.14E-4_ss200.fa	25	4.876	4.755	95.490
long_content_30k_002/lc30k002_838_gc3300_rp0.07_mr1.14E-4_ss200.fa	30	2.822	1.659	92.144
long_content_30k_002/lc30k002_839_gc3300_rp0.05_mr1.14E-4_ss200.fa	30	5.151	5.274	94.893
long_content_30k_002/lc30k002_840_gc3300_rp0.10_mr1.14E-4_ss100.fa	30	6.070	4.530	92.438
long_content_30k_002/lc30k002_841_gc3300_rp0.05_mr1.14E-4_ss100.fa	30	4.799	5.747	94.728
long_content_30k_002/lc30k002_842_gc3300_rp0.07_mr1.14E-4_ss100.fa	30	3.714	2.825	95.343
long_content_30k_002/lc30k002_843_gc3300_rp0.10_mr1.14E-4_ss200.fa	29	6.260	6.427	94.151
long_content_30k_002/lc30k002_844_gc3300_rp0.15_mr1.14E-4_ss100.fa	13	7.224	10.769	88.205
long_content_30k_002/lc30k002_845_gc3300_rp0.15_mr1.14E-4_ss200.fa	22	4.968	5.082	94.061
long_content_30k_002/lc30k002_846_gc3300_rp0.07_mr1.14E-4_ss200.fa	21	9.258	11.680	87.515
long_content_30k_002/lc30k002_847_gc3300_rp0.05_mr1.14E-4_ss200.fa	30	5.247	5.853	94.184
long_content_30k_002/lc30k002_848_gc3300_rp0.10_mr1.14E-4_ss100.fa	22	6.264	6.397	91.610
long_content_30k_002/lc30k002_849_gc3300_rp0.05_mr1.14E-4_ss100.fa	23	11.351	11.541	92.361
long_content_30k_002/lc30k002_850_gc3300_rp0.07_mr1.14E-4_ss100.fa	11	2.870	4.374	95.263
long_content_30k_002/lc30k002_851_gc3300_rp0.10_mr1.14E-4_ss200.fa	24	2.018	1.050	92.403
long_content_30k_002/lc30k002_852_gc3300_rp0.15_mr1.14E-4_ss100.fa	19	5.486	5.604	94.302
long_content_30k_002/lc30k002_853_gc3300_rp0.15_mr1.14E-4_ss200.fa	16	3.760	4.050	94.553
long_content_30k_002/lc30k002_854_gc3300_rp0.07_mr1.14E-4_ss200.fa	22	2.558	0.669	95.261
long_content_30k_002/lc30k002_855_gc3300_rp0.05_mr1.14E-4_ss200.fa	12	8.459	7.783	91.261
long_content_30k_002/lc30k002_856_gc3300_rp0.10_mr1.14E-4_ss100.fa	24	4.493	2.522	89.523
long_content_30k_002/lc30k002_857_gc3300_rp0.05_mr1.14E-4_ss100.fa	27	5.566	6.432	95.739
long_content_30k_002/lc30k002_858_gc3300_rp0.07_mr1.14E-4_ss100.fa	16	5.039	1.923	90.140
long_content_30k_002/lc30k002_859_gc3300_rp0.10_mr1.14E-4_ss200.fa	20	3.028	3.061	94.280
long_content_30k_002/lc30k002_860_gc3300_rp0.15_mr1.14E-4_ss100.fa	21	4.047	4.645	93.818
long_content_30k_002/lc30k002_861_gc3300_rp0.15_mr1.14E-4_ss200.fa	14	2.253	2.043	96.557
long_content_30k_002/lc30k002_862_gc3300_rp0.07_mr1.14E-4_ss200.fa	26	2.997	2.596	94.251
long_content_30k_002/lc30k002_863_gc3300_rp0.05_mr1.14E-4_ss200.fa	30	4.472	4.086	91.654
long_content_30k_002/lc30k002_864_gc3300_rp0.10_mr1.14E-4_ss100.fa	11	7.512	9.819	91.770
long_content_30k_002/lc30k002_865_gc3300_rp0.05_mr1.14E-4_ss100.fa	30	2.146	1.104	92.636
long_content_30k_002/lc30k002_866_gc3300_rp0.07_mr1.14E-4_ss100.fa	2	5.985	5.985	96.516
long_content_30k_002/lc30k002_867_gc3300_rp0.10_mr1.14E-4_ss200.fa	26	2.850	1.246	94.191
long_content_30k_002/lc30k002_868_gc3300_rp0.15_mr1.14E-4_ss100.fa	14	4.874	4.254	93.541
long_content_30k_002/lc30k002_869_gc3300_rp0.15_mr1.14E-4_ss200.fa	16	7.119	8.547	93.471
long_content_30k_002/lc30k002_870_gc3300_rp0.07_mr1.14E-4_ss200.fa	20	3.507	4.030	93.930
long_content_30k_002/lc30k002_871_gc3300_rp0.05_mr1.14E-4_ss200.fa	30	8.513	3.242	85.950
long_content_30k_002/lc30k002_872_gc3300_rp0.10_mr1.14E-4_ss100.fa	15	5.758	6.745	93.723
long_content_30k_002/lc30k002_873_gc3300_rp0.05_mr1.14E-4_ss100.fa	30	5.415	5.951	95.417
long_content_30k_002/lc30k002_874_gc3300_rp0.07_mr1.14E-4_ss100.fa	22	6.671	7.200	92.442
long_content_30k_002/lc30k002_875_gc3300_rp0.10_mr1.14E-4_ss200.fa	17	5.223	5.932	94.241
long_content_30k_002/lc30k002_876_gc3300_rp0.15_mr1.14E-4_ss100.fa	12	2.490	0.880	95.050
long_content_30k_002/lc30k002_877_gc3300_rp0.15_mr1.14E-4_ss200.fa	10	3.066	2.482	94.084
long_content_30k_002/lc30k002_878_gc3300_rp0.07_mr1.14E-4_ss200.fa	19	5.189	3.695	91.396
long_content_30k_002/lc30k002_879_gc3300_rp0.05_mr1.14E-4_ss200.fa	20	2.428	0.859	90.690
long_content_30k_002/lc30k002_880_gc3300_rp0.10_mr1.14E-4_ss100.fa	13	9.116	10.030	92.062
long_content_30k_002/lc30k002_881_gc3300_rp0.05_mr1.14E-4_ss100.fa	26	5.719	7.267	93.504
long_content_30k_002/lc30k002_882_gc3300_rp0.07_mr1.14E-4_ss100.fa	14	5.175	6.008	92.574
long_content_30k_002/lc30k002_883_gc3300_rp0.10_mr1.14E-4_ss200.fa	30	7.278	9.869	92.558
long_content_30k_002/lc30k002_884_gc3300_rp0.15_mr1.14E-4_ss100.fa	7	3.365	4.345	95.434
long_content_30k_002/lc30k002_885_gc3300_rp0.15_mr1.14E-4_ss200.fa	15	1.854	2.096	97.166
long_content_30k_002/lc30k002_886_gc3300_rp0.07_mr1.14E-4_ss200.fa	16	5.808	3.212	93.943
long_content_30k_002/lc30k002_887_gc3300_rp0.05_mr1.14E-4_ss200.fa	7	7.185	8.313	93.491
long_content_30k_002/lc30k002_888_gc3300_rp0.10_mr1.14E-4_ss100.fa	27	3.755	3.252	94.905
long_content_30k_002/lc30k002_889_gc3300_rp0.05_mr1.14E-4_ss100.fa	30	3.322	3.602	95.574
long_content_30k_002/lc30k002_890_gc3300_rp0.07_mr1.14E-4_ss100.fa	19	10.064	11.189	91.578
long_content_30k_002/lc30k002_891_gc3300_rp0.10_mr1.14E-4_ss200.fa	16	8.229	7.819	92.674
long_content_30k_002/lc30k002_892_gc3300_rp0.15_mr1.14E-4_ss100.fa	20	5.216	4.708	95.394
long_content_30k_002/lc30k002_893_gc3300_rp0.15_mr1.14E-4_ss200.fa	10	4.036	4.483	93.884
long_content_30k_002/lc30k002_894_gc3300_rp0.07_mr1.14E-4_ss200.fa	14	7.762	10.046	91.608
long_content_30k_002/lc30k002_895_gc3300_rp0.05_mr1.14E-4_ss200.fa	11	2.774	2.768	96.654
long_content_30k_002/lc30k002_896_gc3300_rp0.10_mr1.14E-4_ss100.fa	9	4.164	4.341	95.974
long_content_30k_002/lc30k002_897_gc3300_rp0.05_mr1.14E-4_ss100.fa	30	5.311	8.165	92.087
long_content_30k_002/lc30k002_898_gc3300_rp0.07_mr1.14E-4_ss100.fa	11	3.392	0.268	91.987
long_content_30k_002/lc30k002_899_gc3300_rp0.10_mr1.14E-4_ss200.fa	21	7.803	9.543	92.861
long_content_30k_002/lc30k002_900_gc3300_rp0.15_mr1.14E-4_ss100.fa	20	2.869	3.057	95.871
long_content_30k_002/lc30k002_901_gc3300_rp0.15_mr1.14E-4_ss200.fa	8	4.251	5.366	94.541
long_content_30k_002/lc30k002_902_gc3300_rp0.07_mr1.14E-4_ss200.fa	21	5.504	7.562	93.515
long_content_30k_002/lc30k002_903_gc3300_rp0.05_mr1.14E-4_ss200.fa	30	6.020	3.362	91.203
long_content_30k_002/lc30k002_904_gc3300_rp0.10_mr1.14E-4_ss100.fa	13	4.378	4.643	95.002
long_content_30k_002/lc30k002_905_gc3300_rp0.05_mr1.14E-4_ss100.fa	6	5.549	2.732	88.104
long_content_30k_002/lc30k002_906_gc3300_rp0.07_mr1.14E-4_ss100.fa	17	9.448	11.394	83.871
long_content_30k_002/lc30k002_907_gc3300_rp0.10_mr1.14E-4_ss200.fa	21	5.041	4.047	92.313
long_content_30k_002/lc30k002_908_gc3300_rp0.15_mr1.14E-4_ss100.fa	10	6.631	7.306	92.979
long_content_30k_002/lc30k002_909_gc3300_rp0.15_mr1.14E-4_ss200.fa	10	4.907	5.964	95.255
long_content_30k_002/lc30k002_910_gc3300_rp0.07_mr1.14E-4_ss200.fa	9	5.009	1.968	89.327
long_content_30k_002/lc30k002_911_gc3300_rp0.05_mr1.14E-4_ss200.fa	22	5.196	4.861	93.300
long_content_30k_002/lc30k002_912_gc3300_rp0.10_mr1.14E-4_ss100.fa	10	10.825	12.872	92.378
long_content_30k_002/lc30k002_913_gc3300_rp0.05_mr1.14E-4_ss100.fa	11	5.515	5.626	92.113
long_content_30k_002/lc30k002_914_gc3300_rp0.07_mr1.14E-4_ss100.fa	25	6.901	7.202	93.610
long_content_30k_002/lc30k002_915_gc3300_rp0.10_mr1.14E-4_ss200.fa	9	7.592	8.491	93.587
long_content_30k_002/lc30k002_916_gc3300_rp0.15_mr1.14E-4_ss100.fa	11	3.605	2.519	91.593
long_content_30k_002/lc30k002_917_gc3300_rp0.15_mr1.14E-4_ss200.fa	6	6.330	6.649	94.764
long_content_30k_002/lc30k002_918_gc3300_rp0.07_mr1.14E-4_ss200.fa	30	2.786	0.502	94.223
long_content_30k_002/lc30k002_919_gc3300_rp0.05_mr1.14E-4_ss200.fa	30	4.895	5.177	94.243
long_content_30k_002/lc30k002_920_gc3300_rp0.10_mr1.14E-4_ss100.fa	14	9.448	9.657	91.903
long_content_30k_002/lc30k002_921_gc3300_rp0.05_mr1.14E-4_ss100.fa	15	11.336	12.163	91.086
long_content_30k_002/lc30k002_922_gc3300_rp0.07_mr1.14E-4_ss100.fa	12	6.686	6.870	93.445
long_content_30k_002/lc30k002_923_gc3300_rp0.10_mr1.14E-4_ss200.fa	30	3.026	1.410	93.746
long_content_30k_002/lc30k002_924_gc3300_rp0.15_mr1.14E-4_ss100.fa	16	6.005	7.464	93.314
long_content_30k_002/lc30k002_925_gc3300_rp0.15_mr1.14E-4_ss200.fa	17	6.357	7.705	92.859
long_content_30k_002/lc30k002_926_gc3300_rp0.07_mr1.14E-4_ss200.fa	30	2.903	3.807	96.001
long_content_30k_002/lc30k002_927_gc3300_rp0.05_mr1.14E-4_ss200.fa	26	5.457	5.582	95.078
long_content_30k_002/lc30k002_928_gc3300_rp0.10_mr1.14E-4_ss100.fa	15	7.672	7.938	93.364
long_content_30k_002/lc30k002_929_gc3300_rp0.05_mr1.14E-4_ss100.fa	7	8.836	10.908	92.906
long_content_30k_002/lc30k002_930_gc3300_rp0.07_mr1.14E-4_ss100.fa	22	4.543	3.457	93.911
long_content_30k_002/lc30k002_931_gc3300_rp0.10_mr1.14E-4_ss200.fa	22	4.647	5.214	93.673
long_content_30k_002/lc30k002_932_gc3300_rp0.15_mr1.14E-4_ss100.fa	27	4.351	5.422	95.595
long_content_30k_002/lc30k002_933_gc3300_rp0.15_mr1.14E-4_ss200.fa	19	4.351	5.231	94.252
long_content_30k_002/lc30k002_934_gc3300_rp0.07_mr1.14E-4_ss200.fa	30	2.999	1.670	93.947
long_content_30k_002/lc30k002_935_gc3300_rp0.05_mr1.14E-4_ss200.fa	23	4.370	4.918	95.027
long_content_30k_002/lc30k002_936_gc3300_rp0.10_mr1.14E-4_ss100.fa	11	7.015	6.807	93.521
long_content_30k_002/lc30k002_937_gc3300_rp0.05_mr1.14E-4_ss100.fa	22	5.786	5.941	94.699
long_content_30k_002/lc30k002_938_gc3300_rp0.07_mr1.14E-4_ss100.fa	30	5.660	6.480	91.513
long_content_30k_002/lc30k002_939_gc3300_rp0.10_mr1.14E-4_ss200.fa	14	2.231	1.976	95.302
long_content_30k_002/lc30k002_940_gc3300_rp0.15_mr1.14E-4_ss100.fa	20	5.546	5.167	92.920
long_content_30k_002/lc30k002_941_gc3300_rp0.15_mr1.14E-4_ss200.fa	15	6.278	6.207	93.514
long_content_30k_002/lc30k002_942_gc3300_rp0.07_mr1.14E-4_ss200.fa	2	4.693	4.693	96.979
long_content_30k_002/lc30k002_943_gc3300_rp0.05_mr1.14E-4_ss200.fa	22	3.068	3.015	96.633
long_content_30k_002/lc30k002_944_gc3300_rp0.10_mr1.14E-4_ss100.fa	14	1.968	0.978	94.658
long_content_30k_002/lc30k002_945_gc3300_rp0.05_mr1.14E-4_ss100.fa	20	3.828	2.758	93.009
long_content_30k_002/lc30k002_946_gc3300_rp0.07_mr1.14E-4_ss100.fa	14	8.627	9.077	91.506
long_content_30k_002/lc30k002_947_gc3300_rp0.10_mr1.14E-4_ss200.fa	18	4.949	5.002	94.711
long_content_30k_002/lc30k002_948_gc3300_rp0.15_mr1.14E-4_ss100.fa	8	4.060	4.832	94.227
long_content_30k_002/lc30k002_949_gc3300_rp0.15_mr1.14E-4_ss200.fa	6	5.334	5.920	94.432
long_content_30k_002/lc30k002_950_gc3300_rp0.07_mr1.14E-4_ss200.fa	30	9.646	9.023	92.518
long_content_30k_002/lc30k002_951_gc3300_rp0.05_mr1.14E-4_ss200.fa	30	3.998	3.632	92.821
long_content_30k_002/lc30k002_952_gc3300_rp0.10_mr1.14E-4_ss100.fa	25	6.062	5.411	93.323
long_content_30k_002/lc30k002_953_gc3300_rp0.05_mr1.14E-4_ss100.fa	23	9.022	10.113	91.108
long_content_30k_002/lc30k002_954_gc3300_rp0.07_mr1.14E-4_ss100.fa	21	7.257	7.816	92.264
long_content_30k_002/lc30k002_955_gc3300_rp0.10_mr1.14E-4_ss200.fa	27	3.311	2.425	95.624
long_content_30k_002/lc30k002_956_gc3300_rp0.15_mr1.14E-4_ss100.fa	8	8.240	8.262	93.358
long_content_30k_002/lc30k002_957_gc3300_rp0.15_mr1.14E-4_ss200.fa	23	7.177	8.825	92.699
long_content_30k_002/lc30k002_958_gc3300_rp0.07_mr1.14E-4_ss200.fa	20	9.408	10.291	92.106
long_content_30k_002/lc30k002_959_gc3300_rp0.05_mr1.14E-4_ss200.fa	18	4.722	4.625	95.279
long_content_30k_002/lc30k002_960_gc3300_rp0.10_mr1.14E-4_ss100.fa	24	3.856	4.638	96.504
long_content_30k_002/lc30k002_961_gc3300_rp0.05_mr1.14E-4_ss100.fa	27	7.086	8.614	93.417
long_content_30k_002/lc30k002_962_gc3300_rp0.07_mr1.14E-4_ss100.fa	30	8.087	8.522	91.792
long_content_30k_002/lc30k002_963_gc3300_rp0.10_mr1.14E-4_ss200.fa	15	3.589	2.796	96.281
long_content_30k_002/lc30k002_964_gc3300_rp0.15_mr1.14E-4_ss100.fa	10	7.502	7.693	92.376
long_content_30k_002/lc30k002_965_gc3300_rp0.15_mr1.14E-4_ss200.fa	20	7.662	8.459	92.778
long_content_30k_002/lc30k002_966_gc3300_rp0.07_mr1.14E-4_ss200.fa	26	2.663	1.191	93.866
long_content_30k_002/lc30k002_967_gc3300_rp0.05_mr1.14E-4_ss200.fa	17	5.073	1.154	91.339
long_content_30k_002/lc30k002_968_gc3300_rp0.10_mr1.14E-4_ss100.fa	4	3.154	1.541	92.021
long_content_30k_002/lc30k002_969_gc3300_rp0.05_mr1.14E-4_ss100.fa	5	1.658	1.929	97.298
long_content_30k_002/lc30k002_970_gc3300_rp0.07_mr1.14E-4_ss100.fa	21	5.995	7.108	92.309
long_content_30k_002/lc30k002_971_gc3300_rp0.10_mr1.14E-4_ss200.fa	18	3.393	3.476	96.784
long_content_30k_002/lc30k002_972_gc3300_rp0.15_mr1.14E-4_ss100.fa	22	3.624	3.982	92.569
long_content_30k_002/lc30k002_973_gc3300_rp0.15_mr1.14E-4_ss200.fa	13	6.890	7.586	91.945
long_content_30k_002/lc30k002_974_gc3300_rp0.07_mr1.14E-4_ss200.fa	9	5.986	5.184	92.419
long_content_30k_002/lc30k002_975_gc3300_rp0.05_mr1.14E-4_ss200.fa	8	6.369	6.397	94.132
long_content_30k_002/lc30k002_976_gc3300_rp0.10_mr1.14E-4_ss100.fa	17	4.853	6.677	94.167
long_content_30k_002/lc30k002_977_gc3300_rp0.05_mr1.14E-4_ss100.fa	30	4.134	4.361	95.983
long_content_30k_002/lc30k002_978_gc3300_rp0.07_mr1.14E-4_ss100.fa	20	3.632	3.331	92.700
long_content_30k_002/lc30k002_979_gc3300_rp0.10_mr1.14E-4_ss200.fa	6	4.579	4.865	92.901
long_content_30k_002/lc30k002_980_gc3300_rp0.15_mr1.14E-4_ss100.fa	4	8.137	8.792	90.464
long_content_30k_002/lc30k002_981_gc3300_rp0.15_mr1.14E-4_ss200.fa	11	5.989	7.088	94.042
long_content_30k_002/lc30k002_982_gc3300_rp0.07_mr1.14E-4_ss200.fa	9	5.673	3.622	92.665
long_content_30k_002/lc30k002_983_gc3300_rp0.05_mr1.14E-4_ss200.fa	26	5.840	6.938	93.898
long_content_30k_002/lc30k002_984_gc3300_rp0.10_mr1.14E-4_ss100.fa	6	4.729	4.725	95.227
long_content_30k_002/lc30k002_985_gc3300_rp0.05_mr1.14E-4_ss100.fa	26	4.087	4.127	95.726
long_content_30k_002/lc30k002_986_gc3300_rp0.07_mr1.14E-4_ss100.fa	30	2.744	1.405	95.041
long_content_30k_002/lc30k002_987_gc3300_rp0.10_mr1.14E-4_ss200.fa	17	5.104	2.392	92.993
long_content_30k_002/lc30k002_988_gc3300_rp0.15_mr1.14E-4_ss100.fa	7	6.599	7.323	94.485
long_content_30k_002/lc30k002_989_gc3300_rp0.15_mr1.14E-4_ss200.fa	10	6.168	5.928	92.284
long_content_30k_002/lc30k002_990_gc3300_rp0.07_mr1.14E-4_ss200.fa	21	3.890	3.425	95.048
long_content_30k_002/lc30k002_991_gc3300_rp0.05_mr1.14E-4_ss200.fa	30	5.421	5.346	95.310
long_content_30k_002/lc30k002_992_gc3300_rp0.10_mr1.14E-4_ss100.fa	10	6.375	6.290	94.105
long_content_30k_002/lc30k002_993_gc3300_rp0.05_mr1.14E-4_ss100.fa	30	3.902	4.167	93.532
long_content_30k_002/lc30k002_994_gc3300_rp0.07_mr1.14E-4_ss100.fa	24	3.310	2.420	93.101
long_content_30k_002/lc30k002_995_gc3300_rp0.10_mr1.14E-4_ss200.fa	30	4.688	4.140	93.036
long_content_30k_002/lc30k002_996_gc3300_rp0.15_mr1.14E-4_ss100.fa	20	4.919	4.788	95.104
long_content_30k_002/lc30k002_997_gc3300_rp0.15_mr1.14E-4_ss200.fa	8	3.881	3.358	93.513
long_content_30k_002/lc30k002_998_gc3300_rp0.07_mr1.14E-4_ss200.fa	20	4.106	3.904	94.698
long_content_30k_002/lc30k002_999_gc3300_rp0.05_mr1.14E-4_ss200.fa	20	9.369	11.943	92.531
long_content_30k_003/lc30k003_001_gc2500_rp0.02_mr2E-4_ss100.fa	30	26.873	27.737	79.558
long_content_30k_003/lc30k003_002_gc2500_rp0.02_mr3E-4_ss100.fa	29	37.151	42.357	69.839
long_content_30k_003/lc30k003_003_gc2000_rp0.03_mr3E-4_ss100.fa	21	25.135	22.703	75.728
long_content_30k_003/lc30k003_004_gc2500_rp0.02_mr3E-4_ss200.fa	30	11.782	9.593	87.958
long_content_30k_003/lc30k003_005_gc2500_rp0.03_mr2E-4_ss100.fa	27	13.557	5.274	79.486
long_content_30k_003/lc30k003_006_gc2500_rp0.01_mr2E-4_ss200.fa	10	17.704	19.953	67.097
long_content_30k_003/lc30k003_007_gc2000_rp0.01_mr2E-4_ss100.fa	30	18.223	9.332	52.948
long_content_30k_003/lc30k003_008_gc2000_rp0.02_mr5E-4_ss100.fa	17	33.998	34.372	46.145
long_content_30k_003/lc30k003_009_gc2000_rp0.03_mr5E-4_ss200.fa	25	37.225	41.349	62.147
long_content_30k_003/lc30k003_010_gc2500_rp0.02_mr5E-4_ss100.fa	24	37.480	40.144	61.393
long_content_30k_003/lc30k003_011_gc2500_rp0.01_mr5E-4_ss200.fa	30	27.747	27.733	59.196
long_content_30k_003/lc30k003_012_gc2000_rp0.01_mr5E-4_ss100.fa	27	35.333	31.760	65.223
long_content_30k_003/lc30k003_013_gc2000_rp0.01_mr2E-4_ss200.fa	6	15.000	14.058	90.041
long_content_30k_003/lc30k003_014_gc2500_rp0.03_mr3E-4_ss100.fa	16	22.757	22.475	75.848
long_content_30k_003/lc30k003_015_gc2000_rp0.03_mr2E-4_ss100.fa	25	13.661	14.805	77.714
long_content_30k_003/lc30k003_016_gc2500_rp0.01_mr3E-4_ss100.fa	30	25.265	27.067	79.430
long_content_30k_003/lc30k003_017_gc2000_rp0.03_mr3E-4_ss200.fa	30	24.476	13.010	56.029
long_content_30k_003/lc30k003_018_gc2000_rp0.01_mr5E-4_ss200.fa	29	34.181	31.724	61.597
long_content_30k_003/lc30k003_019_gc2000_rp0.02_mr2E-4_ss100.fa	30	12.185	7.067	77.269
long_content_30k_003/lc30k003_020_gc2000_rp0.03_mr5E-4_ss100.fa	21	35.908	42.691	53.212
long_content_30k_003/lc30k003_021_gc2500_rp0.01_mr3E-4_ss200.fa	15	8.422	8.411	57.518
long_content_30k_003/lc30k003_022_gc2500_rp0.02_mr2E-4_ss200.fa	30	17.037	17.048	84.028
long_content_30k_003/lc30k003_023_gc2500_rp0.01_mr5E-4_ss100.fa	30	29.245	30.146	74.790
long_content_30k_003/lc30k003_024_gc2500_rp0.03_mr3E-4_ss200.fa	28	24.898	21.799	70.393
long_content_30k_003/lc30k003_025_gc2000_rp0.01_mr3E-4_ss100.fa	28	18.451	23.577	82.099
long_content_30k_003/lc30k003_026_gc2000_rp0.01_mr3E-4_ss200.fa	30	29.586	33.640	69.864
long_content_30k_003/lc30k003_027_gc2000_rp0.02_mr2E-4_ss200.fa	18	5.992	2.434	80.512
long_content_30k_003/lc30k003_028_gc2500_rp0.02_mr5E-4_ss200.fa	30	27.659	24.344	68.684
long_content_30k_003/lc30k003_029_gc2500_rp0.03_mr5E-4_ss200.fa	26	22.808	12.274	53.088
long_content_30k_003/lc30k003_030_gc2000_rp0.02_mr5E-4_ss200.fa	30	28.695	17.780	51.410
long_content_30k_003/lc30k003_031_gc2000_rp0.03_mr2E-4_ss200.fa	26	15.437	9.993	74.989
long_content_30k_003/lc30k003_032_gc2000_rp0.02_mr3E-4_ss100.fa	20	26.231	30.215	64.709
long_content_30k_003/lc30k003_033_gc2500_rp0.03_mr2E-4_ss200.fa	30	16.372	17.578	86.417
long_content_30k_003/lc30k003_034_gc2000_rp0.02_mr3E-4_ss200.fa	26	25.840	28.959	75.999
long_content_30k_003/lc30k003_035_gc2500_rp0.01_mr2E-4_ss100.fa	30	23.282	25.283	63.733
long_content_30k_003/lc30k003_036_gc2500_rp0.03_mr5E-4_ss100.fa	4	46.094	59.080	51.532
long_content_30k_003/lc30k003_037_gc2500_rp0.02_mr2E-4_ss100.fa	30	27.720	26.974	78.902
long_content_30k_003/lc30k003_038_gc2500_rp0.02_mr3E-4_ss100.fa	23	18.507	17.073	77.408
long_content_30k_003/lc30k003_039_gc2000_rp0.03_mr3E-4_ss100.fa	14	26.430	32.610	72.401
long_content_30k_003/lc30k003_040_gc2500_rp0.02_mr3E-4_ss200.fa	9	37.944	46.236	60.079
long_content_30k_003/lc30k003_041_gc2500_rp0.03_mr2E-4_ss100.fa	19	18.959	19.564	84.621
long_content_30k_003/lc30k003_042_gc2500_rp0.01_mr2E-4_ss200.fa	21	17.031	15.665	85.709
long_content_30k_003/lc30k003_043_gc2000_rp0.01_mr2E-4_ss100.fa	30	9.819	7.781	80.269
long_content_30k_003/lc30k003_044_gc2000_rp0.02_mr5E-4_ss100.fa	23	30.780	30.487	56.256
long_content_30k_003/lc30k003_045_gc2000_rp0.03_mr5E-4_ss200.fa	30	27.329	29.929	75.242
long_content_30k_003/lc30k003_046_gc2500_rp0.02_mr5E-4_ss100.fa	15	34.299	29.807	57.680
long_content_30k_003/lc30k003_047_gc2500_rp0.01_mr5E-4_ss200.fa	30	21.007	19.492	59.404
long_content_30k_003/lc30k003_048_gc2000_rp0.01_mr5E-4_ss100.fa	30	28.864	26.789	78.565
long_content_30k_003/lc30k003_049_gc2000_rp0.01_mr2E-4_ss200.fa	30	26.906	26.906	78.178
long_content_30k_003/lc30k003_050_gc2500_rp0.03_mr3E-4_ss100.fa	30	13.728	13.029	83.282
long_content_30k_003/lc30k003_051_gc2000_rp0.03_mr2E-4_ss100.fa	22	17.830	16.131	69.017
long_content_30k_003/lc30k003_052_gc2500_rp0.01_mr3E-4_ss100.fa	30	27.658	25.651	70.061
long_content_30k_003/lc30k003_053_gc2000_rp0.03_mr3E-4_ss200.fa	23	38.082	47.813	61.134
long_content_30k_003/lc30k003_054_gc2000_rp0.01_mr5E-4_ss200.fa	30	31.608	37.991	54.278
long_content_30k_003/lc30k003_055_gc2000_rp0.02_mr2E-4_ss100.fa	20	8.860	6.768	77.684
long_content_30k_003/lc30k003_056_gc2000_rp0.03_mr5E-4_ss100.fa	6	4.983	4.986	43.721
long_content_30k_003/lc30k003_057_gc2500_rp0.01_mr3E-4_ss200.fa	19	50.505	51.190	53.928
long_content_30k_003/lc30k003_058_gc2500_rp0.02_mr2E-4_ss200.fa	30	29.021	29.616	74.631
long_content_30k_003/lc30k003_059_gc2500_rp0.01_mr5E-4_ss100.fa	30	31.889	33.630	69.629
long_content_30k_003/lc30k003_060_gc2500_rp0.03_mr3E-4_ss200.fa	29	23.895	20.721	72.344
long_content_30k_003/lc30k003_061_gc2000_rp0.01_mr3E-4_ss100.fa	18	31.450	32.415	74.006
long_content_30k_003/lc30k003_062_gc2000_rp0.01_mr3E-4_ss200.fa	30	14.141	8.749	60.617
long_content_30k_003/lc30k003_063_gc2000_rp0.02_mr2E-4_ss200.fa	5	27.427	29.676	82.486
long_content_30k_003/lc30k003_064_gc2500_rp0.02_mr5E-4_ss200.fa	30	51.919	59.122	48.776
long_content_30k_003/lc30k003_065_gc2500_rp0.03_mr5E-4_ss200.fa	24	30.261	42.521	58.662
long_content_30k_003/lc30k003_066_gc2000_rp0.02_mr5E-4_ss200.fa	23	47.717	48.511	57.143
long_content_30k_003/lc30k003_067_gc2000_rp0.03_mr2E-4_ss200.fa	24	13.247	12.747	82.385
long_content_30k_003/lc30k003_068_gc2000_rp0.02_mr3E-4_ss100.fa	16	35.002	37.461	70.768
long_content_30k_003/lc30k003_069_gc2500_rp0.03_mr2E-4_ss200.fa	30	18.712	20.355	83.978
long_content_30k_003/lc30k003_070_gc2000_rp0.02_mr3E-4_ss200.fa	22	25.706	29.317	66.155
long_content_30k_003/lc30k003_071_gc2500_rp0.01_mr2E-4_ss100.fa	30	23.705	28.647	79.468
long_content_30k_003/lc30k003_072_gc2500_rp0.03_mr5E-4_ss100.fa	25	25.415	26.582	64.094
long_content_30k_003/lc30k003_073_gc2500_rp0.02_mr2E-4_ss100.fa	21	24.363	24.232	80.914
long_content_30k_003/lc30k003_074_gc2500_rp0.02_mr3E-4_ss100.fa	30	23.948	23.624	80.639
long_content_30k_003/lc30k003_075_gc2000_rp0.03_mr3E-4_ss100.fa	24	14.407	6.108	75.171
long_content_30k_003/lc30k003_076_gc2500_rp0.02_mr3E-4_ss200.fa	30	13.756	11.143	90.426
long_content_30k_003/lc30k003_077_gc2500_rp0.03_mr2E-4_ss100.fa	21	17.223	15.213	79.973
long_content_30k_003/lc30k003_078_gc2500_rp0.01_mr2E-4_ss200.fa	30	18.826	19.557	86.338
long_content_30k_003/lc30k003_079_gc2000_rp0.01_mr2E-4_ss100.fa	21	18.315	16.575	79.402
long_content_30k_003/lc30k003_080_gc2000_rp0.02_mr5E-4_ss100.fa	17	24.612	28.329	53.770
long_content_30k_003/lc30k003_081_gc2000_rp0.03_mr5E-4_ss200.fa	20	39.356	37.260	51.587
long_content_30k_003/lc30k003_082_gc2500_rp0.02_mr5E-4_ss100.fa	30	48.733	48.240	52.947
long_content_30k_003/lc30k003_083_gc2500_rp0.01_mr5E-4_ss200.fa	2	40.239	40.239	71.968
long_content_30k_003/lc30k003_084_gc2000_rp0.01_mr5E-4_ss100.fa	30	17.227	9.069	34.028
long_content_30k_003/lc30k003_085_gc2000_rp0.01_mr2E-4_ss200.fa	5	10.319	10.315	67.538
long_content_30k_003/lc30k003_086_gc2500_rp0.03_mr3E-4_ss100.fa	30	25.040	28.748	72.567
long_content_30k_003/lc30k003_087_gc2000_rp0.03_mr2E-4_ss100.fa	6	6.767	3.318	86.881
long_content_30k_003/lc30k003_088_gc2500_rp0.01_mr3E-4_ss100.fa	30	30.422	29.739	70.844
long_content_30k_003/lc30k003_089_gc2000_rp0.03_mr3E-4_ss200.fa	17	22.538	17.801	71.976
long_content_30k_003/lc30k003_090_gc2000_rp0.01_mr5E-4_ss200.fa	30	30.541	36.031	58.390
long_content_30k_003/lc30k003_091_gc2000_rp0.02_mr2E-4_ss100.fa	15	25.636	24.852	76.898
long_content_30k_003/lc30k003_092_gc2000_rp0.03_mr5E-4_ss100.fa	30	26.378	29.638	72.747
long_content_30k_003/lc30k003_093_gc2500_rp0.01_mr3E-4_ss200.fa	30	23.798	12.063	66.070
long_content_30k_003/lc30k003_094_gc2500_rp0.02_mr2E-4_ss200.fa	30	27.426	30.143	70.788
long_content_30k_003/lc30k003_095_gc2500_rp0.01_mr5E-4_ss100.fa	30	15.480	21.718	35.369
long_content_30k_003/lc30k003_096_gc2500_rp0.03_mr3E-4_ss200.fa	15	25.103	9.247	60.458
long_content_30k_003/lc30k003_097_gc2000_rp0.01_mr3E-4_ss100.fa	23	19.182	21.954	79.162
long_content_30k_003/lc30k003_098_gc2000_rp0.01_mr3E-4_ss200.fa	30	51.854	53.062	66.879
long_content_30k_003/lc30k003_099_gc2000_rp0.02_mr2E-4_ss200.fa	19	30.511	36.939	71.953
long_content_30k_003/lc30k003_1000_gc2500_rp0.02_mr5E-4_ss200.fa	25	26.053	20.734	60.016
long_content_30k_003/lc30k003_1001_gc2500_rp0.03_mr5E-4_ss200.fa	30	42.009	46.696	45.817
long_content_30k_003/lc30k003_1002_gc2000_rp0.02_mr5E-4_ss200.fa	30	42.365	40.369	58.102
long_content_30k_003/lc30k003_1003_gc2000_rp0.03_mr2E-4_ss200.fa	26	29.276	40.196	72.954
long_content_30k_003/lc30k003_1004_gc2000_rp0.02_mr3E-4_ss100.fa	22	25.844	35.590	60.956
long_content_30k_003/lc30k003_1005_gc2500_rp0.03_mr2E-4_ss200.fa	23	24.081	26.512	79.209
long_content_30k_003/lc30k003_1006_gc2000_rp0.02_mr3E-4_ss200.fa	26	18.453	13.552	77.302
long_content_30k_003/lc30k003_1007_gc2500_rp0.01_mr2E-4_ss100.fa	30	12.635	4.257	83.364
long_content_30k_003/lc30k003_1008_gc2500_rp0.03_mr5E-4_ss100.fa	6	49.870	52.142	58.521
long_content_30k_003/lc30k003_1009_gc2500_rp0.02_mr2E-4_ss100.fa	8	13.653	10.512	68.468
long_content_30k_003/lc30k003_100_gc2500_rp0.02_mr5E-4_ss200.fa	25	31.081	29.015	75.896
long_content_30k_003/lc30k003_1010_gc2500_rp0.02_mr3E-4_ss100.fa	30	20.717	23.068	62.702
long_content_30k_003/lc30k003_1011_gc2000_rp0.03_mr3E-4_ss100.fa	23	21.123	26.674	74.494
long_content_30k_003/lc30k003_1012_gc2500_rp0.02_mr3E-4_ss200.fa	16	23.650	24.397	68.466
long_content_30k_003/lc30k003_1013_gc2500_rp0.03_mr2E-4_ss100.fa	28	11.541	9.768	83.870
long_content_30k_003/lc30k003_1014_gc2500_rp0.01_mr2E-4_ss200.fa	30	19.414	22.423	85.393
long_content_30k_003/lc30k003_1015_gc2000_rp0.01_mr2E-4_ss100.fa	30	15.954	11.251	76.271
long_content_30k_003/lc30k003_1016_gc2000_rp0.02_mr5E-4_ss100.fa	17	14.708	9.453	52.734
long_content_30k_003/lc30k003_1017_gc2000_rp0.03_mr5E-4_ss200.fa	29	31.407	32.749	67.265
long_content_30k_003/lc30k003_1018_gc2500_rp0.02_mr5E-4_ss100.fa	21	40.735	49.298	43.478
long_content_30k_003/lc30k003_1019_gc2500_rp0.01_mr5E-4_ss200.fa	3	37.899	41.229	67.983
long_content_30k_003/lc30k003_101_gc2500_rp0.03_mr5E-4_ss200.fa	29	39.664	40.668	63.202
long_content_30k_003/lc30k003_1020_gc2000_rp0.01_mr5E-4_ss100.fa	7	35.988	58.131	49.599
long_content_30k_003/lc30k003_1021_gc2000_rp0.01_mr2E-4_ss200.fa	30	24.454	25.281	80.500
long_content_30k_003/lc30k003_1022_gc2500_rp0.03_mr3E-4_ss100.fa	14	13.479	13.013	79.163
long_content_30k_003/lc30k003_1023_gc2000_rp0.03_mr2E-4_ss100.fa	21	16.654	17.106	74.862
long_content_30k_003/lc30k003_1024_gc2500_rp0.01_mr3E-4_ss100.fa	4	31.574	38.234	70.939
long_content_30k_003/lc30k003_1025_gc2000_rp0.03_mr3E-4_ss200.fa	28	21.103	26.316	74.952
long_content_30k_003/lc30k003_1026_gc2000_rp0.01_mr5E-4_ss200.fa	5	36.877	41.467	71.697
long_content_30k_003/lc30k003_1027_gc2000_rp0.02_mr2E-4_ss100.fa	30	15.735	14.305	70.368
long_content_30k_003/lc30k003_1028_gc2000_rp0.03_mr5E-4_ss100.fa	23	38.834	39.084	64.223
long_content_30k_003/lc30k003_1029_gc2500_rp0.01_mr3E-4_ss200.fa	27	19.270	14.659	67.793
long_content_30k_003/lc30k003_102_gc2000_rp0.02_mr5E-4_ss200.fa	29	23.491	27.561	57.992
long_content_30k_003/lc30k003_1030_gc2500_rp0.02_mr2E-4_ss200.fa	20	15.183	16.771	85.446
long_content_30k_003/lc30k003_1031_gc2500_rp0.01_mr5E-4_ss100.fa	30	17.151	4.414	44.192
long_content_30k_003/lc30k003_1032_gc2500_rp0.03_mr3E-4_ss200.fa	30	19.134	18.387	82.382
long_content_30k_003/lc30k003_1033_gc2000_rp0.01_mr3E-4_ss100.fa	21	21.522	16.287	82.610
long_content_30k_003/lc30k003_1034_gc2000_rp0.01_mr3E-4_ss200.fa	30	30.149	31.225	72.991
long_content_30k_003/lc30k003_1035_gc2000_rp0.02_mr2E-4_ss200.fa	21	23.448	23.374	79.636
long_content_30k_003/lc30k003_1036_gc2500_rp0.02_mr5E-4_ss200.fa	30	21.359	20.956	81.171
long_content_30k_003/lc30k003_1037_gc2500_rp0.03_mr5E-4_ss200.fa	25	16.678	16.994	68.196
long_content_30k_003/lc30k003_1038_gc2000_rp0.02_mr5E-4_ss200.fa	28	30.095	24.411	46.808
long_content_30k_003/lc30k003_1039_gc2000_rp0.03_mr2E-4_ss200.fa	25	17.123	15.180	81.322
long_content_30k_003/lc30k003_103_gc2000_rp0.03_mr2E-4_ss200.fa	30	22.719	26.260	74.415
long_content_30k_003/lc30k003_1040_gc2000_rp0.02_mr3E-4_ss100.fa	30	20.692	22.000	80.958
long_content_30k_003/lc30k003_1041_gc2500_rp0.03_mr2E-4_ss200.fa	24	9.012	9.400	91.730
long_content_30k_003/lc30k003_1042_gc2000_rp0.02_mr3E-4_ss200.fa	28	17.897	14.465	74.893
long_content_30k_003/lc30k003_1043_gc2500_rp0.01_mr2E-4_ss100.fa	18	15.994	3.846	71.287
long_content_30k_003/lc30k003_1044_gc2500_rp0.03_mr5E-4_ss100.fa	22	37.002	45.641	59.055
long_content_30k_003/lc30k003_1045_gc2500_rp0.02_mr2E-4_ss100.fa	22	12.050	12.912	87.026
long_content_30k_003/lc30k003_1046_gc2500_rp0.02_mr3E-4_ss100.fa	30	24.872	26.439	78.158
long_content_30k_003/lc30k003_1047_gc2000_rp0.03_mr3E-4_ss100.fa	25	23.602	24.878	67.460
long_content_30k_003/lc30k003_1048_gc2500_rp0.02_mr3E-4_ss200.fa	27	17.662	22.987	74.479
long_content_30k_003/lc30k003_1049_gc2500_rp0.03_mr2E-4_ss100.fa	30	14.452	14.112	81.545
long_content_30k_003/lc30k003_104_gc2000_rp0.02_mr3E-4_ss100.fa	30	17.212	17.534	88.079
long_content_30k_003/lc30k003_1050_gc2500_rp0.01_mr2E-4_ss200.fa	20	12.319	10.257	90.879
long_content_30k_003/lc30k003_1051_gc2000_rp0.01_mr2E-4_ss100.fa	24	24.164	29.062	77.050
long_content_30k_003/lc30k003_1052_gc2000_rp0.02_mr5E-4_ss100.fa	7	52.584	54.429	57.476
long_content_30k_003/lc30k003_1053_gc2000_rp0.03_mr5E-4_ss200.fa	25	37.026	48.910	52.387
long_content_30k_003/lc30k003_1054_gc2500_rp0.02_mr5E-4_ss100.fa	30	32.835	38.482	62.960
long_content_30k_003/lc30k003_1055_gc2500_rp0.01_mr5E-4_ss200.fa	30	26.571	27.227	82.056
long_content_30k_003/lc30k003_1056_gc2000_rp0.01_mr5E-4_ss100.fa	30	37.030	36.500	60.769
long_content_30k_003/lc30k003_1057_gc2000_rp0.01_mr2E-4_ss200.fa	8	15.336	15.527	89.519
long_content_30k_003/lc30k003_1058_gc2500_rp0.03_mr3E-4_ss100.fa	30	17.141	17.768	84.802
long_content_30k_003/lc30k003_1059_gc2000_rp0.03_mr2E-4_ss100.fa	25	19.817	27.029	79.833
long_content_30k_003/lc30k003_105_gc2500_rp0.03_mr2E-4_ss200.fa	30	12.565	20.095	82.769
long_content_30k_003/lc30k003_1060_gc2500_rp0.01_mr3E-4_ss100.fa	14	22.929	12.107	56.862
long_content_30k_003/lc30k003_1061_gc2000_rp0.03_mr3E-4_ss200.fa	30	25.521	24.304	78.939
long_content_30k_003/lc30k003_1062_gc2000_rp0.01_mr5E-4_ss200.fa	1	41.791	41.791	75.129
long_content_30k_003/lc30k003_1063_gc2000_rp0.02_mr2E-4_ss100.fa	10	15.813	16.644	79.735
long_content_30k_003/lc30k003_1064_gc2000_rp0.03_mr5E-4_ss100.fa	30	25.867	25.854	65.541
long_content_30k_003/lc30k003_1065_gc2500_rp0.01_mr3E-4_ss200.fa	29	21.477	19.835	82.115
long_content_30k_003/lc30k003_1066_gc2500_rp0.02_mr2E-4_ss200.fa	30	15.725	19.367	85.251
long_content_30k_003/lc30k003_1067_gc2500_rp0.01_mr5E-4_ss100.fa	4	33.222	33.222	76.939
long_content_30k_003/lc30k003_1068_gc2500_rp0.03_mr3E-4_ss200.fa	7	33.669	43.702	69.486
long_content_30k_003/lc30k003_1069_gc2000_rp0.01_mr3E-4_ss100.fa	16	30.480	33.036	80.369
long_content_30k_003/lc30k003_106_gc2000_rp0.02_mr3E-4_ss200.fa	21	28.566	21.235	60.665
long_content_30k_003/lc30k003_1070_gc2000_rp0.01_mr3E-4_ss200.fa	24	58.786	61.945	53.798
long_content_30k_003/lc30k003_1071_gc2000_rp0.02_mr2E-4_ss200.fa	30	16.778	16.332	79.209
long_content_30k_003/lc30k003_1072_gc2500_rp0.02_mr5E-4_ss200.fa	20	24.040	22.035	66.993
long_content_30k_003/lc30k003_1073_gc2500_rp0.03_mr5E-4_ss200.fa	14	27.790	28.637	46.992
long_content_30k_003/lc30k003_1074_gc2000_rp0.02_mr5E-4_ss200.fa	27	29.859	27.046	71.514
long_content_30k_003/lc30k003_1075_gc2000_rp0.03_mr2E-4_ss200.fa	14	18.070	17.390	79.016
long_content_30k_003/lc30k003_1076_gc2000_rp0.02_mr3E-4_ss100.fa	15	17.740	10.197	70.889
long_content_30k_003/lc30k003_1077_gc2500_rp0.03_mr2E-4_ss200.fa	20	21.813	22.102	79.798
long_content_30k_003/lc30k003_1078_gc2000_rp0.02_mr3E-4_ss200.fa	18	11.471	5.768	57.801
long_content_30k_003/lc30k003_1079_gc2500_rp0.01_mr2E-4_ss100.fa	30	18.618	19.047	80.882
long_content_30k_003/lc30k003_107_gc2500_rp0.01_mr2E-4_ss100.fa	13	18.764	18.616	85.800
long_content_30k_003/lc30k003_1080_gc2500_rp0.03_mr5E-4_ss100.fa	20	33.062	25.626	60.267
long_content_30k_003/lc30k003_1081_gc2500_rp0.02_mr2E-4_ss100.fa	22	9.712	5.360	80.440
long_content_30k_003/lc30k003_1082_gc2500_rp0.02_mr3E-4_ss100.fa	14	42.884	50.265	59.789
long_content_30k_003/lc30k003_1083_gc2000_rp0.03_mr3E-4_ss100.fa	21	18.528	6.578	68.011
long_content_30k_003/lc30k003_1084_gc2500_rp0.02_mr3E-4_ss200.fa	30	18.515	19.737	75.679
long_content_30k_003/lc30k003_1085_gc2500_rp0.03_mr2E-4_ss100.fa	30	19.023	20.668	84.419
long_content_30k_003/lc30k003_1086_gc2500_rp0.01_mr2E-4_ss200.fa	5	18.592	18.580	88.615
long_content_30k_003/lc30k003_1087_gc2000_rp0.01_mr2E-4_ss100.fa	30	23.689	25.314	80.803
long_content_30k_003/lc30k003_1088_gc2000_rp0.02_mr5E-4_ss100.fa	17	41.134	42.004	69.806
long_content_30k_003/lc30k003_1089_gc2000_rp0.03_mr5E-4_ss200.fa	30	35.781	26.949	56.006
long_content_30k_003/lc30k003_108_gc2500_rp0.03_mr5E-4_ss100.fa	17	39.493	39.335	61.615
long_content_30k_003/lc30k003_1090_gc2500_rp0.02_mr5E-4_ss100.fa	30	39.869	43.638	62.144
long_content_30k_003/lc30k003_1091_gc2500_rp0.01_mr5E-4_ss200.fa	22	27.963	39.055	64.422
long_content_30k_003/lc30k003_1092_gc2000_rp0.01_mr5E-4_ss100.fa	30	34.620	19.630	57.031
long_content_30k_003/lc30k003_1093_gc2000_rp0.01_mr2E-4_ss200.fa	23	10.630	5.716	77.098
long_content_30k_003/lc30k003_1094_gc2500_rp0.03_mr3E-4_ss100.fa	30	24.603	29.588	77.803
long_content_30k_003/lc30k003_1095_gc2000_rp0.03_mr2E-4_ss100.fa	11	21.331	24.982	77.781
long_content_30k_003/lc30k003_1096_gc2500_rp0.01_mr3E-4_ss100.fa	30	12.469	2.901	44.623
long_content_30k_003/lc30k003_1097_gc2000_rp0.03_mr3E-4_ss200.fa	30	21.338	21.789	78.726
long_content_30k_003/lc30k003_1098_gc2000_rp0.01_mr5E-4_ss200.fa	30	24.108	37.994	63.161
long_content_30k_003/lc30k003_1099_gc2000_rp0.02_mr2E-4_ss100.fa	17	21.788	27.952	78.233
long_content_30k_003/lc30k003_109_gc2500_rp0.02_mr2E-4_ss100.fa	19	7.533	0.773	79.027
long_content_30k_003/lc30k003_1100_gc2000_rp0.03_mr5E-4_ss100.fa	24	34.861	37.523	60.759
long_content_30k_003/lc30k003_1101_gc2500_rp0.01_mr3E-4_ss200.fa	30	19.928	20.163	76.256
long_content_30k_003/lc30k003_1102_gc2500_rp0.02_mr2E-4_ss200.fa	30	9.257	9.881	91.421
long_content_30k_003/lc30k003_1103_gc2500_rp0.01_mr5E-4_ss100.fa	23	42.313	42.809	49.332
long_content_30k_003/lc30k003_1104_gc2500_rp0.03_mr3E-4_ss200.fa	23	29.098	28.718	71.736
long_content_30k_003/lc30k003_1105_gc2000_rp0.01_mr3E-4_ss100.fa	22	29.919	30.542	75.298
long_content_30k_003/lc30k003_1106_gc2000_rp0.01_mr3E-4_ss200.fa	30	40.602	40.801	62.004
long_content_30k_003/lc30k003_1107_gc2000_rp0.02_mr2E-4_ss200.fa	27	28.737	25.811	76.416
long_content_30k_003/lc30k003_1108_gc2500_rp0.02_mr5E-4_ss200.fa	19	27.790	24.256	75.185
long_content_30k_003/lc30k003_1109_gc2500_rp0.03_mr5E-4_ss200.fa	4	35.546	33.887	75.178
long_content_30k_003/lc30k003_110_gc2500_rp0.02_mr3E-4_ss100.fa	11	29.922	39.896	71.269
long_content_30k_003/lc30k003_1110_gc2000_rp0.02_mr5E-4_ss200.fa	19	38.684	40.812	59.623
long_content_30k_003/lc30k003_1111_gc2000_rp0.03_mr2E-4_ss200.fa	10	23.782	13.347	60.721
long_content_30k_003/lc30k003_1112_gc2000_rp0.02_mr3E-4_ss100.fa	23	31.894	25.728	59.244
long_content_30k_003/lc30k003_1113_gc2500_rp0.03_mr2E-4_ss200.fa	30	9.887	10.050	90.105
long_content_30k_003/lc30k003_1114_gc2000_rp0.02_mr3E-4_ss200.fa	30	19.880	17.240	81.801
long_content_30k_003/lc30k003_1115_gc2500_rp0.01_mr2E-4_ss100.fa	20	14.493	4.518	62.957
long_content_30k_003/lc30k003_1116_gc2500_rp0.03_mr5E-4_ss100.fa	27	24.935	30.678	67.628
long_content_30k_003/lc30k003_1117_gc2500_rp0.02_mr2E-4_ss100.fa	29	19.593	23.028	74.110
long_content_30k_003/lc30k003_1118_gc2500_rp0.02_mr3E-4_ss100.fa	19	15.283	17.371	70.752
long_content_30k_003/lc30k003_1119_gc2000_rp0.03_mr3E-4_ss100.fa	20	25.633	26.363	77.773
long_content_30k_003/lc30k003_111_gc2000_rp0.03_mr3E-4_ss100.fa	14	33.226	34.951	70.482
long_content_30k_003/lc30k003_1120_gc2500_rp0.02_mr3E-4_ss200.fa	3	54.463	54.759	57.463
long_content_30k_003/lc30k003_1121_gc2500_rp0.03_mr2E-4_ss100.fa	20	11.556	8.736	77.591
long_content_30k_003/lc30k003_1122_gc2500_rp0.01_mr2E-4_ss200.fa	30	24.183	22.064	63.932
long_content_30k_003/lc30k003_1123_gc2000_rp0.01_mr2E-4_ss100.fa	30	11.596	9.377	47.522
long_content_30k_003/lc30k003_1124_gc2000_rp0.02_mr5E-4_ss100.fa	21	36.000	16.550	52.450
long_content_30k_003/lc30k003_1125_gc2000_rp0.03_mr5E-4_ss200.fa	17	43.130	53.858	63.036
long_content_30k_003/lc30k003_1126_gc2500_rp0.02_mr5E-4_ss100.fa	30	31.607	32.931	74.098
long_content_30k_003/lc30k003_1127_gc2500_rp0.01_mr5E-4_ss200.fa	30	48.280	48.576	61.750
long_content_30k_003/lc30k003_1128_gc2000_rp0.01_mr5E-4_ss100.fa	30	3.756	3.756	38.416
long_content_30k_003/lc30k003_1129_gc2000_rp0.01_mr2E-4_ss200.fa	30	18.031	20.296	68.143
long_content_30k_003/lc30k003_112_gc2500_rp0.02_mr3E-4_ss200.fa	30	21.571	21.214	78.803
long_content_30k_003/lc30k003_1130_gc2500_rp0.03_mr3E-4_ss100.fa	17	20.722	21.517	75.298
long_content_30k_003/lc30k003_1131_gc2000_rp0.03_mr2E-4_ss100.fa	22	15.616	15.696	82.156
long_content_30k_003/lc30k003_1132_gc2500_rp0.01_mr3E-4_ss100.fa	30	22.305	12.748	72.532
long_content_30k_003/lc30k003_1133_gc2000_rp0.03_mr3E-4_ss200.fa	22	11.274	9.218	78.501
long_content_30k_003/lc30k003_1134_gc2000_rp0.01_mr5E-4_ss200.fa	30	42.148	42.978	50.573
long_content_30k_003/lc30k003_1135_gc2000_rp0.02_mr2E-4_ss100.fa	30	12.958	12.843	87.477
long_content_30k_003/lc30k003_1136_gc2000_rp0.03_mr5E-4_ss100.fa	30	30.770	35.004	68.367
long_content_30k_003/lc30k003_1137_gc2500_rp0.01_mr3E-4_ss200.fa	20	32.925	36.055	69.417
long_content_30k_003/lc30k003_1138_gc2500_rp0.02_mr2E-4_ss200.fa	15	18.624	17.576	77.420
long_content_30k_003/lc30k003_1139_gc2500_rp0.01_mr5E-4_ss100.fa	30	29.950	30.320	72.689
long_content_30k_003/lc30k003_113_gc2500_rp0.03_mr2E-4_ss100.fa	21	21.286	17.388	67.831
long_content_30k_003/lc30k003_1140_gc2500_rp0.03_mr3E-4_ss200.fa	30	28.055	29.536	75.642
long_content_30k_003/lc30k003_1141_gc2000_rp0.01_mr3E-4_ss100.fa	30	17.284	13.344	76.439
long_content_30k_003/lc30k003_1142_gc2000_rp0.01_mr3E-4_ss200.fa	26	24.432	22.266	70.060
long_content_30k_003/lc30k003_1143_gc2000_rp0.02_mr2E-4_ss200.fa	25	10.848	9.435	64.327
long_content_30k_003/lc30k003_1144_gc2500_rp0.02_mr5E-4_ss200.fa	30	32.888	31.840	55.934
long_content_30k_003/lc30k003_1145_gc2500_rp0.03_mr5E-4_ss200.fa	7	33.559	28.403	69.684
long_content_30k_003/lc30k003_1146_gc2000_rp0.02_mr5E-4_ss200.fa	30	40.703	45.362	65.863
long_content_30k_003/lc30k003_1147_gc2000_rp0.03_mr2E-4_ss200.fa	18	16.286	16.695	84.726
long_content_30k_003/lc30k003_1148_gc2000_rp0.02_mr3E-4_ss100.fa	20	22.081	25.244	80.216
long_content_30k_003/lc30k003_1149_gc2500_rp0.03_mr2E-4_ss200.fa	17	39.308	46.168	66.004
long_content_30k_003/lc30k003_114_gc2500_rp0.01_mr2E-4_ss200.fa	30	13.445	13.471	71.270
long_content_30k_003/lc30k003_1150_gc2000_rp0.02_mr3E-4_ss200.fa	25	32.233	31.657	71.223
long_content_30k_003/lc30k003_1151_gc2500_rp0.01_mr2E-4_ss100.fa	30	21.569	20.126	71.159
long_content_30k_003/lc30k003_1152_gc2500_rp0.03_mr5E-4_ss100.fa	15	41.727	53.779	53.514
long_content_30k_003/lc30k003_1153_gc2500_rp0.02_mr2E-4_ss100.fa	30	14.234	14.502	87.251
long_content_30k_003/lc30k003_1154_gc2500_rp0.02_mr3E-4_ss100.fa	18	32.225	34.615	68.173
long_content_30k_003/lc30k003_1155_gc2000_rp0.03_mr3E-4_ss100.fa	19	24.296	27.512	73.807
long_content_30k_003/lc30k003_1156_gc2500_rp0.02_mr3E-4_ss200.fa	30	17.496	15.494	74.757
long_content_30k_003/lc30k003_1157_gc2500_rp0.03_mr2E-4_ss100.fa	10	10.210	10.153	57.599
long_content_30k_003/lc30k003_1158_gc2500_rp0.01_mr2E-4_ss200.fa	25	7.860	6.461	75.051
long_content_30k_003/lc30k003_1159_gc2000_rp0.01_mr2E-4_ss100.fa	30	21.302	22.014	86.071
long_content_30k_003/lc30k003_115_gc2000_rp0.01_mr2E-4_ss100.fa	30	19.088	19.915	79.471
long_content_30k_003/lc30k003_1160_gc2000_rp0.02_mr5E-4_ss100.fa	24	42.967	35.374	46.190
long_content_30k_003/lc30k003_1161_gc2000_rp0.03_mr5E-4_ss200.fa	28	38.861	46.325	62.440
long_content_30k_003/lc30k003_1162_gc2500_rp0.02_mr5E-4_ss100.fa	30	42.654	43.412	59.748
long_content_30k_003/lc30k003_1163_gc2500_rp0.01_mr5E-4_ss200.fa	30	35.957	33.931	49.550
long_content_30k_003/lc30k003_1164_gc2000_rp0.01_mr5E-4_ss100.fa	24	28.719	30.112	75.665
long_content_30k_003/lc30k003_1165_gc2000_rp0.01_mr2E-4_ss200.fa	30	19.902	19.577	54.568
long_content_30k_003/lc30k003_1166_gc2500_rp0.03_mr3E-4_ss100.fa	13	15.267	8.629	63.836
long_content_30k_003/lc30k003_1167_gc2000_rp0.03_mr2E-4_ss100.fa	29	36.493	46.291	65.417
long_content_30k_003/lc30k003_1168_gc2500_rp0.01_mr3E-4_ss100.fa	30	19.180	12.380	85.404
long_content_30k_003/lc30k003_1169_gc2000_rp0.03_mr3E-4_ss200.fa	28	31.559	36.260	67.934
long_content_30k_003/lc30k003_116_gc2000_rp0.02_mr5E-4_ss100.fa	30	23.342	10.398	60.962
long_content_30k_003/lc30k003_1170_gc2000_rp0.01_mr5E-4_ss200.fa	30	27.232	22.948	53.927
long_content_30k_003/lc30k003_1171_gc2000_rp0.02_mr2E-4_ss100.fa	30	19.306	17.434	82.578
long_content_30k_003/lc30k003_1172_gc2000_rp0.03_mr5E-4_ss100.fa	10	25.096	19.245	59.777
long_content_30k_003/lc30k003_1173_gc2500_rp0.01_mr3E-4_ss200.fa	30	26.899	27.462	76.690
long_content_30k_003/lc30k003_1174_gc2500_rp0.02_mr2E-4_ss200.fa	24	17.340	14.913	80.775
long_content_30k_003/lc30k003_1175_gc2500_rp0.01_mr5E-4_ss100.fa	30	37.349	39.398	71.142
long_content_30k_003/lc30k003_1176_gc2500_rp0.03_mr3E-4_ss200.fa	21	19.774	21.061	79.835
long_content_30k_003/lc30k003_1177_gc2000_rp0.01_mr3E-4_ss100.fa	30	20.998	18.203	73.719
long_content_30k_003/lc30k003_1178_gc2000_rp0.01_mr3E-4_ss200.fa	30	28.113	29.919	76.524
long_content_30k_003/lc30k003_1179_gc2000_rp0.02_mr2E-4_ss200.fa	29	33.722	35.863	72.474
long_content_30k_003/lc30k003_117_gc2000_rp0.03_mr5E-4_ss200.fa	19	36.107	39.100	69.816
long_content_30k_003/lc30k003_1180_gc2500_rp0.02_mr5E-4_ss200.fa	29	27.839	30.998	54.957
long_content_30k_003/lc30k003_1181_gc2500_rp0.03_mr5E-4_ss200.fa	30	29.363	30.809	63.230
long_content_30k_003/lc30k003_1182_gc2000_rp0.02_mr5E-4_ss200.fa	30	40.915	45.663	73.173
long_content_30k_003/lc30k003_1183_gc2000_rp0.03_mr2E-4_ss200.fa	28	21.007	24.761	72.869
long_content_30k_003/lc30k003_1184_gc2000_rp0.02_mr3E-4_ss100.fa	10	35.910	40.505	74.847
long_content_30k_003/lc30k003_1185_gc2500_rp0.03_mr2E-4_ss200.fa	17	20.513	12.882	75.894
long_content_30k_003/lc30k003_1186_gc2000_rp0.02_mr3E-4_ss200.fa	30	22.451	24.400	78.882
long_content_30k_003/lc30k003_1187_gc2500_rp0.01_mr2E-4_ss100.fa	10	14.030	14.916	87.309
long_content_30k_003/lc30k003_1188_gc2500_rp0.03_mr5E-4_ss100.fa	13	30.654	32.580	73.586
long_content_30k_003/lc30k003_1189_gc2500_rp0.02_mr2E-4_ss100.fa	21	11.200	11.384	91.519
long_content_30k_003/lc30k003_118_gc2500_rp0.02_mr5E-4_ss100.fa	30	39.024	43.855	57.569
long_content_30k_003/lc30k003_1190_gc2500_rp0.02_mr3E-4_ss100.fa	30	19.854	19.602	82.164
long_content_30k_003/lc30k003_1191_gc2000_rp0.03_mr3E-4_ss100.fa	30	30.874	36.234	72.515
long_content_30k_003/lc30k003_1192_gc2500_rp0.02_mr3E-4_ss200.fa	12	15.235	8.618	59.251
long_content_30k_003/lc30k003_1193_gc2500_rp0.03_mr2E-4_ss100.fa	15	21.468	21.132	77.598
long_content_30k_003/lc30k003_1194_gc2500_rp0.01_mr2E-4_ss200.fa	30	34.982	36.887	74.710
long_content_30k_003/lc30k003_1195_gc2000_rp0.01_mr2E-4_ss100.fa	30	18.845	16.418	80.575
long_content_30k_003/lc30k003_1196_gc2000_rp0.02_mr5E-4_ss100.fa	15	16.669	8.549	45.383
long_content_30k_003/lc30k003_1197_gc2000_rp0.03_mr5E-4_ss200.fa	28	49.963	49.302	54.964
long_content_30k_003/lc30k003_1198_gc2500_rp0.02_mr5E-4_ss100.fa	19	48.401	48.720	47.801
long_content_30k_003/lc30k003_1199_gc2500_rp0.01_mr5E-4_ss200.fa	30	29.601	14.397	41.374
long_content_30k_003/lc30k003_119_gc2500_rp0.01_mr5E-4_ss200.fa	30	34.518	40.892	57.898
long_content_30k_003/lc30k003_1200_gc2000_rp0.01_mr5E-4_ss100.fa	30	27.819	21.523	76.448
long_content_30k_003/lc30k003_1201_gc2000_rp0.01_mr2E-4_ss200.fa	0	0.000	0.000	0.000
long_content_30k_003/lc30k003_1202_gc2500_rp0.03_mr3E-4_ss100.fa	21	25.847	25.362	77.025
long_content_30k_003/lc30k003_1203_gc2000_rp0.03_mr2E-4_ss100.fa	14	18.528	20.557	79.960
long_content_30k_003/lc30k003_1204_gc2500_rp0.01_mr3E-4_ss100.fa	30	41.727	44.444	69.425
long_content_30k_003/lc30k003_1205_gc2000_rp0.03_mr3E-4_ss200.fa	30	14.673	12.504	87.283
long_content_30k_003/lc30k003_1206_gc2000_rp0.01_mr5E-4_ss200.fa	30	46.548	47.244	59.550
long_content_30k_003/lc30k003_1207_gc2000_rp0.02_mr2E-4_ss100.fa	30	13.623	13.883	80.119
long_content_30k_003/lc30k003_1208_gc2000_rp0.03_mr5E-4_ss100.fa	15	43.798	45.955	63.775
long_content_30k_003/lc30k003_1209_gc2500_rp0.01_mr3E-4_ss200.fa	30	21.227	22.787	79.400
long_content_30k_003/lc30k003_120_gc2000_rp0.01_mr5E-4_ss100.fa	24	38.905	44.674	51.861
long_content_30k_003/lc30k003_1210_gc2500_rp0.02_mr2E-4_ss200.fa	30	26.461	22.188	74.820
long_content_30k_003/lc30k003_1211_gc2500_rp0.01_mr5E-4_ss100.fa	24	30.688	30.688	72.609
long_content_30k_003/lc30k003_1212_gc2500_rp0.03_mr3E-4_ss200.fa	22	33.194	41.023	67.888
long_content_30k_003/lc30k003_1213_gc2000_rp0.01_mr3E-4_ss100.fa	30	18.368	17.939	83.506
long_content_30k_003/lc30k003_1214_gc2000_rp0.01_mr3E-4_ss200.fa	30	12.348	8.721	71.979
long_content_30k_003/lc30k003_1215_gc2000_rp0.02_mr2E-4_ss200.fa	30	11.930	13.444	82.262
long_content_30k_003/lc30k003_1216_gc2500_rp0.02_mr5E-4_ss200.fa	30	10.455	6.004	48.154
long_content_30k_003/lc30k003_1217_gc2500_rp0.03_mr5E-4_ss200.fa	18	43.652	42.077	49.132
long_content_30k_003/lc30k003_1218_gc2000_rp0.02_mr5E-4_ss200.fa	30	27.735	23.779	67.177
long_content_30k_003/lc30k003_1219_gc2000_rp0.03_mr2E-4_ss200.fa	14	11.237	7.730	55.379
long_content_30k_003/lc30k003_121_gc2000_rp0.01_mr2E-4_ss200.fa	16	9.261	2.734	54.902
long_content_30k_003/lc30k003_1220_gc2000_rp0.02_mr3E-4_ss100.fa	17	26.061	26.507	78.610
long_content_30k_003/lc30k003_1221_gc2500_rp0.03_mr2E-4_ss200.fa	23	19.094	21.450	77.931
long_content_30k_003/lc30k003_1222_gc2000_rp0.02_mr3E-4_ss200.fa	25	34.443	29.445	55.727
long_content_30k_003/lc30k003_1223_gc2500_rp0.01_mr2E-4_ss100.fa	23	14.813	15.445	89.549
long_content_30k_003/lc30k003_1224_gc2500_rp0.03_mr5E-4_ss100.fa	30	32.273	34.266	73.257
long_content_30k_003/lc30k003_1225_gc2500_rp0.02_mr2E-4_ss100.fa	30	19.092	18.283	76.905
long_content_30k_003/lc30k003_1226_gc2500_rp0.02_mr3E-4_ss100.fa	30	20.781	26.841	71.972
long_content_30k_003/lc30k003_1227_gc2000_rp0.03_mr3E-4_ss100.fa	11	30.226	30.028	78.801
long_content_30k_003/lc30k003_1228_gc2500_rp0.02_mr3E-4_ss200.fa	24	29.864	30.404	74.046
long_content_30k_003/lc30k003_1229_gc2500_rp0.03_mr2E-4_ss100.fa	24	11.200	9.335	80.253
long_content_30k_003/lc30k003_122_gc2500_rp0.03_mr3E-4_ss100.fa	27	19.343	13.083	85.152
long_content_30k_003/lc30k003_1230_gc2500_rp0.01_mr2E-4_ss200.fa	4	7.266	3.485	82.167
long_content_30k_003/lc30k003_1231_gc2000_rp0.01_mr2E-4_ss100.fa	26	12.351	14.852	89.352
long_content_30k_003/lc30k003_1232_gc2000_rp0.02_mr5E-4_ss100.fa	22	35.825	18.556	49.068
long_content_30k_003/lc30k003_1233_gc2000_rp0.03_mr5E-4_ss200.fa	19	29.815	17.952	55.556
long_content_30k_003/lc30k003_1234_gc2500_rp0.02_mr5E-4_ss100.fa	30	49.277	51.370	66.215
long_content_30k_003/lc30k003_1235_gc2500_rp0.01_mr5E-4_ss200.fa	30	24.012	33.541	43.211
long_content_30k_003/lc30k003_1236_gc2000_rp0.01_mr5E-4_ss100.fa	30	48.384	47.511	41.464
long_content_30k_003/lc30k003_1237_gc2000_rp0.01_mr2E-4_ss200.fa	30	9.076	6.953	85.192
long_content_30k_003/lc30k003_1238_gc2500_rp0.03_mr3E-4_ss100.fa	26	29.913	33.398	65.485
long_content_30k_003/lc30k003_1239_gc2000_rp0.03_mr2E-4_ss100.fa	17	23.108	25.839	80.176
long_content_30k_003/lc30k003_123_gc2000_rp0.03_mr2E-4_ss100.fa	29	14.147	16.718	85.122
long_content_30k_003/lc30k003_1240_gc2500_rp0.01_mr3E-4_ss100.fa	30	43.811	42.385	56.586
long_content_30k_003/lc30k003_1241_gc2000_rp0.03_mr3E-4_ss200.fa	19	27.082	22.967	57.499
long_content_30k_003/lc30k003_1242_gc2000_rp0.01_mr5E-4_ss200.fa	25	49.292	54.973	59.051
long_content_30k_003/lc30k003_1243_gc2000_rp0.02_mr2E-4_ss100.fa	24	21.332	21.680	82.833
long_content_30k_003/lc30k003_1244_gc2000_rp0.03_mr5E-4_ss100.fa	30	33.951	35.080	65.088
long_content_30k_003/lc30k003_1245_gc2500_rp0.01_mr3E-4_ss200.fa	30	35.932	39.902	63.968
long_content_30k_003/lc30k003_1246_gc2500_rp0.02_mr2E-4_ss200.fa	30	21.876	21.947	79.549
long_content_30k_003/lc30k003_1247_gc2500_rp0.01_mr5E-4_ss100.fa	17	18.957	21.176	80.370
long_content_30k_003/lc30k003_1248_gc2500_rp0.03_mr3E-4_ss200.fa	18	21.753	27.738	72.945
long_content_30k_003/lc30k003_1249_gc2000_rp0.01_mr3E-4_ss100.fa	26	19.135	11.671	60.152
long_content_30k_003/lc30k003_124_gc2500_rp0.01_mr3E-4_ss100.fa	16	15.062	13.441	75.437
long_content_30k_003/lc30k003_1250_gc2000_rp0.01_mr3E-4_ss200.fa	16	17.937	3.977	56.285
long_content_30k_003/lc30k003_1251_gc2000_rp0.02_mr2E-4_ss200.fa	30	18.535	20.271	83.250
long_content_30k_003/lc30k003_1252_gc2500_rp0.02_mr5E-4_ss200.fa	30	18.016	17.836	61.391
long_content_30k_003/lc30k003_1253_gc2500_rp0.03_mr5E-4_ss200.fa	16	38.157	40.446	64.749
long_content_30k_003/lc30k003_1254_gc2000_rp0.02_mr5E-4_ss200.fa	30	30.893	32.919	75.408
long_content_30k_003/lc30k003_1255_gc2000_rp0.03_mr2E-4_ss200.fa	22	14.174	13.188	80.006
long_content_30k_003/lc30k003_1256_gc2000_rp0.02_mr3E-4_ss100.fa	30	18.521	18.764	82.008
long_content_30k_003/lc30k003_1257_gc2500_rp0.03_mr2E-4_ss200.fa	30	9.425	5.561	77.340
long_content_30k_003/lc30k003_1258_gc2000_rp0.02_mr3E-4_ss200.fa	24	18.250	19.306	81.691
long_content_30k_003/lc30k003_1259_gc2500_rp0.01_mr2E-4_ss100.fa	30	26.679	26.614	76.451
long_content_30k_003/lc30k003_125_gc2000_rp0.03_mr3E-4_ss200.fa	23	13.281	13.267	74.948
long_content_30k_003/lc30k003_1260_gc2500_rp0.03_mr5E-4_ss100.fa	22	36.500	41.368	59.698
long_content_30k_003/lc30k003_1261_gc2500_rp0.02_mr2E-4_ss100.fa	25	19.552	10.397	69.697
long_content_30k_003/lc30k003_1262_gc2500_rp0.02_mr3E-4_ss100.fa	29	21.838	16.789	68.207
long_content_30k_003/lc30k003_1263_gc2000_rp0.03_mr3E-4_ss100.fa	9	23.715	27.329	73.153
long_content_30k_003/lc30k003_1264_gc2500_rp0.02_mr3E-4_ss200.fa	30	21.587	16.334	67.311
long_content_30k_003/lc30k003_1265_gc2500_rp0.03_mr2E-4_ss100.fa	17	26.218	25.873	75.009
long_content_30k_003/lc30k003_1266_gc2500_rp0.01_mr2E-4_ss200.fa	30	15.086	16.153	87.271
long_content_30k_003/lc30k003_1267_gc2000_rp0.01_mr2E-4_ss100.fa	30	26.475	31.717	71.415
long_content_30k_003/lc30k003_1268_gc2000_rp0.02_mr5E-4_ss100.fa	14	28.588	24.343	59.174
long_content_30k_003/lc30k003_1269_gc2000_rp0.03_mr5E-4_ss200.fa	22	36.695	52.116	51.211
long_content_30k_003/lc30k003_126_gc2000_rp0.01_mr5E-4_ss200.fa	30	15.538	14.035	39.601
long_content_30k_003/lc30k003_1270_gc2500_rp0.02_mr5E-4_ss100.fa	30	26.086	25.075	55.365
long_content_30k_003/lc30k003_1271_gc2500_rp0.01_mr5E-4_ss200.fa	30	54.139	54.191	49.460
long_content_30k_003/lc30k003_1272_gc2000_rp0.01_mr5E-4_ss100.fa	26	46.782	43.954	66.649
long_content_30k_003/lc30k003_1273_gc2000_rp0.01_mr2E-4_ss200.fa	27	10.259	12.009	80.077
long_content_30k_003/lc30k003_1274_gc2500_rp0.03_mr3E-4_ss100.fa	18	18.889	21.005	80.354
long_content_30k_003/lc30k003_1275_gc2000_rp0.03_mr2E-4_ss100.fa	30	18.249	16.798	79.361
long_content_30k_003/lc30k003_1276_gc2500_rp0.01_mr3E-4_ss100.fa	30	29.692	21.630	77.829
long_content_30k_003/lc30k003_1277_gc2000_rp0.03_mr3E-4_ss200.fa	26	19.977	18.217	65.998
long_content_30k_003/lc30k003_1278_gc2000_rp0.01_mr5E-4_ss200.fa	29	37.597	33.788	75.657
long_content_30k_003/lc30k003_1279_gc2000_rp0.02_mr2E-4_ss100.fa	22	28.097	30.775	76.779
long_content_30k_003/lc30k003_127_gc2000_rp0.02_mr2E-4_ss100.fa	25	9.364	6.076	79.800
long_content_30k_003/lc30k003_1280_gc2000_rp0.03_mr5E-4_ss100.fa	7	31.827	33.559	46.836
long_content_30k_003/lc30k003_1281_gc2500_rp0.01_mr3E-4_ss200.fa	30	31.726	29.534	59.324
long_content_30k_003/lc30k003_1282_gc2500_rp0.02_mr2E-4_ss200.fa	21	17.427	15.137	84.795
long_content_30k_003/lc30k003_1283_gc2500_rp0.01_mr5E-4_ss100.fa	20	21.038	27.981	39.357
long_content_30k_003/lc30k003_1284_gc2500_rp0.03_mr3E-4_ss200.fa	30	5.371	2.542	80.321
long_content_30k_003/lc30k003_1285_gc2000_rp0.01_mr3E-4_ss100.fa	3	34.682	34.237	62.037
long_content_30k_003/lc30k003_1286_gc2000_rp0.01_mr3E-4_ss200.fa	30	14.193	6.588	62.972
long_content_30k_003/lc30k003_1287_gc2000_rp0.02_mr2E-4_ss200.fa	19	11.013	9.800	85.637
long_content_30k_003/lc30k003_1288_gc2500_rp0.02_mr5E-4_ss200.fa	30	23.748	27.373	64.304
long_content_30k_003/lc30k003_1289_gc2500_rp0.03_mr5E-4_ss200.fa	23	30.242	33.101	57.916
long_content_30k_003/lc30k003_128_gc2000_rp0.03_mr5E-4_ss100.fa	30	32.502	20.578	54.696
long_content_30k_003/lc30k003_1290_gc2000_rp0.02_mr5E-4_ss200.fa	24	27.354	22.425	41.735
long_content_30k_003/lc30k003_1291_gc2000_rp0.03_mr2E-4_ss200.fa	21	23.259	26.789	78.388
long_content_30k_003/lc30k003_1292_gc2000_rp0.02_mr3E-4_ss100.fa	27	18.031	19.649	74.122
long_content_30k_003/lc30k003_1293_gc2500_rp0.03_mr2E-4_ss200.fa	12	7.706	7.918	82.821
long_content_30k_003/lc30k003_1294_gc2000_rp0.02_mr3E-4_ss200.fa	30	29.199	28.787	79.145
long_content_30k_003/lc30k003_1295_gc2500_rp0.01_mr2E-4_ss100.fa	23	17.977	17.988	89.013
long_content_30k_003/lc30k003_1296_gc2500_rp0.03_mr5E-4_ss100.fa	10	14.812	11.305	71.297
long_content_30k_003/lc30k003_1297_gc2500_rp0.02_mr2E-4_ss100.fa	30	17.333	17.173	80.648
long_content_30k_003/lc30k003_1298_gc2500_rp0.02_mr3E-4_ss100.fa	30	24.323	26.559	79.894
long_content_30k_003/lc30k003_1299_gc2000_rp0.03_mr3E-4_ss100.fa	17	29.025	32.326	75.662
long_content_30k_003/lc30k003_129_gc2500_rp0.01_mr3E-4_ss200.fa	12	17.949	19.898	87.566
long_content_30k_003/lc30k003_1300_gc2500_rp0.02_mr3E-4_ss200.fa	30	28.593	33.645	66.752
long_content_30k_003/lc30k003_1301_gc2500_rp0.03_mr2E-4_ss100.fa	30	24.797	28.680	61.670
long_content_30k_003/lc30k003_1302_gc2500_rp0.01_mr2E-4_ss200.fa	30	11.343	9.684	80.963
long_content_30k_003/lc30k003_1303_gc2000_rp0.01_mr2E-4_ss100.fa	7	18.183	19.059	88.463
long_content_30k_003/lc30k003_1304_gc2000_rp0.02_mr5E-4_ss100.fa	12	39.656	55.869	56.482
long_content_30k_003/lc30k003_1305_gc2000_rp0.03_mr5E-4_ss200.fa	18	21.988	24.375	65.028
long_content_30k_003/lc30k003_1306_gc2500_rp0.02_mr5E-4_ss100.fa	30	35.959	36.138	68.960
long_content_30k_003/lc30k003_1307_gc2500_rp0.01_mr5E-4_ss200.fa	30	24.079	23.581	63.321
long_content_30k_003/lc30k003_1308_gc2000_rp0.01_mr5E-4_ss100.fa	30	38.830	46.806	69.781
long_content_30k_003/lc30k003_1309_gc2000_rp0.01_mr2E-4_ss200.fa	20	6.194	6.128	87.309
long_content_30k_003/lc30k003_130_gc2500_rp0.02_mr2E-4_ss200.fa	27	21.261	24.771	70.072
long_content_30k_003/lc30k003_1310_gc2500_rp0.03_mr3E-4_ss100.fa	28	23.973	21.516	82.024
long_content_30k_003/lc30k003_1311_gc2000_rp0.03_mr2E-4_ss100.fa	10	19.716	27.619	78.640
long_content_30k_003/lc30k003_1312_gc2500_rp0.01_mr3E-4_ss100.fa	30	16.097	17.407	84.081
long_content_30k_003/lc30k003_1313_gc2000_rp0.03_mr3E-4_ss200.fa	22	23.380	13.208	59.430
long_content_30k_003/lc30k003_1314_gc2000_rp0.01_mr5E-4_ss200.fa	2	15.933	15.933	89.958
long_content_30k_003/lc30k003_1315_gc2000_rp0.02_mr2E-4_ss100.fa	19	19.827	22.255	79.051
long_content_30k_003/lc30k003_1316_gc2000_rp0.03_mr5E-4_ss100.fa	13	50.547	51.354	54.609
long_content_30k_003/lc30k003_1317_gc2500_rp0.01_mr3E-4_ss200.fa	30	32.148	32.140	68.899
long_content_30k_003/lc30k003_1318_gc2500_rp0.02_mr2E-4_ss200.fa	19	8.786	11.046	89.150
long_content_30k_003/lc30k003_1319_gc2500_rp0.01_mr5E-4_ss100.fa	17	21.479	20.451	74.719
long_content_30k_003/lc30k003_131_gc2500_rp0.01_mr5E-4_ss100.fa	30	40.534	52.364	45.885
long_content_30k_003/lc30k003_1320_gc2500_rp0.03_mr3E-4_ss200.fa	8	25.919	31.592	67.144
long_content_30k_003/lc30k003_1321_gc2000_rp0.01_mr3E-4_ss100.fa	22	16.306	19.051	81.453
long_content_30k_003/lc30k003_1322_gc2000_rp0.01_mr3E-4_ss200.fa	30	41.153	43.697	70.975
long_content_30k_003/lc30k003_1323_gc2000_rp0.02_mr2E-4_ss200.fa	25	21.324	22.327	81.103
long_content_30k_003/lc30k003_1324_gc2500_rp0.02_mr5E-4_ss200.fa	30	31.188	21.182	52.719
long_content_30k_003/lc30k003_1325_gc2500_rp0.03_mr5E-4_ss200.fa	23	44.792	55.180	44.713
long_content_30k_003/lc30k003_1326_gc2000_rp0.02_mr5E-4_ss200.fa	29	27.557	26.399	54.073
long_content_30k_003/lc30k003_1327_gc2000_rp0.03_mr2E-4_ss200.fa	26	9.466	7.612	69.786
long_content_30k_003/lc30k003_1328_gc2000_rp0.02_mr3E-4_ss100.fa	30	20.129	21.383	82.690
long_content_30k_003/lc30k003_1329_gc2500_rp0.03_mr2E-4_ss200.fa	9	6.945	4.148	69.731
long_content_30k_003/lc30k003_132_gc2500_rp0.03_mr3E-4_ss200.fa	23	29.236	33.389	69.007
long_content_30k_003/lc30k003_1330_gc2000_rp0.02_mr3E-4_ss200.fa	30	28.478	28.475	72.526
long_content_30k_003/lc30k003_1331_gc2500_rp0.01_mr2E-4_ss100.fa	1	11.203	11.203	91.777
long_content_30k_003/lc30k003_1332_gc2500_rp0.03_mr5E-4_ss100.fa	29	33.927	35.716	65.450
long_content_30k_003/lc30k003_1333_gc2500_rp0.02_mr2E-4_ss100.fa	13	18.301	22.415	74.172
long_content_30k_003/lc30k003_1334_gc2500_rp0.02_mr3E-4_ss100.fa	29	32.649	32.391	72.270
long_content_30k_003/lc30k003_1335_gc2000_rp0.03_mr3E-4_ss100.fa	25	33.888	33.071	62.551
long_content_30k_003/lc30k003_1336_gc2500_rp0.02_mr3E-4_ss200.fa	17	33.085	45.757	65.661
long_content_30k_003/lc30k003_1337_gc2500_rp0.03_mr2E-4_ss100.fa	25	10.717	6.050	85.926
long_content_30k_003/lc30k003_1338_gc2500_rp0.01_mr2E-4_ss200.fa	30	26.478	26.347	77.362
long_content_30k_003/lc30k003_1339_gc2000_rp0.01_mr2E-4_ss100.fa	30	12.306	10.353	65.635
long_content_30k_003/lc30k003_133_gc2000_rp0.01_mr3E-4_ss100.fa	6	26.938	26.625	73.389
long_content_30k_003/lc30k003_1340_gc2000_rp0.02_mr5E-4_ss100.fa	6	57.834	62.944	47.100
long_content_30k_003/lc30k003_1341_gc2000_rp0.03_mr5E-4_ss200.fa	30	47.557	49.910	52.495
long_content_30k_003/lc30k003_1342_gc2500_rp0.02_mr5E-4_ss100.fa	30	29.941	36.936	55.752
long_content_30k_003/lc30k003_1343_gc2500_rp0.01_mr5E-4_ss200.fa	19	29.583	29.493	75.038
long_content_30k_003/lc30k003_1344_gc2000_rp0.01_mr5E-4_ss100.fa	16	51.103	56.107	56.742
long_content_30k_003/lc30k003_1345_gc2000_rp0.01_mr2E-4_ss200.fa	30	15.758	23.442	74.618
long_content_30k_003/lc30k003_1346_gc2500_rp0.03_mr3E-4_ss100.fa	16	25.591	24.402	79.216
long_content_30k_003/lc30k003_1347_gc2000_rp0.03_mr2E-4_ss100.fa	30	8.622	9.253	88.696
long_content_30k_003/lc30k003_1348_gc2500_rp0.01_mr3E-4_ss100.fa	14	22.816	17.796	80.504
long_content_30k_003/lc30k003_1349_gc2000_rp0.03_mr3E-4_ss200.fa	28	19.985	18.764	83.849
long_content_30k_003/lc30k003_134_gc2000_rp0.01_mr3E-4_ss200.fa	30	15.456	15.713	83.820
long_content_30k_003/lc30k003_1350_gc2000_rp0.01_mr5E-4_ss200.fa	30	56.339	56.340	44.588
long_content_30k_003/lc30k003_1351_gc2000_rp0.02_mr2E-4_ss100.fa	30	12.702	17.765	80.118
long_content_30k_003/lc30k003_1352_gc2000_rp0.03_mr5E-4_ss100.fa	30	35.043	40.086	66.581
long_content_30k_003/lc30k003_1353_gc2500_rp0.01_mr3E-4_ss200.fa	30	29.307	29.555	74.451
long_content_30k_003/lc30k003_1354_gc2500_rp0.02_mr2E-4_ss200.fa	23	24.847	32.346	77.495
long_content_30k_003/lc30k003_1355_gc2500_rp0.01_mr5E-4_ss100.fa	30	44.469	45.278	64.441
long_content_30k_003/lc30k003_1356_gc2500_rp0.03_mr3E-4_ss200.fa	22	35.279	40.631	67.432
long_content_30k_003/lc30k003_1357_gc2000_rp0.01_mr3E-4_ss100.fa	15	27.325	28.530	75.665
long_content_30k_003/lc30k003_1358_gc2000_rp0.01_mr3E-4_ss200.fa	20	35.428	36.605	71.150
long_content_30k_003/lc30k003_1359_gc2000_rp0.02_mr2E-4_ss200.fa	27	22.955	29.272	81.710
long_content_30k_003/lc30k003_135_gc2000_rp0.02_mr2E-4_ss200.fa	28	23.244	24.646	80.434
long_content_30k_003/lc30k003_1360_gc2500_rp0.02_mr5E-4_ss200.fa	19	21.122	11.001	42.465
long_content_30k_003/lc30k003_1361_gc2500_rp0.03_mr5E-4_ss200.fa	27	31.879	33.700	58.787
long_content_30k_003/lc30k003_1362_gc2000_rp0.02_mr5E-4_ss200.fa	20	40.411	40.833	64.308
long_content_30k_003/lc30k003_1363_gc2000_rp0.03_mr2E-4_ss200.fa	15	16.773	19.423	79.285
long_content_30k_003/lc30k003_1364_gc2000_rp0.02_mr3E-4_ss100.fa	30	14.810	12.113	83.015
long_content_30k_003/lc30k003_1365_gc2500_rp0.03_mr2E-4_ss200.fa	8	32.820	36.139	74.403
long_content_30k_003/lc30k003_1366_gc2000_rp0.02_mr3E-4_ss200.fa	19	15.791	6.010	59.905
long_content_30k_003/lc30k003_1367_gc2500_rp0.01_mr2E-4_ss100.fa	7	11.957	10.977	91.574
long_content_30k_003/lc30k003_1368_gc2500_rp0.03_mr5E-4_ss100.fa	9	38.552	44.311	48.395
long_content_30k_003/lc30k003_1369_gc2500_rp0.02_mr2E-4_ss100.fa	28	17.210	18.143	86.982
long_content_30k_003/lc30k003_136_gc2500_rp0.02_mr5E-4_ss200.fa	15	40.627	38.225	36.761
long_content_30k_003/lc30k003_1370_gc2500_rp0.02_mr3E-4_ss100.fa	21	30.244	27.670	69.320
long_content_30k_003/lc30k003_1371_gc2000_rp0.03_mr3E-4_ss100.fa	30	15.900	13.518	80.718
long_content_30k_003/lc30k003_1372_gc2500_rp0.02_mr3E-4_ss200.fa	22	18.746	12.753	59.840
long_content_30k_003/lc30k003_1373_gc2500_rp0.03_mr2E-4_ss100.fa	30	17.340	19.759	83.094
long_content_30k_003/lc30k003_1374_gc2500_rp0.01_mr2E-4_ss200.fa	30	21.216	24.483	79.173
long_content_30k_003/lc30k003_1375_gc2000_rp0.01_mr2E-4_ss100.fa	8	14.075	13.473	83.951
long_content_30k_003/lc30k003_1376_gc2000_rp0.02_mr5E-4_ss100.fa	30	18.207	15.887	81.851
long_content_30k_003/lc30k003_1377_gc2000_rp0.03_mr5E-4_ss200.fa	30	27.322	20.713	66.660
long_content_30k_003/lc30k003_1378_gc2500_rp0.02_mr5E-4_ss100.fa	28	28.857	23.652	57.093
long_content_30k_003/lc30k003_1379_gc2500_rp0.01_mr5E-4_ss200.fa	30	18.845	15.648	57.014
long_content_30k_003/lc30k003_137_gc2500_rp0.03_mr5E-4_ss200.fa	19	35.001	42.726	50.288
long_content_30k_003/lc30k003_1380_gc2000_rp0.01_mr5E-4_ss100.fa	30	33.780	33.914	71.771
long_content_30k_003/lc30k003_1381_gc2000_rp0.01_mr2E-4_ss200.fa	19	31.211	35.028	76.361
long_content_30k_003/lc30k003_1382_gc2500_rp0.03_mr3E-4_ss100.fa	26	19.839	14.642	63.919
long_content_30k_003/lc30k003_1383_gc2000_rp0.03_mr2E-4_ss100.fa	26	7.578	5.568	80.824
long_content_30k_003/lc30k003_1384_gc2500_rp0.01_mr3E-4_ss100.fa	2	13.883	13.883	90.516
long_content_30k_003/lc30k003_1385_gc2000_rp0.03_mr3E-4_ss200.fa	25	19.862	24.206	74.040
long_content_30k_003/lc30k003_1386_gc2000_rp0.01_mr5E-4_ss200.fa	15	18.214	14.558	64.001
long_content_30k_003/lc30k003_1387_gc2000_rp0.02_mr2E-4_ss100.fa	6	16.100	20.715	88.703
long_content_30k_003/lc30k003_1388_gc2000_rp0.03_mr5E-4_ss100.fa	21	26.716	24.377	71.259
long_content_30k_003/lc30k003_1389_gc2500_rp0.01_mr3E-4_ss200.fa	30	21.372	23.014	78.785
long_content_30k_003/lc30k003_138_gc2000_rp0.02_mr5E-4_ss200.fa	27	19.895	11.403	53.627
long_content_30k_003/lc30k003_1390_gc2500_rp0.02_mr2E-4_ss200.fa	30	13.583	7.996	70.340
long_content_30k_003/lc30k003_1391_gc2500_rp0.01_mr5E-4_ss100.fa	30	22.686	17.004	61.869
long_content_30k_003/lc30k003_1392_gc2500_rp0.03_mr3E-4_ss200.fa	30	18.941	13.454	74.257
long_content_30k_003/lc30k003_1393_gc2000_rp0.01_mr3E-4_ss100.fa	30	29.496	12.829	59.049
long_content_30k_003/lc30k003_1394_gc2000_rp0.01_mr3E-4_ss200.fa	28	37.384	48.828	64.015
long_content_30k_003/lc30k003_1395_gc2000_rp0.02_mr2E-4_ss200.fa	30	10.918	11.233	88.798
long_content_30k_003/lc30k003_1396_gc2500_rp0.02_mr5E-4_ss200.fa	30	36.543	36.743	66.033
long_content_30k_003/lc30k003_1397_gc2500_rp0.03_mr5E-4_ss200.fa	20	39.598	36.027	53.075
long_content_30k_003/lc30k003_1398_gc2000_rp0.02_mr5E-4_ss200.fa	25	40.984	39.663	57.269
long_content_30k_003/lc30k003_1399_gc2000_rp0.03_mr2E-4_ss200.fa	30	13.903	14.939	86.349
long_content_30k_003/lc30k003_139_gc2000_rp0.03_mr2E-4_ss200.fa	30	22.542	25.096	75.304
long_content_30k_003/lc30k003_1400_gc2000_rp0.02_mr3E-4_ss100.fa	30	20.520	17.417	77.468
long_content_30k_003/lc30k003_1401_gc2500_rp0.03_mr2E-4_ss200.fa	23	16.729	18.186	77.929
long_content_30k_003/lc30k003_1402_gc2000_rp0.02_mr3E-4_ss200.fa	10	40.011	44.328	63.045
long_content_30k_003/lc30k003_1403_gc2500_rp0.01_mr2E-4_ss100.fa	20	13.539	13.296	89.042
long_content_30k_003/lc30k003_1404_gc2500_rp0.03_mr5E-4_ss100.fa	30	18.762	2.756	54.955
long_content_30k_003/lc30k003_1405_gc2500_rp0.02_mr2E-4_ss100.fa	20	12.772	5.954	81.431
long_content_30k_003/lc30k003_1406_gc2500_rp0.02_mr3E-4_ss100.fa	30	31.915	29.099	71.614
long_content_30k_003/lc30k003_1407_gc2000_rp0.03_mr3E-4_ss100.fa	21	46.344	52.382	64.287
long_content_30k_003/lc30k003_1408_gc2500_rp0.02_mr3E-4_ss200.fa	30	16.838	16.230	81.298
long_content_30k_003/lc30k003_1409_gc2500_rp0.03_mr2E-4_ss100.fa	30	16.247	13.452	80.718
long_content_30k_003/lc30k003_140_gc2000_rp0.02_mr3E-4_ss100.fa	30	21.534	21.513	78.127
long_content_30k_003/lc30k003_1410_gc2500_rp0.01_mr2E-4_ss200.fa	30	13.968	16.230	86.148
long_content_30k_003/lc30k003_1411_gc2000_rp0.01_mr2E-4_ss100.fa	30	20.895	19.988	73.106
long_content_30k_003/lc30k003_1412_gc2000_rp0.02_mr5E-4_ss100.fa	23	23.532	21.654	56.696
long_content_30k_003/lc30k003_1413_gc2000_rp0.03_mr5E-4_ss200.fa	17	14.856	11.969	46.292
long_content_30k_003/lc30k003_1414_gc2500_rp0.02_mr5E-4_ss100.fa	30	22.745	22.606	77.165
long_content_30k_003/lc30k003_1415_gc2500_rp0.01_mr5E-4_ss200.fa	30	28.256	27.328	54.760
long_content_30k_003/lc30k003_1416_gc2000_rp0.01_mr5E-4_ss100.fa	30	19.266	10.227	49.407
long_content_30k_003/lc30k003_1417_gc2000_rp0.01_mr2E-4_ss200.fa	26	21.983	21.970	79.313
long_content_30k_003/lc30k003_1418_gc2500_rp0.03_mr3E-4_ss100.fa	23	12.385	7.683	72.909
long_content_30k_003/lc30k003_1419_gc2000_rp0.03_mr2E-4_ss100.fa	29	14.112	9.699	80.833
long_content_30k_003/lc30k003_141_gc2500_rp0.03_mr2E-4_ss200.fa	30	23.665	28.167	79.001
long_content_30k_003/lc30k003_1420_gc2500_rp0.01_mr3E-4_ss100.fa	30	28.728	33.508	61.204
long_content_30k_003/lc30k003_1421_gc2000_rp0.03_mr3E-4_ss200.fa	14	22.614	23.406	78.698
long_content_30k_003/lc30k003_1422_gc2000_rp0.01_mr5E-4_ss200.fa	30	52.979	52.950	53.791
long_content_30k_003/lc30k003_1423_gc2000_rp0.02_mr2E-4_ss100.fa	30	13.432	17.015	85.495
long_content_30k_003/lc30k003_1424_gc2000_rp0.03_mr5E-4_ss100.fa	28	37.343	19.643	62.372
long_content_30k_003/lc30k003_1425_gc2500_rp0.01_mr3E-4_ss200.fa	30	11.668	11.701	44.555
long_content_30k_003/lc30k003_1426_gc2500_rp0.02_mr2E-4_ss200.fa	24	11.943	8.424	74.435
long_content_30k_003/lc30k003_1427_gc2500_rp0.01_mr5E-4_ss100.fa	18	26.747	27.713	74.907
long_content_30k_003/lc30k003_1428_gc2500_rp0.03_mr3E-4_ss200.fa	21	8.508	3.218	71.044
long_content_30k_003/lc30k003_1429_gc2000_rp0.01_mr3E-4_ss100.fa	23	20.456	25.608	55.420
long_content_30k_003/lc30k003_142_gc2000_rp0.02_mr3E-4_ss200.fa	30	23.830	22.740	78.962
long_content_30k_003/lc30k003_1430_gc2000_rp0.01_mr3E-4_ss200.fa	30	22.130	20.893	76.188
long_content_30k_003/lc30k003_1431_gc2000_rp0.02_mr2E-4_ss200.fa	28	12.285	8.630	78.762
long_content_30k_003/lc30k003_1432_gc2500_rp0.02_mr5E-4_ss200.fa	23	17.302	15.649	82.786
long_content_30k_003/lc30k003_1433_gc2500_rp0.03_mr5E-4_ss200.fa	20	30.111	34.661	64.148
long_content_30k_003/lc30k003_1434_gc2000_rp0.02_mr5E-4_ss200.fa	19	28.698	36.060	51.880
long_content_30k_003/lc30k003_1435_gc2000_rp0.03_mr2E-4_ss200.fa	20	6.618	3.184	82.248
long_content_30k_003/lc30k003_1436_gc2000_rp0.02_mr3E-4_ss100.fa	16	12.361	1.823	72.913
long_content_30k_003/lc30k003_1437_gc2500_rp0.03_mr2E-4_ss200.fa	13	11.339	9.059	82.377
long_content_30k_003/lc30k003_1438_gc2000_rp0.02_mr3E-4_ss200.fa	30	14.643	12.879	58.944
long_content_30k_003/lc30k003_1439_gc2500_rp0.01_mr2E-4_ss100.fa	24	19.132	19.211	85.450
long_content_30k_003/lc30k003_143_gc2500_rp0.01_mr2E-4_ss100.fa	6	6.448	5.774	90.072
long_content_30k_003/lc30k003_1440_gc2500_rp0.03_mr5E-4_ss100.fa	24	25.949	20.061	70.475
long_content_30k_003/lc30k003_1441_gc2500_rp0.02_mr2E-4_ss100.fa	30	23.028	30.343	75.724
long_content_30k_003/lc30k003_1442_gc2500_rp0.02_mr3E-4_ss100.fa	12	27.541	28.380	77.791
long_content_30k_003/lc30k003_1443_gc2000_rp0.03_mr3E-4_ss100.fa	21	20.484	18.264	78.567
long_content_30k_003/lc30k003_1444_gc2500_rp0.02_mr3E-4_ss200.fa	16	37.092	41.126	64.434
long_content_30k_003/lc30k003_1445_gc2500_rp0.03_mr2E-4_ss100.fa	23	25.002	25.166	76.643
long_content_30k_003/lc30k003_1446_gc2500_rp0.01_mr2E-4_ss200.fa	4	28.323	28.323	78.466
long_content_30k_003/lc30k003_1447_gc2000_rp0.01_mr2E-4_ss100.fa	25	12.416	10.034	61.584
long_content_30k_003/lc30k003_1448_gc2000_rp0.02_mr5E-4_ss100.fa	30	29.753	25.099	59.324
long_content_30k_003/lc30k003_1449_gc2000_rp0.03_mr5E-4_ss200.fa	28	25.367	21.743	52.859
long_content_30k_003/lc30k003_144_gc2500_rp0.03_mr5E-4_ss100.fa	16	25.625	23.688	70.545
long_content_30k_003/lc30k003_1450_gc2500_rp0.02_mr5E-4_ss100.fa	30	22.012	16.044	75.675
long_content_30k_003/lc30k003_1451_gc2500_rp0.01_mr5E-4_ss200.fa	30	44.977	49.941	66.475
long_content_30k_003/lc30k003_1452_gc2000_rp0.01_mr5E-4_ss100.fa	25	42.577	52.565	59.405
long_content_30k_003/lc30k003_1453_gc2000_rp0.01_mr2E-4_ss200.fa	30	15.438	15.438	80.380
long_content_30k_003/lc30k003_1454_gc2500_rp0.03_mr3E-4_ss100.fa	30	25.628	33.972	70.651
long_content_30k_003/lc30k003_1455_gc2000_rp0.03_mr2E-4_ss100.fa	29	20.289	21.537	81.095
long_content_30k_003/lc30k003_1456_gc2500_rp0.01_mr3E-4_ss100.fa	5	24.972	30.614	82.516
long_content_30k_003/lc30k003_1457_gc2000_rp0.03_mr3E-4_ss200.fa	30	16.121	11.364	76.364
long_content_30k_003/lc30k003_1458_gc2000_rp0.01_mr5E-4_ss200.fa	30	34.572	42.416	66.939
long_content_30k_003/lc30k003_1459_gc2000_rp0.02_mr2E-4_ss100.fa	25	12.612	8.783	90.093
long_content_30k_003/lc30k003_145_gc2500_rp0.02_mr2E-4_ss100.fa	13	11.401	6.931	74.751
long_content_30k_003/lc30k003_1460_gc2000_rp0.03_mr5E-4_ss100.fa	23	17.046	15.130	61.460
long_content_30k_003/lc30k003_1461_gc2500_rp0.01_mr3E-4_ss200.fa	30	19.977	17.599	67.615
long_content_30k_003/lc30k003_1462_gc2500_rp0.02_mr2E-4_ss200.fa	30	13.389	6.095	75.511
long_content_30k_003/lc30k003_1463_gc2500_rp0.01_mr5E-4_ss100.fa	30	42.452	49.048	39.543
long_content_30k_003/lc30k003_1464_gc2500_rp0.03_mr3E-4_ss200.fa	16	27.797	18.819	60.913
long_content_30k_003/lc30k003_1465_gc2000_rp0.01_mr3E-4_ss100.fa	30	12.419	9.347	51.108
long_content_30k_003/lc30k003_1466_gc2000_rp0.01_mr3E-4_ss200.fa	30	41.595	32.564	50.475
long_content_30k_003/lc30k003_1467_gc2000_rp0.02_mr2E-4_ss200.fa	23	23.651	24.044	62.388
long_content_30k_003/lc30k003_1468_gc2500_rp0.02_mr5E-4_ss200.fa	30	27.747	16.473	69.657
long_content_30k_003/lc30k003_1469_gc2500_rp0.03_mr5E-4_ss200.fa	22	25.650	24.062	72.104
long_content_30k_003/lc30k003_146_gc2500_rp0.02_mr3E-4_ss100.fa	29	22.418	25.981	68.722
long_content_30k_003/lc30k003_1470_gc2000_rp0.02_mr5E-4_ss200.fa	30	28.064	28.058	60.994
long_content_30k_003/lc30k003_1471_gc2000_rp0.03_mr2E-4_ss200.fa	9	14.564	16.965	82.396
long_content_30k_003/lc30k003_1472_gc2000_rp0.02_mr3E-4_ss100.fa	30	20.169	14.361	58.563
long_content_30k_003/lc30k003_1473_gc2500_rp0.03_mr2E-4_ss200.fa	22	17.184	20.854	77.832
long_content_30k_003/lc30k003_1474_gc2000_rp0.02_mr3E-4_ss200.fa	30	23.775	26.347	79.153
long_content_30k_003/lc30k003_1475_gc2500_rp0.01_mr2E-4_ss100.fa	7	9.264	9.264	91.423
long_content_30k_003/lc30k003_1476_gc2500_rp0.03_mr5E-4_ss100.fa	13	17.000	15.256	51.972
long_content_30k_003/lc30k003_1477_gc2500_rp0.02_mr2E-4_ss100.fa	15	9.552	10.165	69.919
long_content_30k_003/lc30k003_1478_gc2500_rp0.02_mr3E-4_ss100.fa	30	22.931	23.868	81.578
long_content_30k_003/lc30k003_1479_gc2000_rp0.03_mr3E-4_ss100.fa	16	16.389	4.940	69.970
long_content_30k_003/lc30k003_147_gc2000_rp0.03_mr3E-4_ss100.fa	24	26.705	29.894	60.762
long_content_30k_003/lc30k003_1480_gc2500_rp0.02_mr3E-4_ss200.fa	20	17.961	10.508	68.618
long_content_30k_003/lc30k003_1481_gc2500_rp0.03_mr2E-4_ss100.fa	28	18.121	17.643	81.917
long_content_30k_003/lc30k003_1482_gc2500_rp0.01_mr2E-4_ss200.fa	15	13.199	7.030	68.500
long_content_30k_003/lc30k003_1483_gc2000_rp0.01_mr2E-4_ss100.fa	1	7.751	7.751	93.156
long_content_30k_003/lc30k003_1484_gc2000_rp0.02_mr5E-4_ss100.fa	26	26.202	21.869	67.948
long_content_30k_003/lc30k003_1485_gc2000_rp0.03_mr5E-4_ss200.fa	17	44.809	56.091	51.173
long_content_30k_003/lc30k003_1486_gc2500_rp0.02_mr5E-4_ss100.fa	19	37.363	36.887	65.849
long_content_30k_003/lc30k003_1487_gc2500_rp0.01_mr5E-4_ss200.fa	21	25.446	23.406	48.996
long_content_30k_003/lc30k003_1488_gc2000_rp0.01_mr5E-4_ss100.fa	30	27.720	21.406	52.480
long_content_30k_003/lc30k003_1489_gc2000_rp0.01_mr2E-4_ss200.fa	30	29.238	21.120	67.099
long_content_30k_003/lc30k003_148_gc2500_rp0.02_mr3E-4_ss200.fa	25	37.228	38.341	72.285
long_content_30k_003/lc30k003_1490_gc2500_rp0.03_mr3E-4_ss100.fa	15	16.002	7.180	79.006
long_content_30k_003/lc30k003_1491_gc2000_rp0.03_mr2E-4_ss100.fa	6	19.980	20.302	82.182
long_content_30k_003/lc30k003_1492_gc2500_rp0.01_mr3E-4_ss100.fa	30	11.121	10.947	86.018
long_content_30k_003/lc30k003_1493_gc2000_rp0.03_mr3E-4_ss200.fa	10	31.220	34.038	72.246
long_content_30k_003/lc30k003_1494_gc2000_rp0.01_mr5E-4_ss200.fa	29	17.634	14.060	71.641
long_content_30k_003/lc30k003_1495_gc2000_rp0.02_mr2E-4_ss100.fa	30	20.930	23.182	81.336
long_content_30k_003/lc30k003_1496_gc2000_rp0.03_mr5E-4_ss100.fa	9	17.025	7.233	54.455
long_content_30k_003/lc30k003_1497_gc2500_rp0.01_mr3E-4_ss200.fa	30	24.943	12.551	62.242
long_content_30k_003/lc30k003_1498_gc2500_rp0.02_mr2E-4_ss200.fa	24	10.543	11.257	85.167
long_content_30k_003/lc30k003_1499_gc2500_rp0.01_mr5E-4_ss100.fa	16	38.605	38.982	64.498
long_content_30k_003/lc30k003_149_gc2500_rp0.03_mr2E-4_ss100.fa	26	17.482	9.732	70.035
long_content_30k_003/lc30k003_1500_gc2500_rp0.03_mr3E-4_ss200.fa	30	19.992	21.180	82.007
long_content_30k_003/lc30k003_1501_gc2000_rp0.01_mr3E-4_ss100.fa	12	37.384	46.368	66.659
long_content_30k_003/lc30k003_1502_gc2000_rp0.01_mr3E-4_ss200.fa	30	19.993	14.030	70.577
long_content_30k_003/lc30k003_1503_gc2000_rp0.02_mr2E-4_ss200.fa	30	16.160	15.223	79.635
long_content_30k_003/lc30k003_1504_gc2500_rp0.02_mr5E-4_ss200.fa	30	24.689	24.737	54.656
long_content_30k_003/lc30k003_1505_gc2500_rp0.03_mr5E-4_ss200.fa	27	35.532	40.386	50.400
long_content_30k_003/lc30k003_1506_gc2000_rp0.02_mr5E-4_ss200.fa	30	22.597	9.068	56.410
long_content_30k_003/lc30k003_1507_gc2000_rp0.03_mr2E-4_ss200.fa	12	11.680	4.167	76.546
long_content_30k_003/lc30k003_1508_gc2000_rp0.02_mr3E-4_ss100.fa	30	28.325	29.113	74.344
long_content_30k_003/lc30k003_1509_gc2500_rp0.03_mr2E-4_ss200.fa	30	26.902	28.179	76.927
long_content_30k_003/lc30k003_150_gc2500_rp0.01_mr2E-4_ss200.fa	18	29.830	41.857	60.432
long_content_30k_003/lc30k003_1510_gc2000_rp0.02_mr3E-4_ss200.fa	30	21.456	20.226	80.965
long_content_30k_003/lc30k003_1511_gc2500_rp0.01_mr2E-4_ss100.fa	4	29.287	29.320	83.082
long_content_30k_003/lc30k003_1512_gc2500_rp0.03_mr5E-4_ss100.fa	17	30.958	26.060	61.015
long_content_30k_003/lc30k003_1513_gc2500_rp0.02_mr2E-4_ss100.fa	25	17.553	17.668	83.123
long_content_30k_003/lc30k003_1514_gc2500_rp0.02_mr3E-4_ss100.fa	30	26.770	38.500	66.089
long_content_30k_003/lc30k003_1515_gc2000_rp0.03_mr3E-4_ss100.fa	30	31.554	36.446	69.655
long_content_30k_003/lc30k003_1516_gc2500_rp0.02_mr3E-4_ss200.fa	30	27.191	27.510	77.742
long_content_30k_003/lc30k003_1517_gc2500_rp0.03_mr2E-4_ss100.fa	21	19.689	18.992	80.869
long_content_30k_003/lc30k003_1518_gc2500_rp0.01_mr2E-4_ss200.fa	3	11.111	15.279	92.560
long_content_30k_003/lc30k003_1519_gc2000_rp0.01_mr2E-4_ss100.fa	16	12.723	11.370	84.107
long_content_30k_003/lc30k003_151_gc2000_rp0.01_mr2E-4_ss100.fa	21	12.899	7.261	50.334
long_content_30k_003/lc30k003_1520_gc2000_rp0.02_mr5E-4_ss100.fa	20	58.720	60.999	57.192
long_content_30k_003/lc30k003_1521_gc2000_rp0.03_mr5E-4_ss200.fa	22	54.060	56.695	46.965
long_content_30k_003/lc30k003_1522_gc2500_rp0.02_mr5E-4_ss100.fa	17	27.965	30.779	72.037
long_content_30k_003/lc30k003_1523_gc2500_rp0.01_mr5E-4_ss200.fa	17	19.734	16.885	35.964
long_content_30k_003/lc30k003_1524_gc2000_rp0.01_mr5E-4_ss100.fa	30	18.323	10.464	51.416
long_content_30k_003/lc30k003_1525_gc2000_rp0.01_mr2E-4_ss200.fa	30	26.463	32.243	81.305
long_content_30k_003/lc30k003_1526_gc2500_rp0.03_mr3E-4_ss100.fa	26	16.672	12.002	72.382
long_content_30k_003/lc30k003_1527_gc2000_rp0.03_mr2E-4_ss100.fa	11	31.277	31.576	77.240
long_content_30k_003/lc30k003_1528_gc2500_rp0.01_mr3E-4_ss100.fa	30	31.178	30.486	64.946
long_content_30k_003/lc30k003_1529_gc2000_rp0.03_mr3E-4_ss200.fa	24	14.207	12.217	68.907
long_content_30k_003/lc30k003_152_gc2000_rp0.02_mr5E-4_ss100.fa	20	45.494	46.403	57.486
long_content_30k_003/lc30k003_1530_gc2000_rp0.01_mr5E-4_ss200.fa	30	45.937	46.578	57.696
long_content_30k_003/lc30k003_1531_gc2000_rp0.02_mr2E-4_ss100.fa	26	24.090	11.827	54.605
long_content_30k_003/lc30k003_1532_gc2000_rp0.03_mr5E-4_ss100.fa	13	36.514	45.171	59.996
long_content_30k_003/lc30k003_1533_gc2500_rp0.01_mr3E-4_ss200.fa	27	18.381	9.954	63.445
long_content_30k_003/lc30k003_1534_gc2500_rp0.02_mr2E-4_ss200.fa	21	12.925	5.127	75.882
long_content_30k_003/lc30k003_1535_gc2500_rp0.01_mr5E-4_ss100.fa	29	27.420	27.197	62.715
long_content_30k_003/lc30k003_1536_gc2500_rp0.03_mr3E-4_ss200.fa	18	32.171	41.065	66.611
long_content_30k_003/lc30k003_1537_gc2000_rp0.01_mr3E-4_ss100.fa	30	22.287	22.423	80.243
long_content_30k_003/lc30k003_1538_gc2000_rp0.01_mr3E-4_ss200.fa	24	23.446	23.117	75.497
long_content_30k_003/lc30k003_1539_gc2000_rp0.02_mr2E-4_ss200.fa	23	16.042	15.383	83.610
long_content_30k_003/lc30k003_153_gc2000_rp0.03_mr5E-4_ss200.fa	7	37.172	48.549	55.284
long_content_30k_003/lc30k003_1540_gc2500_rp0.02_mr5E-4_ss200.fa	21	58.211	59.289	51.604
long_content_30k_003/lc30k003_1541_gc2500_rp0.03_mr5E-4_ss200.fa	21	33.459	31.425	64.562
long_content_30k_003/lc30k003_1542_gc2000_rp0.02_mr5E-4_ss200.fa	30	42.347	42.263	41.181
long_content_30k_003/lc30k003_1543_gc2000_rp0.03_mr2E-4_ss200.fa	22	10.582	8.470	76.477
long_content_30k_003/lc30k003_1544_gc2000_rp0.02_mr3E-4_ss100.fa	27	30.140	30.545	68.591
long_content_30k_003/lc30k003_1545_gc2500_rp0.03_mr2E-4_ss200.fa	22	15.246	14.486	81.078
long_content_30k_003/lc30k003_1546_gc2000_rp0.02_mr3E-4_ss200.fa	19	26.759	16.598	63.435
long_content_30k_003/lc30k003_1547_gc2500_rp0.01_mr2E-4_ss100.fa	9	7.563	5.313	74.871
long_content_30k_003/lc30k003_1548_gc2500_rp0.03_mr5E-4_ss100.fa	30	36.343	45.566	62.109
long_content_30k_003/lc30k003_1549_gc2500_rp0.02_mr2E-4_ss100.fa	29	15.204	15.461	85.648
long_content_30k_003/lc30k003_154_gc2500_rp0.02_mr5E-4_ss100.fa	12	43.978	46.455	56.610
long_content_30k_003/lc30k003_1550_gc2500_rp0.02_mr3E-4_ss100.fa	25	16.856	10.001	43.552
long_content_30k_003/lc30k003_1551_gc2000_rp0.03_mr3E-4_ss100.fa	30	29.949	32.698	73.634
long_content_30k_003/lc30k003_1552_gc2500_rp0.02_mr3E-4_ss200.fa	30	21.180	10.963	60.208
long_content_30k_003/lc30k003_1553_gc2500_rp0.03_mr2E-4_ss100.fa	30	17.559	20.892	85.435
long_content_30k_003/lc30k003_1554_gc2500_rp0.01_mr2E-4_ss200.fa	5	31.692	35.048	76.979
long_content_30k_003/lc30k003_1555_gc2000_rp0.01_mr2E-4_ss100.fa	16	17.934	19.686	87.041
long_content_30k_003/lc30k003_1556_gc2000_rp0.02_mr5E-4_ss100.fa	30	34.976	32.732	59.586
long_content_30k_003/lc30k003_1557_gc2000_rp0.03_mr5E-4_ss200.fa	15	41.090	56.754	52.522
long_content_30k_003/lc30k003_1558_gc2500_rp0.02_mr5E-4_ss100.fa	20	41.795	40.394	57.076
long_content_30k_003/lc30k003_1559_gc2500_rp0.01_mr5E-4_ss200.fa	14	39.494	38.525	59.828
long_content_30k_003/lc30k003_155_gc2500_rp0.01_mr5E-4_ss200.fa	30	39.476	41.260	72.864
long_content_30k_003/lc30k003_1560_gc2000_rp0.01_mr5E-4_ss100.fa	30	39.065	37.751	48.940
long_content_30k_003/lc30k003_1561_gc2000_rp0.01_mr2E-4_ss200.fa	30	26.246	25.633	77.470
long_content_30k_003/lc30k003_1562_gc2500_rp0.03_mr3E-4_ss100.fa	20	35.620	36.933	61.785
long_content_30k_003/lc30k003_1563_gc2000_rp0.03_mr2E-4_ss100.fa	20	16.506	18.399	77.768
long_content_30k_003/lc30k003_1564_gc2500_rp0.01_mr3E-4_ss100.fa	30	34.107	41.538	64.316
long_content_30k_003/lc30k003_1565_gc2000_rp0.03_mr3E-4_ss200.fa	24	33.557	38.084	69.291
long_content_30k_003/lc30k003_1566_gc2000_rp0.01_mr5E-4_ss200.fa	30	26.198	26.202	64.819
long_content_30k_003/lc30k003_1567_gc2000_rp0.02_mr2E-4_ss100.fa	16	13.334	8.147	74.632
long_content_30k_003/lc30k003_1568_gc2000_rp0.03_mr5E-4_ss100.fa	14	54.095	56.893	51.288
long_content_30k_003/lc30k003_1569_gc2500_rp0.01_mr3E-4_ss200.fa	30	25.924	27.862	78.263
long_content_30k_003/lc30k003_156_gc2000_rp0.01_mr5E-4_ss100.fa	30	19.281	11.621	43.635
long_content_30k_003/lc30k003_1570_gc2500_rp0.02_mr2E-4_ss200.fa	14	57.410	57.246	60.055
long_content_30k_003/lc30k003_1571_gc2500_rp0.01_mr5E-4_ss100.fa	30	25.981	33.065	72.351
long_content_30k_003/lc30k003_1572_gc2500_rp0.03_mr3E-4_ss200.fa	29	26.068	18.145	75.494
long_content_30k_003/lc30k003_1573_gc2000_rp0.01_mr3E-4_ss100.fa	30	18.333	5.198	61.662
long_content_30k_003/lc30k003_1574_gc2000_rp0.01_mr3E-4_ss200.fa	30	29.240	29.119	68.691
long_content_30k_003/lc30k003_1575_gc2000_rp0.02_mr2E-4_ss200.fa	16	18.035	17.634	82.392
long_content_30k_003/lc30k003_1576_gc2500_rp0.02_mr5E-4_ss200.fa	30	28.277	30.571	65.851
long_content_30k_003/lc30k003_1577_gc2500_rp0.03_mr5E-4_ss200.fa	29	29.853	28.209	71.849
long_content_30k_003/lc30k003_1578_gc2000_rp0.02_mr5E-4_ss200.fa	23	46.154	54.818	52.666
long_content_30k_003/lc30k003_1579_gc2000_rp0.03_mr2E-4_ss200.fa	12	16.133	14.376	79.017
long_content_30k_003/lc30k003_157_gc2000_rp0.01_mr2E-4_ss200.fa	23	26.581	31.404	72.896
long_content_30k_003/lc30k003_1580_gc2000_rp0.02_mr3E-4_ss100.fa	26	23.765	29.590	58.708
long_content_30k_003/lc30k003_1581_gc2500_rp0.03_mr2E-4_ss200.fa	30	16.930	17.406	85.865
long_content_30k_003/lc30k003_1582_gc2000_rp0.02_mr3E-4_ss200.fa	22	28.730	36.125	70.348
long_content_30k_003/lc30k003_1583_gc2500_rp0.01_mr2E-4_ss100.fa	27	22.481	22.130	79.495
long_content_30k_003/lc30k003_1584_gc2500_rp0.03_mr5E-4_ss100.fa	17	20.216	11.804	53.410
long_content_30k_003/lc30k003_1585_gc2500_rp0.02_mr2E-4_ss100.fa	30	15.506	20.771	69.998
long_content_30k_003/lc30k003_1586_gc2500_rp0.02_mr3E-4_ss100.fa	30	15.343	9.610	67.671
long_content_30k_003/lc30k003_1587_gc2000_rp0.03_mr3E-4_ss100.fa	30	22.208	22.161	77.024
long_content_30k_003/lc30k003_1588_gc2500_rp0.02_mr3E-4_ss200.fa	30	15.561	17.012	87.009
long_content_30k_003/lc30k003_1589_gc2500_rp0.03_mr2E-4_ss100.fa	30	12.198	12.520	86.056
long_content_30k_003/lc30k003_158_gc2500_rp0.03_mr3E-4_ss100.fa	17	21.570	9.987	59.423
long_content_30k_003/lc30k003_1590_gc2500_rp0.01_mr2E-4_ss200.fa	25	23.543	27.824	75.774
long_content_30k_003/lc30k003_1591_gc2000_rp0.01_mr2E-4_ss100.fa	30	20.016	20.519	81.383
long_content_30k_003/lc30k003_1592_gc2000_rp0.02_mr5E-4_ss100.fa	30	29.757	19.362	50.855
long_content_30k_003/lc30k003_1593_gc2000_rp0.03_mr5E-4_ss200.fa	24	43.228	43.341	62.083
long_content_30k_003/lc30k003_1594_gc2500_rp0.02_mr5E-4_ss100.fa	26	28.770	20.204	43.294
long_content_30k_003/lc30k003_1595_gc2500_rp0.01_mr5E-4_ss200.fa	23	40.367	47.028	48.142
long_content_30k_003/lc30k003_1596_gc2000_rp0.01_mr5E-4_ss100.fa	0	0.000	0.000	0.000
long_content_30k_003/lc30k003_1597_gc2000_rp0.01_mr2E-4_ss200.fa	15	15.833	18.574	91.235
long_content_30k_003/lc30k003_1598_gc2500_rp0.03_mr3E-4_ss100.fa	27	16.304	15.060	72.128
long_content_30k_003/lc30k003_1599_gc2000_rp0.03_mr2E-4_ss100.fa	16	29.277	32.411	69.770
long_content_30k_003/lc30k003_159_gc2000_rp0.03_mr2E-4_ss100.fa	30	12.920	16.528	82.202
long_content_30k_003/lc30k003_1600_gc2500_rp0.01_mr3E-4_ss100.fa	25	15.455	20.318	51.353
long_content_30k_003/lc30k003_1601_gc2000_rp0.03_mr3E-4_ss200.fa	16	22.898	25.519	70.356
long_content_30k_003/lc30k003_1602_gc2000_rp0.01_mr5E-4_ss200.fa	30	22.814	18.925	35.410
long_content_30k_003/lc30k003_1603_gc2000_rp0.02_mr2E-4_ss100.fa	19	23.373	24.550	80.616
long_content_30k_003/lc30k003_1604_gc2000_rp0.03_mr5E-4_ss100.fa	10	35.483	44.019	63.360
long_content_30k_003/lc30k003_1605_gc2500_rp0.01_mr3E-4_ss200.fa	30	10.388	1.090	63.838
long_content_30k_003/lc30k003_1606_gc2500_rp0.02_mr2E-4_ss200.fa	30	14.620	9.110	65.835
long_content_30k_003/lc30k003_1607_gc2500_rp0.01_mr5E-4_ss100.fa	23	34.097	32.898	50.776
long_content_30k_003/lc30k003_1608_gc2500_rp0.03_mr3E-4_ss200.fa	25	22.080	14.171	72.528
long_content_30k_003/lc30k003_1609_gc2000_rp0.01_mr3E-4_ss100.fa	14	52.398	53.344	60.998
long_content_30k_003/lc30k003_160_gc2500_rp0.01_mr3E-4_ss100.fa	30	44.987	62.259	61.354
long_content_30k_003/lc30k003_1610_gc2000_rp0.01_mr3E-4_ss200.fa	30	24.657	25.195	83.278
long_content_30k_003/lc30k003_1611_gc2000_rp0.02_mr2E-4_ss200.fa	30	28.519	33.320	75.733
long_content_30k_003/lc30k003_1612_gc2500_rp0.02_mr5E-4_ss200.fa	2	56.743	56.743	45.144
long_content_30k_003/lc30k003_1613_gc2500_rp0.03_mr5E-4_ss200.fa	30	15.547	14.266	54.774
long_content_30k_003/lc30k003_1614_gc2000_rp0.02_mr5E-4_ss200.fa	30	35.187	32.906	68.203
long_content_30k_003/lc30k003_1615_gc2000_rp0.03_mr2E-4_ss200.fa	24	21.573	25.167	71.573
long_content_30k_003/lc30k003_1616_gc2000_rp0.02_mr3E-4_ss100.fa	18	26.610	21.947	70.554
long_content_30k_003/lc30k003_1617_gc2500_rp0.03_mr2E-4_ss200.fa	24	14.240	17.135	77.451
long_content_30k_003/lc30k003_1618_gc2000_rp0.02_mr3E-4_ss200.fa	30	15.927	6.020	74.329
long_content_30k_003/lc30k003_1619_gc2500_rp0.01_mr2E-4_ss100.fa	30	11.965	13.587	84.385
long_content_30k_003/lc30k003_161_gc2000_rp0.03_mr3E-4_ss200.fa	28	24.309	26.685	76.579
long_content_30k_003/lc30k003_1620_gc2500_rp0.03_mr5E-4_ss100.fa	25	43.534	47.613	53.592
long_content_30k_003/lc30k003_1621_gc2500_rp0.02_mr2E-4_ss100.fa	7	13.850	13.384	87.706
long_content_30k_003/lc30k003_1622_gc2500_rp0.02_mr3E-4_ss100.fa	12	29.604	29.606	76.023
long_content_30k_003/lc30k003_1623_gc2000_rp0.03_mr3E-4_ss100.fa	19	20.962	25.405	76.381
long_content_30k_003/lc30k003_1624_gc2500_rp0.02_mr3E-4_ss200.fa	30	35.302	39.071	74.786
long_content_30k_003/lc30k003_1625_gc2500_rp0.03_mr2E-4_ss100.fa	26	33.664	41.436	74.166
long_content_30k_003/lc30k003_1626_gc2500_rp0.01_mr2E-4_ss200.fa	30	13.929	13.992	86.808
long_content_30k_003/lc30k003_1627_gc2000_rp0.01_mr2E-4_ss100.fa	25	9.401	9.041	85.632
long_content_30k_003/lc30k003_1628_gc2000_rp0.02_mr5E-4_ss100.fa	30	23.769	24.905	77.237
long_content_30k_003/lc30k003_1629_gc2000_rp0.03_mr5E-4_ss200.fa	30	36.155	40.035	64.986
long_content_30k_003/lc30k003_162_gc2000_rp0.01_mr5E-4_ss200.fa	30	24.595	25.396	80.129
long_content_30k_003/lc30k003_1630_gc2500_rp0.02_mr5E-4_ss100.fa	16	56.593	55.299	47.800
long_content_30k_003/lc30k003_1631_gc2500_rp0.01_mr5E-4_ss200.fa	29	37.747	37.455	69.515
long_content_30k_003/lc30k003_1632_gc2000_rp0.01_mr5E-4_ss100.fa	30	31.158	13.538	57.778
long_content_30k_003/lc30k003_1633_gc2000_rp0.01_mr2E-4_ss200.fa	30	13.387	11.818	56.564
long_content_30k_003/lc30k003_1634_gc2500_rp0.03_mr3E-4_ss100.fa	20	6.337	3.720	67.985
long_content_30k_003/lc30k003_1635_gc2000_rp0.03_mr2E-4_ss100.fa	26	25.627	28.364	74.882
long_content_30k_003/lc30k003_1636_gc2500_rp0.01_mr3E-4_ss100.fa	12	18.446	16.358	62.116
long_content_30k_003/lc30k003_1637_gc2000_rp0.03_mr3E-4_ss200.fa	30	20.660	21.210	82.785
long_content_30k_003/lc30k003_1638_gc2000_rp0.01_mr5E-4_ss200.fa	30	36.552	36.235	67.345
long_content_30k_003/lc30k003_1639_gc2000_rp0.02_mr2E-4_ss100.fa	22	10.218	1.043	74.229
long_content_30k_003/lc30k003_163_gc2000_rp0.02_mr2E-4_ss100.fa	30	15.781	13.102	87.060
long_content_30k_003/lc30k003_1640_gc2000_rp0.03_mr5E-4_ss100.fa	19	39.482	40.157	61.074
long_content_30k_003/lc30k003_1641_gc2500_rp0.01_mr3E-4_ss200.fa	30	13.280	13.391	85.097
long_content_30k_003/lc30k003_1642_gc2500_rp0.02_mr2E-4_ss200.fa	30	14.609	13.777	83.564
long_content_30k_003/lc30k003_1643_gc2500_rp0.01_mr5E-4_ss100.fa	30	41.449	52.714	63.018
long_content_30k_003/lc30k003_1644_gc2500_rp0.03_mr3E-4_ss200.fa	30	19.955	20.135	79.892
long_content_30k_003/lc30k003_1645_gc2000_rp0.01_mr3E-4_ss100.fa	13	10.974	0.334	69.396
long_content_30k_003/lc30k003_1646_gc2000_rp0.01_mr3E-4_ss200.fa	13	35.646	35.646	80.379
long_content_30k_003/lc30k003_1647_gc2000_rp0.02_mr2E-4_ss200.fa	30	21.543	13.129	69.527
long_content_30k_003/lc30k003_1648_gc2500_rp0.02_mr5E-4_ss200.fa	25	32.286	40.863	50.583
long_content_30k_003/lc30k003_1649_gc2500_rp0.03_mr5E-4_ss200.fa	25	18.966	7.452	53.447
long_content_30k_003/lc30k003_164_gc2000_rp0.03_mr5E-4_ss100.fa	21	51.132	51.746	56.008
long_content_30k_003/lc30k003_1650_gc2000_rp0.02_mr5E-4_ss200.fa	30	38.470	40.034	64.293
long_content_30k_003/lc30k003_1651_gc2000_rp0.03_mr2E-4_ss200.fa	20	9.663	10.500	89.774
long_content_30k_003/lc30k003_1652_gc2000_rp0.02_mr3E-4_ss100.fa	2	15.684	15.684	89.941
long_content_30k_003/lc30k003_1653_gc2500_rp0.03_mr2E-4_ss200.fa	18	17.438	9.933	72.811
long_content_30k_003/lc30k003_1654_gc2000_rp0.02_mr3E-4_ss200.fa	13	25.372	12.525	60.373
long_content_30k_003/lc30k003_1655_gc2500_rp0.01_mr2E-4_ss100.fa	5	16.414	16.214	87.546
long_content_30k_003/lc30k003_1656_gc2500_rp0.03_mr5E-4_ss100.fa	30	34.774	33.325	67.376
long_content_30k_003/lc30k003_1657_gc2500_rp0.02_mr2E-4_ss100.fa	30	20.982	13.168	54.747
long_content_30k_003/lc30k003_1658_gc2500_rp0.02_mr3E-4_ss100.fa	25	34.550	35.480	67.760
long_content_30k_003/lc30k003_1659_gc2000_rp0.03_mr3E-4_ss100.fa	16	17.996	14.169	63.681
long_content_30k_003/lc30k003_165_gc2500_rp0.01_mr3E-4_ss200.fa	28	26.316	24.630	77.292
long_content_30k_003/lc30k003_1660_gc2500_rp0.02_mr3E-4_ss200.fa	19	15.922	14.500	72.004
long_content_30k_003/lc30k003_1661_gc2500_rp0.03_mr2E-4_ss100.fa	11	14.851	11.624	71.845
long_content_30k_003/lc30k003_1662_gc2500_rp0.01_mr2E-4_ss200.fa	30	31.217	39.945	74.093
long_content_30k_003/lc30k003_1663_gc2000_rp0.01_mr2E-4_ss100.fa	30	22.225	22.183	84.887
long_content_30k_003/lc30k003_1664_gc2000_rp0.02_mr5E-4_ss100.fa	27	46.852	53.419	58.409
long_content_30k_003/lc30k003_1665_gc2000_rp0.03_mr5E-4_ss200.fa	19	27.288	26.439	48.024
long_content_30k_003/lc30k003_1666_gc2500_rp0.02_mr5E-4_ss100.fa	23	37.931	50.595	53.125
long_content_30k_003/lc30k003_1667_gc2500_rp0.01_mr5E-4_ss200.fa	30	36.724	45.864	56.323
long_content_30k_003/lc30k003_1668_gc2000_rp0.01_mr5E-4_ss100.fa	11	27.675	32.690	81.390
long_content_30k_003/lc30k003_1669_gc2000_rp0.01_mr2E-4_ss200.fa	30	16.567	13.486	78.247
long_content_30k_003/lc30k003_166_gc2500_rp0.02_mr2E-4_ss200.fa	12	22.924	15.089	54.173
long_content_30k_003/lc30k003_1670_gc2500_rp0.03_mr3E-4_ss100.fa	26	19.941	13.191	56.668
long_content_30k_003/lc30k003_1671_gc2000_rp0.03_mr2E-4_ss100.fa	8	18.741	11.354	65.714
long_content_30k_003/lc30k003_1672_gc2500_rp0.01_mr3E-4_ss100.fa	30	27.059	27.049	77.186
long_content_30k_003/lc30k003_1673_gc2000_rp0.03_mr3E-4_ss200.fa	9	36.177	42.119	75.723
long_content_30k_003/lc30k003_1674_gc2000_rp0.01_mr5E-4_ss200.fa	24	35.838	36.553	75.276
long_content_30k_003/lc30k003_1675_gc2000_rp0.02_mr2E-4_ss100.fa	18	30.967	39.843	74.219
long_content_30k_003/lc30k003_1676_gc2000_rp0.03_mr5E-4_ss100.fa	19	40.590	36.162	56.106
long_content_30k_003/lc30k003_1677_gc2500_rp0.01_mr3E-4_ss200.fa	30	30.623	32.136	73.269
long_content_30k_003/lc30k003_1678_gc2500_rp0.02_mr2E-4_ss200.fa	30	10.415	11.773	91.150
long_content_30k_003/lc30k003_1679_gc2500_rp0.01_mr5E-4_ss100.fa	30	32.856	26.054	64.576
long_content_30k_003/lc30k003_167_gc2500_rp0.01_mr5E-4_ss100.fa	1	14.786	14.786	40.956
long_content_30k_003/lc30k003_1680_gc2500_rp0.03_mr3E-4_ss200.fa	7	16.726	18.108	70.726
long_content_30k_003/lc30k003_1681_gc2000_rp0.01_mr3E-4_ss100.fa	30	30.252	39.974	66.563
long_content_30k_003/lc30k003_1682_gc2000_rp0.01_mr3E-4_ss200.fa	30	45.029	46.280	59.661
long_content_30k_003/lc30k003_1683_gc2000_rp0.02_mr2E-4_ss200.fa	30	14.422	12.657	82.029
long_content_30k_003/lc30k003_1684_gc2500_rp0.02_mr5E-4_ss200.fa	30	33.417	28.871	46.929
long_content_30k_003/lc30k003_1685_gc2500_rp0.03_mr5E-4_ss200.fa	6	13.925	10.947	37.926
long_content_30k_003/lc30k003_1686_gc2000_rp0.02_mr5E-4_ss200.fa	30	36.316	41.872	66.898
long_content_30k_003/lc30k003_1687_gc2000_rp0.03_mr2E-4_ss200.fa	13	24.870	16.834	68.772
long_content_30k_003/lc30k003_1688_gc2000_rp0.02_mr3E-4_ss100.fa	1	12.171	12.171	91.885
long_content_30k_003/lc30k003_1689_gc2500_rp0.03_mr2E-4_ss200.fa	29	18.599	27.764	69.078
long_content_30k_003/lc30k003_168_gc2500_rp0.03_mr3E-4_ss200.fa	5	6.663	9.871	68.852
long_content_30k_003/lc30k003_1690_gc2000_rp0.02_mr3E-4_ss200.fa	20	34.780	35.161	62.058
long_content_30k_003/lc30k003_1691_gc2500_rp0.01_mr2E-4_ss100.fa	27	22.580	24.463	79.589
long_content_30k_003/lc30k003_1692_gc2500_rp0.03_mr5E-4_ss100.fa	9	20.305	24.436	48.680
long_content_30k_003/lc30k003_1693_gc2500_rp0.02_mr2E-4_ss100.fa	21	9.798	9.488	85.732
long_content_30k_003/lc30k003_1694_gc2500_rp0.02_mr3E-4_ss100.fa	26	23.157	24.266	69.738
long_content_30k_003/lc30k003_1695_gc2000_rp0.03_mr3E-4_ss100.fa	26	25.412	13.031	61.857
long_content_30k_003/lc30k003_1696_gc2500_rp0.02_mr3E-4_ss200.fa	30	24.069	20.901	68.586
long_content_30k_003/lc30k003_1697_gc2500_rp0.03_mr2E-4_ss100.fa	26	28.556	32.409	73.553
long_content_30k_003/lc30k003_1698_gc2500_rp0.01_mr2E-4_ss200.fa	9	8.735	5.545	95.212
long_content_30k_003/lc30k003_1699_gc2000_rp0.01_mr2E-4_ss100.fa	17	14.548	15.307	90.447
long_content_30k_003/lc30k003_169_gc2000_rp0.01_mr3E-4_ss100.fa	19	38.392	46.806	64.251
long_content_30k_003/lc30k003_1700_gc2000_rp0.02_mr5E-4_ss100.fa	27	19.866	18.275	62.239
long_content_30k_003/lc30k003_1701_gc2000_rp0.03_mr5E-4_ss200.fa	11	58.229	59.140	62.759
long_content_30k_003/lc30k003_1702_gc2500_rp0.02_mr5E-4_ss100.fa	21	28.406	33.699	67.959
long_content_30k_003/lc30k003_1703_gc2500_rp0.01_mr5E-4_ss200.fa	30	26.177	30.385	71.805
long_content_30k_003/lc30k003_1704_gc2000_rp0.01_mr5E-4_ss100.fa	30	33.503	33.889	66.604
long_content_30k_003/lc30k003_1705_gc2000_rp0.01_mr2E-4_ss200.fa	9	14.212	14.206	90.548
long_content_30k_003/lc30k003_1706_gc2500_rp0.03_mr3E-4_ss100.fa	20	33.231	33.917	73.752
long_content_30k_003/lc30k003_1707_gc2000_rp0.03_mr2E-4_ss100.fa	8	52.131	54.168	65.488
long_content_30k_003/lc30k003_1708_gc2500_rp0.01_mr3E-4_ss100.fa	30	17.269	12.541	76.834
long_content_30k_003/lc30k003_1709_gc2000_rp0.03_mr3E-4_ss200.fa	18	31.556	31.887	68.518
long_content_30k_003/lc30k003_170_gc2000_rp0.01_mr3E-4_ss200.fa	26	28.035	20.096	60.419
long_content_30k_003/lc30k003_1710_gc2000_rp0.01_mr5E-4_ss200.fa	30	24.607	23.145	66.423
long_content_30k_003/lc30k003_1711_gc2000_rp0.02_mr2E-4_ss100.fa	30	18.434	15.363	74.681
long_content_30k_003/lc30k003_1712_gc2000_rp0.03_mr5E-4_ss100.fa	21	48.475	60.049	58.356
long_content_30k_003/lc30k003_1713_gc2500_rp0.01_mr3E-4_ss200.fa	30	27.984	31.044	77.738
long_content_30k_003/lc30k003_1714_gc2500_rp0.02_mr2E-4_ss200.fa	30	11.861	3.661	71.922
long_content_30k_003/lc30k003_1715_gc2500_rp0.01_mr5E-4_ss100.fa	20	42.218	44.678	73.525
long_content_30k_003/lc30k003_1716_gc2500_rp0.03_mr3E-4_ss200.fa	30	28.180	30.682	72.712
long_content_30k_003/lc30k003_1717_gc2000_rp0.01_mr3E-4_ss100.fa	30	29.090	28.697	77.119
long_content_30k_003/lc30k003_1718_gc2000_rp0.01_mr3E-4_ss200.fa	14	26.002	34.267	60.242
long_content_30k_003/lc30k003_1719_gc2000_rp0.02_mr2E-4_ss200.fa	12	16.846	12.843	68.457
long_content_30k_003/lc30k003_171_gc2000_rp0.02_mr2E-4_ss200.fa	11	12.948	10.484	66.079
long_content_30k_003/lc30k003_1720_gc2500_rp0.02_mr5E-4_ss200.fa	30	34.116	32.068	70.114
long_content_30k_003/lc30k003_1721_gc2500_rp0.03_mr5E-4_ss200.fa	11	47.355	59.325	51.831
long_content_30k_003/lc30k003_1722_gc2000_rp0.02_mr5E-4_ss200.fa	28	44.652	52.694	65.601
long_content_30k_003/lc30k003_1723_gc2000_rp0.03_mr2E-4_ss200.fa	30	18.410	20.812	83.841
long_content_30k_003/lc30k003_1724_gc2000_rp0.02_mr3E-4_ss100.fa	30	24.796	24.804	61.203
long_content_30k_003/lc30k003_1725_gc2500_rp0.03_mr2E-4_ss200.fa	20	19.928	14.954	73.988
long_content_30k_003/lc30k003_1726_gc2000_rp0.02_mr3E-4_ss200.fa	20	13.349	10.655	66.063
long_content_30k_003/lc30k003_1727_gc2500_rp0.01_mr2E-4_ss100.fa	30	14.001	10.164	82.362
long_content_30k_003/lc30k003_1728_gc2500_rp0.03_mr5E-4_ss100.fa	24	31.972	32.162	66.646
long_content_30k_003/lc30k003_1729_gc2500_rp0.02_mr2E-4_ss100.fa	30	17.379	19.515	75.116
long_content_30k_003/lc30k003_172_gc2500_rp0.02_mr5E-4_ss200.fa	30	43.765	45.186	69.156
long_content_30k_003/lc30k003_1730_gc2500_rp0.02_mr3E-4_ss100.fa	25	23.266	27.047	58.930
long_content_30k_003/lc30k003_1731_gc2000_rp0.03_mr3E-4_ss100.fa	25	13.528	9.321	73.566
long_content_30k_003/lc30k003_1732_gc2500_rp0.02_mr3E-4_ss200.fa	17	30.659	36.808	61.449
long_content_30k_003/lc30k003_1733_gc2500_rp0.03_mr2E-4_ss100.fa	22	13.823	2.532	70.551
long_content_30k_003/lc30k003_1734_gc2500_rp0.01_mr2E-4_ss200.fa	30	12.851	13.337	89.890
long_content_30k_003/lc30k003_1735_gc2000_rp0.01_mr2E-4_ss100.fa	30	18.263	20.234	84.062
long_content_30k_003/lc30k003_1736_gc2000_rp0.02_mr5E-4_ss100.fa	30	34.096	39.695	65.399
long_content_30k_003/lc30k003_1737_gc2000_rp0.03_mr5E-4_ss200.fa	21	36.881	35.377	51.427
long_content_30k_003/lc30k003_1738_gc2500_rp0.02_mr5E-4_ss100.fa	25	26.459	22.874	65.745
long_content_30k_003/lc30k003_1739_gc2500_rp0.01_mr5E-4_ss200.fa	17	23.708	20.973	66.363
long_content_30k_003/lc30k003_173_gc2500_rp0.03_mr5E-4_ss200.fa	30	28.776	29.835	71.234
long_content_30k_003/lc30k003_1740_gc2000_rp0.01_mr5E-4_ss100.fa	16	5.389	4.110	40.648
long_content_30k_003/lc30k003_1741_gc2000_rp0.01_mr2E-4_ss200.fa	29	25.743	25.743	74.843
long_content_30k_003/lc30k003_1742_gc2500_rp0.03_mr3E-4_ss100.fa	30	14.711	11.835	80.311
long_content_30k_003/lc30k003_1743_gc2000_rp0.03_mr2E-4_ss100.fa	20	12.240	10.182	83.479
long_content_30k_003/lc30k003_1744_gc2500_rp0.01_mr3E-4_ss100.fa	30	34.058	34.446	70.319
long_content_30k_003/lc30k003_1745_gc2000_rp0.03_mr3E-4_ss200.fa	30	33.981	37.299	73.168
long_content_30k_003/lc30k003_1746_gc2000_rp0.01_mr5E-4_ss200.fa	30	31.965	32.697	74.782
long_content_30k_003/lc30k003_1747_gc2000_rp0.02_mr2E-4_ss100.fa	15	19.092	12.272	66.727
long_content_30k_003/lc30k003_1748_gc2000_rp0.03_mr5E-4_ss100.fa	25	16.608	8.783	63.747
long_content_30k_003/lc30k003_1749_gc2500_rp0.01_mr3E-4_ss200.fa	22	25.377	22.982	52.423
long_content_30k_003/lc30k003_174_gc2000_rp0.02_mr5E-4_ss200.fa	21	49.387	51.987	57.464
long_content_30k_003/lc30k003_1750_gc2500_rp0.02_mr2E-4_ss200.fa	21	13.888	10.792	85.184
long_content_30k_003/lc30k003_1751_gc2500_rp0.01_mr5E-4_ss100.fa	21	17.211	1.686	57.705
long_content_30k_003/lc30k003_1752_gc2500_rp0.03_mr3E-4_ss200.fa	30	21.881	22.366	80.012
long_content_30k_003/lc30k003_1753_gc2000_rp0.01_mr3E-4_ss100.fa	30	14.460	14.453	58.803
long_content_30k_003/lc30k003_1754_gc2000_rp0.01_mr3E-4_ss200.fa	30	19.929	15.247	55.496
long_content_30k_003/lc30k003_1755_gc2000_rp0.02_mr2E-4_ss200.fa	17	13.689	4.084	71.006
long_content_30k_003/lc30k003_1756_gc2500_rp0.02_mr5E-4_ss200.fa	25	33.561	35.050	53.089
long_content_30k_003/lc30k003_1757_gc2500_rp0.03_mr5E-4_ss200.fa	30	26.835	26.973	68.550
long_content_30k_003/lc30k003_1758_gc2000_rp0.02_mr5E-4_ss200.fa	30	26.320	26.966	75.409
long_content_30k_003/lc30k003_1759_gc2000_rp0.03_mr2E-4_ss200.fa	12	22.028	23.742	78.057
long_content_30k_003/lc30k003_175_gc2000_rp0.03_mr2E-4_ss200.fa	22	12.633	9.092	75.700
long_content_30k_003/lc30k003_1760_gc2000_rp0.02_mr3E-4_ss100.fa	30	28.732	33.535	71.344
long_content_30k_003/lc30k003_1761_gc2500_rp0.03_mr2E-4_ss200.fa	21	20.847	20.138	78.832
long_content_30k_003/lc30k003_1762_gc2000_rp0.02_mr3E-4_ss200.fa	25	26.937	22.199	67.775
long_content_30k_003/lc30k003_1763_gc2500_rp0.01_mr2E-4_ss100.fa	3	18.019	18.019	64.425
long_content_30k_003/lc30k003_1764_gc2500_rp0.03_mr5E-4_ss100.fa	26	22.428	16.550	57.073
long_content_30k_003/lc30k003_1765_gc2500_rp0.02_mr2E-4_ss100.fa	21	27.040	29.824	78.417
long_content_30k_003/lc30k003_1766_gc2500_rp0.02_mr3E-4_ss100.fa	22	14.805	8.967	73.599
long_content_30k_003/lc30k003_1767_gc2000_rp0.03_mr3E-4_ss100.fa	14	16.490	7.823	67.623
long_content_30k_003/lc30k003_1768_gc2500_rp0.02_mr3E-4_ss200.fa	30	19.246	19.250	84.637
long_content_30k_003/lc30k003_1769_gc2500_rp0.03_mr2E-4_ss100.fa	25	18.515	20.076	81.942
long_content_30k_003/lc30k003_176_gc2000_rp0.02_mr3E-4_ss100.fa	15	23.154	23.231	78.971
long_content_30k_003/lc30k003_1770_gc2500_rp0.01_mr2E-4_ss200.fa	4	9.797	8.140	91.651
long_content_30k_003/lc30k003_1771_gc2000_rp0.01_mr2E-4_ss100.fa	30	18.065	17.979	82.519
long_content_30k_003/lc30k003_1772_gc2000_rp0.02_mr5E-4_ss100.fa	30	12.622	11.327	47.629
long_content_30k_003/lc30k003_1773_gc2000_rp0.03_mr5E-4_ss200.fa	22	40.892	35.954	47.330
long_content_30k_003/lc30k003_1774_gc2500_rp0.02_mr5E-4_ss100.fa	29	24.812	23.365	74.663
long_content_30k_003/lc30k003_1775_gc2500_rp0.01_mr5E-4_ss200.fa	30	27.910	29.490	78.391
long_content_30k_003/lc30k003_1776_gc2000_rp0.01_mr5E-4_ss100.fa	30	28.909	29.253	50.596
long_content_30k_003/lc30k003_1777_gc2000_rp0.01_mr2E-4_ss200.fa	30	18.121	19.005	84.829
long_content_30k_003/lc30k003_1778_gc2500_rp0.03_mr3E-4_ss100.fa	8	21.035	19.895	79.092
long_content_30k_003/lc30k003_1779_gc2000_rp0.03_mr2E-4_ss100.fa	16	16.868	19.460	81.373
long_content_30k_003/lc30k003_177_gc2500_rp0.03_mr2E-4_ss200.fa	19	26.657	23.559	70.657
long_content_30k_003/lc30k003_1780_gc2500_rp0.01_mr3E-4_ss100.fa	12	13.285	11.516	61.824
long_content_30k_003/lc30k003_1781_gc2000_rp0.03_mr3E-4_ss200.fa	30	22.841	7.625	62.552
long_content_30k_003/lc30k003_1782_gc2000_rp0.01_mr5E-4_ss200.fa	30	41.864	40.165	63.318
long_content_30k_003/lc30k003_1783_gc2000_rp0.02_mr2E-4_ss100.fa	30	16.857	17.420	80.369
long_content_30k_003/lc30k003_1784_gc2000_rp0.03_mr5E-4_ss100.fa	30	21.912	16.906	69.144
long_content_30k_003/lc30k003_1785_gc2500_rp0.01_mr3E-4_ss200.fa	22	15.016	14.217	83.409
long_content_30k_003/lc30k003_1786_gc2500_rp0.02_mr2E-4_ss200.fa	22	10.492	8.025	77.794
long_content_30k_003/lc30k003_1787_gc2500_rp0.01_mr5E-4_ss100.fa	14	26.542	23.209	32.391
long_content_30k_003/lc30k003_1788_gc2500_rp0.03_mr3E-4_ss200.fa	17	17.676	3.581	63.367
long_content_30k_003/lc30k003_1789_gc2000_rp0.01_mr3E-4_ss100.fa	14	18.284	18.310	42.177
long_content_30k_003/lc30k003_178_gc2000_rp0.02_mr3E-4_ss200.fa	19	48.634	57.130	55.855
long_content_30k_003/lc30k003_1790_gc2000_rp0.01_mr3E-4_ss200.fa	27	16.142	9.575	65.619
long_content_30k_003/lc30k003_1791_gc2000_rp0.02_mr2E-4_ss200.fa	29	14.567	15.412	83.422
long_content_30k_003/lc30k003_1792_gc2500_rp0.02_mr5E-4_ss200.fa	30	23.921	23.200	55.868
long_content_30k_003/lc30k003_1793_gc2500_rp0.03_mr5E-4_ss200.fa	22	33.636	35.415	67.684
long_content_30k_003/lc30k003_1794_gc2000_rp0.02_mr5E-4_ss200.fa	8	27.963	31.291	56.078
long_content_30k_003/lc30k003_1795_gc2000_rp0.03_mr2E-4_ss200.fa	30	27.117	29.503	78.127
long_content_30k_003/lc30k003_1796_gc2000_rp0.02_mr3E-4_ss100.fa	9	30.493	35.315	70.932
long_content_30k_003/lc30k003_1797_gc2500_rp0.03_mr2E-4_ss200.fa	30	19.514	16.517	80.216
long_content_30k_003/lc30k003_1798_gc2000_rp0.02_mr3E-4_ss200.fa	23	21.832	12.257	57.721
long_content_30k_003/lc30k003_1799_gc2500_rp0.01_mr2E-4_ss100.fa	8	14.100	14.011	73.777
long_content_30k_003/lc30k003_179_gc2500_rp0.01_mr2E-4_ss100.fa	25	11.065	8.100	84.900
long_content_30k_003/lc30k003_1800_gc2500_rp0.03_mr5E-4_ss100.fa	27	31.184	33.717	73.599
long_content_30k_003/lc30k003_1801_gc2500_rp0.02_mr2E-4_ss100.fa	29	11.317	8.380	81.941
long_content_30k_003/lc30k003_1802_gc2500_rp0.02_mr3E-4_ss100.fa	30	43.210	60.650	54.344
long_content_30k_003/lc30k003_1803_gc2000_rp0.03_mr3E-4_ss100.fa	18	23.900	26.134	76.143
long_content_30k_003/lc30k003_1804_gc2500_rp0.02_mr3E-4_ss200.fa	18	18.787	2.606	54.992
long_content_30k_003/lc30k003_1805_gc2500_rp0.03_mr2E-4_ss100.fa	18	22.743	28.819	72.410
long_content_30k_003/lc30k003_1806_gc2500_rp0.01_mr2E-4_ss200.fa	30	18.203	21.038	82.630
long_content_30k_003/lc30k003_1807_gc2000_rp0.01_mr2E-4_ss100.fa	30	23.213	25.604	77.819
long_content_30k_003/lc30k003_1808_gc2000_rp0.02_mr5E-4_ss100.fa	24	44.415	50.058	58.908
long_content_30k_003/lc30k003_1809_gc2000_rp0.03_mr5E-4_ss200.fa	26	31.612	41.158	55.851
long_content_30k_003/lc30k003_180_gc2500_rp0.03_mr5E-4_ss100.fa	13	51.312	57.399	54.243
long_content_30k_003/lc30k003_1810_gc2500_rp0.02_mr5E-4_ss100.fa	23	31.101	25.442	48.993
long_content_30k_003/lc30k003_1811_gc2500_rp0.01_mr5E-4_ss200.fa	30	34.553	29.545	50.425
long_content_30k_003/lc30k003_1812_gc2000_rp0.01_mr5E-4_ss100.fa	21	26.535	25.710	74.961
long_content_30k_003/lc30k003_1813_gc2000_rp0.01_mr2E-4_ss200.fa	30	14.909	11.042	65.862
long_content_30k_003/lc30k003_1814_gc2500_rp0.03_mr3E-4_ss100.fa	11	32.039	33.045	72.485
long_content_30k_003/lc30k003_1815_gc2000_rp0.03_mr2E-4_ss100.fa	30	10.266	7.772	77.718
long_content_30k_003/lc30k003_1816_gc2500_rp0.01_mr3E-4_ss100.fa	30	13.043	8.470	76.492
long_content_30k_003/lc30k003_1817_gc2000_rp0.03_mr3E-4_ss200.fa	28	18.892	22.137	75.198
long_content_30k_003/lc30k003_1818_gc2000_rp0.01_mr5E-4_ss200.fa	30	44.800	44.829	58.069
long_content_30k_003/lc30k003_1819_gc2000_rp0.02_mr2E-4_ss100.fa	21	15.059	15.290	86.985
long_content_30k_003/lc30k003_181_gc2500_rp0.02_mr2E-4_ss100.fa	30	18.001	19.029	80.584
long_content_30k_003/lc30k003_1820_gc2000_rp0.03_mr5E-4_ss100.fa	30	19.866	19.284	61.619
long_content_30k_003/lc30k003_1821_gc2500_rp0.01_mr3E-4_ss200.fa	28	45.378	44.585	57.594
long_content_30k_003/lc30k003_1822_gc2500_rp0.02_mr2E-4_ss200.fa	26	10.945	11.155	89.351
long_content_30k_003/lc30k003_1823_gc2500_rp0.01_mr5E-4_ss100.fa	30	33.319	34.718	70.303
long_content_30k_003/lc30k003_1824_gc2500_rp0.03_mr3E-4_ss200.fa	10	32.820	33.621	73.999
long_content_30k_003/lc30k003_1825_gc2000_rp0.01_mr3E-4_ss100.fa	14	29.955	30.580	79.626
long_content_30k_003/lc30k003_1826_gc2000_rp0.01_mr3E-4_ss200.fa	30	34.004	21.217	67.667
long_content_30k_003/lc30k003_1827_gc2000_rp0.02_mr2E-4_ss200.fa	23	11.665	11.548	87.348
long_content_30k_003/lc30k003_1828_gc2500_rp0.02_mr5E-4_ss200.fa	30	37.994	38.299	63.379
long_content_30k_003/lc30k003_1829_gc2500_rp0.03_mr5E-4_ss200.fa	15	39.368	40.840	62.087
long_content_30k_003/lc30k003_182_gc2500_rp0.02_mr3E-4_ss100.fa	22	41.811	46.503	53.529
long_content_30k_003/lc30k003_1830_gc2000_rp0.02_mr5E-4_ss200.fa	21	25.734	31.921	68.057
long_content_30k_003/lc30k003_1831_gc2000_rp0.03_mr2E-4_ss200.fa	20	26.892	26.540	71.294
long_content_30k_003/lc30k003_1832_gc2000_rp0.02_mr3E-4_ss100.fa	25	33.932	35.470	60.765
long_content_30k_003/lc30k003_1833_gc2500_rp0.03_mr2E-4_ss200.fa	24	17.924	19.191	78.912
long_content_30k_003/lc30k003_1834_gc2000_rp0.02_mr3E-4_ss200.fa	30	22.524	26.826	77.148
long_content_30k_003/lc30k003_1835_gc2500_rp0.01_mr2E-4_ss100.fa	18	20.730	5.143	65.319
long_content_30k_003/lc30k003_1836_gc2500_rp0.03_mr5E-4_ss100.fa	17	39.777	50.681	64.150
long_content_30k_003/lc30k003_1837_gc2500_rp0.02_mr2E-4_ss100.fa	24	10.240	10.397	89.111
long_content_30k_003/lc30k003_1838_gc2500_rp0.02_mr3E-4_ss100.fa	30	26.387	21.955	66.263
long_content_30k_003/lc30k003_1839_gc2000_rp0.03_mr3E-4_ss100.fa	17	28.525	29.190	67.131
long_content_30k_003/lc30k003_183_gc2000_rp0.03_mr3E-4_ss100.fa	29	30.484	34.447	57.640
long_content_30k_003/lc30k003_1840_gc2500_rp0.02_mr3E-4_ss200.fa	30	24.199	25.132	69.465
long_content_30k_003/lc30k003_1841_gc2500_rp0.03_mr2E-4_ss100.fa	16	16.102	21.860	80.371
long_content_30k_003/lc30k003_1842_gc2500_rp0.01_mr2E-4_ss200.fa	30	24.816	26.445	78.729
long_content_30k_003/lc30k003_1843_gc2000_rp0.01_mr2E-4_ss100.fa	30	24.594	29.617	75.461
long_content_30k_003/lc30k003_1844_gc2000_rp0.02_mr5E-4_ss100.fa	27	43.972	52.956	54.589
long_content_30k_003/lc30k003_1845_gc2000_rp0.03_mr5E-4_ss200.fa	30	14.702	4.625	54.906
long_content_30k_003/lc30k003_1846_gc2500_rp0.02_mr5E-4_ss100.fa	25	21.170	17.112	49.408
long_content_30k_003/lc30k003_1847_gc2500_rp0.01_mr5E-4_ss200.fa	30	27.865	26.288	75.262
long_content_30k_003/lc30k003_1848_gc2000_rp0.01_mr5E-4_ss100.fa	30	23.033	22.000	80.389
long_content_30k_003/lc30k003_1849_gc2000_rp0.01_mr2E-4_ss200.fa	24	7.722	6.773	76.138
long_content_30k_003/lc30k003_184_gc2500_rp0.02_mr3E-4_ss200.fa	30	18.107	6.750	76.644
long_content_30k_003/lc30k003_1850_gc2500_rp0.03_mr3E-4_ss100.fa	21	27.723	46.679	55.350
long_content_30k_003/lc30k003_1851_gc2000_rp0.03_mr2E-4_ss100.fa	30	13.520	14.192	83.324
long_content_30k_003/lc30k003_1852_gc2500_rp0.01_mr3E-4_ss100.fa	25	48.618	50.485	65.673
long_content_30k_003/lc30k003_1853_gc2000_rp0.03_mr3E-4_ss200.fa	27	29.265	32.367	75.133
long_content_30k_003/lc30k003_1854_gc2000_rp0.01_mr5E-4_ss200.fa	30	35.495	31.970	53.573
long_content_30k_003/lc30k003_1855_gc2000_rp0.02_mr2E-4_ss100.fa	25	10.809	11.546	86.598
long_content_30k_003/lc30k003_1856_gc2000_rp0.03_mr5E-4_ss100.fa	30	40.697	38.110	44.825
long_content_30k_003/lc30k003_1857_gc2500_rp0.01_mr3E-4_ss200.fa	30	16.369	5.992	73.905
long_content_30k_003/lc30k003_1858_gc2500_rp0.02_mr2E-4_ss200.fa	26	17.296	19.131	76.119
long_content_30k_003/lc30k003_1859_gc2500_rp0.01_mr5E-4_ss100.fa	9	30.509	27.080	72.558
long_content_30k_003/lc30k003_185_gc2500_rp0.03_mr2E-4_ss100.fa	19	14.309	19.432	82.254
long_content_30k_003/lc30k003_1860_gc2500_rp0.03_mr3E-4_ss200.fa	30	22.195	27.592	76.986
long_content_30k_003/lc30k003_1861_gc2000_rp0.01_mr3E-4_ss100.fa	29	27.738	22.728	66.374
long_content_30k_003/lc30k003_1862_gc2000_rp0.01_mr3E-4_ss200.fa	12	22.139	20.587	61.563
long_content_30k_003/lc30k003_1863_gc2000_rp0.02_mr2E-4_ss200.fa	16	26.229	28.258	80.159
long_content_30k_003/lc30k003_1864_gc2500_rp0.02_mr5E-4_ss200.fa	30	30.440	18.463	54.567
long_content_30k_003/lc30k003_1865_gc2500_rp0.03_mr5E-4_ss200.fa	8	39.302	36.469	54.743
long_content_30k_003/lc30k003_1866_gc2000_rp0.02_mr5E-4_ss200.fa	10	32.057	41.129	52.987
long_content_30k_003/lc30k003_1867_gc2000_rp0.03_mr2E-4_ss200.fa	26	12.804	6.790	75.462
long_content_30k_003/lc30k003_1868_gc2000_rp0.02_mr3E-4_ss100.fa	25	19.873	19.443	69.813
long_content_30k_003/lc30k003_1869_gc2500_rp0.03_mr2E-4_ss200.fa	30	14.664	14.806	87.344
long_content_30k_003/lc30k003_186_gc2500_rp0.01_mr2E-4_ss200.fa	30	26.754	24.609	76.249
long_content_30k_003/lc30k003_1870_gc2000_rp0.02_mr3E-4_ss200.fa	11	25.384	7.835	47.375
long_content_30k_003/lc30k003_1871_gc2500_rp0.01_mr2E-4_ss100.fa	4	10.767	12.846	91.068
long_content_30k_003/lc30k003_1872_gc2500_rp0.03_mr5E-4_ss100.fa	30	26.956	27.955	69.536
long_content_30k_003/lc30k003_1873_gc2500_rp0.02_mr2E-4_ss100.fa	11	35.272	34.625	69.745
long_content_30k_003/lc30k003_1874_gc2500_rp0.02_mr3E-4_ss100.fa	21	33.512	18.633	58.663
long_content_30k_003/lc30k003_1875_gc2000_rp0.03_mr3E-4_ss100.fa	22	19.401	14.656	76.481
long_content_30k_003/lc30k003_1876_gc2500_rp0.02_mr3E-4_ss200.fa	27	23.056	23.423	77.099
long_content_30k_003/lc30k003_1877_gc2500_rp0.03_mr2E-4_ss100.fa	29	22.478	19.483	66.036
long_content_30k_003/lc30k003_1878_gc2500_rp0.01_mr2E-4_ss200.fa	30	22.133	23.393	84.051
long_content_30k_003/lc30k003_1879_gc2000_rp0.01_mr2E-4_ss100.fa	30	14.200	10.697	79.119
long_content_30k_003/lc30k003_187_gc2000_rp0.01_mr2E-4_ss100.fa	21	16.247	16.214	73.611
long_content_30k_003/lc30k003_1880_gc2000_rp0.02_mr5E-4_ss100.fa	18	17.593	12.716	55.362
long_content_30k_003/lc30k003_1881_gc2000_rp0.03_mr5E-4_ss200.fa	30	20.017	7.397	53.034
long_content_30k_003/lc30k003_1882_gc2500_rp0.02_mr5E-4_ss100.fa	19	38.169	40.101	61.806
long_content_30k_003/lc30k003_1883_gc2500_rp0.01_mr5E-4_ss200.fa	30	29.765	29.906	73.848
long_content_30k_003/lc30k003_1884_gc2000_rp0.01_mr5E-4_ss100.fa	30	32.887	29.606	50.734
long_content_30k_003/lc30k003_1885_gc2000_rp0.01_mr2E-4_ss200.fa	30	17.547	18.407	85.258
long_content_30k_003/lc30k003_1886_gc2500_rp0.03_mr3E-4_ss100.fa	27	26.314	28.633	77.516
long_content_30k_003/lc30k003_1887_gc2000_rp0.03_mr2E-4_ss100.fa	20	14.952	8.042	80.380
long_content_30k_003/lc30k003_1888_gc2500_rp0.01_mr3E-4_ss100.fa	17	22.818	21.109	50.773
long_content_30k_003/lc30k003_1889_gc2000_rp0.03_mr3E-4_ss200.fa	18	21.173	10.049	63.818
long_content_30k_003/lc30k003_188_gc2000_rp0.02_mr5E-4_ss100.fa	30	36.946	39.664	57.763
long_content_30k_003/lc30k003_1890_gc2000_rp0.01_mr5E-4_ss200.fa	28	32.172	32.285	73.230
long_content_30k_003/lc30k003_1891_gc2000_rp0.02_mr2E-4_ss100.fa	19	13.239	14.939	84.590
long_content_30k_003/lc30k003_1892_gc2000_rp0.03_mr5E-4_ss100.fa	20	21.558	19.936	76.021
long_content_30k_003/lc30k003_1893_gc2500_rp0.01_mr3E-4_ss200.fa	0	0.000	0.000	0.000
long_content_30k_003/lc30k003_1894_gc2500_rp0.02_mr2E-4_ss200.fa	30	34.623	31.083	66.683
long_content_30k_003/lc30k003_1895_gc2500_rp0.01_mr5E-4_ss100.fa	10	40.063	45.253	48.800
long_content_30k_003/lc30k003_1896_gc2500_rp0.03_mr3E-4_ss200.fa	30	22.820	22.676	75.363
long_content_30k_003/lc30k003_1897_gc2000_rp0.01_mr3E-4_ss100.fa	26	24.071	23.319	75.692
long_content_30k_003/lc30k003_1898_gc2000_rp0.01_mr3E-4_ss200.fa	30	18.487	10.663	69.338
long_content_30k_003/lc30k003_1899_gc2000_rp0.02_mr2E-4_ss200.fa	30	15.779	13.708	84.460
long_content_30k_003/lc30k003_189_gc2000_rp0.03_mr5E-4_ss200.fa	24	27.758	27.653	77.283
long_content_30k_003/lc30k003_1900_gc2500_rp0.02_mr5E-4_ss200.fa	30	11.965	5.730	63.573
long_content_30k_003/lc30k003_1901_gc2500_rp0.03_mr5E-4_ss200.fa	30	28.350	27.453	73.647
long_content_30k_003/lc30k003_1902_gc2000_rp0.02_mr5E-4_ss200.fa	30	37.799	44.296	64.648
long_content_30k_003/lc30k003_1903_gc2000_rp0.03_mr2E-4_ss200.fa	12	21.690	29.453	75.777
long_content_30k_003/lc30k003_1904_gc2000_rp0.02_mr3E-4_ss100.fa	24	27.331	39.442	66.684
long_content_30k_003/lc30k003_1905_gc2500_rp0.03_mr2E-4_ss200.fa	30	20.183	22.942	78.230
long_content_30k_003/lc30k003_1906_gc2000_rp0.02_mr3E-4_ss200.fa	30	20.205	21.739	82.362
long_content_30k_003/lc30k003_1907_gc2500_rp0.01_mr2E-4_ss100.fa	30	30.602	34.007	76.796
long_content_30k_003/lc30k003_1908_gc2500_rp0.03_mr5E-4_ss100.fa	19	36.865	45.130	66.399
long_content_30k_003/lc30k003_1909_gc2500_rp0.02_mr2E-4_ss100.fa	17	5.906	7.351	65.126
long_content_30k_003/lc30k003_190_gc2500_rp0.02_mr5E-4_ss100.fa	21	26.775	26.784	76.391
long_content_30k_003/lc30k003_1910_gc2500_rp0.02_mr3E-4_ss100.fa	30	28.717	33.133	72.709
long_content_30k_003/lc30k003_1911_gc2000_rp0.03_mr3E-4_ss100.fa	26	11.069	8.893	73.161
long_content_30k_003/lc30k003_1912_gc2500_rp0.02_mr3E-4_ss200.fa	30	19.382	8.522	71.255
long_content_30k_003/lc30k003_1913_gc2500_rp0.03_mr2E-4_ss100.fa	23	22.294	23.141	78.897
long_content_30k_003/lc30k003_1914_gc2500_rp0.01_mr2E-4_ss200.fa	30	11.588	9.970	67.124
long_content_30k_003/lc30k003_1915_gc2000_rp0.01_mr2E-4_ss100.fa	30	20.736	19.171	69.167
long_content_30k_003/lc30k003_1916_gc2000_rp0.02_mr5E-4_ss100.fa	18	31.378	5.554	50.317
long_content_30k_003/lc30k003_1917_gc2000_rp0.03_mr5E-4_ss200.fa	30	39.898	43.739	68.852
long_content_30k_003/lc30k003_1918_gc2500_rp0.02_mr5E-4_ss100.fa	30	30.422	24.526	53.201
long_content_30k_003/lc30k003_1919_gc2500_rp0.01_mr5E-4_ss200.fa	25	34.169	31.780	62.367
long_content_30k_003/lc30k003_191_gc2500_rp0.01_mr5E-4_ss200.fa	20	35.260	36.001	51.989
long_content_30k_003/lc30k003_1920_gc2000_rp0.01_mr5E-4_ss100.fa	9	33.916	34.088	73.698
long_content_30k_003/lc30k003_1921_gc2000_rp0.01_mr2E-4_ss200.fa	30	24.359	15.335	69.356
long_content_30k_003/lc30k003_1922_gc2500_rp0.03_mr3E-4_ss100.fa	17	21.594	8.850	64.925
long_content_30k_003/lc30k003_1923_gc2000_rp0.03_mr2E-4_ss100.fa	17	18.442	9.702	75.278
long_content_30k_003/lc30k003_1924_gc2500_rp0.01_mr3E-4_ss100.fa	30	19.770	21.129	59.634
long_content_30k_003/lc30k003_1925_gc2000_rp0.03_mr3E-4_ss200.fa	26	21.722	11.096	61.893
long_content_30k_003/lc30k003_1926_gc2000_rp0.01_mr5E-4_ss200.fa	30	42.664	42.602	60.963
long_content_30k_003/lc30k003_1927_gc2000_rp0.02_mr2E-4_ss100.fa	25	28.087	30.010	74.256
long_content_30k_003/lc30k003_1928_gc2000_rp0.03_mr5E-4_ss100.fa	11	27.096	15.387	73.595
long_content_30k_003/lc30k003_1929_gc2500_rp0.01_mr3E-4_ss200.fa	30	23.181	24.716	83.500
long_content_30k_003/lc30k003_192_gc2000_rp0.01_mr5E-4_ss100.fa	3	26.041	26.041	82.860
long_content_30k_003/lc30k003_1930_gc2500_rp0.02_mr2E-4_ss200.fa	26	19.009	12.156	66.282
long_content_30k_003/lc30k003_1931_gc2500_rp0.01_mr5E-4_ss100.fa	30	49.503	56.399	47.913
long_content_30k_003/lc30k003_1932_gc2500_rp0.03_mr3E-4_ss200.fa	28	30.030	26.529	69.128
long_content_30k_003/lc30k003_1933_gc2000_rp0.01_mr3E-4_ss100.fa	30	29.516	31.176	66.714
long_content_30k_003/lc30k003_1934_gc2000_rp0.01_mr3E-4_ss200.fa	26	24.303	24.303	84.433
long_content_30k_003/lc30k003_1935_gc2000_rp0.02_mr2E-4_ss200.fa	23	11.140	8.836	58.484
long_content_30k_003/lc30k003_1936_gc2500_rp0.02_mr5E-4_ss200.fa	17	13.559	14.673	83.246
long_content_30k_003/lc30k003_1937_gc2500_rp0.03_mr5E-4_ss200.fa	21	39.078	36.949	58.495
long_content_30k_003/lc30k003_1938_gc2000_rp0.02_mr5E-4_ss200.fa	29	12.604	4.857	74.256
long_content_30k_003/lc30k003_1939_gc2000_rp0.03_mr2E-4_ss200.fa	30	16.899	16.177	83.561
long_content_30k_003/lc30k003_193_gc2000_rp0.01_mr2E-4_ss200.fa	30	13.854	16.501	84.183
long_content_30k_003/lc30k003_1940_gc2000_rp0.02_mr3E-4_ss100.fa	19	22.446	22.983	60.400
long_content_30k_003/lc30k003_1941_gc2500_rp0.03_mr2E-4_ss200.fa	25	18.430	19.199	82.915
long_content_30k_003/lc30k003_1942_gc2000_rp0.02_mr3E-4_ss200.fa	23	39.669	40.395	68.883
long_content_30k_003/lc30k003_1943_gc2500_rp0.01_mr2E-4_ss100.fa	30	11.765	10.762	56.704
long_content_30k_003/lc30k003_1944_gc2500_rp0.03_mr5E-4_ss100.fa	10	41.760	52.171	59.269
long_content_30k_003/lc30k003_1945_gc2500_rp0.02_mr2E-4_ss100.fa	30	24.245	20.989	75.102
long_content_30k_003/lc30k003_1946_gc2500_rp0.02_mr3E-4_ss100.fa	30	17.386	17.923	78.893
long_content_30k_003/lc30k003_1947_gc2000_rp0.03_mr3E-4_ss100.fa	30	23.561	27.249	80.371
long_content_30k_003/lc30k003_1948_gc2500_rp0.02_mr3E-4_ss200.fa	26	25.598	13.384	40.934
long_content_30k_003/lc30k003_1949_gc2500_rp0.03_mr2E-4_ss100.fa	21	19.726	16.972	74.903
long_content_30k_003/lc30k003_194_gc2500_rp0.03_mr3E-4_ss100.fa	30	15.052	10.462	88.407
long_content_30k_003/lc30k003_1950_gc2500_rp0.01_mr2E-4_ss200.fa	30	18.168	14.190	69.456
long_content_30k_003/lc30k003_1951_gc2000_rp0.01_mr2E-4_ss100.fa	30	23.319	34.250	79.456
long_content_30k_003/lc30k003_1952_gc2000_rp0.02_mr5E-4_ss100.fa	27	25.029	28.634	66.674
long_content_30k_003/lc30k003_1953_gc2000_rp0.03_mr5E-4_ss200.fa	25	28.157	32.768	63.114
long_content_30k_003/lc30k003_1954_gc2500_rp0.02_mr5E-4_ss100.fa	24	39.796	39.332	64.916
long_content_30k_003/lc30k003_1955_gc2500_rp0.01_mr5E-4_ss200.fa	30	30.453	31.139	73.592
long_content_30k_003/lc30k003_1956_gc2000_rp0.01_mr5E-4_ss100.fa	30	41.567	43.151	62.263
long_content_30k_003/lc30k003_1957_gc2000_rp0.01_mr2E-4_ss200.fa	23	19.379	9.342	67.407
long_content_30k_003/lc30k003_1958_gc2500_rp0.03_mr3E-4_ss100.fa	30	34.883	37.475	73.791
long_content_30k_003/lc30k003_1959_gc2000_rp0.03_mr2E-4_ss100.fa	27	20.728	26.698	79.980
long_content_30k_003/lc30k003_195_gc2000_rp0.03_mr2E-4_ss100.fa	21	25.720	25.720	80.092
long_content_30k_003/lc30k003_1960_gc2500_rp0.01_mr3E-4_ss100.fa	30	20.704	20.306	72.396
long_content_30k_003/lc30k003_1961_gc2000_rp0.03_mr3E-4_ss200.fa	29	20.199	20.854	79.311
long_content_30k_003/lc30k003_1962_gc2000_rp0.01_mr5E-4_ss200.fa	30	50.526	56.370	51.218
long_content_30k_003/lc30k003_1963_gc2000_rp0.02_mr2E-4_ss100.fa	19	4.473	2.359	80.814
long_content_30k_003/lc30k003_1964_gc2000_rp0.03_mr5E-4_ss100.fa	22	43.462	40.360	55.680
long_content_30k_003/lc30k003_1965_gc2500_rp0.01_mr3E-4_ss200.fa	4	32.988	38.642	76.328
long_content_30k_003/lc30k003_1966_gc2500_rp0.02_mr2E-4_ss200.fa	25	16.664	18.137	85.096
long_content_30k_003/lc30k003_1967_gc2500_rp0.01_mr5E-4_ss100.fa	30	45.374	46.830	44.266
long_content_30k_003/lc30k003_1968_gc2500_rp0.03_mr3E-4_ss200.fa	23	33.048	33.088	65.055
long_content_30k_003/lc30k003_1969_gc2000_rp0.01_mr3E-4_ss100.fa	30	19.596	13.827	74.426
long_content_30k_003/lc30k003_196_gc2500_rp0.01_mr3E-4_ss100.fa	30	18.434	18.823	62.059
long_content_30k_003/lc30k003_1970_gc2000_rp0.01_mr3E-4_ss200.fa	4	11.927	15.119	91.753
long_content_30k_003/lc30k003_1971_gc2000_rp0.02_mr2E-4_ss200.fa	24	36.968	39.237	72.195
long_content_30k_003/lc30k003_1972_gc2500_rp0.02_mr5E-4_ss200.fa	25	19.388	18.752	65.705
long_content_30k_003/lc30k003_1973_gc2500_rp0.03_mr5E-4_ss200.fa	23	44.548	42.646	52.664
long_content_30k_003/lc30k003_1974_gc2000_rp0.02_mr5E-4_ss200.fa	30	42.269	43.769	61.613
long_content_30k_003/lc30k003_1975_gc2000_rp0.03_mr2E-4_ss200.fa	24	15.367	15.378	85.514
long_content_30k_003/lc30k003_1976_gc2000_rp0.02_mr3E-4_ss100.fa	30	31.952	39.886	67.763
long_content_30k_003/lc30k003_1977_gc2500_rp0.03_mr2E-4_ss200.fa	9	15.055	7.620	74.332
long_content_30k_003/lc30k003_1978_gc2000_rp0.02_mr3E-4_ss200.fa	26	33.804	24.541	58.087
long_content_30k_003/lc30k003_1979_gc2500_rp0.01_mr2E-4_ss100.fa	0	0.000	0.000	0.000
long_content_30k_003/lc30k003_197_gc2000_rp0.03_mr3E-4_ss200.fa	28	21.184	21.462	79.440
long_content_30k_003/lc30k003_1980_gc2500_rp0.03_mr5E-4_ss100.fa	18	51.232	55.417	53.600
long_content_30k_003/lc30k003_1981_gc2500_rp0.02_mr2E-4_ss100.fa	8	39.069	55.196	64.212
long_content_30k_003/lc30k003_1982_gc2500_rp0.02_mr3E-4_ss100.fa	30	38.868	38.922	63.684
long_content_30k_003/lc30k003_1983_gc2000_rp0.03_mr3E-4_ss100.fa	12	15.724	17.129	88.700
long_content_30k_003/lc30k003_1984_gc2500_rp0.02_mr3E-4_ss200.fa	30	20.916	20.194	81.078
long_content_30k_003/lc30k003_1985_gc2500_rp0.03_mr2E-4_ss100.fa	30	13.260	10.872	84.802
long_content_30k_003/lc30k003_1986_gc2500_rp0.01_mr2E-4_ss200.fa	30	15.558	17.315	84.032
long_content_30k_003/lc30k003_1987_gc2000_rp0.01_mr2E-4_ss100.fa	13	6.993	8.275	91.393
long_content_30k_003/lc30k003_1988_gc2000_rp0.02_mr5E-4_ss100.fa	30	30.792	29.890	63.669
long_content_30k_003/lc30k003_1989_gc2000_rp0.03_mr5E-4_ss200.fa	27	51.158	52.317	58.163
long_content_30k_003/lc30k003_198_gc2000_rp0.01_mr5E-4_ss200.fa	21	27.416	29.194	76.016
long_content_30k_003/lc30k003_1990_gc2500_rp0.02_mr5E-4_ss100.fa	12	38.570	38.472	52.318
long_content_30k_003/lc30k003_1991_gc2500_rp0.01_mr5E-4_ss200.fa	30	26.293	29.867	40.587
long_content_30k_003/lc30k003_1992_gc2000_rp0.01_mr5E-4_ss100.fa	24	52.108	54.592	67.001
long_content_30k_003/lc30k003_1993_gc2000_rp0.01_mr2E-4_ss200.fa	13	14.693	13.140	86.626
long_content_30k_003/lc30k003_1994_gc2500_rp0.03_mr3E-4_ss100.fa	18	15.271	17.096	71.437
long_content_30k_003/lc30k003_1995_gc2000_rp0.03_mr2E-4_ss100.fa	21	26.727	25.035	74.852
long_content_30k_003/lc30k003_1996_gc2500_rp0.01_mr3E-4_ss100.fa	28	33.754	35.140	72.490
long_content_30k_003/lc30k003_1997_gc2000_rp0.03_mr3E-4_ss200.fa	25	21.920	22.215	77.511
long_content_30k_003/lc30k003_1998_gc2000_rp0.01_mr5E-4_ss200.fa	30	10.197	9.297	54.509
long_content_30k_003/lc30k003_1999_gc2000_rp0.02_mr2E-4_ss100.fa	30	16.343	7.307	71.919
long_content_30k_003/lc30k003_199_gc2000_rp0.02_mr2E-4_ss100.fa	30	22.912	17.584	68.459
long_content_30k_003/lc30k003_2000_gc2000_rp0.03_mr5E-4_ss100.fa	30	42.052	45.800	59.981
long_content_30k_003/lc30k003_2001_gc2500_rp0.01_mr3E-4_ss200.fa	17	22.266	20.016	63.413
long_content_30k_003/lc30k003_2002_gc2500_rp0.02_mr2E-4_ss200.fa	30	37.310	36.158	69.343
long_content_30k_003/lc30k003_2003_gc2500_rp0.01_mr5E-4_ss100.fa	30	42.724	43.230	44.593
long_content_30k_003/lc30k003_2004_gc2500_rp0.03_mr3E-4_ss200.fa	21	17.752	16.034	82.176
long_content_30k_003/lc30k003_2005_gc2000_rp0.01_mr3E-4_ss100.fa	30	25.921	43.295	65.753
long_content_30k_003/lc30k003_2006_gc2000_rp0.01_mr3E-4_ss200.fa	30	15.219	13.913	86.728
long_content_30k_003/lc30k003_2007_gc2000_rp0.02_mr2E-4_ss200.fa	30	19.879	20.097	81.375
long_content_30k_003/lc30k003_2008_gc2500_rp0.02_mr5E-4_ss200.fa	30	35.309	32.691	64.271
long_content_30k_003/lc30k003_2009_gc2500_rp0.03_mr5E-4_ss200.fa	22	29.614	40.538	54.249
long_content_30k_003/lc30k003_200_gc2000_rp0.03_mr5E-4_ss100.fa	21	22.117	15.129	56.310
long_content_30k_003/lc30k003_2010_gc2000_rp0.02_mr5E-4_ss200.fa	17	37.208	39.471	75.108
long_content_30k_003/lc30k003_2011_gc2000_rp0.03_mr2E-4_ss200.fa	13	40.864	41.175	72.415
long_content_30k_003/lc30k003_2012_gc2000_rp0.02_mr3E-4_ss100.fa	23	7.683	7.096	45.485
long_content_30k_003/lc30k003_2013_gc2500_rp0.03_mr2E-4_ss200.fa	30	21.438	17.728	76.972
long_content_30k_003/lc30k003_2014_gc2000_rp0.02_mr3E-4_ss200.fa	30	25.097	24.908	77.149
long_content_30k_003/lc30k003_2015_gc2500_rp0.01_mr2E-4_ss100.fa	30	25.095	23.589	74.969
long_content_30k_003/lc30k003_2016_gc2500_rp0.03_mr5E-4_ss100.fa	23	28.891	27.063	62.561
long_content_30k_003/lc30k003_2017_gc2500_rp0.02_mr2E-4_ss100.fa	26	16.106	18.275	78.248
long_content_30k_003/lc30k003_2018_gc2500_rp0.02_mr3E-4_ss100.fa	30	43.642	45.284	65.051
long_content_30k_003/lc30k003_2019_gc2000_rp0.03_mr3E-4_ss100.fa	27	20.958	15.635	71.866
long_content_30k_003/lc30k003_201_gc2500_rp0.01_mr3E-4_ss200.fa	30	28.878	27.832	61.055
long_content_30k_003/lc30k003_2020_gc2500_rp0.02_mr3E-4_ss200.fa	27	10.509	4.745	46.188
long_content_30k_003/lc30k003_2021_gc2500_rp0.03_mr2E-4_ss100.fa	24	17.162	13.574	84.084
long_content_30k_003/lc30k003_2022_gc2500_rp0.01_mr2E-4_ss200.fa	1	7.381	7.381	93.802
long_content_30k_003/lc30k003_2023_gc2000_rp0.01_mr2E-4_ss100.fa	30	13.365	14.901	84.700
long_content_30k_003/lc30k003_2024_gc2000_rp0.02_mr5E-4_ss100.fa	30	31.913	23.741	50.452
long_content_30k_003/lc30k003_2025_gc2000_rp0.03_mr5E-4_ss200.fa	12	25.997	24.210	60.762
long_content_30k_003/lc30k003_2026_gc2500_rp0.02_mr5E-4_ss100.fa	16	49.179	54.744	51.567
long_content_30k_003/lc30k003_2027_gc2500_rp0.01_mr5E-4_ss200.fa	30	44.908	44.338	59.523
long_content_30k_003/lc30k003_2028_gc2000_rp0.01_mr5E-4_ss100.fa	30	43.287	39.783	44.817
long_content_30k_003/lc30k003_2029_gc2000_rp0.01_mr2E-4_ss200.fa	30	15.878	19.216	87.005
long_content_30k_003/lc30k003_202_gc2500_rp0.02_mr2E-4_ss200.fa	30	14.605	10.207	73.267
long_content_30k_003/lc30k003_2030_gc2500_rp0.03_mr3E-4_ss100.fa	30	15.027	13.378	88.560
long_content_30k_003/lc30k003_2031_gc2000_rp0.03_mr2E-4_ss100.fa	30	28.012	32.911	78.461
long_content_30k_003/lc30k003_2032_gc2500_rp0.01_mr3E-4_ss100.fa	18	17.091	2.000	66.236
long_content_30k_003/lc30k003_2033_gc2000_rp0.03_mr3E-4_ss200.fa	26	20.502	24.690	74.729
long_content_30k_003/lc30k003_2034_gc2000_rp0.01_mr5E-4_ss200.fa	30	23.981	24.000	45.742
long_content_30k_003/lc30k003_2035_gc2000_rp0.02_mr2E-4_ss100.fa	21	27.646	36.721	71.171
long_content_30k_003/lc30k003_2036_gc2000_rp0.03_mr5E-4_ss100.fa	29	27.047	26.345	68.378
long_content_30k_003/lc30k003_2037_gc2500_rp0.01_mr3E-4_ss200.fa	30	27.645	16.373	54.867
long_content_30k_003/lc30k003_2038_gc2500_rp0.02_mr2E-4_ss200.fa	26	9.769	9.713	86.429
long_content_30k_003/lc30k003_2039_gc2500_rp0.01_mr5E-4_ss100.fa	30	27.877	42.384	57.233
long_content_30k_003/lc30k003_203_gc2500_rp0.01_mr5E-4_ss100.fa	30	17.769	16.385	41.160
long_content_30k_003/lc30k003_2040_gc2500_rp0.03_mr3E-4_ss200.fa	23	19.517	19.730	80.136
long_content_30k_003/lc30k003_2041_gc2000_rp0.01_mr3E-4_ss100.fa	0	0.000	0.000	0.000
long_content_30k_003/lc30k003_2042_gc2000_rp0.01_mr3E-4_ss200.fa	30	22.438	16.047	67.700
long_content_30k_003/lc30k003_2043_gc2000_rp0.02_mr2E-4_ss200.fa	13	13.077	16.792	82.472
long_content_30k_003/lc30k003_2044_gc2500_rp0.02_mr5E-4_ss200.fa	14	16.987	8.633	50.034
long_content_30k_003/lc30k003_2045_gc2500_rp0.03_mr5E-4_ss200.fa	30	22.845	24.662	73.548
long_content_30k_003/lc30k003_2046_gc2000_rp0.02_mr5E-4_ss200.fa	19	24.561	17.358	54.546
long_content_30k_003/lc30k003_2047_gc2000_rp0.03_mr2E-4_ss200.fa	23	30.058	35.677	60.709
long_content_30k_003/lc30k003_2048_gc2000_rp0.02_mr3E-4_ss100.fa	19	13.606	12.339	69.094
long_content_30k_003/lc30k003_2049_gc2500_rp0.03_mr2E-4_ss200.fa	29	19.843	11.484	71.865
long_content_30k_003/lc30k003_204_gc2500_rp0.03_mr3E-4_ss200.fa	30	22.622	22.489	82.510
long_content_30k_003/lc30k003_2050_gc2000_rp0.02_mr3E-4_ss200.fa	18	14.399	10.522	66.961
long_content_30k_003/lc30k003_2051_gc2500_rp0.01_mr2E-4_ss100.fa	13	23.921	31.348	78.368
long_content_30k_003/lc30k003_2052_gc2500_rp0.03_mr5E-4_ss100.fa	12	19.498	17.578	66.772
long_content_30k_003/lc30k003_2053_gc2500_rp0.02_mr2E-4_ss100.fa	30	18.582	24.777	79.416
long_content_30k_003/lc30k003_2054_gc2500_rp0.02_mr3E-4_ss100.fa	30	14.525	12.263	67.826
long_content_30k_003/lc30k003_2055_gc2000_rp0.03_mr3E-4_ss100.fa	8	27.649	29.675	66.942
long_content_30k_003/lc30k003_2056_gc2500_rp0.02_mr3E-4_ss200.fa	24	39.508	24.209	52.318
long_content_30k_003/lc30k003_2057_gc2500_rp0.03_mr2E-4_ss100.fa	25	17.800	15.658	77.231
long_content_30k_003/lc30k003_2058_gc2500_rp0.01_mr2E-4_ss200.fa	30	14.470	13.540	80.307
long_content_30k_003/lc30k003_2059_gc2000_rp0.01_mr2E-4_ss100.fa	30	23.906	27.517	82.670
long_content_30k_003/lc30k003_205_gc2000_rp0.01_mr3E-4_ss100.fa	21	16.590	14.424	84.012
long_content_30k_003/lc30k003_2060_gc2000_rp0.02_mr5E-4_ss100.fa	22	29.516	24.933	49.887
long_content_30k_003/lc30k003_2061_gc2000_rp0.03_mr5E-4_ss200.fa	22	46.458	52.803	56.478
long_content_30k_003/lc30k003_2062_gc2500_rp0.02_mr5E-4_ss100.fa	30	29.754	27.505	66.620
long_content_30k_003/lc30k003_2063_gc2500_rp0.01_mr5E-4_ss200.fa	4	13.808	13.808	90.461
long_content_30k_003/lc30k003_2064_gc2000_rp0.01_mr5E-4_ss100.fa	25	25.378	16.949	49.121
long_content_30k_003/lc30k003_2065_gc2000_rp0.01_mr2E-4_ss200.fa	28	10.849	8.113	88.402
long_content_30k_003/lc30k003_2066_gc2500_rp0.03_mr3E-4_ss100.fa	14	25.124	29.470	63.363
long_content_30k_003/lc30k003_2067_gc2000_rp0.03_mr2E-4_ss100.fa	30	24.536	27.925	75.920
long_content_30k_003/lc30k003_2068_gc2500_rp0.01_mr3E-4_ss100.fa	12	35.142	35.132	67.219
long_content_30k_003/lc30k003_2069_gc2000_rp0.03_mr3E-4_ss200.fa	18	22.723	12.452	71.067
long_content_30k_003/lc30k003_206_gc2000_rp0.01_mr3E-4_ss200.fa	13	46.078	48.699	64.247
long_content_30k_003/lc30k003_2070_gc2000_rp0.01_mr5E-4_ss200.fa	14	43.358	44.505	74.634
long_content_30k_003/lc30k003_2071_gc2000_rp0.02_mr2E-4_ss100.fa	30	15.621	16.599	86.378
long_content_30k_003/lc30k003_2072_gc2000_rp0.03_mr5E-4_ss100.fa	6	47.970	46.233	49.304
long_content_30k_003/lc30k003_2073_gc2500_rp0.01_mr3E-4_ss200.fa	29	29.381	24.445	79.096
long_content_30k_003/lc30k003_2074_gc2500_rp0.02_mr2E-4_ss200.fa	12	10.376	9.795	85.368
long_content_30k_003/lc30k003_2075_gc2500_rp0.01_mr5E-4_ss100.fa	30	17.123	20.545	46.910
long_content_30k_003/lc30k003_2076_gc2500_rp0.03_mr3E-4_ss200.fa	15	25.594	36.386	75.773
long_content_30k_003/lc30k003_2077_gc2000_rp0.01_mr3E-4_ss100.fa	4	18.817	20.149	86.677
long_content_30k_003/lc30k003_2078_gc2000_rp0.01_mr3E-4_ss200.fa	30	26.364	26.673	74.290
long_content_30k_003/lc30k003_2079_gc2000_rp0.02_mr2E-4_ss200.fa	30	17.942	16.989	83.563
long_content_30k_003/lc30k003_207_gc2000_rp0.02_mr2E-4_ss200.fa	25	19.522	21.736	78.202
long_content_30k_003/lc30k003_2080_gc2500_rp0.02_mr5E-4_ss200.fa	22	23.897	18.459	50.973
long_content_30k_003/lc30k003_2081_gc2500_rp0.03_mr5E-4_ss200.fa	22	32.103	30.463	69.011
long_content_30k_003/lc30k003_2082_gc2000_rp0.02_mr5E-4_ss200.fa	17	32.959	33.205	66.396
long_content_30k_003/lc30k003_2083_gc2000_rp0.03_mr2E-4_ss200.fa	17	8.478	7.296	81.084
long_content_30k_003/lc30k003_2084_gc2000_rp0.02_mr3E-4_ss100.fa	28	37.173	36.762	71.766
long_content_30k_003/lc30k003_2085_gc2500_rp0.03_mr2E-4_ss200.fa	13	24.532	29.266	75.980
long_content_30k_003/lc30k003_2086_gc2000_rp0.02_mr3E-4_ss200.fa	30	26.219	29.491	72.119
long_content_30k_003/lc30k003_2087_gc2500_rp0.01_mr2E-4_ss100.fa	22	28.294	27.811	70.487
long_content_30k_003/lc30k003_2088_gc2500_rp0.03_mr5E-4_ss100.fa	22	30.806	44.263	62.372
long_content_30k_003/lc30k003_2089_gc2500_rp0.02_mr2E-4_ss100.fa	29	10.352	9.693	86.936
long_content_30k_003/lc30k003_208_gc2500_rp0.02_mr5E-4_ss200.fa	30	39.232	34.186	69.746
long_content_30k_003/lc30k003_2090_gc2500_rp0.02_mr3E-4_ss100.fa	30	33.033	35.904	61.028
long_content_30k_003/lc30k003_2091_gc2000_rp0.03_mr3E-4_ss100.fa	16	18.899	18.036	63.636
long_content_30k_003/lc30k003_2092_gc2500_rp0.02_mr3E-4_ss200.fa	30	19.671	7.082	68.502
long_content_30k_003/lc30k003_2093_gc2500_rp0.03_mr2E-4_ss100.fa	30	20.158	27.351	76.487
long_content_30k_003/lc30k003_2094_gc2500_rp0.01_mr2E-4_ss200.fa	30	16.507	17.280	86.080
long_content_30k_003/lc30k003_2095_gc2000_rp0.01_mr2E-4_ss100.fa	30	22.770	17.460	73.902
long_content_30k_003/lc30k003_2096_gc2000_rp0.02_mr5E-4_ss100.fa	14	48.872	48.812	54.932
long_content_30k_003/lc30k003_2097_gc2000_rp0.03_mr5E-4_ss200.fa	13	39.177	42.926	52.533
long_content_30k_003/lc30k003_2098_gc2500_rp0.02_mr5E-4_ss100.fa	1	54.853	54.853	61.347
long_content_30k_003/lc30k003_2099_gc2500_rp0.01_mr5E-4_ss200.fa	24	43.036	45.856	54.416
long_content_30k_003/lc30k003_209_gc2500_rp0.03_mr5E-4_ss200.fa	13	27.516	29.733	48.476
long_content_30k_003/lc30k003_2100_gc2000_rp0.01_mr5E-4_ss100.fa	25	16.127	7.301	32.489
long_content_30k_003/lc30k003_2101_gc2000_rp0.01_mr2E-4_ss200.fa	30	8.466	6.508	70.395
long_content_30k_003/lc30k003_2102_gc2500_rp0.03_mr3E-4_ss100.fa	24	33.420	36.325	62.403
long_content_30k_003/lc30k003_2103_gc2000_rp0.03_mr2E-4_ss100.fa	5	11.544	11.595	74.439
long_content_30k_003/lc30k003_2104_gc2500_rp0.01_mr3E-4_ss100.fa	16	33.127	38.822	74.674
long_content_30k_003/lc30k003_2105_gc2000_rp0.03_mr3E-4_ss200.fa	17	13.046	2.804	64.410
long_content_30k_003/lc30k003_2106_gc2000_rp0.01_mr5E-4_ss200.fa	30	43.265	47.450	55.811
long_content_30k_003/lc30k003_2107_gc2000_rp0.02_mr2E-4_ss100.fa	30	12.115	13.932	79.677
long_content_30k_003/lc30k003_2108_gc2000_rp0.03_mr5E-4_ss100.fa	17	28.481	27.077	52.249
long_content_30k_003/lc30k003_2109_gc2500_rp0.01_mr3E-4_ss200.fa	21	28.034	25.520	68.731
long_content_30k_003/lc30k003_210_gc2000_rp0.02_mr5E-4_ss200.fa	19	27.242	42.076	45.804
long_content_30k_003/lc30k003_2110_gc2500_rp0.02_mr2E-4_ss200.fa	30	12.728	10.462	69.129
long_content_30k_003/lc30k003_2111_gc2500_rp0.01_mr5E-4_ss100.fa	30	43.521	33.463	67.293
long_content_30k_003/lc30k003_2112_gc2500_rp0.03_mr3E-4_ss200.fa	17	20.459	25.423	60.936
long_content_30k_003/lc30k003_2113_gc2000_rp0.01_mr3E-4_ss100.fa	30	13.561	14.607	39.667
long_content_30k_003/lc30k003_2114_gc2000_rp0.01_mr3E-4_ss200.fa	30	9.410	4.390	52.748
long_content_30k_003/lc30k003_2115_gc2000_rp0.02_mr2E-4_ss200.fa	21	15.187	8.645	81.454
long_content_30k_003/lc30k003_2116_gc2500_rp0.02_mr5E-4_ss200.fa	30	36.715	38.335	69.613
long_content_30k_003/lc30k003_2117_gc2500_rp0.03_mr5E-4_ss200.fa	29	24.478	24.336	74.104
long_content_30k_003/lc30k003_2118_gc2000_rp0.02_mr5E-4_ss200.fa	15	8.656	9.220	48.040
long_content_30k_003/lc30k003_2119_gc2000_rp0.03_mr2E-4_ss200.fa	30	18.707	20.091	83.375
long_content_30k_003/lc30k003_211_gc2000_rp0.03_mr2E-4_ss200.fa	20	21.290	21.728	84.485
long_content_30k_003/lc30k003_2120_gc2000_rp0.02_mr3E-4_ss100.fa	30	24.856	21.634	65.172
long_content_30k_003/lc30k003_2121_gc2500_rp0.03_mr2E-4_ss200.fa	18	23.588	27.619	79.467
long_content_30k_003/lc30k003_2122_gc2000_rp0.02_mr3E-4_ss200.fa	26	16.252	15.100	71.311
long_content_30k_003/lc30k003_2123_gc2500_rp0.01_mr2E-4_ss100.fa	30	22.200	24.216	75.821
long_content_30k_003/lc30k003_2124_gc2500_rp0.03_mr5E-4_ss100.fa	15	19.822	12.721	64.070
long_content_30k_003/lc30k003_2125_gc2500_rp0.02_mr2E-4_ss100.fa	15	27.449	24.878	72.829
long_content_30k_003/lc30k003_2126_gc2500_rp0.02_mr3E-4_ss100.fa	30	29.581	39.742	66.018
long_content_30k_003/lc30k003_2127_gc2000_rp0.03_mr3E-4_ss100.fa	7	28.316	31.988	72.027
long_content_30k_003/lc30k003_2128_gc2500_rp0.02_mr3E-4_ss200.fa	30	18.269	16.526	84.850
long_content_30k_003/lc30k003_2129_gc2500_rp0.03_mr2E-4_ss100.fa	30	14.874	16.475	85.576
long_content_30k_003/lc30k003_212_gc2000_rp0.02_mr3E-4_ss100.fa	11	24.743	6.389	57.992
long_content_30k_003/lc30k003_2130_gc2500_rp0.01_mr2E-4_ss200.fa	30	12.589	12.596	69.461
long_content_30k_003/lc30k003_2131_gc2000_rp0.01_mr2E-4_ss100.fa	7	2.271	2.274	69.788
long_content_30k_003/lc30k003_2132_gc2000_rp0.02_mr5E-4_ss100.fa	11	35.522	48.447	72.463
long_content_30k_003/lc30k003_2133_gc2000_rp0.03_mr5E-4_ss200.fa	26	40.431	50.942	55.093
long_content_30k_003/lc30k003_2134_gc2500_rp0.02_mr5E-4_ss100.fa	3	8.387	8.387	43.500
long_content_30k_003/lc30k003_2135_gc2500_rp0.01_mr5E-4_ss200.fa	24	37.479	36.588	57.854
long_content_30k_003/lc30k003_2136_gc2000_rp0.01_mr5E-4_ss100.fa	29	34.453	30.311	48.565
long_content_30k_003/lc30k003_2137_gc2000_rp0.01_mr2E-4_ss200.fa	30	13.361	12.620	76.147
long_content_30k_003/lc30k003_2138_gc2500_rp0.03_mr3E-4_ss100.fa	18	31.547	32.385	69.540
long_content_30k_003/lc30k003_2139_gc2000_rp0.03_mr2E-4_ss100.fa	24	13.979	12.972	75.840
long_content_30k_003/lc30k003_213_gc2500_rp0.03_mr2E-4_ss200.fa	17	21.704	18.117	76.249
long_content_30k_003/lc30k003_2140_gc2500_rp0.01_mr3E-4_ss100.fa	30	16.197	12.564	61.122
long_content_30k_003/lc30k003_2141_gc2000_rp0.03_mr3E-4_ss200.fa	20	22.904	23.211	64.151
long_content_30k_003/lc30k003_2142_gc2000_rp0.01_mr5E-4_ss200.fa	6	31.073	31.073	76.718
long_content_30k_003/lc30k003_2143_gc2000_rp0.02_mr2E-4_ss100.fa	9	20.100	30.151	75.076
long_content_30k_003/lc30k003_2144_gc2000_rp0.03_mr5E-4_ss100.fa	25	25.701	23.505	62.037
long_content_30k_003/lc30k003_2145_gc2500_rp0.01_mr3E-4_ss200.fa	23	7.925	8.703	57.391
long_content_30k_003/lc30k003_2146_gc2500_rp0.02_mr2E-4_ss200.fa	25	11.450	9.110	60.372
long_content_30k_003/lc30k003_2147_gc2500_rp0.01_mr5E-4_ss100.fa	16	27.094	33.355	64.612
long_content_30k_003/lc30k003_2148_gc2500_rp0.03_mr3E-4_ss200.fa	13	26.732	35.069	79.081
long_content_30k_003/lc30k003_2149_gc2000_rp0.01_mr3E-4_ss100.fa	22	40.598	46.982	65.188
long_content_30k_003/lc30k003_214_gc2000_rp0.02_mr3E-4_ss200.fa	30	20.830	20.163	69.436
long_content_30k_003/lc30k003_2150_gc2000_rp0.01_mr3E-4_ss200.fa	30	33.992	35.163	75.319
long_content_30k_003/lc30k003_2151_gc2000_rp0.02_mr2E-4_ss200.fa	30	11.939	8.849	79.328
long_content_30k_003/lc30k003_2152_gc2500_rp0.02_mr5E-4_ss200.fa	30	22.353	26.006	78.009
long_content_30k_003/lc30k003_2153_gc2500_rp0.03_mr5E-4_ss200.fa	20	39.559	51.812	56.980
long_content_30k_003/lc30k003_2154_gc2000_rp0.02_mr5E-4_ss200.fa	27	30.407	22.552	48.957
long_content_30k_003/lc30k003_2155_gc2000_rp0.03_mr2E-4_ss200.fa	25	16.657	22.500	74.411
long_content_30k_003/lc30k003_2156_gc2000_rp0.02_mr3E-4_ss100.fa	28	33.588	32.978	71.611
long_content_30k_003/lc30k003_2157_gc2500_rp0.03_mr2E-4_ss200.fa	13	22.555	26.282	79.690
long_content_30k_003/lc30k003_2158_gc2000_rp0.02_mr3E-4_ss200.fa	30	11.769	3.948	66.719
long_content_30k_003/lc30k003_2159_gc2500_rp0.01_mr2E-4_ss100.fa	30	12.704	7.093	80.524
long_content_30k_003/lc30k003_215_gc2500_rp0.01_mr2E-4_ss100.fa	0	0.000	0.000	0.000
long_content_30k_003/lc30k003_2160_gc2500_rp0.03_mr5E-4_ss100.fa	11	41.428	49.411	59.175
long_content_30k_003/lc30k003_2161_gc2500_rp0.02_mr2E-4_ss100.fa	25	27.027	26.448	72.720
long_content_30k_003/lc30k003_2162_gc2500_rp0.02_mr3E-4_ss100.fa	30	14.822	9.877	82.205
long_content_30k_003/lc30k003_2163_gc2000_rp0.03_mr3E-4_ss100.fa	26	15.767	10.768	59.309
long_content_30k_003/lc30k003_2164_gc2500_rp0.02_mr3E-4_ss200.fa	30	22.327	20.818	75.225
long_content_30k_003/lc30k003_2165_gc2500_rp0.03_mr2E-4_ss100.fa	30	13.412	12.518	86.432
long_content_30k_003/lc30k003_2166_gc2500_rp0.01_mr2E-4_ss200.fa	30	11.064	11.064	89.740
long_content_30k_003/lc30k003_2167_gc2000_rp0.01_mr2E-4_ss100.fa	14	35.755	38.991	79.770
long_content_30k_003/lc30k003_2168_gc2000_rp0.02_mr5E-4_ss100.fa	30	23.472	22.865	41.940
long_content_30k_003/lc30k003_2169_gc2000_rp0.03_mr5E-4_ss200.fa	6	34.092	33.905	67.838
long_content_30k_003/lc30k003_216_gc2500_rp0.03_mr5E-4_ss100.fa	20	30.517	32.538	63.350
long_content_30k_003/lc30k003_2170_gc2500_rp0.02_mr5E-4_ss100.fa	26	31.230	35.730	70.247
long_content_30k_003/lc30k003_2171_gc2500_rp0.01_mr5E-4_ss200.fa	26	22.748	33.473	60.819
long_content_30k_003/lc30k003_2172_gc2000_rp0.01_mr5E-4_ss100.fa	30	50.955	56.073	46.630
long_content_30k_003/lc30k003_2173_gc2000_rp0.01_mr2E-4_ss200.fa	30	28.002	20.831	69.847
long_content_30k_003/lc30k003_2174_gc2500_rp0.03_mr3E-4_ss100.fa	27	14.365	12.133	83.763
long_content_30k_003/lc30k003_2175_gc2000_rp0.03_mr2E-4_ss100.fa	22	24.806	22.425	75.995
long_content_30k_003/lc30k003_2176_gc2500_rp0.01_mr3E-4_ss100.fa	3	10.898	11.467	89.923
long_content_30k_003/lc30k003_2177_gc2000_rp0.03_mr3E-4_ss200.fa	20	20.596	9.963	56.787
long_content_30k_003/lc30k003_2178_gc2000_rp0.01_mr5E-4_ss200.fa	21	39.228	40.923	69.893
long_content_30k_003/lc30k003_2179_gc2000_rp0.02_mr2E-4_ss100.fa	30	17.526	22.359	78.666
long_content_30k_003/lc30k003_217_gc2500_rp0.02_mr2E-4_ss100.fa	30	16.335	15.175	70.906
long_content_30k_003/lc30k003_2180_gc2000_rp0.03_mr5E-4_ss100.fa	7	23.746	32.790	72.394
long_content_30k_003/lc30k003_2181_gc2500_rp0.01_mr3E-4_ss200.fa	30	17.318	17.123	76.740
long_content_30k_003/lc30k003_2182_gc2500_rp0.02_mr2E-4_ss200.fa	19	12.362	9.508	73.577
long_content_30k_003/lc30k003_2183_gc2500_rp0.01_mr5E-4_ss100.fa	18	41.364	60.339	49.771
long_content_30k_003/lc30k003_2184_gc2500_rp0.03_mr3E-4_ss200.fa	11	10.161	6.254	72.667
long_content_30k_003/lc30k003_2185_gc2000_rp0.01_mr3E-4_ss100.fa	28	17.955	9.823	61.187
long_content_30k_003/lc30k003_2186_gc2000_rp0.01_mr3E-4_ss200.fa	30	19.525	6.036	60.859
long_content_30k_003/lc30k003_2187_gc2000_rp0.02_mr2E-4_ss200.fa	30	16.855	12.181	70.796
long_content_30k_003/lc30k003_2188_gc2500_rp0.02_mr5E-4_ss200.fa	24	32.739	33.418	65.579
long_content_30k_003/lc30k003_2189_gc2500_rp0.03_mr5E-4_ss200.fa	12	19.963	23.026	76.171
long_content_30k_003/lc30k003_218_gc2500_rp0.02_mr3E-4_ss100.fa	11	19.229	18.355	87.408
long_content_30k_003/lc30k003_2190_gc2000_rp0.02_mr5E-4_ss200.fa	15	37.601	49.707	59.264
long_content_30k_003/lc30k003_2191_gc2000_rp0.03_mr2E-4_ss200.fa	30	11.824	10.003	85.811
long_content_30k_003/lc30k003_2192_gc2000_rp0.02_mr3E-4_ss100.fa	27	20.352	18.606	84.545
long_content_30k_003/lc30k003_2193_gc2500_rp0.03_mr2E-4_ss200.fa	30	8.819	3.702	82.693
long_content_30k_003/lc30k003_2194_gc2000_rp0.02_mr3E-4_ss200.fa	30	35.740	39.152	68.638
long_content_30k_003/lc30k003_2195_gc2500_rp0.01_mr2E-4_ss100.fa	30	20.101	19.616	79.961
long_content_30k_003/lc30k003_2196_gc2500_rp0.03_mr5E-4_ss100.fa	15	25.627	13.864	55.522
long_content_30k_003/lc30k003_2197_gc2500_rp0.02_mr2E-4_ss100.fa	28	18.205	17.186	80.306
long_content_30k_003/lc30k003_2198_gc2500_rp0.02_mr3E-4_ss100.fa	13	20.893	12.414	77.448
long_content_30k_003/lc30k003_2199_gc2000_rp0.03_mr3E-4_ss100.fa	28	32.417	36.513	62.964
long_content_30k_003/lc30k003_219_gc2000_rp0.03_mr3E-4_ss100.fa	28	36.056	44.119	67.323
long_content_30k_003/lc30k003_2200_gc2500_rp0.02_mr3E-4_ss200.fa	30	18.836	19.767	79.575
long_content_30k_003/lc30k003_2201_gc2500_rp0.03_mr2E-4_ss100.fa	25	24.979	25.665	80.116
long_content_30k_003/lc30k003_2202_gc2500_rp0.01_mr2E-4_ss200.fa	30	11.557	5.910	75.587
long_content_30k_003/lc30k003_2203_gc2000_rp0.01_mr2E-4_ss100.fa	30	3.360	3.427	75.111
long_content_30k_003/lc30k003_2204_gc2000_rp0.02_mr5E-4_ss100.fa	30	34.021	35.585	69.014
long_content_30k_003/lc30k003_2205_gc2000_rp0.03_mr5E-4_ss200.fa	30	30.294	29.600	63.419
long_content_30k_003/lc30k003_2206_gc2500_rp0.02_mr5E-4_ss100.fa	15	26.223	10.879	57.312
long_content_30k_003/lc30k003_2207_gc2500_rp0.01_mr5E-4_ss200.fa	30	15.271	9.182	55.932
long_content_30k_003/lc30k003_2208_gc2000_rp0.01_mr5E-4_ss100.fa	30	36.700	32.436	49.453
long_content_30k_003/lc30k003_2209_gc2000_rp0.01_mr2E-4_ss200.fa	9	20.694	21.270	85.104
long_content_30k_003/lc30k003_220_gc2500_rp0.02_mr3E-4_ss200.fa	30	21.506	8.024	68.681
long_content_30k_003/lc30k003_2210_gc2500_rp0.03_mr3E-4_ss100.fa	26	11.232	9.766	74.438
long_content_30k_003/lc30k003_2211_gc2000_rp0.03_mr2E-4_ss100.fa	25	10.469	10.093	79.865
long_content_30k_003/lc30k003_2212_gc2500_rp0.01_mr3E-4_ss100.fa	30	8.516	6.434	63.067
long_content_30k_003/lc30k003_2213_gc2000_rp0.03_mr3E-4_ss200.fa	19	33.251	30.922	66.511
long_content_30k_003/lc30k003_2214_gc2000_rp0.01_mr5E-4_ss200.fa	30	35.116	39.433	55.620
long_content_30k_003/lc30k003_2215_gc2000_rp0.02_mr2E-4_ss100.fa	30	23.962	23.731	66.736
long_content_30k_003/lc30k003_2216_gc2000_rp0.03_mr5E-4_ss100.fa	9	18.816	12.501	58.674
long_content_30k_003/lc30k003_2217_gc2500_rp0.01_mr3E-4_ss200.fa	30	25.440	7.297	59.037
long_content_30k_003/lc30k003_2218_gc2500_rp0.02_mr2E-4_ss200.fa	22	17.110	21.237	77.867
long_content_30k_003/lc30k003_2219_gc2500_rp0.01_mr5E-4_ss100.fa	19	43.405	48.040	52.451
long_content_30k_003/lc30k003_221_gc2500_rp0.03_mr2E-4_ss100.fa	30	21.379	25.647	76.799
long_content_30k_003/lc30k003_2220_gc2500_rp0.03_mr3E-4_ss200.fa	24	20.135	21.099	85.814
long_content_30k_003/lc30k003_2221_gc2000_rp0.01_mr3E-4_ss100.fa	6	23.629	19.803	85.168
long_content_30k_003/lc30k003_2222_gc2000_rp0.01_mr3E-4_ss200.fa	30	32.481	32.915	74.465
long_content_30k_003/lc30k003_2223_gc2000_rp0.02_mr2E-4_ss200.fa	24	20.292	18.832	70.089
long_content_30k_003/lc30k003_2224_gc2500_rp0.02_mr5E-4_ss200.fa	27	30.493	31.263	65.225
long_content_30k_003/lc30k003_2225_gc2500_rp0.03_mr5E-4_ss200.fa	24	48.583	51.103	54.350
long_content_30k_003/lc30k003_2226_gc2000_rp0.02_mr5E-4_ss200.fa	30	36.202	37.894	69.850
long_content_30k_003/lc30k003_2227_gc2000_rp0.03_mr2E-4_ss200.fa	20	12.380	15.230	77.912
long_content_30k_003/lc30k003_2228_gc2000_rp0.02_mr3E-4_ss100.fa	25	24.655	31.167	68.234
long_content_30k_003/lc30k003_2229_gc2500_rp0.03_mr2E-4_ss200.fa	26	16.130	18.561	82.669
long_content_30k_003/lc30k003_222_gc2500_rp0.01_mr2E-4_ss200.fa	30	21.082	15.788	76.906
long_content_30k_003/lc30k003_2230_gc2000_rp0.02_mr3E-4_ss200.fa	1	15.297	15.297	85.614
long_content_30k_003/lc30k003_2231_gc2500_rp0.01_mr2E-4_ss100.fa	12	9.446	9.446	65.350
long_content_30k_003/lc30k003_2232_gc2500_rp0.03_mr5E-4_ss100.fa	16	35.699	30.767	57.949
long_content_30k_003/lc30k003_2233_gc2500_rp0.02_mr2E-4_ss100.fa	20	17.648	19.094	71.113
long_content_30k_003/lc30k003_2234_gc2500_rp0.02_mr3E-4_ss100.fa	16	35.913	31.633	62.173
long_content_30k_003/lc30k003_2235_gc2000_rp0.03_mr3E-4_ss100.fa	23	20.319	22.161	64.438
long_content_30k_003/lc30k003_2236_gc2500_rp0.02_mr3E-4_ss200.fa	15	28.834	39.130	64.555
long_content_30k_003/lc30k003_2237_gc2500_rp0.03_mr2E-4_ss100.fa	6	14.199	17.953	81.303
long_content_30k_003/lc30k003_2238_gc2500_rp0.01_mr2E-4_ss200.fa	30	10.811	10.147	84.401
long_content_30k_003/lc30k003_2239_gc2000_rp0.01_mr2E-4_ss100.fa	30	22.854	30.304	58.048
long_content_30k_003/lc30k003_223_gc2000_rp0.01_mr2E-4_ss100.fa	6	8.609	2.712	63.695
long_content_30k_003/lc30k003_2240_gc2000_rp0.02_mr5E-4_ss100.fa	11	24.414	31.710	65.051
long_content_30k_003/lc30k003_2241_gc2000_rp0.03_mr5E-4_ss200.fa	19	33.450	39.122	63.544
long_content_30k_003/lc30k003_2242_gc2500_rp0.02_mr5E-4_ss100.fa	18	43.163	50.373	51.698
long_content_30k_003/lc30k003_2243_gc2500_rp0.01_mr5E-4_ss200.fa	30	18.585	18.774	83.735
long_content_30k_003/lc30k003_2244_gc2000_rp0.01_mr5E-4_ss100.fa	30	33.009	33.521	68.283
long_content_30k_003/lc30k003_2245_gc2000_rp0.01_mr2E-4_ss200.fa	15	13.863	19.778	89.820
long_content_30k_003/lc30k003_2246_gc2500_rp0.03_mr3E-4_ss100.fa	24	28.210	41.043	62.680
long_content_30k_003/lc30k003_2247_gc2000_rp0.03_mr2E-4_ss100.fa	23	16.926	17.129	80.408
long_content_30k_003/lc30k003_2248_gc2500_rp0.01_mr3E-4_ss100.fa	30	16.999	17.432	82.914
long_content_30k_003/lc30k003_2249_gc2000_rp0.03_mr3E-4_ss200.fa	28	24.838	25.875	75.838
long_content_30k_003/lc30k003_224_gc2000_rp0.02_mr5E-4_ss100.fa	28	19.182	18.138	51.370
long_content_30k_003/lc30k003_2250_gc2000_rp0.01_mr5E-4_ss200.fa	30	31.114	23.079	50.274
long_content_30k_003/lc30k003_2251_gc2000_rp0.02_mr2E-4_ss100.fa	7	16.929	17.106	89.741
long_content_30k_003/lc30k003_2252_gc2000_rp0.03_mr5E-4_ss100.fa	24	24.183	9.684	54.113
long_content_30k_003/lc30k003_2253_gc2500_rp0.01_mr3E-4_ss200.fa	30	19.720	19.298	64.723
long_content_30k_003/lc30k003_2254_gc2500_rp0.02_mr2E-4_ss200.fa	16	18.081	11.260	72.835
long_content_30k_003/lc30k003_2255_gc2500_rp0.01_mr5E-4_ss100.fa	30	48.327	55.818	54.923
long_content_30k_003/lc30k003_2256_gc2500_rp0.03_mr3E-4_ss200.fa	21	18.341	11.433	70.733
long_content_30k_003/lc30k003_2257_gc2000_rp0.01_mr3E-4_ss100.fa	30	44.646	51.569	63.912
long_content_30k_003/lc30k003_2258_gc2000_rp0.01_mr3E-4_ss200.fa	13	39.072	39.837	69.762
long_content_30k_003/lc30k003_2259_gc2000_rp0.02_mr2E-4_ss200.fa	12	15.497	16.090	57.478
long_content_30k_003/lc30k003_225_gc2000_rp0.03_mr5E-4_ss200.fa	30	33.579	34.094	64.880
long_content_30k_003/lc30k003_2260_gc2500_rp0.02_mr5E-4_ss200.fa	30	25.859	18.307	80.270
long_content_30k_003/lc30k003_2261_gc2500_rp0.03_mr5E-4_ss200.fa	23	18.617	9.274	57.352
long_content_30k_003/lc30k003_2262_gc2000_rp0.02_mr5E-4_ss200.fa	30	25.376	27.066	74.605
long_content_30k_003/lc30k003_2263_gc2000_rp0.03_mr2E-4_ss200.fa	30	23.669	27.223	80.762
long_content_30k_003/lc30k003_2264_gc2000_rp0.02_mr3E-4_ss100.fa	22	19.546	15.536	72.952
long_content_30k_003/lc30k003_2265_gc2500_rp0.03_mr2E-4_ss200.fa	26	20.928	20.187	75.118
long_content_30k_003/lc30k003_2266_gc2000_rp0.02_mr3E-4_ss200.fa	16	16.668	17.063	72.535
long_content_30k_003/lc30k003_2267_gc2500_rp0.01_mr2E-4_ss100.fa	30	33.442	34.640	78.545
long_content_30k_003/lc30k003_2268_gc2500_rp0.03_mr5E-4_ss100.fa	30	44.797	58.270	56.797
long_content_30k_003/lc30k003_2269_gc2500_rp0.02_mr2E-4_ss100.fa	21	13.285	14.025	86.279
long_content_30k_003/lc30k003_226_gc2500_rp0.02_mr5E-4_ss100.fa	30	5.317	6.446	46.466
long_content_30k_003/lc30k003_2270_gc2500_rp0.02_mr3E-4_ss100.fa	18	22.710	25.686	77.355
long_content_30k_003/lc30k003_2271_gc2000_rp0.03_mr3E-4_ss100.fa	24	20.811	21.912	81.415
long_content_30k_003/lc30k003_2272_gc2500_rp0.02_mr3E-4_ss200.fa	30	28.646	26.245	69.720
long_content_30k_003/lc30k003_2273_gc2500_rp0.03_mr2E-4_ss100.fa	25	22.561	23.985	78.823
long_content_30k_003/lc30k003_2274_gc2500_rp0.01_mr2E-4_ss200.fa	25	13.799	14.842	90.025
long_content_30k_003/lc30k003_2275_gc2000_rp0.01_mr2E-4_ss100.fa	16	18.004	17.925	64.952
long_content_30k_003/lc30k003_2276_gc2000_rp0.02_mr5E-4_ss100.fa	30	11.445	7.936	55.889
long_content_30k_003/lc30k003_2277_gc2000_rp0.03_mr5E-4_ss200.fa	28	36.776	44.198	60.183
long_content_30k_003/lc30k003_2278_gc2500_rp0.02_mr5E-4_ss100.fa	30	33.526	39.093	59.692
long_content_30k_003/lc30k003_2279_gc2500_rp0.01_mr5E-4_ss200.fa	4	22.668	22.668	86.238
long_content_30k_003/lc30k003_227_gc2500_rp0.01_mr5E-4_ss200.fa	3	28.838	36.031	82.538
long_content_30k_003/lc30k003_2280_gc2000_rp0.01_mr5E-4_ss100.fa	30	38.694	36.358	55.066
long_content_30k_003/lc30k003_2281_gc2000_rp0.01_mr2E-4_ss200.fa	22	29.405	29.327	71.084
long_content_30k_003/lc30k003_2282_gc2500_rp0.03_mr3E-4_ss100.fa	20	26.742	29.200	75.529
long_content_30k_003/lc30k003_2283_gc2000_rp0.03_mr2E-4_ss100.fa	24	10.461	7.802	75.743
long_content_30k_003/lc30k003_2284_gc2500_rp0.01_mr3E-4_ss100.fa	30	28.906	29.984	70.934
long_content_30k_003/lc30k003_2285_gc2000_rp0.03_mr3E-4_ss200.fa	26	18.441	17.210	75.052
long_content_30k_003/lc30k003_2286_gc2000_rp0.01_mr5E-4_ss200.fa	23	23.168	15.522	57.546
long_content_30k_003/lc30k003_2287_gc2000_rp0.02_mr2E-4_ss100.fa	20	10.959	4.878	59.903
long_content_30k_003/lc30k003_2288_gc2000_rp0.03_mr5E-4_ss100.fa	29	32.996	40.175	55.574
long_content_30k_003/lc30k003_2289_gc2500_rp0.01_mr3E-4_ss200.fa	30	25.442	20.465	64.430
long_content_30k_003/lc30k003_228_gc2000_rp0.01_mr5E-4_ss100.fa	30	34.398	35.004	72.578
long_content_30k_003/lc30k003_2290_gc2500_rp0.02_mr2E-4_ss200.fa	30	16.157	14.977	74.699
long_content_30k_003/lc30k003_2291_gc2500_rp0.01_mr5E-4_ss100.fa	0	0.000	0.000	0.000
long_content_30k_003/lc30k003_2292_gc2500_rp0.03_mr3E-4_ss200.fa	30	25.549	33.878	74.624
long_content_30k_003/lc30k003_2293_gc2000_rp0.01_mr3E-4_ss100.fa	24	34.141	23.925	58.046
long_content_30k_003/lc30k003_2294_gc2000_rp0.01_mr3E-4_ss200.fa	30	15.210	15.211	73.656
long_content_30k_003/lc30k003_2295_gc2000_rp0.02_mr2E-4_ss200.fa	18	22.514	28.409	79.573
long_content_30k_003/lc30k003_2296_gc2500_rp0.02_mr5E-4_ss200.fa	30	28.127	11.096	70.987
long_content_30k_003/lc30k003_2297_gc2500_rp0.03_mr5E-4_ss200.fa	27	35.192	42.073	73.143
long_content_30k_003/lc30k003_2298_gc2000_rp0.02_mr5E-4_ss200.fa	30	11.530	9.187	58.601
long_content_30k_003/lc30k003_2299_gc2000_rp0.03_mr2E-4_ss200.fa	22	15.044	23.055	75.500
long_content_30k_003/lc30k003_229_gc2000_rp0.01_mr2E-4_ss200.fa	30	16.204	9.181	56.215
long_content_30k_003/lc30k003_2300_gc2000_rp0.02_mr3E-4_ss100.fa	29	27.290	27.323	71.168
long_content_30k_003/lc30k003_2301_gc2500_rp0.03_mr2E-4_ss200.fa	30	10.466	11.091	88.658
long_content_30k_003/lc30k003_2302_gc2000_rp0.02_mr3E-4_ss200.fa	13	29.636	37.868	51.764
long_content_30k_003/lc30k003_2303_gc2500_rp0.01_mr2E-4_ss100.fa	30	15.950	13.414	79.177
long_content_30k_003/lc30k003_2304_gc2500_rp0.03_mr5E-4_ss100.fa	30	30.240	29.562	62.467
long_content_30k_003/lc30k003_2305_gc2500_rp0.02_mr2E-4_ss100.fa	30	12.315	12.143	88.469
long_content_30k_003/lc30k003_2306_gc2500_rp0.02_mr3E-4_ss100.fa	10	18.569	18.517	70.561
long_content_30k_003/lc30k003_2307_gc2000_rp0.03_mr3E-4_ss100.fa	27	23.769	26.416	77.607
long_content_30k_003/lc30k003_2308_gc2500_rp0.02_mr3E-4_ss200.fa	8	40.758	41.613	64.916
long_content_30k_003/lc30k003_2309_gc2500_rp0.03_mr2E-4_ss100.fa	24	22.912	30.398	75.976
long_content_30k_003/lc30k003_230_gc2500_rp0.03_mr3E-4_ss100.fa	23	16.869	11.215	64.727
long_content_30k_003/lc30k003_2310_gc2500_rp0.01_mr2E-4_ss200.fa	30	7.755	5.790	91.324
long_content_30k_003/lc30k003_2311_gc2000_rp0.01_mr2E-4_ss100.fa	30	14.059	12.043	67.186
long_content_30k_003/lc30k003_2312_gc2000_rp0.02_mr5E-4_ss100.fa	26	25.452	20.381	58.492
long_content_30k_003/lc30k003_2313_gc2000_rp0.03_mr5E-4_ss200.fa	26	35.192	42.855	65.191
long_content_30k_003/lc30k003_2314_gc2500_rp0.02_mr5E-4_ss100.fa	29	42.639	45.842	58.981
long_content_30k_003/lc30k003_2315_gc2500_rp0.01_mr5E-4_ss200.fa	30	39.074	41.945	65.018
long_content_30k_003/lc30k003_2316_gc2000_rp0.01_mr5E-4_ss100.fa	25	43.751	42.930	55.896
long_content_30k_003/lc30k003_2317_gc2000_rp0.01_mr2E-4_ss200.fa	14	11.753	11.992	89.939
long_content_30k_003/lc30k003_2318_gc2500_rp0.03_mr3E-4_ss100.fa	16	18.638	11.456	68.094
long_content_30k_003/lc30k003_2319_gc2000_rp0.03_mr2E-4_ss100.fa	26	18.126	18.714	78.232
long_content_30k_003/lc30k003_231_gc2000_rp0.03_mr2E-4_ss100.fa	30	12.125	17.609	80.768
long_content_30k_003/lc30k003_2320_gc2500_rp0.01_mr3E-4_ss100.fa	30	31.855	41.583	72.611
long_content_30k_003/lc30k003_2321_gc2000_rp0.03_mr3E-4_ss200.fa	17	17.275	14.005	64.398
long_content_30k_003/lc30k003_2322_gc2000_rp0.01_mr5E-4_ss200.fa	30	35.561	43.495	50.147
long_content_30k_003/lc30k003_2323_gc2000_rp0.02_mr2E-4_ss100.fa	21	18.390	18.308	76.097
long_content_30k_003/lc30k003_2324_gc2000_rp0.03_mr5E-4_ss100.fa	10	16.491	13.486	60.844
long_content_30k_003/lc30k003_2325_gc2500_rp0.01_mr3E-4_ss200.fa	30	29.130	29.841	74.618
long_content_30k_003/lc30k003_2326_gc2500_rp0.02_mr2E-4_ss200.fa	30	14.802	13.686	85.746
long_content_30k_003/lc30k003_2327_gc2500_rp0.01_mr5E-4_ss100.fa	30	30.544	28.822	58.436
long_content_30k_003/lc30k003_2328_gc2500_rp0.03_mr3E-4_ss200.fa	9	3.916	3.908	64.103
long_content_30k_003/lc30k003_2329_gc2000_rp0.01_mr3E-4_ss100.fa	20	45.762	50.668	66.711
long_content_30k_003/lc30k003_232_gc2500_rp0.01_mr3E-4_ss100.fa	30	26.460	22.944	59.889
long_content_30k_003/lc30k003_2330_gc2000_rp0.01_mr3E-4_ss200.fa	30	34.910	18.853	56.532
long_content_30k_003/lc30k003_2331_gc2000_rp0.02_mr2E-4_ss200.fa	30	21.665	25.655	80.889
long_content_30k_003/lc30k003_2332_gc2500_rp0.02_mr5E-4_ss200.fa	9	36.215	14.562	40.981
long_content_30k_003/lc30k003_2333_gc2500_rp0.03_mr5E-4_ss200.fa	20	24.433	24.444	44.330
long_content_30k_003/lc30k003_2334_gc2000_rp0.02_mr5E-4_ss200.fa	30	38.092	43.969	57.024
long_content_30k_003/lc30k003_2335_gc2000_rp0.03_mr2E-4_ss200.fa	25	20.011	22.450	81.167
long_content_30k_003/lc30k003_2336_gc2000_rp0.02_mr3E-4_ss100.fa	26	18.550	10.157	62.599
long_content_30k_003/lc30k003_2337_gc2500_rp0.03_mr2E-4_ss200.fa	14	22.631	20.263	75.153
long_content_30k_003/lc30k003_2338_gc2000_rp0.02_mr3E-4_ss200.fa	30	16.950	13.990	75.333
long_content_30k_003/lc30k003_2339_gc2500_rp0.01_mr2E-4_ss100.fa	0	0.000	0.000	0.000
long_content_30k_003/lc30k003_233_gc2000_rp0.03_mr3E-4_ss200.fa	9	16.176	19.042	78.285
long_content_30k_003/lc30k003_2340_gc2500_rp0.03_mr5E-4_ss100.fa	30	27.308	22.676	59.366
long_content_30k_003/lc30k003_2341_gc2500_rp0.02_mr2E-4_ss100.fa	30	17.986	18.945	85.878
long_content_30k_003/lc30k003_2342_gc2500_rp0.02_mr3E-4_ss100.fa	25	18.827	7.707	68.224
long_content_30k_003/lc30k003_2343_gc2000_rp0.03_mr3E-4_ss100.fa	14	18.204	19.480	76.822
long_content_30k_003/lc30k003_2344_gc2500_rp0.02_mr3E-4_ss200.fa	30	17.894	17.948	79.604
long_content_30k_003/lc30k003_2345_gc2500_rp0.03_mr2E-4_ss100.fa	20	8.227	3.659	80.893
long_content_30k_003/lc30k003_2346_gc2500_rp0.01_mr2E-4_ss200.fa	30	16.219	14.707	70.610
long_content_30k_003/lc30k003_2347_gc2000_rp0.01_mr2E-4_ss100.fa	30	12.143	8.207	74.458
long_content_30k_003/lc30k003_2348_gc2000_rp0.02_mr5E-4_ss100.fa	24	17.490	11.384	61.570
long_content_30k_003/lc30k003_2349_gc2000_rp0.03_mr5E-4_ss200.fa	23	27.129	23.684	65.152
long_content_30k_003/lc30k003_234_gc2000_rp0.01_mr5E-4_ss200.fa	30	32.604	30.536	61.416
long_content_30k_003/lc30k003_2350_gc2500_rp0.02_mr5E-4_ss100.fa	30	26.948	41.336	49.805
long_content_30k_003/lc30k003_2351_gc2500_rp0.01_mr5E-4_ss200.fa	30	26.569	21.674	71.158
long_content_30k_003/lc30k003_2352_gc2000_rp0.01_mr5E-4_ss100.fa	30	34.486	39.907	59.131
long_content_30k_003/lc30k003_2353_gc2000_rp0.01_mr2E-4_ss200.fa	30	15.338	13.173	75.354
long_content_30k_003/lc30k003_2354_gc2500_rp0.03_mr3E-4_ss100.fa	29	27.466	26.746	72.351
long_content_30k_003/lc30k003_2355_gc2000_rp0.03_mr2E-4_ss100.fa	27	32.621	42.104	71.691
long_content_30k_003/lc30k003_2356_gc2500_rp0.01_mr3E-4_ss100.fa	13	49.900	49.900	72.234
long_content_30k_003/lc30k003_2357_gc2000_rp0.03_mr3E-4_ss200.fa	30	21.829	19.951	79.306
long_content_30k_003/lc30k003_2358_gc2000_rp0.01_mr5E-4_ss200.fa	21	12.739	8.474	57.284
long_content_30k_003/lc30k003_2359_gc2000_rp0.02_mr2E-4_ss100.fa	30	13.808	6.039	62.520
long_content_30k_003/lc30k003_235_gc2000_rp0.02_mr2E-4_ss100.fa	30	9.645	9.643	80.725
long_content_30k_003/lc30k003_2360_gc2000_rp0.03_mr5E-4_ss100.fa	29	26.726	19.209	65.324
long_content_30k_003/lc30k003_2361_gc2500_rp0.01_mr3E-4_ss200.fa	4	15.525	12.519	88.536
long_content_30k_003/lc30k003_2362_gc2500_rp0.02_mr2E-4_ss200.fa	30	10.486	13.808	72.922
long_content_30k_003/lc30k003_2363_gc2500_rp0.01_mr5E-4_ss100.fa	30	21.964	20.433	51.574
long_content_30k_003/lc30k003_2364_gc2500_rp0.03_mr3E-4_ss200.fa	17	23.228	27.307	57.537
long_content_30k_003/lc30k003_2365_gc2000_rp0.01_mr3E-4_ss100.fa	30	19.492	15.093	64.750
long_content_30k_003/lc30k003_2366_gc2000_rp0.01_mr3E-4_ss200.fa	29	23.738	35.087	70.743
long_content_30k_003/lc30k003_2367_gc2000_rp0.02_mr2E-4_ss200.fa	18	12.746	9.633	79.793
long_content_30k_003/lc30k003_2368_gc2500_rp0.02_mr5E-4_ss200.fa	30	27.084	21.614	62.748
long_content_30k_003/lc30k003_2369_gc2500_rp0.03_mr5E-4_ss200.fa	30	30.924	33.323	71.234
long_content_30k_003/lc30k003_236_gc2000_rp0.03_mr5E-4_ss100.fa	28	44.600	49.077	61.006
long_content_30k_003/lc30k003_2370_gc2000_rp0.02_mr5E-4_ss200.fa	13	59.903	62.976	49.592
long_content_30k_003/lc30k003_2371_gc2000_rp0.03_mr2E-4_ss200.fa	30	22.169	25.448	79.716
long_content_30k_003/lc30k003_2372_gc2000_rp0.02_mr3E-4_ss100.fa	24	10.717	11.380	65.208
long_content_30k_003/lc30k003_2373_gc2500_rp0.03_mr2E-4_ss200.fa	21	18.636	14.212	74.861
long_content_30k_003/lc30k003_2374_gc2000_rp0.02_mr3E-4_ss200.fa	29	35.630	38.933	65.639
long_content_30k_003/lc30k003_2375_gc2500_rp0.01_mr2E-4_ss100.fa	30	21.825	23.251	81.944
long_content_30k_003/lc30k003_2376_gc2500_rp0.03_mr5E-4_ss100.fa	22	33.346	37.617	58.978
long_content_30k_003/lc30k003_2377_gc2500_rp0.02_mr2E-4_ss100.fa	30	24.819	25.693	76.671
long_content_30k_003/lc30k003_2378_gc2500_rp0.02_mr3E-4_ss100.fa	20	32.835	18.827	62.159
long_content_30k_003/lc30k003_2379_gc2000_rp0.03_mr3E-4_ss100.fa	27	14.640	14.768	88.591
long_content_30k_003/lc30k003_237_gc2500_rp0.01_mr3E-4_ss200.fa	30	16.449	8.536	64.349
long_content_30k_003/lc30k003_2380_gc2500_rp0.02_mr3E-4_ss200.fa	30	22.234	8.127	60.987
long_content_30k_003/lc30k003_2381_gc2500_rp0.03_mr2E-4_ss100.fa	30	15.604	20.858	79.066
long_content_30k_003/lc30k003_2382_gc2500_rp0.01_mr2E-4_ss200.fa	30	19.446	18.280	82.620
long_content_30k_003/lc30k003_2383_gc2000_rp0.01_mr2E-4_ss100.fa	24	21.116	21.511	77.373
long_content_30k_003/lc30k003_2384_gc2000_rp0.02_mr5E-4_ss100.fa	16	32.869	24.784	41.801
long_content_30k_003/lc30k003_2385_gc2000_rp0.03_mr5E-4_ss200.fa	29	23.536	9.434	63.703
long_content_30k_003/lc30k003_2386_gc2500_rp0.02_mr5E-4_ss100.fa	6	8.980	6.331	60.215
long_content_30k_003/lc30k003_2387_gc2500_rp0.01_mr5E-4_ss200.fa	30	58.326	66.396	39.443
long_content_30k_003/lc30k003_2388_gc2000_rp0.01_mr5E-4_ss100.fa	7	37.307	37.302	74.893
long_content_30k_003/lc30k003_2389_gc2000_rp0.01_mr2E-4_ss200.fa	30	19.304	14.208	63.638
long_content_30k_003/lc30k003_238_gc2500_rp0.02_mr2E-4_ss200.fa	30	17.110	12.578	70.196
long_content_30k_003/lc30k003_2390_gc2500_rp0.03_mr3E-4_ss100.fa	30	23.049	19.014	63.731
long_content_30k_003/lc30k003_2391_gc2000_rp0.03_mr2E-4_ss100.fa	20	12.059	16.499	83.287
long_content_30k_003/lc30k003_2392_gc2500_rp0.01_mr3E-4_ss100.fa	30	16.347	11.899	80.436
long_content_30k_003/lc30k003_2393_gc2000_rp0.03_mr3E-4_ss200.fa	27	14.305	14.620	87.535
long_content_30k_003/lc30k003_2394_gc2000_rp0.01_mr5E-4_ss200.fa	2	47.372	47.372	73.117
long_content_30k_003/lc30k003_2395_gc2000_rp0.02_mr2E-4_ss100.fa	24	14.873	13.022	70.013
long_content_30k_003/lc30k003_2396_gc2000_rp0.03_mr5E-4_ss100.fa	30	35.113	35.988	64.161
long_content_30k_003/lc30k003_2397_gc2500_rp0.01_mr3E-4_ss200.fa	30	27.587	30.025	63.162
long_content_30k_003/lc30k003_2398_gc2500_rp0.02_mr2E-4_ss200.fa	27	5.826	7.311	91.674
long_content_30k_003/lc30k003_2399_gc2500_rp0.01_mr5E-4_ss100.fa	30	43.619	40.175	51.226
long_content_30k_003/lc30k003_239_gc2500_rp0.01_mr5E-4_ss100.fa	30	38.272	38.409	55.726
long_content_30k_003/lc30k003_2400_gc2500_rp0.03_mr3E-4_ss200.fa	21	25.208	30.665	71.472
long_content_30k_003/lc30k003_2401_gc2000_rp0.01_mr3E-4_ss100.fa	30	20.763	20.364	76.148
long_content_30k_003/lc30k003_2402_gc2000_rp0.01_mr3E-4_ss200.fa	18	4.337	4.330	57.767
long_content_30k_003/lc30k003_2403_gc2000_rp0.02_mr2E-4_ss200.fa	15	10.868	5.751	78.465
long_content_30k_003/lc30k003_2404_gc2500_rp0.02_mr5E-4_ss200.fa	24	36.496	35.831	62.243
long_content_30k_003/lc30k003_2405_gc2500_rp0.03_mr5E-4_ss200.fa	14	28.112	30.068	57.575
long_content_30k_003/lc30k003_2406_gc2000_rp0.02_mr5E-4_ss200.fa	30	34.407	34.023	67.526
long_content_30k_003/lc30k003_2407_gc2000_rp0.03_mr2E-4_ss200.fa	22	9.469	4.100	79.375
long_content_30k_003/lc30k003_2408_gc2000_rp0.02_mr3E-4_ss100.fa	25	24.947	22.310	66.156
long_content_30k_003/lc30k003_2409_gc2500_rp0.03_mr2E-4_ss200.fa	24	9.568	8.927	87.269
long_content_30k_003/lc30k003_240_gc2500_rp0.03_mr3E-4_ss200.fa	30	17.137	13.393	76.708
long_content_30k_003/lc30k003_2410_gc2000_rp0.02_mr3E-4_ss200.fa	25	17.478	18.436	84.389
long_content_30k_003/lc30k003_2411_gc2500_rp0.01_mr2E-4_ss100.fa	16	17.924	17.895	83.736
long_content_30k_003/lc30k003_2412_gc2500_rp0.03_mr5E-4_ss100.fa	30	23.236	21.047	69.302
long_content_30k_003/lc30k003_2413_gc2500_rp0.02_mr2E-4_ss100.fa	7	36.777	37.242	73.367
long_content_30k_003/lc30k003_2414_gc2500_rp0.02_mr3E-4_ss100.fa	17	25.278	18.503	71.132
long_content_30k_003/lc30k003_2415_gc2000_rp0.03_mr3E-4_ss100.fa	30	16.564	16.534	63.408
long_content_30k_003/lc30k003_2416_gc2500_rp0.02_mr3E-4_ss200.fa	21	24.459	24.760	56.773
long_content_30k_003/lc30k003_2417_gc2500_rp0.03_mr2E-4_ss100.fa	14	25.808	25.600	74.952
long_content_30k_003/lc30k003_2418_gc2500_rp0.01_mr2E-4_ss200.fa	30	6.970	6.654	73.122
long_content_30k_003/lc30k003_2419_gc2000_rp0.01_mr2E-4_ss100.fa	30	16.090	14.122	87.050
long_content_30k_003/lc30k003_241_gc2000_rp0.01_mr3E-4_ss100.fa	7	19.420	19.811	85.054
long_content_30k_003/lc30k003_2420_gc2000_rp0.02_mr5E-4_ss100.fa	29	40.934	42.323	60.389
long_content_30k_003/lc30k003_2421_gc2000_rp0.03_mr5E-4_ss200.fa	6	21.147	22.679	71.101
long_content_30k_003/lc30k003_2422_gc2500_rp0.02_mr5E-4_ss100.fa	30	35.155	33.635	54.553
long_content_30k_003/lc30k003_2423_gc2500_rp0.01_mr5E-4_ss200.fa	25	48.614	46.748	65.268
long_content_30k_003/lc30k003_2424_gc2000_rp0.01_mr5E-4_ss100.fa	30	49.082	47.298	51.921
long_content_30k_003/lc30k003_2425_gc2000_rp0.01_mr2E-4_ss200.fa	28	18.429	17.908	67.665
long_content_30k_003/lc30k003_2426_gc2500_rp0.03_mr3E-4_ss100.fa	20	9.751	2.655	66.780
long_content_30k_003/lc30k003_2427_gc2000_rp0.03_mr2E-4_ss100.fa	28	17.131	12.194	70.892
long_content_30k_003/lc30k003_2428_gc2500_rp0.01_mr3E-4_ss100.fa	30	27.239	30.311	75.667
long_content_30k_003/lc30k003_2429_gc2000_rp0.03_mr3E-4_ss200.fa	30	17.164	18.728	72.799
long_content_30k_003/lc30k003_242_gc2000_rp0.01_mr3E-4_ss200.fa	18	20.294	9.317	65.816
long_content_30k_003/lc30k003_2430_gc2000_rp0.01_mr5E-4_ss200.fa	20	27.545	35.610	56.742
long_content_30k_003/lc30k003_2431_gc2000_rp0.02_mr2E-4_ss100.fa	12	12.316	13.049	84.162
long_content_30k_003/lc30k003_2432_gc2000_rp0.03_mr5E-4_ss100.fa	24	26.906	20.539	52.279
long_content_30k_003/lc30k003_2433_gc2500_rp0.01_mr3E-4_ss200.fa	5	23.981	23.981	75.835
long_content_30k_003/lc30k003_2434_gc2500_rp0.02_mr2E-4_ss200.fa	30	5.024	3.041	89.482
long_content_30k_003/lc30k003_2435_gc2500_rp0.01_mr5E-4_ss100.fa	30	15.327	6.334	65.061
long_content_30k_003/lc30k003_2436_gc2500_rp0.03_mr3E-4_ss200.fa	30	20.241	18.318	73.156
long_content_30k_003/lc30k003_2437_gc2000_rp0.01_mr3E-4_ss100.fa	30	39.200	40.494	73.657
long_content_30k_003/lc30k003_2438_gc2000_rp0.01_mr3E-4_ss200.fa	23	28.327	29.797	82.025
long_content_30k_003/lc30k003_2439_gc2000_rp0.02_mr2E-4_ss200.fa	27	21.747	24.172	74.126
long_content_30k_003/lc30k003_243_gc2000_rp0.02_mr2E-4_ss200.fa	30	6.830	7.311	82.253
long_content_30k_003/lc30k003_2440_gc2500_rp0.02_mr5E-4_ss200.fa	13	16.269	21.781	53.015
long_content_30k_003/lc30k003_2441_gc2500_rp0.03_mr5E-4_ss200.fa	24	28.848	30.242	43.121
long_content_30k_003/lc30k003_2442_gc2000_rp0.02_mr5E-4_ss200.fa	19	16.133	10.764	52.517
long_content_30k_003/lc30k003_2443_gc2000_rp0.03_mr2E-4_ss200.fa	28	20.372	22.548	83.140
long_content_30k_003/lc30k003_2444_gc2000_rp0.02_mr3E-4_ss100.fa	16	26.512	32.345	73.056
long_content_30k_003/lc30k003_2445_gc2500_rp0.03_mr2E-4_ss200.fa	25	12.950	11.815	78.240
long_content_30k_003/lc30k003_2446_gc2000_rp0.02_mr3E-4_ss200.fa	21	21.822	20.132	75.761
long_content_30k_003/lc30k003_2447_gc2500_rp0.01_mr2E-4_ss100.fa	20	12.582	11.284	90.011
long_content_30k_003/lc30k003_2448_gc2500_rp0.03_mr5E-4_ss100.fa	23	26.697	32.533	67.370
long_content_30k_003/lc30k003_2449_gc2500_rp0.02_mr2E-4_ss100.fa	30	12.447	13.499	87.876
long_content_30k_003/lc30k003_244_gc2500_rp0.02_mr5E-4_ss200.fa	21	39.255	49.421	57.122
long_content_30k_003/lc30k003_2450_gc2500_rp0.02_mr3E-4_ss100.fa	20	19.917	12.269	63.029
long_content_30k_003/lc30k003_2451_gc2000_rp0.03_mr3E-4_ss100.fa	20	17.061	8.848	70.240
long_content_30k_003/lc30k003_2452_gc2500_rp0.02_mr3E-4_ss200.fa	30	18.049	18.974	85.345
long_content_30k_003/lc30k003_2453_gc2500_rp0.03_mr2E-4_ss100.fa	18	18.878	7.334	70.370
long_content_30k_003/lc30k003_2454_gc2500_rp0.01_mr2E-4_ss200.fa	12	23.323	23.798	84.619
long_content_30k_003/lc30k003_2455_gc2000_rp0.01_mr2E-4_ss100.fa	28	12.481	12.895	87.882
long_content_30k_003/lc30k003_2456_gc2000_rp0.02_mr5E-4_ss100.fa	29	30.604	45.312	51.946
long_content_30k_003/lc30k003_2457_gc2000_rp0.03_mr5E-4_ss200.fa	23	36.781	34.952	63.256
long_content_30k_003/lc30k003_2458_gc2500_rp0.02_mr5E-4_ss100.fa	26	30.415	31.371	60.795
long_content_30k_003/lc30k003_2459_gc2500_rp0.01_mr5E-4_ss200.fa	6	47.433	54.801	71.630
long_content_30k_003/lc30k003_245_gc2500_rp0.03_mr5E-4_ss200.fa	15	19.222	3.077	48.109
long_content_30k_003/lc30k003_2460_gc2000_rp0.01_mr5E-4_ss100.fa	12	36.571	44.903	76.304
long_content_30k_003/lc30k003_2461_gc2000_rp0.01_mr2E-4_ss200.fa	30	11.206	8.445	83.490
long_content_30k_003/lc30k003_2462_gc2500_rp0.03_mr3E-4_ss100.fa	23	37.439	44.819	65.477
long_content_30k_003/lc30k003_2463_gc2000_rp0.03_mr2E-4_ss100.fa	27	20.375	21.354	81.711
long_content_30k_003/lc30k003_2464_gc2500_rp0.01_mr3E-4_ss100.fa	30	14.339	15.359	58.709
long_content_30k_003/lc30k003_2465_gc2000_rp0.03_mr3E-4_ss200.fa	28	34.030	35.171	65.573
long_content_30k_003/lc30k003_2466_gc2000_rp0.01_mr5E-4_ss200.fa	21	45.835	48.587	61.779
long_content_30k_003/lc30k003_2467_gc2000_rp0.02_mr2E-4_ss100.fa	30	11.435	4.873	82.165
long_content_30k_003/lc30k003_2468_gc2000_rp0.03_mr5E-4_ss100.fa	17	22.268	7.163	49.975
long_content_30k_003/lc30k003_2469_gc2500_rp0.01_mr3E-4_ss200.fa	30	19.415	19.703	83.890
long_content_30k_003/lc30k003_246_gc2000_rp0.02_mr5E-4_ss200.fa	30	34.386	32.475	72.290
long_content_30k_003/lc30k003_2470_gc2500_rp0.02_mr2E-4_ss200.fa	25	27.382	34.146	72.366
long_content_30k_003/lc30k003_2471_gc2500_rp0.01_mr5E-4_ss100.fa	5	17.508	14.527	88.508
long_content_30k_003/lc30k003_2472_gc2500_rp0.03_mr3E-4_ss200.fa	18	23.000	11.001	60.512
long_content_30k_003/lc30k003_2473_gc2000_rp0.01_mr3E-4_ss100.fa	30	12.876	6.341	77.382
long_content_30k_003/lc30k003_2474_gc2000_rp0.01_mr3E-4_ss200.fa	30	33.689	32.907	77.654
long_content_30k_003/lc30k003_2475_gc2000_rp0.02_mr2E-4_ss200.fa	30	20.831	13.110	75.678
long_content_30k_003/lc30k003_2476_gc2500_rp0.02_mr5E-4_ss200.fa	30	27.291	23.759	79.827
long_content_30k_003/lc30k003_2477_gc2500_rp0.03_mr5E-4_ss200.fa	30	20.988	11.731	60.677
long_content_30k_003/lc30k003_2478_gc2000_rp0.02_mr5E-4_ss200.fa	22	24.605	19.513	56.415
long_content_30k_003/lc30k003_2479_gc2000_rp0.03_mr2E-4_ss200.fa	29	12.398	11.597	78.018
long_content_30k_003/lc30k003_247_gc2000_rp0.03_mr2E-4_ss200.fa	29	17.588	16.109	84.830
long_content_30k_003/lc30k003_2480_gc2000_rp0.02_mr3E-4_ss100.fa	30	19.220	21.831	75.167
long_content_30k_003/lc30k003_2481_gc2500_rp0.03_mr2E-4_ss200.fa	19	20.902	21.293	76.054
long_content_30k_003/lc30k003_2482_gc2000_rp0.02_mr3E-4_ss200.fa	30	17.369	7.612	68.879
long_content_30k_003/lc30k003_2483_gc2500_rp0.01_mr2E-4_ss100.fa	29	22.205	17.777	73.570
long_content_30k_003/lc30k003_2484_gc2500_rp0.03_mr5E-4_ss100.fa	21	28.925	22.982	51.678
long_content_30k_003/lc30k003_2485_gc2500_rp0.02_mr2E-4_ss100.fa	30	13.893	13.484	87.669
long_content_30k_003/lc30k003_2486_gc2500_rp0.02_mr3E-4_ss100.fa	27	30.750	26.721	71.057
long_content_30k_003/lc30k003_2487_gc2000_rp0.03_mr3E-4_ss100.fa	30	17.294	17.626	75.900
long_content_30k_003/lc30k003_2488_gc2500_rp0.02_mr3E-4_ss200.fa	21	45.235	59.045	60.101
long_content_30k_003/lc30k003_2489_gc2500_rp0.03_mr2E-4_ss100.fa	30	18.114	19.750	80.976
long_content_30k_003/lc30k003_248_gc2000_rp0.02_mr3E-4_ss100.fa	24	18.592	20.086	80.938
long_content_30k_003/lc30k003_2490_gc2500_rp0.01_mr2E-4_ss200.fa	29	37.868	37.172	71.191
long_content_30k_003/lc30k003_2491_gc2000_rp0.01_mr2E-4_ss100.fa	30	20.616	20.537	67.484
long_content_30k_003/lc30k003_2492_gc2000_rp0.02_mr5E-4_ss100.fa	6	54.256	54.266	53.334
long_content_30k_003/lc30k003_2493_gc2000_rp0.03_mr5E-4_ss200.fa	18	26.493	21.996	65.122
long_content_30k_003/lc30k003_2494_gc2500_rp0.02_mr5E-4_ss100.fa	26	29.324	18.678	47.937
long_content_30k_003/lc30k003_2495_gc2500_rp0.01_mr5E-4_ss200.fa	30	28.686	35.116	54.918
long_content_30k_003/lc30k003_2496_gc2000_rp0.01_mr5E-4_ss100.fa	30	19.695	7.899	40.095
long_content_30k_003/lc30k003_2497_gc2000_rp0.01_mr2E-4_ss200.fa	24	18.537	20.822	73.372
long_content_30k_003/lc30k003_2498_gc2500_rp0.03_mr3E-4_ss100.fa	30	23.462	24.650	79.484
long_content_30k_003/lc30k003_2499_gc2000_rp0.03_mr2E-4_ss100.fa	10	11.501	6.869	74.584
long_content_30k_003/lc30k003_249_gc2500_rp0.03_mr2E-4_ss200.fa	30	18.630	19.002	81.569
long_content_30k_003/lc30k003_2500_gc2500_rp0.01_mr3E-4_ss100.fa	20	13.534	12.208	63.501
long_content_30k_003/lc30k003_2501_gc2000_rp0.03_mr3E-4_ss200.fa	30	14.146	13.549	80.276
long_content_30k_003/lc30k003_2502_gc2000_rp0.01_mr5E-4_ss200.fa	30	26.868	16.874	78.840
long_content_30k_003/lc30k003_2503_gc2000_rp0.02_mr2E-4_ss100.fa	14	23.348	28.307	72.805
long_content_30k_003/lc30k003_2504_gc2000_rp0.03_mr5E-4_ss100.fa	26	47.991	54.853	53.126
long_content_30k_003/lc30k003_2505_gc2500_rp0.01_mr3E-4_ss200.fa	30	29.674	18.850	66.676
long_content_30k_003/lc30k003_2506_gc2500_rp0.02_mr2E-4_ss200.fa	25	27.538	27.657	76.675
long_content_30k_003/lc30k003_2507_gc2500_rp0.01_mr5E-4_ss100.fa	30	25.620	19.596	48.454
long_content_30k_003/lc30k003_2508_gc2500_rp0.03_mr3E-4_ss200.fa	27	10.249	8.455	66.779
long_content_30k_003/lc30k003_2509_gc2000_rp0.01_mr3E-4_ss100.fa	6	23.469	23.124	80.608
long_content_30k_003/lc30k003_250_gc2000_rp0.02_mr3E-4_ss200.fa	8	14.321	12.630	72.532
long_content_30k_003/lc30k003_2510_gc2000_rp0.01_mr3E-4_ss200.fa	2	14.705	14.705	47.272
long_content_30k_003/lc30k003_2511_gc2000_rp0.02_mr2E-4_ss200.fa	30	8.417	8.673	91.689
long_content_30k_003/lc30k003_2512_gc2500_rp0.02_mr5E-4_ss200.fa	26	27.312	27.877	60.660
long_content_30k_003/lc30k003_2513_gc2500_rp0.03_mr5E-4_ss200.fa	29	26.082	38.755	55.474
long_content_30k_003/lc30k003_2514_gc2000_rp0.02_mr5E-4_ss200.fa	30	37.340	37.887	65.077
long_content_30k_003/lc30k003_2515_gc2000_rp0.03_mr2E-4_ss200.fa	24	24.446	26.614	75.461
long_content_30k_003/lc30k003_2516_gc2000_rp0.02_mr3E-4_ss100.fa	30	15.685	16.678	82.089
long_content_30k_003/lc30k003_2517_gc2500_rp0.03_mr2E-4_ss200.fa	23	22.064	21.074	73.634
long_content_30k_003/lc30k003_2518_gc2000_rp0.02_mr3E-4_ss200.fa	21	11.668	12.979	51.327
long_content_30k_003/lc30k003_2519_gc2500_rp0.01_mr2E-4_ss100.fa	30	27.711	34.004	75.491
long_content_30k_003/lc30k003_251_gc2500_rp0.01_mr2E-4_ss100.fa	22	10.380	10.541	91.915
long_content_30k_003/lc30k003_2520_gc2500_rp0.03_mr5E-4_ss100.fa	26	31.564	23.714	69.899
long_content_30k_003/lc30k003_2521_gc2500_rp0.02_mr2E-4_ss100.fa	14	12.923	9.555	76.066
long_content_30k_003/lc30k003_2522_gc2500_rp0.02_mr3E-4_ss100.fa	9	15.512	16.388	89.165
long_content_30k_003/lc30k003_2523_gc2000_rp0.03_mr3E-4_ss100.fa	22	27.605	18.598	64.053
long_content_30k_003/lc30k003_2524_gc2500_rp0.02_mr3E-4_ss200.fa	30	21.564	24.787	78.928
long_content_30k_003/lc30k003_2525_gc2500_rp0.03_mr2E-4_ss100.fa	21	15.532	11.829	78.208
long_content_30k_003/lc30k003_2526_gc2500_rp0.01_mr2E-4_ss200.fa	30	9.279	8.608	86.510
long_content_30k_003/lc30k003_2527_gc2000_rp0.01_mr2E-4_ss100.fa	28	9.512	8.013	86.615
long_content_30k_003/lc30k003_2528_gc2000_rp0.02_mr5E-4_ss100.fa	30	30.804	29.593	73.052
long_content_30k_003/lc30k003_2529_gc2000_rp0.03_mr5E-4_ss200.fa	25	29.493	17.807	63.130
long_content_30k_003/lc30k003_252_gc2500_rp0.03_mr5E-4_ss100.fa	30	39.594	41.955	70.352
long_content_30k_003/lc30k003_2530_gc2500_rp0.02_mr5E-4_ss100.fa	12	22.070	11.780	69.035
long_content_30k_003/lc30k003_2531_gc2500_rp0.01_mr5E-4_ss200.fa	30	41.481	46.706	61.742
long_content_30k_003/lc30k003_2532_gc2000_rp0.01_mr5E-4_ss100.fa	5	41.575	40.924	75.481
long_content_30k_003/lc30k003_2533_gc2000_rp0.01_mr2E-4_ss200.fa	12	17.343	18.423	75.368
long_content_30k_003/lc30k003_2534_gc2500_rp0.03_mr3E-4_ss100.fa	15	14.696	10.608	78.973
long_content_30k_003/lc30k003_2535_gc2000_rp0.03_mr2E-4_ss100.fa	24	25.717	29.403	74.834
long_content_30k_003/lc30k003_2536_gc2500_rp0.01_mr3E-4_ss100.fa	30	16.289	11.989	70.912
long_content_30k_003/lc30k003_2537_gc2000_rp0.03_mr3E-4_ss200.fa	15	33.293	34.334	76.046
long_content_30k_003/lc30k003_2538_gc2000_rp0.01_mr5E-4_ss200.fa	1	61.226	61.226	67.336
long_content_30k_003/lc30k003_2539_gc2000_rp0.02_mr2E-4_ss100.fa	12	23.895	28.429	70.578
long_content_30k_003/lc30k003_253_gc2500_rp0.02_mr2E-4_ss100.fa	13	35.167	41.838	69.586
long_content_30k_003/lc30k003_2540_gc2000_rp0.03_mr5E-4_ss100.fa	30	17.502	19.295	74.068
long_content_30k_003/lc30k003_2541_gc2500_rp0.01_mr3E-4_ss200.fa	6	32.229	34.123	74.797
long_content_30k_003/lc30k003_2542_gc2500_rp0.02_mr2E-4_ss200.fa	26	16.385	6.623	72.306
long_content_30k_003/lc30k003_2543_gc2500_rp0.01_mr5E-4_ss100.fa	19	20.288	15.968	43.773
long_content_30k_003/lc30k003_2544_gc2500_rp0.03_mr3E-4_ss200.fa	12	22.730	20.396	67.868
long_content_30k_003/lc30k003_2545_gc2000_rp0.01_mr3E-4_ss100.fa	30	16.397	15.864	81.627
long_content_30k_003/lc30k003_2546_gc2000_rp0.01_mr3E-4_ss200.fa	23	34.552	29.202	67.869
long_content_30k_003/lc30k003_2547_gc2000_rp0.02_mr2E-4_ss200.fa	21	7.730	3.187	69.738
long_content_30k_003/lc30k003_2548_gc2500_rp0.02_mr5E-4_ss200.fa	18	43.542	44.169	68.176
long_content_30k_003/lc30k003_2549_gc2500_rp0.03_mr5E-4_ss200.fa	18	19.606	18.028	64.632
long_content_30k_003/lc30k003_254_gc2500_rp0.02_mr3E-4_ss100.fa	30	30.653	38.088	67.932
long_content_30k_003/lc30k003_2550_gc2000_rp0.02_mr5E-4_ss200.fa	30	38.099	36.935	61.494
long_content_30k_003/lc30k003_2551_gc2000_rp0.03_mr2E-4_ss200.fa	20	12.912	5.564	70.057
long_content_30k_003/lc30k003_2552_gc2000_rp0.02_mr3E-4_ss100.fa	30	29.364	29.152	67.490
long_content_30k_003/lc30k003_2553_gc2500_rp0.03_mr2E-4_ss200.fa	13	22.944	26.783	78.478
long_content_30k_003/lc30k003_2554_gc2000_rp0.02_mr3E-4_ss200.fa	26	13.753	15.411	77.054
long_content_30k_003/lc30k003_2555_gc2500_rp0.01_mr2E-4_ss100.fa	30	16.237	16.190	87.618
long_content_30k_003/lc30k003_2556_gc2500_rp0.03_mr5E-4_ss100.fa	22	29.913	44.964	62.424
long_content_30k_003/lc30k003_2557_gc2500_rp0.02_mr2E-4_ss100.fa	16	12.095	12.120	89.777
long_content_30k_003/lc30k003_2558_gc2500_rp0.02_mr3E-4_ss100.fa	29	30.524	16.233	65.549
long_content_30k_003/lc30k003_2559_gc2000_rp0.03_mr3E-4_ss100.fa	28	28.816	28.327	71.292
long_content_30k_003/lc30k003_255_gc2000_rp0.03_mr3E-4_ss100.fa	30	27.818	38.566	60.072
long_content_30k_003/lc30k003_2560_gc2500_rp0.02_mr3E-4_ss200.fa	30	23.990	20.653	73.027
long_content_30k_003/lc30k003_2561_gc2500_rp0.03_mr2E-4_ss100.fa	11	10.230	7.555	86.064
long_content_30k_003/lc30k003_2562_gc2500_rp0.01_mr2E-4_ss200.fa	22	8.558	8.507	60.121
long_content_30k_003/lc30k003_2563_gc2000_rp0.01_mr2E-4_ss100.fa	30	19.189	19.184	86.495
long_content_30k_003/lc30k003_2564_gc2000_rp0.02_mr5E-4_ss100.fa	19	34.720	28.236	76.067
long_content_30k_003/lc30k003_2565_gc2000_rp0.03_mr5E-4_ss200.fa	18	27.547	36.156	62.506
long_content_30k_003/lc30k003_2566_gc2500_rp0.02_mr5E-4_ss100.fa	28	29.977	38.954	66.140
long_content_30k_003/lc30k003_2567_gc2500_rp0.01_mr5E-4_ss200.fa	8	33.219	33.405	80.335
long_content_30k_003/lc30k003_2568_gc2000_rp0.01_mr5E-4_ss100.fa	30	36.857	37.397	62.339
long_content_30k_003/lc30k003_2569_gc2000_rp0.01_mr2E-4_ss200.fa	30	23.151	23.006	76.275
long_content_30k_003/lc30k003_256_gc2500_rp0.02_mr3E-4_ss200.fa	30	19.815	20.199	84.403
long_content_30k_003/lc30k003_2570_gc2500_rp0.03_mr3E-4_ss100.fa	23	29.330	27.607	75.415
long_content_30k_003/lc30k003_2571_gc2000_rp0.03_mr2E-4_ss100.fa	27	23.290	25.370	77.260
long_content_30k_003/lc30k003_2572_gc2500_rp0.01_mr3E-4_ss100.fa	24	28.747	28.035	76.224
long_content_30k_003/lc30k003_2573_gc2000_rp0.03_mr3E-4_ss200.fa	23	17.345	24.012	75.270
long_content_30k_003/lc30k003_2574_gc2000_rp0.01_mr5E-4_ss200.fa	3	30.249	30.249	83.137
long_content_30k_003/lc30k003_2575_gc2000_rp0.02_mr2E-4_ss100.fa	25	21.669	25.990	71.710
long_content_30k_003/lc30k003_2576_gc2000_rp0.03_mr5E-4_ss100.fa	12	30.408	36.719	59.796
long_content_30k_003/lc30k003_2577_gc2500_rp0.01_mr3E-4_ss200.fa	30	23.742	23.668	73.638
long_content_30k_003/lc30k003_2578_gc2500_rp0.02_mr2E-4_ss200.fa	21	20.054	22.861	83.370
long_content_30k_003/lc30k003_2579_gc2500_rp0.01_mr5E-4_ss100.fa	30	33.743	27.822	60.640
long_content_30k_003/lc30k003_257_gc2500_rp0.03_mr2E-4_ss100.fa	30	12.398	12.468	87.537
long_content_30k_003/lc30k003_2580_gc2500_rp0.03_mr3E-4_ss200.fa	23	16.171	15.718	73.607
long_content_30k_003/lc30k003_2581_gc2000_rp0.01_mr3E-4_ss100.fa	30	25.768	22.688	71.423
long_content_30k_003/lc30k003_2582_gc2000_rp0.01_mr3E-4_ss200.fa	30	31.893	33.564	76.909
long_content_30k_003/lc30k003_2583_gc2000_rp0.02_mr2E-4_ss200.fa	21	24.912	27.677	76.030
long_content_30k_003/lc30k003_2584_gc2500_rp0.02_mr5E-4_ss200.fa	18	32.062	45.562	50.295
long_content_30k_003/lc30k003_2585_gc2500_rp0.03_mr5E-4_ss200.fa	25	39.356	42.545	52.933
long_content_30k_003/lc30k003_2586_gc2000_rp0.02_mr5E-4_ss200.fa	22	24.763	14.738	57.525
long_content_30k_003/lc30k003_2587_gc2000_rp0.03_mr2E-4_ss200.fa	25	17.771	18.434	78.451
long_content_30k_003/lc30k003_2588_gc2000_rp0.02_mr3E-4_ss100.fa	18	24.658	23.193	66.700
long_content_30k_003/lc30k003_2589_gc2500_rp0.03_mr2E-4_ss200.fa	30	29.619	34.767	75.530
long_content_30k_003/lc30k003_258_gc2500_rp0.01_mr2E-4_ss200.fa	30	14.536	6.003	91.041
long_content_30k_003/lc30k003_2590_gc2000_rp0.02_mr3E-4_ss200.fa	26	17.311	12.822	65.548
long_content_30k_003/lc30k003_2591_gc2500_rp0.01_mr2E-4_ss100.fa	30	23.442	25.332	80.603
long_content_30k_003/lc30k003_2592_gc2500_rp0.03_mr5E-4_ss100.fa	30	40.627	44.518	69.243
long_content_30k_003/lc30k003_2593_gc2500_rp0.02_mr2E-4_ss100.fa	14	17.041	14.393	87.120
long_content_30k_003/lc30k003_2594_gc2500_rp0.02_mr3E-4_ss100.fa	13	23.021	15.663	71.203
long_content_30k_003/lc30k003_2595_gc2000_rp0.03_mr3E-4_ss100.fa	13	20.701	20.635	76.399
long_content_30k_003/lc30k003_2596_gc2500_rp0.02_mr3E-4_ss200.fa	11	19.049	7.685	64.127
long_content_30k_003/lc30k003_2597_gc2500_rp0.03_mr2E-4_ss100.fa	30	9.994	8.007	84.785
long_content_30k_003/lc30k003_2598_gc2500_rp0.01_mr2E-4_ss200.fa	17	18.124	19.335	84.128
long_content_30k_003/lc30k003_2599_gc2000_rp0.01_mr2E-4_ss100.fa	30	9.356	7.020	76.553
long_content_30k_003/lc30k003_259_gc2000_rp0.01_mr2E-4_ss100.fa	30	12.487	9.799	65.369
long_content_30k_003/lc30k003_2600_gc2000_rp0.02_mr5E-4_ss100.fa	27	16.930	16.005	76.241
long_content_30k_003/lc30k003_2601_gc2000_rp0.03_mr5E-4_ss200.fa	21	27.199	35.198	63.094
long_content_30k_003/lc30k003_2602_gc2500_rp0.02_mr5E-4_ss100.fa	18	37.967	34.949	42.108
long_content_30k_003/lc30k003_2603_gc2500_rp0.01_mr5E-4_ss200.fa	15	23.497	23.484	59.049
long_content_30k_003/lc30k003_2604_gc2000_rp0.01_mr5E-4_ss100.fa	16	41.619	42.268	65.981
long_content_30k_003/lc30k003_2605_gc2000_rp0.01_mr2E-4_ss200.fa	30	18.851	16.349	72.976
long_content_30k_003/lc30k003_2606_gc2500_rp0.03_mr3E-4_ss100.fa	24	17.403	16.146	81.768
long_content_30k_003/lc30k003_2607_gc2000_rp0.03_mr2E-4_ss100.fa	20	31.623	39.997	71.077
long_content_30k_003/lc30k003_2608_gc2500_rp0.01_mr3E-4_ss100.fa	20	33.246	31.727	54.077
long_content_30k_003/lc30k003_2609_gc2000_rp0.03_mr3E-4_ss200.fa	30	16.611	16.491	73.292
long_content_30k_003/lc30k003_260_gc2000_rp0.02_mr5E-4_ss100.fa	30	9.892	5.210	55.675
long_content_30k_003/lc30k003_2610_gc2000_rp0.01_mr5E-4_ss200.fa	30	52.392	60.909	48.914
long_content_30k_003/lc30k003_2611_gc2000_rp0.02_mr2E-4_ss100.fa	6	21.334	21.198	65.145
long_content_30k_003/lc30k003_2612_gc2000_rp0.03_mr5E-4_ss100.fa	30	49.279	50.863	58.832
long_content_30k_003/lc30k003_2613_gc2500_rp0.01_mr3E-4_ss200.fa	25	12.020	11.450	58.650
long_content_30k_003/lc30k003_2614_gc2500_rp0.02_mr2E-4_ss200.fa	30	19.298	18.858	78.676
long_content_30k_003/lc30k003_2615_gc2500_rp0.01_mr5E-4_ss100.fa	30	24.310	29.438	47.350
long_content_30k_003/lc30k003_2616_gc2500_rp0.03_mr3E-4_ss200.fa	30	20.753	20.414	75.330
long_content_30k_003/lc30k003_2617_gc2000_rp0.01_mr3E-4_ss100.fa	30	24.389	26.627	74.222
long_content_30k_003/lc30k003_2618_gc2000_rp0.01_mr3E-4_ss200.fa	30	32.153	30.306	51.578
long_content_30k_003/lc30k003_2619_gc2000_rp0.02_mr2E-4_ss200.fa	30	13.164	14.031	89.285
long_content_30k_003/lc30k003_261_gc2000_rp0.03_mr5E-4_ss200.fa	14	43.464	49.894	62.457
long_content_30k_003/lc30k003_2620_gc2500_rp0.02_mr5E-4_ss200.fa	14	21.532	15.482	61.585
long_content_30k_003/lc30k003_2621_gc2500_rp0.03_mr5E-4_ss200.fa	23	41.586	40.024	54.524
long_content_30k_003/lc30k003_2622_gc2000_rp0.02_mr5E-4_ss200.fa	22	36.094	25.908	66.967
long_content_30k_003/lc30k003_2623_gc2000_rp0.03_mr2E-4_ss200.fa	30	14.650	14.005	81.313
long_content_30k_003/lc30k003_2624_gc2000_rp0.02_mr3E-4_ss100.fa	24	19.471	18.236	82.036
long_content_30k_003/lc30k003_2625_gc2500_rp0.03_mr2E-4_ss200.fa	28	23.143	14.932	69.248
long_content_30k_003/lc30k003_2626_gc2000_rp0.02_mr3E-4_ss200.fa	30	25.145	40.630	63.997
long_content_30k_003/lc30k003_2627_gc2500_rp0.01_mr2E-4_ss100.fa	2	24.986	24.986	83.209
long_content_30k_003/lc30k003_2628_gc2500_rp0.03_mr5E-4_ss100.fa	26	38.676	41.144	61.519
long_content_30k_003/lc30k003_2629_gc2500_rp0.02_mr2E-4_ss100.fa	25	22.539	23.449	69.706
long_content_30k_003/lc30k003_262_gc2500_rp0.02_mr5E-4_ss100.fa	24	39.997	44.078	58.223
long_content_30k_003/lc30k003_2630_gc2500_rp0.02_mr3E-4_ss100.fa	16	21.143	22.568	66.058
long_content_30k_003/lc30k003_2631_gc2000_rp0.03_mr3E-4_ss100.fa	13	18.714	13.513	65.737
long_content_30k_003/lc30k003_2632_gc2500_rp0.02_mr3E-4_ss200.fa	11	8.898	4.522	75.525
long_content_30k_003/lc30k003_2633_gc2500_rp0.03_mr2E-4_ss100.fa	18	8.774	9.929	90.256
long_content_30k_003/lc30k003_2634_gc2500_rp0.01_mr2E-4_ss200.fa	14	32.317	37.379	78.841
long_content_30k_003/lc30k003_2635_gc2000_rp0.01_mr2E-4_ss100.fa	4	7.051	6.679	68.769
long_content_30k_003/lc30k003_2636_gc2000_rp0.02_mr5E-4_ss100.fa	30	32.443	41.264	64.046
long_content_30k_003/lc30k003_2637_gc2000_rp0.03_mr5E-4_ss200.fa	28	28.453	28.734	76.239
long_content_30k_003/lc30k003_2638_gc2500_rp0.02_mr5E-4_ss100.fa	30	25.270	28.765	74.140
long_content_30k_003/lc30k003_2639_gc2500_rp0.01_mr5E-4_ss200.fa	30	35.140	36.110	67.431
long_content_30k_003/lc30k003_263_gc2500_rp0.01_mr5E-4_ss200.fa	30	46.361	46.366	55.604
long_content_30k_003/lc30k003_2640_gc2000_rp0.01_mr5E-4_ss100.fa	30	17.780	11.847	31.563
long_content_30k_003/lc30k003_2641_gc2000_rp0.01_mr2E-4_ss200.fa	30	15.832	22.768	81.799
long_content_30k_003/lc30k003_2642_gc2500_rp0.03_mr3E-4_ss100.fa	25	23.699	25.589	70.755
long_content_30k_003/lc30k003_2643_gc2000_rp0.03_mr2E-4_ss100.fa	13	33.230	36.218	71.449
long_content_30k_003/lc30k003_2644_gc2500_rp0.01_mr3E-4_ss100.fa	30	20.258	18.774	77.785
long_content_30k_003/lc30k003_2645_gc2000_rp0.03_mr3E-4_ss200.fa	22	25.977	22.948	75.349
long_content_30k_003/lc30k003_2646_gc2000_rp0.01_mr5E-4_ss200.fa	30	21.527	11.784	61.229
long_content_30k_003/lc30k003_2647_gc2000_rp0.02_mr2E-4_ss100.fa	30	13.742	12.782	86.675
long_content_30k_003/lc30k003_2648_gc2000_rp0.03_mr5E-4_ss100.fa	26	14.349	9.801	61.511
long_content_30k_003/lc30k003_2649_gc2500_rp0.01_mr3E-4_ss200.fa	30	27.709	31.232	78.576
long_content_30k_003/lc30k003_264_gc2000_rp0.01_mr5E-4_ss100.fa	11	30.872	26.744	69.862
long_content_30k_003/lc30k003_2650_gc2500_rp0.02_mr2E-4_ss200.fa	30	15.559	16.880	85.370
long_content_30k_003/lc30k003_2651_gc2500_rp0.01_mr5E-4_ss100.fa	24	49.345	56.771	53.540
long_content_30k_003/lc30k003_2652_gc2500_rp0.03_mr3E-4_ss200.fa	21	16.373	12.486	63.313
long_content_30k_003/lc30k003_2653_gc2000_rp0.01_mr3E-4_ss100.fa	30	14.650	13.657	81.525
long_content_30k_003/lc30k003_2654_gc2000_rp0.01_mr3E-4_ss200.fa	30	47.233	47.701	48.497
long_content_30k_003/lc30k003_2655_gc2000_rp0.02_mr2E-4_ss200.fa	21	18.895	7.966	65.636
long_content_30k_003/lc30k003_2656_gc2500_rp0.02_mr5E-4_ss200.fa	26	40.260	47.058	55.120
long_content_30k_003/lc30k003_2657_gc2500_rp0.03_mr5E-4_ss200.fa	23	40.483	56.786	49.279
long_content_30k_003/lc30k003_2658_gc2000_rp0.02_mr5E-4_ss200.fa	30	30.571	29.466	57.218
long_content_30k_003/lc30k003_2659_gc2000_rp0.03_mr2E-4_ss200.fa	30	9.625	7.879	76.852
long_content_30k_003/lc30k003_265_gc2000_rp0.01_mr2E-4_ss200.fa	20	21.006	4.327	53.083
long_content_30k_003/lc30k003_2660_gc2000_rp0.02_mr3E-4_ss100.fa	9	14.612	14.588	49.072
long_content_30k_003/lc30k003_2661_gc2500_rp0.03_mr2E-4_ss200.fa	9	19.386	23.525	76.222
long_content_30k_003/lc30k003_2662_gc2000_rp0.02_mr3E-4_ss200.fa	30	15.934	9.895	71.967
long_content_30k_003/lc30k003_2663_gc2500_rp0.01_mr2E-4_ss100.fa	30	12.162	12.159	79.441
long_content_30k_003/lc30k003_2664_gc2500_rp0.03_mr5E-4_ss100.fa	23	30.594	49.567	58.007
long_content_30k_003/lc30k003_2665_gc2500_rp0.02_mr2E-4_ss100.fa	14	20.361	22.032	82.270
long_content_30k_003/lc30k003_2666_gc2500_rp0.02_mr3E-4_ss100.fa	17	16.080	15.033	78.742
long_content_30k_003/lc30k003_2667_gc2000_rp0.03_mr3E-4_ss100.fa	17	15.555	5.194	63.757
long_content_30k_003/lc30k003_2668_gc2500_rp0.02_mr3E-4_ss200.fa	27	20.715	20.548	67.982
long_content_30k_003/lc30k003_2669_gc2500_rp0.03_mr2E-4_ss100.fa	26	16.997	16.904	80.278
long_content_30k_003/lc30k003_266_gc2500_rp0.03_mr3E-4_ss100.fa	22	14.548	5.542	69.444
long_content_30k_003/lc30k003_2670_gc2500_rp0.01_mr2E-4_ss200.fa	13	12.356	1.237	73.618
long_content_30k_003/lc30k003_2671_gc2000_rp0.01_mr2E-4_ss100.fa	30	15.725	15.690	83.502
long_content_30k_003/lc30k003_2672_gc2000_rp0.02_mr5E-4_ss100.fa	20	35.731	29.202	65.944
long_content_30k_003/lc30k003_2673_gc2000_rp0.03_mr5E-4_ss200.fa	20	19.541	25.943	57.955
long_content_30k_003/lc30k003_2674_gc2500_rp0.02_mr5E-4_ss100.fa	30	21.312	16.506	66.630
long_content_30k_003/lc30k003_2675_gc2500_rp0.01_mr5E-4_ss200.fa	30	36.396	35.071	57.448
long_content_30k_003/lc30k003_2676_gc2000_rp0.01_mr5E-4_ss100.fa	22	39.262	32.683	65.566
long_content_30k_003/lc30k003_2677_gc2000_rp0.01_mr2E-4_ss200.fa	30	21.639	21.593	77.246
long_content_30k_003/lc30k003_2678_gc2500_rp0.03_mr3E-4_ss100.fa	27	22.599	19.532	72.550
long_content_30k_003/lc30k003_2679_gc2000_rp0.03_mr2E-4_ss100.fa	30	12.027	10.002	86.665
long_content_30k_003/lc30k003_267_gc2000_rp0.03_mr2E-4_ss100.fa	28	14.553	19.494	84.746
long_content_30k_003/lc30k003_2680_gc2500_rp0.01_mr3E-4_ss100.fa	22	14.982	5.675	69.071
long_content_30k_003/lc30k003_2681_gc2000_rp0.03_mr3E-4_ss200.fa	26	22.573	23.995	74.359
long_content_30k_003/lc30k003_2682_gc2000_rp0.01_mr5E-4_ss200.fa	30	22.835	11.759	53.301
long_content_30k_003/lc30k003_2683_gc2000_rp0.02_mr2E-4_ss100.fa	30	15.023	16.390	87.180
long_content_30k_003/lc30k003_2684_gc2000_rp0.03_mr5E-4_ss100.fa	30	25.663	24.740	71.085
long_content_30k_003/lc30k003_2685_gc2500_rp0.01_mr3E-4_ss200.fa	23	8.925	8.960	56.002
long_content_30k_003/lc30k003_2686_gc2500_rp0.02_mr2E-4_ss200.fa	29	15.260	6.687	70.503
long_content_30k_003/lc30k003_2687_gc2500_rp0.01_mr5E-4_ss100.fa	30	39.353	37.169	66.222
long_content_30k_003/lc30k003_2688_gc2500_rp0.03_mr3E-4_ss200.fa	15	34.586	36.052	70.984
long_content_30k_003/lc30k003_2689_gc2000_rp0.01_mr3E-4_ss100.fa	23	16.183	18.677	74.788
long_content_30k_003/lc30k003_268_gc2500_rp0.01_mr3E-4_ss100.fa	30	28.717	27.745	71.350
long_content_30k_003/lc30k003_2690_gc2000_rp0.01_mr3E-4_ss200.fa	26	25.203	23.127	56.066
long_content_30k_003/lc30k003_2691_gc2000_rp0.02_mr2E-4_ss200.fa	23	8.217	7.749	83.366
long_content_30k_003/lc30k003_2692_gc2500_rp0.02_mr5E-4_ss200.fa	16	36.142	38.441	70.882
long_content_30k_003/lc30k003_2693_gc2500_rp0.03_mr5E-4_ss200.fa	28	42.006	44.558	69.924
long_content_30k_003/lc30k003_2694_gc2000_rp0.02_mr5E-4_ss200.fa	28	23.745	17.651	57.952
long_content_30k_003/lc30k003_2695_gc2000_rp0.03_mr2E-4_ss200.fa	17	15.386	13.287	78.399
long_content_30k_003/lc30k003_2696_gc2000_rp0.02_mr3E-4_ss100.fa	30	21.873	19.154	78.729
long_content_30k_003/lc30k003_2697_gc2500_rp0.03_mr2E-4_ss200.fa	6	21.730	24.780	62.338
long_content_30k_003/lc30k003_2698_gc2000_rp0.02_mr3E-4_ss200.fa	25	16.661	12.065	73.674
long_content_30k_003/lc30k003_2699_gc2500_rp0.01_mr2E-4_ss100.fa	30	23.501	18.654	71.139
long_content_30k_003/lc30k003_269_gc2000_rp0.03_mr3E-4_ss200.fa	30	22.481	16.109	66.994
long_content_30k_003/lc30k003_2700_gc2500_rp0.03_mr5E-4_ss100.fa	27	18.336	15.772	55.996
long_content_30k_003/lc30k003_2701_gc2500_rp0.02_mr2E-4_ss100.fa	23	11.664	3.914	72.957
long_content_30k_003/lc30k003_2702_gc2500_rp0.02_mr3E-4_ss100.fa	25	14.758	5.093	63.042
long_content_30k_003/lc30k003_2703_gc2000_rp0.03_mr3E-4_ss100.fa	22	30.741	39.012	65.263
long_content_30k_003/lc30k003_2704_gc2500_rp0.02_mr3E-4_ss200.fa	18	20.371	24.611	62.043
long_content_30k_003/lc30k003_2705_gc2500_rp0.03_mr2E-4_ss100.fa	30	14.974	15.049	87.837
long_content_30k_003/lc30k003_2706_gc2500_rp0.01_mr2E-4_ss200.fa	21	17.416	18.536	70.974
long_content_30k_003/lc30k003_2707_gc2000_rp0.01_mr2E-4_ss100.fa	30	19.042	13.457	76.596
long_content_30k_003/lc30k003_2708_gc2000_rp0.02_mr5E-4_ss100.fa	24	35.013	39.057	62.609
long_content_30k_003/lc30k003_2709_gc2000_rp0.03_mr5E-4_ss200.fa	30	23.454	24.630	74.557
long_content_30k_003/lc30k003_270_gc2000_rp0.01_mr5E-4_ss200.fa	30	16.183	19.164	54.131
long_content_30k_003/lc30k003_2710_gc2500_rp0.02_mr5E-4_ss100.fa	27	40.026	52.225	50.920
long_content_30k_003/lc30k003_2711_gc2500_rp0.01_mr5E-4_ss200.fa	30	34.266	37.439	74.359
long_content_30k_003/lc30k003_2712_gc2000_rp0.01_mr5E-4_ss100.fa	19	53.178	54.364	47.364
long_content_30k_003/lc30k003_2713_gc2000_rp0.01_mr2E-4_ss200.fa	30	20.419	29.524	73.072
long_content_30k_003/lc30k003_2714_gc2500_rp0.03_mr3E-4_ss100.fa	14	46.922	47.973	62.954
long_content_30k_003/lc30k003_2715_gc2000_rp0.03_mr2E-4_ss100.fa	16	8.711	6.076	81.033
long_content_30k_003/lc30k003_2716_gc2500_rp0.01_mr3E-4_ss100.fa	17	23.226	25.199	71.371
long_content_30k_003/lc30k003_2717_gc2000_rp0.03_mr3E-4_ss200.fa	30	23.700	25.479	81.614
long_content_30k_003/lc30k003_2718_gc2000_rp0.01_mr5E-4_ss200.fa	14	34.184	37.453	59.180
long_content_30k_003/lc30k003_2719_gc2000_rp0.02_mr2E-4_ss100.fa	15	23.381	38.643	65.824
long_content_30k_003/lc30k003_271_gc2000_rp0.02_mr2E-4_ss100.fa	30	11.824	5.177	82.523
long_content_30k_003/lc30k003_2720_gc2000_rp0.03_mr5E-4_ss100.fa	27	28.770	27.532	73.182
long_content_30k_003/lc30k003_2721_gc2500_rp0.01_mr3E-4_ss200.fa	30	20.527	21.352	81.599
long_content_30k_003/lc30k003_2722_gc2500_rp0.02_mr2E-4_ss200.fa	24	23.773	25.846	75.184
long_content_30k_003/lc30k003_2723_gc2500_rp0.01_mr5E-4_ss100.fa	30	29.549	34.415	54.685
long_content_30k_003/lc30k003_2724_gc2500_rp0.03_mr3E-4_ss200.fa	28	14.569	17.838	70.912
long_content_30k_003/lc30k003_2725_gc2000_rp0.01_mr3E-4_ss100.fa	30	9.212	1.105	60.509
long_content_30k_003/lc30k003_2726_gc2000_rp0.01_mr3E-4_ss200.fa	30	51.474	52.378	64.940
long_content_30k_003/lc30k003_2727_gc2000_rp0.02_mr2E-4_ss200.fa	25	21.532	23.359	81.382
long_content_30k_003/lc30k003_2728_gc2500_rp0.02_mr5E-4_ss200.fa	18	28.899	12.260	45.757
long_content_30k_003/lc30k003_2729_gc2500_rp0.03_mr5E-4_ss200.fa	24	21.083	9.071	55.252
long_content_30k_003/lc30k003_272_gc2000_rp0.03_mr5E-4_ss100.fa	21	27.499	22.396	50.465
long_content_30k_003/lc30k003_2730_gc2000_rp0.02_mr5E-4_ss200.fa	29	33.431	35.801	58.480
long_content_30k_003/lc30k003_2731_gc2000_rp0.03_mr2E-4_ss200.fa	29	17.985	18.216	83.900
long_content_30k_003/lc30k003_2732_gc2000_rp0.02_mr3E-4_ss100.fa	18	20.601	13.350	69.384
long_content_30k_003/lc30k003_2733_gc2500_rp0.03_mr2E-4_ss200.fa	18	14.866	19.553	82.670
long_content_30k_003/lc30k003_2734_gc2000_rp0.02_mr3E-4_ss200.fa	21	33.069	29.820	62.079
long_content_30k_003/lc30k003_2735_gc2500_rp0.01_mr2E-4_ss100.fa	16	21.983	6.253	71.548
long_content_30k_003/lc30k003_2736_gc2500_rp0.03_mr5E-4_ss100.fa	30	29.774	30.895	62.848
long_content_30k_003/lc30k003_2737_gc2500_rp0.02_mr2E-4_ss100.fa	8	35.063	36.500	75.914
long_content_30k_003/lc30k003_2738_gc2500_rp0.02_mr3E-4_ss100.fa	12	18.096	13.025	63.572
long_content_30k_003/lc30k003_2739_gc2000_rp0.03_mr3E-4_ss100.fa	26	7.162	1.883	80.839
long_content_30k_003/lc30k003_273_gc2500_rp0.01_mr3E-4_ss200.fa	30	31.320	38.180	74.947
long_content_30k_003/lc30k003_2740_gc2500_rp0.02_mr3E-4_ss200.fa	30	12.557	12.232	62.623
long_content_30k_003/lc30k003_2741_gc2500_rp0.03_mr2E-4_ss100.fa	30	12.943	14.270	89.348
long_content_30k_003/lc30k003_2742_gc2500_rp0.01_mr2E-4_ss200.fa	28	20.736	13.908	77.650
long_content_30k_003/lc30k003_2743_gc2000_rp0.01_mr2E-4_ss100.fa	29	11.104	11.134	81.313
long_content_30k_003/lc30k003_2744_gc2000_rp0.02_mr5E-4_ss100.fa	18	35.662	35.604	52.698
long_content_30k_003/lc30k003_2745_gc2000_rp0.03_mr5E-4_ss200.fa	16	41.152	34.385	53.368
long_content_30k_003/lc30k003_2746_gc2500_rp0.02_mr5E-4_ss100.fa	21	27.180	21.290	57.080
long_content_30k_003/lc30k003_2747_gc2500_rp0.01_mr5E-4_ss200.fa	30	21.388	14.162	58.488
long_content_30k_003/lc30k003_2748_gc2000_rp0.01_mr5E-4_ss100.fa	30	45.281	45.994	59.717
long_content_30k_003/lc30k003_2749_gc2000_rp0.01_mr2E-4_ss200.fa	30	31.928	32.998	70.298
long_content_30k_003/lc30k003_274_gc2500_rp0.02_mr2E-4_ss200.fa	29	14.698	12.635	79.375
long_content_30k_003/lc30k003_2750_gc2500_rp0.03_mr3E-4_ss100.fa	30	24.055	19.443	81.511
long_content_30k_003/lc30k003_2751_gc2000_rp0.03_mr2E-4_ss100.fa	21	22.255	23.967	75.801
long_content_30k_003/lc30k003_2752_gc2500_rp0.01_mr3E-4_ss100.fa	30	33.259	39.663	73.107
long_content_30k_003/lc30k003_2753_gc2000_rp0.03_mr3E-4_ss200.fa	16	25.092	24.829	77.518
long_content_30k_003/lc30k003_2754_gc2000_rp0.01_mr5E-4_ss200.fa	30	51.159	51.154	48.139
long_content_30k_003/lc30k003_2755_gc2000_rp0.02_mr2E-4_ss100.fa	30	19.832	16.940	83.925
long_content_30k_003/lc30k003_2756_gc2000_rp0.03_mr5E-4_ss100.fa	27	27.248	35.277	59.874
long_content_30k_003/lc30k003_2757_gc2500_rp0.01_mr3E-4_ss200.fa	18	15.919	15.560	79.601
long_content_30k_003/lc30k003_2758_gc2500_rp0.02_mr2E-4_ss200.fa	18	19.228	19.369	69.398
long_content_30k_003/lc30k003_2759_gc2500_rp0.01_mr5E-4_ss100.fa	15	63.340	64.458	44.296
long_content_30k_003/lc30k003_275_gc2500_rp0.01_mr5E-4_ss100.fa	17	50.063	62.370	53.487
long_content_30k_003/lc30k003_2760_gc2500_rp0.03_mr3E-4_ss200.fa	7	8.422	7.012	63.454
long_content_30k_003/lc30k003_2761_gc2000_rp0.01_mr3E-4_ss100.fa	30	18.845	18.801	70.304
long_content_30k_003/lc30k003_2762_gc2000_rp0.01_mr3E-4_ss200.fa	30	23.737	24.270	74.803
long_content_30k_003/lc30k003_2763_gc2000_rp0.02_mr2E-4_ss200.fa	30	11.828	12.358	89.637
long_content_30k_003/lc30k003_2764_gc2500_rp0.02_mr5E-4_ss200.fa	30	43.223	43.173	63.597
long_content_30k_003/lc30k003_2765_gc2500_rp0.03_mr5E-4_ss200.fa	30	31.690	37.533	62.944
long_content_30k_003/lc30k003_2766_gc2000_rp0.02_mr5E-4_ss200.fa	29	25.840	13.469	71.647
long_content_30k_003/lc30k003_2767_gc2000_rp0.03_mr2E-4_ss200.fa	18	34.336	39.467	75.669
long_content_30k_003/lc30k003_2768_gc2000_rp0.02_mr3E-4_ss100.fa	30	32.877	33.523	74.784
long_content_30k_003/lc30k003_2769_gc2500_rp0.03_mr2E-4_ss200.fa	24	16.908	17.867	78.905
long_content_30k_003/lc30k003_276_gc2500_rp0.03_mr3E-4_ss200.fa	13	24.695	21.511	53.953
long_content_30k_003/lc30k003_2770_gc2000_rp0.02_mr3E-4_ss200.fa	30	17.385	15.257	84.565
long_content_30k_003/lc30k003_2771_gc2500_rp0.01_mr2E-4_ss100.fa	30	20.071	18.262	76.157
long_content_30k_003/lc30k003_2772_gc2500_rp0.03_mr5E-4_ss100.fa	16	10.352	6.842	55.508
long_content_30k_003/lc30k003_2773_gc2500_rp0.02_mr2E-4_ss100.fa	26	16.982	18.337	84.983
long_content_30k_003/lc30k003_2774_gc2500_rp0.02_mr3E-4_ss100.fa	30	16.125	11.882	64.951
long_content_30k_003/lc30k003_2775_gc2000_rp0.03_mr3E-4_ss100.fa	15	23.102	24.599	69.418
long_content_30k_003/lc30k003_2776_gc2500_rp0.02_mr3E-4_ss200.fa	22	25.756	19.220	53.128
long_content_30k_003/lc30k003_2777_gc2500_rp0.03_mr2E-4_ss100.fa	18	18.625	17.943	76.682
long_content_30k_003/lc30k003_2778_gc2500_rp0.01_mr2E-4_ss200.fa	16	15.427	13.440	81.701
long_content_30k_003/lc30k003_2779_gc2000_rp0.01_mr2E-4_ss100.fa	12	19.086	20.046	78.971
long_content_30k_003/lc30k003_277_gc2000_rp0.01_mr3E-4_ss100.fa	20	40.574	51.687	63.447
long_content_30k_003/lc30k003_2780_gc2000_rp0.02_mr5E-4_ss100.fa	9	5.382	5.060	39.717
long_content_30k_003/lc30k003_2781_gc2000_rp0.03_mr5E-4_ss200.fa	21	30.940	19.638	60.916
long_content_30k_003/lc30k003_2782_gc2500_rp0.02_mr5E-4_ss100.fa	30	37.223	36.717	65.316
long_content_30k_003/lc30k003_2783_gc2500_rp0.01_mr5E-4_ss200.fa	27	39.128	47.980	66.229
long_content_30k_003/lc30k003_2784_gc2000_rp0.01_mr5E-4_ss100.fa	22	23.477	11.761	48.461
long_content_30k_003/lc30k003_2785_gc2000_rp0.01_mr2E-4_ss200.fa	30	13.996	19.077	79.105
long_content_30k_003/lc30k003_2786_gc2500_rp0.03_mr3E-4_ss100.fa	30	10.455	8.590	88.041
long_content_30k_003/lc30k003_2787_gc2000_rp0.03_mr2E-4_ss100.fa	27	9.743	9.808	91.572
long_content_30k_003/lc30k003_2788_gc2500_rp0.01_mr3E-4_ss100.fa	30	34.953	35.818	73.783
long_content_30k_003/lc30k003_2789_gc2000_rp0.03_mr3E-4_ss200.fa	17	19.099	17.573	82.941
long_content_30k_003/lc30k003_278_gc2000_rp0.01_mr3E-4_ss200.fa	21	23.284	16.435	57.435
long_content_30k_003/lc30k003_2790_gc2000_rp0.01_mr5E-4_ss200.fa	11	21.620	24.760	43.500
long_content_30k_003/lc30k003_2791_gc2000_rp0.02_mr2E-4_ss100.fa	30	16.493	16.539	81.915
long_content_30k_003/lc30k003_2792_gc2000_rp0.03_mr5E-4_ss100.fa	30	39.179	41.739	64.128
long_content_30k_003/lc30k003_2793_gc2500_rp0.01_mr3E-4_ss200.fa	19	11.069	11.209	90.819
long_content_30k_003/lc30k003_2794_gc2500_rp0.02_mr2E-4_ss200.fa	15	18.921	17.858	81.953
long_content_30k_003/lc30k003_2795_gc2500_rp0.01_mr5E-4_ss100.fa	21	31.970	36.281	76.124
long_content_30k_003/lc30k003_2796_gc2500_rp0.03_mr3E-4_ss200.fa	17	30.755	34.188	74.571
long_content_30k_003/lc30k003_2797_gc2000_rp0.01_mr3E-4_ss100.fa	30	45.110	48.622	72.157
long_content_30k_003/lc30k003_2798_gc2000_rp0.01_mr3E-4_ss200.fa	30	38.968	46.967	73.374
long_content_30k_003/lc30k003_2799_gc2000_rp0.02_mr2E-4_ss200.fa	30	11.735	10.645	74.258
long_content_30k_003/lc30k003_279_gc2000_rp0.02_mr2E-4_ss200.fa	30	9.663	9.434	88.232
long_content_30k_003/lc30k003_2800_gc2500_rp0.02_mr5E-4_ss200.fa	17	42.418	58.036	52.002
long_content_30k_003/lc30k003_2801_gc2500_rp0.03_mr5E-4_ss200.fa	18	19.118	3.675	58.282
long_content_30k_003/lc30k003_2802_gc2000_rp0.02_mr5E-4_ss200.fa	30	29.606	27.861	73.168
long_content_30k_003/lc30k003_2803_gc2000_rp0.03_mr2E-4_ss200.fa	30	9.600	6.249	83.565
long_content_30k_003/lc30k003_2804_gc2000_rp0.02_mr3E-4_ss100.fa	28	26.192	31.014	73.446
long_content_30k_003/lc30k003_2805_gc2500_rp0.03_mr2E-4_ss200.fa	13	25.786	30.156	75.811
long_content_30k_003/lc30k003_2806_gc2000_rp0.02_mr3E-4_ss200.fa	21	13.917	6.704	59.411
long_content_30k_003/lc30k003_2807_gc2500_rp0.01_mr2E-4_ss100.fa	30	25.429	25.724	81.192
long_content_30k_003/lc30k003_2808_gc2500_rp0.03_mr5E-4_ss100.fa	29	38.549	37.056	53.391
long_content_30k_003/lc30k003_2809_gc2500_rp0.02_mr2E-4_ss100.fa	30	7.490	6.048	66.556
long_content_30k_003/lc30k003_280_gc2500_rp0.02_mr5E-4_ss200.fa	30	23.552	11.352	60.867
long_content_30k_003/lc30k003_2810_gc2500_rp0.02_mr3E-4_ss100.fa	18	24.987	24.759	74.581
long_content_30k_003/lc30k003_2811_gc2000_rp0.03_mr3E-4_ss100.fa	16	38.397	38.146	61.011
long_content_30k_003/lc30k003_2812_gc2500_rp0.02_mr3E-4_ss200.fa	30	22.132	17.979	62.124
long_content_30k_003/lc30k003_2813_gc2500_rp0.03_mr2E-4_ss100.fa	27	18.881	19.098	82.433
long_content_30k_003/lc30k003_2814_gc2500_rp0.01_mr2E-4_ss200.fa	30	29.262	29.340	73.315
long_content_30k_003/lc30k003_2815_gc2000_rp0.01_mr2E-4_ss100.fa	26	30.799	33.859	75.083
long_content_30k_003/lc30k003_2816_gc2000_rp0.02_mr5E-4_ss100.fa	13	4.792	1.910	53.923
long_content_30k_003/lc30k003_2817_gc2000_rp0.03_mr5E-4_ss200.fa	13	40.240	39.777	58.079
long_content_30k_003/lc30k003_2818_gc2500_rp0.02_mr5E-4_ss100.fa	30	42.976	43.311	65.356
long_content_30k_003/lc30k003_2819_gc2500_rp0.01_mr5E-4_ss200.fa	30	49.006	54.364	52.104
long_content_30k_003/lc30k003_281_gc2500_rp0.03_mr5E-4_ss200.fa	27	36.889	39.022	67.951
long_content_30k_003/lc30k003_2820_gc2000_rp0.01_mr5E-4_ss100.fa	30	36.993	36.953	68.788
long_content_30k_003/lc30k003_2821_gc2000_rp0.01_mr2E-4_ss200.fa	30	33.748	40.278	73.511
long_content_30k_003/lc30k003_2822_gc2500_rp0.03_mr3E-4_ss100.fa	28	25.122	24.845	79.008
long_content_30k_003/lc30k003_2823_gc2000_rp0.03_mr2E-4_ss100.fa	14	9.590	7.802	82.490
long_content_30k_003/lc30k003_2824_gc2500_rp0.01_mr3E-4_ss100.fa	20	33.267	54.304	57.775
long_content_30k_003/lc30k003_2825_gc2000_rp0.03_mr3E-4_ss200.fa	21	17.409	16.459	72.540
long_content_30k_003/lc30k003_2826_gc2000_rp0.01_mr5E-4_ss200.fa	30	32.252	25.936	49.910
long_content_30k_003/lc30k003_2827_gc2000_rp0.02_mr2E-4_ss100.fa	25	19.200	12.095	76.115
long_content_30k_003/lc30k003_2828_gc2000_rp0.03_mr5E-4_ss100.fa	30	35.096	42.907	55.402
long_content_30k_003/lc30k003_2829_gc2500_rp0.01_mr3E-4_ss200.fa	30	11.391	11.409	62.009
long_content_30k_003/lc30k003_282_gc2000_rp0.02_mr5E-4_ss200.fa	9	22.257	4.580	54.141
long_content_30k_003/lc30k003_2830_gc2500_rp0.02_mr2E-4_ss200.fa	27	14.001	14.553	82.241
long_content_30k_003/lc30k003_2831_gc2500_rp0.01_mr5E-4_ss100.fa	30	35.207	40.445	56.432
long_content_30k_003/lc30k003_2832_gc2500_rp0.03_mr3E-4_ss200.fa	25	19.077	15.159	63.589
long_content_30k_003/lc30k003_2833_gc2000_rp0.01_mr3E-4_ss100.fa	21	28.209	29.373	79.823
long_content_30k_003/lc30k003_2834_gc2000_rp0.01_mr3E-4_ss200.fa	30	32.701	30.764	64.071
long_content_30k_003/lc30k003_2835_gc2000_rp0.02_mr2E-4_ss200.fa	30	16.387	10.629	80.131
long_content_30k_003/lc30k003_2836_gc2500_rp0.02_mr5E-4_ss200.fa	20	50.294	57.763	60.934
long_content_30k_003/lc30k003_2837_gc2500_rp0.03_mr5E-4_ss200.fa	26	29.138	35.464	53.834
long_content_30k_003/lc30k003_2838_gc2000_rp0.02_mr5E-4_ss200.fa	30	47.606	45.902	59.323
long_content_30k_003/lc30k003_2839_gc2000_rp0.03_mr2E-4_ss200.fa	30	24.797	25.490	77.645
long_content_30k_003/lc30k003_283_gc2000_rp0.03_mr2E-4_ss200.fa	19	12.878	9.999	81.605
long_content_30k_003/lc30k003_2840_gc2000_rp0.02_mr3E-4_ss100.fa	21	14.017	7.946	52.764
long_content_30k_003/lc30k003_2841_gc2500_rp0.03_mr2E-4_ss200.fa	22	10.236	9.494	81.709
long_content_30k_003/lc30k003_2842_gc2000_rp0.02_mr3E-4_ss200.fa	27	22.380	27.813	72.888
long_content_30k_003/lc30k003_2843_gc2500_rp0.01_mr2E-4_ss100.fa	30	21.401	28.877	77.736
long_content_30k_003/lc30k003_2844_gc2500_rp0.03_mr5E-4_ss100.fa	25	38.585	46.203	54.819
long_content_30k_003/lc30k003_2845_gc2500_rp0.02_mr2E-4_ss100.fa	30	13.854	16.077	77.720
long_content_30k_003/lc30k003_2846_gc2500_rp0.02_mr3E-4_ss100.fa	11	18.348	13.019	70.131
long_content_30k_003/lc30k003_2847_gc2000_rp0.03_mr3E-4_ss100.fa	30	22.541	20.249	79.719
long_content_30k_003/lc30k003_2848_gc2500_rp0.02_mr3E-4_ss200.fa	30	21.104	21.508	71.847
long_content_30k_003/lc30k003_2849_gc2500_rp0.03_mr2E-4_ss100.fa	29	20.426	20.586	75.482
long_content_30k_003/lc30k003_284_gc2000_rp0.02_mr3E-4_ss100.fa	24	37.481	53.814	65.534
long_content_30k_003/lc30k003_2850_gc2500_rp0.01_mr2E-4_ss200.fa	21	7.170	3.960	61.133
long_content_30k_003/lc30k003_2851_gc2000_rp0.01_mr2E-4_ss100.fa	30	26.186	28.360	76.944
long_content_30k_003/lc30k003_2852_gc2000_rp0.02_mr5E-4_ss100.fa	30	27.101	26.999	60.721
long_content_30k_003/lc30k003_2853_gc2000_rp0.03_mr5E-4_ss200.fa	17	28.326	24.044	60.643
long_content_30k_003/lc30k003_2854_gc2500_rp0.02_mr5E-4_ss100.fa	29	21.435	1.739	51.266
long_content_30k_003/lc30k003_2855_gc2500_rp0.01_mr5E-4_ss200.fa	30	29.346	28.513	68.351
long_content_30k_003/lc30k003_2856_gc2000_rp0.01_mr5E-4_ss100.fa	30	22.724	19.773	43.020
long_content_30k_003/lc30k003_2857_gc2000_rp0.01_mr2E-4_ss200.fa	30	31.486	25.972	79.402
long_content_30k_003/lc30k003_2858_gc2500_rp0.03_mr3E-4_ss100.fa	23	24.288	24.550	58.629
long_content_30k_003/lc30k003_2859_gc2000_rp0.03_mr2E-4_ss100.fa	24	25.308	26.629	61.651
long_content_30k_003/lc30k003_285_gc2500_rp0.03_mr2E-4_ss200.fa	28	17.512	23.282	82.156
long_content_30k_003/lc30k003_2860_gc2500_rp0.01_mr3E-4_ss100.fa	30	29.411	29.357	76.398
long_content_30k_003/lc30k003_2861_gc2000_rp0.03_mr3E-4_ss200.fa	5	21.616	12.410	61.168
long_content_30k_003/lc30k003_2862_gc2000_rp0.01_mr5E-4_ss200.fa	30	43.339	31.142	40.700
long_content_30k_003/lc30k003_2863_gc2000_rp0.02_mr2E-4_ss100.fa	27	10.990	7.639	71.082
long_content_30k_003/lc30k003_2864_gc2000_rp0.03_mr5E-4_ss100.fa	14	39.533	42.099	51.825
long_content_30k_003/lc30k003_2865_gc2500_rp0.01_mr3E-4_ss200.fa	11	40.156	34.657	57.409
long_content_30k_003/lc30k003_2866_gc2500_rp0.02_mr2E-4_ss200.fa	30	21.844	23.069	84.457
long_content_30k_003/lc30k003_2867_gc2500_rp0.01_mr5E-4_ss100.fa	0	0.000	0.000	0.000
long_content_30k_003/lc30k003_2868_gc2500_rp0.03_mr3E-4_ss200.fa	22	36.736	34.751	63.922
long_content_30k_003/lc30k003_2869_gc2000_rp0.01_mr3E-4_ss100.fa	30	48.483	48.860	64.148
long_content_30k_003/lc30k003_286_gc2000_rp0.02_mr3E-4_ss200.fa	30	14.062	11.233	88.583
long_content_30k_003/lc30k003_2870_gc2000_rp0.01_mr3E-4_ss200.fa	30	34.043	36.949	69.883
long_content_30k_003/lc30k003_2871_gc2000_rp0.02_mr2E-4_ss200.fa	18	4.951	3.013	71.783
long_content_30k_003/lc30k003_2872_gc2500_rp0.02_mr5E-4_ss200.fa	29	33.619	33.717	71.629
long_content_30k_003/lc30k003_2873_gc2500_rp0.03_mr5E-4_ss200.fa	28	38.425	40.268	64.570
long_content_30k_003/lc30k003_2874_gc2000_rp0.02_mr5E-4_ss200.fa	28	26.936	15.388	54.998
long_content_30k_003/lc30k003_2875_gc2000_rp0.03_mr2E-4_ss200.fa	26	16.208	19.336	82.219
long_content_30k_003/lc30k003_2876_gc2000_rp0.02_mr3E-4_ss100.fa	24	21.031	5.036	62.124
long_content_30k_003/lc30k003_2877_gc2500_rp0.03_mr2E-4_ss200.fa	24	13.906	9.334	73.733
long_content_30k_003/lc30k003_2878_gc2000_rp0.02_mr3E-4_ss200.fa	28	33.443	43.067	57.580
long_content_30k_003/lc30k003_2879_gc2500_rp0.01_mr2E-4_ss100.fa	9	19.309	21.176	86.602
long_content_30k_003/lc30k003_287_gc2500_rp0.01_mr2E-4_ss100.fa	30	11.014	12.933	82.450
long_content_30k_003/lc30k003_2880_gc2500_rp0.03_mr5E-4_ss100.fa	25	29.212	45.244	61.710
long_content_30k_003/lc30k003_2881_gc2500_rp0.02_mr2E-4_ss100.fa	30	18.428	17.183	83.153
long_content_30k_003/lc30k003_2882_gc2500_rp0.02_mr3E-4_ss100.fa	8	24.570	25.060	75.932
long_content_30k_003/lc30k003_2883_gc2000_rp0.03_mr3E-4_ss100.fa	21	48.324	54.424	63.646
long_content_30k_003/lc30k003_2884_gc2500_rp0.02_mr3E-4_ss200.fa	30	29.554	29.811	77.840
long_content_30k_003/lc30k003_2885_gc2500_rp0.03_mr2E-4_ss100.fa	30	9.124	2.153	76.219
long_content_30k_003/lc30k003_2886_gc2500_rp0.01_mr2E-4_ss200.fa	24	17.915	13.678	59.236
long_content_30k_003/lc30k003_2887_gc2000_rp0.01_mr2E-4_ss100.fa	30	25.894	35.362	72.877
long_content_30k_003/lc30k003_2888_gc2000_rp0.02_mr5E-4_ss100.fa	30	39.354	47.037	53.051
long_content_30k_003/lc30k003_2889_gc2000_rp0.03_mr5E-4_ss200.fa	17	17.340	10.215	58.554
long_content_30k_003/lc30k003_288_gc2500_rp0.03_mr5E-4_ss100.fa	30	29.079	20.478	54.354
long_content_30k_003/lc30k003_2890_gc2500_rp0.02_mr5E-4_ss100.fa	24	59.716	60.698	49.023
long_content_30k_003/lc30k003_2891_gc2500_rp0.01_mr5E-4_ss200.fa	30	30.014	29.625	69.631
long_content_30k_003/lc30k003_2892_gc2000_rp0.01_mr5E-4_ss100.fa	30	42.834	41.280	54.370
long_content_30k_003/lc30k003_2893_gc2000_rp0.01_mr2E-4_ss200.fa	27	22.357	22.505	63.955
long_content_30k_003/lc30k003_2894_gc2500_rp0.03_mr3E-4_ss100.fa	20	18.358	8.263	55.265
long_content_30k_003/lc30k003_2895_gc2000_rp0.03_mr2E-4_ss100.fa	19	33.512	37.803	74.883
long_content_30k_003/lc30k003_2896_gc2500_rp0.01_mr3E-4_ss100.fa	30	21.395	18.964	72.031
long_content_30k_003/lc30k003_2897_gc2000_rp0.03_mr3E-4_ss200.fa	29	25.393	24.483	74.736
long_content_30k_003/lc30k003_2898_gc2000_rp0.01_mr5E-4_ss200.fa	30	21.440	19.775	64.115
long_content_30k_003/lc30k003_2899_gc2000_rp0.02_mr2E-4_ss100.fa	30	11.127	6.265	77.764
long_content_30k_003/lc30k003_289_gc2500_rp0.02_mr2E-4_ss100.fa	30	17.959	25.146	76.423
long_content_30k_003/lc30k003_2900_gc2000_rp0.03_mr5E-4_ss100.fa	26	23.190	13.453	62.494
long_content_30k_003/lc30k003_2901_gc2500_rp0.01_mr3E-4_ss200.fa	15	18.062	19.828	88.339
long_content_30k_003/lc30k003_2902_gc2500_rp0.02_mr2E-4_ss200.fa	30	10.772	11.352	90.363
long_content_30k_003/lc30k003_2903_gc2500_rp0.01_mr5E-4_ss100.fa	30	44.858	45.474	64.336
long_content_30k_003/lc30k003_2904_gc2500_rp0.03_mr3E-4_ss200.fa	12	28.695	29.167	66.725
long_content_30k_003/lc30k003_2905_gc2000_rp0.01_mr3E-4_ss100.fa	30	21.502	15.912	59.296
long_content_30k_003/lc30k003_2906_gc2000_rp0.01_mr3E-4_ss200.fa	30	13.250	9.866	76.695
long_content_30k_003/lc30k003_2907_gc2000_rp0.02_mr2E-4_ss200.fa	26	7.499	7.583	87.971
long_content_30k_003/lc30k003_2908_gc2500_rp0.02_mr5E-4_ss200.fa	30	28.374	26.437	61.205
long_content_30k_003/lc30k003_2909_gc2500_rp0.03_mr5E-4_ss200.fa	30	37.801	36.569	68.069
long_content_30k_003/lc30k003_290_gc2500_rp0.02_mr3E-4_ss100.fa	28	19.336	22.491	84.489
long_content_30k_003/lc30k003_2910_gc2000_rp0.02_mr5E-4_ss200.fa	30	39.969	39.651	74.236
long_content_30k_003/lc30k003_2911_gc2000_rp0.03_mr2E-4_ss200.fa	12	10.953	7.938	72.671
long_content_30k_003/lc30k003_2912_gc2000_rp0.02_mr3E-4_ss100.fa	25	18.279	14.309	75.778
long_content_30k_003/lc30k003_2913_gc2500_rp0.03_mr2E-4_ss200.fa	30	16.540	22.910	83.973
long_content_30k_003/lc30k003_2914_gc2000_rp0.02_mr3E-4_ss200.fa	29	15.497	9.534	67.561
long_content_30k_003/lc30k003_2915_gc2500_rp0.01_mr2E-4_ss100.fa	30	18.491	21.079	79.639
long_content_30k_003/lc30k003_2916_gc2500_rp0.03_mr5E-4_ss100.fa	30	21.997	15.009	66.487
long_content_30k_003/lc30k003_2917_gc2500_rp0.02_mr2E-4_ss100.fa	26	13.299	6.784	74.308
long_content_30k_003/lc30k003_2918_gc2500_rp0.02_mr3E-4_ss100.fa	16	44.341	44.286	63.473
long_content_30k_003/lc30k003_2919_gc2000_rp0.03_mr3E-4_ss100.fa	25	25.727	26.911	74.813
long_content_30k_003/lc30k003_291_gc2000_rp0.03_mr3E-4_ss100.fa	29	12.564	5.953	73.803
long_content_30k_003/lc30k003_2920_gc2500_rp0.02_mr3E-4_ss200.fa	30	17.997	22.364	72.169
long_content_30k_003/lc30k003_2921_gc2500_rp0.03_mr2E-4_ss100.fa	4	40.466	43.546	65.485
long_content_30k_003/lc30k003_2922_gc2500_rp0.01_mr2E-4_ss200.fa	30	9.718	7.055	79.918
long_content_30k_003/lc30k003_2923_gc2000_rp0.01_mr2E-4_ss100.fa	15	14.088	2.334	65.858
long_content_30k_003/lc30k003_2924_gc2000_rp0.02_mr5E-4_ss100.fa	30	40.571	39.541	50.059
long_content_30k_003/lc30k003_2925_gc2000_rp0.03_mr5E-4_ss200.fa	19	43.830	49.490	46.764
long_content_30k_003/lc30k003_2926_gc2500_rp0.02_mr5E-4_ss100.fa	11	37.690	43.658	46.010
long_content_30k_003/lc30k003_2927_gc2500_rp0.01_mr5E-4_ss200.fa	30	64.963	65.087	47.538
long_content_30k_003/lc30k003_2928_gc2000_rp0.01_mr5E-4_ss100.fa	22	40.482	26.025	57.987
long_content_30k_003/lc30k003_2929_gc2000_rp0.01_mr2E-4_ss200.fa	6	31.899	35.192	66.958
long_content_30k_003/lc30k003_292_gc2500_rp0.02_mr3E-4_ss200.fa	16	38.279	40.366	60.748
long_content_30k_003/lc30k003_2930_gc2500_rp0.03_mr3E-4_ss100.fa	17	20.189	19.916	74.310
long_content_30k_003/lc30k003_2931_gc2000_rp0.03_mr2E-4_ss100.fa	27	20.647	21.152	78.094
long_content_30k_003/lc30k003_2932_gc2500_rp0.01_mr3E-4_ss100.fa	30	27.636	31.812	67.512
long_content_30k_003/lc30k003_2933_gc2000_rp0.03_mr3E-4_ss200.fa	14	14.742	13.217	69.370
long_content_30k_003/lc30k003_2934_gc2000_rp0.01_mr5E-4_ss200.fa	19	26.563	25.212	83.372
long_content_30k_003/lc30k003_2935_gc2000_rp0.02_mr2E-4_ss100.fa	20	21.593	24.487	73.060
long_content_30k_003/lc30k003_2936_gc2000_rp0.03_mr5E-4_ss100.fa	30	36.789	42.003	57.455
long_content_30k_003/lc30k003_2937_gc2500_rp0.01_mr3E-4_ss200.fa	30	33.959	33.508	67.886
long_content_30k_003/lc30k003_2938_gc2500_rp0.02_mr2E-4_ss200.fa	30	27.771	27.032	65.549
long_content_30k_003/lc30k003_2939_gc2500_rp0.01_mr5E-4_ss100.fa	30	44.941	46.076	42.052
long_content_30k_003/lc30k003_293_gc2500_rp0.03_mr2E-4_ss100.fa	14	25.632	25.960	74.280
long_content_30k_003/lc30k003_2940_gc2500_rp0.03_mr3E-4_ss200.fa	30	21.775	27.649	69.183
long_content_30k_003/lc30k003_2941_gc2000_rp0.01_mr3E-4_ss100.fa	6	32.790	33.214	72.634
long_content_30k_003/lc30k003_2942_gc2000_rp0.01_mr3E-4_ss200.fa	24	30.350	22.649	71.095
long_content_30k_003/lc30k003_2943_gc2000_rp0.02_mr2E-4_ss200.fa	16	17.121	12.911	86.773
long_content_30k_003/lc30k003_2944_gc2500_rp0.02_mr5E-4_ss200.fa	27	49.053	59.156	42.282
long_content_30k_003/lc30k003_2945_gc2500_rp0.03_mr5E-4_ss200.fa	17	17.916	5.892	57.548
long_content_30k_003/lc30k003_2946_gc2000_rp0.02_mr5E-4_ss200.fa	30	37.431	37.685	51.507
long_content_30k_003/lc30k003_2947_gc2000_rp0.03_mr2E-4_ss200.fa	17	19.723	23.637	71.499
long_content_30k_003/lc30k003_2948_gc2000_rp0.02_mr3E-4_ss100.fa	30	26.397	30.465	67.151
long_content_30k_003/lc30k003_2949_gc2500_rp0.03_mr2E-4_ss200.fa	8	11.022	7.054	80.755
long_content_30k_003/lc30k003_294_gc2500_rp0.01_mr2E-4_ss200.fa	30	16.554	15.316	65.478
long_content_30k_003/lc30k003_2950_gc2000_rp0.02_mr3E-4_ss200.fa	23	32.166	23.773	50.818
long_content_30k_003/lc30k003_2951_gc2500_rp0.01_mr2E-4_ss100.fa	30	12.470	9.188	61.833
long_content_30k_003/lc30k003_2952_gc2500_rp0.03_mr5E-4_ss100.fa	28	25.781	18.639	63.954
long_content_30k_003/lc30k003_2953_gc2500_rp0.02_mr2E-4_ss100.fa	22	14.145	6.455	63.552
long_content_30k_003/lc30k003_2954_gc2500_rp0.02_mr3E-4_ss100.fa	30	14.079	14.829	84.679
long_content_30k_003/lc30k003_2955_gc2000_rp0.03_mr3E-4_ss100.fa	26	14.827	14.695	82.999
long_content_30k_003/lc30k003_2956_gc2500_rp0.02_mr3E-4_ss200.fa	26	27.171	36.743	64.146
long_content_30k_003/lc30k003_2957_gc2500_rp0.03_mr2E-4_ss100.fa	19	18.519	14.273	78.676
long_content_30k_003/lc30k003_2958_gc2500_rp0.01_mr2E-4_ss200.fa	30	13.424	14.605	62.279
long_content_30k_003/lc30k003_2959_gc2000_rp0.01_mr2E-4_ss100.fa	30	25.483	22.087	77.268
long_content_30k_003/lc30k003_295_gc2000_rp0.01_mr2E-4_ss100.fa	27	12.579	10.769	87.958
long_content_30k_003/lc30k003_2960_gc2000_rp0.02_mr5E-4_ss100.fa	28	18.242	0.000	58.889
long_content_30k_003/lc30k003_2961_gc2000_rp0.03_mr5E-4_ss200.fa	10	35.686	34.070	65.812
long_content_30k_003/lc30k003_2962_gc2500_rp0.02_mr5E-4_ss100.fa	30	28.608	22.155	61.519
long_content_30k_003/lc30k003_2963_gc2500_rp0.01_mr5E-4_ss200.fa	30	23.500	20.158	82.530
long_content_30k_003/lc30k003_2964_gc2000_rp0.01_mr5E-4_ss100.fa	5	32.352	30.365	79.155
long_content_30k_003/lc30k003_2965_gc2000_rp0.01_mr2E-4_ss200.fa	30	15.607	16.220	85.754
long_content_30k_003/lc30k003_2966_gc2500_rp0.03_mr3E-4_ss100.fa	20	38.443	41.112	70.818
long_content_30k_003/lc30k003_2967_gc2000_rp0.03_mr2E-4_ss100.fa	20	20.667	21.622	81.196
long_content_30k_003/lc30k003_2968_gc2500_rp0.01_mr3E-4_ss100.fa	5	20.019	11.970	57.806
long_content_30k_003/lc30k003_2969_gc2000_rp0.03_mr3E-4_ss200.fa	30	23.888	23.803	75.466
long_content_30k_003/lc30k003_296_gc2000_rp0.02_mr5E-4_ss100.fa	18	46.245	37.084	62.414
long_content_30k_003/lc30k003_2970_gc2000_rp0.01_mr5E-4_ss200.fa	30	46.834	63.577	43.160
long_content_30k_003/lc30k003_2971_gc2000_rp0.02_mr2E-4_ss100.fa	16	12.054	11.531	88.379
long_content_30k_003/lc30k003_2972_gc2000_rp0.03_mr5E-4_ss100.fa	30	29.285	26.783	71.423
long_content_30k_003/lc30k003_2973_gc2500_rp0.01_mr3E-4_ss200.fa	22	32.711	43.879	57.212
long_content_30k_003/lc30k003_2974_gc2500_rp0.02_mr2E-4_ss200.fa	30	33.015	34.079	76.028
long_content_30k_003/lc30k003_2975_gc2500_rp0.01_mr5E-4_ss100.fa	30	49.893	50.766	53.886
long_content_30k_003/lc30k003_2976_gc2500_rp0.03_mr3E-4_ss200.fa	28	15.971	10.561	65.259
long_content_30k_003/lc30k003_2977_gc2000_rp0.01_mr3E-4_ss100.fa	18	21.046	21.034	74.201
long_content_30k_003/lc30k003_2978_gc2000_rp0.01_mr3E-4_ss200.fa	7	31.584	38.830	70.470
long_content_30k_003/lc30k003_2979_gc2000_rp0.02_mr2E-4_ss200.fa	21	18.982	24.279	80.259
long_content_30k_003/lc30k003_297_gc2000_rp0.03_mr5E-4_ss200.fa	22	24.030	7.337	41.865
long_content_30k_003/lc30k003_2980_gc2500_rp0.02_mr5E-4_ss200.fa	30	12.846	3.455	46.884
long_content_30k_003/lc30k003_2981_gc2500_rp0.03_mr5E-4_ss200.fa	25	35.386	34.815	61.082
long_content_30k_003/lc30k003_2982_gc2000_rp0.02_mr5E-4_ss200.fa	30	31.167	29.370	72.505
long_content_30k_003/lc30k003_2983_gc2000_rp0.03_mr2E-4_ss200.fa	30	12.808	12.852	75.336
long_content_30k_003/lc30k003_2984_gc2000_rp0.02_mr3E-4_ss100.fa	30	21.914	12.566	66.198
long_content_30k_003/lc30k003_2985_gc2500_rp0.03_mr2E-4_ss200.fa	23	14.777	14.447	77.505
long_content_30k_003/lc30k003_2986_gc2000_rp0.02_mr3E-4_ss200.fa	30	26.836	27.601	79.356
long_content_30k_003/lc30k003_2987_gc2500_rp0.01_mr2E-4_ss100.fa	30	30.544	26.548	60.251
long_content_30k_003/lc30k003_2988_gc2500_rp0.03_mr5E-4_ss100.fa	25	21.047	21.675	75.957
long_content_30k_003/lc30k003_2989_gc2500_rp0.02_mr2E-4_ss100.fa	30	23.487	22.074	80.527
long_content_30k_003/lc30k003_298_gc2500_rp0.02_mr5E-4_ss100.fa	25	31.247	30.492	63.461
long_content_30k_003/lc30k003_2990_gc2500_rp0.02_mr3E-4_ss100.fa	25	20.362	27.160	72.437
long_content_30k_003/lc30k003_2991_gc2000_rp0.03_mr3E-4_ss100.fa	11	30.885	31.142	70.758
long_content_30k_003/lc30k003_2992_gc2500_rp0.02_mr3E-4_ss200.fa	13	21.642	23.421	69.366
long_content_30k_003/lc30k003_2993_gc2500_rp0.03_mr2E-4_ss100.fa	30	14.048	16.470	83.426
long_content_30k_003/lc30k003_2994_gc2500_rp0.01_mr2E-4_ss200.fa	30	17.616	17.722	85.816
long_content_30k_003/lc30k003_2995_gc2000_rp0.01_mr2E-4_ss100.fa	30	13.305	17.828	80.094
long_content_30k_003/lc30k003_2996_gc2000_rp0.02_mr5E-4_ss100.fa	30	33.208	31.917	57.229
long_content_30k_003/lc30k003_2997_gc2000_rp0.03_mr5E-4_ss200.fa	28	42.178	53.395	53.063
long_content_30k_003/lc30k003_2998_gc2500_rp0.02_mr5E-4_ss100.fa	27	29.331	25.753	74.046
long_content_30k_003/lc30k003_2999_gc2500_rp0.01_mr5E-4_ss200.fa	30	24.614	24.610	70.294
long_content_30k_003/lc30k003_299_gc2500_rp0.01_mr5E-4_ss200.fa	3	31.469	32.646	82.270
long_content_30k_003/lc30k003_3000_gc2000_rp0.01_mr5E-4_ss100.fa	30	26.762	21.033	61.467
long_content_30k_003/lc30k003_3001_gc2000_rp0.01_mr2E-4_ss200.fa	30	14.751	19.892	67.038
long_content_30k_003/lc30k003_3002_gc2500_rp0.03_mr3E-4_ss100.fa	24	27.320	30.850	69.709
long_content_30k_003/lc30k003_3003_gc2000_rp0.03_mr2E-4_ss100.fa	19	15.323	14.311	82.524
long_content_30k_003/lc30k003_3004_gc2500_rp0.01_mr3E-4_ss100.fa	30	26.480	25.319	68.319
long_content_30k_003/lc30k003_3005_gc2000_rp0.03_mr3E-4_ss200.fa	19	15.388	11.795	49.528
long_content_30k_003/lc30k003_3006_gc2000_rp0.01_mr5E-4_ss200.fa	30	41.283	36.553	50.529
long_content_30k_003/lc30k003_3007_gc2000_rp0.02_mr2E-4_ss100.fa	11	19.002	10.769	59.314
long_content_30k_003/lc30k003_3008_gc2000_rp0.03_mr5E-4_ss100.fa	25	30.953	36.368	60.912
long_content_30k_003/lc30k003_3009_gc2500_rp0.01_mr3E-4_ss200.fa	30	36.411	37.248	70.924
long_content_30k_003/lc30k003_300_gc2000_rp0.01_mr5E-4_ss100.fa	24	40.967	49.576	59.701
long_content_30k_003/lc30k003_3010_gc2500_rp0.02_mr2E-4_ss200.fa	19	15.131	16.532	76.082
long_content_30k_003/lc30k003_3011_gc2500_rp0.01_mr5E-4_ss100.fa	30	9.843	4.182	62.900
long_content_30k_003/lc30k003_3012_gc2500_rp0.03_mr3E-4_ss200.fa	30	22.816	16.296	66.550
long_content_30k_003/lc30k003_3013_gc2000_rp0.01_mr3E-4_ss100.fa	23	31.388	47.745	68.730
long_content_30k_003/lc30k003_3014_gc2000_rp0.01_mr3E-4_ss200.fa	22	16.864	18.269	47.842
long_content_30k_003/lc30k003_3015_gc2000_rp0.02_mr2E-4_ss200.fa	15	19.717	20.069	83.688
long_content_30k_003/lc30k003_3016_gc2500_rp0.02_mr5E-4_ss200.fa	30	27.001	33.612	70.073
long_content_30k_003/lc30k003_3017_gc2500_rp0.03_mr5E-4_ss200.fa	18	44.776	42.451	50.338
long_content_30k_003/lc30k003_3018_gc2000_rp0.02_mr5E-4_ss200.fa	28	27.316	24.694	53.705
long_content_30k_003/lc30k003_3019_gc2000_rp0.03_mr2E-4_ss200.fa	27	12.323	5.535	72.923
long_content_30k_003/lc30k003_301_gc2000_rp0.01_mr2E-4_ss200.fa	30	13.301	13.678	88.296
long_content_30k_003/lc30k003_3020_gc2000_rp0.02_mr3E-4_ss100.fa	16	30.869	27.995	59.565
long_content_30k_003/lc30k003_3021_gc2500_rp0.03_mr2E-4_ss200.fa	23	16.981	19.205	71.212
long_content_30k_003/lc30k003_3022_gc2000_rp0.02_mr3E-4_ss200.fa	30	17.230	16.096	71.427
long_content_30k_003/lc30k003_3023_gc2500_rp0.01_mr2E-4_ss100.fa	16	12.641	16.525	82.319
long_content_30k_003/lc30k003_3024_gc2500_rp0.03_mr5E-4_ss100.fa	30	38.715	37.480	65.524
long_content_30k_003/lc30k003_3025_gc2500_rp0.02_mr2E-4_ss100.fa	30	11.637	11.368	88.540
long_content_30k_003/lc30k003_3026_gc2500_rp0.02_mr3E-4_ss100.fa	30	22.530	19.535	73.932
long_content_30k_003/lc30k003_3027_gc2000_rp0.03_mr3E-4_ss100.fa	18	31.496	25.951	69.764
long_content_30k_003/lc30k003_3028_gc2500_rp0.02_mr3E-4_ss200.fa	25	32.610	40.730	54.792
long_content_30k_003/lc30k003_3029_gc2500_rp0.03_mr2E-4_ss100.fa	30	12.258	12.088	89.072
long_content_30k_003/lc30k003_302_gc2500_rp0.03_mr3E-4_ss100.fa	24	22.814	24.440	75.914
long_content_30k_003/lc30k003_3030_gc2500_rp0.01_mr2E-4_ss200.fa	30	20.705	20.566	80.254
long_content_30k_003/lc30k003_3031_gc2000_rp0.01_mr2E-4_ss100.fa	15	21.135	21.027	73.652
long_content_30k_003/lc30k003_3032_gc2000_rp0.02_mr5E-4_ss100.fa	30	40.136	44.831	54.175
long_content_30k_003/lc30k003_3033_gc2000_rp0.03_mr5E-4_ss200.fa	19	16.996	17.614	55.619
long_content_30k_003/lc30k003_3034_gc2500_rp0.02_mr5E-4_ss100.fa	25	32.236	36.112	61.869
long_content_30k_003/lc30k003_3035_gc2500_rp0.01_mr5E-4_ss200.fa	25	36.586	44.689	59.615
long_content_30k_003/lc30k003_3036_gc2000_rp0.01_mr5E-4_ss100.fa	27	26.166	20.733	56.578
long_content_30k_003/lc30k003_3037_gc2000_rp0.01_mr2E-4_ss200.fa	5	12.720	15.536	91.694
long_content_30k_003/lc30k003_3038_gc2500_rp0.03_mr3E-4_ss100.fa	23	16.217	14.675	81.205
long_content_30k_003/lc30k003_3039_gc2000_rp0.03_mr2E-4_ss100.fa	30	22.552	25.566	79.286
long_content_30k_003/lc30k003_303_gc2000_rp0.03_mr2E-4_ss100.fa	22	16.285	18.891	81.687
long_content_30k_003/lc30k003_3040_gc2500_rp0.01_mr3E-4_ss100.fa	24	27.054	31.316	69.321
long_content_30k_003/lc30k003_3041_gc2000_rp0.03_mr3E-4_ss200.fa	30	20.633	21.203	79.339
long_content_30k_003/lc30k003_3042_gc2000_rp0.01_mr5E-4_ss200.fa	11	55.373	53.586	56.707
long_content_30k_003/lc30k003_3043_gc2000_rp0.02_mr2E-4_ss100.fa	22	20.119	10.320	72.734
long_content_30k_003/lc30k003_3044_gc2000_rp0.03_mr5E-4_ss100.fa	13	15.955	13.979	63.841
long_content_30k_003/lc30k003_3045_gc2500_rp0.01_mr3E-4_ss200.fa	30	28.188	28.527	75.632
long_content_30k_003/lc30k003_3046_gc2500_rp0.02_mr2E-4_ss200.fa	30	12.190	6.649	75.719
long_content_30k_003/lc30k003_3047_gc2500_rp0.01_mr5E-4_ss100.fa	30	54.848	57.761	52.753
long_content_30k_003/lc30k003_3048_gc2500_rp0.03_mr3E-4_ss200.fa	23	34.766	37.933	64.080
long_content_30k_003/lc30k003_3049_gc2000_rp0.01_mr3E-4_ss100.fa	22	22.047	19.523	61.886
long_content_30k_003/lc30k003_304_gc2500_rp0.01_mr3E-4_ss100.fa	30	40.556	43.132	63.166
long_content_30k_003/lc30k003_3050_gc2000_rp0.01_mr3E-4_ss200.fa	30	25.042	22.319	72.715
long_content_30k_003/lc30k003_3051_gc2000_rp0.02_mr2E-4_ss200.fa	24	6.727	5.180	78.454
long_content_30k_003/lc30k003_3052_gc2500_rp0.02_mr5E-4_ss200.fa	26	31.469	27.486	56.503
long_content_30k_003/lc30k003_3053_gc2500_rp0.03_mr5E-4_ss200.fa	20	38.563	38.739	60.688
long_content_30k_003/lc30k003_3054_gc2000_rp0.02_mr5E-4_ss200.fa	29	42.508	46.226	53.405
long_content_30k_003/lc30k003_3055_gc2000_rp0.03_mr2E-4_ss200.fa	9	25.116	25.469	78.477
long_content_30k_003/lc30k003_3056_gc2000_rp0.02_mr3E-4_ss100.fa	30	17.705	15.099	69.494
long_content_30k_003/lc30k003_3057_gc2500_rp0.03_mr2E-4_ss200.fa	21	29.773	25.158	72.797
long_content_30k_003/lc30k003_3058_gc2000_rp0.02_mr3E-4_ss200.fa	15	17.102	8.095	62.115
long_content_30k_003/lc30k003_3059_gc2500_rp0.01_mr2E-4_ss100.fa	25	16.167	6.402	70.089
long_content_30k_003/lc30k003_305_gc2000_rp0.03_mr3E-4_ss200.fa	30	21.500	22.283	73.772
long_content_30k_003/lc30k003_3060_gc2500_rp0.03_mr5E-4_ss100.fa	20	25.545	12.303	58.227
long_content_30k_003/lc30k003_3061_gc2500_rp0.02_mr2E-4_ss100.fa	30	10.350	10.519	87.532
long_content_30k_003/lc30k003_3062_gc2500_rp0.02_mr3E-4_ss100.fa	13	42.131	50.023	60.846
long_content_30k_003/lc30k003_3063_gc2000_rp0.03_mr3E-4_ss100.fa	9	24.097	24.890	77.052
long_content_30k_003/lc30k003_3064_gc2500_rp0.02_mr3E-4_ss200.fa	25	10.293	4.194	77.623
long_content_30k_003/lc30k003_3065_gc2500_rp0.03_mr2E-4_ss100.fa	20	13.153	13.137	78.354
long_content_30k_003/lc30k003_3066_gc2500_rp0.01_mr2E-4_ss200.fa	1	31.128	31.128	71.834
long_content_30k_003/lc30k003_3067_gc2000_rp0.01_mr2E-4_ss100.fa	29	13.430	13.329	82.319
long_content_30k_003/lc30k003_3068_gc2000_rp0.02_mr5E-4_ss100.fa	30	27.266	6.969	49.816
long_content_30k_003/lc30k003_3069_gc2000_rp0.03_mr5E-4_ss200.fa	30	18.539	15.360	84.367
long_content_30k_003/lc30k003_306_gc2000_rp0.01_mr5E-4_ss200.fa	30	47.285	42.355	65.958
long_content_30k_003/lc30k003_3070_gc2500_rp0.02_mr5E-4_ss100.fa	29	38.030	33.302	47.290
long_content_30k_003/lc30k003_3071_gc2500_rp0.01_mr5E-4_ss200.fa	30	22.624	19.047	54.602
long_content_30k_003/lc30k003_3072_gc2000_rp0.01_mr5E-4_ss100.fa	26	42.277	34.802	52.954
long_content_30k_003/lc30k003_3073_gc2000_rp0.01_mr2E-4_ss200.fa	30	21.643	20.572	67.483
long_content_30k_003/lc30k003_3074_gc2500_rp0.03_mr3E-4_ss100.fa	21	23.274	21.233	75.902
long_content_30k_003/lc30k003_3075_gc2000_rp0.03_mr2E-4_ss100.fa	22	17.060	17.209	83.624
long_content_30k_003/lc30k003_3076_gc2500_rp0.01_mr3E-4_ss100.fa	30	33.716	25.640	69.636
long_content_30k_003/lc30k003_3077_gc2000_rp0.03_mr3E-4_ss200.fa	23	26.013	15.300	62.057
long_content_30k_003/lc30k003_3078_gc2000_rp0.01_mr5E-4_ss200.fa	30	33.845	31.409	61.385
long_content_30k_003/lc30k003_3079_gc2000_rp0.02_mr2E-4_ss100.fa	30	22.153	19.314	74.606
long_content_30k_003/lc30k003_307_gc2000_rp0.02_mr2E-4_ss100.fa	27	16.849	14.627	72.706
long_content_30k_003/lc30k003_3080_gc2000_rp0.03_mr5E-4_ss100.fa	16	46.143	48.181	64.562
long_content_30k_003/lc30k003_3081_gc2500_rp0.01_mr3E-4_ss200.fa	30	12.049	9.203	58.668
long_content_30k_003/lc30k003_3082_gc2500_rp0.02_mr2E-4_ss200.fa	30	14.945	8.679	77.602
long_content_30k_003/lc30k003_3083_gc2500_rp0.01_mr5E-4_ss100.fa	16	29.056	23.954	80.825
long_content_30k_003/lc30k003_3084_gc2500_rp0.03_mr3E-4_ss200.fa	24	15.674	11.622	78.216
long_content_30k_003/lc30k003_3085_gc2000_rp0.01_mr3E-4_ss100.fa	28	29.600	33.895	70.076
long_content_30k_003/lc30k003_3086_gc2000_rp0.01_mr3E-4_ss200.fa	30	9.020	7.937	75.193
long_content_30k_003/lc30k003_3087_gc2000_rp0.02_mr2E-4_ss200.fa	29	24.795	21.437	61.363
long_content_30k_003/lc30k003_3088_gc2500_rp0.02_mr5E-4_ss200.fa	30	19.020	15.032	63.581
long_content_30k_003/lc30k003_3089_gc2500_rp0.03_mr5E-4_ss200.fa	30	31.877	32.178	72.810
long_content_30k_003/lc30k003_308_gc2000_rp0.03_mr5E-4_ss100.fa	27	30.960	30.273	54.667
long_content_30k_003/lc30k003_3090_gc2000_rp0.02_mr5E-4_ss200.fa	25	41.729	47.896	62.859
long_content_30k_003/lc30k003_3091_gc2000_rp0.03_mr2E-4_ss200.fa	23	18.145	10.032	72.618
long_content_30k_003/lc30k003_3092_gc2000_rp0.02_mr3E-4_ss100.fa	30	34.939	35.104	73.022
long_content_30k_003/lc30k003_3093_gc2500_rp0.03_mr2E-4_ss200.fa	30	26.348	26.604	75.781
long_content_30k_003/lc30k003_3094_gc2000_rp0.02_mr3E-4_ss200.fa	11	14.027	7.193	46.703
long_content_30k_003/lc30k003_3095_gc2500_rp0.01_mr2E-4_ss100.fa	30	21.512	30.035	68.848
long_content_30k_003/lc30k003_3096_gc2500_rp0.03_mr5E-4_ss100.fa	4	2.939	2.928	41.335
long_content_30k_003/lc30k003_3097_gc2500_rp0.02_mr2E-4_ss100.fa	30	16.400	11.474	76.115
long_content_30k_003/lc30k003_3098_gc2500_rp0.02_mr3E-4_ss100.fa	30	15.266	14.101	72.950
long_content_30k_003/lc30k003_3099_gc2000_rp0.03_mr3E-4_ss100.fa	24	18.031	18.161	82.908
long_content_30k_003/lc30k003_309_gc2500_rp0.01_mr3E-4_ss200.fa	30	48.572	57.657	57.855
long_content_30k_003/lc30k003_3100_gc2500_rp0.02_mr3E-4_ss200.fa	24	27.180	28.762	74.075
long_content_30k_003/lc30k003_3101_gc2500_rp0.03_mr2E-4_ss100.fa	27	19.416	24.974	73.608
long_content_30k_003/lc30k003_3102_gc2500_rp0.01_mr2E-4_ss200.fa	30	19.530	19.608	78.891
long_content_30k_003/lc30k003_3103_gc2000_rp0.01_mr2E-4_ss100.fa	27	34.929	35.004	67.341
long_content_30k_003/lc30k003_3104_gc2000_rp0.02_mr5E-4_ss100.fa	30	33.783	36.205	69.954
long_content_30k_003/lc30k003_3105_gc2000_rp0.03_mr5E-4_ss200.fa	30	32.110	27.668	64.276
long_content_30k_003/lc30k003_3106_gc2500_rp0.02_mr5E-4_ss100.fa	30	30.314	18.699	49.567
long_content_30k_003/lc30k003_3107_gc2500_rp0.01_mr5E-4_ss200.fa	30	45.790	47.592	54.542
long_content_30k_003/lc30k003_3108_gc2000_rp0.01_mr5E-4_ss100.fa	17	33.790	29.490	38.694
long_content_30k_003/lc30k003_3109_gc2000_rp0.01_mr2E-4_ss200.fa	30	17.570	17.079	77.180
long_content_30k_003/lc30k003_310_gc2500_rp0.02_mr2E-4_ss200.fa	15	21.809	30.390	74.440
long_content_30k_003/lc30k003_3110_gc2500_rp0.03_mr3E-4_ss100.fa	27	31.097	36.436	69.419
long_content_30k_003/lc30k003_3111_gc2000_rp0.03_mr2E-4_ss100.fa	20	17.497	13.182	79.414
long_content_30k_003/lc30k003_3112_gc2500_rp0.01_mr3E-4_ss100.fa	2	16.881	16.881	84.735
long_content_30k_003/lc30k003_3113_gc2000_rp0.03_mr3E-4_ss200.fa	7	32.159	22.564	54.252
long_content_30k_003/lc30k003_3114_gc2000_rp0.01_mr5E-4_ss200.fa	30	18.685	18.776	44.879
long_content_30k_003/lc30k003_3115_gc2000_rp0.02_mr2E-4_ss100.fa	30	29.374	34.154	73.248
long_content_30k_003/lc30k003_3116_gc2000_rp0.03_mr5E-4_ss100.fa	27	27.055	11.743	61.920
long_content_30k_003/lc30k003_3117_gc2500_rp0.01_mr3E-4_ss200.fa	19	21.493	19.367	84.531
long_content_30k_003/lc30k003_3118_gc2500_rp0.02_mr2E-4_ss200.fa	30	5.567	3.595	85.203
long_content_30k_003/lc30k003_3119_gc2500_rp0.01_mr5E-4_ss100.fa	30	29.849	22.064	58.694
long_content_30k_003/lc30k003_311_gc2500_rp0.01_mr5E-4_ss100.fa	30	6.561	1.504	46.535
long_content_30k_003/lc30k003_3120_gc2500_rp0.03_mr3E-4_ss200.fa	30	31.973	36.923	69.855
long_content_30k_003/lc30k003_3121_gc2000_rp0.01_mr3E-4_ss100.fa	16	10.166	3.213	59.764
long_content_30k_003/lc30k003_3122_gc2000_rp0.01_mr3E-4_ss200.fa	30	27.682	27.773	77.859
long_content_30k_003/lc30k003_3123_gc2000_rp0.02_mr2E-4_ss200.fa	30	20.826	22.610	84.698
long_content_30k_003/lc30k003_3124_gc2500_rp0.02_mr5E-4_ss200.fa	30	38.078	36.247	59.951
long_content_30k_003/lc30k003_3125_gc2500_rp0.03_mr5E-4_ss200.fa	13	31.458	16.032	47.705
long_content_30k_003/lc30k003_3126_gc2000_rp0.02_mr5E-4_ss200.fa	30	17.889	18.661	58.775
long_content_30k_003/lc30k003_3127_gc2000_rp0.03_mr2E-4_ss200.fa	25	22.677	30.056	72.788
long_content_30k_003/lc30k003_3128_gc2000_rp0.02_mr3E-4_ss100.fa	28	23.132	24.788	80.024
long_content_30k_003/lc30k003_3129_gc2500_rp0.03_mr2E-4_ss200.fa	18	17.323	12.632	76.749
long_content_30k_003/lc30k003_312_gc2500_rp0.03_mr3E-4_ss200.fa	30	14.234	14.595	87.402
long_content_30k_003/lc30k003_3130_gc2000_rp0.02_mr3E-4_ss200.fa	26	26.443	27.704	78.585
long_content_30k_003/lc30k003_3131_gc2500_rp0.01_mr2E-4_ss100.fa	6	8.959	8.959	94.942
long_content_30k_003/lc30k003_3132_gc2500_rp0.03_mr5E-4_ss100.fa	20	25.317	25.917	72.669
long_content_30k_003/lc30k003_3133_gc2500_rp0.02_mr2E-4_ss100.fa	30	16.573	17.693	84.360
long_content_30k_003/lc30k003_3134_gc2500_rp0.02_mr3E-4_ss100.fa	16	34.268	34.595	65.823
long_content_30k_003/lc30k003_3135_gc2000_rp0.03_mr3E-4_ss100.fa	22	28.286	30.561	73.144
long_content_30k_003/lc30k003_3136_gc2500_rp0.02_mr3E-4_ss200.fa	30	45.516	46.113	66.842
long_content_30k_003/lc30k003_3137_gc2500_rp0.03_mr2E-4_ss100.fa	22	22.089	21.114	79.973
long_content_30k_003/lc30k003_3138_gc2500_rp0.01_mr2E-4_ss200.fa	30	18.540	19.098	82.968
long_content_30k_003/lc30k003_3139_gc2000_rp0.01_mr2E-4_ss100.fa	30	20.526	21.372	76.255
long_content_30k_003/lc30k003_313_gc2000_rp0.01_mr3E-4_ss100.fa	30	23.645	25.149	74.320
long_content_30k_003/lc30k003_3140_gc2000_rp0.02_mr5E-4_ss100.fa	30	48.512	45.937	57.994
long_content_30k_003/lc30k003_3141_gc2000_rp0.03_mr5E-4_ss200.fa	18	25.226	21.238	56.528
long_content_30k_003/lc30k003_3142_gc2500_rp0.02_mr5E-4_ss100.fa	22	29.474	17.938	62.827
long_content_30k_003/lc30k003_3143_gc2500_rp0.01_mr5E-4_ss200.fa	30	40.987	29.401	47.191
long_content_30k_003/lc30k003_3144_gc2000_rp0.01_mr5E-4_ss100.fa	10	37.542	41.062	76.133
long_content_30k_003/lc30k003_3145_gc2000_rp0.01_mr2E-4_ss200.fa	19	53.136	52.933	49.513
long_content_30k_003/lc30k003_3146_gc2500_rp0.03_mr3E-4_ss100.fa	28	18.218	16.169	76.146
long_content_30k_003/lc30k003_3147_gc2000_rp0.03_mr2E-4_ss100.fa	30	18.133	19.992	77.202
long_content_30k_003/lc30k003_3148_gc2500_rp0.01_mr3E-4_ss100.fa	20	14.310	5.432	67.264
long_content_30k_003/lc30k003_3149_gc2000_rp0.03_mr3E-4_ss200.fa	30	21.006	25.086	78.990
long_content_30k_003/lc30k003_314_gc2000_rp0.01_mr3E-4_ss200.fa	30	37.985	38.410	62.363
long_content_30k_003/lc30k003_3150_gc2000_rp0.01_mr5E-4_ss200.fa	25	17.809	19.756	37.716
long_content_30k_003/lc30k003_3151_gc2000_rp0.02_mr2E-4_ss100.fa	20	12.882	6.714	66.517
long_content_30k_003/lc30k003_3152_gc2000_rp0.03_mr5E-4_ss100.fa	19	20.919	14.530	68.979
long_content_30k_003/lc30k003_3153_gc2500_rp0.01_mr3E-4_ss200.fa	14	47.581	47.618	66.160
long_content_30k_003/lc30k003_3154_gc2500_rp0.02_mr2E-4_ss200.fa	13	12.593	10.835	85.063
long_content_30k_003/lc30k003_3155_gc2500_rp0.01_mr5E-4_ss100.fa	30	48.929	53.217	54.601
long_content_30k_003/lc30k003_3156_gc2500_rp0.03_mr3E-4_ss200.fa	23	18.821	18.258	78.086
long_content_30k_003/lc30k003_3157_gc2000_rp0.01_mr3E-4_ss100.fa	30	25.886	25.864	76.482
long_content_30k_003/lc30k003_3158_gc2000_rp0.01_mr3E-4_ss200.fa	18	18.015	18.966	71.741
long_content_30k_003/lc30k003_3159_gc2000_rp0.02_mr2E-4_ss200.fa	30	21.133	19.049	70.653
long_content_30k_003/lc30k003_315_gc2000_rp0.02_mr2E-4_ss200.fa	30	17.849	27.290	75.059
long_content_30k_003/lc30k003_3160_gc2500_rp0.02_mr5E-4_ss200.fa	15	33.342	46.638	53.569
long_content_30k_003/lc30k003_3161_gc2500_rp0.03_mr5E-4_ss200.fa	26	29.749	28.501	52.100
long_content_30k_003/lc30k003_3162_gc2000_rp0.02_mr5E-4_ss200.fa	8	41.480	40.505	53.313
long_content_30k_003/lc30k003_3163_gc2000_rp0.03_mr2E-4_ss200.fa	14	12.828	11.538	70.628
long_content_30k_003/lc30k003_3164_gc2000_rp0.02_mr3E-4_ss100.fa	24	18.003	25.766	71.578
long_content_30k_003/lc30k003_3165_gc2500_rp0.03_mr2E-4_ss200.fa	29	20.864	24.124	75.341
long_content_30k_003/lc30k003_3166_gc2000_rp0.02_mr3E-4_ss200.fa	26	22.935	22.302	84.174
long_content_30k_003/lc30k003_3167_gc2500_rp0.01_mr2E-4_ss100.fa	30	22.756	21.704	77.607
long_content_30k_003/lc30k003_3168_gc2500_rp0.03_mr5E-4_ss100.fa	30	40.509	42.260	60.825
long_content_30k_003/lc30k003_3169_gc2500_rp0.02_mr2E-4_ss100.fa	30	23.426	28.564	79.398
long_content_30k_003/lc30k003_316_gc2500_rp0.02_mr5E-4_ss200.fa	29	26.578	30.864	56.429
long_content_30k_003/lc30k003_3170_gc2500_rp0.02_mr3E-4_ss100.fa	22	23.464	23.463	81.406
long_content_30k_003/lc30k003_3171_gc2000_rp0.03_mr3E-4_ss100.fa	22	14.705	5.586	74.889
long_content_30k_003/lc30k003_3172_gc2500_rp0.02_mr3E-4_ss200.fa	30	22.925	34.604	68.131
long_content_30k_003/lc30k003_3173_gc2500_rp0.03_mr2E-4_ss100.fa	30	20.629	24.901	76.838
long_content_30k_003/lc30k003_3174_gc2500_rp0.01_mr2E-4_ss200.fa	30	8.110	8.068	73.135
long_content_30k_003/lc30k003_3175_gc2000_rp0.01_mr2E-4_ss100.fa	30	27.159	7.174	60.878
long_content_30k_003/lc30k003_3176_gc2000_rp0.02_mr5E-4_ss100.fa	29	38.626	39.149	67.825
long_content_30k_003/lc30k003_3177_gc2000_rp0.03_mr5E-4_ss200.fa	8	41.502	38.955	56.925
long_content_30k_003/lc30k003_3178_gc2500_rp0.02_mr5E-4_ss100.fa	30	43.332	49.872	59.471
long_content_30k_003/lc30k003_3179_gc2500_rp0.01_mr5E-4_ss200.fa	30	32.477	38.134	42.615
long_content_30k_003/lc30k003_317_gc2500_rp0.03_mr5E-4_ss200.fa	28	38.376	40.556	67.292
long_content_30k_003/lc30k003_3180_gc2000_rp0.01_mr5E-4_ss100.fa	30	58.171	64.511	53.017
long_content_30k_003/lc30k003_3181_gc2000_rp0.01_mr2E-4_ss200.fa	13	49.323	49.257	68.694
long_content_30k_003/lc30k003_3182_gc2500_rp0.03_mr3E-4_ss100.fa	25	17.030	7.172	55.625
long_content_30k_003/lc30k003_3183_gc2000_rp0.03_mr2E-4_ss100.fa	30	16.529	19.571	85.747
long_content_30k_003/lc30k003_3184_gc2500_rp0.01_mr3E-4_ss100.fa	5	21.425	30.530	80.294
long_content_30k_003/lc30k003_3185_gc2000_rp0.03_mr3E-4_ss200.fa	19	11.742	5.779	68.181
long_content_30k_003/lc30k003_3186_gc2000_rp0.01_mr5E-4_ss200.fa	7	40.989	48.517	76.036
long_content_30k_003/lc30k003_3187_gc2000_rp0.02_mr2E-4_ss100.fa	21	11.903	10.824	86.910
long_content_30k_003/lc30k003_3188_gc2000_rp0.03_mr5E-4_ss100.fa	29	24.582	7.498	52.756
long_content_30k_003/lc30k003_3189_gc2500_rp0.01_mr3E-4_ss200.fa	11	16.720	7.781	68.639
long_content_30k_003/lc30k003_318_gc2000_rp0.02_mr5E-4_ss200.fa	25	45.929	53.652	60.166
long_content_30k_003/lc30k003_3190_gc2500_rp0.02_mr2E-4_ss200.fa	5	11.269	10.264	84.955
long_content_30k_003/lc30k003_3191_gc2500_rp0.01_mr5E-4_ss100.fa	24	35.802	35.796	64.469
long_content_30k_003/lc30k003_3192_gc2500_rp0.03_mr3E-4_ss200.fa	30	21.024	22.164	70.514
long_content_30k_003/lc30k003_3193_gc2000_rp0.01_mr3E-4_ss100.fa	11	2.169	2.168	80.290
long_content_30k_003/lc30k003_3194_gc2000_rp0.01_mr3E-4_ss200.fa	30	18.016	11.907	72.348
long_content_30k_003/lc30k003_3195_gc2000_rp0.02_mr2E-4_ss200.fa	13	43.819	47.080	71.275
long_content_30k_003/lc30k003_3196_gc2500_rp0.02_mr5E-4_ss200.fa	30	25.612	22.069	71.221
long_content_30k_003/lc30k003_3197_gc2500_rp0.03_mr5E-4_ss200.fa	9	15.143	3.740	55.304
long_content_30k_003/lc30k003_3198_gc2000_rp0.02_mr5E-4_ss200.fa	26	48.184	49.201	57.854
long_content_30k_003/lc30k003_3199_gc2000_rp0.03_mr2E-4_ss200.fa	13	16.290	7.561	70.627
long_content_30k_003/lc30k003_319_gc2000_rp0.03_mr2E-4_ss200.fa	20	25.198	29.376	77.143
long_content_30k_003/lc30k003_3200_gc2000_rp0.02_mr3E-4_ss100.fa	23	24.605	15.470	49.706
long_content_30k_003/lc30k003_3201_gc2500_rp0.03_mr2E-4_ss200.fa	25	26.259	27.644	73.481
long_content_30k_003/lc30k003_3202_gc2000_rp0.02_mr3E-4_ss200.fa	25	25.066	29.863	76.551
long_content_30k_003/lc30k003_3203_gc2500_rp0.01_mr2E-4_ss100.fa	9	8.020	8.507	91.685
long_content_30k_003/lc30k003_3204_gc2500_rp0.03_mr5E-4_ss100.fa	23	20.456	14.966	58.628
long_content_30k_003/lc30k003_3205_gc2500_rp0.02_mr2E-4_ss100.fa	13	15.975	16.242	72.154
long_content_30k_003/lc30k003_3206_gc2500_rp0.02_mr3E-4_ss100.fa	30	18.224	15.234	71.310
long_content_30k_003/lc30k003_3207_gc2000_rp0.03_mr3E-4_ss100.fa	30	19.018	21.588	79.455
long_content_30k_003/lc30k003_3208_gc2500_rp0.02_mr3E-4_ss200.fa	30	22.262	13.660	70.454
long_content_30k_003/lc30k003_3209_gc2500_rp0.03_mr2E-4_ss100.fa	23	31.321	31.163	68.755
long_content_30k_003/lc30k003_320_gc2000_rp0.02_mr3E-4_ss100.fa	30	17.250	17.995	83.526
long_content_30k_003/lc30k003_3210_gc2500_rp0.01_mr2E-4_ss200.fa	30	15.972	18.280	84.319
long_content_30k_003/lc30k003_3211_gc2000_rp0.01_mr2E-4_ss100.fa	27	8.129	6.006	76.136
long_content_30k_003/lc30k003_3212_gc2000_rp0.02_mr5E-4_ss100.fa	30	46.821	47.592	51.016
long_content_30k_003/lc30k003_3213_gc2000_rp0.03_mr5E-4_ss200.fa	30	35.056	39.254	57.191
long_content_30k_003/lc30k003_3214_gc2500_rp0.02_mr5E-4_ss100.fa	22	28.794	23.757	69.285
long_content_30k_003/lc30k003_3215_gc2500_rp0.01_mr5E-4_ss200.fa	19	24.866	24.850	42.437
long_content_30k_003/lc30k003_3216_gc2000_rp0.01_mr5E-4_ss100.fa	30	40.149	31.710	43.331
long_content_30k_003/lc30k003_3217_gc2000_rp0.01_mr2E-4_ss200.fa	13	23.549	22.303	51.908
long_content_30k_003/lc30k003_3218_gc2500_rp0.03_mr3E-4_ss100.fa	20	27.380	28.076	73.013
long_content_30k_003/lc30k003_3219_gc2000_rp0.03_mr2E-4_ss100.fa	10	11.416	6.916	82.023
long_content_30k_003/lc30k003_321_gc2500_rp0.03_mr2E-4_ss200.fa	25	13.707	14.989	82.402
long_content_30k_003/lc30k003_3220_gc2500_rp0.01_mr3E-4_ss100.fa	29	40.781	54.314	56.249
long_content_30k_003/lc30k003_3221_gc2000_rp0.03_mr3E-4_ss200.fa	8	17.996	13.575	76.706
long_content_30k_003/lc30k003_3222_gc2000_rp0.01_mr5E-4_ss200.fa	30	26.413	14.925	39.648
long_content_30k_003/lc30k003_3223_gc2000_rp0.02_mr2E-4_ss100.fa	30	15.740	12.489	81.637
long_content_30k_003/lc30k003_3224_gc2000_rp0.03_mr5E-4_ss100.fa	17	27.136	25.987	69.358
long_content_30k_003/lc30k003_3225_gc2500_rp0.01_mr3E-4_ss200.fa	30	52.297	54.559	54.128
long_content_30k_003/lc30k003_3226_gc2500_rp0.02_mr2E-4_ss200.fa	13	14.024	8.668	63.693
long_content_30k_003/lc30k003_3227_gc2500_rp0.01_mr5E-4_ss100.fa	18	43.037	47.766	68.928
long_content_30k_003/lc30k003_3228_gc2500_rp0.03_mr3E-4_ss200.fa	30	21.920	21.341	58.700
long_content_30k_003/lc30k003_3229_gc2000_rp0.01_mr3E-4_ss100.fa	30	26.791	25.519	77.023
long_content_30k_003/lc30k003_322_gc2000_rp0.02_mr3E-4_ss200.fa	20	25.603	12.591	58.704
long_content_30k_003/lc30k003_3230_gc2000_rp0.01_mr3E-4_ss200.fa	30	18.495	11.070	70.569
long_content_30k_003/lc30k003_3231_gc2000_rp0.02_mr2E-4_ss200.fa	20	25.100	32.417	74.409
long_content_30k_003/lc30k003_3232_gc2500_rp0.02_mr5E-4_ss200.fa	30	22.369	21.327	83.767
long_content_30k_003/lc30k003_3233_gc2500_rp0.03_mr5E-4_ss200.fa	30	37.307	50.292	50.958
long_content_30k_003/lc30k003_3234_gc2000_rp0.02_mr5E-4_ss200.fa	3	48.066	54.960	68.219
long_content_30k_003/lc30k003_3235_gc2000_rp0.03_mr2E-4_ss200.fa	25	11.128	11.085	79.791
long_content_30k_003/lc30k003_3236_gc2000_rp0.02_mr3E-4_ss100.fa	27	29.679	30.680	75.951
long_content_30k_003/lc30k003_3237_gc2500_rp0.03_mr2E-4_ss200.fa	9	14.770	10.950	76.400
long_content_30k_003/lc30k003_3238_gc2000_rp0.02_mr3E-4_ss200.fa	30	16.673	9.860	71.397
long_content_30k_003/lc30k003_3239_gc2500_rp0.01_mr2E-4_ss100.fa	30	10.537	10.062	75.297
long_content_30k_003/lc30k003_323_gc2500_rp0.01_mr2E-4_ss100.fa	30	17.421	17.773	82.532
long_content_30k_003/lc30k003_3240_gc2500_rp0.03_mr5E-4_ss100.fa	9	48.552	54.850	59.460
long_content_30k_003/lc30k003_3241_gc2500_rp0.02_mr2E-4_ss100.fa	30	18.435	7.385	66.179
long_content_30k_003/lc30k003_3242_gc2500_rp0.02_mr3E-4_ss100.fa	22	20.530	10.548	54.755
long_content_30k_003/lc30k003_3243_gc2000_rp0.03_mr3E-4_ss100.fa	25	25.960	36.243	70.808
long_content_30k_003/lc30k003_3244_gc2500_rp0.02_mr3E-4_ss200.fa	30	8.588	6.597	67.088
long_content_30k_003/lc30k003_3245_gc2500_rp0.03_mr2E-4_ss100.fa	30	25.601	17.964	62.735
long_content_30k_003/lc30k003_3246_gc2500_rp0.01_mr2E-4_ss200.fa	18	7.832	8.322	76.528
long_content_30k_003/lc30k003_3247_gc2000_rp0.01_mr2E-4_ss100.fa	1	9.865	9.865	89.047
long_content_30k_003/lc30k003_3248_gc2000_rp0.02_mr5E-4_ss100.fa	17	43.951	54.553	50.006
long_content_30k_003/lc30k003_3249_gc2000_rp0.03_mr5E-4_ss200.fa	20	37.613	52.046	58.703
long_content_30k_003/lc30k003_324_gc2500_rp0.03_mr5E-4_ss100.fa	25	32.614	31.867	70.721
long_content_30k_003/lc30k003_3250_gc2500_rp0.02_mr5E-4_ss100.fa	17	16.900	11.796	56.083
long_content_30k_003/lc30k003_3251_gc2500_rp0.01_mr5E-4_ss200.fa	30	20.383	25.348	59.211
long_content_30k_003/lc30k003_3252_gc2000_rp0.01_mr5E-4_ss100.fa	23	47.858	48.690	62.811
long_content_30k_003/lc30k003_3253_gc2000_rp0.01_mr2E-4_ss200.fa	30	27.626	36.324	68.831
long_content_30k_003/lc30k003_3254_gc2500_rp0.03_mr3E-4_ss100.fa	30	16.050	11.604	71.683
long_content_30k_003/lc30k003_3255_gc2000_rp0.03_mr2E-4_ss100.fa	23	24.392	27.416	73.577
long_content_30k_003/lc30k003_3256_gc2500_rp0.01_mr3E-4_ss100.fa	30	7.572	6.628	65.112
long_content_30k_003/lc30k003_3257_gc2000_rp0.03_mr3E-4_ss200.fa	27	22.369	25.002	70.200
long_content_30k_003/lc30k003_3258_gc2000_rp0.01_mr5E-4_ss200.fa	30	29.787	34.364	53.230
long_content_30k_003/lc30k003_3259_gc2000_rp0.02_mr2E-4_ss100.fa	20	17.051	16.879	83.492
long_content_30k_003/lc30k003_325_gc2500_rp0.02_mr2E-4_ss100.fa	20	24.720	14.865	65.277
long_content_30k_003/lc30k003_3260_gc2000_rp0.03_mr5E-4_ss100.fa	23	28.532	28.872	65.798
long_content_30k_003/lc30k003_3261_gc2500_rp0.01_mr3E-4_ss200.fa	21	8.952	7.610	62.149
long_content_30k_003/lc30k003_3262_gc2500_rp0.02_mr2E-4_ss200.fa	30	25.315	25.097	74.985
long_content_30k_003/lc30k003_3263_gc2500_rp0.01_mr5E-4_ss100.fa	15	30.530	29.585	75.062
long_content_30k_003/lc30k003_3264_gc2500_rp0.03_mr3E-4_ss200.fa	15	30.217	30.037	70.397
long_content_30k_003/lc30k003_3265_gc2000_rp0.01_mr3E-4_ss100.fa	27	20.737	15.485	60.676
long_content_30k_003/lc30k003_3266_gc2000_rp0.01_mr3E-4_ss200.fa	15	13.151	17.146	78.436
long_content_30k_003/lc30k003_3267_gc2000_rp0.02_mr2E-4_ss200.fa	30	14.011	13.437	88.050
long_content_30k_003/lc30k003_3268_gc2500_rp0.02_mr5E-4_ss200.fa	30	37.361	38.155	62.472
long_content_30k_003/lc30k003_3269_gc2500_rp0.03_mr5E-4_ss200.fa	12	44.261	49.065	57.862
long_content_30k_003/lc30k003_326_gc2500_rp0.02_mr3E-4_ss100.fa	27	21.736	23.406	70.619
long_content_30k_003/lc30k003_3270_gc2000_rp0.02_mr5E-4_ss200.fa	16	27.536	27.691	60.072
long_content_30k_003/lc30k003_3271_gc2000_rp0.03_mr2E-4_ss200.fa	30	16.687	15.624	87.014
long_content_30k_003/lc30k003_3272_gc2000_rp0.02_mr3E-4_ss100.fa	20	34.625	36.641	60.271
long_content_30k_003/lc30k003_3273_gc2500_rp0.03_mr2E-4_ss200.fa	25	26.905	21.764	76.191
long_content_30k_003/lc30k003_3274_gc2000_rp0.02_mr3E-4_ss200.fa	10	28.802	33.241	72.001
long_content_30k_003/lc30k003_3275_gc2500_rp0.01_mr2E-4_ss100.fa	30	16.770	13.452	76.263
long_content_30k_003/lc30k003_3276_gc2500_rp0.03_mr5E-4_ss100.fa	28	33.939	32.443	67.323
long_content_30k_003/lc30k003_3277_gc2500_rp0.02_mr2E-4_ss100.fa	26	9.142	10.323	84.652
long_content_30k_003/lc30k003_3278_gc2500_rp0.02_mr3E-4_ss100.fa	16	4.969	3.960	68.599
long_content_30k_003/lc30k003_3279_gc2000_rp0.03_mr3E-4_ss100.fa	29	21.380	26.917	79.508
long_content_30k_003/lc30k003_327_gc2000_rp0.03_mr3E-4_ss100.fa	30	38.547	43.057	72.028
long_content_30k_003/lc30k003_3280_gc2500_rp0.02_mr3E-4_ss200.fa	30	19.863	20.631	75.227
long_content_30k_003/lc30k003_3281_gc2500_rp0.03_mr2E-4_ss100.fa	30	18.349	22.428	79.269
long_content_30k_003/lc30k003_3282_gc2500_rp0.01_mr2E-4_ss200.fa	30	16.986	16.842	84.819
long_content_30k_003/lc30k003_3283_gc2000_rp0.01_mr2E-4_ss100.fa	30	19.888	20.995	82.756
long_content_30k_003/lc30k003_3284_gc2000_rp0.02_mr5E-4_ss100.fa	30	31.873	34.023	68.998
long_content_30k_003/lc30k003_3285_gc2000_rp0.03_mr5E-4_ss200.fa	20	44.318	43.713	65.814
long_content_30k_003/lc30k003_3286_gc2500_rp0.02_mr5E-4_ss100.fa	30	45.810	45.780	63.917
long_content_30k_003/lc30k003_3287_gc2500_rp0.01_mr5E-4_ss200.fa	23	44.977	54.436	53.232
long_content_30k_003/lc30k003_3288_gc2000_rp0.01_mr5E-4_ss100.fa	29	39.225	47.997	58.960
long_content_30k_003/lc30k003_3289_gc2000_rp0.01_mr2E-4_ss200.fa	10	31.410	32.406	77.490
long_content_30k_003/lc30k003_328_gc2500_rp0.02_mr3E-4_ss200.fa	18	34.960	41.941	66.804
long_content_30k_003/lc30k003_3290_gc2500_rp0.03_mr3E-4_ss100.fa	3	51.968	52.083	58.476
long_content_30k_003/lc30k003_3291_gc2000_rp0.03_mr2E-4_ss100.fa	26	12.388	14.979	88.637
long_content_30k_003/lc30k003_3292_gc2500_rp0.01_mr3E-4_ss100.fa	30	23.089	23.844	76.001
long_content_30k_003/lc30k003_3293_gc2000_rp0.03_mr3E-4_ss200.fa	22	21.797	12.907	65.766
long_content_30k_003/lc30k003_3294_gc2000_rp0.01_mr5E-4_ss200.fa	4	53.606	53.655	70.884
long_content_30k_003/lc30k003_3295_gc2000_rp0.02_mr2E-4_ss100.fa	29	11.090	9.395	87.686
long_content_30k_003/lc30k003_3296_gc2000_rp0.03_mr5E-4_ss100.fa	26	21.294	21.205	79.837
long_content_30k_003/lc30k003_3297_gc2500_rp0.01_mr3E-4_ss200.fa	21	9.844	7.641	59.449
long_content_30k_003/lc30k003_3298_gc2500_rp0.02_mr2E-4_ss200.fa	23	27.471	33.124	68.683
long_content_30k_003/lc30k003_3299_gc2500_rp0.01_mr5E-4_ss100.fa	30	24.613	20.111	48.421
long_content_30k_003/lc30k003_329_gc2500_rp0.03_mr2E-4_ss100.fa	28	17.043	18.290	83.016
long_content_30k_003/lc30k003_3300_gc2500_rp0.03_mr3E-4_ss200.fa	12	32.783	30.498	61.340
long_content_30k_003/lc30k003_3301_gc2000_rp0.01_mr3E-4_ss100.fa	30	8.809	8.830	59.665
long_content_30k_003/lc30k003_3302_gc2000_rp0.01_mr3E-4_ss200.fa	19	24.979	23.558	52.544
long_content_30k_003/lc30k003_3303_gc2000_rp0.02_mr2E-4_ss200.fa	19	11.151	2.706	79.637
long_content_30k_003/lc30k003_3304_gc2500_rp0.02_mr5E-4_ss200.fa	30	49.761	51.539	51.370
long_content_30k_003/lc30k003_3305_gc2500_rp0.03_mr5E-4_ss200.fa	9	46.071	57.844	49.234
long_content_30k_003/lc30k003_3306_gc2000_rp0.02_mr5E-4_ss200.fa	30	19.829	16.670	52.973
long_content_30k_003/lc30k003_3307_gc2000_rp0.03_mr2E-4_ss200.fa	17	34.555	36.342	71.788
long_content_30k_003/lc30k003_3308_gc2000_rp0.02_mr3E-4_ss100.fa	23	28.428	34.456	73.643
long_content_30k_003/lc30k003_3309_gc2500_rp0.03_mr2E-4_ss200.fa	15	5.028	5.601	55.741
long_content_30k_003/lc30k003_330_gc2500_rp0.01_mr2E-4_ss200.fa	30	15.242	11.074	65.859
long_content_30k_003/lc30k003_3310_gc2000_rp0.02_mr3E-4_ss200.fa	18	22.035	16.967	71.042
long_content_30k_003/lc30k003_3311_gc2500_rp0.01_mr2E-4_ss100.fa	30	20.111	17.921	66.527
long_content_30k_003/lc30k003_3312_gc2500_rp0.03_mr5E-4_ss100.fa	30	30.053	30.045	63.102
long_content_30k_003/lc30k003_3313_gc2500_rp0.02_mr2E-4_ss100.fa	9	13.220	13.177	83.639
long_content_30k_003/lc30k003_3314_gc2500_rp0.02_mr3E-4_ss100.fa	18	22.111	17.936	71.208
long_content_30k_003/lc30k003_3315_gc2000_rp0.03_mr3E-4_ss100.fa	29	19.190	17.684	78.095
long_content_30k_003/lc30k003_3316_gc2500_rp0.02_mr3E-4_ss200.fa	30	23.495	24.541	82.590
long_content_30k_003/lc30k003_3317_gc2500_rp0.03_mr2E-4_ss100.fa	22	13.996	9.255	75.920
long_content_30k_003/lc30k003_3318_gc2500_rp0.01_mr2E-4_ss200.fa	20	31.252	32.894	81.854
long_content_30k_003/lc30k003_3319_gc2000_rp0.01_mr2E-4_ss100.fa	30	16.091	16.505	86.521
long_content_30k_003/lc30k003_331_gc2000_rp0.01_mr2E-4_ss100.fa	30	22.639	12.470	67.880
long_content_30k_003/lc30k003_3320_gc2000_rp0.02_mr5E-4_ss100.fa	17	25.729	25.740	47.142
long_content_30k_003/lc30k003_3321_gc2000_rp0.03_mr5E-4_ss200.fa	26	14.051	8.150	52.621
long_content_30k_003/lc30k003_3322_gc2500_rp0.02_mr5E-4_ss100.fa	21	46.653	46.340	48.778
long_content_30k_003/lc30k003_3323_gc2500_rp0.01_mr5E-4_ss200.fa	13	23.002	21.780	79.959
long_content_30k_003/lc30k003_3324_gc2000_rp0.01_mr5E-4_ss100.fa	0	0.000	0.000	0.000
long_content_30k_003/lc30k003_3325_gc2000_rp0.01_mr2E-4_ss200.fa	30	20.329	17.783	76.027
long_content_30k_003/lc30k003_3326_gc2500_rp0.03_mr3E-4_ss100.fa	27	28.671	36.943	65.055
long_content_30k_003/lc30k003_3327_gc2000_rp0.03_mr2E-4_ss100.fa	25	9.785	7.230	81.885
long_content_30k_003/lc30k003_3328_gc2500_rp0.01_mr3E-4_ss100.fa	30	31.782	34.679	77.669
long_content_30k_003/lc30k003_3329_gc2000_rp0.03_mr3E-4_ss200.fa	28	30.502	43.202	67.007
long_content_30k_003/lc30k003_332_gc2000_rp0.02_mr5E-4_ss100.fa	30	19.088	18.087	59.338
long_content_30k_003/lc30k003_3330_gc2000_rp0.01_mr5E-4_ss200.fa	17	22.051	16.168	53.769
long_content_30k_003/lc30k003_3331_gc2000_rp0.02_mr2E-4_ss100.fa	30	9.721	7.312	86.356
long_content_30k_003/lc30k003_3332_gc2000_rp0.03_mr5E-4_ss100.fa	17	37.007	45.096	60.106
long_content_30k_003/lc30k003_3333_gc2500_rp0.01_mr3E-4_ss200.fa	30	19.109	16.539	63.654
long_content_30k_003/lc30k003_3334_gc2500_rp0.02_mr2E-4_ss200.fa	30	16.443	14.528	85.614
long_content_30k_003/lc30k003_3335_gc2500_rp0.01_mr5E-4_ss100.fa	30	34.633	31.162	62.992
long_content_30k_003/lc30k003_3336_gc2500_rp0.03_mr3E-4_ss200.fa	29	16.468	13.949	75.048
long_content_30k_003/lc30k003_3337_gc2000_rp0.01_mr3E-4_ss100.fa	30	38.618	30.646	47.733
long_content_30k_003/lc30k003_3338_gc2000_rp0.01_mr3E-4_ss200.fa	19	16.771	22.883	80.145
long_content_30k_003/lc30k003_3339_gc2000_rp0.02_mr2E-4_ss200.fa	14	19.332	17.273	73.005
long_content_30k_003/lc30k003_333_gc2000_rp0.03_mr5E-4_ss200.fa	22	27.289	31.683	68.860
long_content_30k_003/lc30k003_3340_gc2500_rp0.02_mr5E-4_ss200.fa	30	35.811	29.851	57.477
long_content_30k_003/lc30k003_3341_gc2500_rp0.03_mr5E-4_ss200.fa	21	31.697	19.510	53.625
long_content_30k_003/lc30k003_3342_gc2000_rp0.02_mr5E-4_ss200.fa	26	25.354	24.387	73.896
long_content_30k_003/lc30k003_3343_gc2000_rp0.03_mr2E-4_ss200.fa	6	14.206	15.520	84.049
long_content_30k_003/lc30k003_3344_gc2000_rp0.02_mr3E-4_ss100.fa	19	14.306	17.902	71.367
long_content_30k_003/lc30k003_3345_gc2500_rp0.03_mr2E-4_ss200.fa	20	13.870	16.277	83.590
long_content_30k_003/lc30k003_3346_gc2000_rp0.02_mr3E-4_ss200.fa	30	31.735	21.387	56.487
long_content_30k_003/lc30k003_3347_gc2500_rp0.01_mr2E-4_ss100.fa	30	25.990	25.945	78.111
long_content_30k_003/lc30k003_3348_gc2500_rp0.03_mr5E-4_ss100.fa	17	24.328	30.510	58.014
long_content_30k_003/lc30k003_3349_gc2500_rp0.02_mr2E-4_ss100.fa	13	11.590	4.628	66.546
long_content_30k_003/lc30k003_334_gc2500_rp0.02_mr5E-4_ss100.fa	11	35.162	32.848	70.624
long_content_30k_003/lc30k003_3350_gc2500_rp0.02_mr3E-4_ss100.fa	30	34.992	31.519	61.340
long_content_30k_003/lc30k003_3351_gc2000_rp0.03_mr3E-4_ss100.fa	17	15.340	14.342	88.015
long_content_30k_003/lc30k003_3352_gc2500_rp0.02_mr3E-4_ss200.fa	30	15.750	14.842	84.733
long_content_30k_003/lc30k003_3353_gc2500_rp0.03_mr2E-4_ss100.fa	22	21.398	22.047	73.993
long_content_30k_003/lc30k003_3354_gc2500_rp0.01_mr2E-4_ss200.fa	2	5.777	5.777	95.403
long_content_30k_003/lc30k003_3355_gc2000_rp0.01_mr2E-4_ss100.fa	19	14.785	9.020	52.505
long_content_30k_003/lc30k003_3356_gc2000_rp0.02_mr5E-4_ss100.fa	30	28.106	24.650	47.389
long_content_30k_003/lc30k003_3357_gc2000_rp0.03_mr5E-4_ss200.fa	30	33.600	34.982	73.126
long_content_30k_003/lc30k003_3358_gc2500_rp0.02_mr5E-4_ss100.fa	30	26.980	25.410	79.267
long_content_30k_003/lc30k003_3359_gc2500_rp0.01_mr5E-4_ss200.fa	30	29.193	29.375	78.051
long_content_30k_003/lc30k003_335_gc2500_rp0.01_mr5E-4_ss200.fa	22	14.458	15.717	49.301
long_content_30k_003/lc30k003_3360_gc2000_rp0.01_mr5E-4_ss100.fa	27	27.139	18.282	51.930
long_content_30k_003/lc30k003_3361_gc2000_rp0.01_mr2E-4_ss200.fa	5	10.978	13.859	92.045
long_content_30k_003/lc30k003_3362_gc2500_rp0.03_mr3E-4_ss100.fa	23	34.429	43.836	59.615
long_content_30k_003/lc30k003_3363_gc2000_rp0.03_mr2E-4_ss100.fa	24	17.772	19.991	83.635
long_content_30k_003/lc30k003_3364_gc2500_rp0.01_mr3E-4_ss100.fa	5	18.325	23.177	87.598
long_content_30k_003/lc30k003_3365_gc2000_rp0.03_mr3E-4_ss200.fa	30	23.354	23.458	79.205
long_content_30k_003/lc30k003_3366_gc2000_rp0.01_mr5E-4_ss200.fa	16	27.245	27.325	80.928
long_content_30k_003/lc30k003_3367_gc2000_rp0.02_mr2E-4_ss100.fa	18	13.240	10.879	79.548
long_content_30k_003/lc30k003_3368_gc2000_rp0.03_mr5E-4_ss100.fa	17	32.161	45.428	69.567
long_content_30k_003/lc30k003_3369_gc2500_rp0.01_mr3E-4_ss200.fa	23	38.985	38.842	73.843
long_content_30k_003/lc30k003_336_gc2000_rp0.01_mr5E-4_ss100.fa	30	27.560	28.347	76.516
long_content_30k_003/lc30k003_3370_gc2500_rp0.02_mr2E-4_ss200.fa	30	23.247	25.848	83.198
long_content_30k_003/lc30k003_3371_gc2500_rp0.01_mr5E-4_ss100.fa	24	32.183	33.229	63.928
long_content_30k_003/lc30k003_3372_gc2500_rp0.03_mr3E-4_ss200.fa	30	26.824	14.421	65.130
long_content_30k_003/lc30k003_3373_gc2000_rp0.01_mr3E-4_ss100.fa	22	11.471	10.882	46.028
long_content_30k_003/lc30k003_3374_gc2000_rp0.01_mr3E-4_ss200.fa	25	24.678	21.503	83.336
long_content_30k_003/lc30k003_3375_gc2000_rp0.02_mr2E-4_ss200.fa	30	24.101	25.872	77.564
long_content_30k_003/lc30k003_3376_gc2500_rp0.02_mr5E-4_ss200.fa	25	28.621	25.755	62.169
long_content_30k_003/lc30k003_3377_gc2500_rp0.03_mr5E-4_ss200.fa	11	12.668	0.097	44.880
long_content_30k_003/lc30k003_3378_gc2000_rp0.02_mr5E-4_ss200.fa	29	39.478	42.037	58.359
long_content_30k_003/lc30k003_3379_gc2000_rp0.03_mr2E-4_ss200.fa	29	18.509	18.591	80.888
long_content_30k_003/lc30k003_337_gc2000_rp0.01_mr2E-4_ss200.fa	30	20.617	23.685	83.895
long_content_30k_003/lc30k003_3380_gc2000_rp0.02_mr3E-4_ss100.fa	30	38.323	43.470	72.956
long_content_30k_003/lc30k003_3381_gc2500_rp0.03_mr2E-4_ss200.fa	21	14.295	13.453	75.578
long_content_30k_003/lc30k003_3382_gc2000_rp0.02_mr3E-4_ss200.fa	30	17.820	16.715	65.533
long_content_30k_003/lc30k003_3383_gc2500_rp0.01_mr2E-4_ss100.fa	4	38.550	38.516	73.988
long_content_30k_003/lc30k003_3384_gc2500_rp0.03_mr5E-4_ss100.fa	12	38.126	38.709	68.701
long_content_30k_003/lc30k003_3385_gc2500_rp0.02_mr2E-4_ss100.fa	30	17.485	16.659	79.853
long_content_30k_003/lc30k003_3386_gc2500_rp0.02_mr3E-4_ss100.fa	10	18.662	17.564	82.956
long_content_30k_003/lc30k003_3387_gc2000_rp0.03_mr3E-4_ss100.fa	24	25.549	25.913	76.733
long_content_30k_003/lc30k003_3388_gc2500_rp0.02_mr3E-4_ss200.fa	30	21.316	26.187	83.044
long_content_30k_003/lc30k003_3389_gc2500_rp0.03_mr2E-4_ss100.fa	13	11.843	11.785	76.151
long_content_30k_003/lc30k003_338_gc2500_rp0.03_mr3E-4_ss100.fa	30	35.215	41.245	68.111
long_content_30k_003/lc30k003_3390_gc2500_rp0.01_mr2E-4_ss200.fa	24	15.060	14.983	82.805
long_content_30k_003/lc30k003_3391_gc2000_rp0.01_mr2E-4_ss100.fa	30	19.741	19.722	83.247
long_content_30k_003/lc30k003_3392_gc2000_rp0.02_mr5E-4_ss100.fa	22	55.889	55.886	55.278
long_content_30k_003/lc30k003_3393_gc2000_rp0.03_mr5E-4_ss200.fa	21	6.748	4.364	59.046
long_content_30k_003/lc30k003_3394_gc2500_rp0.02_mr5E-4_ss100.fa	19	24.613	26.809	77.536
long_content_30k_003/lc30k003_3395_gc2500_rp0.01_mr5E-4_ss200.fa	30	32.042	31.152	73.999
long_content_30k_003/lc30k003_3396_gc2000_rp0.01_mr5E-4_ss100.fa	20	18.991	9.025	64.137
long_content_30k_003/lc30k003_3397_gc2000_rp0.01_mr2E-4_ss200.fa	20	19.589	9.906	60.924
long_content_30k_003/lc30k003_3398_gc2500_rp0.03_mr3E-4_ss100.fa	30	20.764	20.957	81.480
long_content_30k_003/lc30k003_3399_gc2000_rp0.03_mr2E-4_ss100.fa	19	26.923	26.751	72.004
long_content_30k_003/lc30k003_339_gc2000_rp0.03_mr2E-4_ss100.fa	30	14.425	13.606	85.329
long_content_30k_003/lc30k003_3400_gc2500_rp0.01_mr3E-4_ss100.fa	30	17.481	18.537	76.063
long_content_30k_003/lc30k003_3401_gc2000_rp0.03_mr3E-4_ss200.fa	23	20.668	29.590	52.120
long_content_30k_003/lc30k003_3402_gc2000_rp0.01_mr5E-4_ss200.fa	20	20.836	5.444	59.392
long_content_30k_003/lc30k003_3403_gc2000_rp0.02_mr2E-4_ss100.fa	30	12.162	10.636	87.028
long_content_30k_003/lc30k003_3404_gc2000_rp0.03_mr5E-4_ss100.fa	30	35.720	43.744	57.100
long_content_30k_003/lc30k003_3405_gc2500_rp0.01_mr3E-4_ss200.fa	30	24.986	28.222	79.857
long_content_30k_003/lc30k003_3406_gc2500_rp0.02_mr2E-4_ss200.fa	30	9.638	5.646	77.190
long_content_30k_003/lc30k003_3407_gc2500_rp0.01_mr5E-4_ss100.fa	15	35.067	49.492	75.580
long_content_30k_003/lc30k003_3408_gc2500_rp0.03_mr3E-4_ss200.fa	28	26.312	29.775	69.975
long_content_30k_003/lc30k003_3409_gc2000_rp0.01_mr3E-4_ss100.fa	30	27.319	27.330	75.097
long_content_30k_003/lc30k003_340_gc2500_rp0.01_mr3E-4_ss100.fa	11	44.552	45.019	73.584
long_content_30k_003/lc30k003_3410_gc2000_rp0.01_mr3E-4_ss200.fa	30	34.456	32.556	72.161
long_content_30k_003/lc30k003_3411_gc2000_rp0.02_mr2E-4_ss200.fa	15	15.275	14.049	82.535
long_content_30k_003/lc30k003_3412_gc2500_rp0.02_mr5E-4_ss200.fa	23	22.125	21.581	53.718
long_content_30k_003/lc30k003_3413_gc2500_rp0.03_mr5E-4_ss200.fa	9	29.969	36.817	61.644
long_content_30k_003/lc30k003_3414_gc2000_rp0.02_mr5E-4_ss200.fa	25	31.865	31.417	65.365
long_content_30k_003/lc30k003_3415_gc2000_rp0.03_mr2E-4_ss200.fa	26	19.924	21.224	81.538
long_content_30k_003/lc30k003_3416_gc2000_rp0.02_mr3E-4_ss100.fa	15	25.655	39.100	54.283
long_content_30k_003/lc30k003_3417_gc2500_rp0.03_mr2E-4_ss200.fa	7	12.137	10.603	75.633
long_content_30k_003/lc30k003_3418_gc2000_rp0.02_mr3E-4_ss200.fa	16	14.940	13.382	73.482
long_content_30k_003/lc30k003_3419_gc2500_rp0.01_mr2E-4_ss100.fa	11	40.872	39.883	69.737
long_content_30k_003/lc30k003_341_gc2000_rp0.03_mr3E-4_ss200.fa	28	29.793	35.205	72.992
long_content_30k_003/lc30k003_3420_gc2500_rp0.03_mr5E-4_ss100.fa	30	24.809	18.343	65.835
long_content_30k_003/lc30k003_3421_gc2500_rp0.02_mr2E-4_ss100.fa	21	25.070	18.379	71.752
long_content_30k_003/lc30k003_3422_gc2500_rp0.02_mr3E-4_ss100.fa	27	32.068	34.653	64.543
long_content_30k_003/lc30k003_3423_gc2000_rp0.03_mr3E-4_ss100.fa	29	39.488	47.163	69.035
long_content_30k_003/lc30k003_3424_gc2500_rp0.02_mr3E-4_ss200.fa	30	21.901	21.882	76.909
long_content_30k_003/lc30k003_3425_gc2500_rp0.03_mr2E-4_ss100.fa	15	17.474	13.324	73.657
long_content_30k_003/lc30k003_3426_gc2500_rp0.01_mr2E-4_ss200.fa	30	13.904	14.318	75.127
long_content_30k_003/lc30k003_3427_gc2000_rp0.01_mr2E-4_ss100.fa	30	20.382	23.960	65.309
long_content_30k_003/lc30k003_3428_gc2000_rp0.02_mr5E-4_ss100.fa	30	25.670	25.104	68.395
long_content_30k_003/lc30k003_3429_gc2000_rp0.03_mr5E-4_ss200.fa	25	22.184	14.134	59.459
long_content_30k_003/lc30k003_342_gc2000_rp0.01_mr5E-4_ss200.fa	19	26.736	19.163	40.484
long_content_30k_003/lc30k003_3430_gc2500_rp0.02_mr5E-4_ss100.fa	18	39.635	49.960	50.616
long_content_30k_003/lc30k003_3431_gc2500_rp0.01_mr5E-4_ss200.fa	24	24.506	21.736	63.967
long_content_30k_003/lc30k003_3432_gc2000_rp0.01_mr5E-4_ss100.fa	30	29.270	20.462	61.580
long_content_30k_003/lc30k003_3433_gc2000_rp0.01_mr2E-4_ss200.fa	29	20.704	9.426	75.708
long_content_30k_003/lc30k003_3434_gc2500_rp0.03_mr3E-4_ss100.fa	17	37.706	37.643	61.530
long_content_30k_003/lc30k003_3435_gc2000_rp0.03_mr2E-4_ss100.fa	30	12.924	4.304	73.392
long_content_30k_003/lc30k003_3436_gc2500_rp0.01_mr3E-4_ss100.fa	30	38.154	40.570	70.417
long_content_30k_003/lc30k003_3437_gc2000_rp0.03_mr3E-4_ss200.fa	30	23.789	24.614	82.033
long_content_30k_003/lc30k003_3438_gc2000_rp0.01_mr5E-4_ss200.fa	23	40.396	31.093	40.042
long_content_30k_003/lc30k003_3439_gc2000_rp0.02_mr2E-4_ss100.fa	30	19.590	14.882	69.470
long_content_30k_003/lc30k003_343_gc2000_rp0.02_mr2E-4_ss100.fa	26	12.261	15.136	84.853
long_content_30k_003/lc30k003_3440_gc2000_rp0.03_mr5E-4_ss100.fa	6	16.724	10.408	59.955
long_content_30k_003/lc30k003_3441_gc2500_rp0.01_mr3E-4_ss200.fa	30	24.291	23.522	65.758
long_content_30k_003/lc30k003_3442_gc2500_rp0.02_mr2E-4_ss200.fa	30	19.317	24.946	78.587
long_content_30k_003/lc30k003_3443_gc2500_rp0.01_mr5E-4_ss100.fa	30	37.646	38.208	58.838
long_content_30k_003/lc30k003_3444_gc2500_rp0.03_mr3E-4_ss200.fa	18	33.386	36.656	59.086
long_content_30k_003/lc30k003_3445_gc2000_rp0.01_mr3E-4_ss100.fa	25	35.759	37.983	52.630
long_content_30k_003/lc30k003_3446_gc2000_rp0.01_mr3E-4_ss200.fa	30	12.211	12.718	86.111
long_content_30k_003/lc30k003_3447_gc2000_rp0.02_mr2E-4_ss200.fa	30	29.904	30.654	80.418
long_content_30k_003/lc30k003_3448_gc2500_rp0.02_mr5E-4_ss200.fa	26	26.018	13.931	49.994
long_content_30k_003/lc30k003_3449_gc2500_rp0.03_mr5E-4_ss200.fa	29	28.877	28.353	71.163
long_content_30k_003/lc30k003_344_gc2000_rp0.03_mr5E-4_ss100.fa	21	43.158	54.441	44.445
long_content_30k_003/lc30k003_3450_gc2000_rp0.02_mr5E-4_ss200.fa	30	20.509	9.505	65.871
long_content_30k_003/lc30k003_3451_gc2000_rp0.03_mr2E-4_ss200.fa	30	20.293	20.422	82.854
long_content_30k_003/lc30k003_3452_gc2000_rp0.02_mr3E-4_ss100.fa	21	16.261	6.739	63.251
long_content_30k_003/lc30k003_3453_gc2500_rp0.03_mr2E-4_ss200.fa	21	11.907	9.632	74.746
long_content_30k_003/lc30k003_3454_gc2000_rp0.02_mr3E-4_ss200.fa	7	27.433	29.090	77.108
long_content_30k_003/lc30k003_3455_gc2500_rp0.01_mr2E-4_ss100.fa	2	6.943	6.943	94.803
long_content_30k_003/lc30k003_3456_gc2500_rp0.03_mr5E-4_ss100.fa	15	17.590	11.312	54.291
long_content_30k_003/lc30k003_3457_gc2500_rp0.02_mr2E-4_ss100.fa	27	20.468	10.850	73.418
long_content_30k_003/lc30k003_3458_gc2500_rp0.02_mr3E-4_ss100.fa	30	23.476	30.038	64.662
long_content_30k_003/lc30k003_3459_gc2000_rp0.03_mr3E-4_ss100.fa	25	17.850	15.260	85.103
long_content_30k_003/lc30k003_345_gc2500_rp0.01_mr3E-4_ss200.fa	21	28.881	23.512	72.852
long_content_30k_003/lc30k003_3460_gc2500_rp0.02_mr3E-4_ss200.fa	30	25.511	26.194	78.658
long_content_30k_003/lc30k003_3461_gc2500_rp0.03_mr2E-4_ss100.fa	9	10.214	2.506	79.586
long_content_30k_003/lc30k003_3462_gc2500_rp0.01_mr2E-4_ss200.fa	30	15.355	11.085	75.826
long_content_30k_003/lc30k003_3463_gc2000_rp0.01_mr2E-4_ss100.fa	7	20.745	20.745	79.986
long_content_30k_003/lc30k003_3464_gc2000_rp0.02_mr5E-4_ss100.fa	30	41.690	47.457	60.163
long_content_30k_003/lc30k003_3465_gc2000_rp0.03_mr5E-4_ss200.fa	26	38.829	29.508	52.990
long_content_30k_003/lc30k003_3466_gc2500_rp0.02_mr5E-4_ss100.fa	30	36.117	38.202	66.903
long_content_30k_003/lc30k003_3467_gc2500_rp0.01_mr5E-4_ss200.fa	11	45.747	41.562	67.510
long_content_30k_003/lc30k003_3468_gc2000_rp0.01_mr5E-4_ss100.fa	20	57.614	57.613	53.965
long_content_30k_003/lc30k003_3469_gc2000_rp0.01_mr2E-4_ss200.fa	30	14.177	15.407	89.027
long_content_30k_003/lc30k003_346_gc2500_rp0.02_mr2E-4_ss200.fa	27	22.755	23.854	79.635
long_content_30k_003/lc30k003_3470_gc2500_rp0.03_mr3E-4_ss100.fa	28	46.390	46.955	65.560
long_content_30k_003/lc30k003_3471_gc2000_rp0.03_mr2E-4_ss100.fa	30	19.593	21.684	75.037
long_content_30k_003/lc30k003_3472_gc2500_rp0.01_mr3E-4_ss100.fa	30	25.873	26.425	61.690
long_content_30k_003/lc30k003_3473_gc2000_rp0.03_mr3E-4_ss200.fa	24	12.200	9.504	82.946
long_content_30k_003/lc30k003_3474_gc2000_rp0.01_mr5E-4_ss200.fa	24	64.348	64.407	47.096
long_content_30k_003/lc30k003_3475_gc2000_rp0.02_mr2E-4_ss100.fa	18	32.423	33.263	73.221
long_content_30k_003/lc30k003_3476_gc2000_rp0.03_mr5E-4_ss100.fa	22	31.150	30.717	66.364
long_content_30k_003/lc30k003_3477_gc2500_rp0.01_mr3E-4_ss200.fa	30	34.702	34.660	71.115
long_content_30k_003/lc30k003_3478_gc2500_rp0.02_mr2E-4_ss200.fa	30	6.937	4.891	82.391
long_content_30k_003/lc30k003_3479_gc2500_rp0.01_mr5E-4_ss100.fa	30	10.186	1.739	72.887
long_content_30k_003/lc30k003_347_gc2500_rp0.01_mr5E-4_ss100.fa	30	38.249	37.555	52.333
long_content_30k_003/lc30k003_3480_gc2500_rp0.03_mr3E-4_ss200.fa	30	21.538	21.045	77.876
long_content_30k_003/lc30k003_3481_gc2000_rp0.01_mr3E-4_ss100.fa	30	15.872	15.795	46.886
long_content_30k_003/lc30k003_3482_gc2000_rp0.01_mr3E-4_ss200.fa	30	11.355	15.511	78.759
long_content_30k_003/lc30k003_3483_gc2000_rp0.02_mr2E-4_ss200.fa	24	18.502	20.235	81.111
long_content_30k_003/lc30k003_3484_gc2500_rp0.02_mr5E-4_ss200.fa	30	27.812	26.091	67.748
long_content_30k_003/lc30k003_3485_gc2500_rp0.03_mr5E-4_ss200.fa	9	34.173	52.250	53.394
long_content_30k_003/lc30k003_3486_gc2000_rp0.02_mr5E-4_ss200.fa	30	22.241	26.820	83.994
long_content_30k_003/lc30k003_3487_gc2000_rp0.03_mr2E-4_ss200.fa	17	15.918	9.421	68.885
long_content_30k_003/lc30k003_3488_gc2000_rp0.02_mr3E-4_ss100.fa	28	30.783	31.192	73.748
long_content_30k_003/lc30k003_3489_gc2500_rp0.03_mr2E-4_ss200.fa	13	22.234	22.463	80.705
long_content_30k_003/lc30k003_348_gc2500_rp0.03_mr3E-4_ss200.fa	26	24.512	31.713	63.834
long_content_30k_003/lc30k003_3490_gc2000_rp0.02_mr3E-4_ss200.fa	29	13.468	9.827	71.651
long_content_30k_003/lc30k003_3491_gc2500_rp0.01_mr2E-4_ss100.fa	19	23.685	28.902	73.733
long_content_30k_003/lc30k003_3492_gc2500_rp0.03_mr5E-4_ss100.fa	15	24.852	24.571	72.957
long_content_30k_003/lc30k003_3493_gc2500_rp0.02_mr2E-4_ss100.fa	27	22.893	22.073	80.864
long_content_30k_003/lc30k003_3494_gc2500_rp0.02_mr3E-4_ss100.fa	30	20.300	20.935	81.312
long_content_30k_003/lc30k003_3495_gc2000_rp0.03_mr3E-4_ss100.fa	30	20.123	17.936	73.398
long_content_30k_003/lc30k003_3496_gc2500_rp0.02_mr3E-4_ss200.fa	18	17.154	9.269	54.404
long_content_30k_003/lc30k003_3497_gc2500_rp0.03_mr2E-4_ss100.fa	16	10.907	5.054	81.366
long_content_30k_003/lc30k003_3498_gc2500_rp0.01_mr2E-4_ss200.fa	26	17.388	16.039	88.187
long_content_30k_003/lc30k003_3499_gc2000_rp0.01_mr2E-4_ss100.fa	26	22.587	21.534	73.730
long_content_30k_003/lc30k003_349_gc2000_rp0.01_mr3E-4_ss100.fa	30	20.737	18.009	57.932
long_content_30k_003/lc30k003_3500_gc2000_rp0.02_mr5E-4_ss100.fa	23	43.607	42.078	59.513
long_content_30k_003/lc30k003_3501_gc2000_rp0.03_mr5E-4_ss200.fa	30	47.449	49.735	56.386
long_content_30k_003/lc30k003_3502_gc2500_rp0.02_mr5E-4_ss100.fa	30	36.924	40.415	63.641
long_content_30k_003/lc30k003_3503_gc2500_rp0.01_mr5E-4_ss200.fa	20	18.704	18.949	85.801
long_content_30k_003/lc30k003_3504_gc2000_rp0.01_mr5E-4_ss100.fa	30	38.619	38.545	58.717
long_content_30k_003/lc30k003_3505_gc2000_rp0.01_mr2E-4_ss200.fa	24	12.399	3.221	73.048
long_content_30k_003/lc30k003_3506_gc2500_rp0.03_mr3E-4_ss100.fa	24	27.933	36.138	66.907
long_content_30k_003/lc30k003_3507_gc2000_rp0.03_mr2E-4_ss100.fa	27	7.721	3.144	76.667
long_content_30k_003/lc30k003_3508_gc2500_rp0.01_mr3E-4_ss100.fa	6	37.737	51.479	70.249
long_content_30k_003/lc30k003_3509_gc2000_rp0.03_mr3E-4_ss200.fa	26	26.087	37.284	64.591
long_content_30k_003/lc30k003_350_gc2000_rp0.01_mr3E-4_ss200.fa	3	29.593	29.593	79.885
long_content_30k_003/lc30k003_3510_gc2000_rp0.01_mr5E-4_ss200.fa	19	25.830	21.102	52.732
long_content_30k_003/lc30k003_3511_gc2000_rp0.02_mr2E-4_ss100.fa	30	11.862	11.506	87.040
long_content_30k_003/lc30k003_3512_gc2000_rp0.03_mr5E-4_ss100.fa	30	45.209	43.134	53.186
long_content_30k_003/lc30k003_3513_gc2500_rp0.01_mr3E-4_ss200.fa	30	22.857	26.410	74.253
long_content_30k_003/lc30k003_3514_gc2500_rp0.02_mr2E-4_ss200.fa	30	7.829	7.163	73.882
long_content_30k_003/lc30k003_3515_gc2500_rp0.01_mr5E-4_ss100.fa	2	60.707	60.707	44.056
long_content_30k_003/lc30k003_3516_gc2500_rp0.03_mr3E-4_ss200.fa	26	30.926	42.628	70.253
long_content_30k_003/lc30k003_3517_gc2000_rp0.01_mr3E-4_ss100.fa	24	45.058	45.071	54.957
long_content_30k_003/lc30k003_3518_gc2000_rp0.01_mr3E-4_ss200.fa	30	34.188	34.529	72.014
long_content_30k_003/lc30k003_3519_gc2000_rp0.02_mr2E-4_ss200.fa	12	21.317	26.243	72.918
long_content_30k_003/lc30k003_351_gc2000_rp0.02_mr2E-4_ss200.fa	13	28.556	31.317	67.901
long_content_30k_003/lc30k003_3520_gc2500_rp0.02_mr5E-4_ss200.fa	25	33.415	33.976	55.504
long_content_30k_003/lc30k003_3521_gc2500_rp0.03_mr5E-4_ss200.fa	25	43.337	45.796	52.904
long_content_30k_003/lc30k003_3522_gc2000_rp0.02_mr5E-4_ss200.fa	30	29.062	42.258	59.196
long_content_30k_003/lc30k003_3523_gc2000_rp0.03_mr2E-4_ss200.fa	13	16.770	14.477	80.219
long_content_30k_003/lc30k003_3524_gc2000_rp0.02_mr3E-4_ss100.fa	21	18.024	16.420	64.343
long_content_30k_003/lc30k003_3525_gc2500_rp0.03_mr2E-4_ss200.fa	29	16.593	15.126	85.327
long_content_30k_003/lc30k003_3526_gc2000_rp0.02_mr3E-4_ss200.fa	30	15.493	1.301	73.803
long_content_30k_003/lc30k003_3527_gc2500_rp0.01_mr2E-4_ss100.fa	10	48.010	48.281	64.978
long_content_30k_003/lc30k003_3528_gc2500_rp0.03_mr5E-4_ss100.fa	19	20.462	8.344	56.104
long_content_30k_003/lc30k003_3529_gc2500_rp0.02_mr2E-4_ss100.fa	25	23.648	26.546	80.213
long_content_30k_003/lc30k003_352_gc2500_rp0.02_mr5E-4_ss200.fa	22	33.102	41.487	61.432
long_content_30k_003/lc30k003_3530_gc2500_rp0.02_mr3E-4_ss100.fa	10	23.785	36.322	69.032
long_content_30k_003/lc30k003_3531_gc2000_rp0.03_mr3E-4_ss100.fa	30	22.879	25.366	68.846
long_content_30k_003/lc30k003_3532_gc2500_rp0.02_mr3E-4_ss200.fa	17	17.534	2.401	72.654
long_content_30k_003/lc30k003_3533_gc2500_rp0.03_mr2E-4_ss100.fa	21	11.577	10.246	65.614
long_content_30k_003/lc30k003_3534_gc2500_rp0.01_mr2E-4_ss200.fa	30	15.938	5.689	56.141
long_content_30k_003/lc30k003_3535_gc2000_rp0.01_mr2E-4_ss100.fa	30	27.865	40.359	68.051
long_content_30k_003/lc30k003_3536_gc2000_rp0.02_mr5E-4_ss100.fa	24	31.641	26.757	45.546
long_content_30k_003/lc30k003_3537_gc2000_rp0.03_mr5E-4_ss200.fa	14	25.240	21.754	51.957
long_content_30k_003/lc30k003_3538_gc2500_rp0.02_mr5E-4_ss100.fa	17	38.621	42.792	72.605
long_content_30k_003/lc30k003_3539_gc2500_rp0.01_mr5E-4_ss200.fa	30	43.532	41.296	52.736
long_content_30k_003/lc30k003_353_gc2500_rp0.03_mr5E-4_ss200.fa	16	38.040	45.351	61.523
long_content_30k_003/lc30k003_3540_gc2000_rp0.01_mr5E-4_ss100.fa	21	29.842	37.375	79.940
long_content_30k_003/lc30k003_3541_gc2000_rp0.01_mr2E-4_ss200.fa	30	23.980	13.199	69.947
long_content_30k_003/lc30k003_3542_gc2500_rp0.03_mr3E-4_ss100.fa	28	36.749	41.688	67.428
long_content_30k_003/lc30k003_3543_gc2000_rp0.03_mr2E-4_ss100.fa	23	18.848	16.262	78.662
long_content_30k_003/lc30k003_3544_gc2500_rp0.01_mr3E-4_ss100.fa	2	17.552	17.552	82.283
long_content_30k_003/lc30k003_3545_gc2000_rp0.03_mr3E-4_ss200.fa	25	11.159	6.623	64.081
long_content_30k_003/lc30k003_3546_gc2000_rp0.01_mr5E-4_ss200.fa	30	38.692	41.686	62.108
long_content_30k_003/lc30k003_3547_gc2000_rp0.02_mr2E-4_ss100.fa	30	10.620	8.631	83.413
long_content_30k_003/lc30k003_3548_gc2000_rp0.03_mr5E-4_ss100.fa	27	41.832	40.196	62.078
long_content_30k_003/lc30k003_3549_gc2500_rp0.01_mr3E-4_ss200.fa	30	30.638	27.507	74.006
long_content_30k_003/lc30k003_354_gc2000_rp0.02_mr5E-4_ss200.fa	24	51.382	56.370	53.360
long_content_30k_003/lc30k003_3550_gc2500_rp0.02_mr2E-4_ss200.fa	30	17.235	15.666	78.912
long_content_30k_003/lc30k003_3551_gc2500_rp0.01_mr5E-4_ss100.fa	20	29.360	31.302	62.750
long_content_30k_003/lc30k003_3552_gc2500_rp0.03_mr3E-4_ss200.fa	17	14.014	4.853	70.819
long_content_30k_003/lc30k003_3553_gc2000_rp0.01_mr3E-4_ss100.fa	30	12.909	10.927	86.942
long_content_30k_003/lc30k003_3554_gc2000_rp0.01_mr3E-4_ss200.fa	22	30.668	33.498	69.314
long_content_30k_003/lc30k003_3555_gc2000_rp0.02_mr2E-4_ss200.fa	19	19.923	24.718	73.677
long_content_30k_003/lc30k003_3556_gc2500_rp0.02_mr5E-4_ss200.fa	20	27.949	18.919	42.958
long_content_30k_003/lc30k003_3557_gc2500_rp0.03_mr5E-4_ss200.fa	9	45.613	57.097	48.493
long_content_30k_003/lc30k003_3558_gc2000_rp0.02_mr5E-4_ss200.fa	20	24.573	16.440	59.766
long_content_30k_003/lc30k003_3559_gc2000_rp0.03_mr2E-4_ss200.fa	15	14.209	3.521	76.559
long_content_30k_003/lc30k003_355_gc2000_rp0.03_mr2E-4_ss200.fa	5	16.999	18.710	79.926
long_content_30k_003/lc30k003_3560_gc2000_rp0.02_mr3E-4_ss100.fa	30	12.776	11.838	88.519
long_content_30k_003/lc30k003_3561_gc2500_rp0.03_mr2E-4_ss200.fa	14	21.237	19.048	78.790
long_content_30k_003/lc30k003_3562_gc2000_rp0.02_mr3E-4_ss200.fa	16	26.952	18.313	67.015
long_content_30k_003/lc30k003_3563_gc2500_rp0.01_mr2E-4_ss100.fa	30	31.327	29.425	50.957
long_content_30k_003/lc30k003_3564_gc2500_rp0.03_mr5E-4_ss100.fa	30	27.452	20.450	53.703
long_content_30k_003/lc30k003_3565_gc2500_rp0.02_mr2E-4_ss100.fa	17	22.287	17.477	76.851
long_content_30k_003/lc30k003_3566_gc2500_rp0.02_mr3E-4_ss100.fa	20	11.341	11.178	76.032
long_content_30k_003/lc30k003_3567_gc2000_rp0.03_mr3E-4_ss100.fa	30	20.074	24.284	84.467
long_content_30k_003/lc30k003_3568_gc2500_rp0.02_mr3E-4_ss200.fa	24	29.620	42.172	57.455
long_content_30k_003/lc30k003_3569_gc2500_rp0.03_mr2E-4_ss100.fa	24	15.797	6.142	77.716
long_content_30k_003/lc30k003_356_gc2000_rp0.02_mr3E-4_ss100.fa	30	23.227	33.419	65.764
long_content_30k_003/lc30k003_3570_gc2500_rp0.01_mr2E-4_ss200.fa	30	15.163	7.247	89.229
long_content_30k_003/lc30k003_3571_gc2000_rp0.01_mr2E-4_ss100.fa	15	11.676	10.859	59.612
long_content_30k_003/lc30k003_3572_gc2000_rp0.02_mr5E-4_ss100.fa	19	35.910	27.730	50.641
long_content_30k_003/lc30k003_3573_gc2000_rp0.03_mr5E-4_ss200.fa	29	27.277	28.550	72.766
long_content_30k_003/lc30k003_3574_gc2500_rp0.02_mr5E-4_ss100.fa	20	39.320	43.680	69.300
long_content_30k_003/lc30k003_3575_gc2500_rp0.01_mr5E-4_ss200.fa	22	53.912	58.024	55.787
long_content_30k_003/lc30k003_3576_gc2000_rp0.01_mr5E-4_ss100.fa	26	37.342	38.967	64.924
long_content_30k_003/lc30k003_3577_gc2000_rp0.01_mr2E-4_ss200.fa	30	7.400	2.094	70.488
long_content_30k_003/lc30k003_3578_gc2500_rp0.03_mr3E-4_ss100.fa	7	10.751	11.220	46.399
long_content_30k_003/lc30k003_3579_gc2000_rp0.03_mr2E-4_ss100.fa	12	42.988	43.255	71.594
long_content_30k_003/lc30k003_357_gc2500_rp0.03_mr2E-4_ss200.fa	18	18.996	24.876	84.686
long_content_30k_003/lc30k003_3580_gc2500_rp0.01_mr3E-4_ss100.fa	30	20.245	20.749	79.347
long_content_30k_003/lc30k003_3581_gc2000_rp0.03_mr3E-4_ss200.fa	30	23.818	24.084	79.630
long_content_30k_003/lc30k003_3582_gc2000_rp0.01_mr5E-4_ss200.fa	30	34.040	32.300	33.180
long_content_30k_003/lc30k003_3583_gc2000_rp0.02_mr2E-4_ss100.fa	21	16.871	24.071	75.334
long_content_30k_003/lc30k003_3584_gc2000_rp0.03_mr5E-4_ss100.fa	8	35.713	31.861	55.075
long_content_30k_003/lc30k003_3585_gc2500_rp0.01_mr3E-4_ss200.fa	15	25.467	31.804	70.110
long_content_30k_003/lc30k003_3586_gc2500_rp0.02_mr2E-4_ss200.fa	30	23.847	22.904	75.262
long_content_30k_003/lc30k003_3587_gc2500_rp0.01_mr5E-4_ss100.fa	26	23.476	17.945	47.796
long_content_30k_003/lc30k003_3588_gc2500_rp0.03_mr3E-4_ss200.fa	20	32.377	33.462	69.340
long_content_30k_003/lc30k003_3589_gc2000_rp0.01_mr3E-4_ss100.fa	30	25.544	25.538	75.698
long_content_30k_003/lc30k003_358_gc2000_rp0.02_mr3E-4_ss200.fa	30	10.305	3.688	62.962
long_content_30k_003/lc30k003_3590_gc2000_rp0.01_mr3E-4_ss200.fa	30	22.654	5.083	56.048
long_content_30k_003/lc30k003_3591_gc2000_rp0.02_mr2E-4_ss200.fa	27	20.251	27.028	73.930
long_content_30k_003/lc30k003_3592_gc2500_rp0.02_mr5E-4_ss200.fa	21	42.893	67.598	41.945
long_content_30k_003/lc30k003_3593_gc2500_rp0.03_mr5E-4_ss200.fa	9	16.941	20.861	46.045
long_content_30k_003/lc30k003_3594_gc2000_rp0.02_mr5E-4_ss200.fa	30	51.441	54.757	52.090
long_content_30k_003/lc30k003_3595_gc2000_rp0.03_mr2E-4_ss200.fa	9	22.175	24.170	80.650
long_content_30k_003/lc30k003_3596_gc2000_rp0.02_mr3E-4_ss100.fa	17	21.570	18.908	64.452
long_content_30k_003/lc30k003_3597_gc2500_rp0.03_mr2E-4_ss200.fa	30	17.922	18.547	82.911
long_content_30k_003/lc30k003_3598_gc2000_rp0.02_mr3E-4_ss200.fa	30	27.389	29.753	77.211
long_content_30k_003/lc30k003_3599_gc2500_rp0.01_mr2E-4_ss100.fa	30	14.361	15.395	85.031
long_content_30k_003/lc30k003_359_gc2500_rp0.01_mr2E-4_ss100.fa	30	4.854	3.373	75.077
long_content_30k_003/lc30k003_3600_gc2500_rp0.03_mr5E-4_ss100.fa	16	40.173	38.522	59.595
long_content_30k_003/lc30k003_3601_gc2500_rp0.02_mr2E-4_ss100.fa	30	13.046	14.123	87.436
long_content_30k_003/lc30k003_3602_gc2500_rp0.02_mr3E-4_ss100.fa	11	10.283	3.057	56.978
long_content_30k_003/lc30k003_3603_gc2000_rp0.03_mr3E-4_ss100.fa	20	23.477	27.698	74.624
long_content_30k_003/lc30k003_3604_gc2500_rp0.02_mr3E-4_ss200.fa	24	36.177	50.625	61.225
long_content_30k_003/lc30k003_3605_gc2500_rp0.03_mr2E-4_ss100.fa	24	14.142	10.486	70.174
long_content_30k_003/lc30k003_3606_gc2500_rp0.01_mr2E-4_ss200.fa	30	12.267	12.829	86.480
long_content_30k_003/lc30k003_3607_gc2000_rp0.01_mr2E-4_ss100.fa	30	19.954	20.286	81.540
long_content_30k_003/lc30k003_3608_gc2000_rp0.02_mr5E-4_ss100.fa	19	60.056	60.003	55.878
long_content_30k_003/lc30k003_3609_gc2000_rp0.03_mr5E-4_ss200.fa	24	25.920	21.008	52.037
long_content_30k_003/lc30k003_360_gc2500_rp0.03_mr5E-4_ss100.fa	15	13.269	14.573	47.738
long_content_30k_003/lc30k003_3610_gc2500_rp0.02_mr5E-4_ss100.fa	30	24.208	22.034	67.239
long_content_30k_003/lc30k003_3611_gc2500_rp0.01_mr5E-4_ss200.fa	30	30.855	28.611	44.556
long_content_30k_003/lc30k003_3612_gc2000_rp0.01_mr5E-4_ss100.fa	30	46.573	42.210	47.651
long_content_30k_003/lc30k003_3613_gc2000_rp0.01_mr2E-4_ss200.fa	30	23.975	27.762	61.773
long_content_30k_003/lc30k003_3614_gc2500_rp0.03_mr3E-4_ss100.fa	18	20.901	16.636	66.875
long_content_30k_003/lc30k003_3615_gc2000_rp0.03_mr2E-4_ss100.fa	29	18.797	18.514	81.890
long_content_30k_003/lc30k003_3616_gc2500_rp0.01_mr3E-4_ss100.fa	15	22.694	20.884	52.446
long_content_30k_003/lc30k003_3617_gc2000_rp0.03_mr3E-4_ss200.fa	29	31.114	34.941	73.902
long_content_30k_003/lc30k003_3618_gc2000_rp0.01_mr5E-4_ss200.fa	18	29.232	14.119	51.923
long_content_30k_003/lc30k003_3619_gc2000_rp0.02_mr2E-4_ss100.fa	30	20.124	19.437	84.401
long_content_30k_003/lc30k003_361_gc2500_rp0.02_mr2E-4_ss100.fa	30	20.221	10.909	78.960
long_content_30k_003/lc30k003_3620_gc2000_rp0.03_mr5E-4_ss100.fa	30	19.931	13.386	61.403
long_content_30k_003/lc30k003_3621_gc2500_rp0.01_mr3E-4_ss200.fa	30	42.133	50.345	50.183
long_content_30k_003/lc30k003_3622_gc2500_rp0.02_mr2E-4_ss200.fa	17	11.288	11.687	89.603
long_content_30k_003/lc30k003_3623_gc2500_rp0.01_mr5E-4_ss100.fa	30	25.809	16.053	42.749
long_content_30k_003/lc30k003_3624_gc2500_rp0.03_mr3E-4_ss200.fa	11	34.719	37.560	70.492
long_content_30k_003/lc30k003_3625_gc2000_rp0.01_mr3E-4_ss100.fa	16	25.595	23.127	74.736
long_content_30k_003/lc30k003_3626_gc2000_rp0.01_mr3E-4_ss200.fa	20	8.811	9.356	53.562
long_content_30k_003/lc30k003_3627_gc2000_rp0.02_mr2E-4_ss200.fa	26	22.884	29.005	66.562
long_content_30k_003/lc30k003_3628_gc2500_rp0.02_mr5E-4_ss200.fa	7	46.942	50.057	58.102
long_content_30k_003/lc30k003_3629_gc2500_rp0.03_mr5E-4_ss200.fa	23	20.909	26.592	59.646
long_content_30k_003/lc30k003_362_gc2500_rp0.02_mr3E-4_ss100.fa	30	9.336	7.963	63.586
long_content_30k_003/lc30k003_3630_gc2000_rp0.02_mr5E-4_ss200.fa	21	36.345	40.155	51.297
long_content_30k_003/lc30k003_3631_gc2000_rp0.03_mr2E-4_ss200.fa	25	16.340	15.899	78.888
long_content_30k_003/lc30k003_3632_gc2000_rp0.02_mr3E-4_ss100.fa	29	38.027	40.371	67.374
long_content_30k_003/lc30k003_3633_gc2500_rp0.03_mr2E-4_ss200.fa	21	16.782	9.650	75.525
long_content_30k_003/lc30k003_3634_gc2000_rp0.02_mr3E-4_ss200.fa	30	30.336	34.264	73.711
long_content_30k_003/lc30k003_3635_gc2500_rp0.01_mr2E-4_ss100.fa	30	39.138	32.008	60.530
long_content_30k_003/lc30k003_3636_gc2500_rp0.03_mr5E-4_ss100.fa	28	32.424	32.962	62.611
long_content_30k_003/lc30k003_3637_gc2500_rp0.02_mr2E-4_ss100.fa	30	13.298	11.897	87.774
long_content_30k_003/lc30k003_3638_gc2500_rp0.02_mr3E-4_ss100.fa	30	24.042	22.596	71.422
long_content_30k_003/lc30k003_3639_gc2000_rp0.03_mr3E-4_ss100.fa	26	17.109	11.309	67.143
long_content_30k_003/lc30k003_363_gc2000_rp0.03_mr3E-4_ss100.fa	20	18.199	14.275	72.874
long_content_30k_003/lc30k003_3640_gc2500_rp0.02_mr3E-4_ss200.fa	26	21.738	27.346	84.283
long_content_30k_003/lc30k003_3641_gc2500_rp0.03_mr2E-4_ss100.fa	23	16.862	19.727	82.553
long_content_30k_003/lc30k003_3642_gc2500_rp0.01_mr2E-4_ss200.fa	30	15.512	15.511	85.173
long_content_30k_003/lc30k003_3643_gc2000_rp0.01_mr2E-4_ss100.fa	30	16.336	5.291	75.685
long_content_30k_003/lc30k003_3644_gc2000_rp0.02_mr5E-4_ss100.fa	30	42.141	46.396	68.782
long_content_30k_003/lc30k003_3645_gc2000_rp0.03_mr5E-4_ss200.fa	30	25.773	24.969	75.682
long_content_30k_003/lc30k003_3646_gc2500_rp0.02_mr5E-4_ss100.fa	29	34.205	44.976	64.094
long_content_30k_003/lc30k003_3647_gc2500_rp0.01_mr5E-4_ss200.fa	19	20.843	20.734	73.093
long_content_30k_003/lc30k003_3648_gc2000_rp0.01_mr5E-4_ss100.fa	27	45.733	48.840	58.140
long_content_30k_003/lc30k003_3649_gc2000_rp0.01_mr2E-4_ss200.fa	30	14.964	14.249	84.402
long_content_30k_003/lc30k003_364_gc2500_rp0.02_mr3E-4_ss200.fa	27	30.056	39.872	67.635
long_content_30k_003/lc30k003_3650_gc2500_rp0.03_mr3E-4_ss100.fa	26	28.379	28.478	72.667
long_content_30k_003/lc30k003_3651_gc2000_rp0.03_mr2E-4_ss100.fa	29	15.109	11.477	87.112
long_content_30k_003/lc30k003_3652_gc2500_rp0.01_mr3E-4_ss100.fa	16	29.897	29.911	73.183
long_content_30k_003/lc30k003_3653_gc2000_rp0.03_mr3E-4_ss200.fa	21	11.441	11.474	89.903
long_content_30k_003/lc30k003_3654_gc2000_rp0.01_mr5E-4_ss200.fa	30	36.927	37.305	50.165
long_content_30k_003/lc30k003_3655_gc2000_rp0.02_mr2E-4_ss100.fa	30	18.518	18.603	82.203
long_content_30k_003/lc30k003_3656_gc2000_rp0.03_mr5E-4_ss100.fa	12	31.662	37.099	60.715
long_content_30k_003/lc30k003_3657_gc2500_rp0.01_mr3E-4_ss200.fa	30	34.604	36.481	71.897
long_content_30k_003/lc30k003_3658_gc2500_rp0.02_mr2E-4_ss200.fa	30	17.719	17.627	82.065
long_content_30k_003/lc30k003_3659_gc2500_rp0.01_mr5E-4_ss100.fa	20	21.474	17.965	53.754
long_content_30k_003/lc30k003_365_gc2500_rp0.03_mr2E-4_ss100.fa	15	18.126	16.634	81.248
long_content_30k_003/lc30k003_3660_gc2500_rp0.03_mr3E-4_ss200.fa	11	14.112	3.576	57.004
long_content_30k_003/lc30k003_3661_gc2000_rp0.01_mr3E-4_ss100.fa	14	23.991	30.375	84.148
long_content_30k_003/lc30k003_3662_gc2000_rp0.01_mr3E-4_ss200.fa	30	28.916	24.459	70.197
long_content_30k_003/lc30k003_3663_gc2000_rp0.02_mr2E-4_ss200.fa	30	13.030	11.650	88.626
long_content_30k_003/lc30k003_3664_gc2500_rp0.02_mr5E-4_ss200.fa	24	21.428	18.552	59.492
long_content_30k_003/lc30k003_3665_gc2500_rp0.03_mr5E-4_ss200.fa	25	33.902	39.732	44.456
long_content_30k_003/lc30k003_3666_gc2000_rp0.02_mr5E-4_ss200.fa	30	32.317	34.837	66.201
long_content_30k_003/lc30k003_3667_gc2000_rp0.03_mr2E-4_ss200.fa	4	16.541	20.025	80.153
long_content_30k_003/lc30k003_3668_gc2000_rp0.02_mr3E-4_ss100.fa	17	37.662	47.927	65.009
long_content_30k_003/lc30k003_3669_gc2500_rp0.03_mr2E-4_ss200.fa	12	16.466	24.920	78.646
long_content_30k_003/lc30k003_366_gc2500_rp0.01_mr2E-4_ss200.fa	30	8.621	8.345	92.089
long_content_30k_003/lc30k003_3670_gc2000_rp0.02_mr3E-4_ss200.fa	30	29.532	21.815	65.246
long_content_30k_003/lc30k003_3671_gc2500_rp0.01_mr2E-4_ss100.fa	12	12.588	12.549	90.495
long_content_30k_003/lc30k003_3672_gc2500_rp0.03_mr5E-4_ss100.fa	20	50.946	51.234	59.650
long_content_30k_003/lc30k003_3673_gc2500_rp0.02_mr2E-4_ss100.fa	30	26.547	24.952	67.101
long_content_30k_003/lc30k003_3674_gc2500_rp0.02_mr3E-4_ss100.fa	30	16.222	11.302	73.506
long_content_30k_003/lc30k003_3675_gc2000_rp0.03_mr3E-4_ss100.fa	26	22.313	8.377	53.917
long_content_30k_003/lc30k003_3676_gc2500_rp0.02_mr3E-4_ss200.fa	29	26.364	18.836	69.378
long_content_30k_003/lc30k003_3677_gc2500_rp0.03_mr2E-4_ss100.fa	7	19.332	17.246	77.462
long_content_30k_003/lc30k003_3678_gc2500_rp0.01_mr2E-4_ss200.fa	30	20.421	20.156	82.027
long_content_30k_003/lc30k003_3679_gc2000_rp0.01_mr2E-4_ss100.fa	2	21.091	21.091	87.274
long_content_30k_003/lc30k003_367_gc2000_rp0.01_mr2E-4_ss100.fa	26	9.422	8.893	86.999
long_content_30k_003/lc30k003_3680_gc2000_rp0.02_mr5E-4_ss100.fa	12	30.152	33.005	68.293
long_content_30k_003/lc30k003_3681_gc2000_rp0.03_mr5E-4_ss200.fa	30	18.688	5.442	67.836
long_content_30k_003/lc30k003_3682_gc2500_rp0.02_mr5E-4_ss100.fa	30	28.213	24.926	54.477
long_content_30k_003/lc30k003_3683_gc2500_rp0.01_mr5E-4_ss200.fa	30	36.572	23.018	49.343
long_content_30k_003/lc30k003_3684_gc2000_rp0.01_mr5E-4_ss100.fa	30	30.391	19.231	51.387
long_content_30k_003/lc30k003_3685_gc2000_rp0.01_mr2E-4_ss200.fa	30	16.245	14.139	69.604
long_content_30k_003/lc30k003_3686_gc2500_rp0.03_mr3E-4_ss100.fa	1	32.287	32.287	76.443
long_content_30k_003/lc30k003_3687_gc2000_rp0.03_mr2E-4_ss100.fa	19	9.619	5.295	77.062
long_content_30k_003/lc30k003_3688_gc2500_rp0.01_mr3E-4_ss100.fa	30	40.432	46.501	64.869
long_content_30k_003/lc30k003_3689_gc2000_rp0.03_mr3E-4_ss200.fa	20	27.317	30.301	63.531
long_content_30k_003/lc30k003_368_gc2000_rp0.02_mr5E-4_ss100.fa	22	20.918	16.775	63.195
long_content_30k_003/lc30k003_3690_gc2000_rp0.01_mr5E-4_ss200.fa	30	38.284	37.360	36.095
long_content_30k_003/lc30k003_3691_gc2000_rp0.02_mr2E-4_ss100.fa	26	24.480	27.305	77.792
long_content_30k_003/lc30k003_3692_gc2000_rp0.03_mr5E-4_ss100.fa	30	54.791	54.615	52.523
long_content_30k_003/lc30k003_3693_gc2500_rp0.01_mr3E-4_ss200.fa	30	18.859	16.839	73.002
long_content_30k_003/lc30k003_3694_gc2500_rp0.02_mr2E-4_ss200.fa	21	6.051	4.973	68.013
long_content_30k_003/lc30k003_3695_gc2500_rp0.01_mr5E-4_ss100.fa	13	38.634	46.344	60.080
long_content_30k_003/lc30k003_3696_gc2500_rp0.03_mr3E-4_ss200.fa	11	14.293	11.590	62.099
long_content_30k_003/lc30k003_3697_gc2000_rp0.01_mr3E-4_ss100.fa	17	12.609	8.117	68.839
long_content_30k_003/lc30k003_3698_gc2000_rp0.01_mr3E-4_ss200.fa	30	36.264	36.544	71.201
long_content_30k_003/lc30k003_3699_gc2000_rp0.02_mr2E-4_ss200.fa	24	25.126	34.419	65.659
long_content_30k_003/lc30k003_369_gc2000_rp0.03_mr5E-4_ss200.fa	15	45.512	37.443	57.459
long_content_30k_003/lc30k003_3700_gc2500_rp0.02_mr5E-4_ss200.fa	30	24.951	20.965	58.167
long_content_30k_003/lc30k003_3701_gc2500_rp0.03_mr5E-4_ss200.fa	11	14.340	4.944	60.608
long_content_30k_003/lc30k003_3702_gc2000_rp0.02_mr5E-4_ss200.fa	30	51.398	54.022	53.848
long_content_30k_003/lc30k003_3703_gc2000_rp0.03_mr2E-4_ss200.fa	21	21.035	18.751	73.330
long_content_30k_003/lc30k003_3704_gc2000_rp0.02_mr3E-4_ss100.fa	30	22.303	25.592	70.983
long_content_30k_003/lc30k003_3705_gc2500_rp0.03_mr2E-4_ss200.fa	16	9.693	10.795	71.484
long_content_30k_003/lc30k003_3706_gc2000_rp0.02_mr3E-4_ss200.fa	30	20.337	22.723	83.404
long_content_30k_003/lc30k003_3707_gc2500_rp0.01_mr2E-4_ss100.fa	9	13.757	15.843	90.607
long_content_30k_003/lc30k003_3708_gc2500_rp0.03_mr5E-4_ss100.fa	29	25.000	28.006	66.420
long_content_30k_003/lc30k003_3709_gc2500_rp0.02_mr2E-4_ss100.fa	30	16.611	13.225	75.059
long_content_30k_003/lc30k003_370_gc2500_rp0.02_mr5E-4_ss100.fa	30	27.577	26.414	63.067
long_content_30k_003/lc30k003_3710_gc2500_rp0.02_mr3E-4_ss100.fa	30	18.013	20.049	75.261
long_content_30k_003/lc30k003_3711_gc2000_rp0.03_mr3E-4_ss100.fa	30	28.301	30.987	71.996
long_content_30k_003/lc30k003_3712_gc2500_rp0.02_mr3E-4_ss200.fa	28	26.569	31.441	74.778
long_content_30k_003/lc30k003_3713_gc2500_rp0.03_mr2E-4_ss100.fa	14	14.840	3.595	81.173
long_content_30k_003/lc30k003_3714_gc2500_rp0.01_mr2E-4_ss200.fa	30	19.675	25.796	71.154
long_content_30k_003/lc30k003_3715_gc2000_rp0.01_mr2E-4_ss100.fa	21	4.339	0.177	55.560
long_content_30k_003/lc30k003_3716_gc2000_rp0.02_mr5E-4_ss100.fa	30	14.332	15.518	86.596
long_content_30k_003/lc30k003_3717_gc2000_rp0.03_mr5E-4_ss200.fa	18	23.309	26.534	63.818
long_content_30k_003/lc30k003_3718_gc2500_rp0.02_mr5E-4_ss100.fa	28	22.588	26.735	72.293
long_content_30k_003/lc30k003_3719_gc2500_rp0.01_mr5E-4_ss200.fa	24	47.296	50.560	58.656
long_content_30k_003/lc30k003_371_gc2500_rp0.01_mr5E-4_ss200.fa	30	39.498	39.308	55.379
long_content_30k_003/lc30k003_3720_gc2000_rp0.01_mr5E-4_ss100.fa	18	9.984	7.712	55.206
long_content_30k_003/lc30k003_3721_gc2000_rp0.01_mr2E-4_ss200.fa	13	16.833	8.561	65.384
long_content_30k_003/lc30k003_3722_gc2500_rp0.03_mr3E-4_ss100.fa	19	18.122	19.980	72.398
long_content_30k_003/lc30k003_3723_gc2000_rp0.03_mr2E-4_ss100.fa	25	21.249	23.940	79.355
long_content_30k_003/lc30k003_3724_gc2500_rp0.01_mr3E-4_ss100.fa	25	22.895	24.681	72.225
long_content_30k_003/lc30k003_3725_gc2000_rp0.03_mr3E-4_ss200.fa	19	33.004	40.845	67.876
long_content_30k_003/lc30k003_3726_gc2000_rp0.01_mr5E-4_ss200.fa	25	30.954	10.430	38.505
long_content_30k_003/lc30k003_3727_gc2000_rp0.02_mr2E-4_ss100.fa	17	10.739	7.531	80.456
long_content_30k_003/lc30k003_3728_gc2000_rp0.03_mr5E-4_ss100.fa	9	14.096	11.310	42.813
long_content_30k_003/lc30k003_3729_gc2500_rp0.01_mr3E-4_ss200.fa	30	13.630	7.191	56.821
long_content_30k_003/lc30k003_372_gc2000_rp0.01_mr5E-4_ss100.fa	20	27.166	27.299	35.767
long_content_30k_003/lc30k003_3730_gc2500_rp0.02_mr2E-4_ss200.fa	10	28.195	28.496	76.424
long_content_30k_003/lc30k003_3731_gc2500_rp0.01_mr5E-4_ss100.fa	20	43.614	44.909	49.441
long_content_30k_003/lc30k003_3732_gc2500_rp0.03_mr3E-4_ss200.fa	30	10.252	8.487	81.604
long_content_30k_003/lc30k003_3733_gc2000_rp0.01_mr3E-4_ss100.fa	30	20.879	21.439	83.369
long_content_30k_003/lc30k003_3734_gc2000_rp0.01_mr3E-4_ss200.fa	30	44.471	44.628	68.276
long_content_30k_003/lc30k003_3735_gc2000_rp0.02_mr2E-4_ss200.fa	30	6.328	6.327	94.809
long_content_30k_003/lc30k003_3736_gc2500_rp0.02_mr5E-4_ss200.fa	30	31.761	37.061	58.899
long_content_30k_003/lc30k003_3737_gc2500_rp0.03_mr5E-4_ss200.fa	23	17.083	11.680	74.377
long_content_30k_003/lc30k003_3738_gc2000_rp0.02_mr5E-4_ss200.fa	13	38.349	46.445	53.551
long_content_30k_003/lc30k003_3739_gc2000_rp0.03_mr2E-4_ss200.fa	9	26.852	30.412	76.858
long_content_30k_003/lc30k003_373_gc2000_rp0.01_mr2E-4_ss200.fa	30	10.526	5.836	65.392
long_content_30k_003/lc30k003_3740_gc2000_rp0.02_mr3E-4_ss100.fa	24	10.031	9.756	73.367
long_content_30k_003/lc30k003_3741_gc2500_rp0.03_mr2E-4_ss200.fa	30	19.217	19.836	80.276
long_content_30k_003/lc30k003_3742_gc2000_rp0.02_mr3E-4_ss200.fa	13	34.038	36.759	72.341
long_content_30k_003/lc30k003_3743_gc2500_rp0.01_mr2E-4_ss100.fa	30	22.067	20.463	77.651
long_content_30k_003/lc30k003_3744_gc2500_rp0.03_mr5E-4_ss100.fa	17	13.460	7.839	61.578
long_content_30k_003/lc30k003_3745_gc2500_rp0.02_mr2E-4_ss100.fa	19	28.939	38.545	74.539
long_content_30k_003/lc30k003_3746_gc2500_rp0.02_mr3E-4_ss100.fa	30	15.117	17.517	61.284
long_content_30k_003/lc30k003_3747_gc2000_rp0.03_mr3E-4_ss100.fa	30	15.980	13.228	87.436
long_content_30k_003/lc30k003_3748_gc2500_rp0.02_mr3E-4_ss200.fa	20	23.278	11.907	64.623
long_content_30k_003/lc30k003_3749_gc2500_rp0.03_mr2E-4_ss100.fa	30	13.225	5.588	74.142
long_content_30k_003/lc30k003_374_gc2500_rp0.03_mr3E-4_ss100.fa	20	31.424	29.993	70.605
long_content_30k_003/lc30k003_3750_gc2500_rp0.01_mr2E-4_ss200.fa	30	25.732	25.744	76.086
long_content_30k_003/lc30k003_3751_gc2000_rp0.01_mr2E-4_ss100.fa	30	10.029	4.656	70.299
long_content_30k_003/lc30k003_3752_gc2000_rp0.02_mr5E-4_ss100.fa	20	26.460	5.567	49.850
long_content_30k_003/lc30k003_3753_gc2000_rp0.03_mr5E-4_ss200.fa	17	24.732	26.557	64.364
long_content_30k_003/lc30k003_3754_gc2500_rp0.02_mr5E-4_ss100.fa	30	36.760	37.958	69.017
long_content_30k_003/lc30k003_3755_gc2500_rp0.01_mr5E-4_ss200.fa	24	27.541	27.515	81.019
long_content_30k_003/lc30k003_3756_gc2000_rp0.01_mr5E-4_ss100.fa	30	45.728	47.907	57.641
long_content_30k_003/lc30k003_3757_gc2000_rp0.01_mr2E-4_ss200.fa	30	20.320	20.342	82.332
long_content_30k_003/lc30k003_3758_gc2500_rp0.03_mr3E-4_ss100.fa	27	13.519	12.796	74.797
long_content_30k_003/lc30k003_3759_gc2000_rp0.03_mr2E-4_ss100.fa	28	7.874	5.591	86.597
long_content_30k_003/lc30k003_375_gc2000_rp0.03_mr2E-4_ss100.fa	26	10.268	7.380	83.140
long_content_30k_003/lc30k003_3760_gc2500_rp0.01_mr3E-4_ss100.fa	26	29.433	26.178	69.701
long_content_30k_003/lc30k003_3761_gc2000_rp0.03_mr3E-4_ss200.fa	24	34.009	32.795	70.568
long_content_30k_003/lc30k003_3762_gc2000_rp0.01_mr5E-4_ss200.fa	30	32.466	39.399	66.827
long_content_30k_003/lc30k003_3763_gc2000_rp0.02_mr2E-4_ss100.fa	22	15.413	12.523	72.973
long_content_30k_003/lc30k003_3764_gc2000_rp0.03_mr5E-4_ss100.fa	27	31.938	41.310	60.212
long_content_30k_003/lc30k003_3765_gc2500_rp0.01_mr3E-4_ss200.fa	30	16.762	15.946	86.559
long_content_30k_003/lc30k003_3766_gc2500_rp0.02_mr2E-4_ss200.fa	26	16.279	23.368	77.518
long_content_30k_003/lc30k003_3767_gc2500_rp0.01_mr5E-4_ss100.fa	27	26.859	23.755	78.320
long_content_30k_003/lc30k003_3768_gc2500_rp0.03_mr3E-4_ss200.fa	29	34.653	43.211	63.775
long_content_30k_003/lc30k003_3769_gc2000_rp0.01_mr3E-4_ss100.fa	30	24.739	16.882	67.193
long_content_30k_003/lc30k003_376_gc2500_rp0.01_mr3E-4_ss100.fa	30	22.685	17.740	75.604
long_content_30k_003/lc30k003_3770_gc2000_rp0.01_mr3E-4_ss200.fa	30	21.355	20.052	76.134
long_content_30k_003/lc30k003_3771_gc2000_rp0.02_mr2E-4_ss200.fa	30	18.363	18.397	85.704
long_content_30k_003/lc30k003_3772_gc2500_rp0.02_mr5E-4_ss200.fa	20	44.094	53.723	53.539
long_content_30k_003/lc30k003_3773_gc2500_rp0.03_mr5E-4_ss200.fa	14	62.146	62.801	52.266
long_content_30k_003/lc30k003_3774_gc2000_rp0.02_mr5E-4_ss200.fa	30	52.222	53.850	57.838
long_content_30k_003/lc30k003_3775_gc2000_rp0.03_mr2E-4_ss200.fa	30	14.406	15.183	88.337
long_content_30k_003/lc30k003_3776_gc2000_rp0.02_mr3E-4_ss100.fa	30	17.269	10.889	65.517
long_content_30k_003/lc30k003_3777_gc2500_rp0.03_mr2E-4_ss200.fa	18	13.763	14.993	85.326
long_content_30k_003/lc30k003_3778_gc2000_rp0.02_mr3E-4_ss200.fa	26	25.088	24.297	75.585
long_content_30k_003/lc30k003_3779_gc2500_rp0.01_mr2E-4_ss100.fa	23	22.917	22.932	81.152
long_content_30k_003/lc30k003_377_gc2000_rp0.03_mr3E-4_ss200.fa	26	23.848	25.317	71.604
long_content_30k_003/lc30k003_3780_gc2500_rp0.03_mr5E-4_ss100.fa	7	31.621	38.820	56.309
long_content_30k_003/lc30k003_3781_gc2500_rp0.02_mr2E-4_ss100.fa	30	30.184	29.751	69.698
long_content_30k_003/lc30k003_3782_gc2500_rp0.02_mr3E-4_ss100.fa	29	25.106	26.812	73.745
long_content_30k_003/lc30k003_3783_gc2000_rp0.03_mr3E-4_ss100.fa	23	30.270	33.933	61.776
long_content_30k_003/lc30k003_3784_gc2500_rp0.02_mr3E-4_ss200.fa	30	12.552	10.049	62.270
long_content_30k_003/lc30k003_3785_gc2500_rp0.03_mr2E-4_ss100.fa	16	19.473	7.897	62.473
long_content_30k_003/lc30k003_3786_gc2500_rp0.01_mr2E-4_ss200.fa	30	25.298	26.075	76.367
long_content_30k_003/lc30k003_3787_gc2000_rp0.01_mr2E-4_ss100.fa	7	18.288	18.207	88.137
long_content_30k_003/lc30k003_3788_gc2000_rp0.02_mr5E-4_ss100.fa	30	27.737	22.797	69.199
long_content_30k_003/lc30k003_3789_gc2000_rp0.03_mr5E-4_ss200.fa	30	38.927	42.295	66.359
long_content_30k_003/lc30k003_378_gc2000_rp0.01_mr5E-4_ss200.fa	30	24.530	18.019	43.141
long_content_30k_003/lc30k003_3790_gc2500_rp0.02_mr5E-4_ss100.fa	30	25.857	27.480	78.139
long_content_30k_003/lc30k003_3791_gc2500_rp0.01_mr5E-4_ss200.fa	30	38.121	45.447	56.481
long_content_30k_003/lc30k003_3792_gc2000_rp0.01_mr5E-4_ss100.fa	30	29.488	29.173	74.554
long_content_30k_003/lc30k003_3793_gc2000_rp0.01_mr2E-4_ss200.fa	30	14.947	16.135	88.740
long_content_30k_003/lc30k003_3794_gc2500_rp0.03_mr3E-4_ss100.fa	29	17.931	14.691	77.038
long_content_30k_003/lc30k003_3795_gc2000_rp0.03_mr2E-4_ss100.fa	30	9.134	3.659	81.943
long_content_30k_003/lc30k003_3796_gc2500_rp0.01_mr3E-4_ss100.fa	6	24.054	24.054	79.445
long_content_30k_003/lc30k003_3797_gc2000_rp0.03_mr3E-4_ss200.fa	30	28.586	28.916	68.922
long_content_30k_003/lc30k003_3798_gc2000_rp0.01_mr5E-4_ss200.fa	26	42.765	46.848	53.408
long_content_30k_003/lc30k003_3799_gc2000_rp0.02_mr2E-4_ss100.fa	30	19.625	19.815	80.758
long_content_30k_003/lc30k003_379_gc2000_rp0.02_mr2E-4_ss100.fa	26	29.948	38.496	72.434
long_content_30k_003/lc30k003_3800_gc2000_rp0.03_mr5E-4_ss100.fa	10	26.035	27.079	53.235
long_content_30k_003/lc30k003_3801_gc2500_rp0.01_mr3E-4_ss200.fa	30	32.345	34.025	77.389
long_content_30k_003/lc30k003_3802_gc2500_rp0.02_mr2E-4_ss200.fa	16	27.152	31.070	72.413
long_content_30k_003/lc30k003_3803_gc2500_rp0.01_mr5E-4_ss100.fa	17	40.927	44.945	69.370
long_content_30k_003/lc30k003_3804_gc2500_rp0.03_mr3E-4_ss200.fa	26	16.681	13.619	72.906
long_content_30k_003/lc30k003_3805_gc2000_rp0.01_mr3E-4_ss100.fa	30	26.713	35.631	59.743
long_content_30k_003/lc30k003_3806_gc2000_rp0.01_mr3E-4_ss200.fa	30	20.585	18.073	68.702
long_content_30k_003/lc30k003_3807_gc2000_rp0.02_mr2E-4_ss200.fa	22	12.821	10.349	68.371
long_content_30k_003/lc30k003_3808_gc2500_rp0.02_mr5E-4_ss200.fa	30	41.170	37.860	55.374
long_content_30k_003/lc30k003_3809_gc2500_rp0.03_mr5E-4_ss200.fa	28	37.129	33.560	66.770
long_content_30k_003/lc30k003_380_gc2000_rp0.03_mr5E-4_ss100.fa	22	37.841	32.912	51.612
long_content_30k_003/lc30k003_3810_gc2000_rp0.02_mr5E-4_ss200.fa	15	42.636	51.508	61.741
long_content_30k_003/lc30k003_3811_gc2000_rp0.03_mr2E-4_ss200.fa	18	30.087	30.543	73.343
long_content_30k_003/lc30k003_3812_gc2000_rp0.02_mr3E-4_ss100.fa	22	36.080	35.779	66.537
long_content_30k_003/lc30k003_3813_gc2500_rp0.03_mr2E-4_ss200.fa	21	18.921	22.041	75.167
long_content_30k_003/lc30k003_3814_gc2000_rp0.02_mr3E-4_ss200.fa	30	25.609	27.527	79.891
long_content_30k_003/lc30k003_3815_gc2500_rp0.01_mr2E-4_ss100.fa	30	19.196	17.817	77.190
long_content_30k_003/lc30k003_3816_gc2500_rp0.03_mr5E-4_ss100.fa	22	31.920	31.192	61.360
long_content_30k_003/lc30k003_3817_gc2500_rp0.02_mr2E-4_ss100.fa	22	17.782	19.474	70.132
long_content_30k_003/lc30k003_3818_gc2500_rp0.02_mr3E-4_ss100.fa	30	17.813	10.851	66.722
long_content_30k_003/lc30k003_3819_gc2000_rp0.03_mr3E-4_ss100.fa	30	17.864	12.233	60.018
long_content_30k_003/lc30k003_381_gc2500_rp0.01_mr3E-4_ss200.fa	30	19.850	16.106	63.621
long_content_30k_003/lc30k003_3820_gc2500_rp0.02_mr3E-4_ss200.fa	29	15.963	5.420	65.835
long_content_30k_003/lc30k003_3821_gc2500_rp0.03_mr2E-4_ss100.fa	10	18.285	27.545	78.119
long_content_30k_003/lc30k003_3822_gc2500_rp0.01_mr2E-4_ss200.fa	30	8.696	3.556	79.629
long_content_30k_003/lc30k003_3823_gc2000_rp0.01_mr2E-4_ss100.fa	19	23.021	29.384	75.205
long_content_30k_003/lc30k003_3824_gc2000_rp0.02_mr5E-4_ss100.fa	30	43.618	31.332	56.281
long_content_30k_003/lc30k003_3825_gc2000_rp0.03_mr5E-4_ss200.fa	27	36.088	37.495	67.865
long_content_30k_003/lc30k003_3826_gc2500_rp0.02_mr5E-4_ss100.fa	21	34.960	33.305	60.093
long_content_30k_003/lc30k003_3827_gc2500_rp0.01_mr5E-4_ss200.fa	30	24.831	25.374	81.433
long_content_30k_003/lc30k003_3828_gc2000_rp0.01_mr5E-4_ss100.fa	30	41.394	36.277	61.951
long_content_30k_003/lc30k003_3829_gc2000_rp0.01_mr2E-4_ss200.fa	30	10.620	6.187	65.126
long_content_30k_003/lc30k003_382_gc2500_rp0.02_mr2E-4_ss200.fa	22	18.326	23.587	80.190
long_content_30k_003/lc30k003_3830_gc2500_rp0.03_mr3E-4_ss100.fa	28	34.913	35.498	64.790
long_content_30k_003/lc30k003_3831_gc2000_rp0.03_mr2E-4_ss100.fa	21	26.478	28.436	77.322
long_content_30k_003/lc30k003_3832_gc2500_rp0.01_mr3E-4_ss100.fa	13	19.967	13.029	77.315
long_content_30k_003/lc30k003_3833_gc2000_rp0.03_mr3E-4_ss200.fa	26	22.272	11.641	61.082
long_content_30k_003/lc30k003_3834_gc2000_rp0.01_mr5E-4_ss200.fa	30	44.347	44.831	56.768
long_content_30k_003/lc30k003_3835_gc2000_rp0.02_mr2E-4_ss100.fa	5	11.381	11.367	68.038
long_content_30k_003/lc30k003_3836_gc2000_rp0.03_mr5E-4_ss100.fa	23	43.558	44.110	65.317
long_content_30k_003/lc30k003_3837_gc2500_rp0.01_mr3E-4_ss200.fa	30	16.024	13.571	53.345
long_content_30k_003/lc30k003_3838_gc2500_rp0.02_mr2E-4_ss200.fa	30	6.206	5.012	94.154
long_content_30k_003/lc30k003_3839_gc2500_rp0.01_mr5E-4_ss100.fa	30	29.718	24.845	28.517
long_content_30k_003/lc30k003_383_gc2500_rp0.01_mr5E-4_ss100.fa	30	49.188	47.975	50.999
long_content_30k_003/lc30k003_3840_gc2500_rp0.03_mr3E-4_ss200.fa	24	12.485	9.550	76.900
long_content_30k_003/lc30k003_3841_gc2000_rp0.01_mr3E-4_ss100.fa	4	39.395	33.758	73.006
long_content_30k_003/lc30k003_3842_gc2000_rp0.01_mr3E-4_ss200.fa	24	17.962	16.551	70.615
long_content_30k_003/lc30k003_3843_gc2000_rp0.02_mr2E-4_ss200.fa	30	16.087	15.765	84.240
long_content_30k_003/lc30k003_3844_gc2500_rp0.02_mr5E-4_ss200.fa	30	24.110	22.076	79.953
long_content_30k_003/lc30k003_3845_gc2500_rp0.03_mr5E-4_ss200.fa	30	15.881	14.294	86.901
long_content_30k_003/lc30k003_3846_gc2000_rp0.02_mr5E-4_ss200.fa	30	27.945	32.009	80.479
long_content_30k_003/lc30k003_3847_gc2000_rp0.03_mr2E-4_ss200.fa	30	12.974	11.668	87.544
long_content_30k_003/lc30k003_3848_gc2000_rp0.02_mr3E-4_ss100.fa	30	36.235	46.701	65.406
long_content_30k_003/lc30k003_3849_gc2500_rp0.03_mr2E-4_ss200.fa	16	13.943	16.019	85.030
long_content_30k_003/lc30k003_384_gc2500_rp0.03_mr3E-4_ss200.fa	24	24.522	22.626	61.026
long_content_30k_003/lc30k003_3850_gc2000_rp0.02_mr3E-4_ss200.fa	30	38.267	42.148	65.286
long_content_30k_003/lc30k003_3851_gc2500_rp0.01_mr2E-4_ss100.fa	21	11.540	12.447	86.048
long_content_30k_003/lc30k003_3852_gc2500_rp0.03_mr5E-4_ss100.fa	25	19.931	4.322	60.105
long_content_30k_003/lc30k003_3853_gc2500_rp0.02_mr2E-4_ss100.fa	16	17.143	11.760	69.279
long_content_30k_003/lc30k003_3854_gc2500_rp0.02_mr3E-4_ss100.fa	20	20.189	19.322	74.588
long_content_30k_003/lc30k003_3855_gc2000_rp0.03_mr3E-4_ss100.fa	30	25.483	25.790	79.847
long_content_30k_003/lc30k003_3856_gc2500_rp0.02_mr3E-4_ss200.fa	22	33.072	43.429	63.808
long_content_30k_003/lc30k003_3857_gc2500_rp0.03_mr2E-4_ss100.fa	22	27.327	22.402	74.058
long_content_30k_003/lc30k003_3858_gc2500_rp0.01_mr2E-4_ss200.fa	30	26.006	26.074	72.568
long_content_30k_003/lc30k003_3859_gc2000_rp0.01_mr2E-4_ss100.fa	21	23.039	33.225	72.788
long_content_30k_003/lc30k003_385_gc2000_rp0.01_mr3E-4_ss100.fa	23	14.149	10.566	47.728
long_content_30k_003/lc30k003_3860_gc2000_rp0.02_mr5E-4_ss100.fa	22	23.608	16.035	60.380
long_content_30k_003/lc30k003_3861_gc2000_rp0.03_mr5E-4_ss200.fa	21	39.019	40.550	58.115
long_content_30k_003/lc30k003_3862_gc2500_rp0.02_mr5E-4_ss100.fa	29	33.530	38.401	62.366
long_content_30k_003/lc30k003_3863_gc2500_rp0.01_mr5E-4_ss200.fa	27	16.909	16.698	88.087
long_content_30k_003/lc30k003_3864_gc2000_rp0.01_mr5E-4_ss100.fa	24	42.815	58.672	46.715
long_content_30k_003/lc30k003_3865_gc2000_rp0.01_mr2E-4_ss200.fa	29	14.380	12.170	86.534
long_content_30k_003/lc30k003_3866_gc2500_rp0.03_mr3E-4_ss100.fa	30	25.689	24.131	71.551
long_content_30k_003/lc30k003_3867_gc2000_rp0.03_mr2E-4_ss100.fa	22	15.547	11.980	81.752
long_content_30k_003/lc30k003_3868_gc2500_rp0.01_mr3E-4_ss100.fa	30	29.755	33.172	74.587
long_content_30k_003/lc30k003_3869_gc2000_rp0.03_mr3E-4_ss200.fa	29	20.482	10.915	64.913
long_content_30k_003/lc30k003_386_gc2000_rp0.01_mr3E-4_ss200.fa	23	24.470	31.913	67.264
long_content_30k_003/lc30k003_3870_gc2000_rp0.01_mr5E-4_ss200.fa	26	36.443	37.162	76.003
long_content_30k_003/lc30k003_3871_gc2000_rp0.02_mr2E-4_ss100.fa	30	21.898	24.203	81.801
long_content_30k_003/lc30k003_3872_gc2000_rp0.03_mr5E-4_ss100.fa	28	24.674	28.088	58.341
long_content_30k_003/lc30k003_3873_gc2500_rp0.01_mr3E-4_ss200.fa	30	14.883	17.423	64.956
long_content_30k_003/lc30k003_3874_gc2500_rp0.02_mr2E-4_ss200.fa	30	23.827	25.616	82.184
long_content_30k_003/lc30k003_3875_gc2500_rp0.01_mr5E-4_ss100.fa	7	21.002	21.573	82.264
long_content_30k_003/lc30k003_3876_gc2500_rp0.03_mr3E-4_ss200.fa	30	28.078	26.109	69.501
long_content_30k_003/lc30k003_3877_gc2000_rp0.01_mr3E-4_ss100.fa	27	29.973	24.591	54.380
long_content_30k_003/lc30k003_3878_gc2000_rp0.01_mr3E-4_ss200.fa	30	27.905	28.587	80.638
long_content_30k_003/lc30k003_3879_gc2000_rp0.02_mr2E-4_ss200.fa	29	13.339	21.472	77.348
long_content_30k_003/lc30k003_387_gc2000_rp0.02_mr2E-4_ss200.fa	27	14.627	8.831	69.873
long_content_30k_003/lc30k003_3880_gc2500_rp0.02_mr5E-4_ss200.fa	23	21.779	20.848	79.811
long_content_30k_003/lc30k003_3881_gc2500_rp0.03_mr5E-4_ss200.fa	17	24.402	33.317	61.905
long_content_30k_003/lc30k003_3882_gc2000_rp0.02_mr5E-4_ss200.fa	30	38.861	45.178	64.384
long_content_30k_003/lc30k003_3883_gc2000_rp0.03_mr2E-4_ss200.fa	21	11.853	8.809	85.151
long_content_30k_003/lc30k003_3884_gc2000_rp0.02_mr3E-4_ss100.fa	15	7.635	5.582	62.145
long_content_30k_003/lc30k003_3885_gc2500_rp0.03_mr2E-4_ss200.fa	24	23.407	25.991	78.680
long_content_30k_003/lc30k003_3886_gc2000_rp0.02_mr3E-4_ss200.fa	20	18.220	14.341	55.054
long_content_30k_003/lc30k003_3887_gc2500_rp0.01_mr2E-4_ss100.fa	14	20.538	22.178	71.762
long_content_30k_003/lc30k003_3888_gc2500_rp0.03_mr5E-4_ss100.fa	22	22.289	27.305	41.839
long_content_30k_003/lc30k003_3889_gc2500_rp0.02_mr2E-4_ss100.fa	30	5.048	3.782	87.611
long_content_30k_003/lc30k003_388_gc2500_rp0.02_mr5E-4_ss200.fa	10	36.872	36.745	43.787
long_content_30k_003/lc30k003_3890_gc2500_rp0.02_mr3E-4_ss100.fa	15	33.192	38.192	61.068
long_content_30k_003/lc30k003_3891_gc2000_rp0.03_mr3E-4_ss100.fa	30	16.807	17.699	86.267
long_content_30k_003/lc30k003_3892_gc2500_rp0.02_mr3E-4_ss200.fa	30	16.498	16.366	64.680
long_content_30k_003/lc30k003_3893_gc2500_rp0.03_mr2E-4_ss100.fa	16	29.795	40.745	70.150
long_content_30k_003/lc30k003_3894_gc2500_rp0.01_mr2E-4_ss200.fa	20	11.869	10.214	74.707
long_content_30k_003/lc30k003_3895_gc2000_rp0.01_mr2E-4_ss100.fa	30	26.550	26.306	66.381
long_content_30k_003/lc30k003_3896_gc2000_rp0.02_mr5E-4_ss100.fa	9	20.160	22.273	60.316
long_content_30k_003/lc30k003_3897_gc2000_rp0.03_mr5E-4_ss200.fa	25	24.942	20.894	69.376
long_content_30k_003/lc30k003_3898_gc2500_rp0.02_mr5E-4_ss100.fa	20	44.024	48.804	55.860
long_content_30k_003/lc30k003_3899_gc2500_rp0.01_mr5E-4_ss200.fa	30	18.440	16.523	56.514
long_content_30k_003/lc30k003_389_gc2500_rp0.03_mr5E-4_ss200.fa	28	30.927	31.004	70.248
long_content_30k_003/lc30k003_3900_gc2000_rp0.01_mr5E-4_ss100.fa	30	18.171	18.009	33.942
long_content_30k_003/lc30k003_3901_gc2000_rp0.01_mr2E-4_ss200.fa	30	19.871	21.362	84.253
long_content_30k_003/lc30k003_3902_gc2500_rp0.03_mr3E-4_ss100.fa	23	15.351	12.528	61.658
long_content_30k_003/lc30k003_3903_gc2000_rp0.03_mr2E-4_ss100.fa	19	16.164	24.312	72.109
long_content_30k_003/lc30k003_3904_gc2500_rp0.01_mr3E-4_ss100.fa	30	16.849	14.939	67.513
long_content_30k_003/lc30k003_3905_gc2000_rp0.03_mr3E-4_ss200.fa	9	15.779	13.591	73.908
long_content_30k_003/lc30k003_3906_gc2000_rp0.01_mr5E-4_ss200.fa	30	31.097	31.395	69.729
long_content_30k_003/lc30k003_3907_gc2000_rp0.02_mr2E-4_ss100.fa	30	24.703	28.234	78.509
long_content_30k_003/lc30k003_3908_gc2000_rp0.03_mr5E-4_ss100.fa	30	38.383	39.597	65.716
long_content_30k_003/lc30k003_3909_gc2500_rp0.01_mr3E-4_ss200.fa	30	13.466	16.197	46.376
long_content_30k_003/lc30k003_390_gc2000_rp0.02_mr5E-4_ss200.fa	6	21.957	20.106	56.392
long_content_30k_003/lc30k003_3910_gc2500_rp0.02_mr2E-4_ss200.fa	11	29.574	29.574	71.376
long_content_30k_003/lc30k003_3911_gc2500_rp0.01_mr5E-4_ss100.fa	21	32.186	42.262	77.967
long_content_30k_003/lc30k003_3912_gc2500_rp0.03_mr3E-4_ss200.fa	30	15.122	11.824	61.887
long_content_30k_003/lc30k003_3913_gc2000_rp0.01_mr3E-4_ss100.fa	7	25.278	24.385	81.981
long_content_30k_003/lc30k003_3914_gc2000_rp0.01_mr3E-4_ss200.fa	30	37.818	52.544	57.709
long_content_30k_003/lc30k003_3915_gc2000_rp0.02_mr2E-4_ss200.fa	30	25.271	21.537	76.179
long_content_30k_003/lc30k003_3916_gc2500_rp0.02_mr5E-4_ss200.fa	20	33.079	31.401	68.820
long_content_30k_003/lc30k003_3917_gc2500_rp0.03_mr5E-4_ss200.fa	26	27.869	24.813	63.276
long_content_30k_003/lc30k003_3918_gc2000_rp0.02_mr5E-4_ss200.fa	30	25.101	26.253	59.539
long_content_30k_003/lc30k003_3919_gc2000_rp0.03_mr2E-4_ss200.fa	6	17.814	16.697	83.488
long_content_30k_003/lc30k003_391_gc2000_rp0.03_mr2E-4_ss200.fa	18	14.161	10.176	83.567
long_content_30k_003/lc30k003_3920_gc2000_rp0.02_mr3E-4_ss100.fa	26	27.939	24.540	62.553
long_content_30k_003/lc30k003_3921_gc2500_rp0.03_mr2E-4_ss200.fa	8	17.289	21.546	87.608
long_content_30k_003/lc30k003_3922_gc2000_rp0.02_mr3E-4_ss200.fa	23	16.165	24.183	76.881
long_content_30k_003/lc30k003_3923_gc2500_rp0.01_mr2E-4_ss100.fa	30	34.066	40.463	72.021
long_content_30k_003/lc30k003_3924_gc2500_rp0.03_mr5E-4_ss100.fa	19	20.696	23.243	71.219
long_content_30k_003/lc30k003_3925_gc2500_rp0.02_mr2E-4_ss100.fa	19	20.630	23.079	78.313
long_content_30k_003/lc30k003_3926_gc2500_rp0.02_mr3E-4_ss100.fa	30	18.603	19.492	84.745
long_content_30k_003/lc30k003_3927_gc2000_rp0.03_mr3E-4_ss100.fa	25	19.699	15.644	74.528
long_content_30k_003/lc30k003_3928_gc2500_rp0.02_mr3E-4_ss200.fa	30	29.321	40.903	65.837
long_content_30k_003/lc30k003_3929_gc2500_rp0.03_mr2E-4_ss100.fa	26	15.156	7.246	78.635
long_content_30k_003/lc30k003_392_gc2000_rp0.02_mr3E-4_ss100.fa	30	18.832	13.538	49.358
long_content_30k_003/lc30k003_3930_gc2500_rp0.01_mr2E-4_ss200.fa	30	24.954	15.909	81.896
long_content_30k_003/lc30k003_3931_gc2000_rp0.01_mr2E-4_ss100.fa	30	12.389	12.473	91.314
long_content_30k_003/lc30k003_3932_gc2000_rp0.02_mr5E-4_ss100.fa	21	41.963	38.024	61.257
long_content_30k_003/lc30k003_3933_gc2000_rp0.03_mr5E-4_ss200.fa	28	44.400	42.188	57.496
long_content_30k_003/lc30k003_3934_gc2500_rp0.02_mr5E-4_ss100.fa	30	34.295	34.512	67.127
long_content_30k_003/lc30k003_3935_gc2500_rp0.01_mr5E-4_ss200.fa	28	24.719	20.265	45.603
long_content_30k_003/lc30k003_3936_gc2000_rp0.01_mr5E-4_ss100.fa	30	48.163	50.339	57.173
long_content_30k_003/lc30k003_3937_gc2000_rp0.01_mr2E-4_ss200.fa	21	13.544	5.646	77.996
long_content_30k_003/lc30k003_3938_gc2500_rp0.03_mr3E-4_ss100.fa	25	25.478	29.818	74.414
long_content_30k_003/lc30k003_3939_gc2000_rp0.03_mr2E-4_ss100.fa	30	16.507	16.437	79.105
long_content_30k_003/lc30k003_393_gc2500_rp0.03_mr2E-4_ss200.fa	25	20.381	27.269	78.035
long_content_30k_003/lc30k003_3940_gc2500_rp0.01_mr3E-4_ss100.fa	30	27.935	28.578	74.211
long_content_30k_003/lc30k003_3941_gc2000_rp0.03_mr3E-4_ss200.fa	27	22.914	22.146	71.931
long_content_30k_003/lc30k003_3942_gc2000_rp0.01_mr5E-4_ss200.fa	30	22.909	26.761	66.243
long_content_30k_003/lc30k003_3943_gc2000_rp0.02_mr2E-4_ss100.fa	30	7.127	4.208	61.047
long_content_30k_003/lc30k003_3944_gc2000_rp0.03_mr5E-4_ss100.fa	30	31.627	32.760	76.150
long_content_30k_003/lc30k003_3945_gc2500_rp0.01_mr3E-4_ss200.fa	24	19.515	20.232	86.443
long_content_30k_003/lc30k003_3946_gc2500_rp0.02_mr2E-4_ss200.fa	27	15.650	16.123	80.211
long_content_30k_003/lc30k003_3947_gc2500_rp0.01_mr5E-4_ss100.fa	19	37.357	33.959	35.357
long_content_30k_003/lc30k003_3948_gc2500_rp0.03_mr3E-4_ss200.fa	29	17.637	23.231	75.692
long_content_30k_003/lc30k003_3949_gc2000_rp0.01_mr3E-4_ss100.fa	20	20.848	9.768	56.538
long_content_30k_003/lc30k003_394_gc2000_rp0.02_mr3E-4_ss200.fa	30	16.626	16.448	86.499
long_content_30k_003/lc30k003_3950_gc2000_rp0.01_mr3E-4_ss200.fa	30	34.409	38.961	67.698
long_content_30k_003/lc30k003_3951_gc2000_rp0.02_mr2E-4_ss200.fa	18	30.049	31.306	77.246
long_content_30k_003/lc30k003_3952_gc2500_rp0.02_mr5E-4_ss200.fa	28	27.954	17.503	63.902
long_content_30k_003/lc30k003_3953_gc2500_rp0.03_mr5E-4_ss200.fa	7	22.773	24.579	70.577
long_content_30k_003/lc30k003_3954_gc2000_rp0.02_mr5E-4_ss200.fa	25	22.979	9.700	45.838
long_content_30k_003/lc30k003_3955_gc2000_rp0.03_mr2E-4_ss200.fa	15	21.870	22.370	82.745
long_content_30k_003/lc30k003_3956_gc2000_rp0.02_mr3E-4_ss100.fa	29	15.906	15.411	83.071
long_content_30k_003/lc30k003_3957_gc2500_rp0.03_mr2E-4_ss200.fa	22	22.866	23.401	79.130
long_content_30k_003/lc30k003_3958_gc2000_rp0.02_mr3E-4_ss200.fa	25	24.428	19.825	73.951
long_content_30k_003/lc30k003_3959_gc2500_rp0.01_mr2E-4_ss100.fa	27	11.181	8.887	65.389
long_content_30k_003/lc30k003_395_gc2500_rp0.01_mr2E-4_ss100.fa	30	19.912	18.790	78.269
long_content_30k_003/lc30k003_3960_gc2500_rp0.03_mr5E-4_ss100.fa	4	45.188	43.711	66.298
long_content_30k_003/lc30k003_3961_gc2500_rp0.02_mr2E-4_ss100.fa	30	16.632	11.403	77.023
long_content_30k_003/lc30k003_3962_gc2500_rp0.02_mr3E-4_ss100.fa	15	18.553	16.724	74.833
long_content_30k_003/lc30k003_3963_gc2000_rp0.03_mr3E-4_ss100.fa	12	27.559	25.411	72.427
long_content_30k_003/lc30k003_3964_gc2500_rp0.02_mr3E-4_ss200.fa	30	15.870	20.085	81.886
long_content_30k_003/lc30k003_3965_gc2500_rp0.03_mr2E-4_ss100.fa	30	17.864	14.363	79.753
long_content_30k_003/lc30k003_3966_gc2500_rp0.01_mr2E-4_ss200.fa	30	11.442	10.466	77.027
long_content_30k_003/lc30k003_3967_gc2000_rp0.01_mr2E-4_ss100.fa	8	7.509	4.317	93.286
long_content_30k_003/lc30k003_3968_gc2000_rp0.02_mr5E-4_ss100.fa	30	54.572	56.401	58.104
long_content_30k_003/lc30k003_3969_gc2000_rp0.03_mr5E-4_ss200.fa	27	21.440	18.817	66.928
long_content_30k_003/lc30k003_396_gc2500_rp0.03_mr5E-4_ss100.fa	9	28.141	34.760	70.675
long_content_30k_003/lc30k003_3970_gc2500_rp0.02_mr5E-4_ss100.fa	30	35.434	36.518	72.732
long_content_30k_003/lc30k003_3971_gc2500_rp0.01_mr5E-4_ss200.fa	30	34.546	35.175	69.765
long_content_30k_003/lc30k003_3972_gc2000_rp0.01_mr5E-4_ss100.fa	30	35.760	34.134	73.673
long_content_30k_003/lc30k003_3973_gc2000_rp0.01_mr2E-4_ss200.fa	30	18.328	16.657	75.370
long_content_30k_003/lc30k003_3974_gc2500_rp0.03_mr3E-4_ss100.fa	30	17.271	17.705	83.570
long_content_30k_003/lc30k003_3975_gc2000_rp0.03_mr2E-4_ss100.fa	19	19.872	22.951	82.307
long_content_30k_003/lc30k003_3976_gc2500_rp0.01_mr3E-4_ss100.fa	30	37.045	36.985	72.280
long_content_30k_003/lc30k003_3977_gc2000_rp0.03_mr3E-4_ss200.fa	30	21.278	11.365	68.641
long_content_30k_003/lc30k003_3978_gc2000_rp0.01_mr5E-4_ss200.fa	29	28.506	35.590	80.415
long_content_30k_003/lc30k003_3979_gc2000_rp0.02_mr2E-4_ss100.fa	29	17.732	11.399	72.152
long_content_30k_003/lc30k003_397_gc2500_rp0.02_mr2E-4_ss100.fa	24	27.259	32.819	75.888
long_content_30k_003/lc30k003_3980_gc2000_rp0.03_mr5E-4_ss100.fa	28	36.300	42.471	55.376
long_content_30k_003/lc30k003_3981_gc2500_rp0.01_mr3E-4_ss200.fa	21	31.182	31.182	80.541
long_content_30k_003/lc30k003_3982_gc2500_rp0.02_mr2E-4_ss200.fa	30	34.027	33.984	76.607
long_content_30k_003/lc30k003_3983_gc2500_rp0.01_mr5E-4_ss100.fa	1	17.376	17.376	89.310
long_content_30k_003/lc30k003_3984_gc2500_rp0.03_mr3E-4_ss200.fa	30	32.816	50.992	63.172
long_content_30k_003/lc30k003_3985_gc2000_rp0.01_mr3E-4_ss100.fa	6	34.309	34.309	81.058
long_content_30k_003/lc30k003_3986_gc2000_rp0.01_mr3E-4_ss200.fa	9	31.888	35.949	66.887
long_content_30k_003/lc30k003_3987_gc2000_rp0.02_mr2E-4_ss200.fa	30	10.940	9.169	82.570
long_content_30k_003/lc30k003_3988_gc2500_rp0.02_mr5E-4_ss200.fa	30	19.355	17.037	72.040
long_content_30k_003/lc30k003_3989_gc2500_rp0.03_mr5E-4_ss200.fa	21	30.830	38.844	57.095
long_content_30k_003/lc30k003_398_gc2500_rp0.02_mr3E-4_ss100.fa	30	19.880	20.637	82.191
long_content_30k_003/lc30k003_3990_gc2000_rp0.02_mr5E-4_ss200.fa	22	48.353	55.943	51.598
long_content_30k_003/lc30k003_3991_gc2000_rp0.03_mr2E-4_ss200.fa	30	14.805	12.587	78.565
long_content_30k_003/lc30k003_3992_gc2000_rp0.02_mr3E-4_ss100.fa	30	36.935	40.250	67.263
long_content_30k_003/lc30k003_3993_gc2500_rp0.03_mr2E-4_ss200.fa	30	12.170	7.337	79.516
long_content_30k_003/lc30k003_3994_gc2000_rp0.02_mr3E-4_ss200.fa	9	17.856	4.371	75.513
long_content_30k_003/lc30k003_3995_gc2500_rp0.01_mr2E-4_ss100.fa	29	19.673	19.577	85.567
long_content_30k_003/lc30k003_3996_gc2500_rp0.03_mr5E-4_ss100.fa	17	31.922	11.927	38.396
long_content_30k_003/lc30k003_3997_gc2500_rp0.02_mr2E-4_ss100.fa	30	17.645	14.334	68.695
long_content_30k_003/lc30k003_3998_gc2500_rp0.02_mr3E-4_ss100.fa	18	24.381	17.785	66.401
long_content_30k_003/lc30k003_3999_gc2000_rp0.03_mr3E-4_ss100.fa	12	10.913	1.060	65.402
long_content_30k_003/lc30k003_399_gc2000_rp0.03_mr3E-4_ss100.fa	24	17.435	16.530	76.283
long_content_30k_003/lc30k003_4000_gc2500_rp0.02_mr3E-4_ss200.fa	30	25.353	28.783	64.131
long_content_30k_003/lc30k003_400_gc2500_rp0.02_mr3E-4_ss200.fa	13	35.386	56.034	55.819
long_content_30k_003/lc30k003_401_gc2500_rp0.03_mr2E-4_ss100.fa	20	15.870	5.224	68.487
long_content_30k_003/lc30k003_402_gc2500_rp0.01_mr2E-4_ss200.fa	20	28.087	3.061	52.828
long_content_30k_003/lc30k003_403_gc2000_rp0.01_mr2E-4_ss100.fa	12	24.106	24.097	71.972
long_content_30k_003/lc30k003_404_gc2000_rp0.02_mr5E-4_ss100.fa	22	32.578	24.650	54.053
long_content_30k_003/lc30k003_405_gc2000_rp0.03_mr5E-4_ss200.fa	24	41.492	44.807	57.015
long_content_30k_003/lc30k003_406_gc2500_rp0.02_mr5E-4_ss100.fa	30	46.298	49.230	62.224
long_content_30k_003/lc30k003_407_gc2500_rp0.01_mr5E-4_ss200.fa	9	20.594	17.556	85.985
long_content_30k_003/lc30k003_408_gc2000_rp0.01_mr5E-4_ss100.fa	21	22.150	14.842	46.899
long_content_30k_003/lc30k003_409_gc2000_rp0.01_mr2E-4_ss200.fa	28	23.889	27.057	74.389
long_content_30k_003/lc30k003_410_gc2500_rp0.03_mr3E-4_ss100.fa	30	20.910	18.991	80.040
long_content_30k_003/lc30k003_411_gc2000_rp0.03_mr2E-4_ss100.fa	26	14.864	15.016	79.792
long_content_30k_003/lc30k003_412_gc2500_rp0.01_mr3E-4_ss100.fa	30	23.873	23.471	77.336
long_content_30k_003/lc30k003_413_gc2000_rp0.03_mr3E-4_ss200.fa	30	13.206	12.079	87.682
long_content_30k_003/lc30k003_414_gc2000_rp0.01_mr5E-4_ss200.fa	30	44.418	39.156	59.749
long_content_30k_003/lc30k003_415_gc2000_rp0.02_mr2E-4_ss100.fa	30	12.457	10.892	80.262
long_content_30k_003/lc30k003_416_gc2000_rp0.03_mr5E-4_ss100.fa	23	23.302	24.831	81.184
long_content_30k_003/lc30k003_417_gc2500_rp0.01_mr3E-4_ss200.fa	21	28.555	25.634	80.579
long_content_30k_003/lc30k003_418_gc2500_rp0.02_mr2E-4_ss200.fa	21	17.078	18.992	72.042
long_content_30k_003/lc30k003_419_gc2500_rp0.01_mr5E-4_ss100.fa	30	56.540	57.836	54.174
long_content_30k_003/lc30k003_420_gc2500_rp0.03_mr3E-4_ss200.fa	16	23.256	22.427	74.580
long_content_30k_003/lc30k003_421_gc2000_rp0.01_mr3E-4_ss100.fa	30	40.172	40.808	63.792
long_content_30k_003/lc30k003_422_gc2000_rp0.01_mr3E-4_ss200.fa	6	7.650	7.650	64.658
long_content_30k_003/lc30k003_423_gc2000_rp0.02_mr2E-4_ss200.fa	28	12.941	9.657	82.699
long_content_30k_003/lc30k003_424_gc2500_rp0.02_mr5E-4_ss200.fa	30	16.514	15.539	75.870
long_content_30k_003/lc30k003_425_gc2500_rp0.03_mr5E-4_ss200.fa	20	45.583	48.069	58.892
long_content_30k_003/lc30k003_426_gc2000_rp0.02_mr5E-4_ss200.fa	30	30.819	31.278	56.929
long_content_30k_003/lc30k003_427_gc2000_rp0.03_mr2E-4_ss200.fa	7	20.121	19.551	78.713
long_content_30k_003/lc30k003_428_gc2000_rp0.02_mr3E-4_ss100.fa	29	21.643	22.596	77.539
long_content_30k_003/lc30k003_429_gc2500_rp0.03_mr2E-4_ss200.fa	14	11.750	5.884	83.520
long_content_30k_003/lc30k003_430_gc2000_rp0.02_mr3E-4_ss200.fa	19	11.879	1.144	56.992
long_content_30k_003/lc30k003_431_gc2500_rp0.01_mr2E-4_ss100.fa	28	18.072	18.221	84.228
long_content_30k_003/lc30k003_432_gc2500_rp0.03_mr5E-4_ss100.fa	30	30.510	39.788	51.242
long_content_30k_003/lc30k003_433_gc2500_rp0.02_mr2E-4_ss100.fa	14	13.306	13.306	91.122
long_content_30k_003/lc30k003_434_gc2500_rp0.02_mr3E-4_ss100.fa	30	11.715	5.408	61.028
long_content_30k_003/lc30k003_435_gc2000_rp0.03_mr3E-4_ss100.fa	17	20.754	22.392	77.392
long_content_30k_003/lc30k003_436_gc2500_rp0.02_mr3E-4_ss200.fa	30	24.669	29.767	65.323
long_content_30k_003/lc30k003_437_gc2500_rp0.03_mr2E-4_ss100.fa	30	9.295	10.754	87.476
long_content_30k_003/lc30k003_438_gc2500_rp0.01_mr2E-4_ss200.fa	30	7.733	7.417	71.651
long_content_30k_003/lc30k003_439_gc2000_rp0.01_mr2E-4_ss100.fa	30	8.702	7.603	87.901
long_content_30k_003/lc30k003_440_gc2000_rp0.02_mr5E-4_ss100.fa	27	26.576	28.035	44.515
long_content_30k_003/lc30k003_441_gc2000_rp0.03_mr5E-4_ss200.fa	29	34.556	36.574	67.222
long_content_30k_003/lc30k003_442_gc2500_rp0.02_mr5E-4_ss100.fa	30	30.323	31.924	51.962
long_content_30k_003/lc30k003_443_gc2500_rp0.01_mr5E-4_ss200.fa	30	38.111	29.673	54.093
long_content_30k_003/lc30k003_444_gc2000_rp0.01_mr5E-4_ss100.fa	30	26.587	22.014	57.150
long_content_30k_003/lc30k003_445_gc2000_rp0.01_mr2E-4_ss200.fa	19	12.778	6.238	57.976
long_content_30k_003/lc30k003_446_gc2500_rp0.03_mr3E-4_ss100.fa	24	12.684	14.087	85.236
long_content_30k_003/lc30k003_447_gc2000_rp0.03_mr2E-4_ss100.fa	30	23.324	26.898	80.576
long_content_30k_003/lc30k003_448_gc2500_rp0.01_mr3E-4_ss100.fa	2	17.932	17.932	88.734
long_content_30k_003/lc30k003_449_gc2000_rp0.03_mr3E-4_ss200.fa	17	21.187	19.826	48.730
long_content_30k_003/lc30k003_450_gc2000_rp0.01_mr5E-4_ss200.fa	30	36.072	35.158	68.095
long_content_30k_003/lc30k003_451_gc2000_rp0.02_mr2E-4_ss100.fa	30	15.740	12.062	71.849
long_content_30k_003/lc30k003_452_gc2000_rp0.03_mr5E-4_ss100.fa	25	24.960	26.316	70.181
long_content_30k_003/lc30k003_453_gc2500_rp0.01_mr3E-4_ss200.fa	28	20.907	19.678	71.742
long_content_30k_003/lc30k003_454_gc2500_rp0.02_mr2E-4_ss200.fa	27	30.863	32.861	69.051
long_content_30k_003/lc30k003_455_gc2500_rp0.01_mr5E-4_ss100.fa	30	32.442	25.878	67.599
long_content_30k_003/lc30k003_456_gc2500_rp0.03_mr3E-4_ss200.fa	27	19.627	20.383	72.200
long_content_30k_003/lc30k003_457_gc2000_rp0.01_mr3E-4_ss100.fa	30	23.848	23.907	77.634
long_content_30k_003/lc30k003_458_gc2000_rp0.01_mr3E-4_ss200.fa	6	20.958	18.068	86.777
long_content_30k_003/lc30k003_459_gc2000_rp0.02_mr2E-4_ss200.fa	25	11.007	12.175	83.657
long_content_30k_003/lc30k003_460_gc2500_rp0.02_mr5E-4_ss200.fa	30	31.845	25.741	65.303
long_content_30k_003/lc30k003_461_gc2500_rp0.03_mr5E-4_ss200.fa	19	29.241	29.363	72.774
long_content_30k_003/lc30k003_462_gc2000_rp0.02_mr5E-4_ss200.fa	30	53.504	57.397	57.440
long_content_30k_003/lc30k003_463_gc2000_rp0.03_mr2E-4_ss200.fa	20	18.254	18.084	78.087
long_content_30k_003/lc30k003_464_gc2000_rp0.02_mr3E-4_ss100.fa	21	22.664	22.677	78.017
long_content_30k_003/lc30k003_465_gc2500_rp0.03_mr2E-4_ss200.fa	27	14.714	16.330	83.843
long_content_30k_003/lc30k003_466_gc2000_rp0.02_mr3E-4_ss200.fa	30	25.199	25.016	62.444
long_content_30k_003/lc30k003_467_gc2500_rp0.01_mr2E-4_ss100.fa	30	27.668	36.209	72.644
long_content_30k_003/lc30k003_468_gc2500_rp0.03_mr5E-4_ss100.fa	22	31.808	25.635	60.983
long_content_30k_003/lc30k003_469_gc2500_rp0.02_mr2E-4_ss100.fa	19	29.068	35.946	75.032
long_content_30k_003/lc30k003_470_gc2500_rp0.02_mr3E-4_ss100.fa	23	20.678	32.256	73.961
long_content_30k_003/lc30k003_471_gc2000_rp0.03_mr3E-4_ss100.fa	20	37.810	46.987	63.464
long_content_30k_003/lc30k003_472_gc2500_rp0.02_mr3E-4_ss200.fa	16	20.915	31.713	57.114
long_content_30k_003/lc30k003_473_gc2500_rp0.03_mr2E-4_ss100.fa	21	12.118	6.464	84.875
long_content_30k_003/lc30k003_474_gc2500_rp0.01_mr2E-4_ss200.fa	30	25.903	22.838	63.609
long_content_30k_003/lc30k003_475_gc2000_rp0.01_mr2E-4_ss100.fa	16	50.776	51.080	67.626
long_content_30k_003/lc30k003_476_gc2000_rp0.02_mr5E-4_ss100.fa	24	35.362	36.885	64.650
long_content_30k_003/lc30k003_477_gc2000_rp0.03_mr5E-4_ss200.fa	25	46.950	49.778	51.660
long_content_30k_003/lc30k003_478_gc2500_rp0.02_mr5E-4_ss100.fa	28	20.909	15.408	38.474
long_content_30k_003/lc30k003_479_gc2500_rp0.01_mr5E-4_ss200.fa	22	29.252	27.766	78.967
long_content_30k_003/lc30k003_480_gc2000_rp0.01_mr5E-4_ss100.fa	11	30.174	32.123	74.915
long_content_30k_003/lc30k003_481_gc2000_rp0.01_mr2E-4_ss200.fa	30	27.647	34.605	72.644
long_content_30k_003/lc30k003_482_gc2500_rp0.03_mr3E-4_ss100.fa	18	12.482	10.157	73.817
long_content_30k_003/lc30k003_483_gc2000_rp0.03_mr2E-4_ss100.fa	23	19.496	24.403	78.775
long_content_30k_003/lc30k003_484_gc2500_rp0.01_mr3E-4_ss100.fa	7	27.475	27.537	83.741
long_content_30k_003/lc30k003_485_gc2000_rp0.03_mr3E-4_ss200.fa	30	22.274	24.483	77.088
long_content_30k_003/lc30k003_486_gc2000_rp0.01_mr5E-4_ss200.fa	1	3.854	3.854	96.199
long_content_30k_003/lc30k003_487_gc2000_rp0.02_mr2E-4_ss100.fa	21	17.689	17.181	75.491
long_content_30k_003/lc30k003_488_gc2000_rp0.03_mr5E-4_ss100.fa	23	29.264	38.609	58.787
long_content_30k_003/lc30k003_489_gc2500_rp0.01_mr3E-4_ss200.fa	30	27.181	27.241	74.773
long_content_30k_003/lc30k003_490_gc2500_rp0.02_mr2E-4_ss200.fa	22	17.346	17.975	77.028
long_content_30k_003/lc30k003_491_gc2500_rp0.01_mr5E-4_ss100.fa	25	25.925	28.848	46.302
long_content_30k_003/lc30k003_492_gc2500_rp0.03_mr3E-4_ss200.fa	12	26.803	27.205	76.152
long_content_30k_003/lc30k003_493_gc2000_rp0.01_mr3E-4_ss100.fa	13	16.120	9.467	48.974
long_content_30k_003/lc30k003_494_gc2000_rp0.01_mr3E-4_ss200.fa	30	12.818	3.013	72.628
long_content_30k_003/lc30k003_495_gc2000_rp0.02_mr2E-4_ss200.fa	21	12.820	12.454	80.785
long_content_30k_003/lc30k003_496_gc2500_rp0.02_mr5E-4_ss200.fa	30	28.625	24.462	38.815
long_content_30k_003/lc30k003_497_gc2500_rp0.03_mr5E-4_ss200.fa	24	37.695	33.846	53.383
long_content_30k_003/lc30k003_498_gc2000_rp0.02_mr5E-4_ss200.fa	30	20.114	21.516	79.255
long_content_30k_003/lc30k003_499_gc2000_rp0.03_mr2E-4_ss200.fa	15	20.287	17.642	70.117
long_content_30k_003/lc30k003_500_gc2000_rp0.02_mr3E-4_ss100.fa	28	25.187	14.857	64.360
long_content_30k_003/lc30k003_501_gc2500_rp0.03_mr2E-4_ss200.fa	12	13.183	13.899	83.884
long_content_30k_003/lc30k003_502_gc2000_rp0.02_mr3E-4_ss200.fa	23	9.095	9.304	88.939
long_content_30k_003/lc30k003_503_gc2500_rp0.01_mr2E-4_ss100.fa	1	12.778	12.778	91.613
long_content_30k_003/lc30k003_504_gc2500_rp0.03_mr5E-4_ss100.fa	27	21.619	20.200	70.042
long_content_30k_003/lc30k003_505_gc2500_rp0.02_mr2E-4_ss100.fa	11	19.249	13.604	63.452
long_content_30k_003/lc30k003_506_gc2500_rp0.02_mr3E-4_ss100.fa	30	23.774	28.421	73.635
long_content_30k_003/lc30k003_507_gc2000_rp0.03_mr3E-4_ss100.fa	30	25.889	31.351	68.635
long_content_30k_003/lc30k003_508_gc2500_rp0.02_mr3E-4_ss200.fa	29	23.345	24.152	80.420
long_content_30k_003/lc30k003_509_gc2500_rp0.03_mr2E-4_ss100.fa	14	20.370	25.682	76.159
long_content_30k_003/lc30k003_510_gc2500_rp0.01_mr2E-4_ss200.fa	19	11.366	9.314	77.724
long_content_30k_003/lc30k003_511_gc2000_rp0.01_mr2E-4_ss100.fa	5	11.628	12.061	87.350
long_content_30k_003/lc30k003_512_gc2000_rp0.02_mr5E-4_ss100.fa	30	34.839	31.807	51.590
long_content_30k_003/lc30k003_513_gc2000_rp0.03_mr5E-4_ss200.fa	30	33.146	39.131	61.290
long_content_30k_003/lc30k003_514_gc2500_rp0.02_mr5E-4_ss100.fa	28	25.074	20.092	55.075
long_content_30k_003/lc30k003_515_gc2500_rp0.01_mr5E-4_ss200.fa	30	43.261	54.498	48.213
long_content_30k_003/lc30k003_516_gc2000_rp0.01_mr5E-4_ss100.fa	13	37.145	58.093	55.109
long_content_30k_003/lc30k003_517_gc2000_rp0.01_mr2E-4_ss200.fa	6	11.009	11.009	94.298
long_content_30k_003/lc30k003_518_gc2500_rp0.03_mr3E-4_ss100.fa	7	33.883	43.032	71.216
long_content_30k_003/lc30k003_519_gc2000_rp0.03_mr2E-4_ss100.fa	24	24.449	31.534	70.345
long_content_30k_003/lc30k003_520_gc2500_rp0.01_mr3E-4_ss100.fa	30	28.631	34.623	75.261
long_content_30k_003/lc30k003_521_gc2000_rp0.03_mr3E-4_ss200.fa	30	19.376	10.320	66.849
long_content_30k_003/lc30k003_522_gc2000_rp0.01_mr5E-4_ss200.fa	30	43.575	43.308	39.700
long_content_30k_003/lc30k003_523_gc2000_rp0.02_mr2E-4_ss100.fa	30	13.795	9.644	74.183
long_content_30k_003/lc30k003_524_gc2000_rp0.03_mr5E-4_ss100.fa	30	24.486	19.609	52.246
long_content_30k_003/lc30k003_525_gc2500_rp0.01_mr3E-4_ss200.fa	30	11.377	7.089	63.072
long_content_30k_003/lc30k003_526_gc2500_rp0.02_mr2E-4_ss200.fa	29	22.721	21.862	78.696
long_content_30k_003/lc30k003_527_gc2500_rp0.01_mr5E-4_ss100.fa	30	23.720	20.358	72.533
long_content_30k_003/lc30k003_528_gc2500_rp0.03_mr3E-4_ss200.fa	19	17.812	15.655	57.720
long_content_30k_003/lc30k003_529_gc2000_rp0.01_mr3E-4_ss100.fa	11	22.880	13.260	82.679
long_content_30k_003/lc30k003_530_gc2000_rp0.01_mr3E-4_ss200.fa	30	18.180	16.219	71.724
long_content_30k_003/lc30k003_531_gc2000_rp0.02_mr2E-4_ss200.fa	18	19.453	15.229	66.863
long_content_30k_003/lc30k003_532_gc2500_rp0.02_mr5E-4_ss200.fa	27	42.290	43.472	58.870
long_content_30k_003/lc30k003_533_gc2500_rp0.03_mr5E-4_ss200.fa	29	44.838	51.593	61.106
long_content_30k_003/lc30k003_534_gc2000_rp0.02_mr5E-4_ss200.fa	9	23.978	23.279	55.774
long_content_30k_003/lc30k003_535_gc2000_rp0.03_mr2E-4_ss200.fa	30	33.613	36.491	75.143
long_content_30k_003/lc30k003_536_gc2000_rp0.02_mr3E-4_ss100.fa	30	30.030	30.072	72.530
long_content_30k_003/lc30k003_537_gc2500_rp0.03_mr2E-4_ss200.fa	26	16.044	11.159	73.572
long_content_30k_003/lc30k003_538_gc2000_rp0.02_mr3E-4_ss200.fa	10	14.536	20.877	67.036
long_content_30k_003/lc30k003_539_gc2500_rp0.01_mr2E-4_ss100.fa	30	19.456	13.289	68.275
long_content_30k_003/lc30k003_540_gc2500_rp0.03_mr5E-4_ss100.fa	11	28.432	33.070	65.229
long_content_30k_003/lc30k003_541_gc2500_rp0.02_mr2E-4_ss100.fa	30	16.042	10.882	78.906
long_content_30k_003/lc30k003_542_gc2500_rp0.02_mr3E-4_ss100.fa	30	16.939	13.911	63.769
long_content_30k_003/lc30k003_543_gc2000_rp0.03_mr3E-4_ss100.fa	7	21.788	18.241	78.267
long_content_30k_003/lc30k003_544_gc2500_rp0.02_mr3E-4_ss200.fa	30	41.203	43.705	61.370
long_content_30k_003/lc30k003_545_gc2500_rp0.03_mr2E-4_ss100.fa	11	13.656	14.066	74.699
long_content_30k_003/lc30k003_546_gc2500_rp0.01_mr2E-4_ss200.fa	30	9.536	9.086	73.208
long_content_30k_003/lc30k003_547_gc2000_rp0.01_mr2E-4_ss100.fa	30	6.698	8.406	70.654
long_content_30k_003/lc30k003_548_gc2000_rp0.02_mr5E-4_ss100.fa	30	23.989	24.615	65.087
long_content_30k_003/lc30k003_549_gc2000_rp0.03_mr5E-4_ss200.fa	28	25.605	26.623	74.532
long_content_30k_003/lc30k003_550_gc2500_rp0.02_mr5E-4_ss100.fa	30	25.502	25.584	74.984
long_content_30k_003/lc30k003_551_gc2500_rp0.01_mr5E-4_ss200.fa	30	33.757	30.978	57.114
long_content_30k_003/lc30k003_552_gc2000_rp0.01_mr5E-4_ss100.fa	30	28.928	27.549	52.910
long_content_30k_003/lc30k003_553_gc2000_rp0.01_mr2E-4_ss200.fa	30	11.600	10.030	66.234
long_content_30k_003/lc30k003_554_gc2500_rp0.03_mr3E-4_ss100.fa	11	34.797	37.488	67.552
long_content_30k_003/lc30k003_555_gc2000_rp0.03_mr2E-4_ss100.fa	30	9.153	9.466	90.544
long_content_30k_003/lc30k003_556_gc2500_rp0.01_mr3E-4_ss100.fa	29	27.058	27.198	74.247
long_content_30k_003/lc30k003_557_gc2000_rp0.03_mr3E-4_ss200.fa	24	14.944	13.609	72.258
long_content_30k_003/lc30k003_558_gc2000_rp0.01_mr5E-4_ss200.fa	30	51.718	54.442	49.475
long_content_30k_003/lc30k003_559_gc2000_rp0.02_mr2E-4_ss100.fa	18	5.901	5.893	67.859
long_content_30k_003/lc30k003_560_gc2000_rp0.03_mr5E-4_ss100.fa	23	38.263	45.077	52.596
long_content_30k_003/lc30k003_561_gc2500_rp0.01_mr3E-4_ss200.fa	30	16.253	13.980	71.613
long_content_30k_003/lc30k003_562_gc2500_rp0.02_mr2E-4_ss200.fa	21	13.841	13.193	79.740
long_content_30k_003/lc30k003_563_gc2500_rp0.01_mr5E-4_ss100.fa	12	27.577	29.045	78.963
long_content_30k_003/lc30k003_564_gc2500_rp0.03_mr3E-4_ss200.fa	21	27.516	25.557	63.714
long_content_30k_003/lc30k003_565_gc2000_rp0.01_mr3E-4_ss100.fa	30	22.515	24.426	73.962
long_content_30k_003/lc30k003_566_gc2000_rp0.01_mr3E-4_ss200.fa	30	16.771	14.384	62.155
long_content_30k_003/lc30k003_567_gc2000_rp0.02_mr2E-4_ss200.fa	30	28.188	29.293	75.894
long_content_30k_003/lc30k003_568_gc2500_rp0.02_mr5E-4_ss200.fa	17	48.117	45.004	54.670
long_content_30k_003/lc30k003_569_gc2500_rp0.03_mr5E-4_ss200.fa	30	34.314	32.542	67.304
long_content_30k_003/lc30k003_570_gc2000_rp0.02_mr5E-4_ss200.fa	30	24.111	20.321	49.515
long_content_30k_003/lc30k003_571_gc2000_rp0.03_mr2E-4_ss200.fa	15	20.332	23.345	79.673
long_content_30k_003/lc30k003_572_gc2000_rp0.02_mr3E-4_ss100.fa	30	29.333	26.079	60.175
long_content_30k_003/lc30k003_573_gc2500_rp0.03_mr2E-4_ss200.fa	30	10.086	10.183	86.986
long_content_30k_003/lc30k003_574_gc2000_rp0.02_mr3E-4_ss200.fa	30	13.924	12.324	89.129
long_content_30k_003/lc30k003_575_gc2500_rp0.01_mr2E-4_ss100.fa	30	14.293	16.213	85.259
long_content_30k_003/lc30k003_576_gc2500_rp0.03_mr5E-4_ss100.fa	15	7.739	2.208	41.865
long_content_30k_003/lc30k003_577_gc2500_rp0.02_mr2E-4_ss100.fa	8	17.344	17.922	86.692
long_content_30k_003/lc30k003_578_gc2500_rp0.02_mr3E-4_ss100.fa	21	30.656	31.686	71.462
long_content_30k_003/lc30k003_579_gc2000_rp0.03_mr3E-4_ss100.fa	13	24.236	20.845	62.097
long_content_30k_003/lc30k003_580_gc2500_rp0.02_mr3E-4_ss200.fa	30	31.358	31.098	71.097
long_content_30k_003/lc30k003_581_gc2500_rp0.03_mr2E-4_ss100.fa	29	12.785	13.830	89.252
long_content_30k_003/lc30k003_582_gc2500_rp0.01_mr2E-4_ss200.fa	30	31.088	23.146	58.496
long_content_30k_003/lc30k003_583_gc2000_rp0.01_mr2E-4_ss100.fa	22	30.496	38.300	63.727
long_content_30k_003/lc30k003_584_gc2000_rp0.02_mr5E-4_ss100.fa	25	42.951	52.888	60.202
long_content_30k_003/lc30k003_585_gc2000_rp0.03_mr5E-4_ss200.fa	30	22.648	22.634	79.317
long_content_30k_003/lc30k003_586_gc2500_rp0.02_mr5E-4_ss100.fa	21	21.729	14.383	49.962
long_content_30k_003/lc30k003_587_gc2500_rp0.01_mr5E-4_ss200.fa	16	35.686	58.321	54.218
long_content_30k_003/lc30k003_588_gc2000_rp0.01_mr5E-4_ss100.fa	2	25.179	25.179	78.231
long_content_30k_003/lc30k003_589_gc2000_rp0.01_mr2E-4_ss200.fa	21	14.078	12.365	63.781
long_content_30k_003/lc30k003_590_gc2500_rp0.03_mr3E-4_ss100.fa	19	33.079	31.934	71.875
long_content_30k_003/lc30k003_591_gc2000_rp0.03_mr2E-4_ss100.fa	25	17.748	18.541	83.459
long_content_30k_003/lc30k003_592_gc2500_rp0.01_mr3E-4_ss100.fa	17	18.725	18.375	83.121
long_content_30k_003/lc30k003_593_gc2000_rp0.03_mr3E-4_ss200.fa	21	16.787	5.062	64.517
long_content_30k_003/lc30k003_594_gc2000_rp0.01_mr5E-4_ss200.fa	30	40.759	54.454	56.869
long_content_30k_003/lc30k003_595_gc2000_rp0.02_mr2E-4_ss100.fa	2	8.768	8.768	92.739
long_content_30k_003/lc30k003_596_gc2000_rp0.03_mr5E-4_ss100.fa	18	32.024	44.713	61.242
long_content_30k_003/lc30k003_597_gc2500_rp0.01_mr3E-4_ss200.fa	13	36.250	36.215	70.861
long_content_30k_003/lc30k003_598_gc2500_rp0.02_mr2E-4_ss200.fa	30	28.186	33.797	71.762
long_content_30k_003/lc30k003_599_gc2500_rp0.01_mr5E-4_ss100.fa	30	34.963	34.962	71.332
long_content_30k_003/lc30k003_600_gc2500_rp0.03_mr3E-4_ss200.fa	18	17.176	14.750	76.292
long_content_30k_003/lc30k003_601_gc2000_rp0.01_mr3E-4_ss100.fa	15	12.672	5.909	63.763
long_content_30k_003/lc30k003_602_gc2000_rp0.01_mr3E-4_ss200.fa	30	18.081	15.805	78.027
long_content_30k_003/lc30k003_603_gc2000_rp0.02_mr2E-4_ss200.fa	30	13.691	16.446	87.667
long_content_30k_003/lc30k003_604_gc2500_rp0.02_mr5E-4_ss200.fa	18	45.404	57.293	53.828
long_content_30k_003/lc30k003_605_gc2500_rp0.03_mr5E-4_ss200.fa	30	31.558	33.738	73.093
long_content_30k_003/lc30k003_606_gc2000_rp0.02_mr5E-4_ss200.fa	30	25.194	21.126	68.251
long_content_30k_003/lc30k003_607_gc2000_rp0.03_mr2E-4_ss200.fa	28	18.095	15.818	82.656
long_content_30k_003/lc30k003_608_gc2000_rp0.02_mr3E-4_ss100.fa	20	18.172	18.118	81.195
long_content_30k_003/lc30k003_609_gc2500_rp0.03_mr2E-4_ss200.fa	20	24.429	24.847	78.971
long_content_30k_003/lc30k003_610_gc2000_rp0.02_mr3E-4_ss200.fa	13	4.164	5.116	79.515
long_content_30k_003/lc30k003_611_gc2500_rp0.01_mr2E-4_ss100.fa	30	17.195	13.346	75.890
long_content_30k_003/lc30k003_612_gc2500_rp0.03_mr5E-4_ss100.fa	19	52.521	58.743	52.371
long_content_30k_003/lc30k003_613_gc2500_rp0.02_mr2E-4_ss100.fa	27	20.421	18.994	82.527
long_content_30k_003/lc30k003_614_gc2500_rp0.02_mr3E-4_ss100.fa	30	28.428	31.704	71.636
long_content_30k_003/lc30k003_615_gc2000_rp0.03_mr3E-4_ss100.fa	30	30.692	31.687	75.713
long_content_30k_003/lc30k003_616_gc2500_rp0.02_mr3E-4_ss200.fa	13	24.288	25.022	78.752
long_content_30k_003/lc30k003_617_gc2500_rp0.03_mr2E-4_ss100.fa	21	24.905	26.523	75.757
long_content_30k_003/lc30k003_618_gc2500_rp0.01_mr2E-4_ss200.fa	30	41.749	42.455	67.043
long_content_30k_003/lc30k003_619_gc2000_rp0.01_mr2E-4_ss100.fa	30	17.449	14.964	77.582
long_content_30k_003/lc30k003_620_gc2000_rp0.02_mr5E-4_ss100.fa	30	39.860	48.683	53.205
long_content_30k_003/lc30k003_621_gc2000_rp0.03_mr5E-4_ss200.fa	23	24.530	25.348	71.120
long_content_30k_003/lc30k003_622_gc2500_rp0.02_mr5E-4_ss100.fa	15	26.164	26.023	57.142
long_content_30k_003/lc30k003_623_gc2500_rp0.01_mr5E-4_ss200.fa	30	24.436	24.436	39.070
long_content_30k_003/lc30k003_624_gc2000_rp0.01_mr5E-4_ss100.fa	30	45.756	64.402	35.698
long_content_30k_003/lc30k003_625_gc2000_rp0.01_mr2E-4_ss200.fa	27	26.001	38.353	66.541
long_content_30k_003/lc30k003_626_gc2500_rp0.03_mr3E-4_ss100.fa	19	17.717	26.976	71.587
long_content_30k_003/lc30k003_627_gc2000_rp0.03_mr2E-4_ss100.fa	25	21.591	22.155	80.224
long_content_30k_003/lc30k003_628_gc2500_rp0.01_mr3E-4_ss100.fa	19	22.408	23.540	82.896
long_content_30k_003/lc30k003_629_gc2000_rp0.03_mr3E-4_ss200.fa	30	12.955	14.111	87.678
long_content_30k_003/lc30k003_630_gc2000_rp0.01_mr5E-4_ss200.fa	30	35.428	36.958	67.967
long_content_30k_003/lc30k003_631_gc2000_rp0.02_mr2E-4_ss100.fa	30	15.022	16.168	87.886
long_content_30k_003/lc30k003_632_gc2000_rp0.03_mr5E-4_ss100.fa	30	22.979	20.892	38.472
long_content_30k_003/lc30k003_633_gc2500_rp0.01_mr3E-4_ss200.fa	25	23.594	29.854	81.844
long_content_30k_003/lc30k003_634_gc2500_rp0.02_mr2E-4_ss200.fa	9	12.199	14.734	91.152
long_content_30k_003/lc30k003_635_gc2500_rp0.01_mr5E-4_ss100.fa	30	26.270	29.139	49.420
long_content_30k_003/lc30k003_636_gc2500_rp0.03_mr3E-4_ss200.fa	12	16.224	7.211	73.566
long_content_30k_003/lc30k003_637_gc2000_rp0.01_mr3E-4_ss100.fa	15	19.293	14.417	85.300
long_content_30k_003/lc30k003_638_gc2000_rp0.01_mr3E-4_ss200.fa	23	19.153	21.938	86.786
long_content_30k_003/lc30k003_639_gc2000_rp0.02_mr2E-4_ss200.fa	30	21.563	23.252	82.000
long_content_30k_003/lc30k003_640_gc2500_rp0.02_mr5E-4_ss200.fa	30	28.988	28.378	75.958
long_content_30k_003/lc30k003_641_gc2500_rp0.03_mr5E-4_ss200.fa	30	46.787	45.422	56.867
long_content_30k_003/lc30k003_642_gc2000_rp0.02_mr5E-4_ss200.fa	30	26.197	26.617	81.252
long_content_30k_003/lc30k003_643_gc2000_rp0.03_mr2E-4_ss200.fa	17	19.679	18.397	81.567
long_content_30k_003/lc30k003_644_gc2000_rp0.02_mr3E-4_ss100.fa	18	37.374	37.147	61.657
long_content_30k_003/lc30k003_645_gc2500_rp0.03_mr2E-4_ss200.fa	13	15.202	19.888	83.293
long_content_30k_003/lc30k003_646_gc2000_rp0.02_mr3E-4_ss200.fa	16	19.177	20.889	87.338
long_content_30k_003/lc30k003_647_gc2500_rp0.01_mr2E-4_ss100.fa	17	35.959	33.332	65.501
long_content_30k_003/lc30k003_648_gc2500_rp0.03_mr5E-4_ss100.fa	13	25.430	28.402	68.523
long_content_30k_003/lc30k003_649_gc2500_rp0.02_mr2E-4_ss100.fa	30	4.722	3.888	83.813
long_content_30k_003/lc30k003_650_gc2500_rp0.02_mr3E-4_ss100.fa	22	15.936	1.555	65.390
long_content_30k_003/lc30k003_651_gc2000_rp0.03_mr3E-4_ss100.fa	20	29.063	33.189	75.818
long_content_30k_003/lc30k003_652_gc2500_rp0.02_mr3E-4_ss200.fa	30	34.311	35.153	72.548
long_content_30k_003/lc30k003_653_gc2500_rp0.03_mr2E-4_ss100.fa	17	28.519	27.361	76.098
long_content_30k_003/lc30k003_654_gc2500_rp0.01_mr2E-4_ss200.fa	30	11.116	11.116	93.188
long_content_30k_003/lc30k003_655_gc2000_rp0.01_mr2E-4_ss100.fa	29	18.627	15.858	85.924
long_content_30k_003/lc30k003_656_gc2000_rp0.02_mr5E-4_ss100.fa	30	46.075	48.594	56.973
long_content_30k_003/lc30k003_657_gc2000_rp0.03_mr5E-4_ss200.fa	18	54.288	55.350	49.056
long_content_30k_003/lc30k003_658_gc2500_rp0.02_mr5E-4_ss100.fa	22	28.545	21.033	66.289
long_content_30k_003/lc30k003_659_gc2500_rp0.01_mr5E-4_ss200.fa	14	51.655	61.380	46.300
long_content_30k_003/lc30k003_660_gc2000_rp0.01_mr5E-4_ss100.fa	22	33.870	36.861	45.618
long_content_30k_003/lc30k003_661_gc2000_rp0.01_mr2E-4_ss200.fa	30	10.139	9.891	88.704
long_content_30k_003/lc30k003_662_gc2500_rp0.03_mr3E-4_ss100.fa	30	14.887	7.948	66.912
long_content_30k_003/lc30k003_663_gc2000_rp0.03_mr2E-4_ss100.fa	5	12.873	12.844	71.267
long_content_30k_003/lc30k003_664_gc2500_rp0.01_mr3E-4_ss100.fa	17	35.788	28.317	59.315
long_content_30k_003/lc30k003_665_gc2000_rp0.03_mr3E-4_ss200.fa	30	19.348	13.440	73.028
long_content_30k_003/lc30k003_666_gc2000_rp0.01_mr5E-4_ss200.fa	29	31.191	31.307	57.668
long_content_30k_003/lc30k003_667_gc2000_rp0.02_mr2E-4_ss100.fa	17	10.037	1.864	74.058
long_content_30k_003/lc30k003_668_gc2000_rp0.03_mr5E-4_ss100.fa	28	57.993	64.076	51.510
long_content_30k_003/lc30k003_669_gc2500_rp0.01_mr3E-4_ss200.fa	30	30.388	28.095	72.352
long_content_30k_003/lc30k003_670_gc2500_rp0.02_mr2E-4_ss200.fa	26	15.711	17.930	85.554
long_content_30k_003/lc30k003_671_gc2500_rp0.01_mr5E-4_ss100.fa	30	31.237	28.811	80.098
long_content_30k_003/lc30k003_672_gc2500_rp0.03_mr3E-4_ss200.fa	29	37.494	38.496	67.776
long_content_30k_003/lc30k003_673_gc2000_rp0.01_mr3E-4_ss100.fa	30	43.579	47.416	64.488
long_content_30k_003/lc30k003_674_gc2000_rp0.01_mr3E-4_ss200.fa	30	37.701	37.710	70.556
long_content_30k_003/lc30k003_675_gc2000_rp0.02_mr2E-4_ss200.fa	30	18.941	21.266	79.149
long_content_30k_003/lc30k003_676_gc2500_rp0.02_mr5E-4_ss200.fa	30	22.034	25.411	75.543
long_content_30k_003/lc30k003_677_gc2500_rp0.03_mr5E-4_ss200.fa	30	33.909	38.593	58.599
long_content_30k_003/lc30k003_678_gc2000_rp0.02_mr5E-4_ss200.fa	25	40.602	54.085	59.838
long_content_30k_003/lc30k003_679_gc2000_rp0.03_mr2E-4_ss200.fa	22	24.947	29.138	76.778
long_content_30k_003/lc30k003_680_gc2000_rp0.02_mr3E-4_ss100.fa	28	19.591	25.377	69.922
long_content_30k_003/lc30k003_681_gc2500_rp0.03_mr2E-4_ss200.fa	18	18.799	15.556	74.004
long_content_30k_003/lc30k003_682_gc2000_rp0.02_mr3E-4_ss200.fa	17	16.685	21.592	64.038
long_content_30k_003/lc30k003_683_gc2500_rp0.01_mr2E-4_ss100.fa	20	16.749	5.516	55.107
long_content_30k_003/lc30k003_684_gc2500_rp0.03_mr5E-4_ss100.fa	20	34.510	45.843	46.449
long_content_30k_003/lc30k003_685_gc2500_rp0.02_mr2E-4_ss100.fa	30	12.447	12.203	83.180
long_content_30k_003/lc30k003_686_gc2500_rp0.02_mr3E-4_ss100.fa	30	26.724	34.584	72.328
long_content_30k_003/lc30k003_687_gc2000_rp0.03_mr3E-4_ss100.fa	30	26.345	27.465	70.670
long_content_30k_003/lc30k003_688_gc2500_rp0.02_mr3E-4_ss200.fa	30	31.735	23.918	56.874
long_content_30k_003/lc30k003_689_gc2500_rp0.03_mr2E-4_ss100.fa	26	18.466	18.127	81.792
long_content_30k_003/lc30k003_690_gc2500_rp0.01_mr2E-4_ss200.fa	28	15.346	6.368	73.092
long_content_30k_003/lc30k003_691_gc2000_rp0.01_mr2E-4_ss100.fa	30	15.354	11.086	70.161
long_content_30k_003/lc30k003_692_gc2000_rp0.02_mr5E-4_ss100.fa	11	30.993	47.995	54.714
long_content_30k_003/lc30k003_693_gc2000_rp0.03_mr5E-4_ss200.fa	23	31.774	39.502	61.727
long_content_30k_003/lc30k003_694_gc2500_rp0.02_mr5E-4_ss100.fa	30	23.735	19.134	64.790
long_content_30k_003/lc30k003_695_gc2500_rp0.01_mr5E-4_ss200.fa	15	21.228	24.516	84.260
long_content_30k_003/lc30k003_696_gc2000_rp0.01_mr5E-4_ss100.fa	6	61.856	63.394	48.140
long_content_30k_003/lc30k003_697_gc2000_rp0.01_mr2E-4_ss200.fa	20	27.301	29.586	64.959
long_content_30k_003/lc30k003_698_gc2500_rp0.03_mr3E-4_ss100.fa	30	21.407	17.124	74.657
long_content_30k_003/lc30k003_699_gc2000_rp0.03_mr2E-4_ss100.fa	24	15.103	20.621	81.368
long_content_30k_003/lc30k003_700_gc2500_rp0.01_mr3E-4_ss100.fa	30	20.373	22.903	84.204
long_content_30k_003/lc30k003_701_gc2000_rp0.03_mr3E-4_ss200.fa	20	30.277	34.961	63.536
long_content_30k_003/lc30k003_702_gc2000_rp0.01_mr5E-4_ss200.fa	30	43.273	59.777	44.115
long_content_30k_003/lc30k003_703_gc2000_rp0.02_mr2E-4_ss100.fa	30	16.686	16.967	83.850
long_content_30k_003/lc30k003_704_gc2000_rp0.03_mr5E-4_ss100.fa	10	38.284	58.340	55.652
long_content_30k_003/lc30k003_705_gc2500_rp0.01_mr3E-4_ss200.fa	7	25.109	27.324	77.610
long_content_30k_003/lc30k003_706_gc2500_rp0.02_mr2E-4_ss200.fa	30	12.336	10.189	86.335
long_content_30k_003/lc30k003_707_gc2500_rp0.01_mr5E-4_ss100.fa	3	41.203	26.617	36.541
long_content_30k_003/lc30k003_708_gc2500_rp0.03_mr3E-4_ss200.fa	15	22.803	18.418	68.418
long_content_30k_003/lc30k003_709_gc2000_rp0.01_mr3E-4_ss100.fa	23	24.162	20.688	63.575
long_content_30k_003/lc30k003_710_gc2000_rp0.01_mr3E-4_ss200.fa	5	23.419	23.742	85.956
long_content_30k_003/lc30k003_711_gc2000_rp0.02_mr2E-4_ss200.fa	24	7.214	6.639	79.115
long_content_30k_003/lc30k003_712_gc2500_rp0.02_mr5E-4_ss200.fa	9	16.558	11.531	86.416
long_content_30k_003/lc30k003_713_gc2500_rp0.03_mr5E-4_ss200.fa	19	31.290	36.908	55.398
long_content_30k_003/lc30k003_714_gc2000_rp0.02_mr5E-4_ss200.fa	30	29.802	29.160	74.633
long_content_30k_003/lc30k003_715_gc2000_rp0.03_mr2E-4_ss200.fa	20	16.032	13.735	72.800
long_content_30k_003/lc30k003_716_gc2000_rp0.02_mr3E-4_ss100.fa	30	19.539	17.079	67.754
long_content_30k_003/lc30k003_717_gc2500_rp0.03_mr2E-4_ss200.fa	28	12.883	13.139	85.559
long_content_30k_003/lc30k003_718_gc2000_rp0.02_mr3E-4_ss200.fa	30	27.550	40.749	68.024
long_content_30k_003/lc30k003_719_gc2500_rp0.01_mr2E-4_ss100.fa	0	0.000	0.000	0.000
long_content_30k_003/lc30k003_720_gc2500_rp0.03_mr5E-4_ss100.fa	28	22.880	24.719	79.684
long_content_30k_003/lc30k003_721_gc2500_rp0.02_mr2E-4_ss100.fa	7	30.176	34.765	72.678
long_content_30k_003/lc30k003_722_gc2500_rp0.02_mr3E-4_ss100.fa	24	37.446	32.922	60.061
long_content_30k_003/lc30k003_723_gc2000_rp0.03_mr3E-4_ss100.fa	24	31.033	30.094	74.660
long_content_30k_003/lc30k003_724_gc2500_rp0.02_mr3E-4_ss200.fa	30	27.871	30.673	79.764
long_content_30k_003/lc30k003_725_gc2500_rp0.03_mr2E-4_ss100.fa	20	12.858	14.695	66.297
long_content_30k_003/lc30k003_726_gc2500_rp0.01_mr2E-4_ss200.fa	30	10.134	8.387	75.440
long_content_30k_003/lc30k003_727_gc2000_rp0.01_mr2E-4_ss100.fa	23	19.182	22.012	78.744
long_content_30k_003/lc30k003_728_gc2000_rp0.02_mr5E-4_ss100.fa	23	32.017	19.223	59.066
long_content_30k_003/lc30k003_729_gc2000_rp0.03_mr5E-4_ss200.fa	12	36.283	41.960	57.280
long_content_30k_003/lc30k003_730_gc2500_rp0.02_mr5E-4_ss100.fa	30	25.335	21.258	72.148
long_content_30k_003/lc30k003_731_gc2500_rp0.01_mr5E-4_ss200.fa	7	38.810	40.626	73.565
long_content_30k_003/lc30k003_732_gc2000_rp0.01_mr5E-4_ss100.fa	6	61.233	61.067	45.616
long_content_30k_003/lc30k003_733_gc2000_rp0.01_mr2E-4_ss200.fa	29	27.679	29.035	77.268
long_content_30k_003/lc30k003_734_gc2500_rp0.03_mr3E-4_ss100.fa	11	15.767	7.583	46.451
long_content_30k_003/lc30k003_735_gc2000_rp0.03_mr2E-4_ss100.fa	2	17.644	17.644	88.247
long_content_30k_003/lc30k003_736_gc2500_rp0.01_mr3E-4_ss100.fa	30	49.536	49.182	51.851
long_content_30k_003/lc30k003_737_gc2000_rp0.03_mr3E-4_ss200.fa	27	6.951	3.982	67.591
long_content_30k_003/lc30k003_738_gc2000_rp0.01_mr5E-4_ss200.fa	30	43.714	48.026	63.212
long_content_30k_003/lc30k003_739_gc2000_rp0.02_mr2E-4_ss100.fa	12	17.126	19.589	80.687
long_content_30k_003/lc30k003_740_gc2000_rp0.03_mr5E-4_ss100.fa	24	23.481	24.701	75.899
long_content_30k_003/lc30k003_741_gc2500_rp0.01_mr3E-4_ss200.fa	30	29.390	30.777	74.666
long_content_30k_003/lc30k003_742_gc2500_rp0.02_mr2E-4_ss200.fa	26	16.089	12.995	79.446
long_content_30k_003/lc30k003_743_gc2500_rp0.01_mr5E-4_ss100.fa	0	0.000	0.000	0.000
long_content_30k_003/lc30k003_744_gc2500_rp0.03_mr3E-4_ss200.fa	29	23.931	30.713	71.512
long_content_30k_003/lc30k003_745_gc2000_rp0.01_mr3E-4_ss100.fa	24	22.371	21.771	63.273
long_content_30k_003/lc30k003_746_gc2000_rp0.01_mr3E-4_ss200.fa	29	22.494	19.621	81.552
long_content_30k_003/lc30k003_747_gc2000_rp0.02_mr2E-4_ss200.fa	30	16.986	16.800	81.759
long_content_30k_003/lc30k003_748_gc2500_rp0.02_mr5E-4_ss200.fa	24	34.616	37.144	69.349
long_content_30k_003/lc30k003_749_gc2500_rp0.03_mr5E-4_ss200.fa	15	31.446	29.838	62.252
long_content_30k_003/lc30k003_750_gc2000_rp0.02_mr5E-4_ss200.fa	30	8.061	2.892	53.497
long_content_30k_003/lc30k003_751_gc2000_rp0.03_mr2E-4_ss200.fa	17	17.129	13.597	75.532
long_content_30k_003/lc30k003_752_gc2000_rp0.02_mr3E-4_ss100.fa	30	13.641	18.102	77.443
long_content_30k_003/lc30k003_753_gc2500_rp0.03_mr2E-4_ss200.fa	30	18.273	16.166	79.976
long_content_30k_003/lc30k003_754_gc2000_rp0.02_mr3E-4_ss200.fa	26	38.715	45.872	65.626
long_content_30k_003/lc30k003_755_gc2500_rp0.01_mr2E-4_ss100.fa	23	28.235	26.510	73.508
long_content_30k_003/lc30k003_756_gc2500_rp0.03_mr5E-4_ss100.fa	30	28.888	29.257	72.546
long_content_30k_003/lc30k003_757_gc2500_rp0.02_mr2E-4_ss100.fa	30	17.812	16.879	79.507
long_content_30k_003/lc30k003_758_gc2500_rp0.02_mr3E-4_ss100.fa	30	23.936	27.182	73.098
long_content_30k_003/lc30k003_759_gc2000_rp0.03_mr3E-4_ss100.fa	30	16.325	22.795	81.763
long_content_30k_003/lc30k003_760_gc2500_rp0.02_mr3E-4_ss200.fa	14	31.553	39.747	75.385
long_content_30k_003/lc30k003_761_gc2500_rp0.03_mr2E-4_ss100.fa	19	14.475	16.428	85.890
long_content_30k_003/lc30k003_762_gc2500_rp0.01_mr2E-4_ss200.fa	30	23.428	25.357	71.776
long_content_30k_003/lc30k003_763_gc2000_rp0.01_mr2E-4_ss100.fa	30	9.365	10.032	83.501
long_content_30k_003/lc30k003_764_gc2000_rp0.02_mr5E-4_ss100.fa	30	32.707	40.117	59.086
long_content_30k_003/lc30k003_765_gc2000_rp0.03_mr5E-4_ss200.fa	20	26.485	36.430	61.004
long_content_30k_003/lc30k003_766_gc2500_rp0.02_mr5E-4_ss100.fa	29	45.562	47.702	57.377
long_content_30k_003/lc30k003_767_gc2500_rp0.01_mr5E-4_ss200.fa	30	47.652	47.652	61.411
long_content_30k_003/lc30k003_768_gc2000_rp0.01_mr5E-4_ss100.fa	30	32.814	5.582	43.433
long_content_30k_003/lc30k003_769_gc2000_rp0.01_mr2E-4_ss200.fa	30	10.752	2.374	75.444
long_content_30k_003/lc30k003_770_gc2500_rp0.03_mr3E-4_ss100.fa	27	40.097	40.128	66.803
long_content_30k_003/lc30k003_771_gc2000_rp0.03_mr2E-4_ss100.fa	21	17.844	12.601	79.756
long_content_30k_003/lc30k003_772_gc2500_rp0.01_mr3E-4_ss100.fa	30	27.873	27.743	66.048
long_content_30k_003/lc30k003_773_gc2000_rp0.03_mr3E-4_ss200.fa	15	19.477	27.845	70.132
long_content_30k_003/lc30k003_774_gc2000_rp0.01_mr5E-4_ss200.fa	30	41.735	37.767	56.125
long_content_30k_003/lc30k003_775_gc2000_rp0.02_mr2E-4_ss100.fa	4	16.345	17.094	88.481
long_content_30k_003/lc30k003_776_gc2000_rp0.03_mr5E-4_ss100.fa	30	32.789	28.695	67.222
long_content_30k_003/lc30k003_777_gc2500_rp0.01_mr3E-4_ss200.fa	20	18.062	15.497	75.703
long_content_30k_003/lc30k003_778_gc2500_rp0.02_mr2E-4_ss200.fa	22	14.077	7.447	67.725
long_content_30k_003/lc30k003_779_gc2500_rp0.01_mr5E-4_ss100.fa	4	18.126	23.237	81.419
long_content_30k_003/lc30k003_780_gc2500_rp0.03_mr3E-4_ss200.fa	22	21.318	10.073	74.594
long_content_30k_003/lc30k003_781_gc2000_rp0.01_mr3E-4_ss100.fa	30	20.506	19.384	69.782
long_content_30k_003/lc30k003_782_gc2000_rp0.01_mr3E-4_ss200.fa	30	30.923	31.636	74.041
long_content_30k_003/lc30k003_783_gc2000_rp0.02_mr2E-4_ss200.fa	22	9.397	9.350	64.319
long_content_30k_003/lc30k003_784_gc2500_rp0.02_mr5E-4_ss200.fa	30	46.327	45.615	48.336
long_content_30k_003/lc30k003_785_gc2500_rp0.03_mr5E-4_ss200.fa	21	36.028	43.436	66.548
long_content_30k_003/lc30k003_786_gc2000_rp0.02_mr5E-4_ss200.fa	30	30.836	30.594	72.419
long_content_30k_003/lc30k003_787_gc2000_rp0.03_mr2E-4_ss200.fa	30	11.841	12.243	86.797
long_content_30k_003/lc30k003_788_gc2000_rp0.02_mr3E-4_ss100.fa	29	17.781	17.198	83.513
long_content_30k_003/lc30k003_789_gc2500_rp0.03_mr2E-4_ss200.fa	19	10.653	10.310	83.344
long_content_30k_003/lc30k003_790_gc2000_rp0.02_mr3E-4_ss200.fa	17	17.805	2.154	72.064
long_content_30k_003/lc30k003_791_gc2500_rp0.01_mr2E-4_ss100.fa	30	14.525	15.793	71.186
long_content_30k_003/lc30k003_792_gc2500_rp0.03_mr5E-4_ss100.fa	7	44.029	49.726	43.378
long_content_30k_003/lc30k003_793_gc2500_rp0.02_mr2E-4_ss100.fa	15	12.047	14.705	85.975
long_content_30k_003/lc30k003_794_gc2500_rp0.02_mr3E-4_ss100.fa	17	25.155	17.469	68.588
long_content_30k_003/lc30k003_795_gc2000_rp0.03_mr3E-4_ss100.fa	15	18.368	7.365	54.294
long_content_30k_003/lc30k003_796_gc2500_rp0.02_mr3E-4_ss200.fa	26	16.295	11.356	59.243
long_content_30k_003/lc30k003_797_gc2500_rp0.03_mr2E-4_ss100.fa	27	16.552	21.330	81.442
long_content_30k_003/lc30k003_798_gc2500_rp0.01_mr2E-4_ss200.fa	17	17.999	18.373	73.753
long_content_30k_003/lc30k003_799_gc2000_rp0.01_mr2E-4_ss100.fa	30	36.628	43.324	63.847
long_content_30k_003/lc30k003_800_gc2000_rp0.02_mr5E-4_ss100.fa	30	38.041	47.091	48.691
long_content_30k_003/lc30k003_801_gc2000_rp0.03_mr5E-4_ss200.fa	30	31.280	35.832	60.126
long_content_30k_003/lc30k003_802_gc2500_rp0.02_mr5E-4_ss100.fa	30	27.283	26.075	65.826
long_content_30k_003/lc30k003_803_gc2500_rp0.01_mr5E-4_ss200.fa	30	36.802	35.741	50.092
long_content_30k_003/lc30k003_804_gc2000_rp0.01_mr5E-4_ss100.fa	30	26.295	31.486	70.570
long_content_30k_003/lc30k003_805_gc2000_rp0.01_mr2E-4_ss200.fa	30	16.122	16.023	82.831
long_content_30k_003/lc30k003_806_gc2500_rp0.03_mr3E-4_ss100.fa	29	24.761	30.419	73.032
long_content_30k_003/lc30k003_807_gc2000_rp0.03_mr2E-4_ss100.fa	19	9.036	9.798	85.503
long_content_30k_003/lc30k003_808_gc2500_rp0.01_mr3E-4_ss100.fa	30	13.122	8.358	72.590
long_content_30k_003/lc30k003_809_gc2000_rp0.03_mr3E-4_ss200.fa	16	16.261	15.420	77.647
long_content_30k_003/lc30k003_810_gc2000_rp0.01_mr5E-4_ss200.fa	30	33.698	25.819	73.566
long_content_30k_003/lc30k003_811_gc2000_rp0.02_mr2E-4_ss100.fa	29	33.297	33.950	78.337
long_content_30k_003/lc30k003_812_gc2000_rp0.03_mr5E-4_ss100.fa	28	32.768	35.954	69.354
long_content_30k_003/lc30k003_813_gc2500_rp0.01_mr3E-4_ss200.fa	30	16.579	18.713	87.359
long_content_30k_003/lc30k003_814_gc2500_rp0.02_mr2E-4_ss200.fa	29	14.101	16.312	87.002
long_content_30k_003/lc30k003_815_gc2500_rp0.01_mr5E-4_ss100.fa	30	23.644	23.932	72.714
long_content_30k_003/lc30k003_816_gc2500_rp0.03_mr3E-4_ss200.fa	27	25.023	17.936	69.017
long_content_30k_003/lc30k003_817_gc2000_rp0.01_mr3E-4_ss100.fa	6	15.504	15.504	84.539
long_content_30k_003/lc30k003_818_gc2000_rp0.01_mr3E-4_ss200.fa	30	31.244	31.323	75.405
long_content_30k_003/lc30k003_819_gc2000_rp0.02_mr2E-4_ss200.fa	30	13.795	12.390	81.024
long_content_30k_003/lc30k003_820_gc2500_rp0.02_mr5E-4_ss200.fa	30	38.942	44.701	59.291
long_content_30k_003/lc30k003_821_gc2500_rp0.03_mr5E-4_ss200.fa	30	45.113	56.013	53.828
long_content_30k_003/lc30k003_822_gc2000_rp0.02_mr5E-4_ss200.fa	30	42.920	44.769	68.144
long_content_30k_003/lc30k003_823_gc2000_rp0.03_mr2E-4_ss200.fa	30	18.054	17.036	85.475
long_content_30k_003/lc30k003_824_gc2000_rp0.02_mr3E-4_ss100.fa	30	26.398	20.264	66.875
long_content_30k_003/lc30k003_825_gc2500_rp0.03_mr2E-4_ss200.fa	21	12.916	13.177	80.440
long_content_30k_003/lc30k003_826_gc2000_rp0.02_mr3E-4_ss200.fa	25	24.952	27.945	70.483
long_content_30k_003/lc30k003_827_gc2500_rp0.01_mr2E-4_ss100.fa	30	22.956	24.170	79.745
long_content_30k_003/lc30k003_828_gc2500_rp0.03_mr5E-4_ss100.fa	30	34.756	43.636	62.444
long_content_30k_003/lc30k003_829_gc2500_rp0.02_mr2E-4_ss100.fa	30	18.050	22.220	77.046
long_content_30k_003/lc30k003_830_gc2500_rp0.02_mr3E-4_ss100.fa	20	17.730	14.561	58.727
long_content_30k_003/lc30k003_831_gc2000_rp0.03_mr3E-4_ss100.fa	13	23.429	17.149	70.218
long_content_30k_003/lc30k003_832_gc2500_rp0.02_mr3E-4_ss200.fa	30	25.513	27.136	77.672
long_content_30k_003/lc30k003_833_gc2500_rp0.03_mr2E-4_ss100.fa	29	12.628	13.671	87.747
long_content_30k_003/lc30k003_834_gc2500_rp0.01_mr2E-4_ss200.fa	16	32.189	32.193	77.500
long_content_30k_003/lc30k003_835_gc2000_rp0.01_mr2E-4_ss100.fa	0	0.000	0.000	0.000
long_content_30k_003/lc30k003_836_gc2000_rp0.02_mr5E-4_ss100.fa	18	51.255	61.445	51.080
long_content_30k_003/lc30k003_837_gc2000_rp0.03_mr5E-4_ss200.fa	30	30.535	24.273	64.757
long_content_30k_003/lc30k003_838_gc2500_rp0.02_mr5E-4_ss100.fa	30	31.876	35.466	54.042
long_content_30k_003/lc30k003_839_gc2500_rp0.01_mr5E-4_ss200.fa	30	54.269	58.073	61.329
long_content_30k_003/lc30k003_840_gc2000_rp0.01_mr5E-4_ss100.fa	30	31.661	31.744	75.053
long_content_30k_003/lc30k003_841_gc2000_rp0.01_mr2E-4_ss200.fa	30	13.114	11.262	85.689
long_content_30k_003/lc30k003_842_gc2500_rp0.03_mr3E-4_ss100.fa	26	17.134	17.739	82.903
long_content_30k_003/lc30k003_843_gc2000_rp0.03_mr2E-4_ss100.fa	15	14.236	16.875	84.101
long_content_30k_003/lc30k003_844_gc2500_rp0.01_mr3E-4_ss100.fa	30	27.997	26.381	59.596
long_content_30k_003/lc30k003_845_gc2000_rp0.03_mr3E-4_ss200.fa	19	18.002	11.865	58.780
long_content_30k_003/lc30k003_846_gc2000_rp0.01_mr5E-4_ss200.fa	30	40.055	40.058	73.114
long_content_30k_003/lc30k003_847_gc2000_rp0.02_mr2E-4_ss100.fa	14	12.811	13.815	83.224
long_content_30k_003/lc30k003_848_gc2000_rp0.03_mr5E-4_ss100.fa	24	41.024	41.055	59.063
long_content_30k_003/lc30k003_849_gc2500_rp0.01_mr3E-4_ss200.fa	30	11.721	11.545	88.887
long_content_30k_003/lc30k003_850_gc2500_rp0.02_mr2E-4_ss200.fa	21	15.491	17.833	85.061
long_content_30k_003/lc30k003_851_gc2500_rp0.01_mr5E-4_ss100.fa	30	32.450	30.327	74.627
long_content_30k_003/lc30k003_852_gc2500_rp0.03_mr3E-4_ss200.fa	30	30.241	27.677	73.072
long_content_30k_003/lc30k003_853_gc2000_rp0.01_mr3E-4_ss100.fa	0	0.000	0.000	0.000
long_content_30k_003/lc30k003_854_gc2000_rp0.01_mr3E-4_ss200.fa	30	13.830	13.773	76.528
long_content_30k_003/lc30k003_855_gc2000_rp0.02_mr2E-4_ss200.fa	22	15.463	13.093	84.087
long_content_30k_003/lc30k003_856_gc2500_rp0.02_mr5E-4_ss200.fa	22	26.975	26.450	55.389
long_content_30k_003/lc30k003_857_gc2500_rp0.03_mr5E-4_ss200.fa	14	28.798	24.328	73.056
long_content_30k_003/lc30k003_858_gc2000_rp0.02_mr5E-4_ss200.fa	25	30.747	23.442	49.616
long_content_30k_003/lc30k003_859_gc2000_rp0.03_mr2E-4_ss200.fa	30	20.274	18.342	74.530
long_content_30k_003/lc30k003_860_gc2000_rp0.02_mr3E-4_ss100.fa	26	17.338	18.109	72.885
long_content_30k_003/lc30k003_861_gc2500_rp0.03_mr2E-4_ss200.fa	30	16.680	9.872	70.056
long_content_30k_003/lc30k003_862_gc2000_rp0.02_mr3E-4_ss200.fa	16	2.310	1.000	78.363
long_content_30k_003/lc30k003_863_gc2500_rp0.01_mr2E-4_ss100.fa	30	20.326	20.326	75.066
long_content_30k_003/lc30k003_864_gc2500_rp0.03_mr5E-4_ss100.fa	28	36.443	44.156	54.107
long_content_30k_003/lc30k003_865_gc2500_rp0.02_mr2E-4_ss100.fa	23	10.966	6.769	82.507
long_content_30k_003/lc30k003_866_gc2500_rp0.02_mr3E-4_ss100.fa	30	30.984	33.572	73.603
long_content_30k_003/lc30k003_867_gc2000_rp0.03_mr3E-4_ss100.fa	11	23.440	36.984	71.300
long_content_30k_003/lc30k003_868_gc2500_rp0.02_mr3E-4_ss200.fa	22	16.095	11.912	58.552
long_content_30k_003/lc30k003_869_gc2500_rp0.03_mr2E-4_ss100.fa	16	23.179	17.454	73.932
long_content_30k_003/lc30k003_870_gc2500_rp0.01_mr2E-4_ss200.fa	17	10.539	10.934	89.796
long_content_30k_003/lc30k003_871_gc2000_rp0.01_mr2E-4_ss100.fa	20	19.623	20.213	86.031
long_content_30k_003/lc30k003_872_gc2000_rp0.02_mr5E-4_ss100.fa	14	38.248	46.266	66.974
long_content_30k_003/lc30k003_873_gc2000_rp0.03_mr5E-4_ss200.fa	26	50.488	55.372	46.740
long_content_30k_003/lc30k003_874_gc2500_rp0.02_mr5E-4_ss100.fa	7	28.903	34.774	79.345
long_content_30k_003/lc30k003_875_gc2500_rp0.01_mr5E-4_ss200.fa	30	39.427	29.076	39.204
long_content_30k_003/lc30k003_876_gc2000_rp0.01_mr5E-4_ss100.fa	28	37.413	42.271	56.642
long_content_30k_003/lc30k003_877_gc2000_rp0.01_mr2E-4_ss200.fa	30	28.075	21.755	73.796
long_content_30k_003/lc30k003_878_gc2500_rp0.03_mr3E-4_ss100.fa	16	23.184	11.108	73.952
long_content_30k_003/lc30k003_879_gc2000_rp0.03_mr2E-4_ss100.fa	25	17.907	19.965	82.747
long_content_30k_003/lc30k003_880_gc2500_rp0.01_mr3E-4_ss100.fa	14	28.307	30.152	79.057
long_content_30k_003/lc30k003_881_gc2000_rp0.03_mr3E-4_ss200.fa	28	12.570	7.364	70.469
long_content_30k_003/lc30k003_882_gc2000_rp0.01_mr5E-4_ss200.fa	14	34.812	36.288	66.334
long_content_30k_003/lc30k003_883_gc2000_rp0.02_mr2E-4_ss100.fa	18	16.055	10.636	71.436
long_content_30k_003/lc30k003_884_gc2000_rp0.03_mr5E-4_ss100.fa	21	28.350	24.700	62.263
long_content_30k_003/lc30k003_885_gc2500_rp0.01_mr3E-4_ss200.fa	30	23.860	25.007	81.479
long_content_30k_003/lc30k003_886_gc2500_rp0.02_mr2E-4_ss200.fa	7	15.785	18.152	82.936
long_content_30k_003/lc30k003_887_gc2500_rp0.01_mr5E-4_ss100.fa	20	19.041	19.149	80.059
long_content_30k_003/lc30k003_888_gc2500_rp0.03_mr3E-4_ss200.fa	30	25.118	26.509	72.920
long_content_30k_003/lc30k003_889_gc2000_rp0.01_mr3E-4_ss100.fa	30	35.787	26.784	78.823
long_content_30k_003/lc30k003_890_gc2000_rp0.01_mr3E-4_ss200.fa	30	36.697	31.004	60.328
long_content_30k_003/lc30k003_891_gc2000_rp0.02_mr2E-4_ss200.fa	21	20.852	24.763	77.824
long_content_30k_003/lc30k003_892_gc2500_rp0.02_mr5E-4_ss200.fa	30	23.483	21.035	55.734
long_content_30k_003/lc30k003_893_gc2500_rp0.03_mr5E-4_ss200.fa	14	27.574	19.751	50.921
long_content_30k_003/lc30k003_894_gc2000_rp0.02_mr5E-4_ss200.fa	30	51.953	54.309	53.059
long_content_30k_003/lc30k003_895_gc2000_rp0.03_mr2E-4_ss200.fa	17	15.003	23.526	79.330
long_content_30k_003/lc30k003_896_gc2000_rp0.02_mr3E-4_ss100.fa	30	24.495	29.700	68.637
long_content_30k_003/lc30k003_897_gc2500_rp0.03_mr2E-4_ss200.fa	23	10.582	8.616	87.974
long_content_30k_003/lc30k003_898_gc2000_rp0.02_mr3E-4_ss200.fa	24	38.212	43.194	65.222
long_content_30k_003/lc30k003_899_gc2500_rp0.01_mr2E-4_ss100.fa	25	12.269	16.782	81.118
long_content_30k_003/lc30k003_900_gc2500_rp0.03_mr5E-4_ss100.fa	30	17.480	21.823	80.409
long_content_30k_003/lc30k003_901_gc2500_rp0.02_mr2E-4_ss100.fa	30	12.224	11.791	81.140
long_content_30k_003/lc30k003_902_gc2500_rp0.02_mr3E-4_ss100.fa	17	20.227	19.761	82.058
long_content_30k_003/lc30k003_903_gc2000_rp0.03_mr3E-4_ss100.fa	18	14.987	15.469	61.990
long_content_30k_003/lc30k003_904_gc2500_rp0.02_mr3E-4_ss200.fa	17	26.474	28.310	73.726
long_content_30k_003/lc30k003_905_gc2500_rp0.03_mr2E-4_ss100.fa	15	13.741	15.781	84.522
long_content_30k_003/lc30k003_906_gc2500_rp0.01_mr2E-4_ss200.fa	30	16.269	11.691	73.227
long_content_30k_003/lc30k003_907_gc2000_rp0.01_mr2E-4_ss100.fa	30	26.427	27.991	79.129
long_content_30k_003/lc30k003_908_gc2000_rp0.02_mr5E-4_ss100.fa	19	28.776	37.071	55.803
long_content_30k_003/lc30k003_909_gc2000_rp0.03_mr5E-4_ss200.fa	26	35.443	32.531	60.271
long_content_30k_003/lc30k003_910_gc2500_rp0.02_mr5E-4_ss100.fa	26	15.610	5.980	43.650
long_content_30k_003/lc30k003_911_gc2500_rp0.01_mr5E-4_ss200.fa	30	36.113	37.732	66.534
long_content_30k_003/lc30k003_912_gc2000_rp0.01_mr5E-4_ss100.fa	30	13.822	12.688	59.734
long_content_30k_003/lc30k003_913_gc2000_rp0.01_mr2E-4_ss200.fa	30	25.584	26.343	80.282
long_content_30k_003/lc30k003_914_gc2500_rp0.03_mr3E-4_ss100.fa	30	12.957	13.994	87.954
long_content_30k_003/lc30k003_915_gc2000_rp0.03_mr2E-4_ss100.fa	30	16.950	16.856	81.469
long_content_30k_003/lc30k003_916_gc2500_rp0.01_mr3E-4_ss100.fa	30	38.206	41.340	64.092
long_content_30k_003/lc30k003_917_gc2000_rp0.03_mr3E-4_ss200.fa	22	21.624	27.305	63.863
long_content_30k_003/lc30k003_918_gc2000_rp0.01_mr5E-4_ss200.fa	30	23.215	22.764	51.611
long_content_30k_003/lc30k003_919_gc2000_rp0.02_mr2E-4_ss100.fa	30	15.177	18.585	83.057
long_content_30k_003/lc30k003_920_gc2000_rp0.03_mr5E-4_ss100.fa	30	22.655	12.864	64.827
long_content_30k_003/lc30k003_921_gc2500_rp0.01_mr3E-4_ss200.fa	30	19.708	15.139	64.938
long_content_30k_003/lc30k003_922_gc2500_rp0.02_mr2E-4_ss200.fa	20	14.234	9.907	69.631
long_content_30k_003/lc30k003_923_gc2500_rp0.01_mr5E-4_ss100.fa	24	47.782	51.663	58.911
long_content_30k_003/lc30k003_924_gc2500_rp0.03_mr3E-4_ss200.fa	23	15.890	15.304	74.631
long_content_30k_003/lc30k003_925_gc2000_rp0.01_mr3E-4_ss100.fa	22	13.003	9.239	86.848
long_content_30k_003/lc30k003_926_gc2000_rp0.01_mr3E-4_ss200.fa	30	20.426	11.743	54.151
long_content_30k_003/lc30k003_927_gc2000_rp0.02_mr2E-4_ss200.fa	24	15.915	8.317	76.400
long_content_30k_003/lc30k003_928_gc2500_rp0.02_mr5E-4_ss200.fa	30	36.730	39.915	60.997
long_content_30k_003/lc30k003_929_gc2500_rp0.03_mr5E-4_ss200.fa	30	49.807	54.043	53.286
long_content_30k_003/lc30k003_930_gc2000_rp0.02_mr5E-4_ss200.fa	25	20.826	6.928	43.868
long_content_30k_003/lc30k003_931_gc2000_rp0.03_mr2E-4_ss200.fa	24	19.986	16.352	76.409
long_content_30k_003/lc30k003_932_gc2000_rp0.02_mr3E-4_ss100.fa	25	26.529	35.473	70.323
long_content_30k_003/lc30k003_933_gc2500_rp0.03_mr2E-4_ss200.fa	21	20.544	22.991	76.530
long_content_30k_003/lc30k003_934_gc2000_rp0.02_mr3E-4_ss200.fa	22	33.034	35.111	56.414
long_content_30k_003/lc30k003_935_gc2500_rp0.01_mr2E-4_ss100.fa	6	16.072	16.072	82.014
long_content_30k_003/lc30k003_936_gc2500_rp0.03_mr5E-4_ss100.fa	11	29.072	24.162	49.985
long_content_30k_003/lc30k003_937_gc2500_rp0.02_mr2E-4_ss100.fa	19	13.201	11.759	82.923
long_content_30k_003/lc30k003_938_gc2500_rp0.02_mr3E-4_ss100.fa	18	13.987	10.479	52.099
long_content_30k_003/lc30k003_939_gc2000_rp0.03_mr3E-4_ss100.fa	12	17.774	18.417	68.346
long_content_30k_003/lc30k003_940_gc2500_rp0.02_mr3E-4_ss200.fa	24	22.263	28.788	74.832
long_content_30k_003/lc30k003_941_gc2500_rp0.03_mr2E-4_ss100.fa	30	15.267	15.852	82.947
long_content_30k_003/lc30k003_942_gc2500_rp0.01_mr2E-4_ss200.fa	30	7.458	7.535	67.823
long_content_30k_003/lc30k003_943_gc2000_rp0.01_mr2E-4_ss100.fa	30	8.221	5.618	72.843
long_content_30k_003/lc30k003_944_gc2000_rp0.02_mr5E-4_ss100.fa	30	31.574	28.377	63.613
long_content_30k_003/lc30k003_945_gc2000_rp0.03_mr5E-4_ss200.fa	16	45.397	39.491	55.267
long_content_30k_003/lc30k003_946_gc2500_rp0.02_mr5E-4_ss100.fa	30	28.249	30.233	51.779
long_content_30k_003/lc30k003_947_gc2500_rp0.01_mr5E-4_ss200.fa	30	17.669	12.814	31.366
long_content_30k_003/lc30k003_948_gc2000_rp0.01_mr5E-4_ss100.fa	30	38.308	30.377	47.975
long_content_30k_003/lc30k003_949_gc2000_rp0.01_mr2E-4_ss200.fa	6	6.467	6.734	59.383
long_content_30k_003/lc30k003_950_gc2500_rp0.03_mr3E-4_ss100.fa	22	15.210	16.199	74.383
long_content_30k_003/lc30k003_951_gc2000_rp0.03_mr2E-4_ss100.fa	26	20.415	24.743	76.159
long_content_30k_003/lc30k003_952_gc2500_rp0.01_mr3E-4_ss100.fa	18	34.056	37.023	66.691
long_content_30k_003/lc30k003_953_gc2000_rp0.03_mr3E-4_ss200.fa	23	16.629	15.711	69.730
long_content_30k_003/lc30k003_954_gc2000_rp0.01_mr5E-4_ss200.fa	9	25.868	27.226	73.433
long_content_30k_003/lc30k003_955_gc2000_rp0.02_mr2E-4_ss100.fa	30	13.836	15.726	86.168
long_content_30k_003/lc30k003_956_gc2000_rp0.03_mr5E-4_ss100.fa	19	33.643	30.575	67.911
long_content_30k_003/lc30k003_957_gc2500_rp0.01_mr3E-4_ss200.fa	28	29.081	36.416	76.709
long_content_30k_003/lc30k003_958_gc2500_rp0.02_mr2E-4_ss200.fa	30	17.729	16.763	69.352
long_content_30k_003/lc30k003_959_gc2500_rp0.01_mr5E-4_ss100.fa	19	48.747	57.982	66.526
long_content_30k_003/lc30k003_960_gc2500_rp0.03_mr3E-4_ss200.fa	25	15.958	9.845	68.132
long_content_30k_003/lc30k003_961_gc2000_rp0.01_mr3E-4_ss100.fa	25	28.178	28.533	69.253
long_content_30k_003/lc30k003_962_gc2000_rp0.01_mr3E-4_ss200.fa	30	32.817	34.166	77.800
long_content_30k_003/lc30k003_963_gc2000_rp0.02_mr2E-4_ss200.fa	22	12.934	5.980	71.386
long_content_30k_003/lc30k003_964_gc2500_rp0.02_mr5E-4_ss200.fa	30	27.862	32.565	69.824
long_content_30k_003/lc30k003_965_gc2500_rp0.03_mr5E-4_ss200.fa	30	28.543	27.919	57.930
long_content_30k_003/lc30k003_966_gc2000_rp0.02_mr5E-4_ss200.fa	12	18.142	3.394	59.210
long_content_30k_003/lc30k003_967_gc2000_rp0.03_mr2E-4_ss200.fa	21	16.329	20.550	82.443
long_content_30k_003/lc30k003_968_gc2000_rp0.02_mr3E-4_ss100.fa	3	34.798	34.699	70.477
long_content_30k_003/lc30k003_969_gc2500_rp0.03_mr2E-4_ss200.fa	30	10.751	8.481	82.030
long_content_30k_003/lc30k003_970_gc2000_rp0.02_mr3E-4_ss200.fa	13	32.388	33.580	75.313
long_content_30k_003/lc30k003_971_gc2500_rp0.01_mr2E-4_ss100.fa	30	26.277	30.305	75.147
long_content_30k_003/lc30k003_972_gc2500_rp0.03_mr5E-4_ss100.fa	8	24.746	26.428	57.975
long_content_30k_003/lc30k003_973_gc2500_rp0.02_mr2E-4_ss100.fa	30	22.202	22.848	84.833
long_content_30k_003/lc30k003_974_gc2500_rp0.02_mr3E-4_ss100.fa	29	12.796	13.644	75.026
long_content_30k_003/lc30k003_975_gc2000_rp0.03_mr3E-4_ss100.fa	21	25.228	33.946	69.432
long_content_30k_003/lc30k003_976_gc2500_rp0.02_mr3E-4_ss200.fa	25	16.467	17.765	81.673
long_content_30k_003/lc30k003_977_gc2500_rp0.03_mr2E-4_ss100.fa	30	9.789	8.782	89.800
long_content_30k_003/lc30k003_978_gc2500_rp0.01_mr2E-4_ss200.fa	20	14.938	15.029	85.282
long_content_30k_003/lc30k003_979_gc2000_rp0.01_mr2E-4_ss100.fa	21	25.430	24.249	78.854
long_content_30k_003/lc30k003_980_gc2000_rp0.02_mr5E-4_ss100.fa	1	46.198	46.198	73.712
long_content_30k_003/lc30k003_981_gc2000_rp0.03_mr5E-4_ss200.fa	24	30.216	36.147	58.372
long_content_30k_003/lc30k003_982_gc2500_rp0.02_mr5E-4_ss100.fa	30	15.841	2.855	67.697
long_content_30k_003/lc30k003_983_gc2500_rp0.01_mr5E-4_ss200.fa	30	40.680	30.303	49.423
long_content_30k_003/lc30k003_984_gc2000_rp0.01_mr5E-4_ss100.fa	18	25.574	17.485	33.454
long_content_30k_003/lc30k003_985_gc2000_rp0.01_mr2E-4_ss200.fa	30	18.539	17.330	80.188
long_content_30k_003/lc30k003_986_gc2500_rp0.03_mr3E-4_ss100.fa	15	25.848	21.574	65.340
long_content_30k_003/lc30k003_987_gc2000_rp0.03_mr2E-4_ss100.fa	29	12.092	12.706	84.983
long_content_30k_003/lc30k003_988_gc2500_rp0.01_mr3E-4_ss100.fa	20	31.529	34.792	69.062
long_content_30k_003/lc30k003_989_gc2000_rp0.03_mr3E-4_ss200.fa	28	19.581	15.298	71.218
long_content_30k_003/lc30k003_990_gc2000_rp0.01_mr5E-4_ss200.fa	30	30.415	31.927	73.342
long_content_30k_003/lc30k003_991_gc2000_rp0.02_mr2E-4_ss100.fa	29	32.862	29.954	71.176
long_content_30k_003/lc30k003_992_gc2000_rp0.03_mr5E-4_ss100.fa	30	35.682	37.219	54.853
long_content_30k_003/lc30k003_993_gc2500_rp0.01_mr3E-4_ss200.fa	17	15.996	16.730	86.318
long_content_30k_003/lc30k003_994_gc2500_rp0.02_mr2E-4_ss200.fa	30	13.837	13.310	80.636
long_content_30k_003/lc30k003_995_gc2500_rp0.01_mr5E-4_ss100.fa	30	25.685	25.699	49.324
long_content_30k_003/lc30k003_996_gc2500_rp0.03_mr3E-4_ss200.fa	29	24.929	27.775	73.895
long_content_30k_003/lc30k003_997_gc2000_rp0.01_mr3E-4_ss100.fa	30	21.362	21.952	83.137
long_content_30k_003/lc30k003_998_gc2000_rp0.01_mr3E-4_ss200.fa	23	35.712	36.410	65.518
long_content_30k_003/lc30k003_999_gc2000_rp0.02_mr2E-4_ss200.fa	19	17.874	18.144	86.215
