rel_path	dir	n_events	max_bp
XML-1/alignment_XML1-2500-0.005-12E-5-100-1.fa	XML-1	9	3822
XML-1/alignment_XML1-2500-0.005-12E-5-100-10.fa	XML-1	10	3822
XML-1/alignment_XML1-2500-0.005-12E-5-100-11.fa	XML-1	10	3822
XML-1/alignment_XML1-2500-0.005-12E-5-100-12.fa	XML-1	15	3822
XML-1/alignment_XML1-2500-0.005-12E-5-100-13.fa	XML-1	13	3822
XML-1/alignment_XML1-2500-0.005-12E-5-100-14.fa	XML-1	5	3018
XML-1/alignment_XML1-2500-0.005-12E-5-100-15.fa	XML-1	10	3822
XML-1/alignment_XML1-2500-0.005-12E-5-100-2.fa	XML-1	9	3822
XML-1/alignment_XML1-2500-0.005-12E-5-100-3.fa	XML-1	10	3822
XML-1/alignment_XML1-2500-0.005-12E-5-100-4.fa	XML-1	8	3822
XML-1/alignment_XML1-2500-0.005-12E-5-100-5.fa	XML-1	15	3822
XML-1/alignment_XML1-2500-0.005-12E-5-100-6.fa	XML-1	15	3822
XML-1/alignment_XML1-2500-0.005-12E-5-100-7.fa	XML-1	7	3822
XML-1/alignment_XML1-2500-0.005-12E-5-100-8.fa	XML-1	22	3822
XML-1/alignment_XML1-2500-0.005-12E-5-100-9.fa	XML-1	19	3822
XML-1/alignment_XML1-2500-0.005-12E-5-200-1.fa	XML-1	15	3654
XML-1/alignment_XML1-2500-0.005-12E-5-200-10.fa	XML-1	14	3822
XML-1/alignment_XML1-2500-0.005-12E-5-200-11.fa	XML-1	12	3822
XML-1/alignment_XML1-2500-0.005-12E-5-200-12.fa	XML-1	16	3822
XML-1/alignment_XML1-2500-0.005-12E-5-200-13.fa	XML-1	27	3822
XML-1/alignment_XML1-2500-0.005-12E-5-200-14.fa	XML-1	15	3822
XML-1/alignment_XML1-2500-0.005-12E-5-200-15.fa	XML-1	16	3822
XML-1/alignment_XML1-2500-0.005-12E-5-200-2.fa	XML-1	16	3822
XML-1/alignment_XML1-2500-0.005-12E-5-200-3.fa	XML-1	19	3822
XML-1/alignment_XML1-2500-0.005-12E-5-200-4.fa	XML-1	21	3822
XML-1/alignment_XML1-2500-0.005-12E-5-200-5.fa	XML-1	20	3822
XML-1/alignment_XML1-2500-0.005-12E-5-200-6.fa	XML-1	15	3822
XML-1/alignment_XML1-2500-0.005-12E-5-200-7.fa	XML-1	12	3822
XML-1/alignment_XML1-2500-0.005-12E-5-200-8.fa	XML-1	25	3822
XML-1/alignment_XML1-2500-0.005-12E-5-200-9.fa	XML-1	9	3822
XML-1/alignment_XML1-2500-0.005-12E-5-50-1.fa	XML-1	5	3822
XML-1/alignment_XML1-2500-0.005-12E-5-50-10.fa	XML-1	18	3822
XML-1/alignment_XML1-2500-0.005-12E-5-50-11.fa	XML-1	3	3822
XML-1/alignment_XML1-2500-0.005-12E-5-50-12.fa	XML-1	6	3822
XML-1/alignment_XML1-2500-0.005-12E-5-50-13.fa	XML-1	11	3822
XML-1/alignment_XML1-2500-0.005-12E-5-50-14.fa	XML-1	10	3822
XML-1/alignment_XML1-2500-0.005-12E-5-50-15.fa	XML-1	10	3822
XML-1/alignment_XML1-2500-0.005-12E-5-50-2.fa	XML-1	10	3822
XML-1/alignment_XML1-2500-0.005-12E-5-50-3.fa	XML-1	7	3822
XML-1/alignment_XML1-2500-0.005-12E-5-50-4.fa	XML-1	9	2523
XML-1/alignment_XML1-2500-0.005-12E-5-50-5.fa	XML-1	6	3132
XML-1/alignment_XML1-2500-0.005-12E-5-50-6.fa	XML-1	16	3822
XML-1/alignment_XML1-2500-0.005-12E-5-50-7.fa	XML-1	7	3822
XML-1/alignment_XML1-2500-0.005-12E-5-50-8.fa	XML-1	9	3822
XML-1/alignment_XML1-2500-0.005-12E-5-50-9.fa	XML-1	12	3822
XML-1/alignment_XML1-2500-0.005-4E-5-100-1.fa	XML-1	15	3822
XML-1/alignment_XML1-2500-0.005-4E-5-100-10.fa	XML-1	10	3822
XML-1/alignment_XML1-2500-0.005-4E-5-100-11.fa	XML-1	11	3822
XML-1/alignment_XML1-2500-0.005-4E-5-100-12.fa	XML-1	16	3822
XML-1/alignment_XML1-2500-0.005-4E-5-100-13.fa	XML-1	8	3822
XML-1/alignment_XML1-2500-0.005-4E-5-100-14.fa	XML-1	9	3822
XML-1/alignment_XML1-2500-0.005-4E-5-100-15.fa	XML-1	16	3822
XML-1/alignment_XML1-2500-0.005-4E-5-100-2.fa	XML-1	10	3822
XML-1/alignment_XML1-2500-0.005-4E-5-100-3.fa	XML-1	9	3822
XML-1/alignment_XML1-2500-0.005-4E-5-100-4.fa	XML-1	4	3567
XML-1/alignment_XML1-2500-0.005-4E-5-100-5.fa	XML-1	19	3822
XML-1/alignment_XML1-2500-0.005-4E-5-100-6.fa	XML-1	8	3465
XML-1/alignment_XML1-2500-0.005-4E-5-100-7.fa	XML-1	8	3822
XML-1/alignment_XML1-2500-0.005-4E-5-100-8.fa	XML-1	11	3822
XML-1/alignment_XML1-2500-0.005-4E-5-100-9.fa	XML-1	13	3822
XML-1/alignment_XML1-2500-0.005-4E-5-200-1.fa	XML-1	17	3822
XML-1/alignment_XML1-2500-0.005-4E-5-200-10.fa	XML-1	15	3822
XML-1/alignment_XML1-2500-0.005-4E-5-200-11.fa	XML-1	10	3822
XML-1/alignment_XML1-2500-0.005-4E-5-200-12.fa	XML-1	14	3822
XML-1/alignment_XML1-2500-0.005-4E-5-200-13.fa	XML-1	21	3822
XML-1/alignment_XML1-2500-0.005-4E-5-200-14.fa	XML-1	17	3822
XML-1/alignment_XML1-2500-0.005-4E-5-200-15.fa	XML-1	19	3822
XML-1/alignment_XML1-2500-0.005-4E-5-200-2.fa	XML-1	15	3822
XML-1/alignment_XML1-2500-0.005-4E-5-200-3.fa	XML-1	18	3822
XML-1/alignment_XML1-2500-0.005-4E-5-200-4.fa	XML-1	12	3822
XML-1/alignment_XML1-2500-0.005-4E-5-200-5.fa	XML-1	16	3822
XML-1/alignment_XML1-2500-0.005-4E-5-200-6.fa	XML-1	18	3822
XML-1/alignment_XML1-2500-0.005-4E-5-200-7.fa	XML-1	12	3822
XML-1/alignment_XML1-2500-0.005-4E-5-200-8.fa	XML-1	9	3822
XML-1/alignment_XML1-2500-0.005-4E-5-200-9.fa	XML-1	10	3624
XML-1/alignment_XML1-2500-0.005-4E-5-50-1.fa	XML-1	13	3822
XML-1/alignment_XML1-2500-0.005-4E-5-50-10.fa	XML-1	8	3120
XML-1/alignment_XML1-2500-0.005-4E-5-50-11.fa	XML-1	6	3822
XML-1/alignment_XML1-2500-0.005-4E-5-50-12.fa	XML-1	11	3822
XML-1/alignment_XML1-2500-0.005-4E-5-50-13.fa	XML-1	4	3222
XML-1/alignment_XML1-2500-0.005-4E-5-50-14.fa	XML-1	10	3822
XML-1/alignment_XML1-2500-0.005-4E-5-50-15.fa	XML-1	9	3822
XML-1/alignment_XML1-2500-0.005-4E-5-50-2.fa	XML-1	14	3822
XML-1/alignment_XML1-2500-0.005-4E-5-50-3.fa	XML-1	6	3822
XML-1/alignment_XML1-2500-0.005-4E-5-50-4.fa	XML-1	11	3822
XML-1/alignment_XML1-2500-0.005-4E-5-50-5.fa	XML-1	16	3822
XML-1/alignment_XML1-2500-0.005-4E-5-50-6.fa	XML-1	10	3822
XML-1/alignment_XML1-2500-0.005-4E-5-50-7.fa	XML-1	18	3822
XML-1/alignment_XML1-2500-0.005-4E-5-50-8.fa	XML-1	9	3822
XML-1/alignment_XML1-2500-0.005-4E-5-50-9.fa	XML-1	7	3822
XML-1/alignment_XML1-2500-0.005-8E-5-100-1.fa	XML-1	10	3822
XML-1/alignment_XML1-2500-0.005-8E-5-100-10.fa	XML-1	12	3822
XML-1/alignment_XML1-2500-0.005-8E-5-100-11.fa	XML-1	14	3822
XML-1/alignment_XML1-2500-0.005-8E-5-100-12.fa	XML-1	6	3822
XML-1/alignment_XML1-2500-0.005-8E-5-100-13.fa	XML-1	12	3822
XML-1/alignment_XML1-2500-0.005-8E-5-100-14.fa	XML-1	14	3822
XML-1/alignment_XML1-2500-0.005-8E-5-100-15.fa	XML-1	9	3822
XML-1/alignment_XML1-2500-0.005-8E-5-100-2.fa	XML-1	7	3822
XML-1/alignment_XML1-2500-0.005-8E-5-100-3.fa	XML-1	15	3822
XML-1/alignment_XML1-2500-0.005-8E-5-100-4.fa	XML-1	7	3822
XML-1/alignment_XML1-2500-0.005-8E-5-100-5.fa	XML-1	9	3822
XML-1/alignment_XML1-2500-0.005-8E-5-100-6.fa	XML-1	13	3822
XML-1/alignment_XML1-2500-0.005-8E-5-100-7.fa	XML-1	14	3822
XML-1/alignment_XML1-2500-0.005-8E-5-100-8.fa	XML-1	9	3822
XML-1/alignment_XML1-2500-0.005-8E-5-100-9.fa	XML-1	10	3669
XML-1/alignment_XML1-2500-0.005-8E-5-200-1.fa	XML-1	14	3822
XML-1/alignment_XML1-2500-0.005-8E-5-200-10.fa	XML-1	13	3822
XML-1/alignment_XML1-2500-0.005-8E-5-200-11.fa	XML-1	14	3441
XML-1/alignment_XML1-2500-0.005-8E-5-200-12.fa	XML-1	14	3822
XML-1/alignment_XML1-2500-0.005-8E-5-200-13.fa	XML-1	14	3822
XML-1/alignment_XML1-2500-0.005-8E-5-200-14.fa	XML-1	11	3822
XML-1/alignment_XML1-2500-0.005-8E-5-200-15.fa	XML-1	9	3822
XML-1/alignment_XML1-2500-0.005-8E-5-200-2.fa	XML-1	18	3822
XML-1/alignment_XML1-2500-0.005-8E-5-200-3.fa	XML-1	20	3822
XML-1/alignment_XML1-2500-0.005-8E-5-200-4.fa	XML-1	7	3822
XML-1/alignment_XML1-2500-0.005-8E-5-200-5.fa	XML-1	23	3822
XML-1/alignment_XML1-2500-0.005-8E-5-200-6.fa	XML-1	13	3822
XML-1/alignment_XML1-2500-0.005-8E-5-200-7.fa	XML-1	15	3822
XML-1/alignment_XML1-2500-0.005-8E-5-200-8.fa	XML-1	12	3822
XML-1/alignment_XML1-2500-0.005-8E-5-200-9.fa	XML-1	14	3822
XML-1/alignment_XML1-2500-0.005-8E-5-50-1.fa	XML-1	7	3822
XML-1/alignment_XML1-2500-0.005-8E-5-50-10.fa	XML-1	6	3822
XML-1/alignment_XML1-2500-0.005-8E-5-50-11.fa	XML-1	10	3822
XML-1/alignment_XML1-2500-0.005-8E-5-50-12.fa	XML-1	10	3822
XML-1/alignment_XML1-2500-0.005-8E-5-50-13.fa	XML-1	13	3822
XML-1/alignment_XML1-2500-0.005-8E-5-50-14.fa	XML-1	7	3822
XML-1/alignment_XML1-2500-0.005-8E-5-50-15.fa	XML-1	7	3822
XML-1/alignment_XML1-2500-0.005-8E-5-50-2.fa	XML-1	13	3822
XML-1/alignment_XML1-2500-0.005-8E-5-50-3.fa	XML-1	11	3822
XML-1/alignment_XML1-2500-0.005-8E-5-50-4.fa	XML-1	12	3822
XML-1/alignment_XML1-2500-0.005-8E-5-50-5.fa	XML-1	6	3822
XML-1/alignment_XML1-2500-0.005-8E-5-50-6.fa	XML-1	6	3372
XML-1/alignment_XML1-2500-0.005-8E-5-50-7.fa	XML-1	10	3822
XML-1/alignment_XML1-2500-0.005-8E-5-50-8.fa	XML-1	6	3822
XML-1/alignment_XML1-2500-0.005-8E-5-50-9.fa	XML-1	9	3822
XML-1/alignment_XML1-2500-0.01-12E-5-100-1.fa	XML-1	29	3822
XML-1/alignment_XML1-2500-0.01-12E-5-100-10.fa	XML-1	26	3822
XML-1/alignment_XML1-2500-0.01-12E-5-100-11.fa	XML-1	31	3822
XML-1/alignment_XML1-2500-0.01-12E-5-100-12.fa	XML-1	21	3822
XML-1/alignment_XML1-2500-0.01-12E-5-100-13.fa	XML-1	21	3822
XML-1/alignment_XML1-2500-0.01-12E-5-100-14.fa	XML-1	25	3822
XML-1/alignment_XML1-2500-0.01-12E-5-100-15.fa	XML-1	19	3822
XML-1/alignment_XML1-2500-0.01-12E-5-100-2.fa	XML-1	18	3822
XML-1/alignment_XML1-2500-0.01-12E-5-100-3.fa	XML-1	20	3822
XML-1/alignment_XML1-2500-0.01-12E-5-100-4.fa	XML-1	21	3822
XML-1/alignment_XML1-2500-0.01-12E-5-100-5.fa	XML-1	26	3822
XML-1/alignment_XML1-2500-0.01-12E-5-100-6.fa	XML-1	23	3822
XML-1/alignment_XML1-2500-0.01-12E-5-100-7.fa	XML-1	37	3822
XML-1/alignment_XML1-2500-0.01-12E-5-100-8.fa	XML-1	29	3822
XML-1/alignment_XML1-2500-0.01-12E-5-100-9.fa	XML-1	21	3822
XML-1/alignment_XML1-2500-0.01-12E-5-200-1.fa	XML-1	34	3822
XML-1/alignment_XML1-2500-0.01-12E-5-200-10.fa	XML-1	41	3822
XML-1/alignment_XML1-2500-0.01-12E-5-200-11.fa	XML-1	20	3822
XML-1/alignment_XML1-2500-0.01-12E-5-200-12.fa	XML-1	25	3822
XML-1/alignment_XML1-2500-0.01-12E-5-200-13.fa	XML-1	23	3822
XML-1/alignment_XML1-2500-0.01-12E-5-200-14.fa	XML-1	39	3822
XML-1/alignment_XML1-2500-0.01-12E-5-200-15.fa	XML-1	22	3822
XML-1/alignment_XML1-2500-0.01-12E-5-200-2.fa	XML-1	26	3822
XML-1/alignment_XML1-2500-0.01-12E-5-200-3.fa	XML-1	21	3822
XML-1/alignment_XML1-2500-0.01-12E-5-200-4.fa	XML-1	34	3822
XML-1/alignment_XML1-2500-0.01-12E-5-200-5.fa	XML-1	29	3822
XML-1/alignment_XML1-2500-0.01-12E-5-200-6.fa	XML-1	22	3822
XML-1/alignment_XML1-2500-0.01-12E-5-200-7.fa	XML-1	23	3822
XML-1/alignment_XML1-2500-0.01-12E-5-200-8.fa	XML-1	18	3822
XML-1/alignment_XML1-2500-0.01-12E-5-200-9.fa	XML-1	29	3822
XML-1/alignment_XML1-2500-0.01-12E-5-50-1.fa	XML-1	16	3822
XML-1/alignment_XML1-2500-0.01-12E-5-50-10.fa	XML-1	22	3822
XML-1/alignment_XML1-2500-0.01-12E-5-50-11.fa	XML-1	11	3822
XML-1/alignment_XML1-2500-0.01-12E-5-50-12.fa	XML-1	15	3822
XML-1/alignment_XML1-2500-0.01-12E-5-50-13.fa	XML-1	15	3822
XML-1/alignment_XML1-2500-0.01-12E-5-50-14.fa	XML-1	13	3822
XML-1/alignment_XML1-2500-0.01-12E-5-50-15.fa	XML-1	14	3822
XML-1/alignment_XML1-2500-0.01-12E-5-50-2.fa	XML-1	13	3822
XML-1/alignment_XML1-2500-0.01-12E-5-50-3.fa	XML-1	20	3822
XML-1/alignment_XML1-2500-0.01-12E-5-50-4.fa	XML-1	18	3822
XML-1/alignment_XML1-2500-0.01-12E-5-50-5.fa	XML-1	13	3822
XML-1/alignment_XML1-2500-0.01-12E-5-50-6.fa	XML-1	17	3822
XML-1/alignment_XML1-2500-0.01-12E-5-50-7.fa	XML-1	18	3822
XML-1/alignment_XML1-2500-0.01-12E-5-50-8.fa	XML-1	12	3822
XML-1/alignment_XML1-2500-0.01-12E-5-50-9.fa	XML-1	20	3822
XML-1/alignment_XML1-2500-0.01-4E-5-100-1.fa	XML-1	30	3822
XML-1/alignment_XML1-2500-0.01-4E-5-100-10.fa	XML-1	22	3822
XML-1/alignment_XML1-2500-0.01-4E-5-100-11.fa	XML-1	24	3822
XML-1/alignment_XML1-2500-0.01-4E-5-100-12.fa	XML-1	23	3822
XML-1/alignment_XML1-2500-0.01-4E-5-100-13.fa	XML-1	26	3822
XML-1/alignment_XML1-2500-0.01-4E-5-100-14.fa	XML-1	24	3822
XML-1/alignment_XML1-2500-0.01-4E-5-100-15.fa	XML-1	19	3822
XML-1/alignment_XML1-2500-0.01-4E-5-100-2.fa	XML-1	28	3822
XML-1/alignment_XML1-2500-0.01-4E-5-100-3.fa	XML-1	20	3822
XML-1/alignment_XML1-2500-0.01-4E-5-100-4.fa	XML-1	20	3822
XML-1/alignment_XML1-2500-0.01-4E-5-100-5.fa	XML-1	20	3822
XML-1/alignment_XML1-2500-0.01-4E-5-100-6.fa	XML-1	34	3822
XML-1/alignment_XML1-2500-0.01-4E-5-100-7.fa	XML-1	20	3822
XML-1/alignment_XML1-2500-0.01-4E-5-100-8.fa	XML-1	18	3822
XML-1/alignment_XML1-2500-0.01-4E-5-100-9.fa	XML-1	26	3822
XML-1/alignment_XML1-2500-0.01-4E-5-200-1.fa	XML-1	24	3822
XML-1/alignment_XML1-2500-0.01-4E-5-200-10.fa	XML-1	25	3822
XML-1/alignment_XML1-2500-0.01-4E-5-200-11.fa	XML-1	34	3822
XML-1/alignment_XML1-2500-0.01-4E-5-200-12.fa	XML-1	31	3822
XML-1/alignment_XML1-2500-0.01-4E-5-200-13.fa	XML-1	31	3822
XML-1/alignment_XML1-2500-0.01-4E-5-200-14.fa	XML-1	30	3822
XML-1/alignment_XML1-2500-0.01-4E-5-200-15.fa	XML-1	26	3822
XML-1/alignment_XML1-2500-0.01-4E-5-200-2.fa	XML-1	28	3822
XML-1/alignment_XML1-2500-0.01-4E-5-200-3.fa	XML-1	26	3822
XML-1/alignment_XML1-2500-0.01-4E-5-200-4.fa	XML-1	26	3822
XML-1/alignment_XML1-2500-0.01-4E-5-200-5.fa	XML-1	43	3822
XML-1/alignment_XML1-2500-0.01-4E-5-200-6.fa	XML-1	30	3822
XML-1/alignment_XML1-2500-0.01-4E-5-200-7.fa	XML-1	28	3822
XML-1/alignment_XML1-2500-0.01-4E-5-200-8.fa	XML-1	32	3822
XML-1/alignment_XML1-2500-0.01-4E-5-200-9.fa	XML-1	29	3822
XML-1/alignment_XML1-2500-0.01-4E-5-50-1.fa	XML-1	8	3822
XML-1/alignment_XML1-2500-0.01-4E-5-50-10.fa	XML-1	16	3822
XML-1/alignment_XML1-2500-0.01-4E-5-50-11.fa	XML-1	15	3822
XML-1/alignment_XML1-2500-0.01-4E-5-50-12.fa	XML-1	10	3822
XML-1/alignment_XML1-2500-0.01-4E-5-50-13.fa	XML-1	14	3822
XML-1/alignment_XML1-2500-0.01-4E-5-50-14.fa	XML-1	19	3822
XML-1/alignment_XML1-2500-0.01-4E-5-50-15.fa	XML-1	11	3822
XML-1/alignment_XML1-2500-0.01-4E-5-50-2.fa	XML-1	15	3822
XML-1/alignment_XML1-2500-0.01-4E-5-50-3.fa	XML-1	14	3822
XML-1/alignment_XML1-2500-0.01-4E-5-50-4.fa	XML-1	8	3822
XML-1/alignment_XML1-2500-0.01-4E-5-50-5.fa	XML-1	17	3822
XML-1/alignment_XML1-2500-0.01-4E-5-50-6.fa	XML-1	17	3822
XML-1/alignment_XML1-2500-0.01-4E-5-50-7.fa	XML-1	17	3822
XML-1/alignment_XML1-2500-0.01-4E-5-50-8.fa	XML-1	13	3822
XML-1/alignment_XML1-2500-0.01-4E-5-50-9.fa	XML-1	12	3822
XML-1/alignment_XML1-2500-0.01-8E-5-100-1.fa	XML-1	29	3822
XML-1/alignment_XML1-2500-0.01-8E-5-100-10.fa	XML-1	24	3822
XML-1/alignment_XML1-2500-0.01-8E-5-100-11.fa	XML-1	30	3822
XML-1/alignment_XML1-2500-0.01-8E-5-100-12.fa	XML-1	12	3822
XML-1/alignment_XML1-2500-0.01-8E-5-100-13.fa	XML-1	25	3822
XML-1/alignment_XML1-2500-0.01-8E-5-100-14.fa	XML-1	24	3822
XML-1/alignment_XML1-2500-0.01-8E-5-100-15.fa	XML-1	26	3822
XML-1/alignment_XML1-2500-0.01-8E-5-100-2.fa	XML-1	18	3822
XML-1/alignment_XML1-2500-0.01-8E-5-100-3.fa	XML-1	15	3822
XML-1/alignment_XML1-2500-0.01-8E-5-100-4.fa	XML-1	21	3822
XML-1/alignment_XML1-2500-0.01-8E-5-100-5.fa	XML-1	26	3822
XML-1/alignment_XML1-2500-0.01-8E-5-100-6.fa	XML-1	20	3822
XML-1/alignment_XML1-2500-0.01-8E-5-100-7.fa	XML-1	23	3822
XML-1/alignment_XML1-2500-0.01-8E-5-100-8.fa	XML-1	21	3822
XML-1/alignment_XML1-2500-0.01-8E-5-100-9.fa	XML-1	25	3822
XML-1/alignment_XML1-2500-0.01-8E-5-200-1.fa	XML-1	34	3822
XML-1/alignment_XML1-2500-0.01-8E-5-200-10.fa	XML-1	35	3822
XML-1/alignment_XML1-2500-0.01-8E-5-200-11.fa	XML-1	17	3822
XML-1/alignment_XML1-2500-0.01-8E-5-200-12.fa	XML-1	37	3822
XML-1/alignment_XML1-2500-0.01-8E-5-200-13.fa	XML-1	36	3822
XML-1/alignment_XML1-2500-0.01-8E-5-200-14.fa	XML-1	30	3822
XML-1/alignment_XML1-2500-0.01-8E-5-200-15.fa	XML-1	19	3822
XML-1/alignment_XML1-2500-0.01-8E-5-200-2.fa	XML-1	32	3822
XML-1/alignment_XML1-2500-0.01-8E-5-200-3.fa	XML-1	25	3822
XML-1/alignment_XML1-2500-0.01-8E-5-200-4.fa	XML-1	25	3822
XML-1/alignment_XML1-2500-0.01-8E-5-200-5.fa	XML-1	23	3822
XML-1/alignment_XML1-2500-0.01-8E-5-200-6.fa	XML-1	32	3822
XML-1/alignment_XML1-2500-0.01-8E-5-200-7.fa	XML-1	38	3822
XML-1/alignment_XML1-2500-0.01-8E-5-200-8.fa	XML-1	31	3822
XML-1/alignment_XML1-2500-0.01-8E-5-200-9.fa	XML-1	31	3822
XML-1/alignment_XML1-2500-0.01-8E-5-50-1.fa	XML-1	15	3822
XML-1/alignment_XML1-2500-0.01-8E-5-50-10.fa	XML-1	15	3822
XML-1/alignment_XML1-2500-0.01-8E-5-50-11.fa	XML-1	14	3822
XML-1/alignment_XML1-2500-0.01-8E-5-50-12.fa	XML-1	17	3822
XML-1/alignment_XML1-2500-0.01-8E-5-50-13.fa	XML-1	24	3822
XML-1/alignment_XML1-2500-0.01-8E-5-50-14.fa	XML-1	20	3822
XML-1/alignment_XML1-2500-0.01-8E-5-50-15.fa	XML-1	17	3822
XML-1/alignment_XML1-2500-0.01-8E-5-50-2.fa	XML-1	14	3822
XML-1/alignment_XML1-2500-0.01-8E-5-50-3.fa	XML-1	15	3822
XML-1/alignment_XML1-2500-0.01-8E-5-50-4.fa	XML-1	17	3822
XML-1/alignment_XML1-2500-0.01-8E-5-50-5.fa	XML-1	13	3822
XML-1/alignment_XML1-2500-0.01-8E-5-50-6.fa	XML-1	14	3822
XML-1/alignment_XML1-2500-0.01-8E-5-50-7.fa	XML-1	22	3822
XML-1/alignment_XML1-2500-0.01-8E-5-50-8.fa	XML-1	10	3822
XML-1/alignment_XML1-2500-0.01-8E-5-50-9.fa	XML-1	13	3822
XML-1/alignment_XML1-2500-0.02-12E-5-100-1.fa	XML-1	37	3822
XML-1/alignment_XML1-2500-0.02-12E-5-100-10.fa	XML-1	43	3822
XML-1/alignment_XML1-2500-0.02-12E-5-100-11.fa	XML-1	36	3822
XML-1/alignment_XML1-2500-0.02-12E-5-100-12.fa	XML-1	37	3822
XML-1/alignment_XML1-2500-0.02-12E-5-100-13.fa	XML-1	35	3822
XML-1/alignment_XML1-2500-0.02-12E-5-100-14.fa	XML-1	42	3822
XML-1/alignment_XML1-2500-0.02-12E-5-100-15.fa	XML-1	45	3822
XML-1/alignment_XML1-2500-0.02-12E-5-100-2.fa	XML-1	49	3822
XML-1/alignment_XML1-2500-0.02-12E-5-100-3.fa	XML-1	52	3822
XML-1/alignment_XML1-2500-0.02-12E-5-100-4.fa	XML-1	46	3822
XML-1/alignment_XML1-2500-0.02-12E-5-100-5.fa	XML-1	30	3822
XML-1/alignment_XML1-2500-0.02-12E-5-100-6.fa	XML-1	47	3822
XML-1/alignment_XML1-2500-0.02-12E-5-100-7.fa	XML-1	43	3822
XML-1/alignment_XML1-2500-0.02-12E-5-100-8.fa	XML-1	40	3822
XML-1/alignment_XML1-2500-0.02-12E-5-100-9.fa	XML-1	42	3822
XML-1/alignment_XML1-2500-0.02-12E-5-200-1.fa	XML-1	56	3822
XML-1/alignment_XML1-2500-0.02-12E-5-200-10.fa	XML-1	60	3822
XML-1/alignment_XML1-2500-0.02-12E-5-200-11.fa	XML-1	59	3822
XML-1/alignment_XML1-2500-0.02-12E-5-200-12.fa	XML-1	83	3822
XML-1/alignment_XML1-2500-0.02-12E-5-200-13.fa	XML-1	61	3822
XML-1/alignment_XML1-2500-0.02-12E-5-200-14.fa	XML-1	59	3822
XML-1/alignment_XML1-2500-0.02-12E-5-200-15.fa	XML-1	46	3822
XML-1/alignment_XML1-2500-0.02-12E-5-200-2.fa	XML-1	67	3822
XML-1/alignment_XML1-2500-0.02-12E-5-200-3.fa	XML-1	69	3822
XML-1/alignment_XML1-2500-0.02-12E-5-200-4.fa	XML-1	43	3822
XML-1/alignment_XML1-2500-0.02-12E-5-200-5.fa	XML-1	67	3822
XML-1/alignment_XML1-2500-0.02-12E-5-200-6.fa	XML-1	60	3822
XML-1/alignment_XML1-2500-0.02-12E-5-200-7.fa	XML-1	58	3822
XML-1/alignment_XML1-2500-0.02-12E-5-200-8.fa	XML-1	59	3822
XML-1/alignment_XML1-2500-0.02-12E-5-200-9.fa	XML-1	63	3822
XML-1/alignment_XML1-2500-0.02-12E-5-50-1.fa	XML-1	32	3822
XML-1/alignment_XML1-2500-0.02-12E-5-50-10.fa	XML-1	24	3822
XML-1/alignment_XML1-2500-0.02-12E-5-50-11.fa	XML-1	26	3822
XML-1/alignment_XML1-2500-0.02-12E-5-50-12.fa	XML-1	35	3822
XML-1/alignment_XML1-2500-0.02-12E-5-50-13.fa	XML-1	33	3822
XML-1/alignment_XML1-2500-0.02-12E-5-50-14.fa	XML-1	31	3822
XML-1/alignment_XML1-2500-0.02-12E-5-50-15.fa	XML-1	25	3822
XML-1/alignment_XML1-2500-0.02-12E-5-50-2.fa	XML-1	23	3822
XML-1/alignment_XML1-2500-0.02-12E-5-50-3.fa	XML-1	25	3822
XML-1/alignment_XML1-2500-0.02-12E-5-50-4.fa	XML-1	26	3822
XML-1/alignment_XML1-2500-0.02-12E-5-50-5.fa	XML-1	26	3822
XML-1/alignment_XML1-2500-0.02-12E-5-50-6.fa	XML-1	17	3822
XML-1/alignment_XML1-2500-0.02-12E-5-50-7.fa	XML-1	25	3822
XML-1/alignment_XML1-2500-0.02-12E-5-50-8.fa	XML-1	32	3822
XML-1/alignment_XML1-2500-0.02-12E-5-50-9.fa	XML-1	25	3822
XML-1/alignment_XML1-2500-0.02-4E-5-100-1.fa	XML-1	45	3822
XML-1/alignment_XML1-2500-0.02-4E-5-100-10.fa	XML-1	28	3822
XML-1/alignment_XML1-2500-0.02-4E-5-100-11.fa	XML-1	41	3822
XML-1/alignment_XML1-2500-0.02-4E-5-100-12.fa	XML-1	47	3822
XML-1/alignment_XML1-2500-0.02-4E-5-100-13.fa	XML-1	36	3822
XML-1/alignment_XML1-2500-0.02-4E-5-100-14.fa	XML-1	34	3822
XML-1/alignment_XML1-2500-0.02-4E-5-100-15.fa	XML-1	48	3822
XML-1/alignment_XML1-2500-0.02-4E-5-100-2.fa	XML-1	43	3822
XML-1/alignment_XML1-2500-0.02-4E-5-100-3.fa	XML-1	36	3822
XML-1/alignment_XML1-2500-0.02-4E-5-100-4.fa	XML-1	44	3822
XML-1/alignment_XML1-2500-0.02-4E-5-100-5.fa	XML-1	38	3822
XML-1/alignment_XML1-2500-0.02-4E-5-100-6.fa	XML-1	33	3822
XML-1/alignment_XML1-2500-0.02-4E-5-100-7.fa	XML-1	29	3822
XML-1/alignment_XML1-2500-0.02-4E-5-100-8.fa	XML-1	53	3822
XML-1/alignment_XML1-2500-0.02-4E-5-100-9.fa	XML-1	27	3822
XML-1/alignment_XML1-2500-0.02-4E-5-200-1.fa	XML-1	50	3822
XML-1/alignment_XML1-2500-0.02-4E-5-200-10.fa	XML-1	57	3822
XML-1/alignment_XML1-2500-0.02-4E-5-200-11.fa	XML-1	42	3822
XML-1/alignment_XML1-2500-0.02-4E-5-200-12.fa	XML-1	54	3822
XML-1/alignment_XML1-2500-0.02-4E-5-200-13.fa	XML-1	50	3822
XML-1/alignment_XML1-2500-0.02-4E-5-200-14.fa	XML-1	52	3822
XML-1/alignment_XML1-2500-0.02-4E-5-200-15.fa	XML-1	52	3822
XML-1/alignment_XML1-2500-0.02-4E-5-200-2.fa	XML-1	61	3822
XML-1/alignment_XML1-2500-0.02-4E-5-200-3.fa	XML-1	48	3822
XML-1/alignment_XML1-2500-0.02-4E-5-200-4.fa	XML-1	49	3822
XML-1/alignment_XML1-2500-0.02-4E-5-200-5.fa	XML-1	54	3822
XML-1/alignment_XML1-2500-0.02-4E-5-200-6.fa	XML-1	50	3822
XML-1/alignment_XML1-2500-0.02-4E-5-200-7.fa	XML-1	53	3822
XML-1/alignment_XML1-2500-0.02-4E-5-200-8.fa	XML-1	57	3822
XML-1/alignment_XML1-2500-0.02-4E-5-200-9.fa	XML-1	53	3822
XML-1/alignment_XML1-2500-0.02-4E-5-50-1.fa	XML-1	30	3822
XML-1/alignment_XML1-2500-0.02-4E-5-50-10.fa	XML-1	25	3822
XML-1/alignment_XML1-2500-0.02-4E-5-50-11.fa	XML-1	27	3822
XML-1/alignment_XML1-2500-0.02-4E-5-50-12.fa	XML-1	30	3822
XML-1/alignment_XML1-2500-0.02-4E-5-50-13.fa	XML-1	28	3822
XML-1/alignment_XML1-2500-0.02-4E-5-50-14.fa	XML-1	23	3822
XML-1/alignment_XML1-2500-0.02-4E-5-50-15.fa	XML-1	27	3822
XML-1/alignment_XML1-2500-0.02-4E-5-50-2.fa	XML-1	24	3822
XML-1/alignment_XML1-2500-0.02-4E-5-50-3.fa	XML-1	33	3822
XML-1/alignment_XML1-2500-0.02-4E-5-50-4.fa	XML-1	25	3822
XML-1/alignment_XML1-2500-0.02-4E-5-50-5.fa	XML-1	17	3822
XML-1/alignment_XML1-2500-0.02-4E-5-50-6.fa	XML-1	21	3822
XML-1/alignment_XML1-2500-0.02-4E-5-50-7.fa	XML-1	25	3822
XML-1/alignment_XML1-2500-0.02-4E-5-50-8.fa	XML-1	23	3822
XML-1/alignment_XML1-2500-0.02-4E-5-50-9.fa	XML-1	25	3822
XML-1/alignment_XML1-2500-0.02-8E-5-100-1.fa	XML-1	38	3822
XML-1/alignment_XML1-2500-0.02-8E-5-100-10.fa	XML-1	31	3822
XML-1/alignment_XML1-2500-0.02-8E-5-100-11.fa	XML-1	49	3822
XML-1/alignment_XML1-2500-0.02-8E-5-100-12.fa	XML-1	37	3822
XML-1/alignment_XML1-2500-0.02-8E-5-100-13.fa	XML-1	57	3822
XML-1/alignment_XML1-2500-0.02-8E-5-100-14.fa	XML-1	43	3822
XML-1/alignment_XML1-2500-0.02-8E-5-100-15.fa	XML-1	38	3822
XML-1/alignment_XML1-2500-0.02-8E-5-100-2.fa	XML-1	56	3822
XML-1/alignment_XML1-2500-0.02-8E-5-100-3.fa	XML-1	50	3822
XML-1/alignment_XML1-2500-0.02-8E-5-100-4.fa	XML-1	43	3822
XML-1/alignment_XML1-2500-0.02-8E-5-100-5.fa	XML-1	35	3822
XML-1/alignment_XML1-2500-0.02-8E-5-100-6.fa	XML-1	39	3822
XML-1/alignment_XML1-2500-0.02-8E-5-100-7.fa	XML-1	36	3822
XML-1/alignment_XML1-2500-0.02-8E-5-100-8.fa	XML-1	29	3822
XML-1/alignment_XML1-2500-0.02-8E-5-100-9.fa	XML-1	42	3822
XML-1/alignment_XML1-2500-0.02-8E-5-200-1.fa	XML-1	74	3822
XML-1/alignment_XML1-2500-0.02-8E-5-200-10.fa	XML-1	51	3822
XML-1/alignment_XML1-2500-0.02-8E-5-200-11.fa	XML-1	46	3822
XML-1/alignment_XML1-2500-0.02-8E-5-200-12.fa	XML-1	49	3822
XML-1/alignment_XML1-2500-0.02-8E-5-200-13.fa	XML-1	59	3822
XML-1/alignment_XML1-2500-0.02-8E-5-200-14.fa	XML-1	61	3822
XML-1/alignment_XML1-2500-0.02-8E-5-200-15.fa	XML-1	58	3822
XML-1/alignment_XML1-2500-0.02-8E-5-200-2.fa	XML-1	74	3822
XML-1/alignment_XML1-2500-0.02-8E-5-200-3.fa	XML-1	60	3822
XML-1/alignment_XML1-2500-0.02-8E-5-200-4.fa	XML-1	56	3822
XML-1/alignment_XML1-2500-0.02-8E-5-200-5.fa	XML-1	61	3822
XML-1/alignment_XML1-2500-0.02-8E-5-200-6.fa	XML-1	51	3822
XML-1/alignment_XML1-2500-0.02-8E-5-200-7.fa	XML-1	62	3822
XML-1/alignment_XML1-2500-0.02-8E-5-200-8.fa	XML-1	61	3822
XML-1/alignment_XML1-2500-0.02-8E-5-200-9.fa	XML-1	47	3822
XML-1/alignment_XML1-2500-0.02-8E-5-50-1.fa	XML-1	33	3822
XML-1/alignment_XML1-2500-0.02-8E-5-50-10.fa	XML-1	29	3822
XML-1/alignment_XML1-2500-0.02-8E-5-50-11.fa	XML-1	35	3822
XML-1/alignment_XML1-2500-0.02-8E-5-50-12.fa	XML-1	20	3822
XML-1/alignment_XML1-2500-0.02-8E-5-50-13.fa	XML-1	36	3822
XML-1/alignment_XML1-2500-0.02-8E-5-50-14.fa	XML-1	28	3822
XML-1/alignment_XML1-2500-0.02-8E-5-50-15.fa	XML-1	28	3822
XML-1/alignment_XML1-2500-0.02-8E-5-50-2.fa	XML-1	35	3822
XML-1/alignment_XML1-2500-0.02-8E-5-50-3.fa	XML-1	27	3822
XML-1/alignment_XML1-2500-0.02-8E-5-50-4.fa	XML-1	24	3822
XML-1/alignment_XML1-2500-0.02-8E-5-50-5.fa	XML-1	27	3822
XML-1/alignment_XML1-2500-0.02-8E-5-50-6.fa	XML-1	34	3822
XML-1/alignment_XML1-2500-0.02-8E-5-50-7.fa	XML-1	30	3822
XML-1/alignment_XML1-2500-0.02-8E-5-50-8.fa	XML-1	35	3822
XML-1/alignment_XML1-2500-0.02-8E-5-50-9.fa	XML-1	21	3822
XML-1/alignment_XML1-3250-0.005-12E-5-100-1.fa	XML-1	17	3822
XML-1/alignment_XML1-3250-0.005-12E-5-100-10.fa	XML-1	6	3822
XML-1/alignment_XML1-3250-0.005-12E-5-100-11.fa	XML-1	9	3822
XML-1/alignment_XML1-3250-0.005-12E-5-100-12.fa	XML-1	20	3822
XML-1/alignment_XML1-3250-0.005-12E-5-100-13.fa	XML-1	10	3822
XML-1/alignment_XML1-3250-0.005-12E-5-100-14.fa	XML-1	9	3822
XML-1/alignment_XML1-3250-0.005-12E-5-100-15.fa	XML-1	15	3822
XML-1/alignment_XML1-3250-0.005-12E-5-100-2.fa	XML-1	13	3822
XML-1/alignment_XML1-3250-0.005-12E-5-100-3.fa	XML-1	11	3822
XML-1/alignment_XML1-3250-0.005-12E-5-100-4.fa	XML-1	7	3822
XML-1/alignment_XML1-3250-0.005-12E-5-100-5.fa	XML-1	19	3822
XML-1/alignment_XML1-3250-0.005-12E-5-100-6.fa	XML-1	10	3822
XML-1/alignment_XML1-3250-0.005-12E-5-100-7.fa	XML-1	8	3822
XML-1/alignment_XML1-3250-0.005-12E-5-100-8.fa	XML-1	11	3822
XML-1/alignment_XML1-3250-0.005-12E-5-100-9.fa	XML-1	12	3822
XML-1/alignment_XML1-3250-0.005-12E-5-200-1.fa	XML-1	23	3822
XML-1/alignment_XML1-3250-0.005-12E-5-200-10.fa	XML-1	17	3822
XML-1/alignment_XML1-3250-0.005-12E-5-200-11.fa	XML-1	9	3822
XML-1/alignment_XML1-3250-0.005-12E-5-200-12.fa	XML-1	14	3822
XML-1/alignment_XML1-3250-0.005-12E-5-200-13.fa	XML-1	21	3822
XML-1/alignment_XML1-3250-0.005-12E-5-200-14.fa	XML-1	17	3822
XML-1/alignment_XML1-3250-0.005-12E-5-200-15.fa	XML-1	19	3822
XML-1/alignment_XML1-3250-0.005-12E-5-200-2.fa	XML-1	15	3822
XML-1/alignment_XML1-3250-0.005-12E-5-200-3.fa	XML-1	18	3822
XML-1/alignment_XML1-3250-0.005-12E-5-200-4.fa	XML-1	24	3822
XML-1/alignment_XML1-3250-0.005-12E-5-200-5.fa	XML-1	12	3822
XML-1/alignment_XML1-3250-0.005-12E-5-200-6.fa	XML-1	16	3822
XML-1/alignment_XML1-3250-0.005-12E-5-200-7.fa	XML-1	16	3822
XML-1/alignment_XML1-3250-0.005-12E-5-200-8.fa	XML-1	24	3822
XML-1/alignment_XML1-3250-0.005-12E-5-200-9.fa	XML-1	17	3822
XML-1/alignment_XML1-3250-0.005-12E-5-50-1.fa	XML-1	11	3822
XML-1/alignment_XML1-3250-0.005-12E-5-50-10.fa	XML-1	8	3822
XML-1/alignment_XML1-3250-0.005-12E-5-50-11.fa	XML-1	8	3822
XML-1/alignment_XML1-3250-0.005-12E-5-50-12.fa	XML-1	20	3822
XML-1/alignment_XML1-3250-0.005-12E-5-50-13.fa	XML-1	17	3822
XML-1/alignment_XML1-3250-0.005-12E-5-50-14.fa	XML-1	6	3822
XML-1/alignment_XML1-3250-0.005-12E-5-50-15.fa	XML-1	17	3822
XML-1/alignment_XML1-3250-0.005-12E-5-50-2.fa	XML-1	10	3822
XML-1/alignment_XML1-3250-0.005-12E-5-50-3.fa	XML-1	12	3822
XML-1/alignment_XML1-3250-0.005-12E-5-50-4.fa	XML-1	6	3822
XML-1/alignment_XML1-3250-0.005-12E-5-50-5.fa	XML-1	9	3822
XML-1/alignment_XML1-3250-0.005-12E-5-50-6.fa	XML-1	7	3822
XML-1/alignment_XML1-3250-0.005-12E-5-50-7.fa	XML-1	14	3822
XML-1/alignment_XML1-3250-0.005-12E-5-50-8.fa	XML-1	10	3822
XML-1/alignment_XML1-3250-0.005-12E-5-50-9.fa	XML-1	11	3822
XML-1/alignment_XML1-3250-0.005-4E-5-100-1.fa	XML-1	15	3822
XML-1/alignment_XML1-3250-0.005-4E-5-100-10.fa	XML-1	11	3822
XML-1/alignment_XML1-3250-0.005-4E-5-100-11.fa	XML-1	16	3822
XML-1/alignment_XML1-3250-0.005-4E-5-100-12.fa	XML-1	8	3822
XML-1/alignment_XML1-3250-0.005-4E-5-100-13.fa	XML-1	11	3822
XML-1/alignment_XML1-3250-0.005-4E-5-100-14.fa	XML-1	12	3822
XML-1/alignment_XML1-3250-0.005-4E-5-100-15.fa	XML-1	13	3822
XML-1/alignment_XML1-3250-0.005-4E-5-100-2.fa	XML-1	13	3822
XML-1/alignment_XML1-3250-0.005-4E-5-100-3.fa	XML-1	5	3822
XML-1/alignment_XML1-3250-0.005-4E-5-100-4.fa	XML-1	12	3822
XML-1/alignment_XML1-3250-0.005-4E-5-100-5.fa	XML-1	8	3822
XML-1/alignment_XML1-3250-0.005-4E-5-100-6.fa	XML-1	20	3822
XML-1/alignment_XML1-3250-0.005-4E-5-100-7.fa	XML-1	14	3822
XML-1/alignment_XML1-3250-0.005-4E-5-100-8.fa	XML-1	5	1425
XML-1/alignment_XML1-3250-0.005-4E-5-100-9.fa	XML-1	22	3822
XML-1/alignment_XML1-3250-0.005-4E-5-200-1.fa	XML-1	12	3822
XML-1/alignment_XML1-3250-0.005-4E-5-200-10.fa	XML-1	21	3822
XML-1/alignment_XML1-3250-0.005-4E-5-200-11.fa	XML-1	20	3822
XML-1/alignment_XML1-3250-0.005-4E-5-200-12.fa	XML-1	18	3822
XML-1/alignment_XML1-3250-0.005-4E-5-200-13.fa	XML-1	20	3822
XML-1/alignment_XML1-3250-0.005-4E-5-200-14.fa	XML-1	11	3822
XML-1/alignment_XML1-3250-0.005-4E-5-200-15.fa	XML-1	11	3822
XML-1/alignment_XML1-3250-0.005-4E-5-200-2.fa	XML-1	27	3822
XML-1/alignment_XML1-3250-0.005-4E-5-200-3.fa	XML-1	15	3822
XML-1/alignment_XML1-3250-0.005-4E-5-200-4.fa	XML-1	21	3822
XML-1/alignment_XML1-3250-0.005-4E-5-200-5.fa	XML-1	23	3822
XML-1/alignment_XML1-3250-0.005-4E-5-200-6.fa	XML-1	18	3822
XML-1/alignment_XML1-3250-0.005-4E-5-200-7.fa	XML-1	25	3822
XML-1/alignment_XML1-3250-0.005-4E-5-200-8.fa	XML-1	16	3822
XML-1/alignment_XML1-3250-0.005-4E-5-200-9.fa	XML-1	16	3822
XML-1/alignment_XML1-3250-0.005-4E-5-50-1.fa	XML-1	8	3822
XML-1/alignment_XML1-3250-0.005-4E-5-50-10.fa	XML-1	13	3822
XML-1/alignment_XML1-3250-0.005-4E-5-50-11.fa	XML-1	12	3822
XML-1/alignment_XML1-3250-0.005-4E-5-50-12.fa	XML-1	7	3822
XML-1/alignment_XML1-3250-0.005-4E-5-50-13.fa	XML-1	7	3822
XML-1/alignment_XML1-3250-0.005-4E-5-50-14.fa	XML-1	10	3822
XML-1/alignment_XML1-3250-0.005-4E-5-50-15.fa	XML-1	6	3822
XML-1/alignment_XML1-3250-0.005-4E-5-50-2.fa	XML-1	5	3822
XML-1/alignment_XML1-3250-0.005-4E-5-50-3.fa	XML-1	7	3822
XML-1/alignment_XML1-3250-0.005-4E-5-50-4.fa	XML-1	7	3822
XML-1/alignment_XML1-3250-0.005-4E-5-50-5.fa	XML-1	9	3822
XML-1/alignment_XML1-3250-0.005-4E-5-50-6.fa	XML-1	8	3771
XML-1/alignment_XML1-3250-0.005-4E-5-50-7.fa	XML-1	6	3822
XML-1/alignment_XML1-3250-0.005-4E-5-50-8.fa	XML-1	9	3822
XML-1/alignment_XML1-3250-0.005-4E-5-50-9.fa	XML-1	10	3822
XML-1/alignment_XML1-3250-0.005-8E-5-100-1.fa	XML-1	13	3822
XML-1/alignment_XML1-3250-0.005-8E-5-100-10.fa	XML-1	7	3822
XML-1/alignment_XML1-3250-0.005-8E-5-100-11.fa	XML-1	6	2625
XML-1/alignment_XML1-3250-0.005-8E-5-100-12.fa	XML-1	11	3822
XML-1/alignment_XML1-3250-0.005-8E-5-100-13.fa	XML-1	9	3822
XML-1/alignment_XML1-3250-0.005-8E-5-100-14.fa	XML-1	12	3822
XML-1/alignment_XML1-3250-0.005-8E-5-100-15.fa	XML-1	8	3822
XML-1/alignment_XML1-3250-0.005-8E-5-100-2.fa	XML-1	14	3816
XML-1/alignment_XML1-3250-0.005-8E-5-100-3.fa	XML-1	14	3822
XML-1/alignment_XML1-3250-0.005-8E-5-100-4.fa	XML-1	13	3672
XML-1/alignment_XML1-3250-0.005-8E-5-100-5.fa	XML-1	22	3822
XML-1/alignment_XML1-3250-0.005-8E-5-100-6.fa	XML-1	16	3822
XML-1/alignment_XML1-3250-0.005-8E-5-100-7.fa	XML-1	12	3822
XML-1/alignment_XML1-3250-0.005-8E-5-100-8.fa	XML-1	16	3822
XML-1/alignment_XML1-3250-0.005-8E-5-100-9.fa	XML-1	9	3822
XML-1/alignment_XML1-3250-0.005-8E-5-200-1.fa	XML-1	8	3822
XML-1/alignment_XML1-3250-0.005-8E-5-200-10.fa	XML-1	11	3822
XML-1/alignment_XML1-3250-0.005-8E-5-200-11.fa	XML-1	29	3822
XML-1/alignment_XML1-3250-0.005-8E-5-200-12.fa	XML-1	8	3822
XML-1/alignment_XML1-3250-0.005-8E-5-200-13.fa	XML-1	9	3822
XML-1/alignment_XML1-3250-0.005-8E-5-200-14.fa	XML-1	27	3822
XML-1/alignment_XML1-3250-0.005-8E-5-200-15.fa	XML-1	17	3822
XML-1/alignment_XML1-3250-0.005-8E-5-200-2.fa	XML-1	24	3822
XML-1/alignment_XML1-3250-0.005-8E-5-200-3.fa	XML-1	18	3822
XML-1/alignment_XML1-3250-0.005-8E-5-200-4.fa	XML-1	17	3822
XML-1/alignment_XML1-3250-0.005-8E-5-200-5.fa	XML-1	12	3822
XML-1/alignment_XML1-3250-0.005-8E-5-200-6.fa	XML-1	6	3822
XML-1/alignment_XML1-3250-0.005-8E-5-200-7.fa	XML-1	20	3822
XML-1/alignment_XML1-3250-0.005-8E-5-200-8.fa	XML-1	30	3822
XML-1/alignment_XML1-3250-0.005-8E-5-200-9.fa	XML-1	15	3822
XML-1/alignment_XML1-3250-0.005-8E-5-50-1.fa	XML-1	18	3822
XML-1/alignment_XML1-3250-0.005-8E-5-50-10.fa	XML-1	9	3822
XML-1/alignment_XML1-3250-0.005-8E-5-50-11.fa	XML-1	7	3822
XML-1/alignment_XML1-3250-0.005-8E-5-50-12.fa	XML-1	9	3822
XML-1/alignment_XML1-3250-0.005-8E-5-50-13.fa	XML-1	7	3822
XML-1/alignment_XML1-3250-0.005-8E-5-50-14.fa	XML-1	9	3822
XML-1/alignment_XML1-3250-0.005-8E-5-50-15.fa	XML-1	5	3822
XML-1/alignment_XML1-3250-0.005-8E-5-50-2.fa	XML-1	11	3822
XML-1/alignment_XML1-3250-0.005-8E-5-50-3.fa	XML-1	9	3822
XML-1/alignment_XML1-3250-0.005-8E-5-50-4.fa	XML-1	6	3822
XML-1/alignment_XML1-3250-0.005-8E-5-50-5.fa	XML-1	13	3822
XML-1/alignment_XML1-3250-0.005-8E-5-50-6.fa	XML-1	20	3822
XML-1/alignment_XML1-3250-0.005-8E-5-50-7.fa	XML-1	8	3822
XML-1/alignment_XML1-3250-0.005-8E-5-50-8.fa	XML-1	8	3822
XML-1/alignment_XML1-3250-0.005-8E-5-50-9.fa	XML-1	15	3822
XML-1/alignment_XML1-3250-0.01-12E-5-100-1.fa	XML-1	31	3822
XML-1/alignment_XML1-3250-0.01-12E-5-100-10.fa	XML-1	21	3822
XML-1/alignment_XML1-3250-0.01-12E-5-100-11.fa	XML-1	22	3822
XML-1/alignment_XML1-3250-0.01-12E-5-100-12.fa	XML-1	28	3822
XML-1/alignment_XML1-3250-0.01-12E-5-100-13.fa	XML-1	19	3822
XML-1/alignment_XML1-3250-0.01-12E-5-100-14.fa	XML-1	29	3822
XML-1/alignment_XML1-3250-0.01-12E-5-100-15.fa	XML-1	30	3822
XML-1/alignment_XML1-3250-0.01-12E-5-100-2.fa	XML-1	20	3822
XML-1/alignment_XML1-3250-0.01-12E-5-100-3.fa	XML-1	29	3822
XML-1/alignment_XML1-3250-0.01-12E-5-100-4.fa	XML-1	14	3822
XML-1/alignment_XML1-3250-0.01-12E-5-100-5.fa	XML-1	16	3822
XML-1/alignment_XML1-3250-0.01-12E-5-100-6.fa	XML-1	27	3822
XML-1/alignment_XML1-3250-0.01-12E-5-100-7.fa	XML-1	19	3822
XML-1/alignment_XML1-3250-0.01-12E-5-100-8.fa	XML-1	26	3822
XML-1/alignment_XML1-3250-0.01-12E-5-100-9.fa	XML-1	23	3822
XML-1/alignment_XML1-3250-0.01-12E-5-200-1.fa	XML-1	33	3822
XML-1/alignment_XML1-3250-0.01-12E-5-200-10.fa	XML-1	23	3822
XML-1/alignment_XML1-3250-0.01-12E-5-200-11.fa	XML-1	33	3822
XML-1/alignment_XML1-3250-0.01-12E-5-200-12.fa	XML-1	33	3822
XML-1/alignment_XML1-3250-0.01-12E-5-200-13.fa	XML-1	37	3822
XML-1/alignment_XML1-3250-0.01-12E-5-200-14.fa	XML-1	35	3822
XML-1/alignment_XML1-3250-0.01-12E-5-200-15.fa	XML-1	28	3822
XML-1/alignment_XML1-3250-0.01-12E-5-200-2.fa	XML-1	41	3822
XML-1/alignment_XML1-3250-0.01-12E-5-200-3.fa	XML-1	24	3822
XML-1/alignment_XML1-3250-0.01-12E-5-200-4.fa	XML-1	36	3822
XML-1/alignment_XML1-3250-0.01-12E-5-200-5.fa	XML-1	36	3822
XML-1/alignment_XML1-3250-0.01-12E-5-200-6.fa	XML-1	33	3822
XML-1/alignment_XML1-3250-0.01-12E-5-200-7.fa	XML-1	44	3822
XML-1/alignment_XML1-3250-0.01-12E-5-200-8.fa	XML-1	39	3822
XML-1/alignment_XML1-3250-0.01-12E-5-200-9.fa	XML-1	38	3822
XML-1/alignment_XML1-3250-0.01-12E-5-50-1.fa	XML-1	13	3822
XML-1/alignment_XML1-3250-0.01-12E-5-50-10.fa	XML-1	14	3822
XML-1/alignment_XML1-3250-0.01-12E-5-50-11.fa	XML-1	10	3822
XML-1/alignment_XML1-3250-0.01-12E-5-50-12.fa	XML-1	29	3822
XML-1/alignment_XML1-3250-0.01-12E-5-50-13.fa	XML-1	13	3822
XML-1/alignment_XML1-3250-0.01-12E-5-50-14.fa	XML-1	17	3822
XML-1/alignment_XML1-3250-0.01-12E-5-50-15.fa	XML-1	11	3822
XML-1/alignment_XML1-3250-0.01-12E-5-50-2.fa	XML-1	16	3822
XML-1/alignment_XML1-3250-0.01-12E-5-50-3.fa	XML-1	9	3822
XML-1/alignment_XML1-3250-0.01-12E-5-50-4.fa	XML-1	14	3822
XML-1/alignment_XML1-3250-0.01-12E-5-50-5.fa	XML-1	17	3822
XML-1/alignment_XML1-3250-0.01-12E-5-50-6.fa	XML-1	14	3822
XML-1/alignment_XML1-3250-0.01-12E-5-50-7.fa	XML-1	17	3822
XML-1/alignment_XML1-3250-0.01-12E-5-50-8.fa	XML-1	12	3822
XML-1/alignment_XML1-3250-0.01-12E-5-50-9.fa	XML-1	24	3822
XML-1/alignment_XML1-3250-0.01-4E-5-100-1.fa	XML-1	14	3822
XML-1/alignment_XML1-3250-0.01-4E-5-100-10.fa	XML-1	25	3822
XML-1/alignment_XML1-3250-0.01-4E-5-100-11.fa	XML-1	18	3822
XML-1/alignment_XML1-3250-0.01-4E-5-100-12.fa	XML-1	28	3822
XML-1/alignment_XML1-3250-0.01-4E-5-100-13.fa	XML-1	23	3822
XML-1/alignment_XML1-3250-0.01-4E-5-100-14.fa	XML-1	22	3822
XML-1/alignment_XML1-3250-0.01-4E-5-100-15.fa	XML-1	26	3822
XML-1/alignment_XML1-3250-0.01-4E-5-100-2.fa	XML-1	16	3822
XML-1/alignment_XML1-3250-0.01-4E-5-100-3.fa	XML-1	27	3822
XML-1/alignment_XML1-3250-0.01-4E-5-100-4.fa	XML-1	21	3822
XML-1/alignment_XML1-3250-0.01-4E-5-100-5.fa	XML-1	24	3822
XML-1/alignment_XML1-3250-0.01-4E-5-100-6.fa	XML-1	35	3822
XML-1/alignment_XML1-3250-0.01-4E-5-100-7.fa	XML-1	22	3822
XML-1/alignment_XML1-3250-0.01-4E-5-100-8.fa	XML-1	16	3822
XML-1/alignment_XML1-3250-0.01-4E-5-100-9.fa	XML-1	22	3822
XML-1/alignment_XML1-3250-0.01-4E-5-200-1.fa	XML-1	37	3822
XML-1/alignment_XML1-3250-0.01-4E-5-200-10.fa	XML-1	32	3822
XML-1/alignment_XML1-3250-0.01-4E-5-200-11.fa	XML-1	37	3822
XML-1/alignment_XML1-3250-0.01-4E-5-200-12.fa	XML-1	32	3822
XML-1/alignment_XML1-3250-0.01-4E-5-200-13.fa	XML-1	28	3822
XML-1/alignment_XML1-3250-0.01-4E-5-200-14.fa	XML-1	18	3822
XML-1/alignment_XML1-3250-0.01-4E-5-200-15.fa	XML-1	24	3822
XML-1/alignment_XML1-3250-0.01-4E-5-200-2.fa	XML-1	30	3822
XML-1/alignment_XML1-3250-0.01-4E-5-200-3.fa	XML-1	26	3822
XML-1/alignment_XML1-3250-0.01-4E-5-200-4.fa	XML-1	27	3822
XML-1/alignment_XML1-3250-0.01-4E-5-200-5.fa	XML-1	30	3822
XML-1/alignment_XML1-3250-0.01-4E-5-200-6.fa	XML-1	30	3822
XML-1/alignment_XML1-3250-0.01-4E-5-200-7.fa	XML-1	36	3822
XML-1/alignment_XML1-3250-0.01-4E-5-200-8.fa	XML-1	39	3822
XML-1/alignment_XML1-3250-0.01-4E-5-200-9.fa	XML-1	17	3822
XML-1/alignment_XML1-3250-0.01-4E-5-50-1.fa	XML-1	11	3822
XML-1/alignment_XML1-3250-0.01-4E-5-50-10.fa	XML-1	20	3822
XML-1/alignment_XML1-3250-0.01-4E-5-50-11.fa	XML-1	9	3822
XML-1/alignment_XML1-3250-0.01-4E-5-50-12.fa	XML-1	26	3822
XML-1/alignment_XML1-3250-0.01-4E-5-50-13.fa	XML-1	22	3822
XML-1/alignment_XML1-3250-0.01-4E-5-50-14.fa	XML-1	16	3822
XML-1/alignment_XML1-3250-0.01-4E-5-50-15.fa	XML-1	15	3822
XML-1/alignment_XML1-3250-0.01-4E-5-50-2.fa	XML-1	25	3822
XML-1/alignment_XML1-3250-0.01-4E-5-50-3.fa	XML-1	20	3822
XML-1/alignment_XML1-3250-0.01-4E-5-50-4.fa	XML-1	13	3822
XML-1/alignment_XML1-3250-0.01-4E-5-50-5.fa	XML-1	17	3822
XML-1/alignment_XML1-3250-0.01-4E-5-50-6.fa	XML-1	15	3822
XML-1/alignment_XML1-3250-0.01-4E-5-50-7.fa	XML-1	16	3822
XML-1/alignment_XML1-3250-0.01-4E-5-50-8.fa	XML-1	10	3822
XML-1/alignment_XML1-3250-0.01-4E-5-50-9.fa	XML-1	9	3822
XML-1/alignment_XML1-3250-0.01-8E-5-100-1.fa	XML-1	27	3822
XML-1/alignment_XML1-3250-0.01-8E-5-100-10.fa	XML-1	24	3822
XML-1/alignment_XML1-3250-0.01-8E-5-100-11.fa	XML-1	26	3822
XML-1/alignment_XML1-3250-0.01-8E-5-100-12.fa	XML-1	28	3822
XML-1/alignment_XML1-3250-0.01-8E-5-100-13.fa	XML-1	29	3822
XML-1/alignment_XML1-3250-0.01-8E-5-100-14.fa	XML-1	14	3822
XML-1/alignment_XML1-3250-0.01-8E-5-100-15.fa	XML-1	36	3822
XML-1/alignment_XML1-3250-0.01-8E-5-100-2.fa	XML-1	33	3822
XML-1/alignment_XML1-3250-0.01-8E-5-100-3.fa	XML-1	25	3822
XML-1/alignment_XML1-3250-0.01-8E-5-100-4.fa	XML-1	30	3822
XML-1/alignment_XML1-3250-0.01-8E-5-100-5.fa	XML-1	35	3822
XML-1/alignment_XML1-3250-0.01-8E-5-100-6.fa	XML-1	18	3822
XML-1/alignment_XML1-3250-0.01-8E-5-100-7.fa	XML-1	17	3822
XML-1/alignment_XML1-3250-0.01-8E-5-100-8.fa	XML-1	22	3822
XML-1/alignment_XML1-3250-0.01-8E-5-100-9.fa	XML-1	30	3822
XML-1/alignment_XML1-3250-0.01-8E-5-200-1.fa	XML-1	44	3822
XML-1/alignment_XML1-3250-0.01-8E-5-200-10.fa	XML-1	41	3822
XML-1/alignment_XML1-3250-0.01-8E-5-200-11.fa	XML-1	46	3822
XML-1/alignment_XML1-3250-0.01-8E-5-200-12.fa	XML-1	45	3822
XML-1/alignment_XML1-3250-0.01-8E-5-200-13.fa	XML-1	49	3822
XML-1/alignment_XML1-3250-0.01-8E-5-200-14.fa	XML-1	24	3822
XML-1/alignment_XML1-3250-0.01-8E-5-200-15.fa	XML-1	21	3822
XML-1/alignment_XML1-3250-0.01-8E-5-200-2.fa	XML-1	32	3822
XML-1/alignment_XML1-3250-0.01-8E-5-200-3.fa	XML-1	32	3822
XML-1/alignment_XML1-3250-0.01-8E-5-200-4.fa	XML-1	20	3822
XML-1/alignment_XML1-3250-0.01-8E-5-200-5.fa	XML-1	24	3822
XML-1/alignment_XML1-3250-0.01-8E-5-200-6.fa	XML-1	24	3822
XML-1/alignment_XML1-3250-0.01-8E-5-200-7.fa	XML-1	41	3822
XML-1/alignment_XML1-3250-0.01-8E-5-200-8.fa	XML-1	43	3822
XML-1/alignment_XML1-3250-0.01-8E-5-200-9.fa	XML-1	29	3822
XML-1/alignment_XML1-3250-0.01-8E-5-50-1.fa	XML-1	19	3822
XML-1/alignment_XML1-3250-0.01-8E-5-50-10.fa	XML-1	28	3822
XML-1/alignment_XML1-3250-0.01-8E-5-50-11.fa	XML-1	17	3822
XML-1/alignment_XML1-3250-0.01-8E-5-50-12.fa	XML-1	19	3822
XML-1/alignment_XML1-3250-0.01-8E-5-50-13.fa	XML-1	22	3822
XML-1/alignment_XML1-3250-0.01-8E-5-50-14.fa	XML-1	21	3822
XML-1/alignment_XML1-3250-0.01-8E-5-50-15.fa	XML-1	20	3822
XML-1/alignment_XML1-3250-0.01-8E-5-50-2.fa	XML-1	11	3822
XML-1/alignment_XML1-3250-0.01-8E-5-50-3.fa	XML-1	22	3822
XML-1/alignment_XML1-3250-0.01-8E-5-50-4.fa	XML-1	12	3822
XML-1/alignment_XML1-3250-0.01-8E-5-50-5.fa	XML-1	25	3822
XML-1/alignment_XML1-3250-0.01-8E-5-50-6.fa	XML-1	18	3822
XML-1/alignment_XML1-3250-0.01-8E-5-50-7.fa	XML-1	15	3822
XML-1/alignment_XML1-3250-0.01-8E-5-50-8.fa	XML-1	15	3822
XML-1/alignment_XML1-3250-0.01-8E-5-50-9.fa	XML-1	16	3822
XML-1/alignment_XML1-3250-0.02-12E-5-100-1.fa	XML-1	50	3822
XML-1/alignment_XML1-3250-0.02-12E-5-100-10.fa	XML-1	32	3822
XML-1/alignment_XML1-3250-0.02-12E-5-100-11.fa	XML-1	54	3822
XML-1/alignment_XML1-3250-0.02-12E-5-100-12.fa	XML-1	48	3822
XML-1/alignment_XML1-3250-0.02-12E-5-100-13.fa	XML-1	49	3822
XML-1/alignment_XML1-3250-0.02-12E-5-100-14.fa	XML-1	31	3822
XML-1/alignment_XML1-3250-0.02-12E-5-100-15.fa	XML-1	36	3822
XML-1/alignment_XML1-3250-0.02-12E-5-100-2.fa	XML-1	52	3822
XML-1/alignment_XML1-3250-0.02-12E-5-100-3.fa	XML-1	53	3822
XML-1/alignment_XML1-3250-0.02-12E-5-100-4.fa	XML-1	38	3822
XML-1/alignment_XML1-3250-0.02-12E-5-100-5.fa	XML-1	53	3822
XML-1/alignment_XML1-3250-0.02-12E-5-100-6.fa	XML-1	31	3822
XML-1/alignment_XML1-3250-0.02-12E-5-100-7.fa	XML-1	53	3822
XML-1/alignment_XML1-3250-0.02-12E-5-100-8.fa	XML-1	49	3822
XML-1/alignment_XML1-3250-0.02-12E-5-100-9.fa	XML-1	52	3822
XML-1/alignment_XML1-3250-0.02-12E-5-200-1.fa	XML-1	49	3822
XML-1/alignment_XML1-3250-0.02-12E-5-200-10.fa	XML-1	62	3822
XML-1/alignment_XML1-3250-0.02-12E-5-200-11.fa	XML-1	83	3822
XML-1/alignment_XML1-3250-0.02-12E-5-200-12.fa	XML-1	62	3822
XML-1/alignment_XML1-3250-0.02-12E-5-200-13.fa	XML-1	90	3822
XML-1/alignment_XML1-3250-0.02-12E-5-200-14.fa	XML-1	76	3822
XML-1/alignment_XML1-3250-0.02-12E-5-200-15.fa	XML-1	62	3822
XML-1/alignment_XML1-3250-0.02-12E-5-200-2.fa	XML-1	54	3822
XML-1/alignment_XML1-3250-0.02-12E-5-200-3.fa	XML-1	53	3822
XML-1/alignment_XML1-3250-0.02-12E-5-200-4.fa	XML-1	60	3822
XML-1/alignment_XML1-3250-0.02-12E-5-200-5.fa	XML-1	85	3822
XML-1/alignment_XML1-3250-0.02-12E-5-200-6.fa	XML-1	64	3822
XML-1/alignment_XML1-3250-0.02-12E-5-200-7.fa	XML-1	51	3822
XML-1/alignment_XML1-3250-0.02-12E-5-200-8.fa	XML-1	64	3822
XML-1/alignment_XML1-3250-0.02-12E-5-200-9.fa	XML-1	72	3822
XML-1/alignment_XML1-3250-0.02-12E-5-50-1.fa	XML-1	30	3822
XML-1/alignment_XML1-3250-0.02-12E-5-50-10.fa	XML-1	34	3822
XML-1/alignment_XML1-3250-0.02-12E-5-50-11.fa	XML-1	25	3822
XML-1/alignment_XML1-3250-0.02-12E-5-50-12.fa	XML-1	27	3822
XML-1/alignment_XML1-3250-0.02-12E-5-50-13.fa	XML-1	33	3822
XML-1/alignment_XML1-3250-0.02-12E-5-50-14.fa	XML-1	37	3822
XML-1/alignment_XML1-3250-0.02-12E-5-50-15.fa	XML-1	32	3822
XML-1/alignment_XML1-3250-0.02-12E-5-50-2.fa	XML-1	39	3822
XML-1/alignment_XML1-3250-0.02-12E-5-50-3.fa	XML-1	29	3822
XML-1/alignment_XML1-3250-0.02-12E-5-50-4.fa	XML-1	18	3822
XML-1/alignment_XML1-3250-0.02-12E-5-50-5.fa	XML-1	37	3822
XML-1/alignment_XML1-3250-0.02-12E-5-50-6.fa	XML-1	25	3822
XML-1/alignment_XML1-3250-0.02-12E-5-50-7.fa	XML-1	36	3822
XML-1/alignment_XML1-3250-0.02-12E-5-50-8.fa	XML-1	28	3822
XML-1/alignment_XML1-3250-0.02-12E-5-50-9.fa	XML-1	28	3822
XML-1/alignment_XML1-3250-0.02-4E-5-100-1.fa	XML-1	46	3822
XML-1/alignment_XML1-3250-0.02-4E-5-100-10.fa	XML-1	60	3822
XML-1/alignment_XML1-3250-0.02-4E-5-100-11.fa	XML-1	38	3822
XML-1/alignment_XML1-3250-0.02-4E-5-100-12.fa	XML-1	38	3822
XML-1/alignment_XML1-3250-0.02-4E-5-100-13.fa	XML-1	38	3822
XML-1/alignment_XML1-3250-0.02-4E-5-100-14.fa	XML-1	26	3822
XML-1/alignment_XML1-3250-0.02-4E-5-100-15.fa	XML-1	41	3822
XML-1/alignment_XML1-3250-0.02-4E-5-100-2.fa	XML-1	37	3822
XML-1/alignment_XML1-3250-0.02-4E-5-100-3.fa	XML-1	50	3822
XML-1/alignment_XML1-3250-0.02-4E-5-100-4.fa	XML-1	50	3822
XML-1/alignment_XML1-3250-0.02-4E-5-100-5.fa	XML-1	64	3822
XML-1/alignment_XML1-3250-0.02-4E-5-100-6.fa	XML-1	40	3822
XML-1/alignment_XML1-3250-0.02-4E-5-100-7.fa	XML-1	47	3822
XML-1/alignment_XML1-3250-0.02-4E-5-100-8.fa	XML-1	45	3822
XML-1/alignment_XML1-3250-0.02-4E-5-100-9.fa	XML-1	35	3822
XML-1/alignment_XML1-3250-0.02-4E-5-200-1.fa	XML-1	56	3822
XML-1/alignment_XML1-3250-0.02-4E-5-200-10.fa	XML-1	43	3822
XML-1/alignment_XML1-3250-0.02-4E-5-200-11.fa	XML-1	42	3822
XML-1/alignment_XML1-3250-0.02-4E-5-200-12.fa	XML-1	67	3822
XML-1/alignment_XML1-3250-0.02-4E-5-200-13.fa	XML-1	42	3822
XML-1/alignment_XML1-3250-0.02-4E-5-200-14.fa	XML-1	56	3822
XML-1/alignment_XML1-3250-0.02-4E-5-200-15.fa	XML-1	66	3822
XML-1/alignment_XML1-3250-0.02-4E-5-200-2.fa	XML-1	54	3822
XML-1/alignment_XML1-3250-0.02-4E-5-200-3.fa	XML-1	52	3822
XML-1/alignment_XML1-3250-0.02-4E-5-200-4.fa	XML-1	59	3822
XML-1/alignment_XML1-3250-0.02-4E-5-200-5.fa	XML-1	49	3822
XML-1/alignment_XML1-3250-0.02-4E-5-200-6.fa	XML-1	57	3822
XML-1/alignment_XML1-3250-0.02-4E-5-200-7.fa	XML-1	51	3822
XML-1/alignment_XML1-3250-0.02-4E-5-200-8.fa	XML-1	76	3822
XML-1/alignment_XML1-3250-0.02-4E-5-200-9.fa	XML-1	63	3822
XML-1/alignment_XML1-3250-0.02-4E-5-50-1.fa	XML-1	24	3822
XML-1/alignment_XML1-3250-0.02-4E-5-50-10.fa	XML-1	22	3822
XML-1/alignment_XML1-3250-0.02-4E-5-50-11.fa	XML-1	26	3822
XML-1/alignment_XML1-3250-0.02-4E-5-50-12.fa	XML-1	23	3822
XML-1/alignment_XML1-3250-0.02-4E-5-50-13.fa	XML-1	26	3822
XML-1/alignment_XML1-3250-0.02-4E-5-50-14.fa	XML-1	16	3822
XML-1/alignment_XML1-3250-0.02-4E-5-50-15.fa	XML-1	23	3822
XML-1/alignment_XML1-3250-0.02-4E-5-50-2.fa	XML-1	41	3822
XML-1/alignment_XML1-3250-0.02-4E-5-50-3.fa	XML-1	24	3822
XML-1/alignment_XML1-3250-0.02-4E-5-50-4.fa	XML-1	34	3822
XML-1/alignment_XML1-3250-0.02-4E-5-50-5.fa	XML-1	28	3822
XML-1/alignment_XML1-3250-0.02-4E-5-50-6.fa	XML-1	36	3822
XML-1/alignment_XML1-3250-0.02-4E-5-50-7.fa	XML-1	17	3822
XML-1/alignment_XML1-3250-0.02-4E-5-50-8.fa	XML-1	24	3822
XML-1/alignment_XML1-3250-0.02-4E-5-50-9.fa	XML-1	22	3822
XML-1/alignment_XML1-3250-0.02-8E-5-100-1.fa	XML-1	48	3822
XML-1/alignment_XML1-3250-0.02-8E-5-100-10.fa	XML-1	56	3822
XML-1/alignment_XML1-3250-0.02-8E-5-100-11.fa	XML-1	32	3822
XML-1/alignment_XML1-3250-0.02-8E-5-100-12.fa	XML-1	49	3822
XML-1/alignment_XML1-3250-0.02-8E-5-100-13.fa	XML-1	40	3822
XML-1/alignment_XML1-3250-0.02-8E-5-100-14.fa	XML-1	46	3822
XML-1/alignment_XML1-3250-0.02-8E-5-100-15.fa	XML-1	43	3822
XML-1/alignment_XML1-3250-0.02-8E-5-100-2.fa	XML-1	46	3822
XML-1/alignment_XML1-3250-0.02-8E-5-100-3.fa	XML-1	38	3822
XML-1/alignment_XML1-3250-0.02-8E-5-100-4.fa	XML-1	51	3822
XML-1/alignment_XML1-3250-0.02-8E-5-100-5.fa	XML-1	33	3822
XML-1/alignment_XML1-3250-0.02-8E-5-100-6.fa	XML-1	44	3822
XML-1/alignment_XML1-3250-0.02-8E-5-100-7.fa	XML-1	48	3822
XML-1/alignment_XML1-3250-0.02-8E-5-100-8.fa	XML-1	54	3822
XML-1/alignment_XML1-3250-0.02-8E-5-100-9.fa	XML-1	53	3822
XML-1/alignment_XML1-3250-0.02-8E-5-200-1.fa	XML-1	61	3822
XML-1/alignment_XML1-3250-0.02-8E-5-200-10.fa	XML-1	61	3822
XML-1/alignment_XML1-3250-0.02-8E-5-200-11.fa	XML-1	72	3822
XML-1/alignment_XML1-3250-0.02-8E-5-200-12.fa	XML-1	59	3822
XML-1/alignment_XML1-3250-0.02-8E-5-200-13.fa	XML-1	71	3822
XML-1/alignment_XML1-3250-0.02-8E-5-200-14.fa	XML-1	63	3822
XML-1/alignment_XML1-3250-0.02-8E-5-200-15.fa	XML-1	64	3822
XML-1/alignment_XML1-3250-0.02-8E-5-200-2.fa	XML-1	53	3822
XML-1/alignment_XML1-3250-0.02-8E-5-200-3.fa	XML-1	67	3822
XML-1/alignment_XML1-3250-0.02-8E-5-200-4.fa	XML-1	72	3822
XML-1/alignment_XML1-3250-0.02-8E-5-200-5.fa	XML-1	55	3822
XML-1/alignment_XML1-3250-0.02-8E-5-200-6.fa	XML-1	67	3822
XML-1/alignment_XML1-3250-0.02-8E-5-200-7.fa	XML-1	59	3822
XML-1/alignment_XML1-3250-0.02-8E-5-200-8.fa	XML-1	51	3822
XML-1/alignment_XML1-3250-0.02-8E-5-200-9.fa	XML-1	57	3822
XML-1/alignment_XML1-3250-0.02-8E-5-50-1.fa	XML-1	26	3822
XML-1/alignment_XML1-3250-0.02-8E-5-50-10.fa	XML-1	20	3822
XML-1/alignment_XML1-3250-0.02-8E-5-50-11.fa	XML-1	36	3822
XML-1/alignment_XML1-3250-0.02-8E-5-50-12.fa	XML-1	34	3822
XML-1/alignment_XML1-3250-0.02-8E-5-50-13.fa	XML-1	24	3822
XML-1/alignment_XML1-3250-0.02-8E-5-50-14.fa	XML-1	32	3822
XML-1/alignment_XML1-3250-0.02-8E-5-50-15.fa	XML-1	21	3822
XML-1/alignment_XML1-3250-0.02-8E-5-50-2.fa	XML-1	25	3822
XML-1/alignment_XML1-3250-0.02-8E-5-50-3.fa	XML-1	30	3822
XML-1/alignment_XML1-3250-0.02-8E-5-50-4.fa	XML-1	32	3822
XML-1/alignment_XML1-3250-0.02-8E-5-50-5.fa	XML-1	30	3822
XML-1/alignment_XML1-3250-0.02-8E-5-50-6.fa	XML-1	31	3822
XML-1/alignment_XML1-3250-0.02-8E-5-50-7.fa	XML-1	36	3822
XML-1/alignment_XML1-3250-0.02-8E-5-50-8.fa	XML-1	30	3822
XML-1/alignment_XML1-3250-0.02-8E-5-50-9.fa	XML-1	34	3822
XML-1/alignment_XML1-4000-0.005-12E-5-100-1.fa	XML-1	20	3822
XML-1/alignment_XML1-4000-0.005-12E-5-100-10.fa	XML-1	14	3822
XML-1/alignment_XML1-4000-0.005-12E-5-100-11.fa	XML-1	14	3822
XML-1/alignment_XML1-4000-0.005-12E-5-100-12.fa	XML-1	12	3822
XML-1/alignment_XML1-4000-0.005-12E-5-100-13.fa	XML-1	16	3822
XML-1/alignment_XML1-4000-0.005-12E-5-100-14.fa	XML-1	14	3822
XML-1/alignment_XML1-4000-0.005-12E-5-100-15.fa	XML-1	15	3822
XML-1/alignment_XML1-4000-0.005-12E-5-100-2.fa	XML-1	13	3822
XML-1/alignment_XML1-4000-0.005-12E-5-100-3.fa	XML-1	12	3822
XML-1/alignment_XML1-4000-0.005-12E-5-100-4.fa	XML-1	16	3822
XML-1/alignment_XML1-4000-0.005-12E-5-100-5.fa	XML-1	9	3822
XML-1/alignment_XML1-4000-0.005-12E-5-100-6.fa	XML-1	5	3822
XML-1/alignment_XML1-4000-0.005-12E-5-100-7.fa	XML-1	11	3822
XML-1/alignment_XML1-4000-0.005-12E-5-100-8.fa	XML-1	14	3822
XML-1/alignment_XML1-4000-0.005-12E-5-100-9.fa	XML-1	11	3822
XML-1/alignment_XML1-4000-0.005-12E-5-200-1.fa	XML-1	15	3822
XML-1/alignment_XML1-4000-0.005-12E-5-200-10.fa	XML-1	23	3822
XML-1/alignment_XML1-4000-0.005-12E-5-200-11.fa	XML-1	10	3822
XML-1/alignment_XML1-4000-0.005-12E-5-200-12.fa	XML-1	13	3822
XML-1/alignment_XML1-4000-0.005-12E-5-200-13.fa	XML-1	17	3822
XML-1/alignment_XML1-4000-0.005-12E-5-200-14.fa	XML-1	20	3822
XML-1/alignment_XML1-4000-0.005-12E-5-200-15.fa	XML-1	16	3822
XML-1/alignment_XML1-4000-0.005-12E-5-200-2.fa	XML-1	22	3822
XML-1/alignment_XML1-4000-0.005-12E-5-200-3.fa	XML-1	15	3822
XML-1/alignment_XML1-4000-0.005-12E-5-200-4.fa	XML-1	16	3822
XML-1/alignment_XML1-4000-0.005-12E-5-200-5.fa	XML-1	23	3822
XML-1/alignment_XML1-4000-0.005-12E-5-200-6.fa	XML-1	15	3822
XML-1/alignment_XML1-4000-0.005-12E-5-200-7.fa	XML-1	13	3822
XML-1/alignment_XML1-4000-0.005-12E-5-200-8.fa	XML-1	23	3822
XML-1/alignment_XML1-4000-0.005-12E-5-200-9.fa	XML-1	16	3822
XML-1/alignment_XML1-4000-0.005-12E-5-50-1.fa	XML-1	11	3822
XML-1/alignment_XML1-4000-0.005-12E-5-50-10.fa	XML-1	7	3822
XML-1/alignment_XML1-4000-0.005-12E-5-50-11.fa	XML-1	5	3822
XML-1/alignment_XML1-4000-0.005-12E-5-50-12.fa	XML-1	14	3822
XML-1/alignment_XML1-4000-0.005-12E-5-50-13.fa	XML-1	6	3822
XML-1/alignment_XML1-4000-0.005-12E-5-50-14.fa	XML-1	11	3822
XML-1/alignment_XML1-4000-0.005-12E-5-50-15.fa	XML-1	8	3822
XML-1/alignment_XML1-4000-0.005-12E-5-50-2.fa	XML-1	17	3822
XML-1/alignment_XML1-4000-0.005-12E-5-50-3.fa	XML-1	13	3822
XML-1/alignment_XML1-4000-0.005-12E-5-50-4.fa	XML-1	13	3822
XML-1/alignment_XML1-4000-0.005-12E-5-50-5.fa	XML-1	1	2505
XML-1/alignment_XML1-4000-0.005-12E-5-50-6.fa	XML-1	7	3822
XML-1/alignment_XML1-4000-0.005-12E-5-50-7.fa	XML-1	10	3822
XML-1/alignment_XML1-4000-0.005-12E-5-50-8.fa	XML-1	12	3822
XML-1/alignment_XML1-4000-0.005-12E-5-50-9.fa	XML-1	10	3822
XML-1/alignment_XML1-4000-0.005-4E-5-100-1.fa	XML-1	6	3822
XML-1/alignment_XML1-4000-0.005-4E-5-100-10.fa	XML-1	9	3822
XML-1/alignment_XML1-4000-0.005-4E-5-100-11.fa	XML-1	16	3822
XML-1/alignment_XML1-4000-0.005-4E-5-100-12.fa	XML-1	20	3822
XML-1/alignment_XML1-4000-0.005-4E-5-100-13.fa	XML-1	11	3822
XML-1/alignment_XML1-4000-0.005-4E-5-100-14.fa	XML-1	12	3822
XML-1/alignment_XML1-4000-0.005-4E-5-100-15.fa	XML-1	10	3309
XML-1/alignment_XML1-4000-0.005-4E-5-100-2.fa	XML-1	12	3822
XML-1/alignment_XML1-4000-0.005-4E-5-100-3.fa	XML-1	8	3822
XML-1/alignment_XML1-4000-0.005-4E-5-100-4.fa	XML-1	11	3822
XML-1/alignment_XML1-4000-0.005-4E-5-100-5.fa	XML-1	10	3822
XML-1/alignment_XML1-4000-0.005-4E-5-100-6.fa	XML-1	11	3822
XML-1/alignment_XML1-4000-0.005-4E-5-100-7.fa	XML-1	15	3822
XML-1/alignment_XML1-4000-0.005-4E-5-100-8.fa	XML-1	13	3822
XML-1/alignment_XML1-4000-0.005-4E-5-100-9.fa	XML-1	3	3822
XML-1/alignment_XML1-4000-0.005-4E-5-200-1.fa	XML-1	14	3822
XML-1/alignment_XML1-4000-0.005-4E-5-200-10.fa	XML-1	17	3822
XML-1/alignment_XML1-4000-0.005-4E-5-200-11.fa	XML-1	13	3822
XML-1/alignment_XML1-4000-0.005-4E-5-200-12.fa	XML-1	11	3822
XML-1/alignment_XML1-4000-0.005-4E-5-200-13.fa	XML-1	23	3822
XML-1/alignment_XML1-4000-0.005-4E-5-200-14.fa	XML-1	13	3822
XML-1/alignment_XML1-4000-0.005-4E-5-200-15.fa	XML-1	14	3822
XML-1/alignment_XML1-4000-0.005-4E-5-200-2.fa	XML-1	26	3822
XML-1/alignment_XML1-4000-0.005-4E-5-200-3.fa	XML-1	17	3822
XML-1/alignment_XML1-4000-0.005-4E-5-200-4.fa	XML-1	20	3822
XML-1/alignment_XML1-4000-0.005-4E-5-200-5.fa	XML-1	16	3432
XML-1/alignment_XML1-4000-0.005-4E-5-200-6.fa	XML-1	25	3822
XML-1/alignment_XML1-4000-0.005-4E-5-200-7.fa	XML-1	15	3822
XML-1/alignment_XML1-4000-0.005-4E-5-200-8.fa	XML-1	18	3822
XML-1/alignment_XML1-4000-0.005-4E-5-200-9.fa	XML-1	18	3822
XML-1/alignment_XML1-4000-0.005-4E-5-50-1.fa	XML-1	8	3822
XML-1/alignment_XML1-4000-0.005-4E-5-50-10.fa	XML-1	6	3822
XML-1/alignment_XML1-4000-0.005-4E-5-50-11.fa	XML-1	9	3822
XML-1/alignment_XML1-4000-0.005-4E-5-50-12.fa	XML-1	8	3648
XML-1/alignment_XML1-4000-0.005-4E-5-50-13.fa	XML-1	7	3822
XML-1/alignment_XML1-4000-0.005-4E-5-50-14.fa	XML-1	7	3822
XML-1/alignment_XML1-4000-0.005-4E-5-50-15.fa	XML-1	10	3084
XML-1/alignment_XML1-4000-0.005-4E-5-50-2.fa	XML-1	8	3822
XML-1/alignment_XML1-4000-0.005-4E-5-50-3.fa	XML-1	17	3822
XML-1/alignment_XML1-4000-0.005-4E-5-50-4.fa	XML-1	6	3594
XML-1/alignment_XML1-4000-0.005-4E-5-50-5.fa	XML-1	14	3822
XML-1/alignment_XML1-4000-0.005-4E-5-50-6.fa	XML-1	14	3822
XML-1/alignment_XML1-4000-0.005-4E-5-50-7.fa	XML-1	12	3822
XML-1/alignment_XML1-4000-0.005-4E-5-50-8.fa	XML-1	14	3822
XML-1/alignment_XML1-4000-0.005-4E-5-50-9.fa	XML-1	6	3300
XML-1/alignment_XML1-4000-0.005-8E-5-100-1.fa	XML-1	11	3822
XML-1/alignment_XML1-4000-0.005-8E-5-100-10.fa	XML-1	18	3822
XML-1/alignment_XML1-4000-0.005-8E-5-100-11.fa	XML-1	9	3822
XML-1/alignment_XML1-4000-0.005-8E-5-100-12.fa	XML-1	13	3822
XML-1/alignment_XML1-4000-0.005-8E-5-100-13.fa	XML-1	12	3822
XML-1/alignment_XML1-4000-0.005-8E-5-100-14.fa	XML-1	13	3822
XML-1/alignment_XML1-4000-0.005-8E-5-100-15.fa	XML-1	15	3822
XML-1/alignment_XML1-4000-0.005-8E-5-100-2.fa	XML-1	7	3822
XML-1/alignment_XML1-4000-0.005-8E-5-100-3.fa	XML-1	12	3822
XML-1/alignment_XML1-4000-0.005-8E-5-100-4.fa	XML-1	17	3822
XML-1/alignment_XML1-4000-0.005-8E-5-100-5.fa	XML-1	19	3822
XML-1/alignment_XML1-4000-0.005-8E-5-100-6.fa	XML-1	11	3822
XML-1/alignment_XML1-4000-0.005-8E-5-100-7.fa	XML-1	9	3822
XML-1/alignment_XML1-4000-0.005-8E-5-100-8.fa	XML-1	14	3822
XML-1/alignment_XML1-4000-0.005-8E-5-100-9.fa	XML-1	10	3822
XML-1/alignment_XML1-4000-0.005-8E-5-200-1.fa	XML-1	13	3822
XML-1/alignment_XML1-4000-0.005-8E-5-200-10.fa	XML-1	13	3822
XML-1/alignment_XML1-4000-0.005-8E-5-200-11.fa	XML-1	13	3822
XML-1/alignment_XML1-4000-0.005-8E-5-200-12.fa	XML-1	19	3822
XML-1/alignment_XML1-4000-0.005-8E-5-200-13.fa	XML-1	15	3822
XML-1/alignment_XML1-4000-0.005-8E-5-200-14.fa	XML-1	17	3822
XML-1/alignment_XML1-4000-0.005-8E-5-200-15.fa	XML-1	14	3822
XML-1/alignment_XML1-4000-0.005-8E-5-200-2.fa	XML-1	18	3822
XML-1/alignment_XML1-4000-0.005-8E-5-200-3.fa	XML-1	18	3822
XML-1/alignment_XML1-4000-0.005-8E-5-200-4.fa	XML-1	21	3822
XML-1/alignment_XML1-4000-0.005-8E-5-200-5.fa	XML-1	13	3822
XML-1/alignment_XML1-4000-0.005-8E-5-200-6.fa	XML-1	24	3822
XML-1/alignment_XML1-4000-0.005-8E-5-200-7.fa	XML-1	29	3822
XML-1/alignment_XML1-4000-0.005-8E-5-200-8.fa	XML-1	21	3822
XML-1/alignment_XML1-4000-0.005-8E-5-200-9.fa	XML-1	18	3822
XML-1/alignment_XML1-4000-0.005-8E-5-50-1.fa	XML-1	12	3822
XML-1/alignment_XML1-4000-0.005-8E-5-50-10.fa	XML-1	5	3822
XML-1/alignment_XML1-4000-0.005-8E-5-50-11.fa	XML-1	15	3822
XML-1/alignment_XML1-4000-0.005-8E-5-50-12.fa	XML-1	9	3822
XML-1/alignment_XML1-4000-0.005-8E-5-50-13.fa	XML-1	14	3822
XML-1/alignment_XML1-4000-0.005-8E-5-50-14.fa	XML-1	10	3822
XML-1/alignment_XML1-4000-0.005-8E-5-50-15.fa	XML-1	24	3822
XML-1/alignment_XML1-4000-0.005-8E-5-50-2.fa	XML-1	5	3822
XML-1/alignment_XML1-4000-0.005-8E-5-50-3.fa	XML-1	8	3822
XML-1/alignment_XML1-4000-0.005-8E-5-50-4.fa	XML-1	11	3822
XML-1/alignment_XML1-4000-0.005-8E-5-50-5.fa	XML-1	8	3822
XML-1/alignment_XML1-4000-0.005-8E-5-50-6.fa	XML-1	10	3822
XML-1/alignment_XML1-4000-0.005-8E-5-50-7.fa	XML-1	6	3822
XML-1/alignment_XML1-4000-0.005-8E-5-50-8.fa	XML-1	10	3771
XML-1/alignment_XML1-4000-0.005-8E-5-50-9.fa	XML-1	12	3822
XML-1/alignment_XML1-4000-0.01-12E-5-100-1.fa	XML-1	21	3822
XML-1/alignment_XML1-4000-0.01-12E-5-100-10.fa	XML-1	23	3822
XML-1/alignment_XML1-4000-0.01-12E-5-100-11.fa	XML-1	21	3822
XML-1/alignment_XML1-4000-0.01-12E-5-100-12.fa	XML-1	16	3822
XML-1/alignment_XML1-4000-0.01-12E-5-100-13.fa	XML-1	17	3822
XML-1/alignment_XML1-4000-0.01-12E-5-100-14.fa	XML-1	25	3822
XML-1/alignment_XML1-4000-0.01-12E-5-100-15.fa	XML-1	18	3822
XML-1/alignment_XML1-4000-0.01-12E-5-100-2.fa	XML-1	18	3822
XML-1/alignment_XML1-4000-0.01-12E-5-100-3.fa	XML-1	29	3822
XML-1/alignment_XML1-4000-0.01-12E-5-100-4.fa	XML-1	26	3822
XML-1/alignment_XML1-4000-0.01-12E-5-100-5.fa	XML-1	23	3822
XML-1/alignment_XML1-4000-0.01-12E-5-100-6.fa	XML-1	30	3822
XML-1/alignment_XML1-4000-0.01-12E-5-100-7.fa	XML-1	33	3822
XML-1/alignment_XML1-4000-0.01-12E-5-100-8.fa	XML-1	25	3822
XML-1/alignment_XML1-4000-0.01-12E-5-100-9.fa	XML-1	22	3822
XML-1/alignment_XML1-4000-0.01-12E-5-200-1.fa	XML-1	36	3822
XML-1/alignment_XML1-4000-0.01-12E-5-200-10.fa	XML-1	26	3822
XML-1/alignment_XML1-4000-0.01-12E-5-200-11.fa	XML-1	38	3822
XML-1/alignment_XML1-4000-0.01-12E-5-200-12.fa	XML-1	52	3822
XML-1/alignment_XML1-4000-0.01-12E-5-200-13.fa	XML-1	27	3822
XML-1/alignment_XML1-4000-0.01-12E-5-200-14.fa	XML-1	32	3822
XML-1/alignment_XML1-4000-0.01-12E-5-200-15.fa	XML-1	27	3822
XML-1/alignment_XML1-4000-0.01-12E-5-200-2.fa	XML-1	39	3822
XML-1/alignment_XML1-4000-0.01-12E-5-200-3.fa	XML-1	22	3822
XML-1/alignment_XML1-4000-0.01-12E-5-200-4.fa	XML-1	31	3822
XML-1/alignment_XML1-4000-0.01-12E-5-200-5.fa	XML-1	38	3822
XML-1/alignment_XML1-4000-0.01-12E-5-200-6.fa	XML-1	35	3822
XML-1/alignment_XML1-4000-0.01-12E-5-200-7.fa	XML-1	37	3822
XML-1/alignment_XML1-4000-0.01-12E-5-200-8.fa	XML-1	38	3822
XML-1/alignment_XML1-4000-0.01-12E-5-200-9.fa	XML-1	43	3822
XML-1/alignment_XML1-4000-0.01-12E-5-50-1.fa	XML-1	23	3822
XML-1/alignment_XML1-4000-0.01-12E-5-50-10.fa	XML-1	15	3822
XML-1/alignment_XML1-4000-0.01-12E-5-50-11.fa	XML-1	12	3822
XML-1/alignment_XML1-4000-0.01-12E-5-50-12.fa	XML-1	12	3822
XML-1/alignment_XML1-4000-0.01-12E-5-50-13.fa	XML-1	14	3822
XML-1/alignment_XML1-4000-0.01-12E-5-50-14.fa	XML-1	12	3822
XML-1/alignment_XML1-4000-0.01-12E-5-50-15.fa	XML-1	22	3822
XML-1/alignment_XML1-4000-0.01-12E-5-50-2.fa	XML-1	20	3822
XML-1/alignment_XML1-4000-0.01-12E-5-50-3.fa	XML-1	19	3822
XML-1/alignment_XML1-4000-0.01-12E-5-50-4.fa	XML-1	25	3822
XML-1/alignment_XML1-4000-0.01-12E-5-50-5.fa	XML-1	22	3822
XML-1/alignment_XML1-4000-0.01-12E-5-50-6.fa	XML-1	17	3822
XML-1/alignment_XML1-4000-0.01-12E-5-50-7.fa	XML-1	21	3822
XML-1/alignment_XML1-4000-0.01-12E-5-50-8.fa	XML-1	21	3822
XML-1/alignment_XML1-4000-0.01-12E-5-50-9.fa	XML-1	13	3822
XML-1/alignment_XML1-4000-0.01-4E-5-100-1.fa	XML-1	24	3822
XML-1/alignment_XML1-4000-0.01-4E-5-100-10.fa	XML-1	30	3822
XML-1/alignment_XML1-4000-0.01-4E-5-100-11.fa	XML-1	33	3822
XML-1/alignment_XML1-4000-0.01-4E-5-100-12.fa	XML-1	22	3822
XML-1/alignment_XML1-4000-0.01-4E-5-100-13.fa	XML-1	11	3822
XML-1/alignment_XML1-4000-0.01-4E-5-100-14.fa	XML-1	21	3822
XML-1/alignment_XML1-4000-0.01-4E-5-100-15.fa	XML-1	29	3822
XML-1/alignment_XML1-4000-0.01-4E-5-100-2.fa	XML-1	19	3822
XML-1/alignment_XML1-4000-0.01-4E-5-100-3.fa	XML-1	25	3822
XML-1/alignment_XML1-4000-0.01-4E-5-100-4.fa	XML-1	25	3822
XML-1/alignment_XML1-4000-0.01-4E-5-100-5.fa	XML-1	20	3822
XML-1/alignment_XML1-4000-0.01-4E-5-100-6.fa	XML-1	21	3822
XML-1/alignment_XML1-4000-0.01-4E-5-100-7.fa	XML-1	28	3822
XML-1/alignment_XML1-4000-0.01-4E-5-100-8.fa	XML-1	22	3822
XML-1/alignment_XML1-4000-0.01-4E-5-100-9.fa	XML-1	25	3822
XML-1/alignment_XML1-4000-0.01-4E-5-200-1.fa	XML-1	32	3822
XML-1/alignment_XML1-4000-0.01-4E-5-200-10.fa	XML-1	36	3822
XML-1/alignment_XML1-4000-0.01-4E-5-200-11.fa	XML-1	45	3822
XML-1/alignment_XML1-4000-0.01-4E-5-200-12.fa	XML-1	43	3822
XML-1/alignment_XML1-4000-0.01-4E-5-200-13.fa	XML-1	26	3822
XML-1/alignment_XML1-4000-0.01-4E-5-200-14.fa	XML-1	36	3822
XML-1/alignment_XML1-4000-0.01-4E-5-200-15.fa	XML-1	28	3822
XML-1/alignment_XML1-4000-0.01-4E-5-200-2.fa	XML-1	34	3822
XML-1/alignment_XML1-4000-0.01-4E-5-200-3.fa	XML-1	40	3822
XML-1/alignment_XML1-4000-0.01-4E-5-200-4.fa	XML-1	37	3822
XML-1/alignment_XML1-4000-0.01-4E-5-200-5.fa	XML-1	32	3822
XML-1/alignment_XML1-4000-0.01-4E-5-200-6.fa	XML-1	28	3822
XML-1/alignment_XML1-4000-0.01-4E-5-200-7.fa	XML-1	22	3822
XML-1/alignment_XML1-4000-0.01-4E-5-200-8.fa	XML-1	27	3822
XML-1/alignment_XML1-4000-0.01-4E-5-200-9.fa	XML-1	38	3822
XML-1/alignment_XML1-4000-0.01-4E-5-50-1.fa	XML-1	27	3822
XML-1/alignment_XML1-4000-0.01-4E-5-50-10.fa	XML-1	14	3822
XML-1/alignment_XML1-4000-0.01-4E-5-50-11.fa	XML-1	9	3822
XML-1/alignment_XML1-4000-0.01-4E-5-50-12.fa	XML-1	28	3822
XML-1/alignment_XML1-4000-0.01-4E-5-50-13.fa	XML-1	14	3822
XML-1/alignment_XML1-4000-0.01-4E-5-50-14.fa	XML-1	13	3822
XML-1/alignment_XML1-4000-0.01-4E-5-50-15.fa	XML-1	12	3822
XML-1/alignment_XML1-4000-0.01-4E-5-50-2.fa	XML-1	21	3822
XML-1/alignment_XML1-4000-0.01-4E-5-50-3.fa	XML-1	15	3822
XML-1/alignment_XML1-4000-0.01-4E-5-50-4.fa	XML-1	21	3822
XML-1/alignment_XML1-4000-0.01-4E-5-50-5.fa	XML-1	18	3822
XML-1/alignment_XML1-4000-0.01-4E-5-50-6.fa	XML-1	17	3822
XML-1/alignment_XML1-4000-0.01-4E-5-50-7.fa	XML-1	20	3822
XML-1/alignment_XML1-4000-0.01-4E-5-50-8.fa	XML-1	15	3822
XML-1/alignment_XML1-4000-0.01-4E-5-50-9.fa	XML-1	14	3822
XML-1/alignment_XML1-4000-0.01-8E-5-100-1.fa	XML-1	17	3822
XML-1/alignment_XML1-4000-0.01-8E-5-100-10.fa	XML-1	35	3822
XML-1/alignment_XML1-4000-0.01-8E-5-100-11.fa	XML-1	27	3822
XML-1/alignment_XML1-4000-0.01-8E-5-100-12.fa	XML-1	35	3822
XML-1/alignment_XML1-4000-0.01-8E-5-100-13.fa	XML-1	38	3822
XML-1/alignment_XML1-4000-0.01-8E-5-100-14.fa	XML-1	20	3822
XML-1/alignment_XML1-4000-0.01-8E-5-100-15.fa	XML-1	26	3822
XML-1/alignment_XML1-4000-0.01-8E-5-100-2.fa	XML-1	20	3822
XML-1/alignment_XML1-4000-0.01-8E-5-100-3.fa	XML-1	32	3822
XML-1/alignment_XML1-4000-0.01-8E-5-100-4.fa	XML-1	18	3822
XML-1/alignment_XML1-4000-0.01-8E-5-100-5.fa	XML-1	15	3822
XML-1/alignment_XML1-4000-0.01-8E-5-100-6.fa	XML-1	45	3822
XML-1/alignment_XML1-4000-0.01-8E-5-100-7.fa	XML-1	26	3822
XML-1/alignment_XML1-4000-0.01-8E-5-100-8.fa	XML-1	20	3822
XML-1/alignment_XML1-4000-0.01-8E-5-100-9.fa	XML-1	17	3822
XML-1/alignment_XML1-4000-0.01-8E-5-200-1.fa	XML-1	30	3822
XML-1/alignment_XML1-4000-0.01-8E-5-200-10.fa	XML-1	30	3822
XML-1/alignment_XML1-4000-0.01-8E-5-200-11.fa	XML-1	29	3822
XML-1/alignment_XML1-4000-0.01-8E-5-200-12.fa	XML-1	38	3822
XML-1/alignment_XML1-4000-0.01-8E-5-200-13.fa	XML-1	39	3822
XML-1/alignment_XML1-4000-0.01-8E-5-200-14.fa	XML-1	36	3822
XML-1/alignment_XML1-4000-0.01-8E-5-200-15.fa	XML-1	25	3822
XML-1/alignment_XML1-4000-0.01-8E-5-200-2.fa	XML-1	39	3822
XML-1/alignment_XML1-4000-0.01-8E-5-200-3.fa	XML-1	49	3822
XML-1/alignment_XML1-4000-0.01-8E-5-200-4.fa	XML-1	47	3822
XML-1/alignment_XML1-4000-0.01-8E-5-200-5.fa	XML-1	39	3822
XML-1/alignment_XML1-4000-0.01-8E-5-200-6.fa	XML-1	37	3822
XML-1/alignment_XML1-4000-0.01-8E-5-200-7.fa	XML-1	39	3822
XML-1/alignment_XML1-4000-0.01-8E-5-200-8.fa	XML-1	41	3822
XML-1/alignment_XML1-4000-0.01-8E-5-200-9.fa	XML-1	26	3822
XML-1/alignment_XML1-4000-0.01-8E-5-50-1.fa	XML-1	19	3822
XML-1/alignment_XML1-4000-0.01-8E-5-50-10.fa	XML-1	13	3822
XML-1/alignment_XML1-4000-0.01-8E-5-50-11.fa	XML-1	22	3822
XML-1/alignment_XML1-4000-0.01-8E-5-50-12.fa	XML-1	19	3822
XML-1/alignment_XML1-4000-0.01-8E-5-50-13.fa	XML-1	16	3822
XML-1/alignment_XML1-4000-0.01-8E-5-50-14.fa	XML-1	17	3822
XML-1/alignment_XML1-4000-0.01-8E-5-50-15.fa	XML-1	25	3822
XML-1/alignment_XML1-4000-0.01-8E-5-50-2.fa	XML-1	16	3822
XML-1/alignment_XML1-4000-0.01-8E-5-50-3.fa	XML-1	18	3822
XML-1/alignment_XML1-4000-0.01-8E-5-50-4.fa	XML-1	15	3822
XML-1/alignment_XML1-4000-0.01-8E-5-50-5.fa	XML-1	13	3822
XML-1/alignment_XML1-4000-0.01-8E-5-50-6.fa	XML-1	13	3822
XML-1/alignment_XML1-4000-0.01-8E-5-50-7.fa	XML-1	13	3822
XML-1/alignment_XML1-4000-0.01-8E-5-50-8.fa	XML-1	19	3822
XML-1/alignment_XML1-4000-0.01-8E-5-50-9.fa	XML-1	13	3822
XML-1/alignment_XML1-4000-0.02-12E-5-100-1.fa	XML-1	44	3822
XML-1/alignment_XML1-4000-0.02-12E-5-100-10.fa	XML-1	37	3822
XML-1/alignment_XML1-4000-0.02-12E-5-100-11.fa	XML-1	42	3822
XML-1/alignment_XML1-4000-0.02-12E-5-100-12.fa	XML-1	36	3822
XML-1/alignment_XML1-4000-0.02-12E-5-100-13.fa	XML-1	51	3822
XML-1/alignment_XML1-4000-0.02-12E-5-100-14.fa	XML-1	43	3822
XML-1/alignment_XML1-4000-0.02-12E-5-100-15.fa	XML-1	50	3822
XML-1/alignment_XML1-4000-0.02-12E-5-100-2.fa	XML-1	33	3822
XML-1/alignment_XML1-4000-0.02-12E-5-100-3.fa	XML-1	44	3822
XML-1/alignment_XML1-4000-0.02-12E-5-100-4.fa	XML-1	48	3822
XML-1/alignment_XML1-4000-0.02-12E-5-100-5.fa	XML-1	60	3822
XML-1/alignment_XML1-4000-0.02-12E-5-100-6.fa	XML-1	41	3822
XML-1/alignment_XML1-4000-0.02-12E-5-100-7.fa	XML-1	50	3822
XML-1/alignment_XML1-4000-0.02-12E-5-100-8.fa	XML-1	31	3822
XML-1/alignment_XML1-4000-0.02-12E-5-100-9.fa	XML-1	39	3822
XML-1/alignment_XML1-4000-0.02-12E-5-200-1.fa	XML-1	65	3822
XML-1/alignment_XML1-4000-0.02-12E-5-200-10.fa	XML-1	65	3822
XML-1/alignment_XML1-4000-0.02-12E-5-200-11.fa	XML-1	58	3822
XML-1/alignment_XML1-4000-0.02-12E-5-200-12.fa	XML-1	73	3822
XML-1/alignment_XML1-4000-0.02-12E-5-200-13.fa	XML-1	49	3822
XML-1/alignment_XML1-4000-0.02-12E-5-200-14.fa	XML-1	78	3822
XML-1/alignment_XML1-4000-0.02-12E-5-200-15.fa	XML-1	62	3822
XML-1/alignment_XML1-4000-0.02-12E-5-200-2.fa	XML-1	81	3822
XML-1/alignment_XML1-4000-0.02-12E-5-200-3.fa	XML-1	73	3822
XML-1/alignment_XML1-4000-0.02-12E-5-200-4.fa	XML-1	74	3822
XML-1/alignment_XML1-4000-0.02-12E-5-200-5.fa	XML-1	91	3822
XML-1/alignment_XML1-4000-0.02-12E-5-200-6.fa	XML-1	54	3822
XML-1/alignment_XML1-4000-0.02-12E-5-200-7.fa	XML-1	71	3822
XML-1/alignment_XML1-4000-0.02-12E-5-200-8.fa	XML-1	65	3822
XML-1/alignment_XML1-4000-0.02-12E-5-200-9.fa	XML-1	55	3822
XML-1/alignment_XML1-4000-0.02-12E-5-50-1.fa	XML-1	42	3822
XML-1/alignment_XML1-4000-0.02-12E-5-50-10.fa	XML-1	28	3822
XML-1/alignment_XML1-4000-0.02-12E-5-50-11.fa	XML-1	30	3822
XML-1/alignment_XML1-4000-0.02-12E-5-50-12.fa	XML-1	24	3822
XML-1/alignment_XML1-4000-0.02-12E-5-50-13.fa	XML-1	41	3822
XML-1/alignment_XML1-4000-0.02-12E-5-50-14.fa	XML-1	33	3822
XML-1/alignment_XML1-4000-0.02-12E-5-50-15.fa	XML-1	19	3822
XML-1/alignment_XML1-4000-0.02-12E-5-50-2.fa	XML-1	22	3822
XML-1/alignment_XML1-4000-0.02-12E-5-50-3.fa	XML-1	24	3822
XML-1/alignment_XML1-4000-0.02-12E-5-50-4.fa	XML-1	29	3822
XML-1/alignment_XML1-4000-0.02-12E-5-50-5.fa	XML-1	21	3822
XML-1/alignment_XML1-4000-0.02-12E-5-50-6.fa	XML-1	22	3822
XML-1/alignment_XML1-4000-0.02-12E-5-50-7.fa	XML-1	30	3822
XML-1/alignment_XML1-4000-0.02-12E-5-50-8.fa	XML-1	38	3822
XML-1/alignment_XML1-4000-0.02-12E-5-50-9.fa	XML-1	35	3822
XML-1/alignment_XML1-4000-0.02-4E-5-100-1.fa	XML-1	40	3822
XML-1/alignment_XML1-4000-0.02-4E-5-100-10.fa	XML-1	45	3822
XML-1/alignment_XML1-4000-0.02-4E-5-100-11.fa	XML-1	37	3822
XML-1/alignment_XML1-4000-0.02-4E-5-100-12.fa	XML-1	34	3822
XML-1/alignment_XML1-4000-0.02-4E-5-100-13.fa	XML-1	40	3822
XML-1/alignment_XML1-4000-0.02-4E-5-100-14.fa	XML-1	40	3822
XML-1/alignment_XML1-4000-0.02-4E-5-100-15.fa	XML-1	45	3822
XML-1/alignment_XML1-4000-0.02-4E-5-100-2.fa	XML-1	40	3822
XML-1/alignment_XML1-4000-0.02-4E-5-100-3.fa	XML-1	43	3822
XML-1/alignment_XML1-4000-0.02-4E-5-100-4.fa	XML-1	53	3822
XML-1/alignment_XML1-4000-0.02-4E-5-100-5.fa	XML-1	45	3822
XML-1/alignment_XML1-4000-0.02-4E-5-100-6.fa	XML-1	62	3822
XML-1/alignment_XML1-4000-0.02-4E-5-100-7.fa	XML-1	41	3822
XML-1/alignment_XML1-4000-0.02-4E-5-100-8.fa	XML-1	33	3822
XML-1/alignment_XML1-4000-0.02-4E-5-100-9.fa	XML-1	50	3822
XML-1/alignment_XML1-4000-0.02-4E-5-200-1.fa	XML-1	62	3822
XML-1/alignment_XML1-4000-0.02-4E-5-200-10.fa	XML-1	63	3822
XML-1/alignment_XML1-4000-0.02-4E-5-200-11.fa	XML-1	72	3822
XML-1/alignment_XML1-4000-0.02-4E-5-200-12.fa	XML-1	56	3822
XML-1/alignment_XML1-4000-0.02-4E-5-200-13.fa	XML-1	68	3822
XML-1/alignment_XML1-4000-0.02-4E-5-200-14.fa	XML-1	50	3822
XML-1/alignment_XML1-4000-0.02-4E-5-200-15.fa	XML-1	45	3822
XML-1/alignment_XML1-4000-0.02-4E-5-200-2.fa	XML-1	82	3822
XML-1/alignment_XML1-4000-0.02-4E-5-200-3.fa	XML-1	49	3822
XML-1/alignment_XML1-4000-0.02-4E-5-200-4.fa	XML-1	39	3822
XML-1/alignment_XML1-4000-0.02-4E-5-200-5.fa	XML-1	79	3822
XML-1/alignment_XML1-4000-0.02-4E-5-200-6.fa	XML-1	51	3822
XML-1/alignment_XML1-4000-0.02-4E-5-200-7.fa	XML-1	59	3822
XML-1/alignment_XML1-4000-0.02-4E-5-200-8.fa	XML-1	62	3822
XML-1/alignment_XML1-4000-0.02-4E-5-200-9.fa	XML-1	40	3822
XML-1/alignment_XML1-4000-0.02-4E-5-50-1.fa	XML-1	30	3822
XML-1/alignment_XML1-4000-0.02-4E-5-50-10.fa	XML-1	24	3822
XML-1/alignment_XML1-4000-0.02-4E-5-50-11.fa	XML-1	20	3822
XML-1/alignment_XML1-4000-0.02-4E-5-50-12.fa	XML-1	27	3822
XML-1/alignment_XML1-4000-0.02-4E-5-50-13.fa	XML-1	26	3822
XML-1/alignment_XML1-4000-0.02-4E-5-50-14.fa	XML-1	25	3822
XML-1/alignment_XML1-4000-0.02-4E-5-50-15.fa	XML-1	29	3822
XML-1/alignment_XML1-4000-0.02-4E-5-50-2.fa	XML-1	31	3822
XML-1/alignment_XML1-4000-0.02-4E-5-50-3.fa	XML-1	23	3822
XML-1/alignment_XML1-4000-0.02-4E-5-50-4.fa	XML-1	34	3822
XML-1/alignment_XML1-4000-0.02-4E-5-50-5.fa	XML-1	24	3822
XML-1/alignment_XML1-4000-0.02-4E-5-50-6.fa	XML-1	23	3822
XML-1/alignment_XML1-4000-0.02-4E-5-50-7.fa	XML-1	37	3822
XML-1/alignment_XML1-4000-0.02-4E-5-50-8.fa	XML-1	24	3822
XML-1/alignment_XML1-4000-0.02-4E-5-50-9.fa	XML-1	16	3822
XML-1/alignment_XML1-4000-0.02-8E-5-100-1.fa	XML-1	51	3822
XML-1/alignment_XML1-4000-0.02-8E-5-100-10.fa	XML-1	39	3822
XML-1/alignment_XML1-4000-0.02-8E-5-100-11.fa	XML-1	49	3822
XML-1/alignment_XML1-4000-0.02-8E-5-100-12.fa	XML-1	35	3822
XML-1/alignment_XML1-4000-0.02-8E-5-100-13.fa	XML-1	41	3822
XML-1/alignment_XML1-4000-0.02-8E-5-100-14.fa	XML-1	45	3822
XML-1/alignment_XML1-4000-0.02-8E-5-100-15.fa	XML-1	40	3822
XML-1/alignment_XML1-4000-0.02-8E-5-100-2.fa	XML-1	39	3822
XML-1/alignment_XML1-4000-0.02-8E-5-100-3.fa	XML-1	53	3822
XML-1/alignment_XML1-4000-0.02-8E-5-100-4.fa	XML-1	40	3822
XML-1/alignment_XML1-4000-0.02-8E-5-100-5.fa	XML-1	30	3822
XML-1/alignment_XML1-4000-0.02-8E-5-100-6.fa	XML-1	35	3822
XML-1/alignment_XML1-4000-0.02-8E-5-100-7.fa	XML-1	54	3822
XML-1/alignment_XML1-4000-0.02-8E-5-100-8.fa	XML-1	35	3822
XML-1/alignment_XML1-4000-0.02-8E-5-100-9.fa	XML-1	54	3822
XML-1/alignment_XML1-4000-0.02-8E-5-200-1.fa	XML-1	80	3822
XML-1/alignment_XML1-4000-0.02-8E-5-200-10.fa	XML-1	59	3822
XML-1/alignment_XML1-4000-0.02-8E-5-200-11.fa	XML-1	65	3822
XML-1/alignment_XML1-4000-0.02-8E-5-200-12.fa	XML-1	58	3822
XML-1/alignment_XML1-4000-0.02-8E-5-200-13.fa	XML-1	40	3822
XML-1/alignment_XML1-4000-0.02-8E-5-200-14.fa	XML-1	66	3822
XML-1/alignment_XML1-4000-0.02-8E-5-200-15.fa	XML-1	52	3822
XML-1/alignment_XML1-4000-0.02-8E-5-200-2.fa	XML-1	53	3822
XML-1/alignment_XML1-4000-0.02-8E-5-200-3.fa	XML-1	63	3822
XML-1/alignment_XML1-4000-0.02-8E-5-200-4.fa	XML-1	105	3822
XML-1/alignment_XML1-4000-0.02-8E-5-200-5.fa	XML-1	57	3822
XML-1/alignment_XML1-4000-0.02-8E-5-200-6.fa	XML-1	57	3822
XML-1/alignment_XML1-4000-0.02-8E-5-200-7.fa	XML-1	40	3822
XML-1/alignment_XML1-4000-0.02-8E-5-200-8.fa	XML-1	57	3822
XML-1/alignment_XML1-4000-0.02-8E-5-200-9.fa	XML-1	58	3822
XML-1/alignment_XML1-4000-0.02-8E-5-50-1.fa	XML-1	35	3822
XML-1/alignment_XML1-4000-0.02-8E-5-50-10.fa	XML-1	23	3822
XML-1/alignment_XML1-4000-0.02-8E-5-50-11.fa	XML-1	17	3822
XML-1/alignment_XML1-4000-0.02-8E-5-50-12.fa	XML-1	24	3822
XML-1/alignment_XML1-4000-0.02-8E-5-50-13.fa	XML-1	24	3822
XML-1/alignment_XML1-4000-0.02-8E-5-50-14.fa	XML-1	25	3822
XML-1/alignment_XML1-4000-0.02-8E-5-50-15.fa	XML-1	24	3822
XML-1/alignment_XML1-4000-0.02-8E-5-50-2.fa	XML-1	33	3822
XML-1/alignment_XML1-4000-0.02-8E-5-50-3.fa	XML-1	30	3822
XML-1/alignment_XML1-4000-0.02-8E-5-50-4.fa	XML-1	27	3822
XML-1/alignment_XML1-4000-0.02-8E-5-50-5.fa	XML-1	25	3822
XML-1/alignment_XML1-4000-0.02-8E-5-50-6.fa	XML-1	29	3822
XML-1/alignment_XML1-4000-0.02-8E-5-50-7.fa	XML-1	30	3822
XML-1/alignment_XML1-4000-0.02-8E-5-50-8.fa	XML-1	29	3822
XML-1/alignment_XML1-4000-0.02-8E-5-50-9.fa	XML-1	31	3822
XML-2/alignment_XML2-2500-0.005-12E-5-100-1.fa	XML-2	18	9181
XML-2/alignment_XML2-2500-0.005-12E-5-100-10.fa	XML-2	14	9181
XML-2/alignment_XML2-2500-0.005-12E-5-100-11.fa	XML-2	23	9181
XML-2/alignment_XML2-2500-0.005-12E-5-100-12.fa	XML-2	18	9181
XML-2/alignment_XML2-2500-0.005-12E-5-100-13.fa	XML-2	19	9181
XML-2/alignment_XML2-2500-0.005-12E-5-100-14.fa	XML-2	26	9181
XML-2/alignment_XML2-2500-0.005-12E-5-100-15.fa	XML-2	20	9181
XML-2/alignment_XML2-2500-0.005-12E-5-100-2.fa	XML-2	21	9181
XML-2/alignment_XML2-2500-0.005-12E-5-100-3.fa	XML-2	21	9181
XML-2/alignment_XML2-2500-0.005-12E-5-100-4.fa	XML-2	22	9181
XML-2/alignment_XML2-2500-0.005-12E-5-100-5.fa	XML-2	25	9181
XML-2/alignment_XML2-2500-0.005-12E-5-100-6.fa	XML-2	27	9181
XML-2/alignment_XML2-2500-0.005-12E-5-100-7.fa	XML-2	18	9181
XML-2/alignment_XML2-2500-0.005-12E-5-100-8.fa	XML-2	17	9181
XML-2/alignment_XML2-2500-0.005-12E-5-100-9.fa	XML-2	16	9181
XML-2/alignment_XML2-2500-0.005-12E-5-200-1.fa	XML-2	19	9181
XML-2/alignment_XML2-2500-0.005-12E-5-200-10.fa	XML-2	18	9181
XML-2/alignment_XML2-2500-0.005-12E-5-200-11.fa	XML-2	17	9181
XML-2/alignment_XML2-2500-0.005-12E-5-200-12.fa	XML-2	16	9181
XML-2/alignment_XML2-2500-0.005-12E-5-200-13.fa	XML-2	16	9181
XML-2/alignment_XML2-2500-0.005-12E-5-200-14.fa	XML-2	25	9181
XML-2/alignment_XML2-2500-0.005-12E-5-200-15.fa	XML-2	37	9181
XML-2/alignment_XML2-2500-0.005-12E-5-200-2.fa	XML-2	22	9181
XML-2/alignment_XML2-2500-0.005-12E-5-200-3.fa	XML-2	23	9181
XML-2/alignment_XML2-2500-0.005-12E-5-200-4.fa	XML-2	25	9181
XML-2/alignment_XML2-2500-0.005-12E-5-200-5.fa	XML-2	37	9181
XML-2/alignment_XML2-2500-0.005-12E-5-200-6.fa	XML-2	24	9181
XML-2/alignment_XML2-2500-0.005-12E-5-200-7.fa	XML-2	30	9181
XML-2/alignment_XML2-2500-0.005-12E-5-200-8.fa	XML-2	18	9181
XML-2/alignment_XML2-2500-0.005-12E-5-200-9.fa	XML-2	33	9181
XML-2/alignment_XML2-2500-0.005-12E-5-50-1.fa	XML-2	8	9181
XML-2/alignment_XML2-2500-0.005-12E-5-50-10.fa	XML-2	17	9181
XML-2/alignment_XML2-2500-0.005-12E-5-50-11.fa	XML-2	11	9181
XML-2/alignment_XML2-2500-0.005-12E-5-50-12.fa	XML-2	14	9181
XML-2/alignment_XML2-2500-0.005-12E-5-50-13.fa	XML-2	19	9181
XML-2/alignment_XML2-2500-0.005-12E-5-50-14.fa	XML-2	8	9181
XML-2/alignment_XML2-2500-0.005-12E-5-50-15.fa	XML-2	20	9181
XML-2/alignment_XML2-2500-0.005-12E-5-50-2.fa	XML-2	11	9181
XML-2/alignment_XML2-2500-0.005-12E-5-50-3.fa	XML-2	10	9181
XML-2/alignment_XML2-2500-0.005-12E-5-50-4.fa	XML-2	15	9181
XML-2/alignment_XML2-2500-0.005-12E-5-50-5.fa	XML-2	16	9181
XML-2/alignment_XML2-2500-0.005-12E-5-50-6.fa	XML-2	8	9181
XML-2/alignment_XML2-2500-0.005-12E-5-50-7.fa	XML-2	14	9181
XML-2/alignment_XML2-2500-0.005-12E-5-50-8.fa	XML-2	13	9181
XML-2/alignment_XML2-2500-0.005-12E-5-50-9.fa	XML-2	10	9181
XML-2/alignment_XML2-2500-0.005-4E-5-100-1.fa	XML-2	25	9181
XML-2/alignment_XML2-2500-0.005-4E-5-100-10.fa	XML-2	26	9181
XML-2/alignment_XML2-2500-0.005-4E-5-100-11.fa	XML-2	19	9181
XML-2/alignment_XML2-2500-0.005-4E-5-100-12.fa	XML-2	32	9181
XML-2/alignment_XML2-2500-0.005-4E-5-100-13.fa	XML-2	21	9181
XML-2/alignment_XML2-2500-0.005-4E-5-100-14.fa	XML-2	24	9181
XML-2/alignment_XML2-2500-0.005-4E-5-100-15.fa	XML-2	27	9181
XML-2/alignment_XML2-2500-0.005-4E-5-100-2.fa	XML-2	22	9181
XML-2/alignment_XML2-2500-0.005-4E-5-100-3.fa	XML-2	27	9181
XML-2/alignment_XML2-2500-0.005-4E-5-100-4.fa	XML-2	21	9181
XML-2/alignment_XML2-2500-0.005-4E-5-100-5.fa	XML-2	16	9181
XML-2/alignment_XML2-2500-0.005-4E-5-100-6.fa	XML-2	16	9181
XML-2/alignment_XML2-2500-0.005-4E-5-100-7.fa	XML-2	20	9181
XML-2/alignment_XML2-2500-0.005-4E-5-100-8.fa	XML-2	20	9181
XML-2/alignment_XML2-2500-0.005-4E-5-100-9.fa	XML-2	21	9181
XML-2/alignment_XML2-2500-0.005-4E-5-200-1.fa	XML-2	28	9181
XML-2/alignment_XML2-2500-0.005-4E-5-200-10.fa	XML-2	39	9181
XML-2/alignment_XML2-2500-0.005-4E-5-200-11.fa	XML-2	25	9181
XML-2/alignment_XML2-2500-0.005-4E-5-200-12.fa	XML-2	39	9181
XML-2/alignment_XML2-2500-0.005-4E-5-200-13.fa	XML-2	36	9181
XML-2/alignment_XML2-2500-0.005-4E-5-200-14.fa	XML-2	34	9181
XML-2/alignment_XML2-2500-0.005-4E-5-200-15.fa	XML-2	21	9181
XML-2/alignment_XML2-2500-0.005-4E-5-200-2.fa	XML-2	31	9181
XML-2/alignment_XML2-2500-0.005-4E-5-200-3.fa	XML-2	27	9181
XML-2/alignment_XML2-2500-0.005-4E-5-200-4.fa	XML-2	32	9181
XML-2/alignment_XML2-2500-0.005-4E-5-200-5.fa	XML-2	26	9181
XML-2/alignment_XML2-2500-0.005-4E-5-200-6.fa	XML-2	37	9181
XML-2/alignment_XML2-2500-0.005-4E-5-200-7.fa	XML-2	25	9181
XML-2/alignment_XML2-2500-0.005-4E-5-200-8.fa	XML-2	23	9181
XML-2/alignment_XML2-2500-0.005-4E-5-200-9.fa	XML-2	41	9181
XML-2/alignment_XML2-2500-0.005-4E-5-50-1.fa	XML-2	22	9181
XML-2/alignment_XML2-2500-0.005-4E-5-50-10.fa	XML-2	21	9181
XML-2/alignment_XML2-2500-0.005-4E-5-50-11.fa	XML-2	11	9181
XML-2/alignment_XML2-2500-0.005-4E-5-50-12.fa	XML-2	19	9181
XML-2/alignment_XML2-2500-0.005-4E-5-50-13.fa	XML-2	23	9181
XML-2/alignment_XML2-2500-0.005-4E-5-50-14.fa	XML-2	19	9181
XML-2/alignment_XML2-2500-0.005-4E-5-50-15.fa	XML-2	23	9181
XML-2/alignment_XML2-2500-0.005-4E-5-50-2.fa	XML-2	15	9181
XML-2/alignment_XML2-2500-0.005-4E-5-50-3.fa	XML-2	16	9181
XML-2/alignment_XML2-2500-0.005-4E-5-50-4.fa	XML-2	17	9181
XML-2/alignment_XML2-2500-0.005-4E-5-50-5.fa	XML-2	23	9181
XML-2/alignment_XML2-2500-0.005-4E-5-50-6.fa	XML-2	17	9181
XML-2/alignment_XML2-2500-0.005-4E-5-50-7.fa	XML-2	33	9181
XML-2/alignment_XML2-2500-0.005-4E-5-50-8.fa	XML-2	19	9181
XML-2/alignment_XML2-2500-0.005-4E-5-50-9.fa	XML-2	12	9181
XML-2/alignment_XML2-2500-0.005-8E-5-100-1.fa	XML-2	18	9181
XML-2/alignment_XML2-2500-0.005-8E-5-100-10.fa	XML-2	16	9181
XML-2/alignment_XML2-2500-0.005-8E-5-100-11.fa	XML-2	22	9181
XML-2/alignment_XML2-2500-0.005-8E-5-100-12.fa	XML-2	21	9181
XML-2/alignment_XML2-2500-0.005-8E-5-100-13.fa	XML-2	17	9181
XML-2/alignment_XML2-2500-0.005-8E-5-100-14.fa	XML-2	19	9181
XML-2/alignment_XML2-2500-0.005-8E-5-100-15.fa	XML-2	21	9181
XML-2/alignment_XML2-2500-0.005-8E-5-100-2.fa	XML-2	17	9181
XML-2/alignment_XML2-2500-0.005-8E-5-100-3.fa	XML-2	15	9181
XML-2/alignment_XML2-2500-0.005-8E-5-100-4.fa	XML-2	25	9181
XML-2/alignment_XML2-2500-0.005-8E-5-100-5.fa	XML-2	31	9181
XML-2/alignment_XML2-2500-0.005-8E-5-100-6.fa	XML-2	22	9181
XML-2/alignment_XML2-2500-0.005-8E-5-100-7.fa	XML-2	16	9181
XML-2/alignment_XML2-2500-0.005-8E-5-100-8.fa	XML-2	21	9181
XML-2/alignment_XML2-2500-0.005-8E-5-100-9.fa	XML-2	25	9181
XML-2/alignment_XML2-2500-0.005-8E-5-200-1.fa	XML-2	27	9181
XML-2/alignment_XML2-2500-0.005-8E-5-200-10.fa	XML-2	30	9181
XML-2/alignment_XML2-2500-0.005-8E-5-200-11.fa	XML-2	22	9181
XML-2/alignment_XML2-2500-0.005-8E-5-200-12.fa	XML-2	30	9181
XML-2/alignment_XML2-2500-0.005-8E-5-200-13.fa	XML-2	39	9181
XML-2/alignment_XML2-2500-0.005-8E-5-200-14.fa	XML-2	32	9181
XML-2/alignment_XML2-2500-0.005-8E-5-200-15.fa	XML-2	37	9181
XML-2/alignment_XML2-2500-0.005-8E-5-200-2.fa	XML-2	23	9181
XML-2/alignment_XML2-2500-0.005-8E-5-200-3.fa	XML-2	36	9181
XML-2/alignment_XML2-2500-0.005-8E-5-200-4.fa	XML-2	24	9181
XML-2/alignment_XML2-2500-0.005-8E-5-200-5.fa	XML-2	17	9181
XML-2/alignment_XML2-2500-0.005-8E-5-200-6.fa	XML-2	26	9181
XML-2/alignment_XML2-2500-0.005-8E-5-200-7.fa	XML-2	12	9181
XML-2/alignment_XML2-2500-0.005-8E-5-200-8.fa	XML-2	22	9181
XML-2/alignment_XML2-2500-0.005-8E-5-200-9.fa	XML-2	26	9181
XML-2/alignment_XML2-2500-0.005-8E-5-50-1.fa	XML-2	10	9181
XML-2/alignment_XML2-2500-0.005-8E-5-50-10.fa	XML-2	19	9181
XML-2/alignment_XML2-2500-0.005-8E-5-50-11.fa	XML-2	14	9181
XML-2/alignment_XML2-2500-0.005-8E-5-50-12.fa	XML-2	21	9181
XML-2/alignment_XML2-2500-0.005-8E-5-50-13.fa	XML-2	15	9181
XML-2/alignment_XML2-2500-0.005-8E-5-50-14.fa	XML-2	18	9181
XML-2/alignment_XML2-2500-0.005-8E-5-50-15.fa	XML-2	13	9181
XML-2/alignment_XML2-2500-0.005-8E-5-50-2.fa	XML-2	17	9181
XML-2/alignment_XML2-2500-0.005-8E-5-50-3.fa	XML-2	15	9181
XML-2/alignment_XML2-2500-0.005-8E-5-50-4.fa	XML-2	16	9181
XML-2/alignment_XML2-2500-0.005-8E-5-50-5.fa	XML-2	14	9181
XML-2/alignment_XML2-2500-0.005-8E-5-50-6.fa	XML-2	13	9181
XML-2/alignment_XML2-2500-0.005-8E-5-50-7.fa	XML-2	21	9181
XML-2/alignment_XML2-2500-0.005-8E-5-50-8.fa	XML-2	16	9181
XML-2/alignment_XML2-2500-0.005-8E-5-50-9.fa	XML-2	15	9181
XML-2/alignment_XML2-2500-0.01-12E-5-100-1.fa	XML-2	24	9181
XML-2/alignment_XML2-2500-0.01-12E-5-100-10.fa	XML-2	34	9181
XML-2/alignment_XML2-2500-0.01-12E-5-100-11.fa	XML-2	30	9181
XML-2/alignment_XML2-2500-0.01-12E-5-100-12.fa	XML-2	27	9181
XML-2/alignment_XML2-2500-0.01-12E-5-100-13.fa	XML-2	24	9181
XML-2/alignment_XML2-2500-0.01-12E-5-100-14.fa	XML-2	19	9181
XML-2/alignment_XML2-2500-0.01-12E-5-100-15.fa	XML-2	27	9181
XML-2/alignment_XML2-2500-0.01-12E-5-100-2.fa	XML-2	34	9181
XML-2/alignment_XML2-2500-0.01-12E-5-100-3.fa	XML-2	29	9181
XML-2/alignment_XML2-2500-0.01-12E-5-100-4.fa	XML-2	30	9181
XML-2/alignment_XML2-2500-0.01-12E-5-100-5.fa	XML-2	37	9181
XML-2/alignment_XML2-2500-0.01-12E-5-100-6.fa	XML-2	23	9181
XML-2/alignment_XML2-2500-0.01-12E-5-100-7.fa	XML-2	27	9181
XML-2/alignment_XML2-2500-0.01-12E-5-100-8.fa	XML-2	36	9181
XML-2/alignment_XML2-2500-0.01-12E-5-100-9.fa	XML-2	27	9181
XML-2/alignment_XML2-2500-0.01-12E-5-200-1.fa	XML-2	47	9181
XML-2/alignment_XML2-2500-0.01-12E-5-200-10.fa	XML-2	46	9181
XML-2/alignment_XML2-2500-0.01-12E-5-200-11.fa	XML-2	48	9181
XML-2/alignment_XML2-2500-0.01-12E-5-200-12.fa	XML-2	28	9181
XML-2/alignment_XML2-2500-0.01-12E-5-200-13.fa	XML-2	40	9181
XML-2/alignment_XML2-2500-0.01-12E-5-200-14.fa	XML-2	30	9181
XML-2/alignment_XML2-2500-0.01-12E-5-200-15.fa	XML-2	34	9181
XML-2/alignment_XML2-2500-0.01-12E-5-200-2.fa	XML-2	46	9181
XML-2/alignment_XML2-2500-0.01-12E-5-200-3.fa	XML-2	34	9181
XML-2/alignment_XML2-2500-0.01-12E-5-200-4.fa	XML-2	51	9181
XML-2/alignment_XML2-2500-0.01-12E-5-200-5.fa	XML-2	40	9181
XML-2/alignment_XML2-2500-0.01-12E-5-200-6.fa	XML-2	44	9181
XML-2/alignment_XML2-2500-0.01-12E-5-200-7.fa	XML-2	43	9181
XML-2/alignment_XML2-2500-0.01-12E-5-200-8.fa	XML-2	48	9181
XML-2/alignment_XML2-2500-0.01-12E-5-200-9.fa	XML-2	45	9181
XML-2/alignment_XML2-2500-0.01-12E-5-50-1.fa	XML-2	19	9181
XML-2/alignment_XML2-2500-0.01-12E-5-50-10.fa	XML-2	18	9181
XML-2/alignment_XML2-2500-0.01-12E-5-50-11.fa	XML-2	13	9181
XML-2/alignment_XML2-2500-0.01-12E-5-50-12.fa	XML-2	30	9181
XML-2/alignment_XML2-2500-0.01-12E-5-50-13.fa	XML-2	20	9181
XML-2/alignment_XML2-2500-0.01-12E-5-50-14.fa	XML-2	24	9181
XML-2/alignment_XML2-2500-0.01-12E-5-50-15.fa	XML-2	17	9181
XML-2/alignment_XML2-2500-0.01-12E-5-50-2.fa	XML-2	25	9181
XML-2/alignment_XML2-2500-0.01-12E-5-50-3.fa	XML-2	16	9181
XML-2/alignment_XML2-2500-0.01-12E-5-50-4.fa	XML-2	21	9181
XML-2/alignment_XML2-2500-0.01-12E-5-50-5.fa	XML-2	24	9181
XML-2/alignment_XML2-2500-0.01-12E-5-50-6.fa	XML-2	28	9181
XML-2/alignment_XML2-2500-0.01-12E-5-50-7.fa	XML-2	18	9181
XML-2/alignment_XML2-2500-0.01-12E-5-50-8.fa	XML-2	15	9181
XML-2/alignment_XML2-2500-0.01-12E-5-50-9.fa	XML-2	23	9181
XML-2/alignment_XML2-2500-0.01-4E-5-100-1.fa	XML-2	44	9181
XML-2/alignment_XML2-2500-0.01-4E-5-100-10.fa	XML-2	37	9181
XML-2/alignment_XML2-2500-0.01-4E-5-100-11.fa	XML-2	39	9181
XML-2/alignment_XML2-2500-0.01-4E-5-100-12.fa	XML-2	36	9181
XML-2/alignment_XML2-2500-0.01-4E-5-100-13.fa	XML-2	56	9181
XML-2/alignment_XML2-2500-0.01-4E-5-100-14.fa	XML-2	48	9181
XML-2/alignment_XML2-2500-0.01-4E-5-100-15.fa	XML-2	35	9181
XML-2/alignment_XML2-2500-0.01-4E-5-100-2.fa	XML-2	24	9181
XML-2/alignment_XML2-2500-0.01-4E-5-100-3.fa	XML-2	30	9181
XML-2/alignment_XML2-2500-0.01-4E-5-100-4.fa	XML-2	34	9181
XML-2/alignment_XML2-2500-0.01-4E-5-100-5.fa	XML-2	37	9181
XML-2/alignment_XML2-2500-0.01-4E-5-100-6.fa	XML-2	40	9181
XML-2/alignment_XML2-2500-0.01-4E-5-100-7.fa	XML-2	54	9181
XML-2/alignment_XML2-2500-0.01-4E-5-100-8.fa	XML-2	32	9181
XML-2/alignment_XML2-2500-0.01-4E-5-100-9.fa	XML-2	38	9181
XML-2/alignment_XML2-2500-0.01-4E-5-200-1.fa	XML-2	66	9181
XML-2/alignment_XML2-2500-0.01-4E-5-200-10.fa	XML-2	62	9181
XML-2/alignment_XML2-2500-0.01-4E-5-200-11.fa	XML-2	50	9181
XML-2/alignment_XML2-2500-0.01-4E-5-200-12.fa	XML-2	60	9181
XML-2/alignment_XML2-2500-0.01-4E-5-200-13.fa	XML-2	43	9181
XML-2/alignment_XML2-2500-0.01-4E-5-200-14.fa	XML-2	58	9181
XML-2/alignment_XML2-2500-0.01-4E-5-200-15.fa	XML-2	58	9181
XML-2/alignment_XML2-2500-0.01-4E-5-200-2.fa	XML-2	63	9181
XML-2/alignment_XML2-2500-0.01-4E-5-200-3.fa	XML-2	57	9181
XML-2/alignment_XML2-2500-0.01-4E-5-200-4.fa	XML-2	61	9181
XML-2/alignment_XML2-2500-0.01-4E-5-200-5.fa	XML-2	58	9181
XML-2/alignment_XML2-2500-0.01-4E-5-200-6.fa	XML-2	54	9181
XML-2/alignment_XML2-2500-0.01-4E-5-200-7.fa	XML-2	49	9181
XML-2/alignment_XML2-2500-0.01-4E-5-200-8.fa	XML-2	56	9181
XML-2/alignment_XML2-2500-0.01-4E-5-200-9.fa	XML-2	72	9181
XML-2/alignment_XML2-2500-0.01-4E-5-50-1.fa	XML-2	22	9181
XML-2/alignment_XML2-2500-0.01-4E-5-50-10.fa	XML-2	29	9181
XML-2/alignment_XML2-2500-0.01-4E-5-50-11.fa	XML-2	27	9181
XML-2/alignment_XML2-2500-0.01-4E-5-50-12.fa	XML-2	27	9181
XML-2/alignment_XML2-2500-0.01-4E-5-50-13.fa	XML-2	33	9181
XML-2/alignment_XML2-2500-0.01-4E-5-50-14.fa	XML-2	27	9181
XML-2/alignment_XML2-2500-0.01-4E-5-50-15.fa	XML-2	18	9181
XML-2/alignment_XML2-2500-0.01-4E-5-50-2.fa	XML-2	21	9181
XML-2/alignment_XML2-2500-0.01-4E-5-50-3.fa	XML-2	28	9181
XML-2/alignment_XML2-2500-0.01-4E-5-50-4.fa	XML-2	27	9181
XML-2/alignment_XML2-2500-0.01-4E-5-50-5.fa	XML-2	34	9181
XML-2/alignment_XML2-2500-0.01-4E-5-50-6.fa	XML-2	30	9181
XML-2/alignment_XML2-2500-0.01-4E-5-50-7.fa	XML-2	27	9181
XML-2/alignment_XML2-2500-0.01-4E-5-50-8.fa	XML-2	24	9181
XML-2/alignment_XML2-2500-0.01-4E-5-50-9.fa	XML-2	29	9181
XML-2/alignment_XML2-2500-0.01-8E-5-100-1.fa	XML-2	18	9181
XML-2/alignment_XML2-2500-0.01-8E-5-100-10.fa	XML-2	31	9181
XML-2/alignment_XML2-2500-0.01-8E-5-100-11.fa	XML-2	27	9181
XML-2/alignment_XML2-2500-0.01-8E-5-100-12.fa	XML-2	41	9181
XML-2/alignment_XML2-2500-0.01-8E-5-100-13.fa	XML-2	36	9181
XML-2/alignment_XML2-2500-0.01-8E-5-100-14.fa	XML-2	26	9181
XML-2/alignment_XML2-2500-0.01-8E-5-100-15.fa	XML-2	35	9181
XML-2/alignment_XML2-2500-0.01-8E-5-100-2.fa	XML-2	36	9181
XML-2/alignment_XML2-2500-0.01-8E-5-100-3.fa	XML-2	25	9181
XML-2/alignment_XML2-2500-0.01-8E-5-100-4.fa	XML-2	31	9181
XML-2/alignment_XML2-2500-0.01-8E-5-100-5.fa	XML-2	36	9181
XML-2/alignment_XML2-2500-0.01-8E-5-100-6.fa	XML-2	34	9181
XML-2/alignment_XML2-2500-0.01-8E-5-100-7.fa	XML-2	31	9181
XML-2/alignment_XML2-2500-0.01-8E-5-100-8.fa	XML-2	46	9181
XML-2/alignment_XML2-2500-0.01-8E-5-100-9.fa	XML-2	31	9181
XML-2/alignment_XML2-2500-0.01-8E-5-200-1.fa	XML-2	42	9181
XML-2/alignment_XML2-2500-0.01-8E-5-200-10.fa	XML-2	45	9181
XML-2/alignment_XML2-2500-0.01-8E-5-200-11.fa	XML-2	53	9181
XML-2/alignment_XML2-2500-0.01-8E-5-200-12.fa	XML-2	54	9181
XML-2/alignment_XML2-2500-0.01-8E-5-200-13.fa	XML-2	40	9181
XML-2/alignment_XML2-2500-0.01-8E-5-200-14.fa	XML-2	54	9181
XML-2/alignment_XML2-2500-0.01-8E-5-200-15.fa	XML-2	34	9181
XML-2/alignment_XML2-2500-0.01-8E-5-200-2.fa	XML-2	55	9181
XML-2/alignment_XML2-2500-0.01-8E-5-200-3.fa	XML-2	41	9181
XML-2/alignment_XML2-2500-0.01-8E-5-200-4.fa	XML-2	55	9181
XML-2/alignment_XML2-2500-0.01-8E-5-200-5.fa	XML-2	46	9181
XML-2/alignment_XML2-2500-0.01-8E-5-200-6.fa	XML-2	54	9181
XML-2/alignment_XML2-2500-0.01-8E-5-200-7.fa	XML-2	65	9181
XML-2/alignment_XML2-2500-0.01-8E-5-200-8.fa	XML-2	27	9181
XML-2/alignment_XML2-2500-0.01-8E-5-200-9.fa	XML-2	46	9181
XML-2/alignment_XML2-2500-0.01-8E-5-50-1.fa	XML-2	28	9181
XML-2/alignment_XML2-2500-0.01-8E-5-50-10.fa	XML-2	25	9181
XML-2/alignment_XML2-2500-0.01-8E-5-50-11.fa	XML-2	24	9181
XML-2/alignment_XML2-2500-0.01-8E-5-50-12.fa	XML-2	26	9181
XML-2/alignment_XML2-2500-0.01-8E-5-50-13.fa	XML-2	24	9181
XML-2/alignment_XML2-2500-0.01-8E-5-50-14.fa	XML-2	22	9181
XML-2/alignment_XML2-2500-0.01-8E-5-50-15.fa	XML-2	18	9181
XML-2/alignment_XML2-2500-0.01-8E-5-50-2.fa	XML-2	18	9181
XML-2/alignment_XML2-2500-0.01-8E-5-50-3.fa	XML-2	33	9181
XML-2/alignment_XML2-2500-0.01-8E-5-50-4.fa	XML-2	20	9181
XML-2/alignment_XML2-2500-0.01-8E-5-50-5.fa	XML-2	19	9181
XML-2/alignment_XML2-2500-0.01-8E-5-50-6.fa	XML-2	33	9181
XML-2/alignment_XML2-2500-0.01-8E-5-50-7.fa	XML-2	22	9181
XML-2/alignment_XML2-2500-0.01-8E-5-50-8.fa	XML-2	32	9181
XML-2/alignment_XML2-2500-0.01-8E-5-50-9.fa	XML-2	22	9181
XML-2/alignment_XML2-2500-0.02-12E-5-100-1.fa	XML-2	34	9181
XML-2/alignment_XML2-2500-0.02-12E-5-100-10.fa	XML-2	62	9181
XML-2/alignment_XML2-2500-0.02-12E-5-100-11.fa	XML-2	47	9181
XML-2/alignment_XML2-2500-0.02-12E-5-100-12.fa	XML-2	38	9181
XML-2/alignment_XML2-2500-0.02-12E-5-100-13.fa	XML-2	56	9181
XML-2/alignment_XML2-2500-0.02-12E-5-100-14.fa	XML-2	50	9181
XML-2/alignment_XML2-2500-0.02-12E-5-100-15.fa	XML-2	41	9181
XML-2/alignment_XML2-2500-0.02-12E-5-100-2.fa	XML-2	45	9181
XML-2/alignment_XML2-2500-0.02-12E-5-100-3.fa	XML-2	49	9181
XML-2/alignment_XML2-2500-0.02-12E-5-100-4.fa	XML-2	63	9181
XML-2/alignment_XML2-2500-0.02-12E-5-100-5.fa	XML-2	36	9181
XML-2/alignment_XML2-2500-0.02-12E-5-100-6.fa	XML-2	33	9181
XML-2/alignment_XML2-2500-0.02-12E-5-100-7.fa	XML-2	52	9181
XML-2/alignment_XML2-2500-0.02-12E-5-100-8.fa	XML-2	48	9181
XML-2/alignment_XML2-2500-0.02-12E-5-100-9.fa	XML-2	51	9181
XML-2/alignment_XML2-2500-0.02-12E-5-200-1.fa	XML-2	78	9181
XML-2/alignment_XML2-2500-0.02-12E-5-200-10.fa	XML-2	90	9181
XML-2/alignment_XML2-2500-0.02-12E-5-200-11.fa	XML-2	90	9181
XML-2/alignment_XML2-2500-0.02-12E-5-200-12.fa	XML-2	72	9181
XML-2/alignment_XML2-2500-0.02-12E-5-200-13.fa	XML-2	78	9181
XML-2/alignment_XML2-2500-0.02-12E-5-200-14.fa	XML-2	68	9181
XML-2/alignment_XML2-2500-0.02-12E-5-200-15.fa	XML-2	61	9181
XML-2/alignment_XML2-2500-0.02-12E-5-200-2.fa	XML-2	71	9181
XML-2/alignment_XML2-2500-0.02-12E-5-200-3.fa	XML-2	72	9181
XML-2/alignment_XML2-2500-0.02-12E-5-200-4.fa	XML-2	64	9181
XML-2/alignment_XML2-2500-0.02-12E-5-200-5.fa	XML-2	78	9181
XML-2/alignment_XML2-2500-0.02-12E-5-200-6.fa	XML-2	70	9181
XML-2/alignment_XML2-2500-0.02-12E-5-200-7.fa	XML-2	80	9181
XML-2/alignment_XML2-2500-0.02-12E-5-200-8.fa	XML-2	79	9181
XML-2/alignment_XML2-2500-0.02-12E-5-200-9.fa	XML-2	77	9181
XML-2/alignment_XML2-2500-0.02-12E-5-50-1.fa	XML-2	30	9181
XML-2/alignment_XML2-2500-0.02-12E-5-50-10.fa	XML-2	40	9181
XML-2/alignment_XML2-2500-0.02-12E-5-50-11.fa	XML-2	27	9181
XML-2/alignment_XML2-2500-0.02-12E-5-50-12.fa	XML-2	29	9181
XML-2/alignment_XML2-2500-0.02-12E-5-50-13.fa	XML-2	27	9181
XML-2/alignment_XML2-2500-0.02-12E-5-50-14.fa	XML-2	33	9181
XML-2/alignment_XML2-2500-0.02-12E-5-50-15.fa	XML-2	27	9181
XML-2/alignment_XML2-2500-0.02-12E-5-50-2.fa	XML-2	31	9181
XML-2/alignment_XML2-2500-0.02-12E-5-50-3.fa	XML-2	29	9181
XML-2/alignment_XML2-2500-0.02-12E-5-50-4.fa	XML-2	37	9181
XML-2/alignment_XML2-2500-0.02-12E-5-50-5.fa	XML-2	37	9181
XML-2/alignment_XML2-2500-0.02-12E-5-50-6.fa	XML-2	38	9181
XML-2/alignment_XML2-2500-0.02-12E-5-50-7.fa	XML-2	28	9181
XML-2/alignment_XML2-2500-0.02-12E-5-50-8.fa	XML-2	41	9181
XML-2/alignment_XML2-2500-0.02-12E-5-50-9.fa	XML-2	29	9181
XML-2/alignment_XML2-2500-0.02-4E-5-100-1.fa	XML-2	53	9181
XML-2/alignment_XML2-2500-0.02-4E-5-100-10.fa	XML-2	43	9181
XML-2/alignment_XML2-2500-0.02-4E-5-100-11.fa	XML-2	50	9181
XML-2/alignment_XML2-2500-0.02-4E-5-100-12.fa	XML-2	57	9181
XML-2/alignment_XML2-2500-0.02-4E-5-100-13.fa	XML-2	60	9181
XML-2/alignment_XML2-2500-0.02-4E-5-100-14.fa	XML-2	51	9181
XML-2/alignment_XML2-2500-0.02-4E-5-100-15.fa	XML-2	48	9181
XML-2/alignment_XML2-2500-0.02-4E-5-100-2.fa	XML-2	36	9181
XML-2/alignment_XML2-2500-0.02-4E-5-100-3.fa	XML-2	53	9181
XML-2/alignment_XML2-2500-0.02-4E-5-100-4.fa	XML-2	49	9181
XML-2/alignment_XML2-2500-0.02-4E-5-100-5.fa	XML-2	56	9181
XML-2/alignment_XML2-2500-0.02-4E-5-100-6.fa	XML-2	62	9181
XML-2/alignment_XML2-2500-0.02-4E-5-100-7.fa	XML-2	64	9181
XML-2/alignment_XML2-2500-0.02-4E-5-100-8.fa	XML-2	55	9181
XML-2/alignment_XML2-2500-0.02-4E-5-100-9.fa	XML-2	52	9181
XML-2/alignment_XML2-2500-0.02-4E-5-200-1.fa	XML-2	70	9181
XML-2/alignment_XML2-2500-0.02-4E-5-200-10.fa	XML-2	80	9181
XML-2/alignment_XML2-2500-0.02-4E-5-200-11.fa	XML-2	61	9181
XML-2/alignment_XML2-2500-0.02-4E-5-200-12.fa	XML-2	69	9181
XML-2/alignment_XML2-2500-0.02-4E-5-200-13.fa	XML-2	82	9181
XML-2/alignment_XML2-2500-0.02-4E-5-200-14.fa	XML-2	82	9181
XML-2/alignment_XML2-2500-0.02-4E-5-200-15.fa	XML-2	85	9181
XML-2/alignment_XML2-2500-0.02-4E-5-200-2.fa	XML-2	88	9181
XML-2/alignment_XML2-2500-0.02-4E-5-200-3.fa	XML-2	74	9181
XML-2/alignment_XML2-2500-0.02-4E-5-200-4.fa	XML-2	92	9181
XML-2/alignment_XML2-2500-0.02-4E-5-200-5.fa	XML-2	77	9181
XML-2/alignment_XML2-2500-0.02-4E-5-200-6.fa	XML-2	66	9181
XML-2/alignment_XML2-2500-0.02-4E-5-200-7.fa	XML-2	73	9181
XML-2/alignment_XML2-2500-0.02-4E-5-200-8.fa	XML-2	57	9181
XML-2/alignment_XML2-2500-0.02-4E-5-200-9.fa	XML-2	74	9181
XML-2/alignment_XML2-2500-0.02-4E-5-50-1.fa	XML-2	26	9181
XML-2/alignment_XML2-2500-0.02-4E-5-50-10.fa	XML-2	43	9181
XML-2/alignment_XML2-2500-0.02-4E-5-50-11.fa	XML-2	28	9181
XML-2/alignment_XML2-2500-0.02-4E-5-50-12.fa	XML-2	27	9181
XML-2/alignment_XML2-2500-0.02-4E-5-50-13.fa	XML-2	39	9181
XML-2/alignment_XML2-2500-0.02-4E-5-50-14.fa	XML-2	31	9181
XML-2/alignment_XML2-2500-0.02-4E-5-50-15.fa	XML-2	48	9181
XML-2/alignment_XML2-2500-0.02-4E-5-50-2.fa	XML-2	39	9181
XML-2/alignment_XML2-2500-0.02-4E-5-50-3.fa	XML-2	40	9181
XML-2/alignment_XML2-2500-0.02-4E-5-50-4.fa	XML-2	28	9181
XML-2/alignment_XML2-2500-0.02-4E-5-50-5.fa	XML-2	42	9181
XML-2/alignment_XML2-2500-0.02-4E-5-50-6.fa	XML-2	35	9181
XML-2/alignment_XML2-2500-0.02-4E-5-50-7.fa	XML-2	25	9181
XML-2/alignment_XML2-2500-0.02-4E-5-50-8.fa	XML-2	34	9181
XML-2/alignment_XML2-2500-0.02-4E-5-50-9.fa	XML-2	32	9181
XML-2/alignment_XML2-2500-0.02-8E-5-100-1.fa	XML-2	61	9181
XML-2/alignment_XML2-2500-0.02-8E-5-100-10.fa	XML-2	56	9181
XML-2/alignment_XML2-2500-0.02-8E-5-100-11.fa	XML-2	49	9181
XML-2/alignment_XML2-2500-0.02-8E-5-100-12.fa	XML-2	51	9181
XML-2/alignment_XML2-2500-0.02-8E-5-100-13.fa	XML-2	57	9181
XML-2/alignment_XML2-2500-0.02-8E-5-100-14.fa	XML-2	55	9181
XML-2/alignment_XML2-2500-0.02-8E-5-100-15.fa	XML-2	68	9181
XML-2/alignment_XML2-2500-0.02-8E-5-100-2.fa	XML-2	50	9181
XML-2/alignment_XML2-2500-0.02-8E-5-100-3.fa	XML-2	48	9181
XML-2/alignment_XML2-2500-0.02-8E-5-100-4.fa	XML-2	42	9181
XML-2/alignment_XML2-2500-0.02-8E-5-100-5.fa	XML-2	57	9181
XML-2/alignment_XML2-2500-0.02-8E-5-100-6.fa	XML-2	43	9181
XML-2/alignment_XML2-2500-0.02-8E-5-100-7.fa	XML-2	39	9181
XML-2/alignment_XML2-2500-0.02-8E-5-100-8.fa	XML-2	47	9181
XML-2/alignment_XML2-2500-0.02-8E-5-100-9.fa	XML-2	62	9181
XML-2/alignment_XML2-2500-0.02-8E-5-200-1.fa	XML-2	62	9181
XML-2/alignment_XML2-2500-0.02-8E-5-200-10.fa	XML-2	76	9181
XML-2/alignment_XML2-2500-0.02-8E-5-200-11.fa	XML-2	78	9181
XML-2/alignment_XML2-2500-0.02-8E-5-200-12.fa	XML-2	73	9181
XML-2/alignment_XML2-2500-0.02-8E-5-200-13.fa	XML-2	79	9181
XML-2/alignment_XML2-2500-0.02-8E-5-200-14.fa	XML-2	71	9181
XML-2/alignment_XML2-2500-0.02-8E-5-200-15.fa	XML-2	105	9181
XML-2/alignment_XML2-2500-0.02-8E-5-200-2.fa	XML-2	73	9181
XML-2/alignment_XML2-2500-0.02-8E-5-200-3.fa	XML-2	93	9181
XML-2/alignment_XML2-2500-0.02-8E-5-200-4.fa	XML-2	83	9181
XML-2/alignment_XML2-2500-0.02-8E-5-200-5.fa	XML-2	93	9181
XML-2/alignment_XML2-2500-0.02-8E-5-200-6.fa	XML-2	88	9181
XML-2/alignment_XML2-2500-0.02-8E-5-200-7.fa	XML-2	64	9181
XML-2/alignment_XML2-2500-0.02-8E-5-200-8.fa	XML-2	87	9181
XML-2/alignment_XML2-2500-0.02-8E-5-200-9.fa	XML-2	70	9181
XML-2/alignment_XML2-2500-0.02-8E-5-50-1.fa	XML-2	29	9181
XML-2/alignment_XML2-2500-0.02-8E-5-50-10.fa	XML-2	33	9181
XML-2/alignment_XML2-2500-0.02-8E-5-50-11.fa	XML-2	28	9181
XML-2/alignment_XML2-2500-0.02-8E-5-50-12.fa	XML-2	37	9181
XML-2/alignment_XML2-2500-0.02-8E-5-50-13.fa	XML-2	35	9181
XML-2/alignment_XML2-2500-0.02-8E-5-50-14.fa	XML-2	38	9181
XML-2/alignment_XML2-2500-0.02-8E-5-50-15.fa	XML-2	35	9181
XML-2/alignment_XML2-2500-0.02-8E-5-50-2.fa	XML-2	29	9181
XML-2/alignment_XML2-2500-0.02-8E-5-50-3.fa	XML-2	32	9181
XML-2/alignment_XML2-2500-0.02-8E-5-50-4.fa	XML-2	17	9181
XML-2/alignment_XML2-2500-0.02-8E-5-50-5.fa	XML-2	30	9181
XML-2/alignment_XML2-2500-0.02-8E-5-50-6.fa	XML-2	39	9181
XML-2/alignment_XML2-2500-0.02-8E-5-50-7.fa	XML-2	30	9181
XML-2/alignment_XML2-2500-0.02-8E-5-50-8.fa	XML-2	23	9181
XML-2/alignment_XML2-2500-0.02-8E-5-50-9.fa	XML-2	34	9181
XML-2/alignment_XML2-3250-0.005-12E-5-100-1.fa	XML-2	23	9181
XML-2/alignment_XML2-3250-0.005-12E-5-100-10.fa	XML-2	26	9181
XML-2/alignment_XML2-3250-0.005-12E-5-100-11.fa	XML-2	13	9181
XML-2/alignment_XML2-3250-0.005-12E-5-100-12.fa	XML-2	29	9181
XML-2/alignment_XML2-3250-0.005-12E-5-100-13.fa	XML-2	15	9181
XML-2/alignment_XML2-3250-0.005-12E-5-100-14.fa	XML-2	19	9181
XML-2/alignment_XML2-3250-0.005-12E-5-100-15.fa	XML-2	18	9181
XML-2/alignment_XML2-3250-0.005-12E-5-100-2.fa	XML-2	19	9181
XML-2/alignment_XML2-3250-0.005-12E-5-100-3.fa	XML-2	21	9181
XML-2/alignment_XML2-3250-0.005-12E-5-100-4.fa	XML-2	15	9181
XML-2/alignment_XML2-3250-0.005-12E-5-100-5.fa	XML-2	17	9181
XML-2/alignment_XML2-3250-0.005-12E-5-100-6.fa	XML-2	18	9181
XML-2/alignment_XML2-3250-0.005-12E-5-100-7.fa	XML-2	17	9181
XML-2/alignment_XML2-3250-0.005-12E-5-100-8.fa	XML-2	19	9181
XML-2/alignment_XML2-3250-0.005-12E-5-100-9.fa	XML-2	17	9181
XML-2/alignment_XML2-3250-0.005-12E-5-200-1.fa	XML-2	30	9181
XML-2/alignment_XML2-3250-0.005-12E-5-200-10.fa	XML-2	27	9181
XML-2/alignment_XML2-3250-0.005-12E-5-200-11.fa	XML-2	24	9181
XML-2/alignment_XML2-3250-0.005-12E-5-200-12.fa	XML-2	23	9181
XML-2/alignment_XML2-3250-0.005-12E-5-200-13.fa	XML-2	22	9181
XML-2/alignment_XML2-3250-0.005-12E-5-200-14.fa	XML-2	12	9181
XML-2/alignment_XML2-3250-0.005-12E-5-200-15.fa	XML-2	30	9181
XML-2/alignment_XML2-3250-0.005-12E-5-200-2.fa	XML-2	23	9181
XML-2/alignment_XML2-3250-0.005-12E-5-200-3.fa	XML-2	28	9181
XML-2/alignment_XML2-3250-0.005-12E-5-200-4.fa	XML-2	26	9181
XML-2/alignment_XML2-3250-0.005-12E-5-200-5.fa	XML-2	22	9181
XML-2/alignment_XML2-3250-0.005-12E-5-200-6.fa	XML-2	21	9181
XML-2/alignment_XML2-3250-0.005-12E-5-200-7.fa	XML-2	19	9181
XML-2/alignment_XML2-3250-0.005-12E-5-200-8.fa	XML-2	13	9181
XML-2/alignment_XML2-3250-0.005-12E-5-200-9.fa	XML-2	13	9181
XML-2/alignment_XML2-3250-0.005-12E-5-50-1.fa	XML-2	13	9181
XML-2/alignment_XML2-3250-0.005-12E-5-50-10.fa	XML-2	15	9181
XML-2/alignment_XML2-3250-0.005-12E-5-50-11.fa	XML-2	15	9181
XML-2/alignment_XML2-3250-0.005-12E-5-50-12.fa	XML-2	18	9181
XML-2/alignment_XML2-3250-0.005-12E-5-50-13.fa	XML-2	15	9181
XML-2/alignment_XML2-3250-0.005-12E-5-50-14.fa	XML-2	9	9181
XML-2/alignment_XML2-3250-0.005-12E-5-50-15.fa	XML-2	13	9181
XML-2/alignment_XML2-3250-0.005-12E-5-50-2.fa	XML-2	15	9181
XML-2/alignment_XML2-3250-0.005-12E-5-50-3.fa	XML-2	17	9181
XML-2/alignment_XML2-3250-0.005-12E-5-50-4.fa	XML-2	17	9181
XML-2/alignment_XML2-3250-0.005-12E-5-50-5.fa	XML-2	13	9181
XML-2/alignment_XML2-3250-0.005-12E-5-50-6.fa	XML-2	9	9181
XML-2/alignment_XML2-3250-0.005-12E-5-50-7.fa	XML-2	11	9181
XML-2/alignment_XML2-3250-0.005-12E-5-50-8.fa	XML-2	11	9181
XML-2/alignment_XML2-3250-0.005-12E-5-50-9.fa	XML-2	14	9181
XML-2/alignment_XML2-3250-0.005-4E-5-100-1.fa	XML-2	23	9181
XML-2/alignment_XML2-3250-0.005-4E-5-100-10.fa	XML-2	32	9181
XML-2/alignment_XML2-3250-0.005-4E-5-100-11.fa	XML-2	30	9181
XML-2/alignment_XML2-3250-0.005-4E-5-100-12.fa	XML-2	19	9181
XML-2/alignment_XML2-3250-0.005-4E-5-100-13.fa	XML-2	21	9181
XML-2/alignment_XML2-3250-0.005-4E-5-100-14.fa	XML-2	30	9181
XML-2/alignment_XML2-3250-0.005-4E-5-100-15.fa	XML-2	21	9181
XML-2/alignment_XML2-3250-0.005-4E-5-100-2.fa	XML-2	25	9181
XML-2/alignment_XML2-3250-0.005-4E-5-100-3.fa	XML-2	26	9181
XML-2/alignment_XML2-3250-0.005-4E-5-100-4.fa	XML-2	26	9181
XML-2/alignment_XML2-3250-0.005-4E-5-100-5.fa	XML-2	28	9181
XML-2/alignment_XML2-3250-0.005-4E-5-100-6.fa	XML-2	30	9181
XML-2/alignment_XML2-3250-0.005-4E-5-100-7.fa	XML-2	28	9181
XML-2/alignment_XML2-3250-0.005-4E-5-100-8.fa	XML-2	31	9181
XML-2/alignment_XML2-3250-0.005-4E-5-100-9.fa	XML-2	24	9181
XML-2/alignment_XML2-3250-0.005-4E-5-200-1.fa	XML-2	43	9181
XML-2/alignment_XML2-3250-0.005-4E-5-200-10.fa	XML-2	38	9181
XML-2/alignment_XML2-3250-0.005-4E-5-200-11.fa	XML-2	32	9181
XML-2/alignment_XML2-3250-0.005-4E-5-200-12.fa	XML-2	34	9181
XML-2/alignment_XML2-3250-0.005-4E-5-200-13.fa	XML-2	31	9181
XML-2/alignment_XML2-3250-0.005-4E-5-200-14.fa	XML-2	19	9181
XML-2/alignment_XML2-3250-0.005-4E-5-200-15.fa	XML-2	42	9181
XML-2/alignment_XML2-3250-0.005-4E-5-200-2.fa	XML-2	28	9181
XML-2/alignment_XML2-3250-0.005-4E-5-200-3.fa	XML-2	25	9181
XML-2/alignment_XML2-3250-0.005-4E-5-200-4.fa	XML-2	27	9181
XML-2/alignment_XML2-3250-0.005-4E-5-200-5.fa	XML-2	35	9181
XML-2/alignment_XML2-3250-0.005-4E-5-200-6.fa	XML-2	23	9181
XML-2/alignment_XML2-3250-0.005-4E-5-200-7.fa	XML-2	45	9181
XML-2/alignment_XML2-3250-0.005-4E-5-200-8.fa	XML-2	25	9181
XML-2/alignment_XML2-3250-0.005-4E-5-200-9.fa	XML-2	18	9181
XML-2/alignment_XML2-3250-0.005-4E-5-50-1.fa	XML-2	15	9181
XML-2/alignment_XML2-3250-0.005-4E-5-50-10.fa	XML-2	18	9181
XML-2/alignment_XML2-3250-0.005-4E-5-50-11.fa	XML-2	11	9181
XML-2/alignment_XML2-3250-0.005-4E-5-50-12.fa	XML-2	14	9181
XML-2/alignment_XML2-3250-0.005-4E-5-50-13.fa	XML-2	19	9181
XML-2/alignment_XML2-3250-0.005-4E-5-50-14.fa	XML-2	16	9181
XML-2/alignment_XML2-3250-0.005-4E-5-50-15.fa	XML-2	20	9181
XML-2/alignment_XML2-3250-0.005-4E-5-50-2.fa	XML-2	17	9181
XML-2/alignment_XML2-3250-0.005-4E-5-50-3.fa	XML-2	25	9181
XML-2/alignment_XML2-3250-0.005-4E-5-50-4.fa	XML-2	23	9181
XML-2/alignment_XML2-3250-0.005-4E-5-50-5.fa	XML-2	16	9181
XML-2/alignment_XML2-3250-0.005-4E-5-50-6.fa	XML-2	10	9181
XML-2/alignment_XML2-3250-0.005-4E-5-50-7.fa	XML-2	25	9181
XML-2/alignment_XML2-3250-0.005-4E-5-50-8.fa	XML-2	17	9181
XML-2/alignment_XML2-3250-0.005-4E-5-50-9.fa	XML-2	10	9181
XML-2/alignment_XML2-3250-0.005-8E-5-100-1.fa	XML-2	23	9181
XML-2/alignment_XML2-3250-0.005-8E-5-100-10.fa	XML-2	27	9181
XML-2/alignment_XML2-3250-0.005-8E-5-100-11.fa	XML-2	18	9181
XML-2/alignment_XML2-3250-0.005-8E-5-100-12.fa	XML-2	20	9181
XML-2/alignment_XML2-3250-0.005-8E-5-100-13.fa	XML-2	23	9181
XML-2/alignment_XML2-3250-0.005-8E-5-100-14.fa	XML-2	22	9181
XML-2/alignment_XML2-3250-0.005-8E-5-100-15.fa	XML-2	20	9181
XML-2/alignment_XML2-3250-0.005-8E-5-100-2.fa	XML-2	27	9181
XML-2/alignment_XML2-3250-0.005-8E-5-100-3.fa	XML-2	24	9181
XML-2/alignment_XML2-3250-0.005-8E-5-100-4.fa	XML-2	13	9181
XML-2/alignment_XML2-3250-0.005-8E-5-100-5.fa	XML-2	24	9181
XML-2/alignment_XML2-3250-0.005-8E-5-100-6.fa	XML-2	26	9181
XML-2/alignment_XML2-3250-0.005-8E-5-100-7.fa	XML-2	22	9181
XML-2/alignment_XML2-3250-0.005-8E-5-100-8.fa	XML-2	26	9181
XML-2/alignment_XML2-3250-0.005-8E-5-100-9.fa	XML-2	37	9181
XML-2/alignment_XML2-3250-0.005-8E-5-200-1.fa	XML-2	35	9181
XML-2/alignment_XML2-3250-0.005-8E-5-200-10.fa	XML-2	17	9181
XML-2/alignment_XML2-3250-0.005-8E-5-200-11.fa	XML-2	26	9181
XML-2/alignment_XML2-3250-0.005-8E-5-200-12.fa	XML-2	42	9181
XML-2/alignment_XML2-3250-0.005-8E-5-200-13.fa	XML-2	28	9181
XML-2/alignment_XML2-3250-0.005-8E-5-200-14.fa	XML-2	17	9181
XML-2/alignment_XML2-3250-0.005-8E-5-200-15.fa	XML-2	28	9181
XML-2/alignment_XML2-3250-0.005-8E-5-200-2.fa	XML-2	39	9181
XML-2/alignment_XML2-3250-0.005-8E-5-200-3.fa	XML-2	26	9181
XML-2/alignment_XML2-3250-0.005-8E-5-200-4.fa	XML-2	24	9181
XML-2/alignment_XML2-3250-0.005-8E-5-200-5.fa	XML-2	24	9181
XML-2/alignment_XML2-3250-0.005-8E-5-200-6.fa	XML-2	51	9181
XML-2/alignment_XML2-3250-0.005-8E-5-200-7.fa	XML-2	38	9181
XML-2/alignment_XML2-3250-0.005-8E-5-200-8.fa	XML-2	23	9181
XML-2/alignment_XML2-3250-0.005-8E-5-200-9.fa	XML-2	40	9181
XML-2/alignment_XML2-3250-0.005-8E-5-50-1.fa	XML-2	14	9181
XML-2/alignment_XML2-3250-0.005-8E-5-50-10.fa	XML-2	21	9181
XML-2/alignment_XML2-3250-0.005-8E-5-50-11.fa	XML-2	15	9181
XML-2/alignment_XML2-3250-0.005-8E-5-50-12.fa	XML-2	11	9181
XML-2/alignment_XML2-3250-0.005-8E-5-50-13.fa	XML-2	16	9181
XML-2/alignment_XML2-3250-0.005-8E-5-50-14.fa	XML-2	10	9181
XML-2/alignment_XML2-3250-0.005-8E-5-50-15.fa	XML-2	11	9181
XML-2/alignment_XML2-3250-0.005-8E-5-50-2.fa	XML-2	9	9181
XML-2/alignment_XML2-3250-0.005-8E-5-50-3.fa	XML-2	19	9181
XML-2/alignment_XML2-3250-0.005-8E-5-50-4.fa	XML-2	11	9181
XML-2/alignment_XML2-3250-0.005-8E-5-50-5.fa	XML-2	16	9181
XML-2/alignment_XML2-3250-0.005-8E-5-50-6.fa	XML-2	15	9181
XML-2/alignment_XML2-3250-0.005-8E-5-50-7.fa	XML-2	14	9181
XML-2/alignment_XML2-3250-0.005-8E-5-50-8.fa	XML-2	19	9181
XML-2/alignment_XML2-3250-0.005-8E-5-50-9.fa	XML-2	25	9181
XML-2/alignment_XML2-3250-0.01-12E-5-100-1.fa	XML-2	34	9181
XML-2/alignment_XML2-3250-0.01-12E-5-100-10.fa	XML-2	28	9181
XML-2/alignment_XML2-3250-0.01-12E-5-100-11.fa	XML-2	49	9181
XML-2/alignment_XML2-3250-0.01-12E-5-100-12.fa	XML-2	34	9181
XML-2/alignment_XML2-3250-0.01-12E-5-100-13.fa	XML-2	27	9181
XML-2/alignment_XML2-3250-0.01-12E-5-100-14.fa	XML-2	32	9181
XML-2/alignment_XML2-3250-0.01-12E-5-100-15.fa	XML-2	30	9181
XML-2/alignment_XML2-3250-0.01-12E-5-100-2.fa	XML-2	27	9181
XML-2/alignment_XML2-3250-0.01-12E-5-100-3.fa	XML-2	28	9181
XML-2/alignment_XML2-3250-0.01-12E-5-100-4.fa	XML-2	43	9181
XML-2/alignment_XML2-3250-0.01-12E-5-100-5.fa	XML-2	40	9181
XML-2/alignment_XML2-3250-0.01-12E-5-100-6.fa	XML-2	27	9181
XML-2/alignment_XML2-3250-0.01-12E-5-100-7.fa	XML-2	27	9181
XML-2/alignment_XML2-3250-0.01-12E-5-100-8.fa	XML-2	35	9181
XML-2/alignment_XML2-3250-0.01-12E-5-100-9.fa	XML-2	37	9181
XML-2/alignment_XML2-3250-0.01-12E-5-200-1.fa	XML-2	53	9181
XML-2/alignment_XML2-3250-0.01-12E-5-200-10.fa	XML-2	55	9181
XML-2/alignment_XML2-3250-0.01-12E-5-200-11.fa	XML-2	50	9181
XML-2/alignment_XML2-3250-0.01-12E-5-200-12.fa	XML-2	33	9181
XML-2/alignment_XML2-3250-0.01-12E-5-200-13.fa	XML-2	37	9181
XML-2/alignment_XML2-3250-0.01-12E-5-200-14.fa	XML-2	40	9181
XML-2/alignment_XML2-3250-0.01-12E-5-200-15.fa	XML-2	50	9181
XML-2/alignment_XML2-3250-0.01-12E-5-200-2.fa	XML-2	45	9181
XML-2/alignment_XML2-3250-0.01-12E-5-200-3.fa	XML-2	37	9181
XML-2/alignment_XML2-3250-0.01-12E-5-200-4.fa	XML-2	41	9181
XML-2/alignment_XML2-3250-0.01-12E-5-200-5.fa	XML-2	67	9181
XML-2/alignment_XML2-3250-0.01-12E-5-200-6.fa	XML-2	55	9181
XML-2/alignment_XML2-3250-0.01-12E-5-200-7.fa	XML-2	50	9181
XML-2/alignment_XML2-3250-0.01-12E-5-200-8.fa	XML-2	52	9181
XML-2/alignment_XML2-3250-0.01-12E-5-200-9.fa	XML-2	41	9181
XML-2/alignment_XML2-3250-0.01-12E-5-50-1.fa	XML-2	9	9181
XML-2/alignment_XML2-3250-0.01-12E-5-50-10.fa	XML-2	27	9181
XML-2/alignment_XML2-3250-0.01-12E-5-50-11.fa	XML-2	24	9181
XML-2/alignment_XML2-3250-0.01-12E-5-50-12.fa	XML-2	14	9181
XML-2/alignment_XML2-3250-0.01-12E-5-50-13.fa	XML-2	27	9181
XML-2/alignment_XML2-3250-0.01-12E-5-50-14.fa	XML-2	29	9181
XML-2/alignment_XML2-3250-0.01-12E-5-50-15.fa	XML-2	22	9181
XML-2/alignment_XML2-3250-0.01-12E-5-50-2.fa	XML-2	26	9181
XML-2/alignment_XML2-3250-0.01-12E-5-50-3.fa	XML-2	16	9181
XML-2/alignment_XML2-3250-0.01-12E-5-50-4.fa	XML-2	28	9181
XML-2/alignment_XML2-3250-0.01-12E-5-50-5.fa	XML-2	27	9181
XML-2/alignment_XML2-3250-0.01-12E-5-50-6.fa	XML-2	24	9181
XML-2/alignment_XML2-3250-0.01-12E-5-50-7.fa	XML-2	25	9181
XML-2/alignment_XML2-3250-0.01-12E-5-50-8.fa	XML-2	22	9181
XML-2/alignment_XML2-3250-0.01-12E-5-50-9.fa	XML-2	16	9181
XML-2/alignment_XML2-3250-0.01-4E-5-100-1.fa	XML-2	45	9181
XML-2/alignment_XML2-3250-0.01-4E-5-100-10.fa	XML-2	22	9181
XML-2/alignment_XML2-3250-0.01-4E-5-100-11.fa	XML-2	64	9181
XML-2/alignment_XML2-3250-0.01-4E-5-100-12.fa	XML-2	45	9181
XML-2/alignment_XML2-3250-0.01-4E-5-100-13.fa	XML-2	44	9181
XML-2/alignment_XML2-3250-0.01-4E-5-100-14.fa	XML-2	32	9181
XML-2/alignment_XML2-3250-0.01-4E-5-100-15.fa	XML-2	39	9181
XML-2/alignment_XML2-3250-0.01-4E-5-100-2.fa	XML-2	34	9181
XML-2/alignment_XML2-3250-0.01-4E-5-100-3.fa	XML-2	40	9181
XML-2/alignment_XML2-3250-0.01-4E-5-100-4.fa	XML-2	31	9181
XML-2/alignment_XML2-3250-0.01-4E-5-100-5.fa	XML-2	42	9181
XML-2/alignment_XML2-3250-0.01-4E-5-100-6.fa	XML-2	53	9181
XML-2/alignment_XML2-3250-0.01-4E-5-100-7.fa	XML-2	43	9181
XML-2/alignment_XML2-3250-0.01-4E-5-100-8.fa	XML-2	35	9181
XML-2/alignment_XML2-3250-0.01-4E-5-100-9.fa	XML-2	41	9181
XML-2/alignment_XML2-3250-0.01-4E-5-200-1.fa	XML-2	56	9181
XML-2/alignment_XML2-3250-0.01-4E-5-200-10.fa	XML-2	59	9181
XML-2/alignment_XML2-3250-0.01-4E-5-200-11.fa	XML-2	45	9181
XML-2/alignment_XML2-3250-0.01-4E-5-200-12.fa	XML-2	42	9181
XML-2/alignment_XML2-3250-0.01-4E-5-200-13.fa	XML-2	51	9181
XML-2/alignment_XML2-3250-0.01-4E-5-200-14.fa	XML-2	72	9181
XML-2/alignment_XML2-3250-0.01-4E-5-200-15.fa	XML-2	48	9181
XML-2/alignment_XML2-3250-0.01-4E-5-200-2.fa	XML-2	55	9181
XML-2/alignment_XML2-3250-0.01-4E-5-200-3.fa	XML-2	48	9181
XML-2/alignment_XML2-3250-0.01-4E-5-200-4.fa	XML-2	43	9181
XML-2/alignment_XML2-3250-0.01-4E-5-200-5.fa	XML-2	56	9181
XML-2/alignment_XML2-3250-0.01-4E-5-200-6.fa	XML-2	74	9181
XML-2/alignment_XML2-3250-0.01-4E-5-200-7.fa	XML-2	68	9181
XML-2/alignment_XML2-3250-0.01-4E-5-200-8.fa	XML-2	49	9181
XML-2/alignment_XML2-3250-0.01-4E-5-200-9.fa	XML-2	64	9181
XML-2/alignment_XML2-3250-0.01-4E-5-50-1.fa	XML-2	33	9181
XML-2/alignment_XML2-3250-0.01-4E-5-50-10.fa	XML-2	27	9181
XML-2/alignment_XML2-3250-0.01-4E-5-50-11.fa	XML-2	28	9181
XML-2/alignment_XML2-3250-0.01-4E-5-50-12.fa	XML-2	37	9181
XML-2/alignment_XML2-3250-0.01-4E-5-50-13.fa	XML-2	30	9181
XML-2/alignment_XML2-3250-0.01-4E-5-50-14.fa	XML-2	26	9181
XML-2/alignment_XML2-3250-0.01-4E-5-50-15.fa	XML-2	19	9181
XML-2/alignment_XML2-3250-0.01-4E-5-50-2.fa	XML-2	35	9181
XML-2/alignment_XML2-3250-0.01-4E-5-50-3.fa	XML-2	31	9181
XML-2/alignment_XML2-3250-0.01-4E-5-50-4.fa	XML-2	31	9181
XML-2/alignment_XML2-3250-0.01-4E-5-50-5.fa	XML-2	30	9181
XML-2/alignment_XML2-3250-0.01-4E-5-50-6.fa	XML-2	25	9181
XML-2/alignment_XML2-3250-0.01-4E-5-50-7.fa	XML-2	29	9181
XML-2/alignment_XML2-3250-0.01-4E-5-50-8.fa	XML-2	26	9181
XML-2/alignment_XML2-3250-0.01-4E-5-50-9.fa	XML-2	22	9181
XML-2/alignment_XML2-3250-0.01-8E-5-100-1.fa	XML-2	39	9181
XML-2/alignment_XML2-3250-0.01-8E-5-100-10.fa	XML-2	30	9181
XML-2/alignment_XML2-3250-0.01-8E-5-100-11.fa	XML-2	34	9181
XML-2/alignment_XML2-3250-0.01-8E-5-100-12.fa	XML-2	41	9181
XML-2/alignment_XML2-3250-0.01-8E-5-100-13.fa	XML-2	34	9181
XML-2/alignment_XML2-3250-0.01-8E-5-100-14.fa	XML-2	35	9181
XML-2/alignment_XML2-3250-0.01-8E-5-100-15.fa	XML-2	24	9181
XML-2/alignment_XML2-3250-0.01-8E-5-100-2.fa	XML-2	34	9181
XML-2/alignment_XML2-3250-0.01-8E-5-100-3.fa	XML-2	47	9181
XML-2/alignment_XML2-3250-0.01-8E-5-100-4.fa	XML-2	29	9181
XML-2/alignment_XML2-3250-0.01-8E-5-100-5.fa	XML-2	43	9181
XML-2/alignment_XML2-3250-0.01-8E-5-100-6.fa	XML-2	39	9181
XML-2/alignment_XML2-3250-0.01-8E-5-100-7.fa	XML-2	37	9181
XML-2/alignment_XML2-3250-0.01-8E-5-100-8.fa	XML-2	32	9181
XML-2/alignment_XML2-3250-0.01-8E-5-100-9.fa	XML-2	29	9181
XML-2/alignment_XML2-3250-0.01-8E-5-200-1.fa	XML-2	44	9181
XML-2/alignment_XML2-3250-0.01-8E-5-200-10.fa	XML-2	35	9181
XML-2/alignment_XML2-3250-0.01-8E-5-200-11.fa	XML-2	56	9181
XML-2/alignment_XML2-3250-0.01-8E-5-200-12.fa	XML-2	36	9181
XML-2/alignment_XML2-3250-0.01-8E-5-200-13.fa	XML-2	36	9181
XML-2/alignment_XML2-3250-0.01-8E-5-200-14.fa	XML-2	60	9181
XML-2/alignment_XML2-3250-0.01-8E-5-200-15.fa	XML-2	47	9181
XML-2/alignment_XML2-3250-0.01-8E-5-200-2.fa	XML-2	43	9181
XML-2/alignment_XML2-3250-0.01-8E-5-200-3.fa	XML-2	38	9181
XML-2/alignment_XML2-3250-0.01-8E-5-200-4.fa	XML-2	42	9181
XML-2/alignment_XML2-3250-0.01-8E-5-200-5.fa	XML-2	47	9181
XML-2/alignment_XML2-3250-0.01-8E-5-200-6.fa	XML-2	46	9181
XML-2/alignment_XML2-3250-0.01-8E-5-200-7.fa	XML-2	43	9181
XML-2/alignment_XML2-3250-0.01-8E-5-200-8.fa	XML-2	39	9181
XML-2/alignment_XML2-3250-0.01-8E-5-200-9.fa	XML-2	49	9181
XML-2/alignment_XML2-3250-0.01-8E-5-50-1.fa	XML-2	19	9181
XML-2/alignment_XML2-3250-0.01-8E-5-50-10.fa	XML-2	29	9181
XML-2/alignment_XML2-3250-0.01-8E-5-50-11.fa	XML-2	31	9181
XML-2/alignment_XML2-3250-0.01-8E-5-50-12.fa	XML-2	23	9181
XML-2/alignment_XML2-3250-0.01-8E-5-50-13.fa	XML-2	31	9181
XML-2/alignment_XML2-3250-0.01-8E-5-50-14.fa	XML-2	19	9181
XML-2/alignment_XML2-3250-0.01-8E-5-50-15.fa	XML-2	16	9181
XML-2/alignment_XML2-3250-0.01-8E-5-50-2.fa	XML-2	26	9181
XML-2/alignment_XML2-3250-0.01-8E-5-50-3.fa	XML-2	19	9181
XML-2/alignment_XML2-3250-0.01-8E-5-50-4.fa	XML-2	25	9181
XML-2/alignment_XML2-3250-0.01-8E-5-50-5.fa	XML-2	24	9181
XML-2/alignment_XML2-3250-0.01-8E-5-50-6.fa	XML-2	38	9181
XML-2/alignment_XML2-3250-0.01-8E-5-50-7.fa	XML-2	19	9181
XML-2/alignment_XML2-3250-0.01-8E-5-50-8.fa	XML-2	22	9181
XML-2/alignment_XML2-3250-0.01-8E-5-50-9.fa	XML-2	22	9181
XML-2/alignment_XML2-3250-0.02-12E-5-100-1.fa	XML-2	59	9181
XML-2/alignment_XML2-3250-0.02-12E-5-100-10.fa	XML-2	62	9181
XML-2/alignment_XML2-3250-0.02-12E-5-100-11.fa	XML-2	46	9181
XML-2/alignment_XML2-3250-0.02-12E-5-100-12.fa	XML-2	49	9181
XML-2/alignment_XML2-3250-0.02-12E-5-100-13.fa	XML-2	36	9181
XML-2/alignment_XML2-3250-0.02-12E-5-100-14.fa	XML-2	52	9181
XML-2/alignment_XML2-3250-0.02-12E-5-100-15.fa	XML-2	47	9181
XML-2/alignment_XML2-3250-0.02-12E-5-100-2.fa	XML-2	57	9181
XML-2/alignment_XML2-3250-0.02-12E-5-100-3.fa	XML-2	42	9181
XML-2/alignment_XML2-3250-0.02-12E-5-100-4.fa	XML-2	62	9181
XML-2/alignment_XML2-3250-0.02-12E-5-100-5.fa	XML-2	52	9181
XML-2/alignment_XML2-3250-0.02-12E-5-100-6.fa	XML-2	36	9181
XML-2/alignment_XML2-3250-0.02-12E-5-100-7.fa	XML-2	44	9181
XML-2/alignment_XML2-3250-0.02-12E-5-100-8.fa	XML-2	56	9181
XML-2/alignment_XML2-3250-0.02-12E-5-100-9.fa	XML-2	55	9181
XML-2/alignment_XML2-3250-0.02-12E-5-200-1.fa	XML-2	101	9181
XML-2/alignment_XML2-3250-0.02-12E-5-200-10.fa	XML-2	73	9181
XML-2/alignment_XML2-3250-0.02-12E-5-200-11.fa	XML-2	72	9181
XML-2/alignment_XML2-3250-0.02-12E-5-200-12.fa	XML-2	86	9181
XML-2/alignment_XML2-3250-0.02-12E-5-200-13.fa	XML-2	90	9181
XML-2/alignment_XML2-3250-0.02-12E-5-200-14.fa	XML-2	72	9181
XML-2/alignment_XML2-3250-0.02-12E-5-200-15.fa	XML-2	62	9181
XML-2/alignment_XML2-3250-0.02-12E-5-200-2.fa	XML-2	82	9181
XML-2/alignment_XML2-3250-0.02-12E-5-200-3.fa	XML-2	66	9181
XML-2/alignment_XML2-3250-0.02-12E-5-200-4.fa	XML-2	103	9181
XML-2/alignment_XML2-3250-0.02-12E-5-200-5.fa	XML-2	74	9181
XML-2/alignment_XML2-3250-0.02-12E-5-200-6.fa	XML-2	83	9181
XML-2/alignment_XML2-3250-0.02-12E-5-200-7.fa	XML-2	48	9181
XML-2/alignment_XML2-3250-0.02-12E-5-200-8.fa	XML-2	87	9181
XML-2/alignment_XML2-3250-0.02-12E-5-200-9.fa	XML-2	67	9181
XML-2/alignment_XML2-3250-0.02-12E-5-50-1.fa	XML-2	38	9181
XML-2/alignment_XML2-3250-0.02-12E-5-50-10.fa	XML-2	40	9181
XML-2/alignment_XML2-3250-0.02-12E-5-50-11.fa	XML-2	37	9181
XML-2/alignment_XML2-3250-0.02-12E-5-50-12.fa	XML-2	28	9181
XML-2/alignment_XML2-3250-0.02-12E-5-50-13.fa	XML-2	48	9181
XML-2/alignment_XML2-3250-0.02-12E-5-50-14.fa	XML-2	40	9181
XML-2/alignment_XML2-3250-0.02-12E-5-50-15.fa	XML-2	33	9181
XML-2/alignment_XML2-3250-0.02-12E-5-50-2.fa	XML-2	38	9181
XML-2/alignment_XML2-3250-0.02-12E-5-50-3.fa	XML-2	33	9181
XML-2/alignment_XML2-3250-0.02-12E-5-50-4.fa	XML-2	34	9181
XML-2/alignment_XML2-3250-0.02-12E-5-50-5.fa	XML-2	22	9181
XML-2/alignment_XML2-3250-0.02-12E-5-50-6.fa	XML-2	29	9181
XML-2/alignment_XML2-3250-0.02-12E-5-50-7.fa	XML-2	38	9181
XML-2/alignment_XML2-3250-0.02-12E-5-50-8.fa	XML-2	31	9181
XML-2/alignment_XML2-3250-0.02-12E-5-50-9.fa	XML-2	32	9181
XML-2/alignment_XML2-3250-0.02-4E-5-100-1.fa	XML-2	52	9181
XML-2/alignment_XML2-3250-0.02-4E-5-100-10.fa	XML-2	56	9181
XML-2/alignment_XML2-3250-0.02-4E-5-100-11.fa	XML-2	55	9181
XML-2/alignment_XML2-3250-0.02-4E-5-100-12.fa	XML-2	81	9181
XML-2/alignment_XML2-3250-0.02-4E-5-100-13.fa	XML-2	65	9181
XML-2/alignment_XML2-3250-0.02-4E-5-100-14.fa	XML-2	47	9181
XML-2/alignment_XML2-3250-0.02-4E-5-100-15.fa	XML-2	52	9181
XML-2/alignment_XML2-3250-0.02-4E-5-100-2.fa	XML-2	45	9181
XML-2/alignment_XML2-3250-0.02-4E-5-100-3.fa	XML-2	46	9181
XML-2/alignment_XML2-3250-0.02-4E-5-100-4.fa	XML-2	53	9181
XML-2/alignment_XML2-3250-0.02-4E-5-100-5.fa	XML-2	50	9181
XML-2/alignment_XML2-3250-0.02-4E-5-100-6.fa	XML-2	53	9181
XML-2/alignment_XML2-3250-0.02-4E-5-100-7.fa	XML-2	48	9181
XML-2/alignment_XML2-3250-0.02-4E-5-100-8.fa	XML-2	56	9181
XML-2/alignment_XML2-3250-0.02-4E-5-100-9.fa	XML-2	61	9181
XML-2/alignment_XML2-3250-0.02-4E-5-200-1.fa	XML-2	57	9181
XML-2/alignment_XML2-3250-0.02-4E-5-200-10.fa	XML-2	89	9181
XML-2/alignment_XML2-3250-0.02-4E-5-200-11.fa	XML-2	75	9181
XML-2/alignment_XML2-3250-0.02-4E-5-200-12.fa	XML-2	94	9181
XML-2/alignment_XML2-3250-0.02-4E-5-200-13.fa	XML-2	77	9181
XML-2/alignment_XML2-3250-0.02-4E-5-200-14.fa	XML-2	83	9181
XML-2/alignment_XML2-3250-0.02-4E-5-200-15.fa	XML-2	87	9181
XML-2/alignment_XML2-3250-0.02-4E-5-200-2.fa	XML-2	69	9181
XML-2/alignment_XML2-3250-0.02-4E-5-200-3.fa	XML-2	75	9181
XML-2/alignment_XML2-3250-0.02-4E-5-200-4.fa	XML-2	64	9181
XML-2/alignment_XML2-3250-0.02-4E-5-200-5.fa	XML-2	69	9181
XML-2/alignment_XML2-3250-0.02-4E-5-200-6.fa	XML-2	64	9181
XML-2/alignment_XML2-3250-0.02-4E-5-200-7.fa	XML-2	104	9181
XML-2/alignment_XML2-3250-0.02-4E-5-200-8.fa	XML-2	66	9181
XML-2/alignment_XML2-3250-0.02-4E-5-200-9.fa	XML-2	89	9181
XML-2/alignment_XML2-3250-0.02-4E-5-50-1.fa	XML-2	32	9181
XML-2/alignment_XML2-3250-0.02-4E-5-50-10.fa	XML-2	33	9181
XML-2/alignment_XML2-3250-0.02-4E-5-50-11.fa	XML-2	36	9181
XML-2/alignment_XML2-3250-0.02-4E-5-50-12.fa	XML-2	41	9181
XML-2/alignment_XML2-3250-0.02-4E-5-50-13.fa	XML-2	34	9181
XML-2/alignment_XML2-3250-0.02-4E-5-50-14.fa	XML-2	50	9181
XML-2/alignment_XML2-3250-0.02-4E-5-50-15.fa	XML-2	31	9181
XML-2/alignment_XML2-3250-0.02-4E-5-50-2.fa	XML-2	22	9181
XML-2/alignment_XML2-3250-0.02-4E-5-50-3.fa	XML-2	37	9181
XML-2/alignment_XML2-3250-0.02-4E-5-50-4.fa	XML-2	45	9181
XML-2/alignment_XML2-3250-0.02-4E-5-50-5.fa	XML-2	32	9181
XML-2/alignment_XML2-3250-0.02-4E-5-50-6.fa	XML-2	34	9181
XML-2/alignment_XML2-3250-0.02-4E-5-50-7.fa	XML-2	34	9181
XML-2/alignment_XML2-3250-0.02-4E-5-50-8.fa	XML-2	30	9181
XML-2/alignment_XML2-3250-0.02-4E-5-50-9.fa	XML-2	45	9181
XML-2/alignment_XML2-3250-0.02-8E-5-100-1.fa	XML-2	49	9181
XML-2/alignment_XML2-3250-0.02-8E-5-100-10.fa	XML-2	68	9181
XML-2/alignment_XML2-3250-0.02-8E-5-100-11.fa	XML-2	53	9181
XML-2/alignment_XML2-3250-0.02-8E-5-100-12.fa	XML-2	51	9181
XML-2/alignment_XML2-3250-0.02-8E-5-100-13.fa	XML-2	54	9181
XML-2/alignment_XML2-3250-0.02-8E-5-100-14.fa	XML-2	42	9181
XML-2/alignment_XML2-3250-0.02-8E-5-100-15.fa	XML-2	52	9181
XML-2/alignment_XML2-3250-0.02-8E-5-100-2.fa	XML-2	37	9181
XML-2/alignment_XML2-3250-0.02-8E-5-100-3.fa	XML-2	54	9181
XML-2/alignment_XML2-3250-0.02-8E-5-100-4.fa	XML-2	70	9181
XML-2/alignment_XML2-3250-0.02-8E-5-100-5.fa	XML-2	56	9181
XML-2/alignment_XML2-3250-0.02-8E-5-100-6.fa	XML-2	37	9181
XML-2/alignment_XML2-3250-0.02-8E-5-100-7.fa	XML-2	45	9181
XML-2/alignment_XML2-3250-0.02-8E-5-100-8.fa	XML-2	63	9181
XML-2/alignment_XML2-3250-0.02-8E-5-100-9.fa	XML-2	62	9181
XML-2/alignment_XML2-3250-0.02-8E-5-200-1.fa	XML-2	89	9181
XML-2/alignment_XML2-3250-0.02-8E-5-200-10.fa	XML-2	73	9181
XML-2/alignment_XML2-3250-0.02-8E-5-200-11.fa	XML-2	91	9181
XML-2/alignment_XML2-3250-0.02-8E-5-200-12.fa	XML-2	87	9181
XML-2/alignment_XML2-3250-0.02-8E-5-200-13.fa	XML-2	74	9181
XML-2/alignment_XML2-3250-0.02-8E-5-200-14.fa	XML-2	83	9181
XML-2/alignment_XML2-3250-0.02-8E-5-200-15.fa	XML-2	100	9181
XML-2/alignment_XML2-3250-0.02-8E-5-200-2.fa	XML-2	71	9181
XML-2/alignment_XML2-3250-0.02-8E-5-200-3.fa	XML-2	81	9181
XML-2/alignment_XML2-3250-0.02-8E-5-200-4.fa	XML-2	78	9181
XML-2/alignment_XML2-3250-0.02-8E-5-200-5.fa	XML-2	80	9181
XML-2/alignment_XML2-3250-0.02-8E-5-200-6.fa	XML-2	78	9181
XML-2/alignment_XML2-3250-0.02-8E-5-200-7.fa	XML-2	69	9181
XML-2/alignment_XML2-3250-0.02-8E-5-200-8.fa	XML-2	87	9181
XML-2/alignment_XML2-3250-0.02-8E-5-200-9.fa	XML-2	92	9181
XML-2/alignment_XML2-3250-0.02-8E-5-50-1.fa	XML-2	39	9181
XML-2/alignment_XML2-3250-0.02-8E-5-50-10.fa	XML-2	17	9181
XML-2/alignment_XML2-3250-0.02-8E-5-50-11.fa	XML-2	39	9181
XML-2/alignment_XML2-3250-0.02-8E-5-50-12.fa	XML-2	29	9181
XML-2/alignment_XML2-3250-0.02-8E-5-50-13.fa	XML-2	23	9181
XML-2/alignment_XML2-3250-0.02-8E-5-50-14.fa	XML-2	39	9181
XML-2/alignment_XML2-3250-0.02-8E-5-50-15.fa	XML-2	35	9181
XML-2/alignment_XML2-3250-0.02-8E-5-50-2.fa	XML-2	31	9181
XML-2/alignment_XML2-3250-0.02-8E-5-50-3.fa	XML-2	45	9181
XML-2/alignment_XML2-3250-0.02-8E-5-50-4.fa	XML-2	34	9181
XML-2/alignment_XML2-3250-0.02-8E-5-50-5.fa	XML-2	28	9181
XML-2/alignment_XML2-3250-0.02-8E-5-50-6.fa	XML-2	33	9181
XML-2/alignment_XML2-3250-0.02-8E-5-50-7.fa	XML-2	37	9181
XML-2/alignment_XML2-3250-0.02-8E-5-50-8.fa	XML-2	37	9181
XML-2/alignment_XML2-3250-0.02-8E-5-50-9.fa	XML-2	31	9181
XML-2/alignment_XML2-4000-0.005-12E-5-100-1.fa	XML-2	21	9181
XML-2/alignment_XML2-4000-0.005-12E-5-100-10.fa	XML-2	16	9181
XML-2/alignment_XML2-4000-0.005-12E-5-100-11.fa	XML-2	22	9181
XML-2/alignment_XML2-4000-0.005-12E-5-100-12.fa	XML-2	27	9181
XML-2/alignment_XML2-4000-0.005-12E-5-100-13.fa	XML-2	24	9181
XML-2/alignment_XML2-4000-0.005-12E-5-100-14.fa	XML-2	24	9181
XML-2/alignment_XML2-4000-0.005-12E-5-100-15.fa	XML-2	27	9181
XML-2/alignment_XML2-4000-0.005-12E-5-100-2.fa	XML-2	13	9181
XML-2/alignment_XML2-4000-0.005-12E-5-100-3.fa	XML-2	18	9181
XML-2/alignment_XML2-4000-0.005-12E-5-100-4.fa	XML-2	16	9181
XML-2/alignment_XML2-4000-0.005-12E-5-100-5.fa	XML-2	11	9181
XML-2/alignment_XML2-4000-0.005-12E-5-100-6.fa	XML-2	25	9181
XML-2/alignment_XML2-4000-0.005-12E-5-100-7.fa	XML-2	24	9181
XML-2/alignment_XML2-4000-0.005-12E-5-100-8.fa	XML-2	26	9181
XML-2/alignment_XML2-4000-0.005-12E-5-100-9.fa	XML-2	15	9181
XML-2/alignment_XML2-4000-0.005-12E-5-200-1.fa	XML-2	37	9181
XML-2/alignment_XML2-4000-0.005-12E-5-200-10.fa	XML-2	25	9181
XML-2/alignment_XML2-4000-0.005-12E-5-200-11.fa	XML-2	28	9181
XML-2/alignment_XML2-4000-0.005-12E-5-200-12.fa	XML-2	24	9181
XML-2/alignment_XML2-4000-0.005-12E-5-200-13.fa	XML-2	27	9181
XML-2/alignment_XML2-4000-0.005-12E-5-200-14.fa	XML-2	21	9181
XML-2/alignment_XML2-4000-0.005-12E-5-200-15.fa	XML-2	23	9181
XML-2/alignment_XML2-4000-0.005-12E-5-200-2.fa	XML-2	24	9181
XML-2/alignment_XML2-4000-0.005-12E-5-200-3.fa	XML-2	29	9181
XML-2/alignment_XML2-4000-0.005-12E-5-200-4.fa	XML-2	17	9181
XML-2/alignment_XML2-4000-0.005-12E-5-200-5.fa	XML-2	24	9181
XML-2/alignment_XML2-4000-0.005-12E-5-200-6.fa	XML-2	28	9181
XML-2/alignment_XML2-4000-0.005-12E-5-200-7.fa	XML-2	19	9181
XML-2/alignment_XML2-4000-0.005-12E-5-200-8.fa	XML-2	26	9181
XML-2/alignment_XML2-4000-0.005-12E-5-200-9.fa	XML-2	23	9181
XML-2/alignment_XML2-4000-0.005-12E-5-50-1.fa	XML-2	8	9096
XML-2/alignment_XML2-4000-0.005-12E-5-50-10.fa	XML-2	12	9181
XML-2/alignment_XML2-4000-0.005-12E-5-50-11.fa	XML-2	10	9181
XML-2/alignment_XML2-4000-0.005-12E-5-50-12.fa	XML-2	14	9181
XML-2/alignment_XML2-4000-0.005-12E-5-50-13.fa	XML-2	21	9181
XML-2/alignment_XML2-4000-0.005-12E-5-50-14.fa	XML-2	13	9181
XML-2/alignment_XML2-4000-0.005-12E-5-50-15.fa	XML-2	16	9181
XML-2/alignment_XML2-4000-0.005-12E-5-50-2.fa	XML-2	9	9181
XML-2/alignment_XML2-4000-0.005-12E-5-50-3.fa	XML-2	16	9181
XML-2/alignment_XML2-4000-0.005-12E-5-50-4.fa	XML-2	8	9181
XML-2/alignment_XML2-4000-0.005-12E-5-50-5.fa	XML-2	19	9181
XML-2/alignment_XML2-4000-0.005-12E-5-50-6.fa	XML-2	9	9181
XML-2/alignment_XML2-4000-0.005-12E-5-50-7.fa	XML-2	9	9181
XML-2/alignment_XML2-4000-0.005-12E-5-50-8.fa	XML-2	13	9181
XML-2/alignment_XML2-4000-0.005-12E-5-50-9.fa	XML-2	15	9181
XML-2/alignment_XML2-4000-0.005-4E-5-100-1.fa	XML-2	21	9181
XML-2/alignment_XML2-4000-0.005-4E-5-100-10.fa	XML-2	24	9181
XML-2/alignment_XML2-4000-0.005-4E-5-100-11.fa	XML-2	23	9181
XML-2/alignment_XML2-4000-0.005-4E-5-100-12.fa	XML-2	21	9181
XML-2/alignment_XML2-4000-0.005-4E-5-100-13.fa	XML-2	22	9181
XML-2/alignment_XML2-4000-0.005-4E-5-100-14.fa	XML-2	19	9181
XML-2/alignment_XML2-4000-0.005-4E-5-100-15.fa	XML-2	23	9181
XML-2/alignment_XML2-4000-0.005-4E-5-100-2.fa	XML-2	37	9181
XML-2/alignment_XML2-4000-0.005-4E-5-100-3.fa	XML-2	29	9181
XML-2/alignment_XML2-4000-0.005-4E-5-100-4.fa	XML-2	27	9181
XML-2/alignment_XML2-4000-0.005-4E-5-100-5.fa	XML-2	21	9181
XML-2/alignment_XML2-4000-0.005-4E-5-100-6.fa	XML-2	25	9181
XML-2/alignment_XML2-4000-0.005-4E-5-100-7.fa	XML-2	29	9181
XML-2/alignment_XML2-4000-0.005-4E-5-100-8.fa	XML-2	29	9181
XML-2/alignment_XML2-4000-0.005-4E-5-100-9.fa	XML-2	22	9181
XML-2/alignment_XML2-4000-0.005-4E-5-200-1.fa	XML-2	30	9181
XML-2/alignment_XML2-4000-0.005-4E-5-200-10.fa	XML-2	25	9181
XML-2/alignment_XML2-4000-0.005-4E-5-200-11.fa	XML-2	29	9181
XML-2/alignment_XML2-4000-0.005-4E-5-200-12.fa	XML-2	24	9181
XML-2/alignment_XML2-4000-0.005-4E-5-200-13.fa	XML-2	52	9181
XML-2/alignment_XML2-4000-0.005-4E-5-200-14.fa	XML-2	41	9181
XML-2/alignment_XML2-4000-0.005-4E-5-200-15.fa	XML-2	31	9181
XML-2/alignment_XML2-4000-0.005-4E-5-200-2.fa	XML-2	40	9181
XML-2/alignment_XML2-4000-0.005-4E-5-200-3.fa	XML-2	31	9181
XML-2/alignment_XML2-4000-0.005-4E-5-200-4.fa	XML-2	29	9181
XML-2/alignment_XML2-4000-0.005-4E-5-200-5.fa	XML-2	51	9181
XML-2/alignment_XML2-4000-0.005-4E-5-200-6.fa	XML-2	31	9181
XML-2/alignment_XML2-4000-0.005-4E-5-200-7.fa	XML-2	26	9181
XML-2/alignment_XML2-4000-0.005-4E-5-200-8.fa	XML-2	34	9181
XML-2/alignment_XML2-4000-0.005-4E-5-200-9.fa	XML-2	19	9181
XML-2/alignment_XML2-4000-0.005-4E-5-50-1.fa	XML-2	23	9181
XML-2/alignment_XML2-4000-0.005-4E-5-50-10.fa	XML-2	13	9181
XML-2/alignment_XML2-4000-0.005-4E-5-50-11.fa	XML-2	20	9181
XML-2/alignment_XML2-4000-0.005-4E-5-50-12.fa	XML-2	20	9181
XML-2/alignment_XML2-4000-0.005-4E-5-50-13.fa	XML-2	17	9181
XML-2/alignment_XML2-4000-0.005-4E-5-50-14.fa	XML-2	25	9181
XML-2/alignment_XML2-4000-0.005-4E-5-50-15.fa	XML-2	19	9181
XML-2/alignment_XML2-4000-0.005-4E-5-50-2.fa	XML-2	20	9181
XML-2/alignment_XML2-4000-0.005-4E-5-50-3.fa	XML-2	14	9181
XML-2/alignment_XML2-4000-0.005-4E-5-50-4.fa	XML-2	19	9181
XML-2/alignment_XML2-4000-0.005-4E-5-50-5.fa	XML-2	25	9181
XML-2/alignment_XML2-4000-0.005-4E-5-50-6.fa	XML-2	27	9181
XML-2/alignment_XML2-4000-0.005-4E-5-50-7.fa	XML-2	25	9181
XML-2/alignment_XML2-4000-0.005-4E-5-50-8.fa	XML-2	21	9181
XML-2/alignment_XML2-4000-0.005-4E-5-50-9.fa	XML-2	18	9181
XML-2/alignment_XML2-4000-0.005-8E-5-100-1.fa	XML-2	19	9181
XML-2/alignment_XML2-4000-0.005-8E-5-100-10.fa	XML-2	24	9181
XML-2/alignment_XML2-4000-0.005-8E-5-100-11.fa	XML-2	21	9181
XML-2/alignment_XML2-4000-0.005-8E-5-100-12.fa	XML-2	23	9181
XML-2/alignment_XML2-4000-0.005-8E-5-100-13.fa	XML-2	23	9181
XML-2/alignment_XML2-4000-0.005-8E-5-100-14.fa	XML-2	19	9181
XML-2/alignment_XML2-4000-0.005-8E-5-100-15.fa	XML-2	20	9181
XML-2/alignment_XML2-4000-0.005-8E-5-100-2.fa	XML-2	17	9181
XML-2/alignment_XML2-4000-0.005-8E-5-100-3.fa	XML-2	16	9181
XML-2/alignment_XML2-4000-0.005-8E-5-100-4.fa	XML-2	26	9181
XML-2/alignment_XML2-4000-0.005-8E-5-100-5.fa	XML-2	28	9181
XML-2/alignment_XML2-4000-0.005-8E-5-100-6.fa	XML-2	18	9181
XML-2/alignment_XML2-4000-0.005-8E-5-100-7.fa	XML-2	19	9181
XML-2/alignment_XML2-4000-0.005-8E-5-100-8.fa	XML-2	21	9181
XML-2/alignment_XML2-4000-0.005-8E-5-100-9.fa	XML-2	26	9181
XML-2/alignment_XML2-4000-0.005-8E-5-200-1.fa	XML-2	28	9181
XML-2/alignment_XML2-4000-0.005-8E-5-200-10.fa	XML-2	24	9181
XML-2/alignment_XML2-4000-0.005-8E-5-200-11.fa	XML-2	23	9181
XML-2/alignment_XML2-4000-0.005-8E-5-200-12.fa	XML-2	35	9181
XML-2/alignment_XML2-4000-0.005-8E-5-200-13.fa	XML-2	32	9181
XML-2/alignment_XML2-4000-0.005-8E-5-200-14.fa	XML-2	29	9181
XML-2/alignment_XML2-4000-0.005-8E-5-200-15.fa	XML-2	25	9181
XML-2/alignment_XML2-4000-0.005-8E-5-200-2.fa	XML-2	38	9181
XML-2/alignment_XML2-4000-0.005-8E-5-200-3.fa	XML-2	32	9181
XML-2/alignment_XML2-4000-0.005-8E-5-200-4.fa	XML-2	25	9181
XML-2/alignment_XML2-4000-0.005-8E-5-200-5.fa	XML-2	34	9181
XML-2/alignment_XML2-4000-0.005-8E-5-200-6.fa	XML-2	33	9181
XML-2/alignment_XML2-4000-0.005-8E-5-200-7.fa	XML-2	29	9181
XML-2/alignment_XML2-4000-0.005-8E-5-200-8.fa	XML-2	17	9181
XML-2/alignment_XML2-4000-0.005-8E-5-200-9.fa	XML-2	29	9181
XML-2/alignment_XML2-4000-0.005-8E-5-50-1.fa	XML-2	17	9181
XML-2/alignment_XML2-4000-0.005-8E-5-50-10.fa	XML-2	20	9181
XML-2/alignment_XML2-4000-0.005-8E-5-50-11.fa	XML-2	20	9181
XML-2/alignment_XML2-4000-0.005-8E-5-50-12.fa	XML-2	16	9181
XML-2/alignment_XML2-4000-0.005-8E-5-50-13.fa	XML-2	19	9181
XML-2/alignment_XML2-4000-0.005-8E-5-50-14.fa	XML-2	13	9181
XML-2/alignment_XML2-4000-0.005-8E-5-50-15.fa	XML-2	19	9181
XML-2/alignment_XML2-4000-0.005-8E-5-50-2.fa	XML-2	18	9181
XML-2/alignment_XML2-4000-0.005-8E-5-50-3.fa	XML-2	13	9181
XML-2/alignment_XML2-4000-0.005-8E-5-50-4.fa	XML-2	18	9181
XML-2/alignment_XML2-4000-0.005-8E-5-50-5.fa	XML-2	21	9181
XML-2/alignment_XML2-4000-0.005-8E-5-50-6.fa	XML-2	25	9181
XML-2/alignment_XML2-4000-0.005-8E-5-50-7.fa	XML-2	22	9181
XML-2/alignment_XML2-4000-0.005-8E-5-50-8.fa	XML-2	20	9181
XML-2/alignment_XML2-4000-0.005-8E-5-50-9.fa	XML-2	14	9181
XML-2/alignment_XML2-4000-0.01-12E-5-100-1.fa	XML-2	36	9181
XML-2/alignment_XML2-4000-0.01-12E-5-100-10.fa	XML-2	32	9181
XML-2/alignment_XML2-4000-0.01-12E-5-100-11.fa	XML-2	34	9181
XML-2/alignment_XML2-4000-0.01-12E-5-100-12.fa	XML-2	26	9181
XML-2/alignment_XML2-4000-0.01-12E-5-100-13.fa	XML-2	46	9181
XML-2/alignment_XML2-4000-0.01-12E-5-100-14.fa	XML-2	46	9181
XML-2/alignment_XML2-4000-0.01-12E-5-100-15.fa	XML-2	33	9181
XML-2/alignment_XML2-4000-0.01-12E-5-100-2.fa	XML-2	29	9181
XML-2/alignment_XML2-4000-0.01-12E-5-100-3.fa	XML-2	33	9181
XML-2/alignment_XML2-4000-0.01-12E-5-100-4.fa	XML-2	32	9181
XML-2/alignment_XML2-4000-0.01-12E-5-100-5.fa	XML-2	35	9181
XML-2/alignment_XML2-4000-0.01-12E-5-100-6.fa	XML-2	34	9181
XML-2/alignment_XML2-4000-0.01-12E-5-100-7.fa	XML-2	31	9181
XML-2/alignment_XML2-4000-0.01-12E-5-100-8.fa	XML-2	33	9181
XML-2/alignment_XML2-4000-0.01-12E-5-100-9.fa	XML-2	47	9181
XML-2/alignment_XML2-4000-0.01-12E-5-200-1.fa	XML-2	34	9181
XML-2/alignment_XML2-4000-0.01-12E-5-200-10.fa	XML-2	49	9181
XML-2/alignment_XML2-4000-0.01-12E-5-200-11.fa	XML-2	55	9181
XML-2/alignment_XML2-4000-0.01-12E-5-200-12.fa	XML-2	29	9181
XML-2/alignment_XML2-4000-0.01-12E-5-200-13.fa	XML-2	42	9181
XML-2/alignment_XML2-4000-0.01-12E-5-200-14.fa	XML-2	42	9181
XML-2/alignment_XML2-4000-0.01-12E-5-200-15.fa	XML-2	37	9181
XML-2/alignment_XML2-4000-0.01-12E-5-200-2.fa	XML-2	53	9181
XML-2/alignment_XML2-4000-0.01-12E-5-200-3.fa	XML-2	24	9181
XML-2/alignment_XML2-4000-0.01-12E-5-200-4.fa	XML-2	47	9181
XML-2/alignment_XML2-4000-0.01-12E-5-200-5.fa	XML-2	44	9181
XML-2/alignment_XML2-4000-0.01-12E-5-200-6.fa	XML-2	62	9181
XML-2/alignment_XML2-4000-0.01-12E-5-200-7.fa	XML-2	51	9181
XML-2/alignment_XML2-4000-0.01-12E-5-200-8.fa	XML-2	40	9181
XML-2/alignment_XML2-4000-0.01-12E-5-200-9.fa	XML-2	39	9181
XML-2/alignment_XML2-4000-0.01-12E-5-50-1.fa	XML-2	29	9181
XML-2/alignment_XML2-4000-0.01-12E-5-50-10.fa	XML-2	21	9181
XML-2/alignment_XML2-4000-0.01-12E-5-50-11.fa	XML-2	31	9181
XML-2/alignment_XML2-4000-0.01-12E-5-50-12.fa	XML-2	24	9181
XML-2/alignment_XML2-4000-0.01-12E-5-50-13.fa	XML-2	23	9181
XML-2/alignment_XML2-4000-0.01-12E-5-50-14.fa	XML-2	24	9181
XML-2/alignment_XML2-4000-0.01-12E-5-50-15.fa	XML-2	16	9181
XML-2/alignment_XML2-4000-0.01-12E-5-50-2.fa	XML-2	27	9181
XML-2/alignment_XML2-4000-0.01-12E-5-50-3.fa	XML-2	26	9181
XML-2/alignment_XML2-4000-0.01-12E-5-50-4.fa	XML-2	18	9181
XML-2/alignment_XML2-4000-0.01-12E-5-50-5.fa	XML-2	21	9181
XML-2/alignment_XML2-4000-0.01-12E-5-50-6.fa	XML-2	27	9181
XML-2/alignment_XML2-4000-0.01-12E-5-50-7.fa	XML-2	26	9181
XML-2/alignment_XML2-4000-0.01-12E-5-50-8.fa	XML-2	20	9181
XML-2/alignment_XML2-4000-0.01-12E-5-50-9.fa	XML-2	21	9181
XML-2/alignment_XML2-4000-0.01-4E-5-100-1.fa	XML-2	35	9181
XML-2/alignment_XML2-4000-0.01-4E-5-100-10.fa	XML-2	44	9181
XML-2/alignment_XML2-4000-0.01-4E-5-100-11.fa	XML-2	44	9181
XML-2/alignment_XML2-4000-0.01-4E-5-100-12.fa	XML-2	44	9181
XML-2/alignment_XML2-4000-0.01-4E-5-100-13.fa	XML-2	40	9181
XML-2/alignment_XML2-4000-0.01-4E-5-100-14.fa	XML-2	39	9181
XML-2/alignment_XML2-4000-0.01-4E-5-100-15.fa	XML-2	43	9181
XML-2/alignment_XML2-4000-0.01-4E-5-100-2.fa	XML-2	47	9181
XML-2/alignment_XML2-4000-0.01-4E-5-100-3.fa	XML-2	37	9181
XML-2/alignment_XML2-4000-0.01-4E-5-100-4.fa	XML-2	40	9181
XML-2/alignment_XML2-4000-0.01-4E-5-100-5.fa	XML-2	51	9181
XML-2/alignment_XML2-4000-0.01-4E-5-100-6.fa	XML-2	46	9181
XML-2/alignment_XML2-4000-0.01-4E-5-100-7.fa	XML-2	36	9181
XML-2/alignment_XML2-4000-0.01-4E-5-100-8.fa	XML-2	36	9181
XML-2/alignment_XML2-4000-0.01-4E-5-100-9.fa	XML-2	44	9181
XML-2/alignment_XML2-4000-0.01-4E-5-200-1.fa	XML-2	38	9181
XML-2/alignment_XML2-4000-0.01-4E-5-200-10.fa	XML-2	59	9181
XML-2/alignment_XML2-4000-0.01-4E-5-200-11.fa	XML-2	56	9181
XML-2/alignment_XML2-4000-0.01-4E-5-200-12.fa	XML-2	56	9181
XML-2/alignment_XML2-4000-0.01-4E-5-200-13.fa	XML-2	45	9181
XML-2/alignment_XML2-4000-0.01-4E-5-200-14.fa	XML-2	56	9181
XML-2/alignment_XML2-4000-0.01-4E-5-200-15.fa	XML-2	56	9181
XML-2/alignment_XML2-4000-0.01-4E-5-200-2.fa	XML-2	44	9181
XML-2/alignment_XML2-4000-0.01-4E-5-200-3.fa	XML-2	59	9181
XML-2/alignment_XML2-4000-0.01-4E-5-200-4.fa	XML-2	69	9181
XML-2/alignment_XML2-4000-0.01-4E-5-200-5.fa	XML-2	55	9181
XML-2/alignment_XML2-4000-0.01-4E-5-200-6.fa	XML-2	38	9181
XML-2/alignment_XML2-4000-0.01-4E-5-200-7.fa	XML-2	41	9181
XML-2/alignment_XML2-4000-0.01-4E-5-200-8.fa	XML-2	61	9181
XML-2/alignment_XML2-4000-0.01-4E-5-200-9.fa	XML-2	59	9181
XML-2/alignment_XML2-4000-0.01-4E-5-50-1.fa	XML-2	29	9181
XML-2/alignment_XML2-4000-0.01-4E-5-50-10.fa	XML-2	34	9181
XML-2/alignment_XML2-4000-0.01-4E-5-50-11.fa	XML-2	19	9181
XML-2/alignment_XML2-4000-0.01-4E-5-50-12.fa	XML-2	17	9181
XML-2/alignment_XML2-4000-0.01-4E-5-50-13.fa	XML-2	26	9181
XML-2/alignment_XML2-4000-0.01-4E-5-50-14.fa	XML-2	23	9181
XML-2/alignment_XML2-4000-0.01-4E-5-50-15.fa	XML-2	26	9181
XML-2/alignment_XML2-4000-0.01-4E-5-50-2.fa	XML-2	24	9181
XML-2/alignment_XML2-4000-0.01-4E-5-50-3.fa	XML-2	34	9181
XML-2/alignment_XML2-4000-0.01-4E-5-50-4.fa	XML-2	33	9181
XML-2/alignment_XML2-4000-0.01-4E-5-50-5.fa	XML-2	29	9181
XML-2/alignment_XML2-4000-0.01-4E-5-50-6.fa	XML-2	25	9181
XML-2/alignment_XML2-4000-0.01-4E-5-50-7.fa	XML-2	32	9181
XML-2/alignment_XML2-4000-0.01-4E-5-50-8.fa	XML-2	25	9181
XML-2/alignment_XML2-4000-0.01-4E-5-50-9.fa	XML-2	23	9181
XML-2/alignment_XML2-4000-0.01-8E-5-100-1.fa	XML-2	53	9181
XML-2/alignment_XML2-4000-0.01-8E-5-100-10.fa	XML-2	28	9181
XML-2/alignment_XML2-4000-0.01-8E-5-100-11.fa	XML-2	39	9181
XML-2/alignment_XML2-4000-0.01-8E-5-100-12.fa	XML-2	48	9181
XML-2/alignment_XML2-4000-0.01-8E-5-100-13.fa	XML-2	40	9181
XML-2/alignment_XML2-4000-0.01-8E-5-100-14.fa	XML-2	36	9181
XML-2/alignment_XML2-4000-0.01-8E-5-100-15.fa	XML-2	49	9181
XML-2/alignment_XML2-4000-0.01-8E-5-100-2.fa	XML-2	28	9181
XML-2/alignment_XML2-4000-0.01-8E-5-100-3.fa	XML-2	36	9181
XML-2/alignment_XML2-4000-0.01-8E-5-100-4.fa	XML-2	36	9181
XML-2/alignment_XML2-4000-0.01-8E-5-100-5.fa	XML-2	36	9181
XML-2/alignment_XML2-4000-0.01-8E-5-100-6.fa	XML-2	32	9181
XML-2/alignment_XML2-4000-0.01-8E-5-100-7.fa	XML-2	31	9181
XML-2/alignment_XML2-4000-0.01-8E-5-100-8.fa	XML-2	37	9181
XML-2/alignment_XML2-4000-0.01-8E-5-100-9.fa	XML-2	24	9181
XML-2/alignment_XML2-4000-0.01-8E-5-200-1.fa	XML-2	51	9181
XML-2/alignment_XML2-4000-0.01-8E-5-200-10.fa	XML-2	46	9181
XML-2/alignment_XML2-4000-0.01-8E-5-200-11.fa	XML-2	56	9181
XML-2/alignment_XML2-4000-0.01-8E-5-200-12.fa	XML-2	46	9181
XML-2/alignment_XML2-4000-0.01-8E-5-200-13.fa	XML-2	37	9181
XML-2/alignment_XML2-4000-0.01-8E-5-200-14.fa	XML-2	58	9181
XML-2/alignment_XML2-4000-0.01-8E-5-200-15.fa	XML-2	60	9181
XML-2/alignment_XML2-4000-0.01-8E-5-200-2.fa	XML-2	47	9181
XML-2/alignment_XML2-4000-0.01-8E-5-200-3.fa	XML-2	55	9181
XML-2/alignment_XML2-4000-0.01-8E-5-200-4.fa	XML-2	41	9181
XML-2/alignment_XML2-4000-0.01-8E-5-200-5.fa	XML-2	62	9181
XML-2/alignment_XML2-4000-0.01-8E-5-200-6.fa	XML-2	32	9181
XML-2/alignment_XML2-4000-0.01-8E-5-200-7.fa	XML-2	48	9181
XML-2/alignment_XML2-4000-0.01-8E-5-200-8.fa	XML-2	33	9181
XML-2/alignment_XML2-4000-0.01-8E-5-200-9.fa	XML-2	48	9181
XML-2/alignment_XML2-4000-0.01-8E-5-50-1.fa	XML-2	21	9181
XML-2/alignment_XML2-4000-0.01-8E-5-50-10.fa	XML-2	22	9181
XML-2/alignment_XML2-4000-0.01-8E-5-50-11.fa	XML-2	24	9181
XML-2/alignment_XML2-4000-0.01-8E-5-50-12.fa	XML-2	28	9181
XML-2/alignment_XML2-4000-0.01-8E-5-50-13.fa	XML-2	13	9181
XML-2/alignment_XML2-4000-0.01-8E-5-50-14.fa	XML-2	32	9181
XML-2/alignment_XML2-4000-0.01-8E-5-50-15.fa	XML-2	26	9181
XML-2/alignment_XML2-4000-0.01-8E-5-50-2.fa	XML-2	21	9181
XML-2/alignment_XML2-4000-0.01-8E-5-50-3.fa	XML-2	31	9181
XML-2/alignment_XML2-4000-0.01-8E-5-50-4.fa	XML-2	27	9181
XML-2/alignment_XML2-4000-0.01-8E-5-50-5.fa	XML-2	29	9181
XML-2/alignment_XML2-4000-0.01-8E-5-50-6.fa	XML-2	23	9181
XML-2/alignment_XML2-4000-0.01-8E-5-50-7.fa	XML-2	27	9181
XML-2/alignment_XML2-4000-0.01-8E-5-50-8.fa	XML-2	26	9181
XML-2/alignment_XML2-4000-0.01-8E-5-50-9.fa	XML-2	25	9181
XML-2/alignment_XML2-4000-0.02-4E-5-100-1.fa	XML-2	52	9181
XML-2/alignment_XML2-4000-0.02-4E-5-100-10.fa	XML-2	60	9181
XML-2/alignment_XML2-4000-0.02-4E-5-100-11.fa	XML-2	59	9181
XML-2/alignment_XML2-4000-0.02-4E-5-100-12.fa	XML-2	48	9181
XML-2/alignment_XML2-4000-0.02-4E-5-100-13.fa	XML-2	54	9181
XML-2/alignment_XML2-4000-0.02-4E-5-100-14.fa	XML-2	60	9181
XML-2/alignment_XML2-4000-0.02-4E-5-100-15.fa	XML-2	44	9181
XML-2/alignment_XML2-4000-0.02-4E-5-100-2.fa	XML-2	54	9181
XML-2/alignment_XML2-4000-0.02-4E-5-100-3.fa	XML-2	62	9181
XML-2/alignment_XML2-4000-0.02-4E-5-100-4.fa	XML-2	78	9181
XML-2/alignment_XML2-4000-0.02-4E-5-100-5.fa	XML-2	61	9181
XML-2/alignment_XML2-4000-0.02-4E-5-100-6.fa	XML-2	55	9181
XML-2/alignment_XML2-4000-0.02-4E-5-100-7.fa	XML-2	58	9181
XML-2/alignment_XML2-4000-0.02-4E-5-100-8.fa	XML-2	68	9181
XML-2/alignment_XML2-4000-0.02-4E-5-100-9.fa	XML-2	60	9181
XML-2/alignment_XML2-4000-0.02-4E-5-50-1.fa	XML-2	36	9181
XML-2/alignment_XML2-4000-0.02-4E-5-50-10.fa	XML-2	29	9181
XML-2/alignment_XML2-4000-0.02-4E-5-50-11.fa	XML-2	35	9181
XML-2/alignment_XML2-4000-0.02-4E-5-50-12.fa	XML-2	38	9181
XML-2/alignment_XML2-4000-0.02-4E-5-50-13.fa	XML-2	31	9181
XML-2/alignment_XML2-4000-0.02-4E-5-50-14.fa	XML-2	28	9181
XML-2/alignment_XML2-4000-0.02-4E-5-50-15.fa	XML-2	33	9181
XML-2/alignment_XML2-4000-0.02-4E-5-50-2.fa	XML-2	31	9181
XML-2/alignment_XML2-4000-0.02-4E-5-50-3.fa	XML-2	41	9181
XML-2/alignment_XML2-4000-0.02-4E-5-50-4.fa	XML-2	42	9181
XML-2/alignment_XML2-4000-0.02-4E-5-50-5.fa	XML-2	30	9181
XML-2/alignment_XML2-4000-0.02-4E-5-50-6.fa	XML-2	31	9181
XML-2/alignment_XML2-4000-0.02-4E-5-50-7.fa	XML-2	24	9181
XML-2/alignment_XML2-4000-0.02-4E-5-50-8.fa	XML-2	31	9181
XML-2/alignment_XML2-4000-0.02-4E-5-50-9.fa	XML-2	36	9181
XML-3/alignment_XML3-2500-0.005-12E-5-100-1.fa	XML-3	27	5800
XML-3/alignment_XML3-2500-0.005-12E-5-100-10.fa	XML-3	32	5800
XML-3/alignment_XML3-2500-0.005-12E-5-100-2.fa	XML-3	29	5800
XML-3/alignment_XML3-2500-0.005-12E-5-100-3.fa	XML-3	21	5800
XML-3/alignment_XML3-2500-0.005-12E-5-100-4.fa	XML-3	26	5800
XML-3/alignment_XML3-2500-0.005-12E-5-100-5.fa	XML-3	20	5800
XML-3/alignment_XML3-2500-0.005-12E-5-100-6.fa	XML-3	21	5800
XML-3/alignment_XML3-2500-0.005-12E-5-100-7.fa	XML-3	23	5800
XML-3/alignment_XML3-2500-0.005-12E-5-100-8.fa	XML-3	18	5800
XML-3/alignment_XML3-2500-0.005-12E-5-100-9.fa	XML-3	25	5800
XML-3/alignment_XML3-2500-0.005-12E-5-200-1.fa	XML-3	31	5800
XML-3/alignment_XML3-2500-0.005-12E-5-200-10.fa	XML-3	39	5800
XML-3/alignment_XML3-2500-0.005-12E-5-200-2.fa	XML-3	40	5800
XML-3/alignment_XML3-2500-0.005-12E-5-200-3.fa	XML-3	32	5800
XML-3/alignment_XML3-2500-0.005-12E-5-200-4.fa	XML-3	35	5800
XML-3/alignment_XML3-2500-0.005-12E-5-200-5.fa	XML-3	37	5800
XML-3/alignment_XML3-2500-0.005-12E-5-200-6.fa	XML-3	21	5800
XML-3/alignment_XML3-2500-0.005-12E-5-200-7.fa	XML-3	46	5800
XML-3/alignment_XML3-2500-0.005-12E-5-200-8.fa	XML-3	39	5800
XML-3/alignment_XML3-2500-0.005-12E-5-200-9.fa	XML-3	25	5800
XML-3/alignment_XML3-2500-0.005-12E-5-50-1.fa	XML-3	16	5800
XML-3/alignment_XML3-2500-0.005-12E-5-50-10.fa	XML-3	9	5800
XML-3/alignment_XML3-2500-0.005-12E-5-50-2.fa	XML-3	22	5800
XML-3/alignment_XML3-2500-0.005-12E-5-50-3.fa	XML-3	15	5800
XML-3/alignment_XML3-2500-0.005-12E-5-50-4.fa	XML-3	13	5800
XML-3/alignment_XML3-2500-0.005-12E-5-50-5.fa	XML-3	35	5800
XML-3/alignment_XML3-2500-0.005-12E-5-50-6.fa	XML-3	16	5800
XML-3/alignment_XML3-2500-0.005-12E-5-50-7.fa	XML-3	19	5800
XML-3/alignment_XML3-2500-0.005-12E-5-50-8.fa	XML-3	12	5800
XML-3/alignment_XML3-2500-0.005-12E-5-50-9.fa	XML-3	14	5800
XML-3/alignment_XML3-2500-0.005-4E-5-100-1.fa	XML-3	41	5800
XML-3/alignment_XML3-2500-0.005-4E-5-100-10.fa	XML-3	32	5800
XML-3/alignment_XML3-2500-0.005-4E-5-100-2.fa	XML-3	36	5800
XML-3/alignment_XML3-2500-0.005-4E-5-100-3.fa	XML-3	37	5800
XML-3/alignment_XML3-2500-0.005-4E-5-100-4.fa	XML-3	29	5800
XML-3/alignment_XML3-2500-0.005-4E-5-100-5.fa	XML-3	36	5800
XML-3/alignment_XML3-2500-0.005-4E-5-100-6.fa	XML-3	45	5800
XML-3/alignment_XML3-2500-0.005-4E-5-100-7.fa	XML-3	38	5800
XML-3/alignment_XML3-2500-0.005-4E-5-100-8.fa	XML-3	36	5800
XML-3/alignment_XML3-2500-0.005-4E-5-100-9.fa	XML-3	39	5800
XML-3/alignment_XML3-2500-0.005-4E-5-200-1.fa	XML-3	66	5800
XML-3/alignment_XML3-2500-0.005-4E-5-200-10.fa	XML-3	63	5800
XML-3/alignment_XML3-2500-0.005-4E-5-200-2.fa	XML-3	37	5800
XML-3/alignment_XML3-2500-0.005-4E-5-200-3.fa	XML-3	40	5800
XML-3/alignment_XML3-2500-0.005-4E-5-200-4.fa	XML-3	67	5800
XML-3/alignment_XML3-2500-0.005-4E-5-200-5.fa	XML-3	48	5800
XML-3/alignment_XML3-2500-0.005-4E-5-200-6.fa	XML-3	46	5800
XML-3/alignment_XML3-2500-0.005-4E-5-200-7.fa	XML-3	52	5800
XML-3/alignment_XML3-2500-0.005-4E-5-200-8.fa	XML-3	44	5800
XML-3/alignment_XML3-2500-0.005-4E-5-200-9.fa	XML-3	40	5800
XML-3/alignment_XML3-2500-0.005-4E-5-50-1.fa	XML-3	20	5800
XML-3/alignment_XML3-2500-0.005-4E-5-50-10.fa	XML-3	22	5800
XML-3/alignment_XML3-2500-0.005-4E-5-50-2.fa	XML-3	16	5800
XML-3/alignment_XML3-2500-0.005-4E-5-50-3.fa	XML-3	24	5800
XML-3/alignment_XML3-2500-0.005-4E-5-50-4.fa	XML-3	23	5800
XML-3/alignment_XML3-2500-0.005-4E-5-50-5.fa	XML-3	18	5800
XML-3/alignment_XML3-2500-0.005-4E-5-50-6.fa	XML-3	18	5800
XML-3/alignment_XML3-2500-0.005-4E-5-50-7.fa	XML-3	24	5800
XML-3/alignment_XML3-2500-0.005-4E-5-50-8.fa	XML-3	14	5800
XML-3/alignment_XML3-2500-0.005-4E-5-50-9.fa	XML-3	26	5800
XML-3/alignment_XML3-2500-0.005-8E-5-100-1.fa	XML-3	17	5800
XML-3/alignment_XML3-2500-0.005-8E-5-100-10.fa	XML-3	36	5800
XML-3/alignment_XML3-2500-0.005-8E-5-100-2.fa	XML-3	29	5800
XML-3/alignment_XML3-2500-0.005-8E-5-100-3.fa	XML-3	32	5800
XML-3/alignment_XML3-2500-0.005-8E-5-100-4.fa	XML-3	29	5800
XML-3/alignment_XML3-2500-0.005-8E-5-100-5.fa	XML-3	32	5800
XML-3/alignment_XML3-2500-0.005-8E-5-100-6.fa	XML-3	28	5800
XML-3/alignment_XML3-2500-0.005-8E-5-100-7.fa	XML-3	22	5800
XML-3/alignment_XML3-2500-0.005-8E-5-100-8.fa	XML-3	32	5800
XML-3/alignment_XML3-2500-0.005-8E-5-100-9.fa	XML-3	31	5800
XML-3/alignment_XML3-2500-0.005-8E-5-200-1.fa	XML-3	39	5800
XML-3/alignment_XML3-2500-0.005-8E-5-200-10.fa	XML-3	27	5800
XML-3/alignment_XML3-2500-0.005-8E-5-200-2.fa	XML-3	49	5800
XML-3/alignment_XML3-2500-0.005-8E-5-200-3.fa	XML-3	41	5800
XML-3/alignment_XML3-2500-0.005-8E-5-200-4.fa	XML-3	41	5800
XML-3/alignment_XML3-2500-0.005-8E-5-200-5.fa	XML-3	34	5800
XML-3/alignment_XML3-2500-0.005-8E-5-200-6.fa	XML-3	44	5800
XML-3/alignment_XML3-2500-0.005-8E-5-200-7.fa	XML-3	29	5800
XML-3/alignment_XML3-2500-0.005-8E-5-200-8.fa	XML-3	42	5800
XML-3/alignment_XML3-2500-0.005-8E-5-200-9.fa	XML-3	34	5800
XML-3/alignment_XML3-2500-0.005-8E-5-50-1.fa	XML-3	20	5800
XML-3/alignment_XML3-2500-0.005-8E-5-50-10.fa	XML-3	13	5800
XML-3/alignment_XML3-2500-0.005-8E-5-50-2.fa	XML-3	12	5800
XML-3/alignment_XML3-2500-0.005-8E-5-50-3.fa	XML-3	19	5800
XML-3/alignment_XML3-2500-0.005-8E-5-50-4.fa	XML-3	15	5800
XML-3/alignment_XML3-2500-0.005-8E-5-50-5.fa	XML-3	21	5800
XML-3/alignment_XML3-2500-0.005-8E-5-50-6.fa	XML-3	19	5800
XML-3/alignment_XML3-2500-0.005-8E-5-50-7.fa	XML-3	14	5800
XML-3/alignment_XML3-2500-0.005-8E-5-50-8.fa	XML-3	16	5800
XML-3/alignment_XML3-2500-0.005-8E-5-50-9.fa	XML-3	29	5800
XML-3/alignment_XML3-2500-0.01-12E-5-100-1.fa	XML-3	47	5800
XML-3/alignment_XML3-2500-0.01-12E-5-100-10.fa	XML-3	46	5800
XML-3/alignment_XML3-2500-0.01-12E-5-100-2.fa	XML-3	43	5800
XML-3/alignment_XML3-2500-0.01-12E-5-100-3.fa	XML-3	47	5800
XML-3/alignment_XML3-2500-0.01-12E-5-100-4.fa	XML-3	44	5800
XML-3/alignment_XML3-2500-0.01-12E-5-100-5.fa	XML-3	53	5800
XML-3/alignment_XML3-2500-0.01-12E-5-100-6.fa	XML-3	55	5800
XML-3/alignment_XML3-2500-0.01-12E-5-100-7.fa	XML-3	49	5800
XML-3/alignment_XML3-2500-0.01-12E-5-100-8.fa	XML-3	48	5800
XML-3/alignment_XML3-2500-0.01-12E-5-100-9.fa	XML-3	38	5800
XML-3/alignment_XML3-2500-0.01-12E-5-200-1.fa	XML-3	52	5800
XML-3/alignment_XML3-2500-0.01-12E-5-200-10.fa	XML-3	61	5800
XML-3/alignment_XML3-2500-0.01-12E-5-200-2.fa	XML-3	60	5800
XML-3/alignment_XML3-2500-0.01-12E-5-200-3.fa	XML-3	65	5800
XML-3/alignment_XML3-2500-0.01-12E-5-200-4.fa	XML-3	63	5800
XML-3/alignment_XML3-2500-0.01-12E-5-200-5.fa	XML-3	65	5800
XML-3/alignment_XML3-2500-0.01-12E-5-200-6.fa	XML-3	51	5800
XML-3/alignment_XML3-2500-0.01-12E-5-200-7.fa	XML-3	65	5800
XML-3/alignment_XML3-2500-0.01-12E-5-200-8.fa	XML-3	86	5800
XML-3/alignment_XML3-2500-0.01-12E-5-200-9.fa	XML-3	70	5800
XML-3/alignment_XML3-2500-0.01-12E-5-50-1.fa	XML-3	30	5800
XML-3/alignment_XML3-2500-0.01-12E-5-50-10.fa	XML-3	26	5800
XML-3/alignment_XML3-2500-0.01-12E-5-50-2.fa	XML-3	28	5800
XML-3/alignment_XML3-2500-0.01-12E-5-50-3.fa	XML-3	29	5800
XML-3/alignment_XML3-2500-0.01-12E-5-50-4.fa	XML-3	41	5800
XML-3/alignment_XML3-2500-0.01-12E-5-50-5.fa	XML-3	24	5800
XML-3/alignment_XML3-2500-0.01-12E-5-50-6.fa	XML-3	31	5800
XML-3/alignment_XML3-2500-0.01-12E-5-50-7.fa	XML-3	36	5800
XML-3/alignment_XML3-2500-0.01-12E-5-50-8.fa	XML-3	41	5800
XML-3/alignment_XML3-2500-0.01-12E-5-50-9.fa	XML-3	22	5800
XML-3/alignment_XML3-2500-0.01-4E-5-100-1.fa	XML-3	58	5800
XML-3/alignment_XML3-2500-0.01-4E-5-100-10.fa	XML-3	52	5800
XML-3/alignment_XML3-2500-0.01-4E-5-100-2.fa	XML-3	59	5800
XML-3/alignment_XML3-2500-0.01-4E-5-100-3.fa	XML-3	44	5800
XML-3/alignment_XML3-2500-0.01-4E-5-100-4.fa	XML-3	55	5800
XML-3/alignment_XML3-2500-0.01-4E-5-100-5.fa	XML-3	57	5800
XML-3/alignment_XML3-2500-0.01-4E-5-100-6.fa	XML-3	63	5800
XML-3/alignment_XML3-2500-0.01-4E-5-100-7.fa	XML-3	53	5800
XML-3/alignment_XML3-2500-0.01-4E-5-100-8.fa	XML-3	61	5800
XML-3/alignment_XML3-2500-0.01-4E-5-100-9.fa	XML-3	64	5800
XML-3/alignment_XML3-2500-0.01-4E-5-200-1.fa	XML-3	91	5800
XML-3/alignment_XML3-2500-0.01-4E-5-200-10.fa	XML-3	84	5800
XML-3/alignment_XML3-2500-0.01-4E-5-200-2.fa	XML-3	82	5800
XML-3/alignment_XML3-2500-0.01-4E-5-200-3.fa	XML-3	66	5800
XML-3/alignment_XML3-2500-0.01-4E-5-200-4.fa	XML-3	80	5800
XML-3/alignment_XML3-2500-0.01-4E-5-200-5.fa	XML-3	88	5800
XML-3/alignment_XML3-2500-0.01-4E-5-200-6.fa	XML-3	77	5800
XML-3/alignment_XML3-2500-0.01-4E-5-200-7.fa	XML-3	80	5800
XML-3/alignment_XML3-2500-0.01-4E-5-200-8.fa	XML-3	80	5800
XML-3/alignment_XML3-2500-0.01-4E-5-200-9.fa	XML-3	88	5800
XML-3/alignment_XML3-2500-0.01-4E-5-50-1.fa	XML-3	37	5800
XML-3/alignment_XML3-2500-0.01-4E-5-50-10.fa	XML-3	36	5800
XML-3/alignment_XML3-2500-0.01-4E-5-50-2.fa	XML-3	39	5800
XML-3/alignment_XML3-2500-0.01-4E-5-50-3.fa	XML-3	35	5800
XML-3/alignment_XML3-2500-0.01-4E-5-50-4.fa	XML-3	38	5800
XML-3/alignment_XML3-2500-0.01-4E-5-50-5.fa	XML-3	35	5800
XML-3/alignment_XML3-2500-0.01-4E-5-50-6.fa	XML-3	39	5800
XML-3/alignment_XML3-2500-0.01-4E-5-50-7.fa	XML-3	39	5800
XML-3/alignment_XML3-2500-0.01-4E-5-50-8.fa	XML-3	27	5800
XML-3/alignment_XML3-2500-0.01-4E-5-50-9.fa	XML-3	34	5800
XML-3/alignment_XML3-2500-0.01-8E-5-100-1.fa	XML-3	43	5800
XML-3/alignment_XML3-2500-0.01-8E-5-100-10.fa	XML-3	58	5800
XML-3/alignment_XML3-2500-0.01-8E-5-100-2.fa	XML-3	56	5800
XML-3/alignment_XML3-2500-0.01-8E-5-100-3.fa	XML-3	63	5800
XML-3/alignment_XML3-2500-0.01-8E-5-100-4.fa	XML-3	58	5800
XML-3/alignment_XML3-2500-0.01-8E-5-100-5.fa	XML-3	41	5800
XML-3/alignment_XML3-2500-0.01-8E-5-100-6.fa	XML-3	57	5800
XML-3/alignment_XML3-2500-0.01-8E-5-100-7.fa	XML-3	62	5800
XML-3/alignment_XML3-2500-0.01-8E-5-100-8.fa	XML-3	49	5800
XML-3/alignment_XML3-2500-0.01-8E-5-100-9.fa	XML-3	45	5800
XML-3/alignment_XML3-2500-0.01-8E-5-200-1.fa	XML-3	88	5800
XML-3/alignment_XML3-2500-0.01-8E-5-200-10.fa	XML-3	49	5800
XML-3/alignment_XML3-2500-0.01-8E-5-200-2.fa	XML-3	81	5800
XML-3/alignment_XML3-2500-0.01-8E-5-200-3.fa	XML-3	81	5800
XML-3/alignment_XML3-2500-0.01-8E-5-200-4.fa	XML-3	58	5800
XML-3/alignment_XML3-2500-0.01-8E-5-200-5.fa	XML-3	82	5800
XML-3/alignment_XML3-2500-0.01-8E-5-200-6.fa	XML-3	70	5800
XML-3/alignment_XML3-2500-0.01-8E-5-200-7.fa	XML-3	80	5800
XML-3/alignment_XML3-2500-0.01-8E-5-200-8.fa	XML-3	69	5800
XML-3/alignment_XML3-2500-0.01-8E-5-200-9.fa	XML-3	75	5800
XML-3/alignment_XML3-2500-0.01-8E-5-50-1.fa	XML-3	28	5800
XML-3/alignment_XML3-2500-0.01-8E-5-50-10.fa	XML-3	35	5800
XML-3/alignment_XML3-2500-0.01-8E-5-50-2.fa	XML-3	31	5800
XML-3/alignment_XML3-2500-0.01-8E-5-50-3.fa	XML-3	41	5800
XML-3/alignment_XML3-2500-0.01-8E-5-50-4.fa	XML-3	36	5800
XML-3/alignment_XML3-2500-0.01-8E-5-50-5.fa	XML-3	42	5800
XML-3/alignment_XML3-2500-0.01-8E-5-50-6.fa	XML-3	29	5800
XML-3/alignment_XML3-2500-0.01-8E-5-50-7.fa	XML-3	40	5800
XML-3/alignment_XML3-2500-0.01-8E-5-50-8.fa	XML-3	27	5800
XML-3/alignment_XML3-2500-0.01-8E-5-50-9.fa	XML-3	35	5800
XML-3/alignment_XML3-2500-0.02-12E-5-100-1.fa	XML-3	71	5800
XML-3/alignment_XML3-2500-0.02-12E-5-100-10.fa	XML-3	87	5800
XML-3/alignment_XML3-2500-0.02-12E-5-100-2.fa	XML-3	93	5800
XML-3/alignment_XML3-2500-0.02-12E-5-100-3.fa	XML-3	86	5800
XML-3/alignment_XML3-2500-0.02-12E-5-100-4.fa	XML-3	65	5800
XML-3/alignment_XML3-2500-0.02-12E-5-100-5.fa	XML-3	67	5800
XML-3/alignment_XML3-2500-0.02-12E-5-100-6.fa	XML-3	67	5800
XML-3/alignment_XML3-2500-0.02-12E-5-100-7.fa	XML-3	72	5800
XML-3/alignment_XML3-2500-0.02-12E-5-100-8.fa	XML-3	67	5800
XML-3/alignment_XML3-2500-0.02-12E-5-100-9.fa	XML-3	79	5800
XML-3/alignment_XML3-2500-0.02-12E-5-200-1.fa	XML-3	110	5800
XML-3/alignment_XML3-2500-0.02-12E-5-200-10.fa	XML-3	119	5800
XML-3/alignment_XML3-2500-0.02-12E-5-200-2.fa	XML-3	104	5800
XML-3/alignment_XML3-2500-0.02-12E-5-200-3.fa	XML-3	110	5800
XML-3/alignment_XML3-2500-0.02-12E-5-200-4.fa	XML-3	119	5800
XML-3/alignment_XML3-2500-0.02-12E-5-200-5.fa	XML-3	119	5800
XML-3/alignment_XML3-2500-0.02-12E-5-200-6.fa	XML-3	95	5800
XML-3/alignment_XML3-2500-0.02-12E-5-200-7.fa	XML-3	100	5800
XML-3/alignment_XML3-2500-0.02-12E-5-200-8.fa	XML-3	129	5800
XML-3/alignment_XML3-2500-0.02-12E-5-200-9.fa	XML-3	98	5800
XML-3/alignment_XML3-2500-0.02-12E-5-50-1.fa	XML-3	39	5800
XML-3/alignment_XML3-2500-0.02-12E-5-50-10.fa	XML-3	44	5800
XML-3/alignment_XML3-2500-0.02-12E-5-50-2.fa	XML-3	36	5800
XML-3/alignment_XML3-2500-0.02-12E-5-50-3.fa	XML-3	31	5800
XML-3/alignment_XML3-2500-0.02-12E-5-50-4.fa	XML-3	40	5800
XML-3/alignment_XML3-2500-0.02-12E-5-50-5.fa	XML-3	50	5800
XML-3/alignment_XML3-2500-0.02-12E-5-50-6.fa	XML-3	47	5800
XML-3/alignment_XML3-2500-0.02-12E-5-50-7.fa	XML-3	40	5800
XML-3/alignment_XML3-2500-0.02-12E-5-50-8.fa	XML-3	48	5800
XML-3/alignment_XML3-2500-0.02-12E-5-50-9.fa	XML-3	38	5800
XML-3/alignment_XML3-2500-0.02-4E-5-100-1.fa	XML-3	96	5800
XML-3/alignment_XML3-2500-0.02-4E-5-100-10.fa	XML-3	70	5800
XML-3/alignment_XML3-2500-0.02-4E-5-100-2.fa	XML-3	84	5800
XML-3/alignment_XML3-2500-0.02-4E-5-100-4.fa	XML-3	94	5800
XML-3/alignment_XML3-2500-0.02-4E-5-100-5.fa	XML-3	84	5800
XML-3/alignment_XML3-2500-0.02-4E-5-100-6.fa	XML-3	65	5800
XML-3/alignment_XML3-2500-0.02-4E-5-100-7.fa	XML-3	87	5800
XML-3/alignment_XML3-2500-0.02-4E-5-100-8.fa	XML-3	86	5800
XML-3/alignment_XML3-2500-0.02-4E-5-100-9.fa	XML-3	85	5800
XML-3/alignment_XML3-2500-0.02-4E-5-200-1.fa	XML-3	121	5800
XML-3/alignment_XML3-2500-0.02-4E-5-200-10.fa	XML-3	118	5800
XML-3/alignment_XML3-2500-0.02-4E-5-200-2.fa	XML-3	108	5800
XML-3/alignment_XML3-2500-0.02-4E-5-200-3.fa	XML-3	137	5800
XML-3/alignment_XML3-2500-0.02-4E-5-200-5.fa	XML-3	125	5800
XML-3/alignment_XML3-2500-0.02-4E-5-200-6.fa	XML-3	124	5800
XML-3/alignment_XML3-2500-0.02-4E-5-200-8.fa	XML-3	110	5800
XML-3/alignment_XML3-2500-0.02-4E-5-200-9.fa	XML-3	103	5800
XML-3/alignment_XML3-2500-0.02-4E-5-50-1.fa	XML-3	43	5800
XML-3/alignment_XML3-2500-0.02-4E-5-50-10.fa	XML-3	49	5800
XML-3/alignment_XML3-2500-0.02-4E-5-50-2.fa	XML-3	47	5800
XML-3/alignment_XML3-2500-0.02-4E-5-50-3.fa	XML-3	42	5800
XML-3/alignment_XML3-2500-0.02-4E-5-50-4.fa	XML-3	53	5800
XML-3/alignment_XML3-2500-0.02-4E-5-50-5.fa	XML-3	36	5800
XML-3/alignment_XML3-2500-0.02-4E-5-50-6.fa	XML-3	38	5800
XML-3/alignment_XML3-2500-0.02-4E-5-50-8.fa	XML-3	48	5800
XML-3/alignment_XML3-2500-0.02-4E-5-50-9.fa	XML-3	45	5800
XML-3/alignment_XML3-2500-0.02-8E-5-100-1.fa	XML-3	96	5800
XML-3/alignment_XML3-2500-0.02-8E-5-100-10.fa	XML-3	88	5800
XML-3/alignment_XML3-2500-0.02-8E-5-100-2.fa	XML-3	63	5800
XML-3/alignment_XML3-2500-0.02-8E-5-100-3.fa	XML-3	60	5800
XML-3/alignment_XML3-2500-0.02-8E-5-100-4.fa	XML-3	74	5800
XML-3/alignment_XML3-2500-0.02-8E-5-100-5.fa	XML-3	72	5800
XML-3/alignment_XML3-2500-0.02-8E-5-100-6.fa	XML-3	72	5800
XML-3/alignment_XML3-2500-0.02-8E-5-100-7.fa	XML-3	87	5800
XML-3/alignment_XML3-2500-0.02-8E-5-100-8.fa	XML-3	81	5800
XML-3/alignment_XML3-2500-0.02-8E-5-100-9.fa	XML-3	79	5800
XML-3/alignment_XML3-2500-0.02-8E-5-200-1.fa	XML-3	125	5800
XML-3/alignment_XML3-2500-0.02-8E-5-200-10.fa	XML-3	128	5800
XML-3/alignment_XML3-2500-0.02-8E-5-200-2.fa	XML-3	132	5800
XML-3/alignment_XML3-2500-0.02-8E-5-200-3.fa	XML-3	124	5800
XML-3/alignment_XML3-2500-0.02-8E-5-200-4.fa	XML-3	130	5800
XML-3/alignment_XML3-2500-0.02-8E-5-200-5.fa	XML-3	122	5800
XML-3/alignment_XML3-2500-0.02-8E-5-200-6.fa	XML-3	124	5800
XML-3/alignment_XML3-2500-0.02-8E-5-200-7.fa	XML-3	130	5800
XML-3/alignment_XML3-2500-0.02-8E-5-200-8.fa	XML-3	95	5800
XML-3/alignment_XML3-2500-0.02-8E-5-200-9.fa	XML-3	111	5800
XML-3/alignment_XML3-2500-0.02-8E-5-50-1.fa	XML-3	36	5800
XML-3/alignment_XML3-2500-0.02-8E-5-50-10.fa	XML-3	50	5800
XML-3/alignment_XML3-2500-0.02-8E-5-50-2.fa	XML-3	43	5800
XML-3/alignment_XML3-2500-0.02-8E-5-50-3.fa	XML-3	36	5800
XML-3/alignment_XML3-2500-0.02-8E-5-50-4.fa	XML-3	31	5800
XML-3/alignment_XML3-2500-0.02-8E-5-50-5.fa	XML-3	54	5800
XML-3/alignment_XML3-2500-0.02-8E-5-50-6.fa	XML-3	41	5800
XML-3/alignment_XML3-2500-0.02-8E-5-50-7.fa	XML-3	35	5800
XML-3/alignment_XML3-2500-0.02-8E-5-50-8.fa	XML-3	45	5800
XML-3/alignment_XML3-2500-0.02-8E-5-50-9.fa	XML-3	39	5800
XML-3/alignment_XML3-3250-0.005-12E-5-100-1.fa	XML-3	27	5800
XML-3/alignment_XML3-3250-0.005-12E-5-100-10.fa	XML-3	35	5800
XML-3/alignment_XML3-3250-0.005-12E-5-100-2.fa	XML-3	26	5800
XML-3/alignment_XML3-3250-0.005-12E-5-100-3.fa	XML-3	31	5800
XML-3/alignment_XML3-3250-0.005-12E-5-100-4.fa	XML-3	31	5800
XML-3/alignment_XML3-3250-0.005-12E-5-100-5.fa	XML-3	31	5800
XML-3/alignment_XML3-3250-0.005-12E-5-100-6.fa	XML-3	28	5800
XML-3/alignment_XML3-3250-0.005-12E-5-100-7.fa	XML-3	28	5800
XML-3/alignment_XML3-3250-0.005-12E-5-100-8.fa	XML-3	34	5800
XML-3/alignment_XML3-3250-0.005-12E-5-100-9.fa	XML-3	30	5800
XML-3/alignment_XML3-3250-0.005-12E-5-200-1.fa	XML-3	42	5800
XML-3/alignment_XML3-3250-0.005-12E-5-200-10.fa	XML-3	41	5800
XML-3/alignment_XML3-3250-0.005-12E-5-200-2.fa	XML-3	32	5800
XML-3/alignment_XML3-3250-0.005-12E-5-200-3.fa	XML-3	38	5800
XML-3/alignment_XML3-3250-0.005-12E-5-200-4.fa	XML-3	28	5800
XML-3/alignment_XML3-3250-0.005-12E-5-200-5.fa	XML-3	35	5800
XML-3/alignment_XML3-3250-0.005-12E-5-200-6.fa	XML-3	36	5800
XML-3/alignment_XML3-3250-0.005-12E-5-200-7.fa	XML-3	27	5800
XML-3/alignment_XML3-3250-0.005-12E-5-200-8.fa	XML-3	40	5800
XML-3/alignment_XML3-3250-0.005-12E-5-200-9.fa	XML-3	31	5800
XML-3/alignment_XML3-3250-0.005-12E-5-50-1.fa	XML-3	16	5800
XML-3/alignment_XML3-3250-0.005-12E-5-50-10.fa	XML-3	20	5800
XML-3/alignment_XML3-3250-0.005-12E-5-50-2.fa	XML-3	16	5800
XML-3/alignment_XML3-3250-0.005-12E-5-50-3.fa	XML-3	16	5800
XML-3/alignment_XML3-3250-0.005-12E-5-50-4.fa	XML-3	23	5800
XML-3/alignment_XML3-3250-0.005-12E-5-50-5.fa	XML-3	17	5800
XML-3/alignment_XML3-3250-0.005-12E-5-50-6.fa	XML-3	13	5800
XML-3/alignment_XML3-3250-0.005-12E-5-50-7.fa	XML-3	26	5800
XML-3/alignment_XML3-3250-0.005-12E-5-50-8.fa	XML-3	19	5800
XML-3/alignment_XML3-3250-0.005-12E-5-50-9.fa	XML-3	17	5800
XML-3/alignment_XML3-3250-0.005-4E-5-100-1.fa	XML-3	48	5800
XML-3/alignment_XML3-3250-0.005-4E-5-100-10.fa	XML-3	29	5800
XML-3/alignment_XML3-3250-0.005-4E-5-100-2.fa	XML-3	43	5800
XML-3/alignment_XML3-3250-0.005-4E-5-100-3.fa	XML-3	36	5800
XML-3/alignment_XML3-3250-0.005-4E-5-100-4.fa	XML-3	35	5800
XML-3/alignment_XML3-3250-0.005-4E-5-100-5.fa	XML-3	42	5800
XML-3/alignment_XML3-3250-0.005-4E-5-100-6.fa	XML-3	39	5800
XML-3/alignment_XML3-3250-0.005-4E-5-100-7.fa	XML-3	59	5800
XML-3/alignment_XML3-3250-0.005-4E-5-100-8.fa	XML-3	39	5800
XML-3/alignment_XML3-3250-0.005-4E-5-100-9.fa	XML-3	41	5800
XML-3/alignment_XML3-3250-0.005-4E-5-200-1.fa	XML-3	47	5800
XML-3/alignment_XML3-3250-0.005-4E-5-200-10.fa	XML-3	58	5800
XML-3/alignment_XML3-3250-0.005-4E-5-200-2.fa	XML-3	48	5800
XML-3/alignment_XML3-3250-0.005-4E-5-200-3.fa	XML-3	54	5800
XML-3/alignment_XML3-3250-0.005-4E-5-200-4.fa	XML-3	59	5800
XML-3/alignment_XML3-3250-0.005-4E-5-200-5.fa	XML-3	64	5800
XML-3/alignment_XML3-3250-0.005-4E-5-200-6.fa	XML-3	56	5800
XML-3/alignment_XML3-3250-0.005-4E-5-200-7.fa	XML-3	57	5800
XML-3/alignment_XML3-3250-0.005-4E-5-200-8.fa	XML-3	50	5800
XML-3/alignment_XML3-3250-0.005-4E-5-200-9.fa	XML-3	58	5800
XML-3/alignment_XML3-3250-0.005-4E-5-50-1.fa	XML-3	23	5800
XML-3/alignment_XML3-3250-0.005-4E-5-50-10.fa	XML-3	18	5800
XML-3/alignment_XML3-3250-0.005-4E-5-50-2.fa	XML-3	34	5800
XML-3/alignment_XML3-3250-0.005-4E-5-50-3.fa	XML-3	23	5800
XML-3/alignment_XML3-3250-0.005-4E-5-50-4.fa	XML-3	27	5800
XML-3/alignment_XML3-3250-0.005-4E-5-50-5.fa	XML-3	30	5800
XML-3/alignment_XML3-3250-0.005-4E-5-50-6.fa	XML-3	23	5800
XML-3/alignment_XML3-3250-0.005-4E-5-50-7.fa	XML-3	26	5800
XML-3/alignment_XML3-3250-0.005-4E-5-50-8.fa	XML-3	27	5800
XML-3/alignment_XML3-3250-0.005-4E-5-50-9.fa	XML-3	18	5800
XML-3/alignment_XML3-3250-0.005-8E-5-100-1.fa	XML-3	33	5800
XML-3/alignment_XML3-3250-0.005-8E-5-100-10.fa	XML-3	33	5800
XML-3/alignment_XML3-3250-0.005-8E-5-100-2.fa	XML-3	27	5800
XML-3/alignment_XML3-3250-0.005-8E-5-100-3.fa	XML-3	47	5800
XML-3/alignment_XML3-3250-0.005-8E-5-100-4.fa	XML-3	29	5800
XML-3/alignment_XML3-3250-0.005-8E-5-100-5.fa	XML-3	30	5800
XML-3/alignment_XML3-3250-0.005-8E-5-100-6.fa	XML-3	43	5800
XML-3/alignment_XML3-3250-0.005-8E-5-100-7.fa	XML-3	26	5800
XML-3/alignment_XML3-3250-0.005-8E-5-100-8.fa	XML-3	31	5800
XML-3/alignment_XML3-3250-0.005-8E-5-100-9.fa	XML-3	40	5800
XML-3/alignment_XML3-3250-0.005-8E-5-200-1.fa	XML-3	36	5800
XML-3/alignment_XML3-3250-0.005-8E-5-200-10.fa	XML-3	44	5800
XML-3/alignment_XML3-3250-0.005-8E-5-200-2.fa	XML-3	36	5800
XML-3/alignment_XML3-3250-0.005-8E-5-200-3.fa	XML-3	48	5800
XML-3/alignment_XML3-3250-0.005-8E-5-200-4.fa	XML-3	52	5800
XML-3/alignment_XML3-3250-0.005-8E-5-200-5.fa	XML-3	47	5800
XML-3/alignment_XML3-3250-0.005-8E-5-200-6.fa	XML-3	48	5800
XML-3/alignment_XML3-3250-0.005-8E-5-200-7.fa	XML-3	45	5800
XML-3/alignment_XML3-3250-0.005-8E-5-200-8.fa	XML-3	36	5800
XML-3/alignment_XML3-3250-0.005-8E-5-200-9.fa	XML-3	32	5800
XML-3/alignment_XML3-3250-0.005-8E-5-50-1.fa	XML-3	22	5800
XML-3/alignment_XML3-3250-0.005-8E-5-50-10.fa	XML-3	23	5800
XML-3/alignment_XML3-3250-0.005-8E-5-50-2.fa	XML-3	25	5800
XML-3/alignment_XML3-3250-0.005-8E-5-50-3.fa	XML-3	23	5800
XML-3/alignment_XML3-3250-0.005-8E-5-50-4.fa	XML-3	17	5800
XML-3/alignment_XML3-3250-0.005-8E-5-50-5.fa	XML-3	19	5800
XML-3/alignment_XML3-3250-0.005-8E-5-50-6.fa	XML-3	17	5800
XML-3/alignment_XML3-3250-0.005-8E-5-50-7.fa	XML-3	18	5800
XML-3/alignment_XML3-3250-0.005-8E-5-50-8.fa	XML-3	29	5800
XML-3/alignment_XML3-3250-0.005-8E-5-50-9.fa	XML-3	30	5800
XML-3/alignment_XML3-3250-0.01-12E-5-100-1.fa	XML-3	56	5800
XML-3/alignment_XML3-3250-0.01-12E-5-100-10.fa	XML-3	51	5800
XML-3/alignment_XML3-3250-0.01-12E-5-100-2.fa	XML-3	50	5800
XML-3/alignment_XML3-3250-0.01-12E-5-100-3.fa	XML-3	41	5800
XML-3/alignment_XML3-3250-0.01-12E-5-100-4.fa	XML-3	56	5800
XML-3/alignment_XML3-3250-0.01-12E-5-100-5.fa	XML-3	50	5800
XML-3/alignment_XML3-3250-0.01-12E-5-100-6.fa	XML-3	55	5800
XML-3/alignment_XML3-3250-0.01-12E-5-100-7.fa	XML-3	53	5800
XML-3/alignment_XML3-3250-0.01-12E-5-100-8.fa	XML-3	51	5800
XML-3/alignment_XML3-3250-0.01-12E-5-100-9.fa	XML-3	43	5800
XML-3/alignment_XML3-3250-0.01-12E-5-200-1.fa	XML-3	73	5800
XML-3/alignment_XML3-3250-0.01-12E-5-200-10.fa	XML-3	78	5800
XML-3/alignment_XML3-3250-0.01-12E-5-200-2.fa	XML-3	67	5800
XML-3/alignment_XML3-3250-0.01-12E-5-200-3.fa	XML-3	69	5800
XML-3/alignment_XML3-3250-0.01-12E-5-200-4.fa	XML-3	84	5800
XML-3/alignment_XML3-3250-0.01-12E-5-200-5.fa	XML-3	71	5800
XML-3/alignment_XML3-3250-0.01-12E-5-200-6.fa	XML-3	75	5800
XML-3/alignment_XML3-3250-0.01-12E-5-200-7.fa	XML-3	54	5800
XML-3/alignment_XML3-3250-0.01-12E-5-200-8.fa	XML-3	81	5800
XML-3/alignment_XML3-3250-0.01-12E-5-200-9.fa	XML-3	64	5800
XML-3/alignment_XML3-3250-0.01-12E-5-50-1.fa	XML-3	33	5800
XML-3/alignment_XML3-3250-0.01-12E-5-50-10.fa	XML-3	30	5800
XML-3/alignment_XML3-3250-0.01-12E-5-50-2.fa	XML-3	32	5800
XML-3/alignment_XML3-3250-0.01-12E-5-50-3.fa	XML-3	34	5800
XML-3/alignment_XML3-3250-0.01-12E-5-50-4.fa	XML-3	29	5800
XML-3/alignment_XML3-3250-0.01-12E-5-50-5.fa	XML-3	39	5800
XML-3/alignment_XML3-3250-0.01-12E-5-50-6.fa	XML-3	37	5800
XML-3/alignment_XML3-3250-0.01-12E-5-50-7.fa	XML-3	27	5800
XML-3/alignment_XML3-3250-0.01-12E-5-50-8.fa	XML-3	27	5800
XML-3/alignment_XML3-3250-0.01-12E-5-50-9.fa	XML-3	34	5800
XML-3/alignment_XML3-3250-0.01-4E-5-100-1.fa	XML-3	59	5800
XML-3/alignment_XML3-3250-0.01-4E-5-100-10.fa	XML-3	63	5800
XML-3/alignment_XML3-3250-0.01-4E-5-100-2.fa	XML-3	69	5800
XML-3/alignment_XML3-3250-0.01-4E-5-100-3.fa	XML-3	63	5800
XML-3/alignment_XML3-3250-0.01-4E-5-100-4.fa	XML-3	72	5800
XML-3/alignment_XML3-3250-0.01-4E-5-100-5.fa	XML-3	70	5800
XML-3/alignment_XML3-3250-0.01-4E-5-100-6.fa	XML-3	75	5800
XML-3/alignment_XML3-3250-0.01-4E-5-100-7.fa	XML-3	52	5800
XML-3/alignment_XML3-3250-0.01-4E-5-100-8.fa	XML-3	70	5800
XML-3/alignment_XML3-3250-0.01-4E-5-100-9.fa	XML-3	60	5800
XML-3/alignment_XML3-3250-0.01-4E-5-200-1.fa	XML-3	113	5800
XML-3/alignment_XML3-3250-0.01-4E-5-200-10.fa	XML-3	96	5800
XML-3/alignment_XML3-3250-0.01-4E-5-200-2.fa	XML-3	89	5800
XML-3/alignment_XML3-3250-0.01-4E-5-200-3.fa	XML-3	99	5800
XML-3/alignment_XML3-3250-0.01-4E-5-200-4.fa	XML-3	106	5800
XML-3/alignment_XML3-3250-0.01-4E-5-200-5.fa	XML-3	97	5800
XML-3/alignment_XML3-3250-0.01-4E-5-200-6.fa	XML-3	83	5800
XML-3/alignment_XML3-3250-0.01-4E-5-200-7.fa	XML-3	84	5800
XML-3/alignment_XML3-3250-0.01-4E-5-200-8.fa	XML-3	99	5800
XML-3/alignment_XML3-3250-0.01-4E-5-200-9.fa	XML-3	92	5800
XML-3/alignment_XML3-3250-0.01-4E-5-50-1.fa	XML-3	47	5800
XML-3/alignment_XML3-3250-0.01-4E-5-50-10.fa	XML-3	38	5800
XML-3/alignment_XML3-3250-0.01-4E-5-50-2.fa	XML-3	45	5800
XML-3/alignment_XML3-3250-0.01-4E-5-50-3.fa	XML-3	43	5800
XML-3/alignment_XML3-3250-0.01-4E-5-50-4.fa	XML-3	44	5800
XML-3/alignment_XML3-3250-0.01-4E-5-50-5.fa	XML-3	41	5800
XML-3/alignment_XML3-3250-0.01-4E-5-50-6.fa	XML-3	40	5800
XML-3/alignment_XML3-3250-0.01-4E-5-50-7.fa	XML-3	41	5800
XML-3/alignment_XML3-3250-0.01-4E-5-50-8.fa	XML-3	38	5800
XML-3/alignment_XML3-3250-0.01-4E-5-50-9.fa	XML-3	44	5800
XML-3/alignment_XML3-3250-0.01-8E-5-100-1.fa	XML-3	58	5800
XML-3/alignment_XML3-3250-0.01-8E-5-100-10.fa	XML-3	46	5800
XML-3/alignment_XML3-3250-0.01-8E-5-100-2.fa	XML-3	67	5800
XML-3/alignment_XML3-3250-0.01-8E-5-100-3.fa	XML-3	61	5800
XML-3/alignment_XML3-3250-0.01-8E-5-100-4.fa	XML-3	64	5800
XML-3/alignment_XML3-3250-0.01-8E-5-100-5.fa	XML-3	70	5800
XML-3/alignment_XML3-3250-0.01-8E-5-100-6.fa	XML-3	52	5800
XML-3/alignment_XML3-3250-0.01-8E-5-100-7.fa	XML-3	59	5800
XML-3/alignment_XML3-3250-0.01-8E-5-100-8.fa	XML-3	55	5800
XML-3/alignment_XML3-3250-0.01-8E-5-100-9.fa	XML-3	56	5800
XML-3/alignment_XML3-3250-0.01-8E-5-200-1.fa	XML-3	86	5800
XML-3/alignment_XML3-3250-0.01-8E-5-200-10.fa	XML-3	86	5800
XML-3/alignment_XML3-3250-0.01-8E-5-200-2.fa	XML-3	78	5800
XML-3/alignment_XML3-3250-0.01-8E-5-200-3.fa	XML-3	113	5800
XML-3/alignment_XML3-3250-0.01-8E-5-200-4.fa	XML-3	80	5800
XML-3/alignment_XML3-3250-0.01-8E-5-200-5.fa	XML-3	100	5800
XML-3/alignment_XML3-3250-0.01-8E-5-200-6.fa	XML-3	73	5800
XML-3/alignment_XML3-3250-0.01-8E-5-200-7.fa	XML-3	85	5800
XML-3/alignment_XML3-3250-0.01-8E-5-200-8.fa	XML-3	82	5800
XML-3/alignment_XML3-3250-0.01-8E-5-200-9.fa	XML-3	81	5800
XML-3/alignment_XML3-3250-0.01-8E-5-50-1.fa	XML-3	42	5800
XML-3/alignment_XML3-3250-0.01-8E-5-50-10.fa	XML-3	34	5800
XML-3/alignment_XML3-3250-0.01-8E-5-50-2.fa	XML-3	35	5800
XML-3/alignment_XML3-3250-0.01-8E-5-50-3.fa	XML-3	34	5800
XML-3/alignment_XML3-3250-0.01-8E-5-50-4.fa	XML-3	38	5800
XML-3/alignment_XML3-3250-0.01-8E-5-50-5.fa	XML-3	31	5800
XML-3/alignment_XML3-3250-0.01-8E-5-50-6.fa	XML-3	31	5800
XML-3/alignment_XML3-3250-0.01-8E-5-50-7.fa	XML-3	41	5800
XML-3/alignment_XML3-3250-0.01-8E-5-50-8.fa	XML-3	23	5800
XML-3/alignment_XML3-3250-0.01-8E-5-50-9.fa	XML-3	34	5800
XML-3/alignment_XML3-3250-0.02-12E-5-100-1.fa	XML-3	77	5800
XML-3/alignment_XML3-3250-0.02-12E-5-100-10.fa	XML-3	76	5800
XML-3/alignment_XML3-3250-0.02-12E-5-100-2.fa	XML-3	73	5800
XML-3/alignment_XML3-3250-0.02-12E-5-100-3.fa	XML-3	74	5800
XML-3/alignment_XML3-3250-0.02-12E-5-100-4.fa	XML-3	79	5800
XML-3/alignment_XML3-3250-0.02-12E-5-100-5.fa	XML-3	69	5800
XML-3/alignment_XML3-3250-0.02-12E-5-100-6.fa	XML-3	83	5800
XML-3/alignment_XML3-3250-0.02-12E-5-100-7.fa	XML-3	53	5800
XML-3/alignment_XML3-3250-0.02-12E-5-100-9.fa	XML-3	78	5800
XML-3/alignment_XML3-3250-0.02-12E-5-200-1.fa	XML-3	106	5800
XML-3/alignment_XML3-3250-0.02-12E-5-200-10.fa	XML-3	129	5800
XML-3/alignment_XML3-3250-0.02-12E-5-200-2.fa	XML-3	121	5800
XML-3/alignment_XML3-3250-0.02-12E-5-200-3.fa	XML-3	103	5800
XML-3/alignment_XML3-3250-0.02-12E-5-200-5.fa	XML-3	133	5800
XML-3/alignment_XML3-3250-0.02-12E-5-200-6.fa	XML-3	133	5800
XML-3/alignment_XML3-3250-0.02-12E-5-200-8.fa	XML-3	122	5800
XML-3/alignment_XML3-3250-0.02-12E-5-200-9.fa	XML-3	89	5800
XML-3/alignment_XML3-3250-0.02-12E-5-50-1.fa	XML-3	53	5800
XML-3/alignment_XML3-3250-0.02-12E-5-50-10.fa	XML-3	42	5800
XML-3/alignment_XML3-3250-0.02-12E-5-50-2.fa	XML-3	43	5800
XML-3/alignment_XML3-3250-0.02-12E-5-50-3.fa	XML-3	44	5800
XML-3/alignment_XML3-3250-0.02-12E-5-50-4.fa	XML-3	43	5800
XML-3/alignment_XML3-3250-0.02-12E-5-50-5.fa	XML-3	28	5800
XML-3/alignment_XML3-3250-0.02-12E-5-50-6.fa	XML-3	46	5800
XML-3/alignment_XML3-3250-0.02-12E-5-50-7.fa	XML-3	40	5800
XML-3/alignment_XML3-3250-0.02-12E-5-50-9.fa	XML-3	38	5800
XML-3/alignment_XML3-3250-0.02-4E-5-100-3.fa	XML-3	95	5800
XML-3/alignment_XML3-3250-0.02-4E-5-100-5.fa	XML-3	75	5800
XML-3/alignment_XML3-3250-0.02-4E-5-100-8.fa	XML-3	83	5800
XML-3/alignment_XML3-3250-0.02-4E-5-100-9.fa	XML-3	85	5800
XML-3/alignment_XML3-3250-0.02-4E-5-200-1.fa	XML-3	134	5800
XML-3/alignment_XML3-3250-0.02-4E-5-200-10.fa	XML-3	141	5800
XML-3/alignment_XML3-3250-0.02-4E-5-200-6.fa	XML-3	144	5800
XML-3/alignment_XML3-3250-0.02-4E-5-200-8.fa	XML-3	127	5800
XML-3/alignment_XML3-3250-0.02-4E-5-50-10.fa	XML-3	46	5800
XML-3/alignment_XML3-3250-0.02-4E-5-50-2.fa	XML-3	42	5800
XML-3/alignment_XML3-3250-0.02-4E-5-50-4.fa	XML-3	55	5800
XML-3/alignment_XML3-3250-0.02-4E-5-50-6.fa	XML-3	52	5800
XML-3/alignment_XML3-3250-0.02-8E-5-100-1.fa	XML-3	78	5800
XML-3/alignment_XML3-3250-0.02-8E-5-100-10.fa	XML-3	79	5800
XML-3/alignment_XML3-3250-0.02-8E-5-100-2.fa	XML-3	79	5800
XML-3/alignment_XML3-3250-0.02-8E-5-100-5.fa	XML-3	75	5800
XML-3/alignment_XML3-3250-0.02-8E-5-100-6.fa	XML-3	77	5800
XML-3/alignment_XML3-3250-0.02-8E-5-100-8.fa	XML-3	79	5800
XML-3/alignment_XML3-3250-0.02-8E-5-200-10.fa	XML-3	111	5800
XML-3/alignment_XML3-3250-0.02-8E-5-200-2.fa	XML-3	117	5800
XML-3/alignment_XML3-3250-0.02-8E-5-200-3.fa	XML-3	139	5800
XML-3/alignment_XML3-3250-0.02-8E-5-200-4.fa	XML-3	121	5800
XML-3/alignment_XML3-3250-0.02-8E-5-200-5.fa	XML-3	122	5800
XML-3/alignment_XML3-3250-0.02-8E-5-50-2.fa	XML-3	54	5800
XML-3/alignment_XML3-3250-0.02-8E-5-50-4.fa	XML-3	47	5800
XML-3/alignment_XML3-3250-0.02-8E-5-50-6.fa	XML-3	43	5800
XML-3/alignment_XML3-3250-0.02-8E-5-50-7.fa	XML-3	47	5800
XML-3/alignment_XML3-3250-0.02-8E-5-50-9.fa	XML-3	36	5800
XML-3/alignment_XML3-4000-0.005-12E-5-100-1.fa	XML-3	17	5800
XML-3/alignment_XML3-4000-0.005-12E-5-100-10.fa	XML-3	17	4905
XML-3/alignment_XML3-4000-0.005-12E-5-100-2.fa	XML-3	35	5800
XML-3/alignment_XML3-4000-0.005-12E-5-100-3.fa	XML-3	39	5800
XML-3/alignment_XML3-4000-0.005-12E-5-100-4.fa	XML-3	31	5800
XML-3/alignment_XML3-4000-0.005-12E-5-100-5.fa	XML-3	27	5800
XML-3/alignment_XML3-4000-0.005-12E-5-100-6.fa	XML-3	30	5800
XML-3/alignment_XML3-4000-0.005-12E-5-100-7.fa	XML-3	25	5800
XML-3/alignment_XML3-4000-0.005-12E-5-100-8.fa	XML-3	27	5800
XML-3/alignment_XML3-4000-0.005-12E-5-100-9.fa	XML-3	35	5800
XML-3/alignment_XML3-4000-0.005-12E-5-200-1.fa	XML-3	49	5800
XML-3/alignment_XML3-4000-0.005-12E-5-200-10.fa	XML-3	35	5800
XML-3/alignment_XML3-4000-0.005-12E-5-200-2.fa	XML-3	41	5800
XML-3/alignment_XML3-4000-0.005-12E-5-200-3.fa	XML-3	46	5800
XML-3/alignment_XML3-4000-0.005-12E-5-200-4.fa	XML-3	41	5800
XML-3/alignment_XML3-4000-0.005-12E-5-200-5.fa	XML-3	35	5800
XML-3/alignment_XML3-4000-0.005-12E-5-200-6.fa	XML-3	51	5800
XML-3/alignment_XML3-4000-0.005-12E-5-200-7.fa	XML-3	42	5800
XML-3/alignment_XML3-4000-0.005-12E-5-200-8.fa	XML-3	39	5800
XML-3/alignment_XML3-4000-0.005-12E-5-200-9.fa	XML-3	48	5800
XML-3/alignment_XML3-4000-0.005-12E-5-50-1.fa	XML-3	23	5800
XML-3/alignment_XML3-4000-0.005-12E-5-50-10.fa	XML-3	19	5800
XML-3/alignment_XML3-4000-0.005-12E-5-50-2.fa	XML-3	20	5800
XML-3/alignment_XML3-4000-0.005-12E-5-50-3.fa	XML-3	22	5800
XML-3/alignment_XML3-4000-0.005-12E-5-50-4.fa	XML-3	12	5800
XML-3/alignment_XML3-4000-0.005-12E-5-50-5.fa	XML-3	18	5800
XML-3/alignment_XML3-4000-0.005-12E-5-50-6.fa	XML-3	22	5800
XML-3/alignment_XML3-4000-0.005-12E-5-50-7.fa	XML-3	24	5800
XML-3/alignment_XML3-4000-0.005-12E-5-50-8.fa	XML-3	13	5800
XML-3/alignment_XML3-4000-0.005-12E-5-50-9.fa	XML-3	21	5800
XML-3/alignment_XML3-4000-0.005-4E-5-100-1.fa	XML-3	35	5800
XML-3/alignment_XML3-4000-0.005-4E-5-100-10.fa	XML-3	36	5800
XML-3/alignment_XML3-4000-0.005-4E-5-100-2.fa	XML-3	39	5800
XML-3/alignment_XML3-4000-0.005-4E-5-100-3.fa	XML-3	53	5800
XML-3/alignment_XML3-4000-0.005-4E-5-100-4.fa	XML-3	36	5800
XML-3/alignment_XML3-4000-0.005-4E-5-100-5.fa	XML-3	43	5800
XML-3/alignment_XML3-4000-0.005-4E-5-100-6.fa	XML-3	50	5800
XML-3/alignment_XML3-4000-0.005-4E-5-100-7.fa	XML-3	54	5800
XML-3/alignment_XML3-4000-0.005-4E-5-100-8.fa	XML-3	51	5800
XML-3/alignment_XML3-4000-0.005-4E-5-100-9.fa	XML-3	50	5800
XML-3/alignment_XML3-4000-0.005-4E-5-200-1.fa	XML-3	65	5800
XML-3/alignment_XML3-4000-0.005-4E-5-200-10.fa	XML-3	74	5800
XML-3/alignment_XML3-4000-0.005-4E-5-200-2.fa	XML-3	69	5800
XML-3/alignment_XML3-4000-0.005-4E-5-200-3.fa	XML-3	63	5800
XML-3/alignment_XML3-4000-0.005-4E-5-200-4.fa	XML-3	54	5800
XML-3/alignment_XML3-4000-0.005-4E-5-200-5.fa	XML-3	59	5800
XML-3/alignment_XML3-4000-0.005-4E-5-200-6.fa	XML-3	66	5800
XML-3/alignment_XML3-4000-0.005-4E-5-200-7.fa	XML-3	57	5800
XML-3/alignment_XML3-4000-0.005-4E-5-200-8.fa	XML-3	65	5800
XML-3/alignment_XML3-4000-0.005-4E-5-200-9.fa	XML-3	51	5800
XML-3/alignment_XML3-4000-0.005-4E-5-50-1.fa	XML-3	27	5800
XML-3/alignment_XML3-4000-0.005-4E-5-50-10.fa	XML-3	31	5800
XML-3/alignment_XML3-4000-0.005-4E-5-50-2.fa	XML-3	28	5800
XML-3/alignment_XML3-4000-0.005-4E-5-50-3.fa	XML-3	25	5800
XML-3/alignment_XML3-4000-0.005-4E-5-50-4.fa	XML-3	23	5800
XML-3/alignment_XML3-4000-0.005-4E-5-50-5.fa	XML-3	34	5800
XML-3/alignment_XML3-4000-0.005-4E-5-50-6.fa	XML-3	33	5800
XML-3/alignment_XML3-4000-0.005-4E-5-50-7.fa	XML-3	28	5800
XML-3/alignment_XML3-4000-0.005-4E-5-50-8.fa	XML-3	26	5800
XML-3/alignment_XML3-4000-0.005-4E-5-50-9.fa	XML-3	33	5800
XML-3/alignment_XML3-4000-0.005-8E-5-100-1.fa	XML-3	41	5800
XML-3/alignment_XML3-4000-0.005-8E-5-100-10.fa	XML-3	29	5800
XML-3/alignment_XML3-4000-0.005-8E-5-100-2.fa	XML-3	31	5800
XML-3/alignment_XML3-4000-0.005-8E-5-100-3.fa	XML-3	45	5800
XML-3/alignment_XML3-4000-0.005-8E-5-100-4.fa	XML-3	27	5800
XML-3/alignment_XML3-4000-0.005-8E-5-100-5.fa	XML-3	41	5800
XML-3/alignment_XML3-4000-0.005-8E-5-100-6.fa	XML-3	19	5800
XML-3/alignment_XML3-4000-0.005-8E-5-100-7.fa	XML-3	21	5800
XML-3/alignment_XML3-4000-0.005-8E-5-100-8.fa	XML-3	42	5800
XML-3/alignment_XML3-4000-0.005-8E-5-100-9.fa	XML-3	47	5800
XML-3/alignment_XML3-4000-0.005-8E-5-200-1.fa	XML-3	45	5800
XML-3/alignment_XML3-4000-0.005-8E-5-200-10.fa	XML-3	36	5800
XML-3/alignment_XML3-4000-0.005-8E-5-200-2.fa	XML-3	52	5800
XML-3/alignment_XML3-4000-0.005-8E-5-200-3.fa	XML-3	51	5800
XML-3/alignment_XML3-4000-0.005-8E-5-200-4.fa	XML-3	37	5800
XML-3/alignment_XML3-4000-0.005-8E-5-200-5.fa	XML-3	55	5800
XML-3/alignment_XML3-4000-0.005-8E-5-200-6.fa	XML-3	33	5800
XML-3/alignment_XML3-4000-0.005-8E-5-200-7.fa	XML-3	37	5800
XML-3/alignment_XML3-4000-0.005-8E-5-200-8.fa	XML-3	69	5800
XML-3/alignment_XML3-4000-0.005-8E-5-200-9.fa	XML-3	51	5800
XML-3/alignment_XML3-4000-0.005-8E-5-50-1.fa	XML-3	21	5800
XML-3/alignment_XML3-4000-0.005-8E-5-50-10.fa	XML-3	19	5800
XML-3/alignment_XML3-4000-0.005-8E-5-50-2.fa	XML-3	14	5800
XML-3/alignment_XML3-4000-0.005-8E-5-50-3.fa	XML-3	31	5800
XML-3/alignment_XML3-4000-0.005-8E-5-50-4.fa	XML-3	22	5800
XML-3/alignment_XML3-4000-0.005-8E-5-50-5.fa	XML-3	23	5800
XML-3/alignment_XML3-4000-0.005-8E-5-50-6.fa	XML-3	24	5800
XML-3/alignment_XML3-4000-0.005-8E-5-50-7.fa	XML-3	26	5800
XML-3/alignment_XML3-4000-0.005-8E-5-50-8.fa	XML-3	28	5800
XML-3/alignment_XML3-4000-0.005-8E-5-50-9.fa	XML-3	25	5800
XML-3/alignment_XML3-4000-0.01-12E-5-100-1.fa	XML-3	34	5800
XML-3/alignment_XML3-4000-0.01-12E-5-100-10.fa	XML-3	41	5800
XML-3/alignment_XML3-4000-0.01-12E-5-100-2.fa	XML-3	47	5800
XML-3/alignment_XML3-4000-0.01-12E-5-100-3.fa	XML-3	62	5800
XML-3/alignment_XML3-4000-0.01-12E-5-100-4.fa	XML-3	53	5800
XML-3/alignment_XML3-4000-0.01-12E-5-100-5.fa	XML-3	58	5800
XML-3/alignment_XML3-4000-0.01-12E-5-100-6.fa	XML-3	53	5800
XML-3/alignment_XML3-4000-0.01-12E-5-100-7.fa	XML-3	52	5800
XML-3/alignment_XML3-4000-0.01-12E-5-100-8.fa	XML-3	53	5800
XML-3/alignment_XML3-4000-0.01-12E-5-100-9.fa	XML-3	51	5800
XML-3/alignment_XML3-4000-0.01-12E-5-200-1.fa	XML-3	83	5800
XML-3/alignment_XML3-4000-0.01-12E-5-200-10.fa	XML-3	87	5800
XML-3/alignment_XML3-4000-0.01-12E-5-200-2.fa	XML-3	88	5800
XML-3/alignment_XML3-4000-0.01-12E-5-200-3.fa	XML-3	60	5800
XML-3/alignment_XML3-4000-0.01-12E-5-200-4.fa	XML-3	100	5800
XML-3/alignment_XML3-4000-0.01-12E-5-200-5.fa	XML-3	68	5800
XML-3/alignment_XML3-4000-0.01-12E-5-200-6.fa	XML-3	68	5800
XML-3/alignment_XML3-4000-0.01-12E-5-200-7.fa	XML-3	64	5800
XML-3/alignment_XML3-4000-0.01-12E-5-200-8.fa	XML-3	80	5800
XML-3/alignment_XML3-4000-0.01-12E-5-200-9.fa	XML-3	75	5800
XML-3/alignment_XML3-4000-0.01-12E-5-50-1.fa	XML-3	33	5800
XML-3/alignment_XML3-4000-0.01-12E-5-50-10.fa	XML-3	38	5800
XML-3/alignment_XML3-4000-0.01-12E-5-50-2.fa	XML-3	36	5800
XML-3/alignment_XML3-4000-0.01-12E-5-50-3.fa	XML-3	38	5800
XML-3/alignment_XML3-4000-0.01-12E-5-50-4.fa	XML-3	38	5800
XML-3/alignment_XML3-4000-0.01-12E-5-50-5.fa	XML-3	37	5800
XML-3/alignment_XML3-4000-0.01-12E-5-50-6.fa	XML-3	40	5800
XML-3/alignment_XML3-4000-0.01-12E-5-50-7.fa	XML-3	35	5800
XML-3/alignment_XML3-4000-0.01-12E-5-50-8.fa	XML-3	31	5800
XML-3/alignment_XML3-4000-0.01-12E-5-50-9.fa	XML-3	34	5800
XML-3/alignment_XML3-4000-0.01-4E-5-100-1.fa	XML-3	76	5800
XML-3/alignment_XML3-4000-0.01-4E-5-100-10.fa	XML-3	80	5800
XML-3/alignment_XML3-4000-0.01-4E-5-100-2.fa	XML-3	62	5800
XML-3/alignment_XML3-4000-0.01-4E-5-100-3.fa	XML-3	73	5800
XML-3/alignment_XML3-4000-0.01-4E-5-100-4.fa	XML-3	61	5800
XML-3/alignment_XML3-4000-0.01-4E-5-100-5.fa	XML-3	72	5800
XML-3/alignment_XML3-4000-0.01-4E-5-100-6.fa	XML-3	77	5800
XML-3/alignment_XML3-4000-0.01-4E-5-100-7.fa	XML-3	71	5800
XML-3/alignment_XML3-4000-0.01-4E-5-100-8.fa	XML-3	59	5800
XML-3/alignment_XML3-4000-0.01-4E-5-100-9.fa	XML-3	78	5800
XML-3/alignment_XML3-4000-0.01-4E-5-200-1.fa	XML-3	99	5800
XML-3/alignment_XML3-4000-0.01-4E-5-200-10.fa	XML-3	75	5800
XML-3/alignment_XML3-4000-0.01-4E-5-200-2.fa	XML-3	84	5800
XML-3/alignment_XML3-4000-0.01-4E-5-200-3.fa	XML-3	91	5800
XML-3/alignment_XML3-4000-0.01-4E-5-200-4.fa	XML-3	96	5800
XML-3/alignment_XML3-4000-0.01-4E-5-200-5.fa	XML-3	105	5800
XML-3/alignment_XML3-4000-0.01-4E-5-200-6.fa	XML-3	95	5800
XML-3/alignment_XML3-4000-0.01-4E-5-200-7.fa	XML-3	104	5800
XML-3/alignment_XML3-4000-0.01-4E-5-200-8.fa	XML-3	122	5800
XML-3/alignment_XML3-4000-0.01-4E-5-200-9.fa	XML-3	94	5800
XML-3/alignment_XML3-4000-0.01-4E-5-50-1.fa	XML-3	30	5800
XML-3/alignment_XML3-4000-0.01-4E-5-50-10.fa	XML-3	38	5800
XML-3/alignment_XML3-4000-0.01-4E-5-50-2.fa	XML-3	38	5800
XML-3/alignment_XML3-4000-0.01-4E-5-50-3.fa	XML-3	51	5800
XML-3/alignment_XML3-4000-0.01-4E-5-50-4.fa	XML-3	52	5800
XML-3/alignment_XML3-4000-0.01-4E-5-50-5.fa	XML-3	44	5800
XML-3/alignment_XML3-4000-0.01-4E-5-50-6.fa	XML-3	37	5800
XML-3/alignment_XML3-4000-0.01-4E-5-50-7.fa	XML-3	50	5800
XML-3/alignment_XML3-4000-0.01-4E-5-50-8.fa	XML-3	40	5800
XML-3/alignment_XML3-4000-0.01-4E-5-50-9.fa	XML-3	42	5800
XML-3/alignment_XML3-4000-0.01-8E-5-100-1.fa	XML-3	54	5800
XML-3/alignment_XML3-4000-0.01-8E-5-100-10.fa	XML-3	64	5800
XML-3/alignment_XML3-4000-0.01-8E-5-100-2.fa	XML-3	70	5800
XML-3/alignment_XML3-4000-0.01-8E-5-100-3.fa	XML-3	60	5800
XML-3/alignment_XML3-4000-0.01-8E-5-100-4.fa	XML-3	65	5800
XML-3/alignment_XML3-4000-0.01-8E-5-100-5.fa	XML-3	44	5800
XML-3/alignment_XML3-4000-0.01-8E-5-100-6.fa	XML-3	64	5800
XML-3/alignment_XML3-4000-0.01-8E-5-100-7.fa	XML-3	39	5800
XML-3/alignment_XML3-4000-0.01-8E-5-100-8.fa	XML-3	57	5800
XML-3/alignment_XML3-4000-0.01-8E-5-100-9.fa	XML-3	58	5800
XML-3/alignment_XML3-4000-0.01-8E-5-200-1.fa	XML-3	102	5800
XML-3/alignment_XML3-4000-0.01-8E-5-200-10.fa	XML-3	77	5800
XML-3/alignment_XML3-4000-0.01-8E-5-200-2.fa	XML-3	72	5800
XML-3/alignment_XML3-4000-0.01-8E-5-200-3.fa	XML-3	92	5800
XML-3/alignment_XML3-4000-0.01-8E-5-200-4.fa	XML-3	90	5800
XML-3/alignment_XML3-4000-0.01-8E-5-200-5.fa	XML-3	81	5800
XML-3/alignment_XML3-4000-0.01-8E-5-200-6.fa	XML-3	91	5800
XML-3/alignment_XML3-4000-0.01-8E-5-200-7.fa	XML-3	67	5800
XML-3/alignment_XML3-4000-0.01-8E-5-200-8.fa	XML-3	75	5800
XML-3/alignment_XML3-4000-0.01-8E-5-200-9.fa	XML-3	59	5800
XML-3/alignment_XML3-4000-0.01-8E-5-50-1.fa	XML-3	37	5800
XML-3/alignment_XML3-4000-0.01-8E-5-50-10.fa	XML-3	39	5800
XML-3/alignment_XML3-4000-0.01-8E-5-50-2.fa	XML-3	33	5800
XML-3/alignment_XML3-4000-0.01-8E-5-50-3.fa	XML-3	30	5800
XML-3/alignment_XML3-4000-0.01-8E-5-50-4.fa	XML-3	40	5800
XML-3/alignment_XML3-4000-0.01-8E-5-50-5.fa	XML-3	37	5800
XML-3/alignment_XML3-4000-0.01-8E-5-50-6.fa	XML-3	46	5800
XML-3/alignment_XML3-4000-0.01-8E-5-50-7.fa	XML-3	31	5800
XML-3/alignment_XML3-4000-0.01-8E-5-50-8.fa	XML-3	39	5800
XML-3/alignment_XML3-4000-0.01-8E-5-50-9.fa	XML-3	42	5800
XML-3/alignment_XML3-4000-0.02-12E-5-100-2.fa	XML-3	96	5800
XML-3/alignment_XML3-4000-0.02-12E-5-100-5.fa	XML-3	99	5800
XML-3/alignment_XML3-4000-0.02-12E-5-100-6.fa	XML-3	79	5800
XML-3/alignment_XML3-4000-0.02-12E-5-100-7.fa	XML-3	67	5800
XML-3/alignment_XML3-4000-0.02-12E-5-100-9.fa	XML-3	76	5800
XML-3/alignment_XML3-4000-0.02-12E-5-200-1.fa	XML-3	139	5800
XML-3/alignment_XML3-4000-0.02-12E-5-200-2.fa	XML-3	118	5800
XML-3/alignment_XML3-4000-0.02-12E-5-200-4.fa	XML-3	112	5800
XML-3/alignment_XML3-4000-0.02-12E-5-200-8.fa	XML-3	117	5800
XML-3/alignment_XML3-4000-0.02-12E-5-200-9.fa	XML-3	125	5800
XML-3/alignment_XML3-4000-0.02-12E-5-50-3.fa	XML-3	46	5800
XML-3/alignment_XML3-4000-0.02-12E-5-50-4.fa	XML-3	62	5800
XML-3/alignment_XML3-4000-0.02-12E-5-50-5.fa	XML-3	50	5800
XML-3/alignment_XML3-4000-0.02-12E-5-50-9.fa	XML-3	52	5800
XML-3/alignment_XML3-4000-0.02-4E-5-100-10.fa	XML-3	98	5800
XML-3/alignment_XML3-4000-0.02-4E-5-100-4.fa	XML-3	88	5800
XML-3/alignment_XML3-4000-0.02-4E-5-100-5.fa	XML-3	80	5800
XML-3/alignment_XML3-4000-0.02-4E-5-100-6.fa	XML-3	101	5800
XML-3/alignment_XML3-4000-0.02-4E-5-200-4.fa	XML-3	146	5800
XML-3/alignment_XML3-4000-0.02-4E-5-200-5.fa	XML-3	143	5800
XML-3/alignment_XML3-4000-0.02-4E-5-200-6.fa	XML-3	114	5800
XML-3/alignment_XML3-4000-0.02-4E-5-200-9.fa	XML-3	156	5800
XML-3/alignment_XML3-4000-0.02-4E-5-50-10.fa	XML-3	58	5800
XML-3/alignment_XML3-4000-0.02-4E-5-50-4.fa	XML-3	61	5800
XML-3/alignment_XML3-4000-0.02-4E-5-50-5.fa	XML-3	51	5800
XML-3/alignment_XML3-4000-0.02-4E-5-50-8.fa	XML-3	57	5800
XML-3/alignment_XML3-4000-0.02-8E-5-100-3.fa	XML-3	102	5800
XML-3/alignment_XML3-4000-0.02-8E-5-100-4.fa	XML-3	84	5800
XML-3/alignment_XML3-4000-0.02-8E-5-100-5.fa	XML-3	87	5800
XML-3/alignment_XML3-4000-0.02-8E-5-100-7.fa	XML-3	74	5800
XML-3/alignment_XML3-4000-0.02-8E-5-200-10.fa	XML-3	159	5800
XML-3/alignment_XML3-4000-0.02-8E-5-200-3.fa	XML-3	139	5800
XML-3/alignment_XML3-4000-0.02-8E-5-200-5.fa	XML-3	151	5800
XML-3/alignment_XML3-4000-0.02-8E-5-200-6.fa	XML-3	137	5800
XML-3/alignment_XML3-4000-0.02-8E-5-50-3.fa	XML-3	53	5800
XML-3/alignment_XML3-4000-0.02-8E-5-50-4.fa	XML-3	41	5800
XML-3/alignment_XML3-4000-0.02-8E-5-50-5.fa	XML-3	46	5800
XML-3/alignment_XML3-4000-0.02-8E-5-50-7.fa	XML-3	65	5800
XML-4/alignment_XML4-2500-0.005-12E-5-100-1-1.fa	XML-4	13	19025
XML-4/alignment_XML4-2500-0.005-12E-5-100-1-2.fa	XML-4	10	19025
XML-4/alignment_XML4-2500-0.005-12E-5-100-2-1.fa	XML-4	6	19025
XML-4/alignment_XML4-2500-0.005-12E-5-100-2-2.fa	XML-4	10	19025
XML-4/alignment_XML4-2500-0.005-12E-5-100-3-1.fa	XML-4	7	18225
XML-4/alignment_XML4-2500-0.005-12E-5-100-3-2.fa	XML-4	15	19025
XML-4/alignment_XML4-2500-0.005-12E-5-100-4-1.fa	XML-4	17	19025
XML-4/alignment_XML4-2500-0.005-12E-5-100-4-2.fa	XML-4	8	19025
XML-4/alignment_XML4-2500-0.005-12E-5-100-5-1.fa	XML-4	14	19025
XML-4/alignment_XML4-2500-0.005-12E-5-100-5-2.fa	XML-4	11	19025
XML-4/alignment_XML4-2500-0.005-12E-5-200-1-1.fa	XML-4	11	19025
XML-4/alignment_XML4-2500-0.005-12E-5-200-1-2.fa	XML-4	9	19025
XML-4/alignment_XML4-2500-0.005-12E-5-200-2-1.fa	XML-4	5	19025
XML-4/alignment_XML4-2500-0.005-12E-5-200-2-2.fa	XML-4	9	19025
XML-4/alignment_XML4-2500-0.005-12E-5-200-3-1.fa	XML-4	15	19025
XML-4/alignment_XML4-2500-0.005-12E-5-200-3-2.fa	XML-4	15	19025
XML-4/alignment_XML4-2500-0.005-12E-5-200-4-1.fa	XML-4	9	19025
XML-4/alignment_XML4-2500-0.005-12E-5-200-4-2.fa	XML-4	9	19025
XML-4/alignment_XML4-2500-0.005-12E-5-200-5-1.fa	XML-4	17	19025
XML-4/alignment_XML4-2500-0.005-12E-5-200-5-2.fa	XML-4	14	19025
XML-4/alignment_XML4-2500-0.005-12E-5-50-1-1.fa	XML-4	8	19025
XML-4/alignment_XML4-2500-0.005-12E-5-50-1-2.fa	XML-4	8	19025
XML-4/alignment_XML4-2500-0.005-12E-5-50-2-1.fa	XML-4	11	19025
XML-4/alignment_XML4-2500-0.005-12E-5-50-2-2.fa	XML-4	11	19025
XML-4/alignment_XML4-2500-0.005-12E-5-50-3-1.fa	XML-4	5	19025
XML-4/alignment_XML4-2500-0.005-12E-5-50-3-2.fa	XML-4	6	19025
XML-4/alignment_XML4-2500-0.005-12E-5-50-4-1.fa	XML-4	10	19025
XML-4/alignment_XML4-2500-0.005-12E-5-50-4-2.fa	XML-4	8	19025
XML-4/alignment_XML4-2500-0.005-12E-5-50-5-1.fa	XML-4	11	19025
XML-4/alignment_XML4-2500-0.005-12E-5-50-5-2.fa	XML-4	8	19025
XML-4/alignment_XML4-2500-0.005-4E-5-100-1-1.fa	XML-4	11	19025
XML-4/alignment_XML4-2500-0.005-4E-5-100-1-2.fa	XML-4	14	19025
XML-4/alignment_XML4-2500-0.005-4E-5-100-2-1.fa	XML-4	15	19025
XML-4/alignment_XML4-2500-0.005-4E-5-100-2-2.fa	XML-4	5	18144
XML-4/alignment_XML4-2500-0.005-4E-5-100-3-1.fa	XML-4	9	19025
XML-4/alignment_XML4-2500-0.005-4E-5-100-3-2.fa	XML-4	9	19025
XML-4/alignment_XML4-2500-0.005-4E-5-100-4-1.fa	XML-4	6	19025
XML-4/alignment_XML4-2500-0.005-4E-5-100-4-2.fa	XML-4	14	19025
XML-4/alignment_XML4-2500-0.005-4E-5-100-5-1.fa	XML-4	10	19025
XML-4/alignment_XML4-2500-0.005-4E-5-100-5-2.fa	XML-4	3	19025
XML-4/alignment_XML4-2500-0.005-4E-5-200-1-1.fa	XML-4	11	19025
XML-4/alignment_XML4-2500-0.005-4E-5-200-1-2.fa	XML-4	11	19025
XML-4/alignment_XML4-2500-0.005-4E-5-200-2-1.fa	XML-4	9	19025
XML-4/alignment_XML4-2500-0.005-4E-5-200-2-2.fa	XML-4	7	19025
XML-4/alignment_XML4-2500-0.005-4E-5-200-3-1.fa	XML-4	18	19025
XML-4/alignment_XML4-2500-0.005-4E-5-200-3-2.fa	XML-4	4	9108
XML-4/alignment_XML4-2500-0.005-4E-5-200-4-1.fa	XML-4	11	19025
XML-4/alignment_XML4-2500-0.005-4E-5-200-4-2.fa	XML-4	11	19025
XML-4/alignment_XML4-2500-0.005-4E-5-200-5-1.fa	XML-4	11	19025
XML-4/alignment_XML4-2500-0.005-4E-5-200-5-2.fa	XML-4	7	19025
XML-4/alignment_XML4-2500-0.005-4E-5-50-1-1.fa	XML-4	7	19025
XML-4/alignment_XML4-2500-0.005-4E-5-50-1-2.fa	XML-4	8	19025
XML-4/alignment_XML4-2500-0.005-4E-5-50-2-1.fa	XML-4	9	19025
XML-4/alignment_XML4-2500-0.005-4E-5-50-2-2.fa	XML-4	6	19025
XML-4/alignment_XML4-2500-0.005-4E-5-50-3-1.fa	XML-4	6	14490
XML-4/alignment_XML4-2500-0.005-4E-5-50-3-2.fa	XML-4	4	19025
XML-4/alignment_XML4-2500-0.005-4E-5-50-4-1.fa	XML-4	8	19025
XML-4/alignment_XML4-2500-0.005-4E-5-50-4-2.fa	XML-4	14	19025
XML-4/alignment_XML4-2500-0.005-4E-5-50-5-1.fa	XML-4	7	19025
XML-4/alignment_XML4-2500-0.005-4E-5-50-5-2.fa	XML-4	10	19025
XML-4/alignment_XML4-2500-0.005-8E-5-100-1-1.fa	XML-4	11	19025
XML-4/alignment_XML4-2500-0.005-8E-5-100-1-2.fa	XML-4	14	19025
XML-4/alignment_XML4-2500-0.005-8E-5-100-2-1.fa	XML-4	5	18396
XML-4/alignment_XML4-2500-0.005-8E-5-100-2-2.fa	XML-4	12	19025
XML-4/alignment_XML4-2500-0.005-8E-5-100-3-1.fa	XML-4	11	19025
XML-4/alignment_XML4-2500-0.005-8E-5-100-3-2.fa	XML-4	11	19025
XML-4/alignment_XML4-2500-0.005-8E-5-100-4-1.fa	XML-4	12	19025
XML-4/alignment_XML4-2500-0.005-8E-5-100-4-2.fa	XML-4	13	19025
XML-4/alignment_XML4-2500-0.005-8E-5-100-5-1.fa	XML-4	13	19025
XML-4/alignment_XML4-2500-0.005-8E-5-100-5-2.fa	XML-4	16	19025
XML-4/alignment_XML4-2500-0.005-8E-5-200-1-1.fa	XML-4	11	19025
XML-4/alignment_XML4-2500-0.005-8E-5-200-1-2.fa	XML-4	11	19025
XML-4/alignment_XML4-2500-0.005-8E-5-200-2-1.fa	XML-4	25	19025
XML-4/alignment_XML4-2500-0.005-8E-5-200-2-2.fa	XML-4	9	19025
XML-4/alignment_XML4-2500-0.005-8E-5-200-3-1.fa	XML-4	13	19025
XML-4/alignment_XML4-2500-0.005-8E-5-200-3-2.fa	XML-4	5	19025
XML-4/alignment_XML4-2500-0.005-8E-5-200-4-1.fa	XML-4	13	19025
XML-4/alignment_XML4-2500-0.005-8E-5-200-4-2.fa	XML-4	14	19025
XML-4/alignment_XML4-2500-0.005-8E-5-200-5-1.fa	XML-4	11	19025
XML-4/alignment_XML4-2500-0.005-8E-5-200-5-2.fa	XML-4	6	19025
XML-4/alignment_XML4-2500-0.005-8E-5-50-1-1.fa	XML-4	9	19025
XML-4/alignment_XML4-2500-0.005-8E-5-50-1-2.fa	XML-4	5	19025
XML-4/alignment_XML4-2500-0.005-8E-5-50-2-1.fa	XML-4	7	19025
XML-4/alignment_XML4-2500-0.005-8E-5-50-2-2.fa	XML-4	7	19025
XML-4/alignment_XML4-2500-0.005-8E-5-50-3-1.fa	XML-4	4	15054
XML-4/alignment_XML4-2500-0.005-8E-5-50-3-2.fa	XML-4	12	19025
XML-4/alignment_XML4-2500-0.005-8E-5-50-4-2.fa	XML-4	12	19025
XML-4/alignment_XML4-2500-0.005-8E-5-50-5-1.fa	XML-4	9	18183
XML-4/alignment_XML4-2500-0.005-8E-5-50-5-2.fa	XML-4	11	19025
XML-4/alignment_XML4-2500-0.01-12E-5-100-1-1.fa	XML-4	19	19025
XML-4/alignment_XML4-2500-0.01-12E-5-100-1-2.fa	XML-4	32	19025
XML-4/alignment_XML4-2500-0.01-12E-5-100-2-1.fa	XML-4	14	18351
XML-4/alignment_XML4-2500-0.01-12E-5-100-2-2.fa	XML-4	22	19025
XML-4/alignment_XML4-2500-0.01-12E-5-100-3-1.fa	XML-4	22	19025
XML-4/alignment_XML4-2500-0.01-12E-5-100-3-2.fa	XML-4	18	19025
XML-4/alignment_XML4-2500-0.01-12E-5-100-4-1.fa	XML-4	18	19025
XML-4/alignment_XML4-2500-0.01-12E-5-100-4-2.fa	XML-4	20	19025
XML-4/alignment_XML4-2500-0.01-12E-5-100-5-1.fa	XML-4	13	19025
XML-4/alignment_XML4-2500-0.01-12E-5-100-5-2.fa	XML-4	16	19025
XML-4/alignment_XML4-2500-0.01-12E-5-200-1-1.fa	XML-4	17	19025
XML-4/alignment_XML4-2500-0.01-12E-5-200-1-2.fa	XML-4	15	19025
XML-4/alignment_XML4-2500-0.01-12E-5-200-2-1.fa	XML-4	26	19025
XML-4/alignment_XML4-2500-0.01-12E-5-200-2-2.fa	XML-4	25	19025
XML-4/alignment_XML4-2500-0.01-12E-5-200-3-1.fa	XML-4	20	19025
XML-4/alignment_XML4-2500-0.01-12E-5-200-3-2.fa	XML-4	22	19025
XML-4/alignment_XML4-2500-0.01-12E-5-200-4-1.fa	XML-4	21	19025
XML-4/alignment_XML4-2500-0.01-12E-5-200-4-2.fa	XML-4	26	19025
XML-4/alignment_XML4-2500-0.01-12E-5-200-5-1.fa	XML-4	21	19025
XML-4/alignment_XML4-2500-0.01-12E-5-200-5-2.fa	XML-4	21	19025
XML-4/alignment_XML4-2500-0.01-12E-5-50-1-1.fa	XML-4	11	19025
XML-4/alignment_XML4-2500-0.01-12E-5-50-1-2.fa	XML-4	20	19025
XML-4/alignment_XML4-2500-0.01-12E-5-50-2-1.fa	XML-4	13	19025
XML-4/alignment_XML4-2500-0.01-12E-5-50-2-2.fa	XML-4	11	19025
XML-4/alignment_XML4-2500-0.01-12E-5-50-3-1.fa	XML-4	4	17520
XML-4/alignment_XML4-2500-0.01-12E-5-50-3-2.fa	XML-4	11	19025
XML-4/alignment_XML4-2500-0.01-12E-5-50-4-1.fa	XML-4	8	19025
XML-4/alignment_XML4-2500-0.01-12E-5-50-4-2.fa	XML-4	8	19025
XML-4/alignment_XML4-2500-0.01-12E-5-50-5-1.fa	XML-4	13	18534
XML-4/alignment_XML4-2500-0.01-12E-5-50-5-2.fa	XML-4	13	19025
XML-4/alignment_XML4-2500-0.01-4E-5-100-1-1.fa	XML-4	17	19025
XML-4/alignment_XML4-2500-0.01-4E-5-100-1-2.fa	XML-4	13	19025
XML-4/alignment_XML4-2500-0.01-4E-5-100-2-1.fa	XML-4	11	19025
XML-4/alignment_XML4-2500-0.01-4E-5-100-2-2.fa	XML-4	15	19025
XML-4/alignment_XML4-2500-0.01-4E-5-100-3-1.fa	XML-4	13	19025
XML-4/alignment_XML4-2500-0.01-4E-5-100-3-2.fa	XML-4	8	19025
XML-4/alignment_XML4-2500-0.01-4E-5-100-4-1.fa	XML-4	17	19025
XML-4/alignment_XML4-2500-0.01-4E-5-100-4-2.fa	XML-4	18	19025
XML-4/alignment_XML4-2500-0.01-4E-5-100-5-1.fa	XML-4	11	19025
XML-4/alignment_XML4-2500-0.01-4E-5-100-5-2.fa	XML-4	6	19025
XML-4/alignment_XML4-2500-0.01-4E-5-200-1-1.fa	XML-4	10	19025
XML-4/alignment_XML4-2500-0.01-4E-5-200-1-2.fa	XML-4	21	19025
XML-4/alignment_XML4-2500-0.01-4E-5-200-2-1.fa	XML-4	21	19025
XML-4/alignment_XML4-2500-0.01-4E-5-200-2-2.fa	XML-4	17	19025
XML-4/alignment_XML4-2500-0.01-4E-5-200-3-1.fa	XML-4	17	19025
XML-4/alignment_XML4-2500-0.01-4E-5-200-3-2.fa	XML-4	8	18930
XML-4/alignment_XML4-2500-0.01-4E-5-200-4-1.fa	XML-4	14	19025
XML-4/alignment_XML4-2500-0.01-4E-5-200-4-2.fa	XML-4	7	19025
XML-4/alignment_XML4-2500-0.01-4E-5-200-5-1.fa	XML-4	22	19025
XML-4/alignment_XML4-2500-0.01-4E-5-200-5-2.fa	XML-4	26	19025
XML-4/alignment_XML4-2500-0.01-4E-5-50-1-1.fa	XML-4	11	19025
XML-4/alignment_XML4-2500-0.01-4E-5-50-1-2.fa	XML-4	12	19025
XML-4/alignment_XML4-2500-0.01-4E-5-50-2-1.fa	XML-4	22	19025
XML-4/alignment_XML4-2500-0.01-4E-5-50-2-2.fa	XML-4	9	19025
XML-4/alignment_XML4-2500-0.01-4E-5-50-3-1.fa	XML-4	11	19025
XML-4/alignment_XML4-2500-0.01-4E-5-50-3-2.fa	XML-4	13	19025
XML-4/alignment_XML4-2500-0.01-4E-5-50-4-1.fa	XML-4	9	19025
XML-4/alignment_XML4-2500-0.01-4E-5-50-4-2.fa	XML-4	7	18387
XML-4/alignment_XML4-2500-0.01-4E-5-50-5-1.fa	XML-4	8	19025
XML-4/alignment_XML4-2500-0.01-4E-5-50-5-2.fa	XML-4	20	19025
XML-4/alignment_XML4-2500-0.01-8E-5-100-1-1.fa	XML-4	20	19025
XML-4/alignment_XML4-2500-0.01-8E-5-100-1-2.fa	XML-4	25	19025
XML-4/alignment_XML4-2500-0.01-8E-5-100-2-1.fa	XML-4	13	19025
XML-4/alignment_XML4-2500-0.01-8E-5-100-2-2.fa	XML-4	26	19025
XML-4/alignment_XML4-2500-0.01-8E-5-100-3-1.fa	XML-4	10	19025
XML-4/alignment_XML4-2500-0.01-8E-5-100-3-2.fa	XML-4	31	19025
XML-4/alignment_XML4-2500-0.01-8E-5-100-4-1.fa	XML-4	18	19025
XML-4/alignment_XML4-2500-0.01-8E-5-100-4-2.fa	XML-4	22	19025
XML-4/alignment_XML4-2500-0.01-8E-5-100-5-1.fa	XML-4	11	18291
XML-4/alignment_XML4-2500-0.01-8E-5-100-5-2.fa	XML-4	20	19025
XML-4/alignment_XML4-2500-0.01-8E-5-200-1-1.fa	XML-4	25	19025
XML-4/alignment_XML4-2500-0.01-8E-5-200-1-2.fa	XML-4	25	19025
XML-4/alignment_XML4-2500-0.01-8E-5-200-2-1.fa	XML-4	16	19025
XML-4/alignment_XML4-2500-0.01-8E-5-200-2-2.fa	XML-4	12	19025
XML-4/alignment_XML4-2500-0.01-8E-5-200-3-1.fa	XML-4	18	19025
XML-4/alignment_XML4-2500-0.01-8E-5-200-3-2.fa	XML-4	13	19025
XML-4/alignment_XML4-2500-0.01-8E-5-200-4-1.fa	XML-4	18	19025
XML-4/alignment_XML4-2500-0.01-8E-5-200-4-2.fa	XML-4	21	19025
XML-4/alignment_XML4-2500-0.01-8E-5-200-5-1.fa	XML-4	40	19025
XML-4/alignment_XML4-2500-0.01-8E-5-200-5-2.fa	XML-4	20	19025
XML-4/alignment_XML4-2500-0.01-8E-5-50-1-1.fa	XML-4	16	19025
XML-4/alignment_XML4-2500-0.01-8E-5-50-1-2.fa	XML-4	10	19025
XML-4/alignment_XML4-2500-0.01-8E-5-50-2-1.fa	XML-4	15	19025
XML-4/alignment_XML4-2500-0.01-8E-5-50-2-2.fa	XML-4	8	19025
XML-4/alignment_XML4-2500-0.01-8E-5-50-3-1.fa	XML-4	17	19025
XML-4/alignment_XML4-2500-0.01-8E-5-50-3-2.fa	XML-4	15	19025
XML-4/alignment_XML4-2500-0.01-8E-5-50-4-1.fa	XML-4	19	19025
XML-4/alignment_XML4-2500-0.01-8E-5-50-4-2.fa	XML-4	18	19025
XML-4/alignment_XML4-2500-0.01-8E-5-50-5-1.fa	XML-4	13	19025
XML-4/alignment_XML4-2500-0.01-8E-5-50-5-2.fa	XML-4	13	19025
XML-4/alignment_XML4-2500-0.02-12E-5-100-1-1.fa	XML-4	28	19025
XML-4/alignment_XML4-2500-0.02-12E-5-100-1-2.fa	XML-4	24	19025
XML-4/alignment_XML4-2500-0.02-12E-5-100-2-1.fa	XML-4	41	19025
XML-4/alignment_XML4-2500-0.02-12E-5-100-2-2.fa	XML-4	25	19025
XML-4/alignment_XML4-2500-0.02-12E-5-100-3-1.fa	XML-4	23	19025
XML-4/alignment_XML4-2500-0.02-12E-5-100-3-2.fa	XML-4	33	19025
XML-4/alignment_XML4-2500-0.02-12E-5-100-4-1.fa	XML-4	33	19025
XML-4/alignment_XML4-2500-0.02-12E-5-100-4-2.fa	XML-4	26	19025
XML-4/alignment_XML4-2500-0.02-12E-5-100-5-1.fa	XML-4	22	19025
XML-4/alignment_XML4-2500-0.02-12E-5-100-5-2.fa	XML-4	28	19025
XML-4/alignment_XML4-2500-0.02-12E-5-200-1-1.fa	XML-4	38	19025
XML-4/alignment_XML4-2500-0.02-12E-5-200-1-2.fa	XML-4	46	19025
XML-4/alignment_XML4-2500-0.02-12E-5-200-2-1.fa	XML-4	26	19025
XML-4/alignment_XML4-2500-0.02-12E-5-200-2-2.fa	XML-4	37	19025
XML-4/alignment_XML4-2500-0.02-12E-5-200-3-1.fa	XML-4	42	19025
XML-4/alignment_XML4-2500-0.02-12E-5-200-3-2.fa	XML-4	21	19025
XML-4/alignment_XML4-2500-0.02-12E-5-200-4-1.fa	XML-4	38	19025
XML-4/alignment_XML4-2500-0.02-12E-5-200-4-2.fa	XML-4	44	19025
XML-4/alignment_XML4-2500-0.02-12E-5-200-5-1.fa	XML-4	51	19025
XML-4/alignment_XML4-2500-0.02-12E-5-200-5-2.fa	XML-4	34	19025
XML-4/alignment_XML4-2500-0.02-12E-5-50-1-1.fa	XML-4	23	19025
XML-4/alignment_XML4-2500-0.02-12E-5-50-1-2.fa	XML-4	17	19025
XML-4/alignment_XML4-2500-0.02-12E-5-50-2-1.fa	XML-4	44	19025
XML-4/alignment_XML4-2500-0.02-12E-5-50-2-2.fa	XML-4	19	19025
XML-4/alignment_XML4-2500-0.02-12E-5-50-3-1.fa	XML-4	17	19025
XML-4/alignment_XML4-2500-0.02-12E-5-50-3-2.fa	XML-4	24	19025
XML-4/alignment_XML4-2500-0.02-12E-5-50-4-1.fa	XML-4	18	19025
XML-4/alignment_XML4-2500-0.02-12E-5-50-4-2.fa	XML-4	20	19025
XML-4/alignment_XML4-2500-0.02-12E-5-50-5-1.fa	XML-4	18	19025
XML-4/alignment_XML4-2500-0.02-12E-5-50-5-2.fa	XML-4	28	19025
XML-4/alignment_XML4-2500-0.02-4E-5-100-1-1.fa	XML-4	27	19025
XML-4/alignment_XML4-2500-0.02-4E-5-100-1-2.fa	XML-4	17	19025
XML-4/alignment_XML4-2500-0.02-4E-5-100-2-1.fa	XML-4	29	19025
XML-4/alignment_XML4-2500-0.02-4E-5-100-2-2.fa	XML-4	24	19025
XML-4/alignment_XML4-2500-0.02-4E-5-100-3-1.fa	XML-4	27	19025
XML-4/alignment_XML4-2500-0.02-4E-5-100-3-2.fa	XML-4	21	19025
XML-4/alignment_XML4-2500-0.02-4E-5-100-4-1.fa	XML-4	14	19025
XML-4/alignment_XML4-2500-0.02-4E-5-100-4-2.fa	XML-4	30	19025
XML-4/alignment_XML4-2500-0.02-4E-5-100-5-1.fa	XML-4	24	19025
XML-4/alignment_XML4-2500-0.02-4E-5-100-5-2.fa	XML-4	18	19025
XML-4/alignment_XML4-2500-0.02-4E-5-200-1-1.fa	XML-4	29	19025
XML-4/alignment_XML4-2500-0.02-4E-5-200-1-2.fa	XML-4	49	19025
XML-4/alignment_XML4-2500-0.02-4E-5-200-2-1.fa	XML-4	32	19025
XML-4/alignment_XML4-2500-0.02-4E-5-200-2-2.fa	XML-4	32	19025
XML-4/alignment_XML4-2500-0.02-4E-5-200-3-1.fa	XML-4	45	19025
XML-4/alignment_XML4-2500-0.02-4E-5-200-3-2.fa	XML-4	28	19025
XML-4/alignment_XML4-2500-0.02-4E-5-200-4-1.fa	XML-4	25	19025
XML-4/alignment_XML4-2500-0.02-4E-5-200-4-2.fa	XML-4	26	19025
XML-4/alignment_XML4-2500-0.02-4E-5-200-5-1.fa	XML-4	35	19025
XML-4/alignment_XML4-2500-0.02-4E-5-200-5-2.fa	XML-4	32	19025
XML-4/alignment_XML4-2500-0.02-4E-5-50-1-1.fa	XML-4	8	19025
XML-4/alignment_XML4-2500-0.02-4E-5-50-1-2.fa	XML-4	21	19025
XML-4/alignment_XML4-2500-0.02-4E-5-50-2-1.fa	XML-4	13	19025
XML-4/alignment_XML4-2500-0.02-4E-5-50-2-2.fa	XML-4	12	19025
XML-4/alignment_XML4-2500-0.02-4E-5-50-3-1.fa	XML-4	10	19025
XML-4/alignment_XML4-2500-0.02-4E-5-50-3-2.fa	XML-4	23	19025
XML-4/alignment_XML4-2500-0.02-4E-5-50-4-1.fa	XML-4	14	19025
XML-4/alignment_XML4-2500-0.02-4E-5-50-4-2.fa	XML-4	16	19025
XML-4/alignment_XML4-2500-0.02-4E-5-50-5-1.fa	XML-4	15	19025
XML-4/alignment_XML4-2500-0.02-4E-5-50-5-2.fa	XML-4	14	19025
XML-4/alignment_XML4-2500-0.02-8E-5-100-1-1.fa	XML-4	28	19025
XML-4/alignment_XML4-2500-0.02-8E-5-100-1-2.fa	XML-4	15	19025
XML-4/alignment_XML4-2500-0.02-8E-5-100-2-1.fa	XML-4	18	19025
XML-4/alignment_XML4-2500-0.02-8E-5-100-2-2.fa	XML-4	21	19025
XML-4/alignment_XML4-2500-0.02-8E-5-100-3-1.fa	XML-4	23	19025
XML-4/alignment_XML4-2500-0.02-8E-5-100-3-2.fa	XML-4	18	19025
XML-4/alignment_XML4-2500-0.02-8E-5-100-4-1.fa	XML-4	23	19025
XML-4/alignment_XML4-2500-0.02-8E-5-100-4-2.fa	XML-4	17	19025
XML-4/alignment_XML4-2500-0.02-8E-5-100-5-1.fa	XML-4	26	19025
XML-4/alignment_XML4-2500-0.02-8E-5-100-5-2.fa	XML-4	30	19025
XML-4/alignment_XML4-2500-0.02-8E-5-200-1-1.fa	XML-4	32	19025
XML-4/alignment_XML4-2500-0.02-8E-5-200-1-2.fa	XML-4	42	19025
XML-4/alignment_XML4-2500-0.02-8E-5-200-2-1.fa	XML-4	30	19025
XML-4/alignment_XML4-2500-0.02-8E-5-200-2-2.fa	XML-4	44	19025
XML-4/alignment_XML4-2500-0.02-8E-5-200-3-1.fa	XML-4	41	19025
XML-4/alignment_XML4-2500-0.02-8E-5-200-3-2.fa	XML-4	39	19025
XML-4/alignment_XML4-2500-0.02-8E-5-200-4-1.fa	XML-4	49	19025
XML-4/alignment_XML4-2500-0.02-8E-5-200-4-2.fa	XML-4	39	19025
XML-4/alignment_XML4-2500-0.02-8E-5-200-5-1.fa	XML-4	26	19025
XML-4/alignment_XML4-2500-0.02-8E-5-200-5-2.fa	XML-4	43	19025
XML-4/alignment_XML4-2500-0.02-8E-5-50-1-1.fa	XML-4	22	19025
XML-4/alignment_XML4-2500-0.02-8E-5-50-1-2.fa	XML-4	15	19025
XML-4/alignment_XML4-2500-0.02-8E-5-50-2-1.fa	XML-4	22	19025
XML-4/alignment_XML4-2500-0.02-8E-5-50-2-2.fa	XML-4	14	19025
XML-4/alignment_XML4-2500-0.02-8E-5-50-3-1.fa	XML-4	19	19025
XML-4/alignment_XML4-2500-0.02-8E-5-50-3-2.fa	XML-4	11	19025
XML-4/alignment_XML4-2500-0.02-8E-5-50-4-1.fa	XML-4	18	19025
XML-4/alignment_XML4-2500-0.02-8E-5-50-4-2.fa	XML-4	21	19025
XML-4/alignment_XML4-2500-0.02-8E-5-50-5-1.fa	XML-4	14	19025
XML-4/alignment_XML4-2500-0.02-8E-5-50-5-2.fa	XML-4	14	19025
XML-4/alignment_XML4-3250-0.005-12E-5-100-1-1.fa	XML-4	9	17988
XML-4/alignment_XML4-3250-0.005-12E-5-100-1-2.fa	XML-4	13	19025
XML-4/alignment_XML4-3250-0.005-12E-5-100-1-3.fa	XML-4	15	19025
XML-4/alignment_XML4-3250-0.005-12E-5-100-2-1.fa	XML-4	12	19025
XML-4/alignment_XML4-3250-0.005-12E-5-100-2-2.fa	XML-4	7	19025
XML-4/alignment_XML4-3250-0.005-12E-5-100-2-3.fa	XML-4	12	19025
XML-4/alignment_XML4-3250-0.005-12E-5-100-3-1.fa	XML-4	8	19025
XML-4/alignment_XML4-3250-0.005-12E-5-100-3-2.fa	XML-4	18	19025
XML-4/alignment_XML4-3250-0.005-12E-5-100-3-3.fa	XML-4	9	19025
XML-4/alignment_XML4-3250-0.005-12E-5-100-4-1.fa	XML-4	8	19025
XML-4/alignment_XML4-3250-0.005-12E-5-100-4-2.fa	XML-4	10	19025
XML-4/alignment_XML4-3250-0.005-12E-5-100-4-3.fa	XML-4	7	19025
XML-4/alignment_XML4-3250-0.005-12E-5-100-5-1.fa	XML-4	15	19025
XML-4/alignment_XML4-3250-0.005-12E-5-100-5-2.fa	XML-4	7	19025
XML-4/alignment_XML4-3250-0.005-12E-5-100-5-3.fa	XML-4	13	19025
XML-4/alignment_XML4-3250-0.005-12E-5-200-1-1.fa	XML-4	11	18792
XML-4/alignment_XML4-3250-0.005-12E-5-200-1-2.fa	XML-4	18	19025
XML-4/alignment_XML4-3250-0.005-12E-5-200-1-3.fa	XML-4	7	18504
XML-4/alignment_XML4-3250-0.005-12E-5-200-2-1.fa	XML-4	14	19025
XML-4/alignment_XML4-3250-0.005-12E-5-200-2-2.fa	XML-4	8	19025
XML-4/alignment_XML4-3250-0.005-12E-5-200-2-3.fa	XML-4	15	19025
XML-4/alignment_XML4-3250-0.005-12E-5-200-3-1.fa	XML-4	18	19025
XML-4/alignment_XML4-3250-0.005-12E-5-200-3-2.fa	XML-4	10	19025
XML-4/alignment_XML4-3250-0.005-12E-5-200-3-3.fa	XML-4	5	19025
XML-4/alignment_XML4-3250-0.005-12E-5-200-4-1.fa	XML-4	11	19025
XML-4/alignment_XML4-3250-0.005-12E-5-200-4-2.fa	XML-4	16	19025
XML-4/alignment_XML4-3250-0.005-12E-5-200-4-3.fa	XML-4	7	19025
XML-4/alignment_XML4-3250-0.005-12E-5-200-5-1.fa	XML-4	10	19025
XML-4/alignment_XML4-3250-0.005-12E-5-200-5-2.fa	XML-4	19	19025
XML-4/alignment_XML4-3250-0.005-12E-5-200-5-3.fa	XML-4	22	19025
XML-4/alignment_XML4-3250-0.005-12E-5-50-1-1.fa	XML-4	7	19025
XML-4/alignment_XML4-3250-0.005-12E-5-50-1-2.fa	XML-4	9	19025
XML-4/alignment_XML4-3250-0.005-12E-5-50-1-3.fa	XML-4	11	19025
XML-4/alignment_XML4-3250-0.005-12E-5-50-2-1.fa	XML-4	9	19025
XML-4/alignment_XML4-3250-0.005-12E-5-50-2-2.fa	XML-4	6	19025
XML-4/alignment_XML4-3250-0.005-12E-5-50-2-3.fa	XML-4	6	19025
XML-4/alignment_XML4-3250-0.005-12E-5-50-3-1.fa	XML-4	7	19025
XML-4/alignment_XML4-3250-0.005-12E-5-50-3-2.fa	XML-4	4	15585
XML-4/alignment_XML4-3250-0.005-12E-5-50-3-3.fa	XML-4	11	19025
XML-4/alignment_XML4-3250-0.005-12E-5-50-4-1.fa	XML-4	10	19025
XML-4/alignment_XML4-3250-0.005-12E-5-50-4-2.fa	XML-4	14	19025
XML-4/alignment_XML4-3250-0.005-12E-5-50-4-3.fa	XML-4	11	19025
XML-4/alignment_XML4-3250-0.005-12E-5-50-5-1.fa	XML-4	16	19025
XML-4/alignment_XML4-3250-0.005-12E-5-50-5-2.fa	XML-4	6	16401
XML-4/alignment_XML4-3250-0.005-12E-5-50-5-3.fa	XML-4	10	19025
XML-4/alignment_XML4-3250-0.005-4E-5-100-1-1.fa	XML-4	8	19025
XML-4/alignment_XML4-3250-0.005-4E-5-100-1-2.fa	XML-4	11	19025
XML-4/alignment_XML4-3250-0.005-4E-5-100-1-3.fa	XML-4	15	19025
XML-4/alignment_XML4-3250-0.005-4E-5-100-2-1.fa	XML-4	5	19025
XML-4/alignment_XML4-3250-0.005-4E-5-100-2-2.fa	XML-4	12	19025
XML-4/alignment_XML4-3250-0.005-4E-5-100-2-3.fa	XML-4	9	19025
XML-4/alignment_XML4-3250-0.005-4E-5-100-3-1.fa	XML-4	6	18768
XML-4/alignment_XML4-3250-0.005-4E-5-100-3-2.fa	XML-4	6	19025
XML-4/alignment_XML4-3250-0.005-4E-5-100-3-3.fa	XML-4	14	19025
XML-4/alignment_XML4-3250-0.005-4E-5-100-4-1.fa	XML-4	17	19025
XML-4/alignment_XML4-3250-0.005-4E-5-100-4-2.fa	XML-4	9	19025
XML-4/alignment_XML4-3250-0.005-4E-5-100-4-3.fa	XML-4	5	19025
XML-4/alignment_XML4-3250-0.005-4E-5-100-5-1.fa	XML-4	5	19025
XML-4/alignment_XML4-3250-0.005-4E-5-100-5-2.fa	XML-4	7	19025
XML-4/alignment_XML4-3250-0.005-4E-5-100-5-3.fa	XML-4	6	19025
XML-4/alignment_XML4-3250-0.005-4E-5-200-1-1.fa	XML-4	10	19025
XML-4/alignment_XML4-3250-0.005-4E-5-200-1-2.fa	XML-4	24	19025
XML-4/alignment_XML4-3250-0.005-4E-5-200-1-3.fa	XML-4	11	19025
XML-4/alignment_XML4-3250-0.005-4E-5-200-2-1.fa	XML-4	7	19025
XML-4/alignment_XML4-3250-0.005-4E-5-200-2-2.fa	XML-4	16	19025
XML-4/alignment_XML4-3250-0.005-4E-5-200-2-3.fa	XML-4	10	19025
XML-4/alignment_XML4-3250-0.005-4E-5-200-3-1.fa	XML-4	7	19025
XML-4/alignment_XML4-3250-0.005-4E-5-200-3-2.fa	XML-4	14	19025
XML-4/alignment_XML4-3250-0.005-4E-5-200-3-3.fa	XML-4	6	19025
XML-4/alignment_XML4-3250-0.005-4E-5-200-4-1.fa	XML-4	2	18585
XML-4/alignment_XML4-3250-0.005-4E-5-200-4-2.fa	XML-4	13	19025
XML-4/alignment_XML4-3250-0.005-4E-5-200-4-3.fa	XML-4	10	18138
XML-4/alignment_XML4-3250-0.005-4E-5-200-5-1.fa	XML-4	5	19025
XML-4/alignment_XML4-3250-0.005-4E-5-200-5-2.fa	XML-4	15	19025
XML-4/alignment_XML4-3250-0.005-4E-5-200-5-3.fa	XML-4	6	19025
XML-4/alignment_XML4-3250-0.005-4E-5-50-1-1.fa	XML-4	8	19025
XML-4/alignment_XML4-3250-0.005-4E-5-50-1-2.fa	XML-4	9	19025
XML-4/alignment_XML4-3250-0.005-4E-5-50-1-3.fa	XML-4	8	19025
XML-4/alignment_XML4-3250-0.005-4E-5-50-2-1.fa	XML-4	5	19025
XML-4/alignment_XML4-3250-0.005-4E-5-50-2-2.fa	XML-4	7	19025
XML-4/alignment_XML4-3250-0.005-4E-5-50-2-3.fa	XML-4	1	5565
XML-4/alignment_XML4-3250-0.005-4E-5-50-3-1.fa	XML-4	5	17313
XML-4/alignment_XML4-3250-0.005-4E-5-50-3-2.fa	XML-4	6	19025
XML-4/alignment_XML4-3250-0.005-4E-5-50-3-3.fa	XML-4	15	19025
XML-4/alignment_XML4-3250-0.005-4E-5-50-4-1.fa	XML-4	8	19025
XML-4/alignment_XML4-3250-0.005-4E-5-50-4-2.fa	XML-4	9	19025
XML-4/alignment_XML4-3250-0.005-4E-5-50-4-3.fa	XML-4	2	18039
XML-4/alignment_XML4-3250-0.005-4E-5-50-5-1.fa	XML-4	8	19025
XML-4/alignment_XML4-3250-0.005-4E-5-50-5-2.fa	XML-4	11	19025
XML-4/alignment_XML4-3250-0.005-4E-5-50-5-3.fa	XML-4	2	19025
XML-4/alignment_XML4-3250-0.005-8E-5-100-1-1.fa	XML-4	7	19025
XML-4/alignment_XML4-3250-0.005-8E-5-100-1-2.fa	XML-4	3	19025
XML-4/alignment_XML4-3250-0.005-8E-5-100-1-3.fa	XML-4	9	17331
XML-4/alignment_XML4-3250-0.005-8E-5-100-2-1.fa	XML-4	9	19025
XML-4/alignment_XML4-3250-0.005-8E-5-100-2-2.fa	XML-4	9	19025
XML-4/alignment_XML4-3250-0.005-8E-5-100-2-3.fa	XML-4	9	17349
XML-4/alignment_XML4-3250-0.005-8E-5-100-3-1.fa	XML-4	12	19025
XML-4/alignment_XML4-3250-0.005-8E-5-100-3-2.fa	XML-4	3	13653
XML-4/alignment_XML4-3250-0.005-8E-5-100-3-3.fa	XML-4	8	19025
XML-4/alignment_XML4-3250-0.005-8E-5-100-4-1.fa	XML-4	15	19025
XML-4/alignment_XML4-3250-0.005-8E-5-100-4-2.fa	XML-4	15	19025
XML-4/alignment_XML4-3250-0.005-8E-5-100-4-3.fa	XML-4	8	19025
XML-4/alignment_XML4-3250-0.005-8E-5-100-5-1.fa	XML-4	10	19025
XML-4/alignment_XML4-3250-0.005-8E-5-100-5-2.fa	XML-4	15	19025
XML-4/alignment_XML4-3250-0.005-8E-5-100-5-3.fa	XML-4	11	19025
XML-4/alignment_XML4-3250-0.005-8E-5-200-1-1.fa	XML-4	15	19025
XML-4/alignment_XML4-3250-0.005-8E-5-200-1-2.fa	XML-4	7	16275
XML-4/alignment_XML4-3250-0.005-8E-5-200-1-3.fa	XML-4	19	19025
XML-4/alignment_XML4-3250-0.005-8E-5-200-2-1.fa	XML-4	9	19025
XML-4/alignment_XML4-3250-0.005-8E-5-200-2-2.fa	XML-4	16	19025
XML-4/alignment_XML4-3250-0.005-8E-5-200-2-3.fa	XML-4	18	19025
XML-4/alignment_XML4-3250-0.005-8E-5-200-3-1.fa	XML-4	12	19025
XML-4/alignment_XML4-3250-0.005-8E-5-200-3-2.fa	XML-4	10	19025
XML-4/alignment_XML4-3250-0.005-8E-5-200-3-3.fa	XML-4	6	19025
XML-4/alignment_XML4-3250-0.005-8E-5-200-4-1.fa	XML-4	5	19025
XML-4/alignment_XML4-3250-0.005-8E-5-200-4-2.fa	XML-4	4	18312
XML-4/alignment_XML4-3250-0.005-8E-5-200-4-3.fa	XML-4	13	19025
XML-4/alignment_XML4-3250-0.005-8E-5-200-5-1.fa	XML-4	7	19025
XML-4/alignment_XML4-3250-0.005-8E-5-200-5-2.fa	XML-4	10	19025
XML-4/alignment_XML4-3250-0.005-8E-5-200-5-3.fa	XML-4	9	18903
XML-4/alignment_XML4-3250-0.005-8E-5-50-1-1.fa	XML-4	2	19025
XML-4/alignment_XML4-3250-0.005-8E-5-50-1-2.fa	XML-4	8	19025
XML-4/alignment_XML4-3250-0.005-8E-5-50-1-3.fa	XML-4	12	19025
XML-4/alignment_XML4-3250-0.005-8E-5-50-2-1.fa	XML-4	14	19025
XML-4/alignment_XML4-3250-0.005-8E-5-50-2-2.fa	XML-4	6	19025
XML-4/alignment_XML4-3250-0.005-8E-5-50-2-3.fa	XML-4	9	19025
XML-4/alignment_XML4-3250-0.005-8E-5-50-3-1.fa	XML-4	9	19025
XML-4/alignment_XML4-3250-0.005-8E-5-50-3-2.fa	XML-4	7	19025
XML-4/alignment_XML4-3250-0.005-8E-5-50-3-3.fa	XML-4	9	19025
XML-4/alignment_XML4-3250-0.005-8E-5-50-4-1.fa	XML-4	10	19025
XML-4/alignment_XML4-3250-0.005-8E-5-50-4-2.fa	XML-4	11	19025
XML-4/alignment_XML4-3250-0.005-8E-5-50-4-3.fa	XML-4	10	16785
XML-4/alignment_XML4-3250-0.005-8E-5-50-5-1.fa	XML-4	12	19025
XML-4/alignment_XML4-3250-0.005-8E-5-50-5-2.fa	XML-4	8	19025
XML-4/alignment_XML4-3250-0.005-8E-5-50-5-3.fa	XML-4	13	19025
XML-4/alignment_XML4-3250-0.01-12E-5-100-1-1.fa	XML-4	18	19025
XML-4/alignment_XML4-3250-0.01-12E-5-100-1-2.fa	XML-4	15	19025
XML-4/alignment_XML4-3250-0.01-12E-5-100-1-3.fa	XML-4	17	19025
XML-4/alignment_XML4-3250-0.01-12E-5-100-2-1.fa	XML-4	12	19025
XML-4/alignment_XML4-3250-0.01-12E-5-100-2-2.fa	XML-4	19	19025
XML-4/alignment_XML4-3250-0.01-12E-5-100-2-3.fa	XML-4	12	19025
XML-4/alignment_XML4-3250-0.01-12E-5-100-3-1.fa	XML-4	24	19025
XML-4/alignment_XML4-3250-0.01-12E-5-100-3-2.fa	XML-4	12	19025
XML-4/alignment_XML4-3250-0.01-12E-5-100-3-3.fa	XML-4	15	19025
XML-4/alignment_XML4-3250-0.01-12E-5-100-4-1.fa	XML-4	22	19025
XML-4/alignment_XML4-3250-0.01-12E-5-100-4-2.fa	XML-4	15	19025
XML-4/alignment_XML4-3250-0.01-12E-5-100-4-3.fa	XML-4	26	19025
XML-4/alignment_XML4-3250-0.01-12E-5-100-5-1.fa	XML-4	16	19025
XML-4/alignment_XML4-3250-0.01-12E-5-100-5-2.fa	XML-4	12	19025
XML-4/alignment_XML4-3250-0.01-12E-5-100-5-3.fa	XML-4	17	19025
XML-4/alignment_XML4-3250-0.01-12E-5-200-1-1.fa	XML-4	23	19025
XML-4/alignment_XML4-3250-0.01-12E-5-200-1-2.fa	XML-4	25	19025
XML-4/alignment_XML4-3250-0.01-12E-5-200-1-3.fa	XML-4	34	19025
XML-4/alignment_XML4-3250-0.01-12E-5-200-2-1.fa	XML-4	17	19025
XML-4/alignment_XML4-3250-0.01-12E-5-200-2-2.fa	XML-4	22	19025
XML-4/alignment_XML4-3250-0.01-12E-5-200-2-3.fa	XML-4	20	19025
XML-4/alignment_XML4-3250-0.01-12E-5-200-3-1.fa	XML-4	22	19025
XML-4/alignment_XML4-3250-0.01-12E-5-200-3-2.fa	XML-4	50	19025
XML-4/alignment_XML4-3250-0.01-12E-5-200-3-3.fa	XML-4	24	19025
XML-4/alignment_XML4-3250-0.01-12E-5-200-4-1.fa	XML-4	23	19025
XML-4/alignment_XML4-3250-0.01-12E-5-200-4-2.fa	XML-4	23	19025
XML-4/alignment_XML4-3250-0.01-12E-5-200-4-3.fa	XML-4	26	19025
XML-4/alignment_XML4-3250-0.01-12E-5-200-5-1.fa	XML-4	19	19025
XML-4/alignment_XML4-3250-0.01-12E-5-200-5-2.fa	XML-4	29	19025
XML-4/alignment_XML4-3250-0.01-12E-5-200-5-3.fa	XML-4	19	19025
XML-4/alignment_XML4-3250-0.01-12E-5-50-1-1.fa	XML-4	11	19025
XML-4/alignment_XML4-3250-0.01-12E-5-50-1-2.fa	XML-4	15	19025
XML-4/alignment_XML4-3250-0.01-12E-5-50-1-3.fa	XML-4	19	19025
XML-4/alignment_XML4-3250-0.01-12E-5-50-2-1.fa	XML-4	15	19025
XML-4/alignment_XML4-3250-0.01-12E-5-50-2-2.fa	XML-4	12	19025
XML-4/alignment_XML4-3250-0.01-12E-5-50-2-3.fa	XML-4	16	19025
XML-4/alignment_XML4-3250-0.01-12E-5-50-3-1.fa	XML-4	13	19025
XML-4/alignment_XML4-3250-0.01-12E-5-50-3-2.fa	XML-4	16	19025
XML-4/alignment_XML4-3250-0.01-12E-5-50-3-3.fa	XML-4	13	19025
XML-4/alignment_XML4-3250-0.01-12E-5-50-4-1.fa	XML-4	7	19025
XML-4/alignment_XML4-3250-0.01-12E-5-50-4-2.fa	XML-4	10	19025
XML-4/alignment_XML4-3250-0.01-12E-5-50-4-3.fa	XML-4	12	19023
XML-4/alignment_XML4-3250-0.01-12E-5-50-5-1.fa	XML-4	12	19025
XML-4/alignment_XML4-3250-0.01-12E-5-50-5-2.fa	XML-4	19	19025
XML-4/alignment_XML4-3250-0.01-12E-5-50-5-3.fa	XML-4	19	19025
XML-4/alignment_XML4-3250-0.01-4E-5-100-1-1.fa	XML-4	14	19025
XML-4/alignment_XML4-3250-0.01-4E-5-100-1-2.fa	XML-4	13	19025
XML-4/alignment_XML4-3250-0.01-4E-5-100-1-3.fa	XML-4	7	19025
XML-4/alignment_XML4-3250-0.01-4E-5-100-2-1.fa	XML-4	19	19025
XML-4/alignment_XML4-3250-0.01-4E-5-100-2-2.fa	XML-4	8	19025
XML-4/alignment_XML4-3250-0.01-4E-5-100-2-3.fa	XML-4	22	19025
XML-4/alignment_XML4-3250-0.01-4E-5-100-3-1.fa	XML-4	15	14409
XML-4/alignment_XML4-3250-0.01-4E-5-100-3-2.fa	XML-4	25	19025
XML-4/alignment_XML4-3250-0.01-4E-5-100-3-3.fa	XML-4	11	19025
XML-4/alignment_XML4-3250-0.01-4E-5-100-4-1.fa	XML-4	14	19025
XML-4/alignment_XML4-3250-0.01-4E-5-100-4-2.fa	XML-4	8	17985
XML-4/alignment_XML4-3250-0.01-4E-5-100-4-3.fa	XML-4	13	19025
XML-4/alignment_XML4-3250-0.01-4E-5-100-5-1.fa	XML-4	16	19025
XML-4/alignment_XML4-3250-0.01-4E-5-100-5-2.fa	XML-4	18	19025
XML-4/alignment_XML4-3250-0.01-4E-5-100-5-3.fa	XML-4	10	19025
XML-4/alignment_XML4-3250-0.01-4E-5-200-1-1.fa	XML-4	9	19025
XML-4/alignment_XML4-3250-0.01-4E-5-200-1-2.fa	XML-4	19	19025
XML-4/alignment_XML4-3250-0.01-4E-5-200-1-3.fa	XML-4	16	19025
XML-4/alignment_XML4-3250-0.01-4E-5-200-2-1.fa	XML-4	9	19025
XML-4/alignment_XML4-3250-0.01-4E-5-200-2-2.fa	XML-4	13	19025
XML-4/alignment_XML4-3250-0.01-4E-5-200-2-3.fa	XML-4	15	19025
XML-4/alignment_XML4-3250-0.01-4E-5-200-3-1.fa	XML-4	18	19025
XML-4/alignment_XML4-3250-0.01-4E-5-200-3-2.fa	XML-4	19	19025
XML-4/alignment_XML4-3250-0.01-4E-5-200-3-3.fa	XML-4	19	19025
XML-4/alignment_XML4-3250-0.01-4E-5-200-4-1.fa	XML-4	20	19025
XML-4/alignment_XML4-3250-0.01-4E-5-200-4-2.fa	XML-4	15	19025
XML-4/alignment_XML4-3250-0.01-4E-5-200-4-3.fa	XML-4	17	19025
XML-4/alignment_XML4-3250-0.01-4E-5-200-5-1.fa	XML-4	12	19025
XML-4/alignment_XML4-3250-0.01-4E-5-200-5-2.fa	XML-4	21	19025
XML-4/alignment_XML4-3250-0.01-4E-5-200-5-3.fa	XML-4	16	19025
XML-4/alignment_XML4-3250-0.01-4E-5-50-1-1.fa	XML-4	6	19025
XML-4/alignment_XML4-3250-0.01-4E-5-50-1-2.fa	XML-4	10	19025
XML-4/alignment_XML4-3250-0.01-4E-5-50-1-3.fa	XML-4	10	19025
XML-4/alignment_XML4-3250-0.01-4E-5-50-2-1.fa	XML-4	16	19025
XML-4/alignment_XML4-3250-0.01-4E-5-50-2-2.fa	XML-4	13	19025
XML-4/alignment_XML4-3250-0.01-4E-5-50-2-3.fa	XML-4	10	19025
XML-4/alignment_XML4-3250-0.01-4E-5-50-3-1.fa	XML-4	11	19025
XML-4/alignment_XML4-3250-0.01-4E-5-50-3-2.fa	XML-4	7	19025
XML-4/alignment_XML4-3250-0.01-4E-5-50-3-3.fa	XML-4	9	19025
XML-4/alignment_XML4-3250-0.01-4E-5-50-4-1.fa	XML-4	3	19025
XML-4/alignment_XML4-3250-0.01-4E-5-50-4-2.fa	XML-4	12	19025
XML-4/alignment_XML4-3250-0.01-4E-5-50-4-3.fa	XML-4	10	19025
XML-4/alignment_XML4-3250-0.01-4E-5-50-5-1.fa	XML-4	9	19025
XML-4/alignment_XML4-3250-0.01-4E-5-50-5-2.fa	XML-4	4	19025
XML-4/alignment_XML4-3250-0.01-4E-5-50-5-3.fa	XML-4	10	19025
XML-4/alignment_XML4-3250-0.01-8E-5-100-1-1.fa	XML-4	15	19025
XML-4/alignment_XML4-3250-0.01-8E-5-100-1-2.fa	XML-4	21	19025
XML-4/alignment_XML4-3250-0.01-8E-5-100-1-3.fa	XML-4	10	19025
XML-4/alignment_XML4-3250-0.01-8E-5-100-2-1.fa	XML-4	18	19025
XML-4/alignment_XML4-3250-0.01-8E-5-100-2-2.fa	XML-4	12	19025
XML-4/alignment_XML4-3250-0.01-8E-5-100-2-3.fa	XML-4	14	19025
XML-4/alignment_XML4-3250-0.01-8E-5-100-3-1.fa	XML-4	17	19025
XML-4/alignment_XML4-3250-0.01-8E-5-100-3-2.fa	XML-4	9	19025
XML-4/alignment_XML4-3250-0.01-8E-5-100-3-3.fa	XML-4	18	19025
XML-4/alignment_XML4-3250-0.01-8E-5-100-4-1.fa	XML-4	10	14922
XML-4/alignment_XML4-3250-0.01-8E-5-100-4-2.fa	XML-4	23	19025
XML-4/alignment_XML4-3250-0.01-8E-5-100-4-3.fa	XML-4	16	19025
XML-4/alignment_XML4-3250-0.01-8E-5-100-5-1.fa	XML-4	19	19025
XML-4/alignment_XML4-3250-0.01-8E-5-100-5-2.fa	XML-4	11	19025
XML-4/alignment_XML4-3250-0.01-8E-5-100-5-3.fa	XML-4	25	19025
XML-4/alignment_XML4-3250-0.01-8E-5-200-1-1.fa	XML-4	25	19025
XML-4/alignment_XML4-3250-0.01-8E-5-200-1-2.fa	XML-4	15	19025
XML-4/alignment_XML4-3250-0.01-8E-5-200-1-3.fa	XML-4	26	19025
XML-4/alignment_XML4-3250-0.01-8E-5-200-2-1.fa	XML-4	20	19025
XML-4/alignment_XML4-3250-0.01-8E-5-200-2-2.fa	XML-4	25	19025
XML-4/alignment_XML4-3250-0.01-8E-5-200-2-3.fa	XML-4	18	19025
XML-4/alignment_XML4-3250-0.01-8E-5-200-3-1.fa	XML-4	19	19025
XML-4/alignment_XML4-3250-0.01-8E-5-200-3-2.fa	XML-4	25	19025
XML-4/alignment_XML4-3250-0.01-8E-5-200-3-3.fa	XML-4	29	19025
XML-4/alignment_XML4-3250-0.01-8E-5-200-4-1.fa	XML-4	24	19025
XML-4/alignment_XML4-3250-0.01-8E-5-200-4-2.fa	XML-4	21	19025
XML-4/alignment_XML4-3250-0.01-8E-5-200-4-3.fa	XML-4	19	19025
XML-4/alignment_XML4-3250-0.01-8E-5-200-5-1.fa	XML-4	17	19025
XML-4/alignment_XML4-3250-0.01-8E-5-200-5-2.fa	XML-4	14	19025
XML-4/alignment_XML4-3250-0.01-8E-5-200-5-3.fa	XML-4	32	19025
XML-4/alignment_XML4-3250-0.01-8E-5-50-1-1.fa	XML-4	14	19025
XML-4/alignment_XML4-3250-0.01-8E-5-50-1-2.fa	XML-4	13	19025
XML-4/alignment_XML4-3250-0.01-8E-5-50-1-3.fa	XML-4	15	19025
XML-4/alignment_XML4-3250-0.01-8E-5-50-2-1.fa	XML-4	13	19025
XML-4/alignment_XML4-3250-0.01-8E-5-50-2-2.fa	XML-4	13	19025
XML-4/alignment_XML4-3250-0.01-8E-5-50-2-3.fa	XML-4	12	19025
XML-4/alignment_XML4-3250-0.01-8E-5-50-3-1.fa	XML-4	6	19025
XML-4/alignment_XML4-3250-0.01-8E-5-50-3-2.fa	XML-4	14	19025
XML-4/alignment_XML4-3250-0.01-8E-5-50-3-3.fa	XML-4	11	18690
XML-4/alignment_XML4-3250-0.01-8E-5-50-4-1.fa	XML-4	12	19025
XML-4/alignment_XML4-3250-0.01-8E-5-50-4-2.fa	XML-4	11	19025
XML-4/alignment_XML4-3250-0.01-8E-5-50-4-3.fa	XML-4	8	16059
XML-4/alignment_XML4-3250-0.01-8E-5-50-5-1.fa	XML-4	15	19025
XML-4/alignment_XML4-3250-0.01-8E-5-50-5-2.fa	XML-4	15	19025
XML-4/alignment_XML4-3250-0.01-8E-5-50-5-3.fa	XML-4	19	19025
XML-4/alignment_XML4-3250-0.02-12E-5-100-1-1.fa	XML-4	20	19025
XML-4/alignment_XML4-3250-0.02-12E-5-100-1-2.fa	XML-4	24	19025
XML-4/alignment_XML4-3250-0.02-12E-5-100-1-3.fa	XML-4	28	19025
XML-4/alignment_XML4-3250-0.02-12E-5-100-2-1.fa	XML-4	28	19025
XML-4/alignment_XML4-3250-0.02-12E-5-100-2-2.fa	XML-4	41	19025
XML-4/alignment_XML4-3250-0.02-12E-5-100-2-3.fa	XML-4	15	19025
XML-4/alignment_XML4-3250-0.02-12E-5-100-3-1.fa	XML-4	25	19025
XML-4/alignment_XML4-3250-0.02-12E-5-100-3-2.fa	XML-4	24	19025
XML-4/alignment_XML4-3250-0.02-12E-5-100-3-3.fa	XML-4	23	19025
XML-4/alignment_XML4-3250-0.02-12E-5-100-4-1.fa	XML-4	48	19025
XML-4/alignment_XML4-3250-0.02-12E-5-100-4-2.fa	XML-4	34	19025
XML-4/alignment_XML4-3250-0.02-12E-5-100-4-3.fa	XML-4	23	19025
XML-4/alignment_XML4-3250-0.02-12E-5-100-5-1.fa	XML-4	27	19025
XML-4/alignment_XML4-3250-0.02-12E-5-100-5-2.fa	XML-4	32	19025
XML-4/alignment_XML4-3250-0.02-12E-5-100-5-3.fa	XML-4	33	19025
XML-4/alignment_XML4-3250-0.02-12E-5-200-1-1.fa	XML-4	31	19025
XML-4/alignment_XML4-3250-0.02-12E-5-200-1-2.fa	XML-4	27	19025
XML-4/alignment_XML4-3250-0.02-12E-5-200-1-3.fa	XML-4	46	19025
XML-4/alignment_XML4-3250-0.02-12E-5-200-2-1.fa	XML-4	33	19025
XML-4/alignment_XML4-3250-0.02-12E-5-200-2-2.fa	XML-4	52	19025
XML-4/alignment_XML4-3250-0.02-12E-5-200-2-3.fa	XML-4	49	19025
XML-4/alignment_XML4-3250-0.02-12E-5-200-3-1.fa	XML-4	44	19025
XML-4/alignment_XML4-3250-0.02-12E-5-200-3-2.fa	XML-4	41	19025
XML-4/alignment_XML4-3250-0.02-12E-5-200-3-3.fa	XML-4	41	19025
XML-4/alignment_XML4-3250-0.02-12E-5-200-4-1.fa	XML-4	42	19025
XML-4/alignment_XML4-3250-0.02-12E-5-200-4-2.fa	XML-4	37	19025
XML-4/alignment_XML4-3250-0.02-12E-5-200-4-3.fa	XML-4	43	19025
XML-4/alignment_XML4-3250-0.02-12E-5-200-5-1.fa	XML-4	38	19025
XML-4/alignment_XML4-3250-0.02-12E-5-200-5-2.fa	XML-4	49	19025
XML-4/alignment_XML4-3250-0.02-12E-5-200-5-3.fa	XML-4	34	19025
XML-4/alignment_XML4-3250-0.02-12E-5-50-1-1.fa	XML-4	19	19025
XML-4/alignment_XML4-3250-0.02-12E-5-50-1-2.fa	XML-4	21	19025
XML-4/alignment_XML4-3250-0.02-12E-5-50-1-3.fa	XML-4	23	19025
XML-4/alignment_XML4-3250-0.02-12E-5-50-2-1.fa	XML-4	18	19025
XML-4/alignment_XML4-3250-0.02-12E-5-50-2-2.fa	XML-4	26	19025
XML-4/alignment_XML4-3250-0.02-12E-5-50-2-3.fa	XML-4	18	19025
XML-4/alignment_XML4-3250-0.02-12E-5-50-3-1.fa	XML-4	9	19025
XML-4/alignment_XML4-3250-0.02-12E-5-50-3-2.fa	XML-4	16	19025
XML-4/alignment_XML4-3250-0.02-12E-5-50-3-3.fa	XML-4	16	19025
XML-4/alignment_XML4-3250-0.02-12E-5-50-4-1.fa	XML-4	16	19025
XML-4/alignment_XML4-3250-0.02-12E-5-50-4-2.fa	XML-4	9	19025
XML-4/alignment_XML4-3250-0.02-12E-5-50-4-3.fa	XML-4	18	19025
XML-4/alignment_XML4-3250-0.02-12E-5-50-5-1.fa	XML-4	16	19025
XML-4/alignment_XML4-3250-0.02-12E-5-50-5-2.fa	XML-4	18	19025
XML-4/alignment_XML4-3250-0.02-12E-5-50-5-3.fa	XML-4	15	19025
XML-4/alignment_XML4-3250-0.02-4E-5-100-1-1.fa	XML-4	37	19025
XML-4/alignment_XML4-3250-0.02-4E-5-100-1-2.fa	XML-4	15	19025
XML-4/alignment_XML4-3250-0.02-4E-5-100-1-3.fa	XML-4	12	19025
XML-4/alignment_XML4-3250-0.02-4E-5-100-2-1.fa	XML-4	29	19025
XML-4/alignment_XML4-3250-0.02-4E-5-100-2-2.fa	XML-4	16	19025
XML-4/alignment_XML4-3250-0.02-4E-5-100-2-3.fa	XML-4	28	19025
XML-4/alignment_XML4-3250-0.02-4E-5-100-3-1.fa	XML-4	26	19025
XML-4/alignment_XML4-3250-0.02-4E-5-100-3-2.fa	XML-4	19	19025
XML-4/alignment_XML4-3250-0.02-4E-5-100-3-3.fa	XML-4	26	19025
XML-4/alignment_XML4-3250-0.02-4E-5-100-4-1.fa	XML-4	19	19025
XML-4/alignment_XML4-3250-0.02-4E-5-100-4-2.fa	XML-4	26	19025
XML-4/alignment_XML4-3250-0.02-4E-5-100-4-3.fa	XML-4	30	19025
XML-4/alignment_XML4-3250-0.02-4E-5-100-5-1.fa	XML-4	29	19025
XML-4/alignment_XML4-3250-0.02-4E-5-100-5-2.fa	XML-4	14	19025
XML-4/alignment_XML4-3250-0.02-4E-5-100-5-3.fa	XML-4	24	19025
XML-4/alignment_XML4-3250-0.02-4E-5-200-1-1.fa	XML-4	33	19025
XML-4/alignment_XML4-3250-0.02-4E-5-200-1-2.fa	XML-4	34	19025
XML-4/alignment_XML4-3250-0.02-4E-5-200-1-3.fa	XML-4	21	19025
XML-4/alignment_XML4-3250-0.02-4E-5-200-2-1.fa	XML-4	30	19025
XML-4/alignment_XML4-3250-0.02-4E-5-200-2-2.fa	XML-4	24	19025
XML-4/alignment_XML4-3250-0.02-4E-5-200-2-3.fa	XML-4	34	19025
XML-4/alignment_XML4-3250-0.02-4E-5-200-3-1.fa	XML-4	27	19025
XML-4/alignment_XML4-3250-0.02-4E-5-200-3-2.fa	XML-4	55	19025
XML-4/alignment_XML4-3250-0.02-4E-5-200-3-3.fa	XML-4	25	19025
XML-4/alignment_XML4-3250-0.02-4E-5-200-4-1.fa	XML-4	24	19025
XML-4/alignment_XML4-3250-0.02-4E-5-200-4-2.fa	XML-4	29	19025
XML-4/alignment_XML4-3250-0.02-4E-5-200-4-3.fa	XML-4	36	19025
XML-4/alignment_XML4-3250-0.02-4E-5-200-5-1.fa	XML-4	28	19025
XML-4/alignment_XML4-3250-0.02-4E-5-200-5-2.fa	XML-4	24	19025
XML-4/alignment_XML4-3250-0.02-4E-5-200-5-3.fa	XML-4	39	19025
XML-4/alignment_XML4-3250-0.02-4E-5-50-1-1.fa	XML-4	16	19025
XML-4/alignment_XML4-3250-0.02-4E-5-50-1-2.fa	XML-4	19	19025
XML-4/alignment_XML4-3250-0.02-4E-5-50-1-3.fa	XML-4	17	19025
XML-4/alignment_XML4-3250-0.02-4E-5-50-2-1.fa	XML-4	20	19025
XML-4/alignment_XML4-3250-0.02-4E-5-50-2-2.fa	XML-4	19	19025
XML-4/alignment_XML4-3250-0.02-4E-5-50-2-3.fa	XML-4	23	19025
XML-4/alignment_XML4-3250-0.02-4E-5-50-3-1.fa	XML-4	10	19025
XML-4/alignment_XML4-3250-0.02-4E-5-50-3-2.fa	XML-4	15	19025
XML-4/alignment_XML4-3250-0.02-4E-5-50-3-3.fa	XML-4	18	19025
XML-4/alignment_XML4-3250-0.02-4E-5-50-4-1.fa	XML-4	20	19025
XML-4/alignment_XML4-3250-0.02-4E-5-50-4-2.fa	XML-4	15	19025
XML-4/alignment_XML4-3250-0.02-4E-5-50-4-3.fa	XML-4	5	19025
XML-4/alignment_XML4-3250-0.02-4E-5-50-5-1.fa	XML-4	9	19025
XML-4/alignment_XML4-3250-0.02-4E-5-50-5-2.fa	XML-4	12	19025
XML-4/alignment_XML4-3250-0.02-4E-5-50-5-3.fa	XML-4	14	19025
XML-4/alignment_XML4-3250-0.02-8E-5-100-1-1.fa	XML-4	18	19025
XML-4/alignment_XML4-3250-0.02-8E-5-100-1-2.fa	XML-4	16	19025
XML-4/alignment_XML4-3250-0.02-8E-5-100-1-3.fa	XML-4	19	19025
XML-4/alignment_XML4-3250-0.02-8E-5-100-2-1.fa	XML-4	36	19025
XML-4/alignment_XML4-3250-0.02-8E-5-100-2-2.fa	XML-4	35	19025
XML-4/alignment_XML4-3250-0.02-8E-5-100-2-3.fa	XML-4	28	19025
XML-4/alignment_XML4-3250-0.02-8E-5-100-3-1.fa	XML-4	30	19025
XML-4/alignment_XML4-3250-0.02-8E-5-100-3-2.fa	XML-4	22	19025
XML-4/alignment_XML4-3250-0.02-8E-5-100-3-3.fa	XML-4	19	19025
XML-4/alignment_XML4-3250-0.02-8E-5-100-4-1.fa	XML-4	19	19025
XML-4/alignment_XML4-3250-0.02-8E-5-100-4-2.fa	XML-4	27	19025
XML-4/alignment_XML4-3250-0.02-8E-5-100-4-3.fa	XML-4	25	19025
XML-4/alignment_XML4-3250-0.02-8E-5-100-5-1.fa	XML-4	34	19025
XML-4/alignment_XML4-3250-0.02-8E-5-100-5-2.fa	XML-4	22	19025
XML-4/alignment_XML4-3250-0.02-8E-5-100-5-3.fa	XML-4	31	19025
XML-4/alignment_XML4-3250-0.02-8E-5-200-1-1.fa	XML-4	52	19025
XML-4/alignment_XML4-3250-0.02-8E-5-200-1-2.fa	XML-4	54	19025
XML-4/alignment_XML4-3250-0.02-8E-5-200-1-3.fa	XML-4	37	19025
XML-4/alignment_XML4-3250-0.02-8E-5-200-2-1.fa	XML-4	44	19025
XML-4/alignment_XML4-3250-0.02-8E-5-200-2-2.fa	XML-4	46	19025
XML-4/alignment_XML4-3250-0.02-8E-5-200-2-3.fa	XML-4	41	19025
XML-4/alignment_XML4-3250-0.02-8E-5-200-3-1.fa	XML-4	35	19025
XML-4/alignment_XML4-3250-0.02-8E-5-200-3-2.fa	XML-4	39	19025
XML-4/alignment_XML4-3250-0.02-8E-5-200-3-3.fa	XML-4	41	19025
XML-4/alignment_XML4-3250-0.02-8E-5-200-4-1.fa	XML-4	42	19025
XML-4/alignment_XML4-3250-0.02-8E-5-200-4-2.fa	XML-4	41	19025
XML-4/alignment_XML4-3250-0.02-8E-5-200-4-3.fa	XML-4	34	19025
XML-4/alignment_XML4-3250-0.02-8E-5-200-5-1.fa	XML-4	40	19025
XML-4/alignment_XML4-3250-0.02-8E-5-200-5-2.fa	XML-4	31	19025
XML-4/alignment_XML4-3250-0.02-8E-5-200-5-3.fa	XML-4	47	19025
XML-4/alignment_XML4-3250-0.02-8E-5-50-1-1.fa	XML-4	20	19025
XML-4/alignment_XML4-3250-0.02-8E-5-50-1-2.fa	XML-4	28	19025
XML-4/alignment_XML4-3250-0.02-8E-5-50-1-3.fa	XML-4	17	19025
XML-4/alignment_XML4-3250-0.02-8E-5-50-2-1.fa	XML-4	20	19025
XML-4/alignment_XML4-3250-0.02-8E-5-50-2-2.fa	XML-4	15	19025
XML-4/alignment_XML4-3250-0.02-8E-5-50-2-3.fa	XML-4	16	19025
XML-4/alignment_XML4-3250-0.02-8E-5-50-3-1.fa	XML-4	33	19025
XML-4/alignment_XML4-3250-0.02-8E-5-50-3-2.fa	XML-4	14	19025
XML-4/alignment_XML4-3250-0.02-8E-5-50-3-3.fa	XML-4	24	19025
XML-4/alignment_XML4-3250-0.02-8E-5-50-4-1.fa	XML-4	16	19025
XML-4/alignment_XML4-3250-0.02-8E-5-50-4-2.fa	XML-4	22	19025
XML-4/alignment_XML4-3250-0.02-8E-5-50-4-3.fa	XML-4	18	19025
XML-4/alignment_XML4-3250-0.02-8E-5-50-5-1.fa	XML-4	13	19025
XML-4/alignment_XML4-3250-0.02-8E-5-50-5-2.fa	XML-4	20	19025
XML-4/alignment_XML4-3250-0.02-8E-5-50-5-3.fa	XML-4	17	19025
XML-4/alignment_XML4-4000-0.005-12E-5-100-1-1.fa	XML-4	7	19025
XML-4/alignment_XML4-4000-0.005-12E-5-100-1-2.fa	XML-4	7	19025
XML-4/alignment_XML4-4000-0.005-12E-5-100-1-3.fa	XML-4	10	19025
XML-4/alignment_XML4-4000-0.005-12E-5-100-2-1.fa	XML-4	8	19025
XML-4/alignment_XML4-4000-0.005-12E-5-100-2-2.fa	XML-4	10	19025
XML-4/alignment_XML4-4000-0.005-12E-5-100-2-3.fa	XML-4	11	19025
XML-4/alignment_XML4-4000-0.005-12E-5-100-3-1.fa	XML-4	13	19025
XML-4/alignment_XML4-4000-0.005-12E-5-100-3-2.fa	XML-4	14	19025
XML-4/alignment_XML4-4000-0.005-12E-5-100-3-3.fa	XML-4	4	19025
XML-4/alignment_XML4-4000-0.005-12E-5-100-4-1.fa	XML-4	4	19025
XML-4/alignment_XML4-4000-0.005-12E-5-100-4-2.fa	XML-4	5	14307
XML-4/alignment_XML4-4000-0.005-12E-5-100-4-3.fa	XML-4	8	19025
XML-4/alignment_XML4-4000-0.005-12E-5-100-5-1.fa	XML-4	14	19025
XML-4/alignment_XML4-4000-0.005-12E-5-100-5-2.fa	XML-4	7	19025
XML-4/alignment_XML4-4000-0.005-12E-5-100-5-3.fa	XML-4	10	19025
XML-4/alignment_XML4-4000-0.005-12E-5-200-1-1.fa	XML-4	10	19025
XML-4/alignment_XML4-4000-0.005-12E-5-200-1-2.fa	XML-4	10	19025
XML-4/alignment_XML4-4000-0.005-12E-5-200-1-3.fa	XML-4	17	19025
XML-4/alignment_XML4-4000-0.005-12E-5-200-2-1.fa	XML-4	13	19025
XML-4/alignment_XML4-4000-0.005-12E-5-200-2-2.fa	XML-4	8	19025
XML-4/alignment_XML4-4000-0.005-12E-5-200-2-3.fa	XML-4	16	19025
XML-4/alignment_XML4-4000-0.005-12E-5-200-3-1.fa	XML-4	12	19025
XML-4/alignment_XML4-4000-0.005-12E-5-200-3-2.fa	XML-4	9	19025
XML-4/alignment_XML4-4000-0.005-12E-5-200-3-3.fa	XML-4	9	19025
XML-4/alignment_XML4-4000-0.005-12E-5-200-4-1.fa	XML-4	7	19025
XML-4/alignment_XML4-4000-0.005-12E-5-200-4-2.fa	XML-4	13	19025
XML-4/alignment_XML4-4000-0.005-12E-5-200-4-3.fa	XML-4	17	19025
XML-4/alignment_XML4-4000-0.005-12E-5-200-5-1.fa	XML-4	15	19025
XML-4/alignment_XML4-4000-0.005-12E-5-200-5-2.fa	XML-4	10	19025
XML-4/alignment_XML4-4000-0.005-12E-5-200-5-3.fa	XML-4	26	19025
XML-4/alignment_XML4-4000-0.005-12E-5-50-1-1.fa	XML-4	5	18273
XML-4/alignment_XML4-4000-0.005-12E-5-50-1-2.fa	XML-4	9	19025
XML-4/alignment_XML4-4000-0.005-12E-5-50-1-3.fa	XML-4	10	19025
XML-4/alignment_XML4-4000-0.005-12E-5-50-2-1.fa	XML-4	8	19025
XML-4/alignment_XML4-4000-0.005-12E-5-50-2-2.fa	XML-4	2	19025
XML-4/alignment_XML4-4000-0.005-12E-5-50-2-3.fa	XML-4	5	19025
XML-4/alignment_XML4-4000-0.005-12E-5-50-3-1.fa	XML-4	10	19025
XML-4/alignment_XML4-4000-0.005-12E-5-50-3-2.fa	XML-4	4	17700
XML-4/alignment_XML4-4000-0.005-12E-5-50-3-3.fa	XML-4	9	19025
XML-4/alignment_XML4-4000-0.005-12E-5-50-4-1.fa	XML-4	10	19025
XML-4/alignment_XML4-4000-0.005-12E-5-50-4-2.fa	XML-4	10	19025
XML-4/alignment_XML4-4000-0.005-12E-5-50-4-3.fa	XML-4	7	19025
XML-4/alignment_XML4-4000-0.005-12E-5-50-5-1.fa	XML-4	14	19025
XML-4/alignment_XML4-4000-0.005-12E-5-50-5-2.fa	XML-4	15	19025
XML-4/alignment_XML4-4000-0.005-12E-5-50-5-3.fa	XML-4	5	19025
XML-4/alignment_XML4-4000-0.005-4E-5-100-1-1.fa	XML-4	3	9312
XML-4/alignment_XML4-4000-0.005-4E-5-100-1-2.fa	XML-4	5	17493
XML-4/alignment_XML4-4000-0.005-4E-5-100-1-3.fa	XML-4	14	19025
XML-4/alignment_XML4-4000-0.005-4E-5-100-2-1.fa	XML-4	7	19025
XML-4/alignment_XML4-4000-0.005-4E-5-100-2-2.fa	XML-4	8	16596
XML-4/alignment_XML4-4000-0.005-4E-5-100-2-3.fa	XML-4	9	19025
XML-4/alignment_XML4-4000-0.005-4E-5-100-3-1.fa	XML-4	7	17478
XML-4/alignment_XML4-4000-0.005-4E-5-100-3-2.fa	XML-4	9	19025
XML-4/alignment_XML4-4000-0.005-4E-5-100-3-3.fa	XML-4	9	19025
XML-4/alignment_XML4-4000-0.005-4E-5-100-4-1.fa	XML-4	4	15876
XML-4/alignment_XML4-4000-0.005-4E-5-100-4-2.fa	XML-4	12	19025
XML-4/alignment_XML4-4000-0.005-4E-5-100-4-3.fa	XML-4	11	19025
XML-4/alignment_XML4-4000-0.005-4E-5-100-5-1.fa	XML-4	3	17706
XML-4/alignment_XML4-4000-0.005-4E-5-100-5-2.fa	XML-4	7	19025
XML-4/alignment_XML4-4000-0.005-4E-5-100-5-3.fa	XML-4	8	19025
XML-4/alignment_XML4-4000-0.005-4E-5-200-1-1.fa	XML-4	6	19025
XML-4/alignment_XML4-4000-0.005-4E-5-200-1-2.fa	XML-4	5	19025
XML-4/alignment_XML4-4000-0.005-4E-5-200-1-3.fa	XML-4	18	19025
XML-4/alignment_XML4-4000-0.005-4E-5-200-2-1.fa	XML-4	16	19025
XML-4/alignment_XML4-4000-0.005-4E-5-200-2-2.fa	XML-4	6	19025
XML-4/alignment_XML4-4000-0.005-4E-5-200-2-3.fa	XML-4	15	19025
XML-4/alignment_XML4-4000-0.005-4E-5-200-3-1.fa	XML-4	7	18498
XML-4/alignment_XML4-4000-0.005-4E-5-200-3-2.fa	XML-4	8	19025
XML-4/alignment_XML4-4000-0.005-4E-5-200-3-3.fa	XML-4	8	19025
XML-4/alignment_XML4-4000-0.005-4E-5-200-4-1.fa	XML-4	11	19025
XML-4/alignment_XML4-4000-0.005-4E-5-200-4-2.fa	XML-4	13	19025
XML-4/alignment_XML4-4000-0.005-4E-5-200-4-3.fa	XML-4	7	19025
XML-4/alignment_XML4-4000-0.005-4E-5-200-5-1.fa	XML-4	14	19025
XML-4/alignment_XML4-4000-0.005-4E-5-200-5-2.fa	XML-4	11	19025
XML-4/alignment_XML4-4000-0.005-4E-5-200-5-3.fa	XML-4	11	19025
XML-4/alignment_XML4-4000-0.005-4E-5-50-1-1.fa	XML-4	6	17025
XML-4/alignment_XML4-4000-0.005-4E-5-50-1-2.fa	XML-4	9	19025
XML-4/alignment_XML4-4000-0.005-4E-5-50-1-3.fa	XML-4	4	19025
XML-4/alignment_XML4-4000-0.005-4E-5-50-2-1.fa	XML-4	5	18165
XML-4/alignment_XML4-4000-0.005-4E-5-50-2-2.fa	XML-4	3	19025
XML-4/alignment_XML4-4000-0.005-4E-5-50-2-3.fa	XML-4	9	19025
XML-4/alignment_XML4-4000-0.005-4E-5-50-3-1.fa	XML-4	3	16164
XML-4/alignment_XML4-4000-0.005-4E-5-50-3-2.fa	XML-4	6	19025
XML-4/alignment_XML4-4000-0.005-4E-5-50-3-3.fa	XML-4	9	19025
XML-4/alignment_XML4-4000-0.005-4E-5-50-4-1.fa	XML-4	10	19025
XML-4/alignment_XML4-4000-0.005-4E-5-50-4-2.fa	XML-4	7	19025
XML-4/alignment_XML4-4000-0.005-4E-5-50-4-3.fa	XML-4	5	19025
XML-4/alignment_XML4-4000-0.005-4E-5-50-5-1.fa	XML-4	3	19025
XML-4/alignment_XML4-4000-0.005-4E-5-50-5-2.fa	XML-4	4	7671
XML-4/alignment_XML4-4000-0.005-4E-5-50-5-3.fa	XML-4	4	17937
XML-4/alignment_XML4-4000-0.005-8E-5-100-1-1.fa	XML-4	7	19025
XML-4/alignment_XML4-4000-0.005-8E-5-100-1-2.fa	XML-4	8	19025
XML-4/alignment_XML4-4000-0.005-8E-5-100-1-3.fa	XML-4	7	19025
XML-4/alignment_XML4-4000-0.005-8E-5-100-2-1.fa	XML-4	13	19025
XML-4/alignment_XML4-4000-0.005-8E-5-100-2-2.fa	XML-4	9	15957
XML-4/alignment_XML4-4000-0.005-8E-5-100-2-3.fa	XML-4	13	19025
XML-4/alignment_XML4-4000-0.005-8E-5-100-3-1.fa	XML-4	10	19025
XML-4/alignment_XML4-4000-0.005-8E-5-100-3-2.fa	XML-4	5	19025
XML-4/alignment_XML4-4000-0.005-8E-5-100-3-3.fa	XML-4	8	19025
XML-4/alignment_XML4-4000-0.005-8E-5-100-4-1.fa	XML-4	11	19025
XML-4/alignment_XML4-4000-0.005-8E-5-100-4-2.fa	XML-4	7	18498
XML-4/alignment_XML4-4000-0.005-8E-5-100-4-3.fa	XML-4	11	19025
XML-4/alignment_XML4-4000-0.005-8E-5-100-5-1.fa	XML-4	18	19025
XML-4/alignment_XML4-4000-0.005-8E-5-100-5-2.fa	XML-4	9	19025
XML-4/alignment_XML4-4000-0.005-8E-5-100-5-3.fa	XML-4	11	19025
XML-4/alignment_XML4-4000-0.005-8E-5-200-1-1.fa	XML-4	17	19025
XML-4/alignment_XML4-4000-0.005-8E-5-200-1-2.fa	XML-4	19	19025
XML-4/alignment_XML4-4000-0.005-8E-5-200-1-3.fa	XML-4	13	19025
XML-4/alignment_XML4-4000-0.005-8E-5-200-2-1.fa	XML-4	19	19025
XML-4/alignment_XML4-4000-0.005-8E-5-200-2-2.fa	XML-4	8	19025
XML-4/alignment_XML4-4000-0.005-8E-5-200-2-3.fa	XML-4	14	19025
XML-4/alignment_XML4-4000-0.005-8E-5-200-3-1.fa	XML-4	10	19025
XML-4/alignment_XML4-4000-0.005-8E-5-200-3-2.fa	XML-4	17	19025
XML-4/alignment_XML4-4000-0.005-8E-5-200-3-3.fa	XML-4	4	18945
XML-4/alignment_XML4-4000-0.005-8E-5-200-4-1.fa	XML-4	8	19025
XML-4/alignment_XML4-4000-0.005-8E-5-200-4-2.fa	XML-4	15	19025
XML-4/alignment_XML4-4000-0.005-8E-5-200-4-3.fa	XML-4	2	17571
XML-4/alignment_XML4-4000-0.005-8E-5-200-5-1.fa	XML-4	8	19025
XML-4/alignment_XML4-4000-0.005-8E-5-200-5-2.fa	XML-4	8	19025
XML-4/alignment_XML4-4000-0.005-8E-5-200-5-3.fa	XML-4	13	19025
XML-4/alignment_XML4-4000-0.005-8E-5-50-1-1.fa	XML-4	8	19002
XML-4/alignment_XML4-4000-0.005-8E-5-50-1-2.fa	XML-4	2	19025
XML-4/alignment_XML4-4000-0.005-8E-5-50-1-3.fa	XML-4	2	19025
XML-4/alignment_XML4-4000-0.005-8E-5-50-2-1.fa	XML-4	9	19025
XML-4/alignment_XML4-4000-0.005-8E-5-50-2-2.fa	XML-4	11	19025
XML-4/alignment_XML4-4000-0.005-8E-5-50-2-3.fa	XML-4	8	19025
XML-4/alignment_XML4-4000-0.005-8E-5-50-3-1.fa	XML-4	7	19025
XML-4/alignment_XML4-4000-0.005-8E-5-50-3-2.fa	XML-4	9	19025
XML-4/alignment_XML4-4000-0.005-8E-5-50-3-3.fa	XML-4	13	19025
XML-4/alignment_XML4-4000-0.005-8E-5-50-4-1.fa	XML-4	10	19025
XML-4/alignment_XML4-4000-0.005-8E-5-50-4-2.fa	XML-4	3	15591
XML-4/alignment_XML4-4000-0.005-8E-5-50-4-3.fa	XML-4	5	18381
XML-4/alignment_XML4-4000-0.005-8E-5-50-5-1.fa	XML-4	8	19025
XML-4/alignment_XML4-4000-0.005-8E-5-50-5-2.fa	XML-4	7	19025
XML-4/alignment_XML4-4000-0.005-8E-5-50-5-3.fa	XML-4	15	19025
XML-4/alignment_XML4-4000-0.01-12E-5-100-1-1.fa	XML-4	12	19025
XML-4/alignment_XML4-4000-0.01-12E-5-100-1-2.fa	XML-4	8	19025
XML-4/alignment_XML4-4000-0.01-12E-5-100-1-3.fa	XML-4	16	19025
XML-4/alignment_XML4-4000-0.01-12E-5-100-2-1.fa	XML-4	15	19025
XML-4/alignment_XML4-4000-0.01-12E-5-100-2-2.fa	XML-4	16	19025
XML-4/alignment_XML4-4000-0.01-12E-5-100-2-3.fa	XML-4	20	19025
XML-4/alignment_XML4-4000-0.01-12E-5-100-3-1.fa	XML-4	17	19025
XML-4/alignment_XML4-4000-0.01-12E-5-100-3-2.fa	XML-4	17	19025
XML-4/alignment_XML4-4000-0.01-12E-5-100-3-3.fa	XML-4	13	19025
XML-4/alignment_XML4-4000-0.01-12E-5-100-4-1.fa	XML-4	12	19025
XML-4/alignment_XML4-4000-0.01-12E-5-100-4-2.fa	XML-4	11	19025
XML-4/alignment_XML4-4000-0.01-12E-5-100-4-3.fa	XML-4	21	19025
XML-4/alignment_XML4-4000-0.01-12E-5-100-5-1.fa	XML-4	23	19025
XML-4/alignment_XML4-4000-0.01-12E-5-100-5-2.fa	XML-4	21	19025
XML-4/alignment_XML4-4000-0.01-12E-5-100-5-3.fa	XML-4	14	19025
XML-4/alignment_XML4-4000-0.01-12E-5-200-1-1.fa	XML-4	12	19025
XML-4/alignment_XML4-4000-0.01-12E-5-200-1-2.fa	XML-4	16	19025
XML-4/alignment_XML4-4000-0.01-12E-5-200-1-3.fa	XML-4	34	19025
XML-4/alignment_XML4-4000-0.01-12E-5-200-2-1.fa	XML-4	15	19025
XML-4/alignment_XML4-4000-0.01-12E-5-200-2-2.fa	XML-4	19	18864
XML-4/alignment_XML4-4000-0.01-12E-5-200-2-3.fa	XML-4	32	19025
XML-4/alignment_XML4-4000-0.01-12E-5-200-3-1.fa	XML-4	21	19025
XML-4/alignment_XML4-4000-0.01-12E-5-200-3-2.fa	XML-4	23	19025
XML-4/alignment_XML4-4000-0.01-12E-5-200-3-3.fa	XML-4	14	16611
XML-4/alignment_XML4-4000-0.01-12E-5-200-4-1.fa	XML-4	19	19025
XML-4/alignment_XML4-4000-0.01-12E-5-200-4-2.fa	XML-4	29	19025
XML-4/alignment_XML4-4000-0.01-12E-5-200-4-3.fa	XML-4	19	19025
XML-4/alignment_XML4-4000-0.01-12E-5-200-5-1.fa	XML-4	37	19025
XML-4/alignment_XML4-4000-0.01-12E-5-200-5-2.fa	XML-4	29	19025
XML-4/alignment_XML4-4000-0.01-12E-5-200-5-3.fa	XML-4	23	19025
XML-4/alignment_XML4-4000-0.01-12E-5-50-1-1.fa	XML-4	16	19025
XML-4/alignment_XML4-4000-0.01-12E-5-50-1-2.fa	XML-4	19	19025
XML-4/alignment_XML4-4000-0.01-12E-5-50-1-3.fa	XML-4	14	17334
XML-4/alignment_XML4-4000-0.01-12E-5-50-2-1.fa	XML-4	11	19025
XML-4/alignment_XML4-4000-0.01-12E-5-50-2-2.fa	XML-4	9	19025
XML-4/alignment_XML4-4000-0.01-12E-5-50-2-3.fa	XML-4	12	19025
XML-4/alignment_XML4-4000-0.01-12E-5-50-3-1.fa	XML-4	9	19025
XML-4/alignment_XML4-4000-0.01-12E-5-50-3-2.fa	XML-4	28	19025
XML-4/alignment_XML4-4000-0.01-12E-5-50-3-3.fa	XML-4	9	19025
XML-4/alignment_XML4-4000-0.01-12E-5-50-4-1.fa	XML-4	19	19025
XML-4/alignment_XML4-4000-0.01-12E-5-50-4-2.fa	XML-4	15	19025
XML-4/alignment_XML4-4000-0.01-12E-5-50-4-3.fa	XML-4	10	18141
XML-4/alignment_XML4-4000-0.01-12E-5-50-5-1.fa	XML-4	8	19025
XML-4/alignment_XML4-4000-0.01-12E-5-50-5-2.fa	XML-4	20	19025
XML-4/alignment_XML4-4000-0.01-12E-5-50-5-3.fa	XML-4	16	19025
XML-4/alignment_XML4-4000-0.01-4E-5-100-1-1.fa	XML-4	10	19025
XML-4/alignment_XML4-4000-0.01-4E-5-100-1-2.fa	XML-4	10	19025
XML-4/alignment_XML4-4000-0.01-4E-5-100-1-3.fa	XML-4	17	19025
XML-4/alignment_XML4-4000-0.01-4E-5-100-2-1.fa	XML-4	16	19025
XML-4/alignment_XML4-4000-0.01-4E-5-100-2-2.fa	XML-4	9	19025
XML-4/alignment_XML4-4000-0.01-4E-5-100-2-3.fa	XML-4	15	19025
XML-4/alignment_XML4-4000-0.01-4E-5-100-3-1.fa	XML-4	12	19025
XML-4/alignment_XML4-4000-0.01-4E-5-100-3-2.fa	XML-4	23	19025
XML-4/alignment_XML4-4000-0.01-4E-5-100-3-3.fa	XML-4	6	19025
XML-4/alignment_XML4-4000-0.01-4E-5-100-4-1.fa	XML-4	12	19025
XML-4/alignment_XML4-4000-0.01-4E-5-100-4-2.fa	XML-4	18	19025
XML-4/alignment_XML4-4000-0.01-4E-5-100-4-3.fa	XML-4	16	19025
XML-4/alignment_XML4-4000-0.01-4E-5-100-5-1.fa	XML-4	14	19025
XML-4/alignment_XML4-4000-0.01-4E-5-100-5-2.fa	XML-4	22	19025
XML-4/alignment_XML4-4000-0.01-4E-5-100-5-3.fa	XML-4	18	19025
XML-4/alignment_XML4-4000-0.01-4E-5-200-1-1.fa	XML-4	20	19025
XML-4/alignment_XML4-4000-0.01-4E-5-200-1-2.fa	XML-4	19	19025
XML-4/alignment_XML4-4000-0.01-4E-5-200-1-3.fa	XML-4	17	19025
XML-4/alignment_XML4-4000-0.01-4E-5-200-2-1.fa	XML-4	13	19025
XML-4/alignment_XML4-4000-0.01-4E-5-200-2-2.fa	XML-4	21	19025
XML-4/alignment_XML4-4000-0.01-4E-5-200-2-3.fa	XML-4	19	19025
XML-4/alignment_XML4-4000-0.01-4E-5-200-3-1.fa	XML-4	20	19025
XML-4/alignment_XML4-4000-0.01-4E-5-200-3-2.fa	XML-4	16	19025
XML-4/alignment_XML4-4000-0.01-4E-5-200-3-3.fa	XML-4	17	19025
XML-4/alignment_XML4-4000-0.01-4E-5-200-4-1.fa	XML-4	20	19025
XML-4/alignment_XML4-4000-0.01-4E-5-200-4-2.fa	XML-4	14	19025
XML-4/alignment_XML4-4000-0.01-4E-5-200-4-3.fa	XML-4	15	19025
XML-4/alignment_XML4-4000-0.01-4E-5-200-5-1.fa	XML-4	21	19025
XML-4/alignment_XML4-4000-0.01-4E-5-200-5-2.fa	XML-4	25	19025
XML-4/alignment_XML4-4000-0.01-4E-5-200-5-3.fa	XML-4	19	19025
XML-4/alignment_XML4-4000-0.01-4E-5-50-1-1.fa	XML-4	10	19025
XML-4/alignment_XML4-4000-0.01-4E-5-50-1-2.fa	XML-4	11	19025
XML-4/alignment_XML4-4000-0.01-4E-5-50-1-3.fa	XML-4	11	19025
XML-4/alignment_XML4-4000-0.01-4E-5-50-2-1.fa	XML-4	5	16824
XML-4/alignment_XML4-4000-0.01-4E-5-50-2-2.fa	XML-4	14	19025
XML-4/alignment_XML4-4000-0.01-4E-5-50-2-3.fa	XML-4	16	19025
XML-4/alignment_XML4-4000-0.01-4E-5-50-3-1.fa	XML-4	7	19025
XML-4/alignment_XML4-4000-0.01-4E-5-50-3-2.fa	XML-4	7	19025
XML-4/alignment_XML4-4000-0.01-4E-5-50-3-3.fa	XML-4	10	19025
XML-4/alignment_XML4-4000-0.01-4E-5-50-4-1.fa	XML-4	11	19025
XML-4/alignment_XML4-4000-0.01-4E-5-50-4-2.fa	XML-4	9	16728
XML-4/alignment_XML4-4000-0.01-4E-5-50-4-3.fa	XML-4	17	19025
XML-4/alignment_XML4-4000-0.01-4E-5-50-5-1.fa	XML-4	15	19025
XML-4/alignment_XML4-4000-0.01-4E-5-50-5-2.fa	XML-4	9	19025
XML-4/alignment_XML4-4000-0.01-4E-5-50-5-3.fa	XML-4	9	19025
XML-4/alignment_XML4-4000-0.01-8E-5-100-1-1.fa	XML-4	31	19025
XML-4/alignment_XML4-4000-0.01-8E-5-100-1-2.fa	XML-4	21	19025
XML-4/alignment_XML4-4000-0.01-8E-5-100-1-3.fa	XML-4	24	19025
XML-4/alignment_XML4-4000-0.01-8E-5-100-2-1.fa	XML-4	19	19025
XML-4/alignment_XML4-4000-0.01-8E-5-100-2-2.fa	XML-4	21	19025
XML-4/alignment_XML4-4000-0.01-8E-5-100-2-3.fa	XML-4	21	19025
XML-4/alignment_XML4-4000-0.01-8E-5-100-3-1.fa	XML-4	13	19025
XML-4/alignment_XML4-4000-0.01-8E-5-100-3-2.fa	XML-4	17	19025
XML-4/alignment_XML4-4000-0.01-8E-5-100-3-3.fa	XML-4	8	18942
XML-4/alignment_XML4-4000-0.01-8E-5-100-4-1.fa	XML-4	12	19025
XML-4/alignment_XML4-4000-0.01-8E-5-100-4-2.fa	XML-4	16	19025
XML-4/alignment_XML4-4000-0.01-8E-5-100-4-3.fa	XML-4	20	19025
XML-4/alignment_XML4-4000-0.01-8E-5-100-5-1.fa	XML-4	21	19025
XML-4/alignment_XML4-4000-0.01-8E-5-100-5-2.fa	XML-4	21	19025
XML-4/alignment_XML4-4000-0.01-8E-5-100-5-3.fa	XML-4	17	18189
XML-4/alignment_XML4-4000-0.01-8E-5-200-1-1.fa	XML-4	29	19025
XML-4/alignment_XML4-4000-0.01-8E-5-200-1-2.fa	XML-4	24	19025
XML-4/alignment_XML4-4000-0.01-8E-5-200-1-3.fa	XML-4	27	19025
XML-4/alignment_XML4-4000-0.01-8E-5-200-2-1.fa	XML-4	20	19025
XML-4/alignment_XML4-4000-0.01-8E-5-200-2-2.fa	XML-4	21	19025
XML-4/alignment_XML4-4000-0.01-8E-5-200-2-3.fa	XML-4	22	19025
XML-4/alignment_XML4-4000-0.01-8E-5-200-3-1.fa	XML-4	13	19025
XML-4/alignment_XML4-4000-0.01-8E-5-200-3-2.fa	XML-4	13	19025
XML-4/alignment_XML4-4000-0.01-8E-5-200-3-3.fa	XML-4	22	19025
XML-4/alignment_XML4-4000-0.01-8E-5-200-4-1.fa	XML-4	22	19025
XML-4/alignment_XML4-4000-0.01-8E-5-200-4-2.fa	XML-4	22	19025
XML-4/alignment_XML4-4000-0.01-8E-5-200-4-3.fa	XML-4	24	19025
XML-4/alignment_XML4-4000-0.01-8E-5-200-5-1.fa	XML-4	17	19025
XML-4/alignment_XML4-4000-0.01-8E-5-200-5-2.fa	XML-4	21	19025
XML-4/alignment_XML4-4000-0.01-8E-5-200-5-3.fa	XML-4	21	19025
XML-4/alignment_XML4-4000-0.01-8E-5-50-1-1.fa	XML-4	8	19025
XML-4/alignment_XML4-4000-0.01-8E-5-50-1-2.fa	XML-4	18	19025
XML-4/alignment_XML4-4000-0.01-8E-5-50-1-3.fa	XML-4	24	19025
XML-4/alignment_XML4-4000-0.01-8E-5-50-2-1.fa	XML-4	14	19025
XML-4/alignment_XML4-4000-0.01-8E-5-50-2-2.fa	XML-4	11	19025
XML-4/alignment_XML4-4000-0.01-8E-5-50-2-3.fa	XML-4	8	19025
XML-4/alignment_XML4-4000-0.01-8E-5-50-3-1.fa	XML-4	10	19025
XML-4/alignment_XML4-4000-0.01-8E-5-50-3-2.fa	XML-4	18	19025
XML-4/alignment_XML4-4000-0.01-8E-5-50-3-3.fa	XML-4	7	18267
XML-4/alignment_XML4-4000-0.01-8E-5-50-4-1.fa	XML-4	16	19025
XML-4/alignment_XML4-4000-0.01-8E-5-50-4-2.fa	XML-4	14	19025
XML-4/alignment_XML4-4000-0.01-8E-5-50-4-3.fa	XML-4	18	19025
XML-4/alignment_XML4-4000-0.01-8E-5-50-5-1.fa	XML-4	10	19025
XML-4/alignment_XML4-4000-0.01-8E-5-50-5-2.fa	XML-4	15	19025
XML-4/alignment_XML4-4000-0.01-8E-5-50-5-3.fa	XML-4	9	19025
XML-4/alignment_XML4-4000-0.02-12E-5-100-1-1.fa	XML-4	21	19025
XML-4/alignment_XML4-4000-0.02-12E-5-100-1-2.fa	XML-4	40	19025
XML-4/alignment_XML4-4000-0.02-12E-5-100-1-3.fa	XML-4	33	19025
XML-4/alignment_XML4-4000-0.02-12E-5-100-2-1.fa	XML-4	32	19025
XML-4/alignment_XML4-4000-0.02-12E-5-100-2-2.fa	XML-4	30	19025
XML-4/alignment_XML4-4000-0.02-12E-5-100-2-3.fa	XML-4	32	19025
XML-4/alignment_XML4-4000-0.02-12E-5-100-3-1.fa	XML-4	31	19025
XML-4/alignment_XML4-4000-0.02-12E-5-100-3-2.fa	XML-4	35	19025
XML-4/alignment_XML4-4000-0.02-12E-5-100-3-3.fa	XML-4	23	19025
XML-4/alignment_XML4-4000-0.02-12E-5-100-4-1.fa	XML-4	24	19025
XML-4/alignment_XML4-4000-0.02-12E-5-100-4-2.fa	XML-4	30	19025
XML-4/alignment_XML4-4000-0.02-12E-5-100-4-3.fa	XML-4	27	19025
XML-4/alignment_XML4-4000-0.02-12E-5-100-5-1.fa	XML-4	12	19025
XML-4/alignment_XML4-4000-0.02-12E-5-100-5-2.fa	XML-4	27	19025
XML-4/alignment_XML4-4000-0.02-12E-5-100-5-3.fa	XML-4	49	19025
XML-4/alignment_XML4-4000-0.02-12E-5-200-1-1.fa	XML-4	44	19025
XML-4/alignment_XML4-4000-0.02-12E-5-200-1-2.fa	XML-4	32	19025
XML-4/alignment_XML4-4000-0.02-12E-5-200-1-3.fa	XML-4	33	19025
XML-4/alignment_XML4-4000-0.02-12E-5-200-2-1.fa	XML-4	58	19025
XML-4/alignment_XML4-4000-0.02-12E-5-200-2-2.fa	XML-4	42	19025
XML-4/alignment_XML4-4000-0.02-12E-5-200-2-3.fa	XML-4	35	19025
XML-4/alignment_XML4-4000-0.02-12E-5-200-3-1.fa	XML-4	34	19025
XML-4/alignment_XML4-4000-0.02-12E-5-200-3-2.fa	XML-4	39	19025
XML-4/alignment_XML4-4000-0.02-12E-5-200-3-3.fa	XML-4	60	19025
XML-4/alignment_XML4-4000-0.02-12E-5-200-4-1.fa	XML-4	49	19025
XML-4/alignment_XML4-4000-0.02-12E-5-200-4-2.fa	XML-4	39	19025
XML-4/alignment_XML4-4000-0.02-12E-5-200-4-3.fa	XML-4	74	19025
XML-4/alignment_XML4-4000-0.02-12E-5-200-5-1.fa	XML-4	36	19025
XML-4/alignment_XML4-4000-0.02-12E-5-200-5-2.fa	XML-4	48	19025
XML-4/alignment_XML4-4000-0.02-12E-5-200-5-3.fa	XML-4	49	19025
XML-4/alignment_XML4-4000-0.02-12E-5-50-1-1.fa	XML-4	18	19025
XML-4/alignment_XML4-4000-0.02-12E-5-50-1-2.fa	XML-4	30	19025
XML-4/alignment_XML4-4000-0.02-12E-5-50-1-3.fa	XML-4	19	19025
XML-4/alignment_XML4-4000-0.02-12E-5-50-2-1.fa	XML-4	21	19025
XML-4/alignment_XML4-4000-0.02-12E-5-50-2-2.fa	XML-4	28	19025
XML-4/alignment_XML4-4000-0.02-12E-5-50-2-3.fa	XML-4	16	19025
XML-4/alignment_XML4-4000-0.02-12E-5-50-3-1.fa	XML-4	19	19025
XML-4/alignment_XML4-4000-0.02-12E-5-50-3-2.fa	XML-4	16	19025
XML-4/alignment_XML4-4000-0.02-12E-5-50-3-3.fa	XML-4	26	19025
XML-4/alignment_XML4-4000-0.02-12E-5-50-4-1.fa	XML-4	10	19025
XML-4/alignment_XML4-4000-0.02-12E-5-50-4-2.fa	XML-4	17	19025
XML-4/alignment_XML4-4000-0.02-12E-5-50-4-3.fa	XML-4	23	19025
XML-4/alignment_XML4-4000-0.02-12E-5-50-5-1.fa	XML-4	25	19025
XML-4/alignment_XML4-4000-0.02-12E-5-50-5-2.fa	XML-4	17	19025
XML-4/alignment_XML4-4000-0.02-12E-5-50-5-3.fa	XML-4	15	19025
XML-4/alignment_XML4-4000-0.02-4E-5-100-1-1.fa	XML-4	32	19025
XML-4/alignment_XML4-4000-0.02-4E-5-100-1-2.fa	XML-4	19	19025
XML-4/alignment_XML4-4000-0.02-4E-5-100-1-3.fa	XML-4	19	19025
XML-4/alignment_XML4-4000-0.02-4E-5-100-2-1.fa	XML-4	21	19025
XML-4/alignment_XML4-4000-0.02-4E-5-100-2-2.fa	XML-4	30	19025
XML-4/alignment_XML4-4000-0.02-4E-5-100-2-3.fa	XML-4	25	19025
XML-4/alignment_XML4-4000-0.02-4E-5-100-3-1.fa	XML-4	19	19025
XML-4/alignment_XML4-4000-0.02-4E-5-100-3-2.fa	XML-4	28	19025
XML-4/alignment_XML4-4000-0.02-4E-5-100-3-3.fa	XML-4	19	19025
XML-4/alignment_XML4-4000-0.02-4E-5-100-4-1.fa	XML-4	15	19025
XML-4/alignment_XML4-4000-0.02-4E-5-100-4-2.fa	XML-4	12	19025
XML-4/alignment_XML4-4000-0.02-4E-5-100-4-3.fa	XML-4	33	19025
XML-4/alignment_XML4-4000-0.02-4E-5-100-5-1.fa	XML-4	25	19025
XML-4/alignment_XML4-4000-0.02-4E-5-100-5-2.fa	XML-4	21	19025
XML-4/alignment_XML4-4000-0.02-4E-5-100-5-3.fa	XML-4	16	19025
XML-4/alignment_XML4-4000-0.02-4E-5-200-1-1.fa	XML-4	33	19025
XML-4/alignment_XML4-4000-0.02-4E-5-200-1-2.fa	XML-4	44	19025
XML-4/alignment_XML4-4000-0.02-4E-5-200-1-3.fa	XML-4	34	19025
XML-4/alignment_XML4-4000-0.02-4E-5-200-2-1.fa	XML-4	31	19025
XML-4/alignment_XML4-4000-0.02-4E-5-200-2-2.fa	XML-4	33	19025
XML-4/alignment_XML4-4000-0.02-4E-5-200-2-3.fa	XML-4	24	19025
XML-4/alignment_XML4-4000-0.02-4E-5-200-3-1.fa	XML-4	33	19025
XML-4/alignment_XML4-4000-0.02-4E-5-200-3-2.fa	XML-4	41	19025
XML-4/alignment_XML4-4000-0.02-4E-5-200-3-3.fa	XML-4	32	19025
XML-4/alignment_XML4-4000-0.02-4E-5-200-4-1.fa	XML-4	22	19025
XML-4/alignment_XML4-4000-0.02-4E-5-200-4-2.fa	XML-4	40	19025
XML-4/alignment_XML4-4000-0.02-4E-5-200-4-3.fa	XML-4	27	19025
XML-4/alignment_XML4-4000-0.02-4E-5-200-5-1.fa	XML-4	31	19025
XML-4/alignment_XML4-4000-0.02-4E-5-200-5-2.fa	XML-4	16	19025
XML-4/alignment_XML4-4000-0.02-4E-5-200-5-3.fa	XML-4	28	19025
XML-4/alignment_XML4-4000-0.02-4E-5-50-1-1.fa	XML-4	15	19025
XML-4/alignment_XML4-4000-0.02-4E-5-50-1-2.fa	XML-4	19	19025
XML-4/alignment_XML4-4000-0.02-4E-5-50-1-3.fa	XML-4	13	19025
XML-4/alignment_XML4-4000-0.02-4E-5-50-2-1.fa	XML-4	9	19025
XML-4/alignment_XML4-4000-0.02-4E-5-50-2-2.fa	XML-4	9	19025
XML-4/alignment_XML4-4000-0.02-4E-5-50-2-3.fa	XML-4	14	19025
XML-4/alignment_XML4-4000-0.02-4E-5-50-3-1.fa	XML-4	24	19025
XML-4/alignment_XML4-4000-0.02-4E-5-50-3-2.fa	XML-4	13	19025
XML-4/alignment_XML4-4000-0.02-4E-5-50-3-3.fa	XML-4	12	19025
XML-4/alignment_XML4-4000-0.02-4E-5-50-4-1.fa	XML-4	22	19025
XML-4/alignment_XML4-4000-0.02-4E-5-50-4-2.fa	XML-4	17	19025
XML-4/alignment_XML4-4000-0.02-4E-5-50-4-3.fa	XML-4	9	19025
XML-4/alignment_XML4-4000-0.02-4E-5-50-5-1.fa	XML-4	17	19025
XML-4/alignment_XML4-4000-0.02-4E-5-50-5-2.fa	XML-4	13	19025
XML-4/alignment_XML4-4000-0.02-4E-5-50-5-3.fa	XML-4	17	19025
XML-4/alignment_XML4-4000-0.02-8E-5-100-1-1.fa	XML-4	22	19025
XML-4/alignment_XML4-4000-0.02-8E-5-100-1-2.fa	XML-4	16	19025
XML-4/alignment_XML4-4000-0.02-8E-5-100-1-3.fa	XML-4	35	19025
XML-4/alignment_XML4-4000-0.02-8E-5-100-2-1.fa	XML-4	23	19025
XML-4/alignment_XML4-4000-0.02-8E-5-100-2-2.fa	XML-4	20	19025
XML-4/alignment_XML4-4000-0.02-8E-5-100-2-3.fa	XML-4	18	19025
XML-4/alignment_XML4-4000-0.02-8E-5-100-3-1.fa	XML-4	22	19025
XML-4/alignment_XML4-4000-0.02-8E-5-100-3-2.fa	XML-4	28	19025
XML-4/alignment_XML4-4000-0.02-8E-5-100-3-3.fa	XML-4	28	19025
XML-4/alignment_XML4-4000-0.02-8E-5-100-4-1.fa	XML-4	18	19025
XML-4/alignment_XML4-4000-0.02-8E-5-100-4-2.fa	XML-4	20	19025
XML-4/alignment_XML4-4000-0.02-8E-5-100-4-3.fa	XML-4	39	19025
XML-4/alignment_XML4-4000-0.02-8E-5-100-5-1.fa	XML-4	31	19025
XML-4/alignment_XML4-4000-0.02-8E-5-100-5-2.fa	XML-4	33	19025
XML-4/alignment_XML4-4000-0.02-8E-5-100-5-3.fa	XML-4	29	19025
XML-4/alignment_XML4-4000-0.02-8E-5-200-1-1.fa	XML-4	18	19025
XML-4/alignment_XML4-4000-0.02-8E-5-200-1-2.fa	XML-4	39	19025
XML-4/alignment_XML4-4000-0.02-8E-5-200-1-3.fa	XML-4	35	19025
XML-4/alignment_XML4-4000-0.02-8E-5-200-2-1.fa	XML-4	38	19025
XML-4/alignment_XML4-4000-0.02-8E-5-200-2-2.fa	XML-4	35	19025
XML-4/alignment_XML4-4000-0.02-8E-5-200-2-3.fa	XML-4	25	19025
XML-4/alignment_XML4-4000-0.02-8E-5-200-3-1.fa	XML-4	31	19025
XML-4/alignment_XML4-4000-0.02-8E-5-200-3-2.fa	XML-4	20	19025
XML-4/alignment_XML4-4000-0.02-8E-5-200-3-3.fa	XML-4	32	19025
XML-4/alignment_XML4-4000-0.02-8E-5-200-4-1.fa	XML-4	40	19025
XML-4/alignment_XML4-4000-0.02-8E-5-200-4-2.fa	XML-4	52	19025
XML-4/alignment_XML4-4000-0.02-8E-5-200-4-3.fa	XML-4	53	19025
XML-4/alignment_XML4-4000-0.02-8E-5-200-5-1.fa	XML-4	29	19025
XML-4/alignment_XML4-4000-0.02-8E-5-200-5-2.fa	XML-4	51	19025
XML-4/alignment_XML4-4000-0.02-8E-5-200-5-3.fa	XML-4	32	19025
XML-4/alignment_XML4-4000-0.02-8E-5-50-1-1.fa	XML-4	14	19025
XML-4/alignment_XML4-4000-0.02-8E-5-50-1-2.fa	XML-4	22	19025
XML-4/alignment_XML4-4000-0.02-8E-5-50-1-3.fa	XML-4	16	19025
XML-4/alignment_XML4-4000-0.02-8E-5-50-2-1.fa	XML-4	20	19025
XML-4/alignment_XML4-4000-0.02-8E-5-50-2-2.fa	XML-4	22	19025
XML-4/alignment_XML4-4000-0.02-8E-5-50-2-3.fa	XML-4	23	19025
XML-4/alignment_XML4-4000-0.02-8E-5-50-3-1.fa	XML-4	20	19025
XML-4/alignment_XML4-4000-0.02-8E-5-50-3-2.fa	XML-4	12	19025
XML-4/alignment_XML4-4000-0.02-8E-5-50-3-3.fa	XML-4	18	19025
XML-4/alignment_XML4-4000-0.02-8E-5-50-4-1.fa	XML-4	17	19025
XML-4/alignment_XML4-4000-0.02-8E-5-50-4-2.fa	XML-4	20	19025
XML-4/alignment_XML4-4000-0.02-8E-5-50-4-3.fa	XML-4	20	19025
XML-4/alignment_XML4-4000-0.02-8E-5-50-5-1.fa	XML-4	21	19025
XML-4/alignment_XML4-4000-0.02-8E-5-50-5-2.fa	XML-4	22	19025
XML-4/alignment_XML4-4000-0.02-8E-5-50-5-3.fa	XML-4	14	19025
XML-5/alignment_XML5-2500-0.005-12E-5-100-1-1.fa	XML-5	10	10775
XML-5/alignment_XML5-2500-0.005-12E-5-100-1-2.fa	XML-5	11	10754
XML-5/alignment_XML5-2500-0.005-12E-5-100-2-1.fa	XML-5	17	10775
XML-5/alignment_XML5-2500-0.005-12E-5-100-2-2.fa	XML-5	11	10772
XML-5/alignment_XML5-2500-0.005-12E-5-100-3-1.fa	XML-5	14	10781
XML-5/alignment_XML5-2500-0.005-12E-5-100-3-2.fa	XML-5	15	10754
XML-5/alignment_XML5-2500-0.005-12E-5-100-4-1.fa	XML-5	16	10751
XML-5/alignment_XML5-2500-0.005-12E-5-100-4-2.fa	XML-5	11	10766
XML-5/alignment_XML5-2500-0.005-12E-5-100-5-1.fa	XML-5	9	10769
XML-5/alignment_XML5-2500-0.005-12E-5-100-5-2.fa	XML-5	14	10775
XML-5/alignment_XML5-2500-0.005-12E-5-100-6-1.fa	XML-5	4	9225
XML-5/alignment_XML5-2500-0.005-12E-5-100-6-2.fa	XML-5	10	10751
XML-5/alignment_XML5-2500-0.005-12E-5-200-1-1.fa	XML-5	7	10811
XML-5/alignment_XML5-2500-0.005-12E-5-200-1-2.fa	XML-5	10	10763
XML-5/alignment_XML5-2500-0.005-12E-5-200-2-1.fa	XML-5	23	9534
XML-5/alignment_XML5-2500-0.005-12E-5-200-2-2.fa	XML-5	9	10760
XML-5/alignment_XML5-2500-0.005-12E-5-200-3-1.fa	XML-5	18	10790
XML-5/alignment_XML5-2500-0.005-12E-5-200-3-2.fa	XML-5	12	10611
XML-5/alignment_XML5-2500-0.005-12E-5-200-4-1.fa	XML-5	18	10817
XML-5/alignment_XML5-2500-0.005-12E-5-200-4-2.fa	XML-5	31	10772
XML-5/alignment_XML5-2500-0.005-12E-5-200-5-1.fa	XML-5	16	10704
XML-5/alignment_XML5-2500-0.005-12E-5-200-5-2.fa	XML-5	8	10778
XML-5/alignment_XML5-2500-0.005-12E-5-200-6-1.fa	XML-5	12	10787
XML-5/alignment_XML5-2500-0.005-12E-5-200-6-2.fa	XML-5	12	10790
XML-5/alignment_XML5-2500-0.005-12E-5-50-1-1.fa	XML-5	5	10769
XML-5/alignment_XML5-2500-0.005-12E-5-50-1-2.fa	XML-5	10	10757
XML-5/alignment_XML5-2500-0.005-12E-5-50-2-1.fa	XML-5	7	10760
XML-5/alignment_XML5-2500-0.005-12E-5-50-2-2.fa	XML-5	10	10739
XML-5/alignment_XML5-2500-0.005-12E-5-50-3-1.fa	XML-5	3	9708
XML-5/alignment_XML5-2500-0.005-12E-5-50-4-1.fa	XML-5	8	10751
XML-5/alignment_XML5-2500-0.005-12E-5-50-4-2.fa	XML-5	6	6252
XML-5/alignment_XML5-2500-0.005-12E-5-50-5-1.fa	XML-5	5	10763
XML-5/alignment_XML5-2500-0.005-12E-5-50-5-2.fa	XML-5	5	10605
XML-5/alignment_XML5-2500-0.005-12E-5-50-6-1.fa	XML-5	12	10754
XML-5/alignment_XML5-2500-0.005-12E-5-50-6-2.fa	XML-5	6	10742
XML-5/alignment_XML5-2500-0.005-4E-5-100-1-1.fa	XML-5	11	10763
XML-5/alignment_XML5-2500-0.005-4E-5-100-1-2.fa	XML-5	14	10757
XML-5/alignment_XML5-2500-0.005-4E-5-100-2-1.fa	XML-5	12	10757
XML-5/alignment_XML5-2500-0.005-4E-5-100-2-2.fa	XML-5	11	10757
XML-5/alignment_XML5-2500-0.005-4E-5-100-3-1.fa	XML-5	12	10742
XML-5/alignment_XML5-2500-0.005-4E-5-100-3-2.fa	XML-5	6	8046
XML-5/alignment_XML5-2500-0.005-4E-5-100-4-1.fa	XML-5	7	10781
XML-5/alignment_XML5-2500-0.005-4E-5-100-4-2.fa	XML-5	7	10760
XML-5/alignment_XML5-2500-0.005-4E-5-100-5-1.fa	XML-5	10	10772
XML-5/alignment_XML5-2500-0.005-4E-5-100-5-2.fa	XML-5	5	10551
XML-5/alignment_XML5-2500-0.005-4E-5-100-6-1.fa	XML-5	8	10766
XML-5/alignment_XML5-2500-0.005-4E-5-100-6-2.fa	XML-5	11	10757
XML-5/alignment_XML5-2500-0.005-4E-5-200-1-1.fa	XML-5	13	10781
XML-5/alignment_XML5-2500-0.005-4E-5-200-1-2.fa	XML-5	16	10775
XML-5/alignment_XML5-2500-0.005-4E-5-200-2-1.fa	XML-5	17	10787
XML-5/alignment_XML5-2500-0.005-4E-5-200-2-2.fa	XML-5	10	10811
XML-5/alignment_XML5-2500-0.005-4E-5-200-3-1.fa	XML-5	23	10808
XML-5/alignment_XML5-2500-0.005-4E-5-200-3-2.fa	XML-5	12	10775
XML-5/alignment_XML5-2500-0.005-4E-5-200-4-1.fa	XML-5	14	10784
XML-5/alignment_XML5-2500-0.005-4E-5-200-4-2.fa	XML-5	12	10826
XML-5/alignment_XML5-2500-0.005-4E-5-200-5-1.fa	XML-5	21	10790
XML-5/alignment_XML5-2500-0.005-4E-5-200-5-2.fa	XML-5	15	10781
XML-5/alignment_XML5-2500-0.005-4E-5-200-6-1.fa	XML-5	8	10802
XML-5/alignment_XML5-2500-0.005-4E-5-200-6-2.fa	XML-5	16	10775
XML-5/alignment_XML5-2500-0.005-4E-5-50-1-1.fa	XML-5	7	10748
XML-5/alignment_XML5-2500-0.005-4E-5-50-1-2.fa	XML-5	9	10751
XML-5/alignment_XML5-2500-0.005-4E-5-50-2-1.fa	XML-5	6	10772
XML-5/alignment_XML5-2500-0.005-4E-5-50-2-2.fa	XML-5	3	2661
XML-5/alignment_XML5-2500-0.005-4E-5-50-3-1.fa	XML-5	7	10763
XML-5/alignment_XML5-2500-0.005-4E-5-50-3-2.fa	XML-5	10	10784
XML-5/alignment_XML5-2500-0.005-4E-5-50-4-1.fa	XML-5	12	10757
XML-5/alignment_XML5-2500-0.005-4E-5-50-4-2.fa	XML-5	9	10760
XML-5/alignment_XML5-2500-0.005-4E-5-50-5-1.fa	XML-5	9	10751
XML-5/alignment_XML5-2500-0.005-4E-5-50-5-2.fa	XML-5	8	10760
XML-5/alignment_XML5-2500-0.005-4E-5-50-6-1.fa	XML-5	9	10754
XML-5/alignment_XML5-2500-0.005-4E-5-50-6-2.fa	XML-5	9	10742
XML-5/alignment_XML5-2500-0.005-8E-5-100-1-1.fa	XML-5	8	10754
XML-5/alignment_XML5-2500-0.005-8E-5-100-1-2.fa	XML-5	14	10757
XML-5/alignment_XML5-2500-0.005-8E-5-100-2-1.fa	XML-5	12	10766
XML-5/alignment_XML5-2500-0.005-8E-5-100-2-2.fa	XML-5	6	10793
XML-5/alignment_XML5-2500-0.005-8E-5-100-3-1.fa	XML-5	10	10778
XML-5/alignment_XML5-2500-0.005-8E-5-100-3-2.fa	XML-5	14	10766
XML-5/alignment_XML5-2500-0.005-8E-5-100-4-1.fa	XML-5	12	10757
XML-5/alignment_XML5-2500-0.005-8E-5-100-4-2.fa	XML-5	13	10784
XML-5/alignment_XML5-2500-0.005-8E-5-100-5-1.fa	XML-5	10	10772
XML-5/alignment_XML5-2500-0.005-8E-5-100-5-2.fa	XML-5	8	10763
XML-5/alignment_XML5-2500-0.005-8E-5-100-6-1.fa	XML-5	11	10748
XML-5/alignment_XML5-2500-0.005-8E-5-100-6-2.fa	XML-5	16	10784
XML-5/alignment_XML5-2500-0.005-8E-5-200-1-1.fa	XML-5	12	10799
XML-5/alignment_XML5-2500-0.005-8E-5-200-1-2.fa	XML-5	18	10787
XML-5/alignment_XML5-2500-0.005-8E-5-200-2-1.fa	XML-5	14	10778
XML-5/alignment_XML5-2500-0.005-8E-5-200-2-2.fa	XML-5	8	10775
XML-5/alignment_XML5-2500-0.005-8E-5-200-3-1.fa	XML-5	7	10772
XML-5/alignment_XML5-2500-0.005-8E-5-200-3-2.fa	XML-5	15	10775
XML-5/alignment_XML5-2500-0.005-8E-5-200-4-1.fa	XML-5	9	10775
XML-5/alignment_XML5-2500-0.005-8E-5-200-4-2.fa	XML-5	15	10781
XML-5/alignment_XML5-2500-0.005-8E-5-200-5-1.fa	XML-5	19	10784
XML-5/alignment_XML5-2500-0.005-8E-5-200-5-2.fa	XML-5	11	10766
XML-5/alignment_XML5-2500-0.005-8E-5-200-6-1.fa	XML-5	11	10799
XML-5/alignment_XML5-2500-0.005-8E-5-200-6-2.fa	XML-5	6	10805
XML-5/alignment_XML5-2500-0.005-8E-5-50-1-1.fa	XML-5	2	10742
XML-5/alignment_XML5-2500-0.005-8E-5-50-1-2.fa	XML-5	7	10763
XML-5/alignment_XML5-2500-0.005-8E-5-50-2-1.fa	XML-5	6	10742
XML-5/alignment_XML5-2500-0.005-8E-5-50-2-2.fa	XML-5	8	10754
XML-5/alignment_XML5-2500-0.005-8E-5-50-3-1.fa	XML-5	4	9975
XML-5/alignment_XML5-2500-0.005-8E-5-50-3-2.fa	XML-5	7	10763
XML-5/alignment_XML5-2500-0.005-8E-5-50-4-1.fa	XML-5	9	10769
XML-5/alignment_XML5-2500-0.005-8E-5-50-4-2.fa	XML-5	4	10751
XML-5/alignment_XML5-2500-0.005-8E-5-50-5-1.fa	XML-5	7	10760
XML-5/alignment_XML5-2500-0.005-8E-5-50-5-2.fa	XML-5	7	10748
XML-5/alignment_XML5-2500-0.005-8E-5-50-6-1.fa	XML-5	13	10754
XML-5/alignment_XML5-2500-0.005-8E-5-50-6-2.fa	XML-5	6	10745
XML-5/alignment_XML5-2500-0.01-12E-5-100-1-1.fa	XML-5	17	10763
XML-5/alignment_XML5-2500-0.01-12E-5-100-1-2.fa	XML-5	23	10766
XML-5/alignment_XML5-2500-0.01-12E-5-100-2-1.fa	XML-5	29	10757
XML-5/alignment_XML5-2500-0.01-12E-5-100-2-2.fa	XML-5	11	10763
XML-5/alignment_XML5-2500-0.01-12E-5-100-3-1.fa	XML-5	18	10751
XML-5/alignment_XML5-2500-0.01-12E-5-100-3-2.fa	XML-5	9	10787
XML-5/alignment_XML5-2500-0.01-12E-5-100-4-1.fa	XML-5	10	10128
XML-5/alignment_XML5-2500-0.01-12E-5-100-4-2.fa	XML-5	12	10745
XML-5/alignment_XML5-2500-0.01-12E-5-100-5-1.fa	XML-5	17	10787
XML-5/alignment_XML5-2500-0.01-12E-5-100-5-2.fa	XML-5	25	10784
XML-5/alignment_XML5-2500-0.01-12E-5-100-6-1.fa	XML-5	23	10787
XML-5/alignment_XML5-2500-0.01-12E-5-100-6-2.fa	XML-5	18	10766
XML-5/alignment_XML5-2500-0.01-12E-5-200-1-1.fa	XML-5	24	10823
XML-5/alignment_XML5-2500-0.01-12E-5-200-1-2.fa	XML-5	25	10790
XML-5/alignment_XML5-2500-0.01-12E-5-200-2-1.fa	XML-5	34	10793
XML-5/alignment_XML5-2500-0.01-12E-5-200-2-2.fa	XML-5	27	10778
XML-5/alignment_XML5-2500-0.01-12E-5-200-3-1.fa	XML-5	38	10811
XML-5/alignment_XML5-2500-0.01-12E-5-200-3-2.fa	XML-5	14	10775
XML-5/alignment_XML5-2500-0.01-12E-5-200-4-1.fa	XML-5	30	10799
XML-5/alignment_XML5-2500-0.01-12E-5-200-4-2.fa	XML-5	30	10784
XML-5/alignment_XML5-2500-0.01-12E-5-200-5-1.fa	XML-5	28	10795
XML-5/alignment_XML5-2500-0.01-12E-5-200-5-2.fa	XML-5	21	10805
XML-5/alignment_XML5-2500-0.01-12E-5-200-6-1.fa	XML-5	23	10778
XML-5/alignment_XML5-2500-0.01-12E-5-200-6-2.fa	XML-5	20	10775
XML-5/alignment_XML5-2500-0.01-12E-5-50-1-1.fa	XML-5	10	10751
XML-5/alignment_XML5-2500-0.01-12E-5-50-1-2.fa	XML-5	11	10736
XML-5/alignment_XML5-2500-0.01-12E-5-50-2-1.fa	XML-5	11	10751
XML-5/alignment_XML5-2500-0.01-12E-5-50-2-2.fa	XML-5	13	10763
XML-5/alignment_XML5-2500-0.01-12E-5-50-3-1.fa	XML-5	11	10769
XML-5/alignment_XML5-2500-0.01-12E-5-50-3-2.fa	XML-5	16	10778
XML-5/alignment_XML5-2500-0.01-12E-5-50-4-1.fa	XML-5	13	10772
XML-5/alignment_XML5-2500-0.01-12E-5-50-4-2.fa	XML-5	19	10763
XML-5/alignment_XML5-2500-0.01-12E-5-50-5-1.fa	XML-5	11	10751
XML-5/alignment_XML5-2500-0.01-12E-5-50-5-2.fa	XML-5	18	10766
XML-5/alignment_XML5-2500-0.01-12E-5-50-6-1.fa	XML-5	11	10754
XML-5/alignment_XML5-2500-0.01-12E-5-50-6-2.fa	XML-5	17	10745
XML-5/alignment_XML5-2500-0.01-4E-5-100-1-1.fa	XML-5	20	10760
XML-5/alignment_XML5-2500-0.01-4E-5-100-1-2.fa	XML-5	13	10769
XML-5/alignment_XML5-2500-0.01-4E-5-100-2-1.fa	XML-5	13	10751
XML-5/alignment_XML5-2500-0.01-4E-5-100-2-2.fa	XML-5	20	10775
XML-5/alignment_XML5-2500-0.01-4E-5-100-3-1.fa	XML-5	21	10775
XML-5/alignment_XML5-2500-0.01-4E-5-100-3-2.fa	XML-5	16	10754
XML-5/alignment_XML5-2500-0.01-4E-5-100-4-1.fa	XML-5	17	10778
XML-5/alignment_XML5-2500-0.01-4E-5-100-4-2.fa	XML-5	19	10757
XML-5/alignment_XML5-2500-0.01-4E-5-100-5-1.fa	XML-5	21	10796
XML-5/alignment_XML5-2500-0.01-4E-5-100-5-2.fa	XML-5	11	10751
XML-5/alignment_XML5-2500-0.01-4E-5-100-6-1.fa	XML-5	25	10772
XML-5/alignment_XML5-2500-0.01-4E-5-100-6-2.fa	XML-5	17	10787
XML-5/alignment_XML5-2500-0.01-4E-5-200-1-1.fa	XML-5	19	10799
XML-5/alignment_XML5-2500-0.01-4E-5-200-1-2.fa	XML-5	20	10811
XML-5/alignment_XML5-2500-0.01-4E-5-200-2-1.fa	XML-5	22	10823
XML-5/alignment_XML5-2500-0.01-4E-5-200-2-2.fa	XML-5	27	10796
XML-5/alignment_XML5-2500-0.01-4E-5-200-3-1.fa	XML-5	31	10838
XML-5/alignment_XML5-2500-0.01-4E-5-200-3-2.fa	XML-5	25	10763
XML-5/alignment_XML5-2500-0.01-4E-5-200-4-1.fa	XML-5	23	10811
XML-5/alignment_XML5-2500-0.01-4E-5-200-4-2.fa	XML-5	29	10808
XML-5/alignment_XML5-2500-0.01-4E-5-200-5-2.fa	XML-5	34	10808
XML-5/alignment_XML5-2500-0.01-4E-5-200-6-1.fa	XML-5	26	10793
XML-5/alignment_XML5-2500-0.01-4E-5-200-6-2.fa	XML-5	24	10787
XML-5/alignment_XML5-2500-0.01-4E-5-50-1-1.fa	XML-5	15	10772
XML-5/alignment_XML5-2500-0.01-4E-5-50-1-2.fa	XML-5	10	10757
XML-5/alignment_XML5-2500-0.01-4E-5-50-2-1.fa	XML-5	14	10760
XML-5/alignment_XML5-2500-0.01-4E-5-50-2-2.fa	XML-5	19	10793
XML-5/alignment_XML5-2500-0.01-4E-5-50-3-1.fa	XML-5	12	10760
XML-5/alignment_XML5-2500-0.01-4E-5-50-3-2.fa	XML-5	20	10784
XML-5/alignment_XML5-2500-0.01-4E-5-50-4-1.fa	XML-5	10	10754
XML-5/alignment_XML5-2500-0.01-4E-5-50-4-2.fa	XML-5	11	10745
XML-5/alignment_XML5-2500-0.01-4E-5-50-5-1.fa	XML-5	13	10784
XML-5/alignment_XML5-2500-0.01-4E-5-50-5-2.fa	XML-5	14	10757
XML-5/alignment_XML5-2500-0.01-4E-5-50-6-1.fa	XML-5	10	10769
XML-5/alignment_XML5-2500-0.01-4E-5-50-6-2.fa	XML-5	15	10763
XML-5/alignment_XML5-2500-0.01-8E-5-100-1-1.fa	XML-5	25	10766
XML-5/alignment_XML5-2500-0.01-8E-5-100-1-2.fa	XML-5	23	10775
XML-5/alignment_XML5-2500-0.01-8E-5-100-2-1.fa	XML-5	11	10781
XML-5/alignment_XML5-2500-0.01-8E-5-100-2-2.fa	XML-5	17	10784
XML-5/alignment_XML5-2500-0.01-8E-5-100-3-1.fa	XML-5	26	10778
XML-5/alignment_XML5-2500-0.01-8E-5-100-3-2.fa	XML-5	19	10781
XML-5/alignment_XML5-2500-0.01-8E-5-100-4-1.fa	XML-5	23	10754
XML-5/alignment_XML5-2500-0.01-8E-5-100-4-2.fa	XML-5	16	10775
XML-5/alignment_XML5-2500-0.01-8E-5-100-5-1.fa	XML-5	22	10790
XML-5/alignment_XML5-2500-0.01-8E-5-100-5-2.fa	XML-5	19	10748
XML-5/alignment_XML5-2500-0.01-8E-5-100-6-1.fa	XML-5	22	10784
XML-5/alignment_XML5-2500-0.01-8E-5-100-6-2.fa	XML-5	14	10772
XML-5/alignment_XML5-2500-0.01-8E-5-200-1-1.fa	XML-5	44	10793
XML-5/alignment_XML5-2500-0.01-8E-5-200-1-2.fa	XML-5	27	10784
XML-5/alignment_XML5-2500-0.01-8E-5-200-2-2.fa	XML-5	33	10793
XML-5/alignment_XML5-2500-0.01-8E-5-200-3-1.fa	XML-5	26	10787
XML-5/alignment_XML5-2500-0.01-8E-5-200-3-2.fa	XML-5	32	10790
XML-5/alignment_XML5-2500-0.01-8E-5-200-4-1.fa	XML-5	21	10781
XML-5/alignment_XML5-2500-0.01-8E-5-200-4-2.fa	XML-5	26	10808
XML-5/alignment_XML5-2500-0.01-8E-5-200-5-1.fa	XML-5	34	10772
XML-5/alignment_XML5-2500-0.01-8E-5-200-5-2.fa	XML-5	20	10778
XML-5/alignment_XML5-2500-0.01-8E-5-200-6-1.fa	XML-5	29	10766
XML-5/alignment_XML5-2500-0.01-8E-5-200-6-2.fa	XML-5	24	10793
XML-5/alignment_XML5-2500-0.01-8E-5-50-1-1.fa	XML-5	11	10745
XML-5/alignment_XML5-2500-0.01-8E-5-50-1-2.fa	XML-5	19	10760
XML-5/alignment_XML5-2500-0.01-8E-5-50-2-1.fa	XML-5	13	10626
XML-5/alignment_XML5-2500-0.01-8E-5-50-2-2.fa	XML-5	15	10760
XML-5/alignment_XML5-2500-0.01-8E-5-50-3-1.fa	XML-5	11	10751
XML-5/alignment_XML5-2500-0.01-8E-5-50-3-2.fa	XML-5	9	10739
XML-5/alignment_XML5-2500-0.01-8E-5-50-4-1.fa	XML-5	14	10317
XML-5/alignment_XML5-2500-0.01-8E-5-50-4-2.fa	XML-5	13	10742
XML-5/alignment_XML5-2500-0.01-8E-5-50-5-1.fa	XML-5	16	10739
XML-5/alignment_XML5-2500-0.01-8E-5-50-5-2.fa	XML-5	13	10772
XML-5/alignment_XML5-2500-0.01-8E-5-50-6-1.fa	XML-5	9	10763
XML-5/alignment_XML5-2500-0.01-8E-5-50-6-2.fa	XML-5	18	10784
XML-5/alignment_XML5-2500-0.02-12E-5-100-1-1.fa	XML-5	23	10775
XML-5/alignment_XML5-2500-0.02-12E-5-100-1-2.fa	XML-5	51	10793
XML-5/alignment_XML5-2500-0.02-12E-5-100-2-2.fa	XML-5	33	10781
XML-5/alignment_XML5-2500-0.02-12E-5-100-3-1.fa	XML-5	34	10763
XML-5/alignment_XML5-2500-0.02-12E-5-100-3-2.fa	XML-5	40	10781
XML-5/alignment_XML5-2500-0.02-12E-5-100-4-1.fa	XML-5	32	10772
XML-5/alignment_XML5-2500-0.02-12E-5-100-4-2.fa	XML-5	33	10769
XML-5/alignment_XML5-2500-0.02-12E-5-100-5-1.fa	XML-5	41	10781
XML-5/alignment_XML5-2500-0.02-12E-5-100-5-2.fa	XML-5	35	10781
XML-5/alignment_XML5-2500-0.02-12E-5-100-6-1.fa	XML-5	34	10784
XML-5/alignment_XML5-2500-0.02-12E-5-100-6-2.fa	XML-5	40	10787
XML-5/alignment_XML5-2500-0.02-12E-5-200-1-1.fa	XML-5	47	10829
XML-5/alignment_XML5-2500-0.02-12E-5-200-1-2.fa	XML-5	47	10799
XML-5/alignment_XML5-2500-0.02-12E-5-200-2-1.fa	XML-5	45	10793
XML-5/alignment_XML5-2500-0.02-12E-5-200-2-2.fa	XML-5	43	10775
XML-5/alignment_XML5-2500-0.02-12E-5-200-3-1.fa	XML-5	55	10826
XML-5/alignment_XML5-2500-0.02-12E-5-200-3-2.fa	XML-5	48	10838
XML-5/alignment_XML5-2500-0.02-12E-5-200-4-1.fa	XML-5	69	10778
XML-5/alignment_XML5-2500-0.02-12E-5-200-4-2.fa	XML-5	43	10808
XML-5/alignment_XML5-2500-0.02-12E-5-200-5-1.fa	XML-5	46	10793
XML-5/alignment_XML5-2500-0.02-12E-5-200-5-2.fa	XML-5	57	10841
XML-5/alignment_XML5-2500-0.02-12E-5-200-6-1.fa	XML-5	58	10844
XML-5/alignment_XML5-2500-0.02-12E-5-200-6-2.fa	XML-5	42	10769
XML-5/alignment_XML5-2500-0.02-12E-5-50-1-1.fa	XML-5	23	10736
XML-5/alignment_XML5-2500-0.02-12E-5-50-1-2.fa	XML-5	24	10781
XML-5/alignment_XML5-2500-0.02-12E-5-50-2-1.fa	XML-5	18	10763
XML-5/alignment_XML5-2500-0.02-12E-5-50-2-2.fa	XML-5	33	10781
XML-5/alignment_XML5-2500-0.02-12E-5-50-3-1.fa	XML-5	30	10757
XML-5/alignment_XML5-2500-0.02-12E-5-50-3-2.fa	XML-5	27	10757
XML-5/alignment_XML5-2500-0.02-12E-5-50-4-1.fa	XML-5	24	10772
XML-5/alignment_XML5-2500-0.02-12E-5-50-4-2.fa	XML-5	19	10745
XML-5/alignment_XML5-2500-0.02-12E-5-50-5-1.fa	XML-5	22	10769
XML-5/alignment_XML5-2500-0.02-12E-5-50-5-2.fa	XML-5	21	10784
XML-5/alignment_XML5-2500-0.02-12E-5-50-6-1.fa	XML-5	21	10742
XML-5/alignment_XML5-2500-0.02-12E-5-50-6-2.fa	XML-5	18	10769
XML-5/alignment_XML5-2500-0.02-4E-5-100-1-1.fa	XML-5	46	10796
XML-5/alignment_XML5-2500-0.02-4E-5-100-1-2.fa	XML-5	33	10784
XML-5/alignment_XML5-2500-0.02-4E-5-100-2-1.fa	XML-5	39	10811
XML-5/alignment_XML5-2500-0.02-4E-5-100-2-2.fa	XML-5	33	10793
XML-5/alignment_XML5-2500-0.02-4E-5-100-3-2.fa	XML-5	31	10772
XML-5/alignment_XML5-2500-0.02-4E-5-100-4-1.fa	XML-5	36	10769
XML-5/alignment_XML5-2500-0.02-4E-5-100-4-2.fa	XML-5	34	10772
XML-5/alignment_XML5-2500-0.02-4E-5-100-5-1.fa	XML-5	41	10775
XML-5/alignment_XML5-2500-0.02-4E-5-100-5-2.fa	XML-5	40	10757
XML-5/alignment_XML5-2500-0.02-4E-5-100-6-1.fa	XML-5	24	10796
XML-5/alignment_XML5-2500-0.02-4E-5-100-6-2.fa	XML-5	26	10805
XML-5/alignment_XML5-2500-0.02-4E-5-200-1-1.fa	XML-5	39	10784
XML-5/alignment_XML5-2500-0.02-4E-5-200-1-2.fa	XML-5	54	10835
XML-5/alignment_XML5-2500-0.02-4E-5-200-2-1.fa	XML-5	46	10823
XML-5/alignment_XML5-2500-0.02-4E-5-200-2-2.fa	XML-5	45	10826
XML-5/alignment_XML5-2500-0.02-4E-5-200-3-1.fa	XML-5	45	10805
XML-5/alignment_XML5-2500-0.02-4E-5-200-3-2.fa	XML-5	41	10826
XML-5/alignment_XML5-2500-0.02-4E-5-200-4-1.fa	XML-5	39	10802
XML-5/alignment_XML5-2500-0.02-4E-5-200-4-2.fa	XML-5	48	10769
XML-5/alignment_XML5-2500-0.02-4E-5-200-5-1.fa	XML-5	43	10796
XML-5/alignment_XML5-2500-0.02-4E-5-200-5-2.fa	XML-5	36	10814
XML-5/alignment_XML5-2500-0.02-4E-5-200-6-1.fa	XML-5	41	10805
XML-5/alignment_XML5-2500-0.02-4E-5-200-6-2.fa	XML-5	56	10805
XML-5/alignment_XML5-2500-0.02-4E-5-50-1-1.fa	XML-5	23	10751
XML-5/alignment_XML5-2500-0.02-4E-5-50-1-2.fa	XML-5	29	10769
XML-5/alignment_XML5-2500-0.02-4E-5-50-2-1.fa	XML-5	27	10775
XML-5/alignment_XML5-2500-0.02-4E-5-50-2-2.fa	XML-5	24	10763
XML-5/alignment_XML5-2500-0.02-4E-5-50-3-1.fa	XML-5	20	10754
XML-5/alignment_XML5-2500-0.02-4E-5-50-3-2.fa	XML-5	25	10757
XML-5/alignment_XML5-2500-0.02-4E-5-50-4-1.fa	XML-5	16	10769
XML-5/alignment_XML5-2500-0.02-4E-5-50-4-2.fa	XML-5	26	10763
XML-5/alignment_XML5-2500-0.02-4E-5-50-5-1.fa	XML-5	25	10769
XML-5/alignment_XML5-2500-0.02-4E-5-50-5-2.fa	XML-5	24	10751
XML-5/alignment_XML5-2500-0.02-4E-5-50-6-1.fa	XML-5	29	10766
XML-5/alignment_XML5-2500-0.02-4E-5-50-6-2.fa	XML-5	17	10775
XML-5/alignment_XML5-2500-0.02-8E-5-100-1-1.fa	XML-5	41	10790
XML-5/alignment_XML5-2500-0.02-8E-5-100-1-2.fa	XML-5	43	10793
XML-5/alignment_XML5-2500-0.02-8E-5-100-2-1.fa	XML-5	39	10781
XML-5/alignment_XML5-2500-0.02-8E-5-100-3-1.fa	XML-5	27	10781
XML-5/alignment_XML5-2500-0.02-8E-5-100-3-2.fa	XML-5	43	10793
XML-5/alignment_XML5-2500-0.02-8E-5-100-4-1.fa	XML-5	45	10778
XML-5/alignment_XML5-2500-0.02-8E-5-100-4-2.fa	XML-5	19	10769
XML-5/alignment_XML5-2500-0.02-8E-5-100-5-1.fa	XML-5	31	10778
XML-5/alignment_XML5-2500-0.02-8E-5-100-5-2.fa	XML-5	37	10817
XML-5/alignment_XML5-2500-0.02-8E-5-100-6-1.fa	XML-5	30	10811
XML-5/alignment_XML5-2500-0.02-8E-5-100-6-2.fa	XML-5	40	10793
XML-5/alignment_XML5-2500-0.02-8E-5-200-1-2.fa	XML-5	49	10832
XML-5/alignment_XML5-2500-0.02-8E-5-200-2-1.fa	XML-5	48	10766
XML-5/alignment_XML5-2500-0.02-8E-5-200-2-2.fa	XML-5	39	10805
XML-5/alignment_XML5-2500-0.02-8E-5-200-3-1.fa	XML-5	53	10796
XML-5/alignment_XML5-2500-0.02-8E-5-200-3-2.fa	XML-5	50	10841
XML-5/alignment_XML5-2500-0.02-8E-5-200-4-1.fa	XML-5	52	10772
XML-5/alignment_XML5-2500-0.02-8E-5-200-4-2.fa	XML-5	41	10808
XML-5/alignment_XML5-2500-0.02-8E-5-200-5-1.fa	XML-5	60	10805
XML-5/alignment_XML5-2500-0.02-8E-5-200-5-2.fa	XML-5	47	10811
XML-5/alignment_XML5-2500-0.02-8E-5-200-6-1.fa	XML-5	37	10793
XML-5/alignment_XML5-2500-0.02-8E-5-200-6-2.fa	XML-5	37	10781
XML-5/alignment_XML5-2500-0.02-8E-5-50-1-1.fa	XML-5	21	10781
XML-5/alignment_XML5-2500-0.02-8E-5-50-1-2.fa	XML-5	25	10766
XML-5/alignment_XML5-2500-0.02-8E-5-50-2-1.fa	XML-5	25	10760
XML-5/alignment_XML5-2500-0.02-8E-5-50-2-2.fa	XML-5	28	10763
XML-5/alignment_XML5-2500-0.02-8E-5-50-3-1.fa	XML-5	25	10751
XML-5/alignment_XML5-2500-0.02-8E-5-50-3-2.fa	XML-5	24	10778
XML-5/alignment_XML5-2500-0.02-8E-5-50-4-1.fa	XML-5	9	10745
XML-5/alignment_XML5-2500-0.02-8E-5-50-4-2.fa	XML-5	24	10769
XML-5/alignment_XML5-2500-0.02-8E-5-50-5-1.fa	XML-5	30	10778
XML-5/alignment_XML5-2500-0.02-8E-5-50-5-2.fa	XML-5	29	10763
XML-5/alignment_XML5-2500-0.02-8E-5-50-6-1.fa	XML-5	24	10781
XML-5/alignment_XML5-2500-0.02-8E-5-50-6-2.fa	XML-5	14	10757
XML-5/alignment_XML5-3250-0.005-12E-5-100-1-1.fa	XML-5	8	10787
XML-5/alignment_XML5-3250-0.005-12E-5-100-1-2.fa	XML-5	12	10757
XML-5/alignment_XML5-3250-0.005-12E-5-100-1-3.fa	XML-5	14	10284
XML-5/alignment_XML5-3250-0.005-12E-5-100-2-1.fa	XML-5	10	10766
XML-5/alignment_XML5-3250-0.005-12E-5-100-2-2.fa	XML-5	12	10787
XML-5/alignment_XML5-3250-0.005-12E-5-100-2-3.fa	XML-5	12	10784
XML-5/alignment_XML5-3250-0.005-12E-5-100-3-1.fa	XML-5	5	10769
XML-5/alignment_XML5-3250-0.005-12E-5-100-3-2.fa	XML-5	7	10751
XML-5/alignment_XML5-3250-0.005-12E-5-100-3-3.fa	XML-5	12	10784
XML-5/alignment_XML5-3250-0.005-12E-5-100-4-1.fa	XML-5	10	10763
XML-5/alignment_XML5-3250-0.005-12E-5-100-4-2.fa	XML-5	13	10786
XML-5/alignment_XML5-3250-0.005-12E-5-100-4-3.fa	XML-5	8	10775
XML-5/alignment_XML5-3250-0.005-12E-5-100-5-1.fa	XML-5	13	10772
XML-5/alignment_XML5-3250-0.005-12E-5-100-5-2.fa	XML-5	9	10760
XML-5/alignment_XML5-3250-0.005-12E-5-100-5-3.fa	XML-5	11	10760
XML-5/alignment_XML5-3250-0.005-12E-5-100-6-1.fa	XML-5	9	10790
XML-5/alignment_XML5-3250-0.005-12E-5-100-6-2.fa	XML-5	7	10781
XML-5/alignment_XML5-3250-0.005-12E-5-100-6-3.fa	XML-5	8	10793
XML-5/alignment_XML5-3250-0.005-12E-5-200-1-1.fa	XML-5	12	10811
XML-5/alignment_XML5-3250-0.005-12E-5-200-1-2.fa	XML-5	12	10778
XML-5/alignment_XML5-3250-0.005-12E-5-200-1-3.fa	XML-5	8	10781
XML-5/alignment_XML5-3250-0.005-12E-5-200-2-1.fa	XML-5	15	10811
XML-5/alignment_XML5-3250-0.005-12E-5-200-2-2.fa	XML-5	17	10790
XML-5/alignment_XML5-3250-0.005-12E-5-200-2-3.fa	XML-5	15	10814
XML-5/alignment_XML5-3250-0.005-12E-5-200-3-1.fa	XML-5	12	10784
XML-5/alignment_XML5-3250-0.005-12E-5-200-3-2.fa	XML-5	10	10775
XML-5/alignment_XML5-3250-0.005-12E-5-200-3-3.fa	XML-5	16	10841
XML-5/alignment_XML5-3250-0.005-12E-5-200-4-1.fa	XML-5	14	10820
XML-5/alignment_XML5-3250-0.005-12E-5-200-4-2.fa	XML-5	21	10796
XML-5/alignment_XML5-3250-0.005-12E-5-200-4-3.fa	XML-5	16	10781
XML-5/alignment_XML5-3250-0.005-12E-5-200-5-1.fa	XML-5	9	10829
XML-5/alignment_XML5-3250-0.005-12E-5-200-5-2.fa	XML-5	15	10766
XML-5/alignment_XML5-3250-0.005-12E-5-200-5-3.fa	XML-5	22	10781
XML-5/alignment_XML5-3250-0.005-12E-5-200-6-1.fa	XML-5	17	10838
XML-5/alignment_XML5-3250-0.005-12E-5-200-6-2.fa	XML-5	9	10781
XML-5/alignment_XML5-3250-0.005-12E-5-200-6-3.fa	XML-5	8	10772
XML-5/alignment_XML5-3250-0.005-12E-5-50-1-1.fa	XML-5	8	10763
XML-5/alignment_XML5-3250-0.005-12E-5-50-1-2.fa	XML-5	7	10757
XML-5/alignment_XML5-3250-0.005-12E-5-50-1-3.fa	XML-5	7	10754
XML-5/alignment_XML5-3250-0.005-12E-5-50-2-1.fa	XML-5	7	10748
XML-5/alignment_XML5-3250-0.005-12E-5-50-2-2.fa	XML-5	5	10763
XML-5/alignment_XML5-3250-0.005-12E-5-50-2-3.fa	XML-5	10	10748
XML-5/alignment_XML5-3250-0.005-12E-5-50-3-1.fa	XML-5	6	10763
XML-5/alignment_XML5-3250-0.005-12E-5-50-3-2.fa	XML-5	7	10314
XML-5/alignment_XML5-3250-0.005-12E-5-50-3-3.fa	XML-5	6	10659
XML-5/alignment_XML5-3250-0.005-12E-5-50-4-1.fa	XML-5	8	10763
XML-5/alignment_XML5-3250-0.005-12E-5-50-4-2.fa	XML-5	7	10766
XML-5/alignment_XML5-3250-0.005-12E-5-50-4-3.fa	XML-5	8	10754
XML-5/alignment_XML5-3250-0.005-12E-5-50-5-1.fa	XML-5	7	10680
XML-5/alignment_XML5-3250-0.005-12E-5-50-5-2.fa	XML-5	11	10781
XML-5/alignment_XML5-3250-0.005-12E-5-50-5-3.fa	XML-5	3	10766
XML-5/alignment_XML5-3250-0.005-12E-5-50-6-1.fa	XML-5	3	10146
XML-5/alignment_XML5-3250-0.005-12E-5-50-6-3.fa	XML-5	12	10784
XML-5/alignment_XML5-3250-0.005-4E-5-100-1-1.fa	XML-5	11	10778
XML-5/alignment_XML5-3250-0.005-4E-5-100-1-2.fa	XML-5	7	10769
XML-5/alignment_XML5-3250-0.005-4E-5-100-1-3.fa	XML-5	16	10772
XML-5/alignment_XML5-3250-0.005-4E-5-100-2-1.fa	XML-5	10	10757
XML-5/alignment_XML5-3250-0.005-4E-5-100-2-2.fa	XML-5	13	10784
XML-5/alignment_XML5-3250-0.005-4E-5-100-2-3.fa	XML-5	8	10787
XML-5/alignment_XML5-3250-0.005-4E-5-100-3-1.fa	XML-5	6	10760
XML-5/alignment_XML5-3250-0.005-4E-5-100-3-2.fa	XML-5	7	10754
XML-5/alignment_XML5-3250-0.005-4E-5-100-3-3.fa	XML-5	8	10763
XML-5/alignment_XML5-3250-0.005-4E-5-100-4-1.fa	XML-5	7	10769
XML-5/alignment_XML5-3250-0.005-4E-5-100-4-2.fa	XML-5	11	10775
XML-5/alignment_XML5-3250-0.005-4E-5-100-4-3.fa	XML-5	8	10748
XML-5/alignment_XML5-3250-0.005-4E-5-100-5-1.fa	XML-5	15	10769
XML-5/alignment_XML5-3250-0.005-4E-5-100-5-2.fa	XML-5	13	10784
XML-5/alignment_XML5-3250-0.005-4E-5-100-5-3.fa	XML-5	8	10748
XML-5/alignment_XML5-3250-0.005-4E-5-100-6-1.fa	XML-5	6	10778
XML-5/alignment_XML5-3250-0.005-4E-5-100-6-2.fa	XML-5	10	10778
XML-5/alignment_XML5-3250-0.005-4E-5-100-6-3.fa	XML-5	13	10805
XML-5/alignment_XML5-3250-0.005-4E-5-200-1-1.fa	XML-5	7	10787
XML-5/alignment_XML5-3250-0.005-4E-5-200-1-2.fa	XML-5	13	10793
XML-5/alignment_XML5-3250-0.005-4E-5-200-2-1.fa	XML-5	12	10832
XML-5/alignment_XML5-3250-0.005-4E-5-200-2-2.fa	XML-5	17	10823
XML-5/alignment_XML5-3250-0.005-4E-5-200-2-3.fa	XML-5	13	10787
XML-5/alignment_XML5-3250-0.005-4E-5-200-3-1.fa	XML-5	11	10781
XML-5/alignment_XML5-3250-0.005-4E-5-200-3-2.fa	XML-5	14	10781
XML-5/alignment_XML5-3250-0.005-4E-5-200-3-3.fa	XML-5	12	10796
XML-5/alignment_XML5-3250-0.005-4E-5-200-4-1.fa	XML-5	16	10772
XML-5/alignment_XML5-3250-0.005-4E-5-200-4-2.fa	XML-5	10	10760
XML-5/alignment_XML5-3250-0.005-4E-5-200-4-3.fa	XML-5	15	10796
XML-5/alignment_XML5-3250-0.005-4E-5-200-5-1.fa	XML-5	17	10787
XML-5/alignment_XML5-3250-0.005-4E-5-200-5-2.fa	XML-5	20	10808
XML-5/alignment_XML5-3250-0.005-4E-5-200-5-3.fa	XML-5	7	10781
XML-5/alignment_XML5-3250-0.005-4E-5-200-6-1.fa	XML-5	13	10814
XML-5/alignment_XML5-3250-0.005-4E-5-200-6-2.fa	XML-5	16	10820
XML-5/alignment_XML5-3250-0.005-4E-5-200-6-3.fa	XML-5	22	10802
XML-5/alignment_XML5-3250-0.005-4E-5-50-1-1.fa	XML-5	9	10799
XML-5/alignment_XML5-3250-0.005-4E-5-50-1-2.fa	XML-5	5	10617
XML-5/alignment_XML5-3250-0.005-4E-5-50-1-3.fa	XML-5	10	10757
XML-5/alignment_XML5-3250-0.005-4E-5-50-2-1.fa	XML-5	11	10754
XML-5/alignment_XML5-3250-0.005-4E-5-50-2-2.fa	XML-5	6	10772
XML-5/alignment_XML5-3250-0.005-4E-5-50-2-3.fa	XML-5	6	10763
XML-5/alignment_XML5-3250-0.005-4E-5-50-3-1.fa	XML-5	6	10769
XML-5/alignment_XML5-3250-0.005-4E-5-50-3-2.fa	XML-5	6	10754
XML-5/alignment_XML5-3250-0.005-4E-5-50-3-3.fa	XML-5	3	10739
XML-5/alignment_XML5-3250-0.005-4E-5-50-4-1.fa	XML-5	6	10754
XML-5/alignment_XML5-3250-0.005-4E-5-50-4-2.fa	XML-5	6	10754
XML-5/alignment_XML5-3250-0.005-4E-5-50-4-3.fa	XML-5	7	10775
XML-5/alignment_XML5-3250-0.005-4E-5-50-5-1.fa	XML-5	12	10772
XML-5/alignment_XML5-3250-0.005-4E-5-50-5-2.fa	XML-5	10	10748
XML-5/alignment_XML5-3250-0.005-4E-5-50-5-3.fa	XML-5	10	9693
XML-5/alignment_XML5-3250-0.005-4E-5-50-6-1.fa	XML-5	5	10757
XML-5/alignment_XML5-3250-0.005-4E-5-50-6-2.fa	XML-5	10	9879
XML-5/alignment_XML5-3250-0.005-4E-5-50-6-3.fa	XML-5	9	10757
XML-5/alignment_XML5-3250-0.005-8E-5-100-1-1.fa	XML-5	15	10748
XML-5/alignment_XML5-3250-0.005-8E-5-100-1-2.fa	XML-5	5	10793
XML-5/alignment_XML5-3250-0.005-8E-5-100-1-3.fa	XML-5	10	10778
XML-5/alignment_XML5-3250-0.005-8E-5-100-2-1.fa	XML-5	6	10754
XML-5/alignment_XML5-3250-0.005-8E-5-100-2-2.fa	XML-5	16	10775
XML-5/alignment_XML5-3250-0.005-8E-5-100-2-3.fa	XML-5	12	10781
XML-5/alignment_XML5-3250-0.005-8E-5-100-3-1.fa	XML-5	13	10748
XML-5/alignment_XML5-3250-0.005-8E-5-100-3-2.fa	XML-5	25	10790
XML-5/alignment_XML5-3250-0.005-8E-5-100-3-3.fa	XML-5	15	10766
XML-5/alignment_XML5-3250-0.005-8E-5-100-4-1.fa	XML-5	11	10751
XML-5/alignment_XML5-3250-0.005-8E-5-100-4-2.fa	XML-5	13	10775
XML-5/alignment_XML5-3250-0.005-8E-5-100-4-3.fa	XML-5	10	10787
XML-5/alignment_XML5-3250-0.005-8E-5-100-5-1.fa	XML-5	11	10757
XML-5/alignment_XML5-3250-0.005-8E-5-100-5-2.fa	XML-5	8	10775
XML-5/alignment_XML5-3250-0.005-8E-5-100-5-3.fa	XML-5	13	10754
XML-5/alignment_XML5-3250-0.005-8E-5-100-6-1.fa	XML-5	10	10760
XML-5/alignment_XML5-3250-0.005-8E-5-100-6-2.fa	XML-5	12	10775
XML-5/alignment_XML5-3250-0.005-8E-5-100-6-3.fa	XML-5	10	10772
XML-5/alignment_XML5-3250-0.005-8E-5-200-1-1.fa	XML-5	11	10799
XML-5/alignment_XML5-3250-0.005-8E-5-200-1-2.fa	XML-5	10	10787
XML-5/alignment_XML5-3250-0.005-8E-5-200-1-3.fa	XML-5	12	10781
XML-5/alignment_XML5-3250-0.005-8E-5-200-2-1.fa	XML-5	12	10796
XML-5/alignment_XML5-3250-0.005-8E-5-200-2-2.fa	XML-5	13	10790
XML-5/alignment_XML5-3250-0.005-8E-5-200-2-3.fa	XML-5	14	10766
XML-5/alignment_XML5-3250-0.005-8E-5-200-3-1.fa	XML-5	10	10566
XML-5/alignment_XML5-3250-0.005-8E-5-200-3-2.fa	XML-5	23	10766
XML-5/alignment_XML5-3250-0.005-8E-5-200-3-3.fa	XML-5	12	10808
XML-5/alignment_XML5-3250-0.005-8E-5-200-4-1.fa	XML-5	9	10772
XML-5/alignment_XML5-3250-0.005-8E-5-200-4-2.fa	XML-5	20	10778
XML-5/alignment_XML5-3250-0.005-8E-5-200-4-3.fa	XML-5	17	10772
XML-5/alignment_XML5-3250-0.005-8E-5-200-5-1.fa	XML-5	19	10802
XML-5/alignment_XML5-3250-0.005-8E-5-200-5-2.fa	XML-5	21	10790
XML-5/alignment_XML5-3250-0.005-8E-5-200-5-3.fa	XML-5	15	10754
XML-5/alignment_XML5-3250-0.005-8E-5-200-6-1.fa	XML-5	19	10778
XML-5/alignment_XML5-3250-0.005-8E-5-200-6-2.fa	XML-5	11	10778
XML-5/alignment_XML5-3250-0.005-8E-5-200-6-3.fa	XML-5	9	10793
XML-5/alignment_XML5-3250-0.005-8E-5-50-1-1.fa	XML-5	2	10763
XML-5/alignment_XML5-3250-0.005-8E-5-50-1-2.fa	XML-5	4	10772
XML-5/alignment_XML5-3250-0.005-8E-5-50-1-3.fa	XML-5	9	10769
XML-5/alignment_XML5-3250-0.005-8E-5-50-2-1.fa	XML-5	11	10763
XML-5/alignment_XML5-3250-0.005-8E-5-50-2-2.fa	XML-5	10	10760
XML-5/alignment_XML5-3250-0.005-8E-5-50-2-3.fa	XML-5	3	10751
XML-5/alignment_XML5-3250-0.005-8E-5-50-3-1.fa	XML-5	6	10742
XML-5/alignment_XML5-3250-0.005-8E-5-50-3-2.fa	XML-5	6	10766
XML-5/alignment_XML5-3250-0.005-8E-5-50-3-3.fa	XML-5	9	10757
XML-5/alignment_XML5-3250-0.005-8E-5-50-4-1.fa	XML-5	7	10757
XML-5/alignment_XML5-3250-0.005-8E-5-50-4-2.fa	XML-5	4	10745
XML-5/alignment_XML5-3250-0.005-8E-5-50-4-3.fa	XML-5	7	10760
XML-5/alignment_XML5-3250-0.005-8E-5-50-5-1.fa	XML-5	11	10754
XML-5/alignment_XML5-3250-0.005-8E-5-50-5-2.fa	XML-5	12	10754
XML-5/alignment_XML5-3250-0.005-8E-5-50-5-3.fa	XML-5	5	10742
XML-5/alignment_XML5-3250-0.005-8E-5-50-6-1.fa	XML-5	9	10757
XML-5/alignment_XML5-3250-0.005-8E-5-50-6-2.fa	XML-5	7	10769
XML-5/alignment_XML5-3250-0.005-8E-5-50-6-3.fa	XML-5	10	10775
XML-5/alignment_XML5-3250-0.01-12E-5-100-1-1.fa	XML-5	19	10784
XML-5/alignment_XML5-3250-0.01-12E-5-100-1-2.fa	XML-5	21	10781
XML-5/alignment_XML5-3250-0.01-12E-5-100-1-3.fa	XML-5	25	10763
XML-5/alignment_XML5-3250-0.01-12E-5-100-2-1.fa	XML-5	18	10781
XML-5/alignment_XML5-3250-0.01-12E-5-100-2-2.fa	XML-5	23	10769
XML-5/alignment_XML5-3250-0.01-12E-5-100-2-3.fa	XML-5	11	10778
XML-5/alignment_XML5-3250-0.01-12E-5-100-3-1.fa	XML-5	21	10760
XML-5/alignment_XML5-3250-0.01-12E-5-100-3-2.fa	XML-5	19	10781
XML-5/alignment_XML5-3250-0.01-12E-5-100-3-3.fa	XML-5	16	10802
XML-5/alignment_XML5-3250-0.01-12E-5-100-4-1.fa	XML-5	18	10775
XML-5/alignment_XML5-3250-0.01-12E-5-100-4-2.fa	XML-5	25	10763
XML-5/alignment_XML5-3250-0.01-12E-5-100-4-3.fa	XML-5	11	10793
XML-5/alignment_XML5-3250-0.01-12E-5-100-5-1.fa	XML-5	25	10790
XML-5/alignment_XML5-3250-0.01-12E-5-100-5-2.fa	XML-5	25	10787
XML-5/alignment_XML5-3250-0.01-12E-5-100-5-3.fa	XML-5	23	10814
XML-5/alignment_XML5-3250-0.01-12E-5-100-6-2.fa	XML-5	17	10799
XML-5/alignment_XML5-3250-0.01-12E-5-100-6-3.fa	XML-5	20	10814
XML-5/alignment_XML5-3250-0.01-12E-5-200-1-1.fa	XML-5	31	10790
XML-5/alignment_XML5-3250-0.01-12E-5-200-1-2.fa	XML-5	38	10793
XML-5/alignment_XML5-3250-0.01-12E-5-200-1-3.fa	XML-5	25	10781
XML-5/alignment_XML5-3250-0.01-12E-5-200-2-1.fa	XML-5	23	10793
XML-5/alignment_XML5-3250-0.01-12E-5-200-2-2.fa	XML-5	22	10832
XML-5/alignment_XML5-3250-0.01-12E-5-200-2-3.fa	XML-5	34	10796
XML-5/alignment_XML5-3250-0.01-12E-5-200-3-1.fa	XML-5	26	10823
XML-5/alignment_XML5-3250-0.01-12E-5-200-3-2.fa	XML-5	26	10789
XML-5/alignment_XML5-3250-0.01-12E-5-200-3-3.fa	XML-5	19	10790
XML-5/alignment_XML5-3250-0.01-12E-5-200-4-1.fa	XML-5	20	10808
XML-5/alignment_XML5-3250-0.01-12E-5-200-4-2.fa	XML-5	30	10778
XML-5/alignment_XML5-3250-0.01-12E-5-200-4-3.fa	XML-5	37	10814
XML-5/alignment_XML5-3250-0.01-12E-5-200-5-1.fa	XML-5	32	10802
XML-5/alignment_XML5-3250-0.01-12E-5-200-5-2.fa	XML-5	29	10805
XML-5/alignment_XML5-3250-0.01-12E-5-200-5-3.fa	XML-5	23	10766
XML-5/alignment_XML5-3250-0.01-12E-5-200-6-1.fa	XML-5	46	10793
XML-5/alignment_XML5-3250-0.01-12E-5-200-6-2.fa	XML-5	49	10793
XML-5/alignment_XML5-3250-0.01-12E-5-200-6-3.fa	XML-5	35	10778
XML-5/alignment_XML5-3250-0.01-12E-5-50-1-1.fa	XML-5	16	10772
XML-5/alignment_XML5-3250-0.01-12E-5-50-1-2.fa	XML-5	15	10760
XML-5/alignment_XML5-3250-0.01-12E-5-50-1-3.fa	XML-5	12	10778
XML-5/alignment_XML5-3250-0.01-12E-5-50-2-1.fa	XML-5	16	10763
XML-5/alignment_XML5-3250-0.01-12E-5-50-2-2.fa	XML-5	25	10751
XML-5/alignment_XML5-3250-0.01-12E-5-50-2-3.fa	XML-5	26	10766
XML-5/alignment_XML5-3250-0.01-12E-5-50-3-1.fa	XML-5	22	10760
XML-5/alignment_XML5-3250-0.01-12E-5-50-3-2.fa	XML-5	17	10760
XML-5/alignment_XML5-3250-0.01-12E-5-50-3-3.fa	XML-5	14	10757
XML-5/alignment_XML5-3250-0.01-12E-5-50-4-1.fa	XML-5	15	10754
XML-5/alignment_XML5-3250-0.01-12E-5-50-4-2.fa	XML-5	9	10742
XML-5/alignment_XML5-3250-0.01-12E-5-50-4-3.fa	XML-5	13	10787
XML-5/alignment_XML5-3250-0.01-12E-5-50-5-1.fa	XML-5	20	10745
XML-5/alignment_XML5-3250-0.01-12E-5-50-5-2.fa	XML-5	20	10757
XML-5/alignment_XML5-3250-0.01-12E-5-50-5-3.fa	XML-5	22	10757
XML-5/alignment_XML5-3250-0.01-12E-5-50-6-1.fa	XML-5	19	10754
XML-5/alignment_XML5-3250-0.01-12E-5-50-6-2.fa	XML-5	13	10769
XML-5/alignment_XML5-3250-0.01-12E-5-50-6-3.fa	XML-5	15	10742
XML-5/alignment_XML5-3250-0.01-4E-5-100-1-1.fa	XML-5	22	10772
XML-5/alignment_XML5-3250-0.01-4E-5-100-1-2.fa	XML-5	22	10751
XML-5/alignment_XML5-3250-0.01-4E-5-100-1-3.fa	XML-5	28	10763
XML-5/alignment_XML5-3250-0.01-4E-5-100-2-1.fa	XML-5	15	10772
XML-5/alignment_XML5-3250-0.01-4E-5-100-2-2.fa	XML-5	17	10778
XML-5/alignment_XML5-3250-0.01-4E-5-100-2-3.fa	XML-5	17	10799
XML-5/alignment_XML5-3250-0.01-4E-5-100-3-1.fa	XML-5	15	10772
XML-5/alignment_XML5-3250-0.01-4E-5-100-3-2.fa	XML-5	23	10775
XML-5/alignment_XML5-3250-0.01-4E-5-100-3-3.fa	XML-5	17	10757
XML-5/alignment_XML5-3250-0.01-4E-5-100-4-1.fa	XML-5	19	10772
XML-5/alignment_XML5-3250-0.01-4E-5-100-4-2.fa	XML-5	15	10763
XML-5/alignment_XML5-3250-0.01-4E-5-100-4-3.fa	XML-5	15	10766
XML-5/alignment_XML5-3250-0.01-4E-5-100-5-1.fa	XML-5	25	10793
XML-5/alignment_XML5-3250-0.01-4E-5-100-5-2.fa	XML-5	17	10787
XML-5/alignment_XML5-3250-0.01-4E-5-100-5-3.fa	XML-5	22	10763
XML-5/alignment_XML5-3250-0.01-4E-5-100-6-1.fa	XML-5	14	10751
XML-5/alignment_XML5-3250-0.01-4E-5-100-6-2.fa	XML-5	24	10760
XML-5/alignment_XML5-3250-0.01-4E-5-100-6-3.fa	XML-5	14	10530
XML-5/alignment_XML5-3250-0.01-4E-5-200-1-1.fa	XML-5	34	10781
XML-5/alignment_XML5-3250-0.01-4E-5-200-1-2.fa	XML-5	36	10790
XML-5/alignment_XML5-3250-0.01-4E-5-200-1-3.fa	XML-5	21	10838
XML-5/alignment_XML5-3250-0.01-4E-5-200-2-1.fa	XML-5	41	10775
XML-5/alignment_XML5-3250-0.01-4E-5-200-2-2.fa	XML-5	35	10802
XML-5/alignment_XML5-3250-0.01-4E-5-200-2-3.fa	XML-5	22	10811
XML-5/alignment_XML5-3250-0.01-4E-5-200-3-1.fa	XML-5	33	10802
XML-5/alignment_XML5-3250-0.01-4E-5-200-3-2.fa	XML-5	22	10784
XML-5/alignment_XML5-3250-0.01-4E-5-200-3-3.fa	XML-5	31	10802
XML-5/alignment_XML5-3250-0.01-4E-5-200-4-1.fa	XML-5	19	10763
XML-5/alignment_XML5-3250-0.01-4E-5-200-4-2.fa	XML-5	24	10796
XML-5/alignment_XML5-3250-0.01-4E-5-200-4-3.fa	XML-5	19	10793
XML-5/alignment_XML5-3250-0.01-4E-5-200-5-1.fa	XML-5	29	10817
XML-5/alignment_XML5-3250-0.01-4E-5-200-5-2.fa	XML-5	25	10775
XML-5/alignment_XML5-3250-0.01-4E-5-200-5-3.fa	XML-5	26	10775
XML-5/alignment_XML5-3250-0.01-4E-5-200-6-1.fa	XML-5	25	10835
XML-5/alignment_XML5-3250-0.01-4E-5-200-6-2.fa	XML-5	31	10784
XML-5/alignment_XML5-3250-0.01-4E-5-200-6-3.fa	XML-5	34	10802
XML-5/alignment_XML5-3250-0.01-4E-5-50-1-1.fa	XML-5	16	10763
XML-5/alignment_XML5-3250-0.01-4E-5-50-1-2.fa	XML-5	13	10766
XML-5/alignment_XML5-3250-0.01-4E-5-50-1-3.fa	XML-5	21	10760
XML-5/alignment_XML5-3250-0.01-4E-5-50-2-1.fa	XML-5	18	10772
XML-5/alignment_XML5-3250-0.01-4E-5-50-2-2.fa	XML-5	17	10781
XML-5/alignment_XML5-3250-0.01-4E-5-50-2-3.fa	XML-5	8	10769
XML-5/alignment_XML5-3250-0.01-4E-5-50-3-1.fa	XML-5	13	10751
XML-5/alignment_XML5-3250-0.01-4E-5-50-3-2.fa	XML-5	17	10769
XML-5/alignment_XML5-3250-0.01-4E-5-50-3-3.fa	XML-5	12	10739
XML-5/alignment_XML5-3250-0.01-4E-5-50-4-1.fa	XML-5	15	10775
XML-5/alignment_XML5-3250-0.01-4E-5-50-4-2.fa	XML-5	12	10745
XML-5/alignment_XML5-3250-0.01-4E-5-50-4-3.fa	XML-5	18	10772
XML-5/alignment_XML5-3250-0.01-4E-5-50-5-1.fa	XML-5	21	10772
XML-5/alignment_XML5-3250-0.01-4E-5-50-5-2.fa	XML-5	8	10751
XML-5/alignment_XML5-3250-0.01-4E-5-50-5-3.fa	XML-5	20	10751
XML-5/alignment_XML5-3250-0.01-4E-5-50-6-1.fa	XML-5	15	10766
XML-5/alignment_XML5-3250-0.01-4E-5-50-6-2.fa	XML-5	25	10757
XML-5/alignment_XML5-3250-0.01-4E-5-50-6-3.fa	XML-5	12	10775
XML-5/alignment_XML5-3250-0.01-8E-5-100-1-1.fa	XML-5	15	10772
XML-5/alignment_XML5-3250-0.01-8E-5-100-1-2.fa	XML-5	22	10799
XML-5/alignment_XML5-3250-0.01-8E-5-100-1-3.fa	XML-5	17	10763
XML-5/alignment_XML5-3250-0.01-8E-5-100-2-1.fa	XML-5	22	10662
XML-5/alignment_XML5-3250-0.01-8E-5-100-2-2.fa	XML-5	15	10814
XML-5/alignment_XML5-3250-0.01-8E-5-100-2-3.fa	XML-5	19	10778
XML-5/alignment_XML5-3250-0.01-8E-5-100-3-1.fa	XML-5	25	10775
XML-5/alignment_XML5-3250-0.01-8E-5-100-3-2.fa	XML-5	19	10805
XML-5/alignment_XML5-3250-0.01-8E-5-100-3-3.fa	XML-5	18	10769
XML-5/alignment_XML5-3250-0.01-8E-5-100-4-1.fa	XML-5	19	10784
XML-5/alignment_XML5-3250-0.01-8E-5-100-4-2.fa	XML-5	19	10805
XML-5/alignment_XML5-3250-0.01-8E-5-100-4-3.fa	XML-5	25	10772
XML-5/alignment_XML5-3250-0.01-8E-5-100-5-1.fa	XML-5	25	10769
XML-5/alignment_XML5-3250-0.01-8E-5-100-5-2.fa	XML-5	18	10787
XML-5/alignment_XML5-3250-0.01-8E-5-100-5-3.fa	XML-5	28	10793
XML-5/alignment_XML5-3250-0.01-8E-5-100-6-1.fa	XML-5	22	10769
XML-5/alignment_XML5-3250-0.01-8E-5-100-6-2.fa	XML-5	23	10811
XML-5/alignment_XML5-3250-0.01-8E-5-100-6-3.fa	XML-5	20	10784
XML-5/alignment_XML5-3250-0.01-8E-5-200-1-1.fa	XML-5	30	10781
XML-5/alignment_XML5-3250-0.01-8E-5-200-1-2.fa	XML-5	15	10778
XML-5/alignment_XML5-3250-0.01-8E-5-200-1-3.fa	XML-5	37	10817
XML-5/alignment_XML5-3250-0.01-8E-5-200-2-1.fa	XML-5	19	10817
XML-5/alignment_XML5-3250-0.01-8E-5-200-2-2.fa	XML-5	29	10826
XML-5/alignment_XML5-3250-0.01-8E-5-200-2-3.fa	XML-5	30	10802
XML-5/alignment_XML5-3250-0.01-8E-5-200-3-1.fa	XML-5	21	10805
XML-5/alignment_XML5-3250-0.01-8E-5-200-3-2.fa	XML-5	22	10805
XML-5/alignment_XML5-3250-0.01-8E-5-200-3-3.fa	XML-5	24	10811
XML-5/alignment_XML5-3250-0.01-8E-5-200-4-1.fa	XML-5	38	10805
XML-5/alignment_XML5-3250-0.01-8E-5-200-4-2.fa	XML-5	23	10832
XML-5/alignment_XML5-3250-0.01-8E-5-200-4-3.fa	XML-5	43	10787
XML-5/alignment_XML5-3250-0.01-8E-5-200-5-1.fa	XML-5	22	10772
XML-5/alignment_XML5-3250-0.01-8E-5-200-5-2.fa	XML-5	11	10796
XML-5/alignment_XML5-3250-0.01-8E-5-200-5-3.fa	XML-5	37	10754
XML-5/alignment_XML5-3250-0.01-8E-5-200-6-1.fa	XML-5	15	10805
XML-5/alignment_XML5-3250-0.01-8E-5-200-6-2.fa	XML-5	27	10769
XML-5/alignment_XML5-3250-0.01-8E-5-200-6-3.fa	XML-5	23	10823
XML-5/alignment_XML5-3250-0.01-8E-5-50-1-1.fa	XML-5	12	10751
XML-5/alignment_XML5-3250-0.01-8E-5-50-1-2.fa	XML-5	10	10754
XML-5/alignment_XML5-3250-0.01-8E-5-50-1-3.fa	XML-5	12	10745
XML-5/alignment_XML5-3250-0.01-8E-5-50-2-1.fa	XML-5	10	10787
XML-5/alignment_XML5-3250-0.01-8E-5-50-2-2.fa	XML-5	15	10763
XML-5/alignment_XML5-3250-0.01-8E-5-50-2-3.fa	XML-5	13	10742
XML-5/alignment_XML5-3250-0.01-8E-5-50-3-1.fa	XML-5	13	10748
XML-5/alignment_XML5-3250-0.01-8E-5-50-3-2.fa	XML-5	17	10757
XML-5/alignment_XML5-3250-0.01-8E-5-50-3-3.fa	XML-5	16	10769
XML-5/alignment_XML5-3250-0.01-8E-5-50-4-1.fa	XML-5	22	10769
XML-5/alignment_XML5-3250-0.01-8E-5-50-4-2.fa	XML-5	23	10775
XML-5/alignment_XML5-3250-0.01-8E-5-50-4-3.fa	XML-5	15	10763
XML-5/alignment_XML5-3250-0.01-8E-5-50-5-1.fa	XML-5	12	10754
XML-5/alignment_XML5-3250-0.01-8E-5-50-5-2.fa	XML-5	15	10745
XML-5/alignment_XML5-3250-0.01-8E-5-50-5-3.fa	XML-5	14	10769
XML-5/alignment_XML5-3250-0.01-8E-5-50-6-1.fa	XML-5	25	10787
XML-5/alignment_XML5-3250-0.01-8E-5-50-6-2.fa	XML-5	19	10760
XML-5/alignment_XML5-3250-0.01-8E-5-50-6-3.fa	XML-5	15	10760
XML-5/alignment_XML5-3250-0.02-12E-5-100-1-1.fa	XML-5	48	10790
XML-5/alignment_XML5-3250-0.02-12E-5-100-1-2.fa	XML-5	44	10799
XML-5/alignment_XML5-3250-0.02-12E-5-100-1-3.fa	XML-5	42	10757
XML-5/alignment_XML5-3250-0.02-12E-5-100-2-1.fa	XML-5	27	10763
XML-5/alignment_XML5-3250-0.02-12E-5-100-2-2.fa	XML-5	50	10790
XML-5/alignment_XML5-3250-0.02-12E-5-100-2-3.fa	XML-5	41	10757
XML-5/alignment_XML5-3250-0.02-12E-5-100-3-1.fa	XML-5	31	10772
XML-5/alignment_XML5-3250-0.02-12E-5-100-3-2.fa	XML-5	26	10784
XML-5/alignment_XML5-3250-0.02-12E-5-100-3-3.fa	XML-5	47	10763
XML-5/alignment_XML5-3250-0.02-12E-5-100-4-1.fa	XML-5	19	10793
XML-5/alignment_XML5-3250-0.02-12E-5-100-4-3.fa	XML-5	50	10796
XML-5/alignment_XML5-3250-0.02-12E-5-100-5-2.fa	XML-5	37	10814
XML-5/alignment_XML5-3250-0.02-12E-5-100-5-3.fa	XML-5	38	10772
XML-5/alignment_XML5-3250-0.02-12E-5-100-6-1.fa	XML-5	46	10787
XML-5/alignment_XML5-3250-0.02-12E-5-100-6-2.fa	XML-5	38	10787
XML-5/alignment_XML5-3250-0.02-12E-5-100-6-3.fa	XML-5	53	10772
XML-5/alignment_XML5-3250-0.02-12E-5-200-1-1.fa	XML-5	64	10793
XML-5/alignment_XML5-3250-0.02-12E-5-200-1-2.fa	XML-5	55	10839
XML-5/alignment_XML5-3250-0.02-12E-5-200-1-3.fa	XML-5	60	10805
XML-5/alignment_XML5-3250-0.02-12E-5-200-2-1.fa	XML-5	45	10781
XML-5/alignment_XML5-3250-0.02-12E-5-200-2-2.fa	XML-5	54	10841
XML-5/alignment_XML5-3250-0.02-12E-5-200-2-3.fa	XML-5	54	10790
XML-5/alignment_XML5-3250-0.02-12E-5-200-3-1.fa	XML-5	57	10841
XML-5/alignment_XML5-3250-0.02-12E-5-200-3-2.fa	XML-5	41	10778
XML-5/alignment_XML5-3250-0.02-12E-5-200-3-3.fa	XML-5	36	10796
XML-5/alignment_XML5-3250-0.02-12E-5-200-4-1.fa	XML-5	51	10802
XML-5/alignment_XML5-3250-0.02-12E-5-200-4-3.fa	XML-5	37	10874
XML-5/alignment_XML5-3250-0.02-12E-5-200-5-1.fa	XML-5	56	10805
XML-5/alignment_XML5-3250-0.02-12E-5-200-5-2.fa	XML-5	48	10817
XML-5/alignment_XML5-3250-0.02-12E-5-200-5-3.fa	XML-5	67	10760
XML-5/alignment_XML5-3250-0.02-12E-5-200-6-1.fa	XML-5	68	10799
XML-5/alignment_XML5-3250-0.02-12E-5-200-6-2.fa	XML-5	54	10814
XML-5/alignment_XML5-3250-0.02-12E-5-200-6-3.fa	XML-5	61	10796
XML-5/alignment_XML5-3250-0.02-12E-5-50-1-1.fa	XML-5	32	10751
XML-5/alignment_XML5-3250-0.02-12E-5-50-1-2.fa	XML-5	29	10757
XML-5/alignment_XML5-3250-0.02-12E-5-50-1-3.fa	XML-5	30	10757
XML-5/alignment_XML5-3250-0.02-12E-5-50-2-1.fa	XML-5	35	10769
XML-5/alignment_XML5-3250-0.02-12E-5-50-2-2.fa	XML-5	24	10790
XML-5/alignment_XML5-3250-0.02-12E-5-50-2-3.fa	XML-5	25	10790
XML-5/alignment_XML5-3250-0.02-12E-5-50-3-1.fa	XML-5	12	10787
XML-5/alignment_XML5-3250-0.02-12E-5-50-3-2.fa	XML-5	25	10766
XML-5/alignment_XML5-3250-0.02-12E-5-50-3-3.fa	XML-5	27	10754
XML-5/alignment_XML5-3250-0.02-12E-5-50-4-1.fa	XML-5	32	10772
XML-5/alignment_XML5-3250-0.02-12E-5-50-4-2.fa	XML-5	27	10766
XML-5/alignment_XML5-3250-0.02-12E-5-50-4-3.fa	XML-5	23	10781
XML-5/alignment_XML5-3250-0.02-12E-5-50-5-1.fa	XML-5	21	10748
XML-5/alignment_XML5-3250-0.02-12E-5-50-5-2.fa	XML-5	21	10766
XML-5/alignment_XML5-3250-0.02-12E-5-50-5-3.fa	XML-5	35	10760
XML-5/alignment_XML5-3250-0.02-12E-5-50-6-1.fa	XML-5	34	10832
XML-5/alignment_XML5-3250-0.02-12E-5-50-6-2.fa	XML-5	27	10772
XML-5/alignment_XML5-3250-0.02-12E-5-50-6-3.fa	XML-5	33	10784
XML-5/alignment_XML5-3250-0.02-4E-5-100-1-1.fa	XML-5	26	10775
XML-5/alignment_XML5-3250-0.02-4E-5-100-1-2.fa	XML-5	33	10787
XML-5/alignment_XML5-3250-0.02-4E-5-100-1-3.fa	XML-5	27	10766
XML-5/alignment_XML5-3250-0.02-4E-5-100-2-1.fa	XML-5	46	10832
XML-5/alignment_XML5-3250-0.02-4E-5-100-2-2.fa	XML-5	40	10769
XML-5/alignment_XML5-3250-0.02-4E-5-100-2-3.fa	XML-5	37	10769
XML-5/alignment_XML5-3250-0.02-4E-5-100-3-1.fa	XML-5	35	10799
XML-5/alignment_XML5-3250-0.02-4E-5-100-3-2.fa	XML-5	36	10769
XML-5/alignment_XML5-3250-0.02-4E-5-100-3-3.fa	XML-5	43	10775
XML-5/alignment_XML5-3250-0.02-4E-5-100-4-1.fa	XML-5	33	10757
XML-5/alignment_XML5-3250-0.02-4E-5-100-4-2.fa	XML-5	28	10763
XML-5/alignment_XML5-3250-0.02-4E-5-100-4-3.fa	XML-5	24	10766
XML-5/alignment_XML5-3250-0.02-4E-5-100-5-1.fa	XML-5	37	10781
XML-5/alignment_XML5-3250-0.02-4E-5-100-5-2.fa	XML-5	38	10787
XML-5/alignment_XML5-3250-0.02-4E-5-100-5-3.fa	XML-5	33	10754
XML-5/alignment_XML5-3250-0.02-4E-5-100-6-1.fa	XML-5	36	10793
XML-5/alignment_XML5-3250-0.02-4E-5-100-6-2.fa	XML-5	26	10784
XML-5/alignment_XML5-3250-0.02-4E-5-100-6-3.fa	XML-5	32	10799
XML-5/alignment_XML5-3250-0.02-4E-5-200-1-1.fa	XML-5	51	10772
XML-5/alignment_XML5-3250-0.02-4E-5-200-1-2.fa	XML-5	47	10838
XML-5/alignment_XML5-3250-0.02-4E-5-200-1-3.fa	XML-5	42	10817
XML-5/alignment_XML5-3250-0.02-4E-5-200-2-2.fa	XML-5	46	10835
XML-5/alignment_XML5-3250-0.02-4E-5-200-2-3.fa	XML-5	41	10832
XML-5/alignment_XML5-3250-0.02-4E-5-200-3-1.fa	XML-5	54	10841
XML-5/alignment_XML5-3250-0.02-4E-5-200-3-2.fa	XML-5	74	10826
XML-5/alignment_XML5-3250-0.02-4E-5-200-3-3.fa	XML-5	44	10835
XML-5/alignment_XML5-3250-0.02-4E-5-200-4-1.fa	XML-5	50	10775
XML-5/alignment_XML5-3250-0.02-4E-5-200-4-2.fa	XML-5	42	10838
XML-5/alignment_XML5-3250-0.02-4E-5-200-4-3.fa	XML-5	43	10817
XML-5/alignment_XML5-3250-0.02-4E-5-200-5-1.fa	XML-5	56	10838
XML-5/alignment_XML5-3250-0.02-4E-5-200-5-2.fa	XML-5	59	10802
XML-5/alignment_XML5-3250-0.02-4E-5-200-5-3.fa	XML-5	34	10811
XML-5/alignment_XML5-3250-0.02-4E-5-200-6-1.fa	XML-5	65	10814
XML-5/alignment_XML5-3250-0.02-4E-5-200-6-2.fa	XML-5	55	10805
XML-5/alignment_XML5-3250-0.02-4E-5-200-6-3.fa	XML-5	48	10835
XML-5/alignment_XML5-3250-0.02-4E-5-50-1-1.fa	XML-5	16	10760
XML-5/alignment_XML5-3250-0.02-4E-5-50-1-2.fa	XML-5	20	10781
XML-5/alignment_XML5-3250-0.02-4E-5-50-1-3.fa	XML-5	24	10772
XML-5/alignment_XML5-3250-0.02-4E-5-50-2-1.fa	XML-5	29	10775
XML-5/alignment_XML5-3250-0.02-4E-5-50-2-2.fa	XML-5	23	10763
XML-5/alignment_XML5-3250-0.02-4E-5-50-2-3.fa	XML-5	24	10736
XML-5/alignment_XML5-3250-0.02-4E-5-50-3-1.fa	XML-5	23	10760
XML-5/alignment_XML5-3250-0.02-4E-5-50-3-2.fa	XML-5	22	10781
XML-5/alignment_XML5-3250-0.02-4E-5-50-3-3.fa	XML-5	25	10745
XML-5/alignment_XML5-3250-0.02-4E-5-50-4-1.fa	XML-5	34	10787
XML-5/alignment_XML5-3250-0.02-4E-5-50-4-2.fa	XML-5	29	10781
XML-5/alignment_XML5-3250-0.02-4E-5-50-4-3.fa	XML-5	20	10751
XML-5/alignment_XML5-3250-0.02-4E-5-50-5-1.fa	XML-5	29	10751
XML-5/alignment_XML5-3250-0.02-4E-5-50-5-2.fa	XML-5	29	10769
XML-5/alignment_XML5-3250-0.02-4E-5-50-5-3.fa	XML-5	19	10748
XML-5/alignment_XML5-3250-0.02-4E-5-50-6-1.fa	XML-5	15	10760
XML-5/alignment_XML5-3250-0.02-4E-5-50-6-2.fa	XML-5	23	10775
XML-5/alignment_XML5-3250-0.02-4E-5-50-6-3.fa	XML-5	39	10763
XML-5/alignment_XML5-3250-0.02-8E-5-100-1-1.fa	XML-5	46	10796
XML-5/alignment_XML5-3250-0.02-8E-5-100-1-2.fa	XML-5	34	10763
XML-5/alignment_XML5-3250-0.02-8E-5-100-1-3.fa	XML-5	50	10781
XML-5/alignment_XML5-3250-0.02-8E-5-100-2-1.fa	XML-5	35	10769
XML-5/alignment_XML5-3250-0.02-8E-5-100-2-2.fa	XML-5	35	10802
XML-5/alignment_XML5-3250-0.02-8E-5-100-2-3.fa	XML-5	42	10775
XML-5/alignment_XML5-3250-0.02-8E-5-100-3-1.fa	XML-5	33	10790
XML-5/alignment_XML5-3250-0.02-8E-5-100-3-2.fa	XML-5	30	10784
XML-5/alignment_XML5-3250-0.02-8E-5-100-3-3.fa	XML-5	35	10805
XML-5/alignment_XML5-3250-0.02-8E-5-100-4-1.fa	XML-5	52	10796
XML-5/alignment_XML5-3250-0.02-8E-5-100-4-2.fa	XML-5	26	10775
XML-5/alignment_XML5-3250-0.02-8E-5-100-4-3.fa	XML-5	41	10772
XML-5/alignment_XML5-3250-0.02-8E-5-100-5-1.fa	XML-5	35	10823
XML-5/alignment_XML5-3250-0.02-8E-5-100-5-2.fa	XML-5	44	10769
XML-5/alignment_XML5-3250-0.02-8E-5-100-5-3.fa	XML-5	39	10790
XML-5/alignment_XML5-3250-0.02-8E-5-100-6-1.fa	XML-5	26	10820
XML-5/alignment_XML5-3250-0.02-8E-5-100-6-2.fa	XML-5	38	10769
XML-5/alignment_XML5-3250-0.02-8E-5-100-6-3.fa	XML-5	37	10829
XML-5/alignment_XML5-3250-0.02-8E-5-200-1-2.fa	XML-5	33	10808
XML-5/alignment_XML5-3250-0.02-8E-5-200-1-3.fa	XML-5	48	10772
XML-5/alignment_XML5-3250-0.02-8E-5-200-2-1.fa	XML-5	68	10844
XML-5/alignment_XML5-3250-0.02-8E-5-200-2-3.fa	XML-5	49	10814
XML-5/alignment_XML5-3250-0.02-8E-5-200-3-1.fa	XML-5	46	10805
XML-5/alignment_XML5-3250-0.02-8E-5-200-3-2.fa	XML-5	54	10829
XML-5/alignment_XML5-3250-0.02-8E-5-200-3-3.fa	XML-5	44	10841
XML-5/alignment_XML5-3250-0.02-8E-5-200-4-1.fa	XML-5	38	10778
XML-5/alignment_XML5-3250-0.02-8E-5-200-4-2.fa	XML-5	60	10865
XML-5/alignment_XML5-3250-0.02-8E-5-200-4-3.fa	XML-5	48	10820
XML-5/alignment_XML5-3250-0.02-8E-5-200-5-1.fa	XML-5	56	10826
XML-5/alignment_XML5-3250-0.02-8E-5-200-5-2.fa	XML-5	52	10787
XML-5/alignment_XML5-3250-0.02-8E-5-200-5-3.fa	XML-5	45	10787
XML-5/alignment_XML5-3250-0.02-8E-5-200-6-1.fa	XML-5	31	10781
XML-5/alignment_XML5-3250-0.02-8E-5-200-6-2.fa	XML-5	60	10853
XML-5/alignment_XML5-3250-0.02-8E-5-200-6-3.fa	XML-5	73	10865
XML-5/alignment_XML5-3250-0.02-8E-5-50-1-1.fa	XML-5	17	10763
XML-5/alignment_XML5-3250-0.02-8E-5-50-1-2.fa	XML-5	27	10775
XML-5/alignment_XML5-3250-0.02-8E-5-50-1-3.fa	XML-5	25	10757
XML-5/alignment_XML5-3250-0.02-8E-5-50-2-1.fa	XML-5	21	10799
XML-5/alignment_XML5-3250-0.02-8E-5-50-2-2.fa	XML-5	25	10754
XML-5/alignment_XML5-3250-0.02-8E-5-50-2-3.fa	XML-5	26	10811
XML-5/alignment_XML5-3250-0.02-8E-5-50-3-1.fa	XML-5	20	10760
XML-5/alignment_XML5-3250-0.02-8E-5-50-3-2.fa	XML-5	28	10778
XML-5/alignment_XML5-3250-0.02-8E-5-50-3-3.fa	XML-5	29	10808
XML-5/alignment_XML5-3250-0.02-8E-5-50-4-1.fa	XML-5	14	10769
XML-5/alignment_XML5-3250-0.02-8E-5-50-4-2.fa	XML-5	22	10751
XML-5/alignment_XML5-3250-0.02-8E-5-50-4-3.fa	XML-5	31	10778
XML-5/alignment_XML5-3250-0.02-8E-5-50-5-1.fa	XML-5	22	10784
XML-5/alignment_XML5-3250-0.02-8E-5-50-5-2.fa	XML-5	29	10781
XML-5/alignment_XML5-3250-0.02-8E-5-50-5-3.fa	XML-5	25	10760
XML-5/alignment_XML5-3250-0.02-8E-5-50-6-1.fa	XML-5	33	10775
XML-5/alignment_XML5-3250-0.02-8E-5-50-6-2.fa	XML-5	26	10778
XML-5/alignment_XML5-3250-0.02-8E-5-50-6-3.fa	XML-5	35	10781
XML-5/alignment_XML5-4000-0.005-12E-5-100-1-1.fa	XML-5	12	10772
XML-5/alignment_XML5-4000-0.005-12E-5-100-1-2.fa	XML-5	16	10754
XML-5/alignment_XML5-4000-0.005-12E-5-100-1-3.fa	XML-5	16	10793
XML-5/alignment_XML5-4000-0.005-12E-5-100-2-1.fa	XML-5	9	10775
XML-5/alignment_XML5-4000-0.005-12E-5-100-2-2.fa	XML-5	9	10772
XML-5/alignment_XML5-4000-0.005-12E-5-100-2-3.fa	XML-5	11	10772
XML-5/alignment_XML5-4000-0.005-12E-5-100-3-1.fa	XML-5	13	10772
XML-5/alignment_XML5-4000-0.005-12E-5-100-3-2.fa	XML-5	8	10781
XML-5/alignment_XML5-4000-0.005-12E-5-100-3-3.fa	XML-5	9	10781
XML-5/alignment_XML5-4000-0.005-12E-5-100-4-1.fa	XML-5	14	10781
XML-5/alignment_XML5-4000-0.005-12E-5-100-4-2.fa	XML-5	8	10769
XML-5/alignment_XML5-4000-0.005-12E-5-100-4-3.fa	XML-5	13	10766
XML-5/alignment_XML5-4000-0.005-12E-5-100-5-1.fa	XML-5	8	10775
XML-5/alignment_XML5-4000-0.005-12E-5-100-5-2.fa	XML-5	12	10796
XML-5/alignment_XML5-4000-0.005-12E-5-100-5-3.fa	XML-5	16	10772
XML-5/alignment_XML5-4000-0.005-12E-5-100-6-1.fa	XML-5	15	10772
XML-5/alignment_XML5-4000-0.005-12E-5-100-6-2.fa	XML-5	9	10377
XML-5/alignment_XML5-4000-0.005-12E-5-100-6-3.fa	XML-5	17	10760
XML-5/alignment_XML5-4000-0.005-12E-5-200-1-1.fa	XML-5	23	10799
XML-5/alignment_XML5-4000-0.005-12E-5-200-1-2.fa	XML-5	14	10817
XML-5/alignment_XML5-4000-0.005-12E-5-200-1-3.fa	XML-5	18	10796
XML-5/alignment_XML5-4000-0.005-12E-5-200-2-1.fa	XML-5	13	10817
XML-5/alignment_XML5-4000-0.005-12E-5-200-2-2.fa	XML-5	19	10778
XML-5/alignment_XML5-4000-0.005-12E-5-200-2-3.fa	XML-5	19	10796
XML-5/alignment_XML5-4000-0.005-12E-5-200-3-1.fa	XML-5	7	10808
XML-5/alignment_XML5-4000-0.005-12E-5-200-3-2.fa	XML-5	11	10814
XML-5/alignment_XML5-4000-0.005-12E-5-200-3-3.fa	XML-5	20	10814
XML-5/alignment_XML5-4000-0.005-12E-5-200-4-1.fa	XML-5	14	10799
XML-5/alignment_XML5-4000-0.005-12E-5-200-4-2.fa	XML-5	21	10796
XML-5/alignment_XML5-4000-0.005-12E-5-200-4-3.fa	XML-5	16	10751
XML-5/alignment_XML5-4000-0.005-12E-5-200-5-1.fa	XML-5	14	10784
XML-5/alignment_XML5-4000-0.005-12E-5-200-5-2.fa	XML-5	14	10772
XML-5/alignment_XML5-4000-0.005-12E-5-200-5-3.fa	XML-5	14	10796
XML-5/alignment_XML5-4000-0.005-12E-5-200-6-1.fa	XML-5	17	10802
XML-5/alignment_XML5-4000-0.005-12E-5-200-6-2.fa	XML-5	10	10805
XML-5/alignment_XML5-4000-0.005-12E-5-200-6-3.fa	XML-5	22	10790
XML-5/alignment_XML5-4000-0.005-12E-5-50-1-1.fa	XML-5	11	10760
XML-5/alignment_XML5-4000-0.005-12E-5-50-1-2.fa	XML-5	13	10766
XML-5/alignment_XML5-4000-0.005-12E-5-50-1-3.fa	XML-5	2	10751
XML-5/alignment_XML5-4000-0.005-12E-5-50-2-1.fa	XML-5	5	10757
XML-5/alignment_XML5-4000-0.005-12E-5-50-2-2.fa	XML-5	7	10707
XML-5/alignment_XML5-4000-0.005-12E-5-50-2-3.fa	XML-5	5	10742
XML-5/alignment_XML5-4000-0.005-12E-5-50-3-2.fa	XML-5	11	10778
XML-5/alignment_XML5-4000-0.005-12E-5-50-3-3.fa	XML-5	8	10760
XML-5/alignment_XML5-4000-0.005-12E-5-50-4-1.fa	XML-5	7	10760
XML-5/alignment_XML5-4000-0.005-12E-5-50-4-2.fa	XML-5	7	10766
XML-5/alignment_XML5-4000-0.005-12E-5-50-4-3.fa	XML-5	8	10757
XML-5/alignment_XML5-4000-0.005-12E-5-50-5-1.fa	XML-5	10	10760
XML-5/alignment_XML5-4000-0.005-12E-5-50-5-2.fa	XML-5	8	7497
XML-5/alignment_XML5-4000-0.005-12E-5-50-5-3.fa	XML-5	9	10760
XML-5/alignment_XML5-4000-0.005-12E-5-50-6-1.fa	XML-5	15	10766
XML-5/alignment_XML5-4000-0.005-12E-5-50-6-2.fa	XML-5	12	10760
XML-5/alignment_XML5-4000-0.005-12E-5-50-6-3.fa	XML-5	6	10763
XML-5/alignment_XML5-4000-0.005-4E-5-100-1-1.fa	XML-5	7	10781
XML-5/alignment_XML5-4000-0.005-4E-5-100-1-2.fa	XML-5	5	10775
XML-5/alignment_XML5-4000-0.005-4E-5-100-1-3.fa	XML-5	13	10775
XML-5/alignment_XML5-4000-0.005-4E-5-100-2-1.fa	XML-5	13	10769
XML-5/alignment_XML5-4000-0.005-4E-5-100-2-2.fa	XML-5	7	10763
XML-5/alignment_XML5-4000-0.005-4E-5-100-2-3.fa	XML-5	9	10769
XML-5/alignment_XML5-4000-0.005-4E-5-100-3-1.fa	XML-5	15	10769
XML-5/alignment_XML5-4000-0.005-4E-5-100-3-2.fa	XML-5	17	10784
XML-5/alignment_XML5-4000-0.005-4E-5-100-3-3.fa	XML-5	10	10787
XML-5/alignment_XML5-4000-0.005-4E-5-100-4-1.fa	XML-5	11	10787
XML-5/alignment_XML5-4000-0.005-4E-5-100-4-2.fa	XML-5	10	10814
XML-5/alignment_XML5-4000-0.005-4E-5-100-4-3.fa	XML-5	10	10754
XML-5/alignment_XML5-4000-0.005-4E-5-100-5-1.fa	XML-5	11	10781
XML-5/alignment_XML5-4000-0.005-4E-5-100-5-2.fa	XML-5	10	10772
XML-5/alignment_XML5-4000-0.005-4E-5-100-5-3.fa	XML-5	11	10781
XML-5/alignment_XML5-4000-0.005-4E-5-100-6-1.fa	XML-5	10	10751
XML-5/alignment_XML5-4000-0.005-4E-5-100-6-2.fa	XML-5	8	10769
XML-5/alignment_XML5-4000-0.005-4E-5-100-6-3.fa	XML-5	11	10829
XML-5/alignment_XML5-4000-0.005-4E-5-200-1-1.fa	XML-5	12	10790
XML-5/alignment_XML5-4000-0.005-4E-5-200-1-2.fa	XML-5	11	10820
XML-5/alignment_XML5-4000-0.005-4E-5-200-1-3.fa	XML-5	9	10808
XML-5/alignment_XML5-4000-0.005-4E-5-200-2-1.fa	XML-5	10	10778
XML-5/alignment_XML5-4000-0.005-4E-5-200-2-2.fa	XML-5	15	10793
XML-5/alignment_XML5-4000-0.005-4E-5-200-2-3.fa	XML-5	19	10422
XML-5/alignment_XML5-4000-0.005-4E-5-200-3-1.fa	XML-5	19	10799
XML-5/alignment_XML5-4000-0.005-4E-5-200-3-2.fa	XML-5	9	10817
XML-5/alignment_XML5-4000-0.005-4E-5-200-3-3.fa	XML-5	15	10808
XML-5/alignment_XML5-4000-0.005-4E-5-200-4-1.fa	XML-5	9	10811
XML-5/alignment_XML5-4000-0.005-4E-5-200-4-2.fa	XML-5	8	10772
XML-5/alignment_XML5-4000-0.005-4E-5-200-4-3.fa	XML-5	15	10775
XML-5/alignment_XML5-4000-0.005-4E-5-200-5-1.fa	XML-5	16	10781
XML-5/alignment_XML5-4000-0.005-4E-5-200-5-2.fa	XML-5	11	10796
XML-5/alignment_XML5-4000-0.005-4E-5-200-5-3.fa	XML-5	15	10811
XML-5/alignment_XML5-4000-0.005-4E-5-200-6-1.fa	XML-5	12	10790
XML-5/alignment_XML5-4000-0.005-4E-5-200-6-2.fa	XML-5	17	10808
XML-5/alignment_XML5-4000-0.005-4E-5-200-6-3.fa	XML-5	16	10787
XML-5/alignment_XML5-4000-0.005-4E-5-50-1-1.fa	XML-5	10	10751
XML-5/alignment_XML5-4000-0.005-4E-5-50-1-2.fa	XML-5	8	10790
XML-5/alignment_XML5-4000-0.005-4E-5-50-1-3.fa	XML-5	10	10748
XML-5/alignment_XML5-4000-0.005-4E-5-50-2-1.fa	XML-5	5	10766
XML-5/alignment_XML5-4000-0.005-4E-5-50-2-2.fa	XML-5	5	10766
XML-5/alignment_XML5-4000-0.005-4E-5-50-2-3.fa	XML-5	6	10754
XML-5/alignment_XML5-4000-0.005-4E-5-50-3-1.fa	XML-5	10	10766
XML-5/alignment_XML5-4000-0.005-4E-5-50-3-2.fa	XML-5	10	10775
XML-5/alignment_XML5-4000-0.005-4E-5-50-3-3.fa	XML-5	9	10751
XML-5/alignment_XML5-4000-0.005-4E-5-50-4-1.fa	XML-5	7	10757
XML-5/alignment_XML5-4000-0.005-4E-5-50-4-2.fa	XML-5	9	10476
XML-5/alignment_XML5-4000-0.005-4E-5-50-4-3.fa	XML-5	14	10766
XML-5/alignment_XML5-4000-0.005-4E-5-50-5-1.fa	XML-5	9	10766
XML-5/alignment_XML5-4000-0.005-4E-5-50-5-2.fa	XML-5	10	10757
XML-5/alignment_XML5-4000-0.005-4E-5-50-5-3.fa	XML-5	2	10754
XML-5/alignment_XML5-4000-0.005-4E-5-50-6-1.fa	XML-5	4	10748
XML-5/alignment_XML5-4000-0.005-4E-5-50-6-2.fa	XML-5	7	10751
XML-5/alignment_XML5-4000-0.005-4E-5-50-6-3.fa	XML-5	4	9825
XML-5/alignment_XML5-4000-0.005-8E-5-100-1-1.fa	XML-5	9	10805
XML-5/alignment_XML5-4000-0.005-8E-5-100-1-2.fa	XML-5	10	10218
XML-5/alignment_XML5-4000-0.005-8E-5-100-1-3.fa	XML-5	8	10760
XML-5/alignment_XML5-4000-0.005-8E-5-100-2-1.fa	XML-5	9	10775
XML-5/alignment_XML5-4000-0.005-8E-5-100-2-2.fa	XML-5	14	10769
XML-5/alignment_XML5-4000-0.005-8E-5-100-2-3.fa	XML-5	8	10757
XML-5/alignment_XML5-4000-0.005-8E-5-100-3-1.fa	XML-5	7	7554
XML-5/alignment_XML5-4000-0.005-8E-5-100-3-2.fa	XML-5	9	9963
XML-5/alignment_XML5-4000-0.005-8E-5-100-3-3.fa	XML-5	5	10778
XML-5/alignment_XML5-4000-0.005-8E-5-100-4-1.fa	XML-5	12	10814
XML-5/alignment_XML5-4000-0.005-8E-5-100-4-2.fa	XML-5	8	10772
XML-5/alignment_XML5-4000-0.005-8E-5-100-4-3.fa	XML-5	8	10769
XML-5/alignment_XML5-4000-0.005-8E-5-100-5-1.fa	XML-5	11	10772
XML-5/alignment_XML5-4000-0.005-8E-5-100-5-2.fa	XML-5	16	10772
XML-5/alignment_XML5-4000-0.005-8E-5-100-5-3.fa	XML-5	9	10766
XML-5/alignment_XML5-4000-0.005-8E-5-100-6-1.fa	XML-5	12	10754
XML-5/alignment_XML5-4000-0.005-8E-5-100-6-2.fa	XML-5	16	10799
XML-5/alignment_XML5-4000-0.005-8E-5-100-6-3.fa	XML-5	14	10781
XML-5/alignment_XML5-4000-0.005-8E-5-200-1-1.fa	XML-5	19	10790
XML-5/alignment_XML5-4000-0.005-8E-5-200-1-2.fa	XML-5	18	10808
XML-5/alignment_XML5-4000-0.005-8E-5-200-1-3.fa	XML-5	11	10365
XML-5/alignment_XML5-4000-0.005-8E-5-200-2-1.fa	XML-5	8	10781
XML-5/alignment_XML5-4000-0.005-8E-5-200-2-2.fa	XML-5	15	10790
XML-5/alignment_XML5-4000-0.005-8E-5-200-2-3.fa	XML-5	12	10811
XML-5/alignment_XML5-4000-0.005-8E-5-200-3-1.fa	XML-5	14	10781
XML-5/alignment_XML5-4000-0.005-8E-5-200-3-2.fa	XML-5	12	10805
XML-5/alignment_XML5-4000-0.005-8E-5-200-3-3.fa	XML-5	15	10802
XML-5/alignment_XML5-4000-0.005-8E-5-200-4-1.fa	XML-5	12	10799
XML-5/alignment_XML5-4000-0.005-8E-5-200-4-2.fa	XML-5	7	10790
XML-5/alignment_XML5-4000-0.005-8E-5-200-4-3.fa	XML-5	10	10787
XML-5/alignment_XML5-4000-0.005-8E-5-200-5-1.fa	XML-5	22	10811
XML-5/alignment_XML5-4000-0.005-8E-5-200-5-2.fa	XML-5	9	10790
XML-5/alignment_XML5-4000-0.005-8E-5-200-5-3.fa	XML-5	12	10844
XML-5/alignment_XML5-4000-0.005-8E-5-200-6-1.fa	XML-5	11	10790
XML-5/alignment_XML5-4000-0.005-8E-5-200-6-2.fa	XML-5	17	10805
XML-5/alignment_XML5-4000-0.005-8E-5-200-6-3.fa	XML-5	14	10787
XML-5/alignment_XML5-4000-0.005-8E-5-50-1-1.fa	XML-5	12	10772
XML-5/alignment_XML5-4000-0.005-8E-5-50-1-2.fa	XML-5	7	10739
XML-5/alignment_XML5-4000-0.005-8E-5-50-1-3.fa	XML-5	9	10710
XML-5/alignment_XML5-4000-0.005-8E-5-50-2-1.fa	XML-5	5	8958
XML-5/alignment_XML5-4000-0.005-8E-5-50-2-2.fa	XML-5	8	10781
XML-5/alignment_XML5-4000-0.005-8E-5-50-2-3.fa	XML-5	7	10772
XML-5/alignment_XML5-4000-0.005-8E-5-50-3-1.fa	XML-5	6	10668
XML-5/alignment_XML5-4000-0.005-8E-5-50-3-2.fa	XML-5	12	10751
XML-5/alignment_XML5-4000-0.005-8E-5-50-3-3.fa	XML-5	5	10778
XML-5/alignment_XML5-4000-0.005-8E-5-50-4-1.fa	XML-5	7	10769
XML-5/alignment_XML5-4000-0.005-8E-5-50-4-2.fa	XML-5	10	10671
XML-5/alignment_XML5-4000-0.005-8E-5-50-4-3.fa	XML-5	4	10766
XML-5/alignment_XML5-4000-0.005-8E-5-50-5-1.fa	XML-5	10	10763
XML-5/alignment_XML5-4000-0.005-8E-5-50-5-2.fa	XML-5	12	10754
XML-5/alignment_XML5-4000-0.005-8E-5-50-5-3.fa	XML-5	4	10757
XML-5/alignment_XML5-4000-0.005-8E-5-50-6-1.fa	XML-5	8	10769
XML-5/alignment_XML5-4000-0.005-8E-5-50-6-2.fa	XML-5	7	10769
XML-5/alignment_XML5-4000-0.005-8E-5-50-6-3.fa	XML-5	6	10766
XML-5/alignment_XML5-4000-0.01-12E-5-100-1-1.fa	XML-5	22	10796
XML-5/alignment_XML5-4000-0.01-12E-5-100-1-2.fa	XML-5	18	10778
XML-5/alignment_XML5-4000-0.01-12E-5-100-1-3.fa	XML-5	29	10811
XML-5/alignment_XML5-4000-0.01-12E-5-100-2-1.fa	XML-5	21	10769
XML-5/alignment_XML5-4000-0.01-12E-5-100-2-2.fa	XML-5	20	10784
XML-5/alignment_XML5-4000-0.01-12E-5-100-2-3.fa	XML-5	16	10775
XML-5/alignment_XML5-4000-0.01-12E-5-100-3-1.fa	XML-5	16	10787
XML-5/alignment_XML5-4000-0.01-12E-5-100-3-3.fa	XML-5	25	10781
XML-5/alignment_XML5-4000-0.01-12E-5-100-4-1.fa	XML-5	26	10754
XML-5/alignment_XML5-4000-0.01-12E-5-100-4-2.fa	XML-5	22	10793
XML-5/alignment_XML5-4000-0.01-12E-5-100-4-3.fa	XML-5	26	10763
XML-5/alignment_XML5-4000-0.01-12E-5-100-5-1.fa	XML-5	17	10790
XML-5/alignment_XML5-4000-0.01-12E-5-100-5-2.fa	XML-5	24	10778
XML-5/alignment_XML5-4000-0.01-12E-5-100-5-3.fa	XML-5	19	10769
XML-5/alignment_XML5-4000-0.01-12E-5-100-6-1.fa	XML-5	21	10772
XML-5/alignment_XML5-4000-0.01-12E-5-100-6-2.fa	XML-5	18	10769
XML-5/alignment_XML5-4000-0.01-12E-5-100-6-3.fa	XML-5	16	10751
XML-5/alignment_XML5-4000-0.01-12E-5-200-1-1.fa	XML-5	22	10763
XML-5/alignment_XML5-4000-0.01-12E-5-200-1-2.fa	XML-5	24	10820
XML-5/alignment_XML5-4000-0.01-12E-5-200-1-3.fa	XML-5	28	10796
XML-5/alignment_XML5-4000-0.01-12E-5-200-2-1.fa	XML-5	31	10853
XML-5/alignment_XML5-4000-0.01-12E-5-200-2-2.fa	XML-5	41	10787
XML-5/alignment_XML5-4000-0.01-12E-5-200-2-3.fa	XML-5	38	10829
XML-5/alignment_XML5-4000-0.01-12E-5-200-3-1.fa	XML-5	32	10811
XML-5/alignment_XML5-4000-0.01-12E-5-200-3-2.fa	XML-5	23	10787
XML-5/alignment_XML5-4000-0.01-12E-5-200-3-3.fa	XML-5	42	10817
XML-5/alignment_XML5-4000-0.01-12E-5-200-4-1.fa	XML-5	27	10763
XML-5/alignment_XML5-4000-0.01-12E-5-200-4-2.fa	XML-5	28	10778
XML-5/alignment_XML5-4000-0.01-12E-5-200-4-3.fa	XML-5	29	10796
XML-5/alignment_XML5-4000-0.01-12E-5-200-5-1.fa	XML-5	18	10799
XML-5/alignment_XML5-4000-0.01-12E-5-200-5-2.fa	XML-5	27	10796
XML-5/alignment_XML5-4000-0.01-12E-5-200-5-3.fa	XML-5	24	10769
XML-5/alignment_XML5-4000-0.01-12E-5-200-6-1.fa	XML-5	39	10778
XML-5/alignment_XML5-4000-0.01-12E-5-200-6-2.fa	XML-5	22	10802
XML-5/alignment_XML5-4000-0.01-12E-5-200-6-3.fa	XML-5	31	10808
XML-5/alignment_XML5-4000-0.01-12E-5-50-1-1.fa	XML-5	23	10778
XML-5/alignment_XML5-4000-0.01-12E-5-50-1-2.fa	XML-5	12	10748
XML-5/alignment_XML5-4000-0.01-12E-5-50-1-3.fa	XML-5	8	10224
XML-5/alignment_XML5-4000-0.01-12E-5-50-2-1.fa	XML-5	21	10772
XML-5/alignment_XML5-4000-0.01-12E-5-50-2-2.fa	XML-5	12	10760
XML-5/alignment_XML5-4000-0.01-12E-5-50-2-3.fa	XML-5	19	10760
XML-5/alignment_XML5-4000-0.01-12E-5-50-3-1.fa	XML-5	17	10763
XML-5/alignment_XML5-4000-0.01-12E-5-50-3-2.fa	XML-5	13	10796
XML-5/alignment_XML5-4000-0.01-12E-5-50-3-3.fa	XML-5	13	10748
XML-5/alignment_XML5-4000-0.01-12E-5-50-4-1.fa	XML-5	15	10784
XML-5/alignment_XML5-4000-0.01-12E-5-50-4-2.fa	XML-5	20	10754
XML-5/alignment_XML5-4000-0.01-12E-5-50-4-3.fa	XML-5	21	10775
XML-5/alignment_XML5-4000-0.01-12E-5-50-5-1.fa	XML-5	13	10757
XML-5/alignment_XML5-4000-0.01-12E-5-50-5-2.fa	XML-5	14	10781
XML-5/alignment_XML5-4000-0.01-12E-5-50-5-3.fa	XML-5	11	10754
XML-5/alignment_XML5-4000-0.01-12E-5-50-6-1.fa	XML-5	18	10751
XML-5/alignment_XML5-4000-0.01-12E-5-50-6-2.fa	XML-5	20	10760
XML-5/alignment_XML5-4000-0.01-12E-5-50-6-3.fa	XML-5	28	10808
XML-5/alignment_XML5-4000-0.01-4E-5-100-1-1.fa	XML-5	19	10787
XML-5/alignment_XML5-4000-0.01-4E-5-100-1-2.fa	XML-5	30	10800
XML-5/alignment_XML5-4000-0.01-4E-5-100-1-3.fa	XML-5	20	10790
XML-5/alignment_XML5-4000-0.01-4E-5-100-2-1.fa	XML-5	25	10772
XML-5/alignment_XML5-4000-0.01-4E-5-100-2-2.fa	XML-5	23	10811
XML-5/alignment_XML5-4000-0.01-4E-5-100-2-3.fa	XML-5	22	10805
XML-5/alignment_XML5-4000-0.01-4E-5-100-3-1.fa	XML-5	25	10763
XML-5/alignment_XML5-4000-0.01-4E-5-100-3-2.fa	XML-5	19	10778
XML-5/alignment_XML5-4000-0.01-4E-5-100-3-3.fa	XML-5	32	10796
XML-5/alignment_XML5-4000-0.01-4E-5-100-4-1.fa	XML-5	19	10799
XML-5/alignment_XML5-4000-0.01-4E-5-100-4-2.fa	XML-5	27	10796
XML-5/alignment_XML5-4000-0.01-4E-5-100-4-3.fa	XML-5	30	10790
XML-5/alignment_XML5-4000-0.01-4E-5-100-5-1.fa	XML-5	28	10763
XML-5/alignment_XML5-4000-0.01-4E-5-100-5-2.fa	XML-5	12	10760
XML-5/alignment_XML5-4000-0.01-4E-5-100-5-3.fa	XML-5	14	10802
XML-5/alignment_XML5-4000-0.01-4E-5-100-6-1.fa	XML-5	27	10781
XML-5/alignment_XML5-4000-0.01-4E-5-100-6-2.fa	XML-5	10	10793
XML-5/alignment_XML5-4000-0.01-4E-5-100-6-3.fa	XML-5	21	10778
XML-5/alignment_XML5-4000-0.01-4E-5-200-1-1.fa	XML-5	42	10814
XML-5/alignment_XML5-4000-0.01-4E-5-200-1-2.fa	XML-5	29	10769
XML-5/alignment_XML5-4000-0.01-4E-5-200-1-3.fa	XML-5	25	10808
XML-5/alignment_XML5-4000-0.01-4E-5-200-2-1.fa	XML-5	29	10811
XML-5/alignment_XML5-4000-0.01-4E-5-200-2-2.fa	XML-5	36	10808
XML-5/alignment_XML5-4000-0.01-4E-5-200-2-3.fa	XML-5	24	10802
XML-5/alignment_XML5-4000-0.01-4E-5-200-3-1.fa	XML-5	17	10817
XML-5/alignment_XML5-4000-0.01-4E-5-200-3-2.fa	XML-5	26	10793
XML-5/alignment_XML5-4000-0.01-4E-5-200-3-3.fa	XML-5	31	10781
XML-5/alignment_XML5-4000-0.01-4E-5-200-4-1.fa	XML-5	30	10784
XML-5/alignment_XML5-4000-0.01-4E-5-200-4-2.fa	XML-5	42	10751
XML-5/alignment_XML5-4000-0.01-4E-5-200-4-3.fa	XML-5	32	10811
XML-5/alignment_XML5-4000-0.01-4E-5-200-5-1.fa	XML-5	27	10796
XML-5/alignment_XML5-4000-0.01-4E-5-200-5-2.fa	XML-5	29	10775
XML-5/alignment_XML5-4000-0.01-4E-5-200-5-3.fa	XML-5	29	10793
XML-5/alignment_XML5-4000-0.01-4E-5-200-6-1.fa	XML-5	25	10781
XML-5/alignment_XML5-4000-0.01-4E-5-200-6-2.fa	XML-5	30	10814
XML-5/alignment_XML5-4000-0.01-4E-5-200-6-3.fa	XML-5	31	10796
XML-5/alignment_XML5-4000-0.01-4E-5-50-1-1.fa	XML-5	15	10757
XML-5/alignment_XML5-4000-0.01-4E-5-50-1-2.fa	XML-5	21	10760
XML-5/alignment_XML5-4000-0.01-4E-5-50-1-3.fa	XML-5	16	10769
XML-5/alignment_XML5-4000-0.01-4E-5-50-2-1.fa	XML-5	19	10781
XML-5/alignment_XML5-4000-0.01-4E-5-50-2-2.fa	XML-5	21	10757
XML-5/alignment_XML5-4000-0.01-4E-5-50-2-3.fa	XML-5	17	10763
XML-5/alignment_XML5-4000-0.01-4E-5-50-3-1.fa	XML-5	17	10748
XML-5/alignment_XML5-4000-0.01-4E-5-50-3-2.fa	XML-5	15	10757
XML-5/alignment_XML5-4000-0.01-4E-5-50-3-3.fa	XML-5	16	10787
XML-5/alignment_XML5-4000-0.01-4E-5-50-4-1.fa	XML-5	15	10775
XML-5/alignment_XML5-4000-0.01-4E-5-50-4-2.fa	XML-5	16	10760
XML-5/alignment_XML5-4000-0.01-4E-5-50-4-3.fa	XML-5	13	10677
XML-5/alignment_XML5-4000-0.01-4E-5-50-5-1.fa	XML-5	12	10754
XML-5/alignment_XML5-4000-0.01-4E-5-50-5-2.fa	XML-5	19	10760
XML-5/alignment_XML5-4000-0.01-4E-5-50-5-3.fa	XML-5	18	10814
XML-5/alignment_XML5-4000-0.01-4E-5-50-6-1.fa	XML-5	17	10775
XML-5/alignment_XML5-4000-0.01-4E-5-50-6-2.fa	XML-5	11	10751
XML-5/alignment_XML5-4000-0.01-4E-5-50-6-3.fa	XML-5	18	10761
XML-5/alignment_XML5-4000-0.01-8E-5-100-1-1.fa	XML-5	23	10778
XML-5/alignment_XML5-4000-0.01-8E-5-100-1-2.fa	XML-5	22	10775
XML-5/alignment_XML5-4000-0.01-8E-5-100-1-3.fa	XML-5	19	10772
XML-5/alignment_XML5-4000-0.01-8E-5-100-2-1.fa	XML-5	16	10766
XML-5/alignment_XML5-4000-0.01-8E-5-100-2-2.fa	XML-5	34	10814
XML-5/alignment_XML5-4000-0.01-8E-5-100-2-3.fa	XML-5	17	10797
XML-5/alignment_XML5-4000-0.01-8E-5-100-3-1.fa	XML-5	20	10763
XML-5/alignment_XML5-4000-0.01-8E-5-100-3-2.fa	XML-5	23	10760
XML-5/alignment_XML5-4000-0.01-8E-5-100-3-3.fa	XML-5	24	10787
XML-5/alignment_XML5-4000-0.01-8E-5-100-4-1.fa	XML-5	20	10769
XML-5/alignment_XML5-4000-0.01-8E-5-100-4-2.fa	XML-5	16	10787
XML-5/alignment_XML5-4000-0.01-8E-5-100-4-3.fa	XML-5	19	10781
XML-5/alignment_XML5-4000-0.01-8E-5-100-5-1.fa	XML-5	30	10799
XML-5/alignment_XML5-4000-0.01-8E-5-100-5-2.fa	XML-5	20	10784
XML-5/alignment_XML5-4000-0.01-8E-5-100-5-3.fa	XML-5	16	10769
XML-5/alignment_XML5-4000-0.01-8E-5-100-6-1.fa	XML-5	18	10754
XML-5/alignment_XML5-4000-0.01-8E-5-100-6-2.fa	XML-5	20	10811
XML-5/alignment_XML5-4000-0.01-8E-5-100-6-3.fa	XML-5	21	10790
XML-5/alignment_XML5-4000-0.01-8E-5-200-1-1.fa	XML-5	29	10799
XML-5/alignment_XML5-4000-0.01-8E-5-200-1-2.fa	XML-5	27	10817
XML-5/alignment_XML5-4000-0.01-8E-5-200-1-3.fa	XML-5	32	10829
XML-5/alignment_XML5-4000-0.01-8E-5-200-2-1.fa	XML-5	22	10796
XML-5/alignment_XML5-4000-0.01-8E-5-200-2-2.fa	XML-5	29	10817
XML-5/alignment_XML5-4000-0.01-8E-5-200-2-3.fa	XML-5	31	10811
XML-5/alignment_XML5-4000-0.01-8E-5-200-3-1.fa	XML-5	36	10838
XML-5/alignment_XML5-4000-0.01-8E-5-200-3-2.fa	XML-5	33	10808
XML-5/alignment_XML5-4000-0.01-8E-5-200-3-3.fa	XML-5	36	10799
XML-5/alignment_XML5-4000-0.01-8E-5-200-4-1.fa	XML-5	32	10808
XML-5/alignment_XML5-4000-0.01-8E-5-200-4-2.fa	XML-5	21	10796
XML-5/alignment_XML5-4000-0.01-8E-5-200-4-3.fa	XML-5	15	10796
XML-5/alignment_XML5-4000-0.01-8E-5-200-5-1.fa	XML-5	25	10772
XML-5/alignment_XML5-4000-0.01-8E-5-200-5-2.fa	XML-5	28	10835
XML-5/alignment_XML5-4000-0.01-8E-5-200-5-3.fa	XML-5	23	10796
XML-5/alignment_XML5-4000-0.01-8E-5-200-6-1.fa	XML-5	25	10811
XML-5/alignment_XML5-4000-0.01-8E-5-200-6-2.fa	XML-5	42	10844
XML-5/alignment_XML5-4000-0.01-8E-5-200-6-3.fa	XML-5	33	10811
XML-5/alignment_XML5-4000-0.01-8E-5-50-1-1.fa	XML-5	18	10778
XML-5/alignment_XML5-4000-0.01-8E-5-50-1-2.fa	XML-5	16	10814
XML-5/alignment_XML5-4000-0.01-8E-5-50-1-3.fa	XML-5	15	10760
XML-5/alignment_XML5-4000-0.01-8E-5-50-2-1.fa	XML-5	12	10763
XML-5/alignment_XML5-4000-0.01-8E-5-50-2-2.fa	XML-5	10	10775
XML-5/alignment_XML5-4000-0.01-8E-5-50-2-3.fa	XML-5	13	10763
XML-5/alignment_XML5-4000-0.01-8E-5-50-3-1.fa	XML-5	15	10772
XML-5/alignment_XML5-4000-0.01-8E-5-50-3-2.fa	XML-5	14	10754
XML-5/alignment_XML5-4000-0.01-8E-5-50-3-3.fa	XML-5	15	10769
XML-5/alignment_XML5-4000-0.01-8E-5-50-4-1.fa	XML-5	14	10772
XML-5/alignment_XML5-4000-0.01-8E-5-50-4-2.fa	XML-5	16	10790
XML-5/alignment_XML5-4000-0.01-8E-5-50-4-3.fa	XML-5	14	10769
XML-5/alignment_XML5-4000-0.01-8E-5-50-5-1.fa	XML-5	17	10754
XML-5/alignment_XML5-4000-0.01-8E-5-50-5-2.fa	XML-5	24	10784
XML-5/alignment_XML5-4000-0.01-8E-5-50-5-3.fa	XML-5	15	10763
XML-5/alignment_XML5-4000-0.01-8E-5-50-6-1.fa	XML-5	10	10763
XML-5/alignment_XML5-4000-0.01-8E-5-50-6-2.fa	XML-5	25	10775
XML-5/alignment_XML5-4000-0.01-8E-5-50-6-3.fa	XML-5	18	10754
XML-5/alignment_XML5-4000-0.02-12E-5-100-1-2.fa	XML-5	47	10790
XML-5/alignment_XML5-4000-0.02-12E-5-100-1-3.fa	XML-5	34	10769
XML-5/alignment_XML5-4000-0.02-12E-5-100-2-1.fa	XML-5	36	10808
XML-5/alignment_XML5-4000-0.02-12E-5-100-2-3.fa	XML-5	45	10790
XML-5/alignment_XML5-4000-0.02-12E-5-100-3-1.fa	XML-5	38	10808
XML-5/alignment_XML5-4000-0.02-12E-5-100-3-2.fa	XML-5	30	10832
XML-5/alignment_XML5-4000-0.02-12E-5-100-3-3.fa	XML-5	44	10769
XML-5/alignment_XML5-4000-0.02-12E-5-100-4-1.fa	XML-5	44	10787
XML-5/alignment_XML5-4000-0.02-12E-5-100-4-2.fa	XML-5	36	10793
XML-5/alignment_XML5-4000-0.02-12E-5-100-4-3.fa	XML-5	43	10802
XML-5/alignment_XML5-4000-0.02-12E-5-100-5-1.fa	XML-5	48	10811
XML-5/alignment_XML5-4000-0.02-12E-5-100-5-2.fa	XML-5	49	10778
XML-5/alignment_XML5-4000-0.02-12E-5-100-5-3.fa	XML-5	33	10775
XML-5/alignment_XML5-4000-0.02-12E-5-100-6-1.fa	XML-5	46	10832
XML-5/alignment_XML5-4000-0.02-12E-5-100-6-2.fa	XML-5	41	10775
XML-5/alignment_XML5-4000-0.02-12E-5-100-6-3.fa	XML-5	39	10793
XML-5/alignment_XML5-4000-0.02-12E-5-200-1-1.fa	XML-5	42	10874
XML-5/alignment_XML5-4000-0.02-12E-5-200-1-2.fa	XML-5	60	10805
XML-5/alignment_XML5-4000-0.02-12E-5-200-1-3.fa	XML-5	53	10862
XML-5/alignment_XML5-4000-0.02-12E-5-200-2-1.fa	XML-5	45	10781
XML-5/alignment_XML5-4000-0.02-12E-5-200-2-2.fa	XML-5	54	10829
XML-5/alignment_XML5-4000-0.02-12E-5-200-2-3.fa	XML-5	37	10835
XML-5/alignment_XML5-4000-0.02-12E-5-200-3-1.fa	XML-5	40	10829
XML-5/alignment_XML5-4000-0.02-12E-5-200-3-2.fa	XML-5	61	10817
XML-5/alignment_XML5-4000-0.02-12E-5-200-3-3.fa	XML-5	61	10835
XML-5/alignment_XML5-4000-0.02-12E-5-200-4-1.fa	XML-5	63	10808
XML-5/alignment_XML5-4000-0.02-12E-5-200-4-2.fa	XML-5	52	10832
XML-5/alignment_XML5-4000-0.02-12E-5-200-4-3.fa	XML-5	60	10802
XML-5/alignment_XML5-4000-0.02-12E-5-200-5-1.fa	XML-5	55	10805
XML-5/alignment_XML5-4000-0.02-12E-5-200-5-2.fa	XML-5	56	10820
XML-5/alignment_XML5-4000-0.02-12E-5-200-5-3.fa	XML-5	43	10805
XML-5/alignment_XML5-4000-0.02-12E-5-200-6-1.fa	XML-5	54	10817
XML-5/alignment_XML5-4000-0.02-12E-5-200-6-2.fa	XML-5	49	10835
XML-5/alignment_XML5-4000-0.02-12E-5-200-6-3.fa	XML-5	49	10835
XML-5/alignment_XML5-4000-0.02-12E-5-50-1-1.fa	XML-5	30	10766
XML-5/alignment_XML5-4000-0.02-12E-5-50-1-2.fa	XML-5	19	10754
XML-5/alignment_XML5-4000-0.02-12E-5-50-1-3.fa	XML-5	24	10790
XML-5/alignment_XML5-4000-0.02-12E-5-50-2-1.fa	XML-5	20	10772
XML-5/alignment_XML5-4000-0.02-12E-5-50-2-2.fa	XML-5	28	10796
XML-5/alignment_XML5-4000-0.02-12E-5-50-2-3.fa	XML-5	27	10748
XML-5/alignment_XML5-4000-0.02-12E-5-50-3-1.fa	XML-5	32	10805
XML-5/alignment_XML5-4000-0.02-12E-5-50-3-2.fa	XML-5	17	10784
XML-5/alignment_XML5-4000-0.02-12E-5-50-3-3.fa	XML-5	16	10763
XML-5/alignment_XML5-4000-0.02-12E-5-50-4-1.fa	XML-5	28	10781
XML-5/alignment_XML5-4000-0.02-12E-5-50-4-2.fa	XML-5	24	10766
XML-5/alignment_XML5-4000-0.02-12E-5-50-4-3.fa	XML-5	25	10808
XML-5/alignment_XML5-4000-0.02-12E-5-50-5-1.fa	XML-5	23	10781
XML-5/alignment_XML5-4000-0.02-12E-5-50-5-2.fa	XML-5	18	10784
XML-5/alignment_XML5-4000-0.02-12E-5-50-5-3.fa	XML-5	32	10790
XML-5/alignment_XML5-4000-0.02-12E-5-50-6-1.fa	XML-5	17	10790
XML-5/alignment_XML5-4000-0.02-12E-5-50-6-2.fa	XML-5	27	10796
XML-5/alignment_XML5-4000-0.02-12E-5-50-6-3.fa	XML-5	21	10757
XML-5/alignment_XML5-4000-0.02-4E-5-100-1-1.fa	XML-5	32	10820
XML-5/alignment_XML5-4000-0.02-4E-5-100-1-2.fa	XML-5	48	10823
XML-5/alignment_XML5-4000-0.02-4E-5-100-1-3.fa	XML-5	41	10835
XML-5/alignment_XML5-4000-0.02-4E-5-100-2-1.fa	XML-5	31	10829
XML-5/alignment_XML5-4000-0.02-4E-5-100-2-2.fa	XML-5	37	10775
XML-5/alignment_XML5-4000-0.02-4E-5-100-3-1.fa	XML-5	39	10814
XML-5/alignment_XML5-4000-0.02-4E-5-100-3-2.fa	XML-5	27	10772
XML-5/alignment_XML5-4000-0.02-4E-5-100-3-3.fa	XML-5	35	10784
XML-5/alignment_XML5-4000-0.02-4E-5-100-4-1.fa	XML-5	33	10787
XML-5/alignment_XML5-4000-0.02-4E-5-100-4-2.fa	XML-5	34	10793
XML-5/alignment_XML5-4000-0.02-4E-5-100-4-3.fa	XML-5	40	10835
XML-5/alignment_XML5-4000-0.02-4E-5-100-5-1.fa	XML-5	35	10760
XML-5/alignment_XML5-4000-0.02-4E-5-100-5-2.fa	XML-5	34	10780
XML-5/alignment_XML5-4000-0.02-4E-5-100-5-3.fa	XML-5	42	10802
XML-5/alignment_XML5-4000-0.02-4E-5-100-6-1.fa	XML-5	34	10781
XML-5/alignment_XML5-4000-0.02-4E-5-100-6-2.fa	XML-5	35	10799
XML-5/alignment_XML5-4000-0.02-4E-5-100-6-3.fa	XML-5	33	10805
XML-5/alignment_XML5-4000-0.02-4E-5-200-1-1.fa	XML-5	44	10826
XML-5/alignment_XML5-4000-0.02-4E-5-200-1-2.fa	XML-5	61	10808
XML-5/alignment_XML5-4000-0.02-4E-5-200-1-3.fa	XML-5	52	10859
XML-5/alignment_XML5-4000-0.02-4E-5-200-2-1.fa	XML-5	56	10781
XML-5/alignment_XML5-4000-0.02-4E-5-200-2-2.fa	XML-5	41	10790
XML-5/alignment_XML5-4000-0.02-4E-5-200-2-3.fa	XML-5	53	10781
XML-5/alignment_XML5-4000-0.02-4E-5-200-3-1.fa	XML-5	39	10799
XML-5/alignment_XML5-4000-0.02-4E-5-200-3-2.fa	XML-5	54	10832
XML-5/alignment_XML5-4000-0.02-4E-5-200-3-3.fa	XML-5	51	10838
XML-5/alignment_XML5-4000-0.02-4E-5-200-4-1.fa	XML-5	57	10814
XML-5/alignment_XML5-4000-0.02-4E-5-200-4-2.fa	XML-5	57	10796
XML-5/alignment_XML5-4000-0.02-4E-5-200-4-3.fa	XML-5	55	10823
XML-5/alignment_XML5-4000-0.02-4E-5-200-5-1.fa	XML-5	47	10829
XML-5/alignment_XML5-4000-0.02-4E-5-200-5-2.fa	XML-5	48	10799
XML-5/alignment_XML5-4000-0.02-4E-5-200-5-3.fa	XML-5	52	10832
XML-5/alignment_XML5-4000-0.02-4E-5-200-6-1.fa	XML-5	49	10811
XML-5/alignment_XML5-4000-0.02-4E-5-200-6-2.fa	XML-5	56	10841
XML-5/alignment_XML5-4000-0.02-4E-5-50-1-1.fa	XML-5	22	10796
XML-5/alignment_XML5-4000-0.02-4E-5-50-1-2.fa	XML-5	34	10793
XML-5/alignment_XML5-4000-0.02-4E-5-50-2-1.fa	XML-5	12	10748
XML-5/alignment_XML5-4000-0.02-4E-5-50-2-2.fa	XML-5	30	10760
XML-5/alignment_XML5-4000-0.02-4E-5-50-2-3.fa	XML-5	34	10763
XML-5/alignment_XML5-4000-0.02-4E-5-50-3-1.fa	XML-5	28	10799
XML-5/alignment_XML5-4000-0.02-4E-5-50-3-2.fa	XML-5	31	10835
XML-5/alignment_XML5-4000-0.02-4E-5-50-3-3.fa	XML-5	13	10817
XML-5/alignment_XML5-4000-0.02-4E-5-50-4-1.fa	XML-5	17	10766
XML-5/alignment_XML5-4000-0.02-4E-5-50-4-2.fa	XML-5	19	10805
XML-5/alignment_XML5-4000-0.02-4E-5-50-4-3.fa	XML-5	30	10781
XML-5/alignment_XML5-4000-0.02-4E-5-50-5-1.fa	XML-5	34	10757
XML-5/alignment_XML5-4000-0.02-4E-5-50-5-2.fa	XML-5	22	10772
XML-5/alignment_XML5-4000-0.02-4E-5-50-5-3.fa	XML-5	22	10778
XML-5/alignment_XML5-4000-0.02-4E-5-50-6-1.fa	XML-5	23	10802
XML-5/alignment_XML5-4000-0.02-4E-5-50-6-2.fa	XML-5	18	10769
XML-5/alignment_XML5-4000-0.02-4E-5-50-6-3.fa	XML-5	33	10766
XML-5/alignment_XML5-4000-0.02-8E-5-100-1-1.fa	XML-5	49	10799
XML-5/alignment_XML5-4000-0.02-8E-5-100-1-2.fa	XML-5	25	10760
XML-5/alignment_XML5-4000-0.02-8E-5-100-1-3.fa	XML-5	43	10802
XML-5/alignment_XML5-4000-0.02-8E-5-100-2-1.fa	XML-5	32	10787
XML-5/alignment_XML5-4000-0.02-8E-5-100-2-3.fa	XML-5	37	10802
XML-5/alignment_XML5-4000-0.02-8E-5-100-3-1.fa	XML-5	38	10796
XML-5/alignment_XML5-4000-0.02-8E-5-100-3-2.fa	XML-5	36	10775
XML-5/alignment_XML5-4000-0.02-8E-5-100-3-3.fa	XML-5	38	10820
XML-5/alignment_XML5-4000-0.02-8E-5-100-4-1.fa	XML-5	31	10814
XML-5/alignment_XML5-4000-0.02-8E-5-100-4-2.fa	XML-5	36	10790
XML-5/alignment_XML5-4000-0.02-8E-5-100-4-3.fa	XML-5	42	10811
XML-5/alignment_XML5-4000-0.02-8E-5-100-5-1.fa	XML-5	35	10790
XML-5/alignment_XML5-4000-0.02-8E-5-100-5-2.fa	XML-5	40	10778
XML-5/alignment_XML5-4000-0.02-8E-5-100-5-3.fa	XML-5	41	10808
XML-5/alignment_XML5-4000-0.02-8E-5-100-6-1.fa	XML-5	43	10784
XML-5/alignment_XML5-4000-0.02-8E-5-100-6-2.fa	XML-5	36	10772
XML-5/alignment_XML5-4000-0.02-8E-5-100-6-3.fa	XML-5	37	10790
XML-5/alignment_XML5-4000-0.02-8E-5-200-1-1.fa	XML-5	51	10814
XML-5/alignment_XML5-4000-0.02-8E-5-200-1-2.fa	XML-5	50	10850
XML-5/alignment_XML5-4000-0.02-8E-5-200-1-3.fa	XML-5	77	10835
XML-5/alignment_XML5-4000-0.02-8E-5-200-2-1.fa	XML-5	56	10844
XML-5/alignment_XML5-4000-0.02-8E-5-200-2-2.fa	XML-5	27	10805
XML-5/alignment_XML5-4000-0.02-8E-5-200-2-3.fa	XML-5	54	10823
XML-5/alignment_XML5-4000-0.02-8E-5-200-3-1.fa	XML-5	62	10796
XML-5/alignment_XML5-4000-0.02-8E-5-200-3-2.fa	XML-5	34	10853
XML-5/alignment_XML5-4000-0.02-8E-5-200-3-3.fa	XML-5	42	10868
XML-5/alignment_XML5-4000-0.02-8E-5-200-4-1.fa	XML-5	61	10835
XML-5/alignment_XML5-4000-0.02-8E-5-200-4-2.fa	XML-5	49	10805
XML-5/alignment_XML5-4000-0.02-8E-5-200-4-3.fa	XML-5	43	10874
XML-5/alignment_XML5-4000-0.02-8E-5-200-5-1.fa	XML-5	69	10835
XML-5/alignment_XML5-4000-0.02-8E-5-200-5-2.fa	XML-5	41	10805
XML-5/alignment_XML5-4000-0.02-8E-5-200-5-3.fa	XML-5	66	10832
XML-5/alignment_XML5-4000-0.02-8E-5-200-6-1.fa	XML-5	62	10796
XML-5/alignment_XML5-4000-0.02-8E-5-200-6-2.fa	XML-5	72	10790
XML-5/alignment_XML5-4000-0.02-8E-5-200-6-3.fa	XML-5	45	10832
XML-5/alignment_XML5-4000-0.02-8E-5-50-1-1.fa	XML-5	33	10769
XML-5/alignment_XML5-4000-0.02-8E-5-50-1-2.fa	XML-5	26	10757
XML-5/alignment_XML5-4000-0.02-8E-5-50-1-3.fa	XML-5	23	10778
XML-5/alignment_XML5-4000-0.02-8E-5-50-2-1.fa	XML-5	20	10814
XML-5/alignment_XML5-4000-0.02-8E-5-50-2-2.fa	XML-5	27	10766
XML-5/alignment_XML5-4000-0.02-8E-5-50-2-3.fa	XML-5	23	10775
XML-5/alignment_XML5-4000-0.02-8E-5-50-3-1.fa	XML-5	23	10739
XML-5/alignment_XML5-4000-0.02-8E-5-50-3-2.fa	XML-5	27	10784
XML-5/alignment_XML5-4000-0.02-8E-5-50-3-3.fa	XML-5	20	10811
XML-5/alignment_XML5-4000-0.02-8E-5-50-4-1.fa	XML-5	28	10784
XML-5/alignment_XML5-4000-0.02-8E-5-50-4-3.fa	XML-5	29	10820
XML-5/alignment_XML5-4000-0.02-8E-5-50-5-1.fa	XML-5	29	10760
XML-5/alignment_XML5-4000-0.02-8E-5-50-5-2.fa	XML-5	24	10742
XML-5/alignment_XML5-4000-0.02-8E-5-50-5-3.fa	XML-5	39	10820
XML-5/alignment_XML5-4000-0.02-8E-5-50-6-1.fa	XML-5	30	10763
XML-5/alignment_XML5-4000-0.02-8E-5-50-6-2.fa	XML-5	25	10805
XML-5/alignment_XML5-4000-0.02-8E-5-50-6-3.fa	XML-5	19	10778
long_content_30k_001/long30k_001_gc3250_rp0.01_mr8E-5_ss100.fa	long_content_30k_001	195	29902
long_content_30k_001/long30k_004_gc3250_rp0.01_mr12E-5_ss200.fa	long_content_30k_001	158	29902
long_content_30k_001/long30k_014_gc4000_rp0.02_mr12E-5_ss50.fa	long_content_30k_001	27	10443
long_content_30k_001/long30k_016_gc4000_rp0.005_mr12E-5_ss50.fa	long_content_30k_001	15	24972
long_content_30k_001/long30k_017_gc3250_rp0.005_mr8E-5_ss200.fa	long_content_30k_001	1	26286
long_content_30k_001/long30k_022_gc4000_rp0.01_mr12E-5_ss100.fa	long_content_30k_001	199	29902
long_content_30k_001/long30k_024_gc3250_rp0.02_mr12E-5_ss200.fa	long_content_30k_001	26	28170
long_content_30k_001/long30k_029_gc3250_rp0.005_mr12E-5_ss100.fa	long_content_30k_001	28	24591
long_content_30k_001/long30k_037_gc2500_rp0.005_mr12E-5_ss50.fa	long_content_30k_001	6	26049
long_content_30k_001/long30k_038_gc3250_rp0.02_mr12E-5_ss50.fa	long_content_30k_001	85	28881
long_content_30k_001/long30k_039_gc4000_rp0.02_mr12E-5_ss200.fa	long_content_30k_001	264	29902
long_content_30k_001/long30k_041_gc3250_rp0.02_mr8E-5_ss100.fa	long_content_30k_001	80	28083
long_content_30k_001/long30k_045_gc3250_rp0.01_mr8E-5_ss50.fa	long_content_30k_001	9	5649
long_content_30k_001/long30k_048_gc4000_rp0.01_mr12E-5_ss200.fa	long_content_30k_001	60	29902
long_content_30k_001/long30k_051_gc2500_rp0.005_mr8E-5_ss200.fa	long_content_30k_001	5	29902
long_content_30k_001/long30k_052_gc2500_rp0.02_mr12E-5_ss100.fa	long_content_30k_001	70	29902
long_content_30k_001/long30k_058_gc2500_rp0.01_mr12E-5_ss200.fa	long_content_30k_001	28	6990
long_content_30k_001/long30k_066_gc2500_rp0.02_mr12E-5_ss50.fa	long_content_30k_001	64	28095
long_content_30k_001/long30k_067_gc4000_rp0.01_mr8E-5_ss100.fa	long_content_30k_001	93	29902
long_content_30k_001/long30k_069_gc4000_rp0.02_mr12E-5_ss100.fa	long_content_30k_001	241	29902
long_content_30k_001/long30k_071_gc2500_rp0.01_mr8E-5_ss50.fa	long_content_30k_001	60	29902
long_content_30k_001/long30k_072_gc3250_rp0.005_mr4E-5_ss200.fa	long_content_30k_001	33	29902
long_content_30k_001/long30k_075_gc3250_rp0.02_mr12E-5_ss100.fa	long_content_30k_001	52	29902
long_content_30k_001/long30k_076_gc2500_rp0.01_mr12E-5_ss100.fa	long_content_30k_001	56	21597
long_content_30k_001/long30k_077_gc4000_rp0.01_mr8E-5_ss200.fa	long_content_30k_001	232	29902
long_content_30k_001/long30k_081_gc4000_rp0.01_mr12E-5_ss50.fa	long_content_30k_001	75	29902
long_content_30k_001/long30k_084_gc4000_rp0.02_mr8E-5_ss50.fa	long_content_30k_001	54	29902
long_content_30k_001/long30k_085_gc3250_rp0.01_mr12E-5_ss200.fa	long_content_30k_001	4	29850
long_content_30k_001/long30k_089_gc2500_rp0.005_mr8E-5_ss50.fa	long_content_30k_001	7	28254
long_content_30k_001/long30k_095_gc4000_rp0.02_mr12E-5_ss50.fa	long_content_30k_001	54	29902
long_content_30k_001/long30k_102_gc4000_rp0.005_mr8E-5_ss100.fa	long_content_30k_001	2	21345
long_content_30k_001/long30k_103_gc4000_rp0.01_mr12E-5_ss100.fa	long_content_30k_001	65	29787
long_content_30k_001/long30k_105_gc3250_rp0.02_mr12E-5_ss200.fa	long_content_30k_001	166	29902
long_content_30k_001/long30k_121_gc3250_rp0.01_mr12E-5_ss50.fa	long_content_30k_001	5	12189
long_content_30k_001/long30k_125_gc4000_rp0.01_mr8E-5_ss50.fa	long_content_30k_001	4	29902
long_content_30k_001/long30k_127_gc4000_rp0.005_mr12E-5_ss100.fa	long_content_30k_001	147	26262
long_content_30k_001/long30k_128_gc3250_rp0.02_mr8E-5_ss50.fa	long_content_30k_001	4	29902
long_content_30k_001/long30k_129_gc4000_rp0.01_mr12E-5_ss200.fa	long_content_30k_001	203	29902
long_content_30k_001/long30k_134_gc3250_rp0.01_mr12E-5_ss100.fa	long_content_30k_001	170	29902
long_content_30k_001/long30k_136_gc2500_rp0.02_mr12E-5_ss200.fa	long_content_30k_001	205	29902
long_content_30k_001/long30k_139_gc2500_rp0.01_mr12E-5_ss200.fa	long_content_30k_001	463	21525
long_content_30k_001/long30k_140_gc2500_rp0.005_mr8E-5_ss100.fa	long_content_30k_001	33	29902
long_content_30k_001/long30k_148_gc4000_rp0.01_mr8E-5_ss100.fa	long_content_30k_001	2	28521
long_content_30k_001/long30k_149_gc2500_rp0.01_mr8E-5_ss100.fa	long_content_30k_001	7	5130
long_content_30k_001/long30k_150_gc4000_rp0.02_mr12E-5_ss100.fa	long_content_30k_001	46	29902
long_content_30k_001/long30k_156_gc3250_rp0.02_mr12E-5_ss100.fa	long_content_30k_001	1	23193
long_content_30k_001/long30k_162_gc4000_rp0.01_mr12E-5_ss50.fa	long_content_30k_001	9	25239
long_content_30k_001/long30k_164_gc2500_rp0.005_mr12E-5_ss200.fa	long_content_30k_001	41	29902
long_content_30k_001/long30k_166_gc3250_rp0.01_mr12E-5_ss200.fa	long_content_30k_001	109	29902
long_content_30k_001/long30k_172_gc2500_rp0.02_mr8E-5_ss200.fa	long_content_30k_001	66	29902
long_content_30k_001/long30k_176_gc4000_rp0.02_mr12E-5_ss50.fa	long_content_30k_001	7	29902
long_content_30k_001/long30k_181_gc4000_rp0.005_mr8E-5_ss200.fa	long_content_30k_001	88	8019
long_content_30k_001/long30k_182_gc4000_rp0.005_mr12E-5_ss200.fa	long_content_30k_001	2	29902
long_content_30k_001/long30k_186_gc3250_rp0.02_mr12E-5_ss200.fa	long_content_30k_001	6	29902
long_content_30k_001/long30k_191_gc3250_rp0.005_mr12E-5_ss100.fa	long_content_30k_001	12	29902
long_content_30k_001/long30k_200_gc3250_rp0.02_mr12E-5_ss50.fa	long_content_30k_001	11	29902
long_content_30k_001/long30k_201_gc4000_rp0.02_mr12E-5_ss200.fa	long_content_30k_001	81	15636
long_content_30k_001/long30k_214_gc2500_rp0.02_mr12E-5_ss100.fa	long_content_30k_001	184	29902
long_content_30k_001/long30k_215_gc3250_rp0.01_mr12E-5_ss100.fa	long_content_30k_001	5	16194
long_content_30k_001/long30k_216_gc2500_rp0.02_mr8E-5_ss50.fa	long_content_30k_001	165	29902
long_content_30k_001/long30k_218_gc4000_rp0.02_mr8E-5_ss100.fa	long_content_30k_001	274	29902
long_content_30k_001/long30k_220_gc2500_rp0.01_mr12E-5_ss200.fa	long_content_30k_001	51	28440
long_content_30k_001/long30k_221_gc2500_rp0.005_mr8E-5_ss100.fa	long_content_30k_001	1	1341
long_content_30k_001/long30k_224_gc3250_rp0.02_mr8E-5_ss200.fa	long_content_30k_001	243	29902
long_content_30k_001/long30k_226_gc4000_rp0.02_mr8E-5_ss200.fa	long_content_30k_001	270	29902
long_content_30k_001/long30k_230_gc2500_rp0.01_mr8E-5_ss100.fa	long_content_30k_001	73	29902
long_content_30k_001/long30k_245_gc2500_rp0.005_mr12E-5_ss200.fa	long_content_30k_001	109	29902
long_content_30k_001/long30k_247_gc3250_rp0.01_mr12E-5_ss200.fa	long_content_30k_001	1	29902
long_content_30k_001/long30k_252_gc3250_rp0.005_mr4E-5_ss100.fa	long_content_30k_001	14	29094
long_content_30k_001/long30k_267_gc3250_rp0.02_mr12E-5_ss200.fa	long_content_30k_001	312	29742
long_content_30k_001/long30k_281_gc3250_rp0.02_mr12E-5_ss50.fa	long_content_30k_001	40	29902
long_content_30k_001/long30k_282_gc4000_rp0.02_mr12E-5_ss200.fa	long_content_30k_001	45	29902
long_content_30k_001/long30k_283_gc3250_rp0.01_mr12E-5_ss50.fa	long_content_30k_001	13	24546
long_content_30k_001/long30k_287_gc4000_rp0.01_mr8E-5_ss50.fa	long_content_30k_001	13	28659
long_content_30k_001/long30k_289_gc4000_rp0.005_mr12E-5_ss100.fa	long_content_30k_001	17	29902
long_content_30k_001/long30k_295_gc2500_rp0.02_mr12E-5_ss100.fa	long_content_30k_001	138	29902
long_content_30k_001/long30k_298_gc2500_rp0.02_mr12E-5_ss200.fa	long_content_30k_001	809	27954
long_content_30k_001/long30k_303_gc3250_rp0.005_mr12E-5_ss200.fa	long_content_30k_001	16	13623
long_content_30k_001/long30k_304_gc4000_rp0.005_mr8E-5_ss50.fa	long_content_30k_001	17	24339
long_content_30k_001/long30k_306_gc2500_rp0.005_mr12E-5_ss100.fa	long_content_30k_001	6	29902
long_content_30k_001/long30k_307_gc4000_rp0.02_mr8E-5_ss200.fa	long_content_30k_001	16	29902
long_content_30k_001/long30k_314_gc2500_rp0.01_mr8E-5_ss50.fa	long_content_30k_001	7	15819
long_content_30k_001/long30k_318_gc3250_rp0.02_mr12E-5_ss100.fa	long_content_30k_001	178	29902
long_content_30k_001/long30k_319_gc2500_rp0.01_mr12E-5_ss100.fa	long_content_30k_001	1	10188
long_content_30k_001/long30k_324_gc4000_rp0.01_mr12E-5_ss50.fa	long_content_30k_001	7	29902
long_content_30k_001/long30k_327_gc4000_rp0.02_mr8E-5_ss50.fa	long_content_30k_001	149	29902
long_content_30k_001/long30k_334_gc2500_rp0.02_mr8E-5_ss200.fa	long_content_30k_001	36	29902
long_content_30k_001/long30k_338_gc4000_rp0.02_mr12E-5_ss50.fa	long_content_30k_001	212	29902
long_content_30k_001/long30k_353_gc3250_rp0.005_mr12E-5_ss100.fa	long_content_30k_001	29	15810
long_content_30k_001/long30k_356_gc4000_rp0.02_mr4E-5_ss50.fa	long_content_30k_001	120	29902
long_content_30k_001/long30k_362_gc3250_rp0.02_mr12E-5_ss50.fa	long_content_30k_001	75	29902
long_content_30k_001/long30k_363_gc4000_rp0.02_mr12E-5_ss200.fa	long_content_30k_001	248	29902
long_content_30k_001/long30k_364_gc3250_rp0.01_mr12E-5_ss50.fa	long_content_30k_001	8	22059
long_content_30k_001/long30k_365_gc3250_rp0.02_mr8E-5_ss100.fa	long_content_30k_001	84	29902
long_content_30k_001/long30k_367_gc3250_rp0.005_mr8E-5_ss100.fa	long_content_30k_001	14	5892
long_content_30k_001/long30k_371_gc3250_rp0.02_mr8E-5_ss50.fa	long_content_30k_001	47	29902
long_content_30k_001/long30k_376_gc2500_rp0.02_mr12E-5_ss100.fa	long_content_30k_001	21	29902
long_content_30k_001/long30k_377_gc3250_rp0.01_mr12E-5_ss100.fa	long_content_30k_001	29	28374
long_content_30k_001/long30k_386_gc3250_rp0.02_mr8E-5_ss200.fa	long_content_30k_001	642	29902
long_content_30k_001/long30k_387_gc2500_rp0.005_mr12E-5_ss100.fa	long_content_30k_001	60	14874
long_content_30k_001/long30k_388_gc4000_rp0.02_mr8E-5_ss200.fa	long_content_30k_001	158	29902
long_content_30k_001/long30k_390_gc2500_rp0.02_mr12E-5_ss50.fa	long_content_30k_001	7	29902
long_content_30k_001/long30k_392_gc2500_rp0.01_mr8E-5_ss100.fa	long_content_30k_001	139	29902
long_content_30k_001/long30k_399_gc3250_rp0.02_mr12E-5_ss100.fa	long_content_30k_001	395	29902
long_content_30k_001/long30k_400_gc2500_rp0.01_mr12E-5_ss100.fa	long_content_30k_001	10	4884
long_content_30k_001/long30k_409_gc3250_rp0.01_mr12E-5_ss200.fa	long_content_30k_001	182	27588
long_content_30k_001/long30k_415_gc2500_rp0.02_mr8E-5_ss200.fa	long_content_30k_001	165	29902
long_content_30k_001/long30k_417_gc3250_rp0.02_mr4E-5_ss100.fa	long_content_30k_001	393	29902
long_content_30k_001/long30k_418_gc3250_rp0.005_mr12E-5_ss50.fa	long_content_30k_001	35	17229
long_content_30k_001/long30k_419_gc4000_rp0.02_mr12E-5_ss50.fa	long_content_30k_001	13	29902
long_content_30k_001/long30k_420_gc4000_rp0.01_mr4E-5_ss100.fa	long_content_30k_001	179	29559
long_content_30k_001/long30k_421_gc4000_rp0.005_mr12E-5_ss50.fa	long_content_30k_001	6	29902
long_content_30k_001/long30k_422_gc3250_rp0.005_mr8E-5_ss200.fa	long_content_30k_001	1	29902
long_content_30k_001/long30k_424_gc4000_rp0.005_mr8E-5_ss200.fa	long_content_30k_001	3	23343
long_content_30k_001/long30k_427_gc4000_rp0.01_mr12E-5_ss100.fa	long_content_30k_001	57	29902
long_content_30k_001/long30k_429_gc3250_rp0.02_mr12E-5_ss200.fa	long_content_30k_001	405	29902
long_content_30k_001/long30k_434_gc3250_rp0.005_mr12E-5_ss100.fa	long_content_30k_001	41	28071
long_content_30k_001/long30k_439_gc2500_rp0.02_mr8E-5_ss100.fa	long_content_30k_001	300	29902
long_content_30k_001/long30k_440_gc2500_rp0.01_mr12E-5_ss50.fa	long_content_30k_001	25	29902
long_content_30k_001/long30k_445_gc3250_rp0.01_mr12E-5_ss50.fa	long_content_30k_001	9	29902
long_content_30k_001/long30k_446_gc3250_rp0.02_mr8E-5_ss100.fa	long_content_30k_001	321	29902
long_content_30k_001/long30k_458_gc3250_rp0.01_mr12E-5_ss100.fa	long_content_30k_001	86	29902
long_content_30k_001/long30k_459_gc2500_rp0.02_mr8E-5_ss50.fa	long_content_30k_001	14	29902
long_content_30k_001/long30k_462_gc3250_rp0.02_mr4E-5_ss50.fa	long_content_30k_001	160	29902
long_content_30k_001/long30k_463_gc2500_rp0.01_mr12E-5_ss200.fa	long_content_30k_001	205	29902
long_content_30k_001/long30k_465_gc3250_rp0.005_mr12E-5_ss200.fa	long_content_30k_001	246	29902
long_content_30k_001/long30k_467_gc3250_rp0.02_mr8E-5_ss200.fa	long_content_30k_001	7	13881
long_content_30k_001/long30k_471_gc2500_rp0.02_mr12E-5_ss50.fa	long_content_30k_001	42	28431
long_content_30k_001/long30k_476_gc2500_rp0.01_mr8E-5_ss50.fa	long_content_30k_001	2	29902
long_content_30k_001/long30k_480_gc3250_rp0.02_mr12E-5_ss100.fa	long_content_30k_001	121	25026
long_content_30k_001/long30k_481_gc2500_rp0.01_mr12E-5_ss100.fa	long_content_30k_001	9	9693
long_content_30k_001/long30k_482_gc4000_rp0.01_mr8E-5_ss200.fa	long_content_30k_001	9	26559
long_content_30k_001/long30k_489_gc4000_rp0.02_mr8E-5_ss50.fa	long_content_30k_001	56	29902
long_content_30k_001/long30k_500_gc4000_rp0.02_mr12E-5_ss50.fa	long_content_30k_001	154	29902
long_content_30k_002/lc30k002_001_gc3300_rp0.05_mr1.14E-4_ss100.fa	long_content_30k_002	211	29052
long_content_30k_002/lc30k002_002_gc3300_rp0.07_mr1.14E-4_ss100.fa	long_content_30k_002	616	29902
long_content_30k_002/lc30k002_003_gc3300_rp0.10_mr1.14E-4_ss200.fa	long_content_30k_002	3815	29902
long_content_30k_002/lc30k002_005_gc3300_rp0.15_mr1.14E-4_ss200.fa	long_content_30k_002	482	29902
long_content_30k_002/lc30k002_007_gc3300_rp0.05_mr1.14E-4_ss200.fa	long_content_30k_002	410	29902
long_content_30k_002/lc30k002_009_gc3300_rp0.05_mr1.14E-4_ss100.fa	long_content_30k_002	326	29902
long_content_30k_002/lc30k002_011_gc3300_rp0.10_mr1.14E-4_ss200.fa	long_content_30k_002	3327	29902
long_content_30k_002/lc30k002_012_gc3300_rp0.15_mr1.14E-4_ss100.fa	long_content_30k_002	1733	29902
long_content_30k_002/lc30k002_013_gc3300_rp0.15_mr1.14E-4_ss200.fa	long_content_30k_002	2976	29902
long_content_30k_002/lc30k002_015_gc3300_rp0.05_mr1.14E-4_ss200.fa	long_content_30k_002	606	29902
long_content_30k_002/lc30k002_017_gc3300_rp0.05_mr1.14E-4_ss100.fa	long_content_30k_002	268	29902
long_content_30k_002/lc30k002_018_gc3300_rp0.07_mr1.14E-4_ss100.fa	long_content_30k_002	430	29902
long_content_30k_002/lc30k002_021_gc3300_rp0.15_mr1.14E-4_ss200.fa	long_content_30k_002	1796	29902
long_content_30k_002/lc30k002_024_gc3300_rp0.10_mr1.14E-4_ss100.fa	long_content_30k_002	184	29902
long_content_30k_002/lc30k002_026_gc3300_rp0.07_mr1.14E-4_ss100.fa	long_content_30k_002	915	29902
long_content_30k_002/lc30k002_028_gc3300_rp0.15_mr1.14E-4_ss100.fa	long_content_30k_002	1948	29902
long_content_30k_002/lc30k002_030_gc3300_rp0.07_mr1.14E-4_ss200.fa	long_content_30k_002	883	29902
long_content_30k_002/lc30k002_031_gc3300_rp0.05_mr1.14E-4_ss200.fa	long_content_30k_002	418	29902
long_content_30k_002/lc30k002_033_gc3300_rp0.05_mr1.14E-4_ss100.fa	long_content_30k_002	55	29902
long_content_30k_002/lc30k002_035_gc3300_rp0.10_mr1.14E-4_ss200.fa	long_content_30k_002	3081	29902
long_content_30k_002/lc30k002_037_gc3300_rp0.15_mr1.14E-4_ss200.fa	long_content_30k_002	3344	29902
long_content_30k_002/lc30k002_040_gc3300_rp0.10_mr1.14E-4_ss100.fa	long_content_30k_002	848	29902
long_content_30k_002/lc30k002_041_gc3300_rp0.05_mr1.14E-4_ss100.fa	long_content_30k_002	209	29902
long_content_30k_002/lc30k002_044_gc3300_rp0.15_mr1.14E-4_ss100.fa	long_content_30k_002	1279	29902
long_content_30k_002/lc30k002_046_gc3300_rp0.07_mr1.14E-4_ss200.fa	long_content_30k_002	1179	29902
long_content_30k_002/lc30k002_047_gc3300_rp0.05_mr1.14E-4_ss200.fa	long_content_30k_002	578	29902
long_content_30k_002/lc30k002_048_gc3300_rp0.10_mr1.14E-4_ss100.fa	long_content_30k_002	778	29902
long_content_30k_002/lc30k002_050_gc3300_rp0.07_mr1.14E-4_ss100.fa	long_content_30k_002	927	29902
long_content_30k_002/lc30k002_051_gc3300_rp0.10_mr1.14E-4_ss200.fa	long_content_30k_002	2408	29902
long_content_30k_002/lc30k002_053_gc3300_rp0.15_mr1.14E-4_ss200.fa	long_content_30k_002	2737	29902
long_content_30k_002/lc30k002_054_gc3300_rp0.07_mr1.14E-4_ss200.fa	long_content_30k_002	678	29902
long_content_30k_002/lc30k002_056_gc3300_rp0.10_mr1.14E-4_ss100.fa	long_content_30k_002	262	29902
long_content_30k_002/lc30k002_058_gc3300_rp0.07_mr1.14E-4_ss100.fa	long_content_30k_002	595	29902
long_content_30k_002/lc30k002_064_gc3300_rp0.10_mr1.14E-4_ss100.fa	long_content_30k_002	1040	29902
long_content_30k_002/lc30k002_068_gc3300_rp0.15_mr1.14E-4_ss100.fa	long_content_30k_002	593	29902
long_content_30k_002/lc30k002_069_gc3300_rp0.15_mr1.14E-4_ss200.fa	long_content_30k_002	1912	29902
long_content_30k_002/lc30k002_070_gc3300_rp0.07_mr1.14E-4_ss200.fa	long_content_30k_002	2235	29902
long_content_30k_002/lc30k002_073_gc3300_rp0.05_mr1.14E-4_ss100.fa	long_content_30k_002	46	29902
long_content_30k_002/lc30k002_074_gc3300_rp0.07_mr1.14E-4_ss100.fa	long_content_30k_002	126	29902
long_content_30k_002/lc30k002_076_gc3300_rp0.15_mr1.14E-4_ss100.fa	long_content_30k_002	1367	29902
long_content_30k_002/lc30k002_077_gc3300_rp0.15_mr1.14E-4_ss200.fa	long_content_30k_002	2514	29902
long_content_30k_002/lc30k002_078_gc3300_rp0.07_mr1.14E-4_ss200.fa	long_content_30k_002	1460	29902
long_content_30k_002/lc30k002_080_gc3300_rp0.10_mr1.14E-4_ss100.fa	long_content_30k_002	446	29902
long_content_30k_002/lc30k002_089_gc3300_rp0.05_mr1.14E-4_ss100.fa	long_content_30k_002	218	29902
long_content_30k_002/lc30k002_090_gc3300_rp0.07_mr1.14E-4_ss100.fa	long_content_30k_002	324	29902
long_content_30k_002/lc30k002_092_gc3300_rp0.15_mr1.14E-4_ss100.fa	long_content_30k_002	3600	29902
long_content_30k_002/lc30k002_096_gc3300_rp0.10_mr1.14E-4_ss100.fa	long_content_30k_002	447	29902
long_content_30k_002/lc30k002_097_gc3300_rp0.05_mr1.14E-4_ss100.fa	long_content_30k_002	673	29902
long_content_30k_002/lc30k002_099_gc3300_rp0.10_mr1.14E-4_ss200.fa	long_content_30k_002	1346	29902
long_content_30k_002/lc30k002_1002_gc3300_rp0.07_mr1.14E-4_ss100.fa	long_content_30k_002	239	29902
long_content_30k_002/lc30k002_1007_gc3300_rp0.05_mr1.14E-4_ss200.fa	long_content_30k_002	291	29902
long_content_30k_002/lc30k002_1014_gc3300_rp0.07_mr1.14E-4_ss200.fa	long_content_30k_002	1775	29902
long_content_30k_002/lc30k002_1018_gc3300_rp0.07_mr1.14E-4_ss100.fa	long_content_30k_002	594	29902
long_content_30k_002/lc30k002_1019_gc3300_rp0.10_mr1.14E-4_ss200.fa	long_content_30k_002	895	29902
long_content_30k_002/lc30k002_1024_gc3300_rp0.10_mr1.14E-4_ss100.fa	long_content_30k_002	1029	29902
long_content_30k_002/lc30k002_1025_gc3300_rp0.05_mr1.14E-4_ss100.fa	long_content_30k_002	198	29902
long_content_30k_002/lc30k002_1026_gc3300_rp0.07_mr1.14E-4_ss100.fa	long_content_30k_002	475	29902
long_content_30k_002/lc30k002_1030_gc3300_rp0.07_mr1.14E-4_ss200.fa	long_content_30k_002	1169	29902
long_content_30k_002/lc30k002_1032_gc3300_rp0.10_mr1.14E-4_ss100.fa	long_content_30k_002	847	29902
long_content_30k_002/lc30k002_1039_gc3300_rp0.05_mr1.14E-4_ss200.fa	long_content_30k_002	128	29902
long_content_30k_002/lc30k002_103_gc3300_rp0.05_mr1.14E-4_ss200.fa	long_content_30k_002	722	29902
long_content_30k_002/lc30k002_1041_gc3300_rp0.05_mr1.14E-4_ss100.fa	long_content_30k_002	529	29902
long_content_30k_002/lc30k002_1042_gc3300_rp0.07_mr1.14E-4_ss100.fa	long_content_30k_002	1164	29902
long_content_30k_002/lc30k002_1043_gc3300_rp0.10_mr1.14E-4_ss200.fa	long_content_30k_002	1091	29902
long_content_30k_002/lc30k002_1045_gc3300_rp0.15_mr1.14E-4_ss200.fa	long_content_30k_002	2876	29902
long_content_30k_002/lc30k002_1046_gc3300_rp0.07_mr1.14E-4_ss200.fa	long_content_30k_002	2718	29902
long_content_30k_002/lc30k002_1049_gc3300_rp0.05_mr1.14E-4_ss100.fa	long_content_30k_002	222	29902
long_content_30k_002/lc30k002_1050_gc3300_rp0.07_mr1.14E-4_ss100.fa	long_content_30k_002	152	29902
long_content_30k_002/lc30k002_1053_gc3300_rp0.15_mr1.14E-4_ss200.fa	long_content_30k_002	1307	29902
long_content_30k_002/lc30k002_1054_gc3300_rp0.07_mr1.14E-4_ss200.fa	long_content_30k_002	1036	29902
long_content_30k_002/lc30k002_1060_gc3300_rp0.15_mr1.14E-4_ss100.fa	long_content_30k_002	1088	29902
long_content_30k_002/lc30k002_1061_gc3300_rp0.15_mr1.14E-4_ss200.fa	long_content_30k_002	2272	29902
long_content_30k_002/lc30k002_1063_gc3300_rp0.05_mr1.14E-4_ss200.fa	long_content_30k_002	1331	26796
long_content_30k_002/lc30k002_1065_gc3300_rp0.05_mr1.14E-4_ss100.fa	long_content_30k_002	300	29902
long_content_30k_002/lc30k002_1066_gc3300_rp0.07_mr1.14E-4_ss100.fa	long_content_30k_002	805	29902
long_content_30k_002/lc30k002_1067_gc3300_rp0.10_mr1.14E-4_ss200.fa	long_content_30k_002	2040	29902
long_content_30k_002/lc30k002_1068_gc3300_rp0.15_mr1.14E-4_ss100.fa	long_content_30k_002	1964	29902
long_content_30k_002/lc30k002_1069_gc3300_rp0.15_mr1.14E-4_ss200.fa	long_content_30k_002	1166	29902
long_content_30k_002/lc30k002_1070_gc3300_rp0.07_mr1.14E-4_ss200.fa	long_content_30k_002	1184	29902
long_content_30k_002/lc30k002_1072_gc3300_rp0.10_mr1.14E-4_ss100.fa	long_content_30k_002	749	29902
long_content_30k_002/lc30k002_1073_gc3300_rp0.05_mr1.14E-4_ss100.fa	long_content_30k_002	192	29902
long_content_30k_002/lc30k002_1075_gc3300_rp0.10_mr1.14E-4_ss200.fa	long_content_30k_002	1009	29902
long_content_30k_002/lc30k002_1076_gc3300_rp0.15_mr1.14E-4_ss100.fa	long_content_30k_002	2465	29902
long_content_30k_002/lc30k002_107_gc3300_rp0.10_mr1.14E-4_ss200.fa	long_content_30k_002	1122	29902
long_content_30k_002/lc30k002_1081_gc3300_rp0.05_mr1.14E-4_ss100.fa	long_content_30k_002	245	29902
long_content_30k_002/lc30k002_1083_gc3300_rp0.10_mr1.14E-4_ss200.fa	long_content_30k_002	2590	29902
long_content_30k_002/lc30k002_1084_gc3300_rp0.15_mr1.14E-4_ss100.fa	long_content_30k_002	1947	29902
long_content_30k_002/lc30k002_1086_gc3300_rp0.07_mr1.14E-4_ss200.fa	long_content_30k_002	586	29902
long_content_30k_002/lc30k002_1094_gc3300_rp0.07_mr1.14E-4_ss200.fa	long_content_30k_002	2800	29902
long_content_30k_002/lc30k002_1097_gc3300_rp0.05_mr1.14E-4_ss100.fa	long_content_30k_002	182	29902
long_content_30k_002/lc30k002_1098_gc3300_rp0.07_mr1.14E-4_ss100.fa	long_content_30k_002	250	29902
long_content_30k_002/lc30k002_1099_gc3300_rp0.10_mr1.14E-4_ss200.fa	long_content_30k_002	3005	29902
long_content_30k_002/lc30k002_109_gc3300_rp0.15_mr1.14E-4_ss200.fa	long_content_30k_002	3780	29902
long_content_30k_002/lc30k002_1102_gc3300_rp0.07_mr1.14E-4_ss200.fa	long_content_30k_002	2914	29902
long_content_30k_002/lc30k002_1103_gc3300_rp0.05_mr1.14E-4_ss200.fa	long_content_30k_002	1826	29902
long_content_30k_002/lc30k002_1105_gc3300_rp0.05_mr1.14E-4_ss100.fa	long_content_30k_002	616	29902
long_content_30k_002/lc30k002_1106_gc3300_rp0.07_mr1.14E-4_ss100.fa	long_content_30k_002	351	29902
long_content_30k_002/lc30k002_1107_gc3300_rp0.10_mr1.14E-4_ss200.fa	long_content_30k_002	1881	29902
long_content_30k_002/lc30k002_1109_gc3300_rp0.15_mr1.14E-4_ss200.fa	long_content_30k_002	1938	29902
long_content_30k_002/lc30k002_1111_gc3300_rp0.05_mr1.14E-4_ss200.fa	long_content_30k_002	617	29902
long_content_30k_002/lc30k002_1112_gc3300_rp0.10_mr1.14E-4_ss100.fa	long_content_30k_002	442	29902
long_content_30k_002/lc30k002_1114_gc3300_rp0.07_mr1.14E-4_ss100.fa	long_content_30k_002	1249	29902
long_content_30k_002/lc30k002_1115_gc3300_rp0.10_mr1.14E-4_ss200.fa	long_content_30k_002	458	29902
long_content_30k_002/lc30k002_1116_gc3300_rp0.15_mr1.14E-4_ss100.fa	long_content_30k_002	1325	29902
long_content_30k_002/lc30k002_1118_gc3300_rp0.07_mr1.14E-4_ss200.fa	long_content_30k_002	929	29902
long_content_30k_002/lc30k002_1119_gc3300_rp0.05_mr1.14E-4_ss200.fa	long_content_30k_002	422	29902
long_content_30k_002/lc30k002_111_gc3300_rp0.05_mr1.14E-4_ss200.fa	long_content_30k_002	441	29902
long_content_30k_002/lc30k002_1121_gc3300_rp0.05_mr1.14E-4_ss100.fa	long_content_30k_002	166	29902
long_content_30k_002/lc30k002_1122_gc3300_rp0.07_mr1.14E-4_ss100.fa	long_content_30k_002	727	29902
long_content_30k_002/lc30k002_1125_gc3300_rp0.15_mr1.14E-4_ss200.fa	long_content_30k_002	2268	29902
long_content_30k_002/lc30k002_1129_gc3300_rp0.05_mr1.14E-4_ss100.fa	long_content_30k_002	409	29902
long_content_30k_002/lc30k002_112_gc3300_rp0.10_mr1.14E-4_ss100.fa	long_content_30k_002	927	29902
long_content_30k_002/lc30k002_1134_gc3300_rp0.07_mr1.14E-4_ss200.fa	long_content_30k_002	804	29902
long_content_30k_002/lc30k002_1137_gc3300_rp0.05_mr1.14E-4_ss100.fa	long_content_30k_002	668	29902
long_content_30k_002/lc30k002_1138_gc3300_rp0.07_mr1.14E-4_ss100.fa	long_content_30k_002	1050	29902
long_content_30k_002/lc30k002_1139_gc3300_rp0.10_mr1.14E-4_ss200.fa	long_content_30k_002	414	29902
long_content_30k_002/lc30k002_113_gc3300_rp0.05_mr1.14E-4_ss100.fa	long_content_30k_002	144	29902
long_content_30k_002/lc30k002_1143_gc3300_rp0.05_mr1.14E-4_ss200.fa	long_content_30k_002	319	29902
long_content_30k_002/lc30k002_1144_gc3300_rp0.10_mr1.14E-4_ss100.fa	long_content_30k_002	924	29902
long_content_30k_002/lc30k002_1145_gc3300_rp0.05_mr1.14E-4_ss100.fa	long_content_30k_002	218	29902
long_content_30k_002/lc30k002_1146_gc3300_rp0.07_mr1.14E-4_ss100.fa	long_content_30k_002	368	29902
long_content_30k_002/lc30k002_1148_gc3300_rp0.15_mr1.14E-4_ss100.fa	long_content_30k_002	1311	29902
long_content_30k_002/lc30k002_114_gc3300_rp0.07_mr1.14E-4_ss100.fa	long_content_30k_002	673	29902
long_content_30k_002/lc30k002_1150_gc3300_rp0.07_mr1.14E-4_ss200.fa	long_content_30k_002	1839	29902
long_content_30k_002/lc30k002_1151_gc3300_rp0.05_mr1.14E-4_ss200.fa	long_content_30k_002	335	29902
long_content_30k_002/lc30k002_1155_gc3300_rp0.10_mr1.14E-4_ss200.fa	long_content_30k_002	2505	29902
long_content_30k_002/lc30k002_1156_gc3300_rp0.15_mr1.14E-4_ss100.fa	long_content_30k_002	956	29902
long_content_30k_002/lc30k002_1157_gc3300_rp0.15_mr1.14E-4_ss200.fa	long_content_30k_002	554	29902
long_content_30k_002/lc30k002_1158_gc3300_rp0.07_mr1.14E-4_ss200.fa	long_content_30k_002	991	29902
long_content_30k_002/lc30k002_1160_gc3300_rp0.10_mr1.14E-4_ss100.fa	long_content_30k_002	1188	29902
long_content_30k_002/lc30k002_1161_gc3300_rp0.05_mr1.14E-4_ss100.fa	long_content_30k_002	745	29902
long_content_30k_002/lc30k002_1164_gc3300_rp0.15_mr1.14E-4_ss100.fa	long_content_30k_002	2222	29902
long_content_30k_002/lc30k002_1166_gc3300_rp0.07_mr1.14E-4_ss200.fa	long_content_30k_002	1742	29902
long_content_30k_002/lc30k002_1168_gc3300_rp0.10_mr1.14E-4_ss100.fa	long_content_30k_002	511	29902
long_content_30k_002/lc30k002_116_gc3300_rp0.15_mr1.14E-4_ss100.fa	long_content_30k_002	776	29902
long_content_30k_002/lc30k002_1173_gc3300_rp0.15_mr1.14E-4_ss200.fa	long_content_30k_002	2626	29902
long_content_30k_002/lc30k002_1174_gc3300_rp0.07_mr1.14E-4_ss200.fa	long_content_30k_002	418	29902
long_content_30k_002/lc30k002_1175_gc3300_rp0.05_mr1.14E-4_ss200.fa	long_content_30k_002	515	29902
long_content_30k_002/lc30k002_1176_gc3300_rp0.10_mr1.14E-4_ss100.fa	long_content_30k_002	551	29902
long_content_30k_002/lc30k002_1178_gc3300_rp0.07_mr1.14E-4_ss100.fa	long_content_30k_002	369	29902
long_content_30k_002/lc30k002_1180_gc3300_rp0.15_mr1.14E-4_ss100.fa	long_content_30k_002	1411	29902
long_content_30k_002/lc30k002_1181_gc3300_rp0.15_mr1.14E-4_ss200.fa	long_content_30k_002	844	29902
long_content_30k_002/lc30k002_1183_gc3300_rp0.05_mr1.14E-4_ss200.fa	long_content_30k_002	833	29902
long_content_30k_002/lc30k002_1186_gc3300_rp0.07_mr1.14E-4_ss100.fa	long_content_30k_002	137	29902
long_content_30k_002/lc30k002_1187_gc3300_rp0.10_mr1.14E-4_ss200.fa	long_content_30k_002	3152	29902
long_content_30k_002/lc30k002_1189_gc3300_rp0.15_mr1.14E-4_ss200.fa	long_content_30k_002	2693	29902
long_content_30k_002/lc30k002_118_gc3300_rp0.07_mr1.14E-4_ss200.fa	long_content_30k_002	1262	29902
long_content_30k_002/lc30k002_1191_gc3300_rp0.05_mr1.14E-4_ss200.fa	long_content_30k_002	722	29902
long_content_30k_002/lc30k002_1194_gc3300_rp0.07_mr1.14E-4_ss100.fa	long_content_30k_002	324	29902
long_content_30k_002/lc30k002_1195_gc3300_rp0.10_mr1.14E-4_ss200.fa	long_content_30k_002	1894	29902
long_content_30k_002/lc30k002_1196_gc3300_rp0.15_mr1.14E-4_ss100.fa	long_content_30k_002	1264	29902
long_content_30k_002/lc30k002_1199_gc3300_rp0.05_mr1.14E-4_ss200.fa	long_content_30k_002	899	29902
long_content_30k_002/lc30k002_1200_gc3300_rp0.10_mr1.14E-4_ss100.fa	long_content_30k_002	1151	29902
long_content_30k_002/lc30k002_1201_gc3300_rp0.05_mr1.14E-4_ss100.fa	long_content_30k_002	112	29902
long_content_30k_002/lc30k002_1204_gc3300_rp0.15_mr1.14E-4_ss100.fa	long_content_30k_002	2049	29902
long_content_30k_002/lc30k002_1206_gc3300_rp0.07_mr1.14E-4_ss200.fa	long_content_30k_002	1463	29902
long_content_30k_002/lc30k002_1209_gc3300_rp0.05_mr1.14E-4_ss100.fa	long_content_30k_002	349	29902
long_content_30k_002/lc30k002_1211_gc3300_rp0.10_mr1.14E-4_ss200.fa	long_content_30k_002	2870	29902
long_content_30k_002/lc30k002_1212_gc3300_rp0.15_mr1.14E-4_ss100.fa	long_content_30k_002	999	29902
long_content_30k_002/lc30k002_1217_gc3300_rp0.05_mr1.14E-4_ss100.fa	long_content_30k_002	110	29902
long_content_30k_002/lc30k002_1218_gc3300_rp0.07_mr1.14E-4_ss100.fa	long_content_30k_002	762	29902
long_content_30k_002/lc30k002_1219_gc3300_rp0.10_mr1.14E-4_ss200.fa	long_content_30k_002	594	29902
long_content_30k_002/lc30k002_121_gc3300_rp0.05_mr1.14E-4_ss100.fa	long_content_30k_002	164	29902
long_content_30k_002/lc30k002_1226_gc3300_rp0.07_mr1.14E-4_ss100.fa	long_content_30k_002	278	29902
long_content_30k_002/lc30k002_1227_gc3300_rp0.10_mr1.14E-4_ss200.fa	long_content_30k_002	6040	29902
long_content_30k_002/lc30k002_1232_gc3300_rp0.10_mr1.14E-4_ss100.fa	long_content_30k_002	601	29902
long_content_30k_002/lc30k002_1234_gc3300_rp0.07_mr1.14E-4_ss100.fa	long_content_30k_002	454	29902
long_content_30k_002/lc30k002_1235_gc3300_rp0.10_mr1.14E-4_ss200.fa	long_content_30k_002	1736	29902
long_content_30k_002/lc30k002_1236_gc3300_rp0.15_mr1.14E-4_ss100.fa	long_content_30k_002	842	29902
long_content_30k_002/lc30k002_1238_gc3300_rp0.07_mr1.14E-4_ss200.fa	long_content_30k_002	1620	29902
long_content_30k_002/lc30k002_1239_gc3300_rp0.05_mr1.14E-4_ss200.fa	long_content_30k_002	505	29902
long_content_30k_002/lc30k002_1241_gc3300_rp0.05_mr1.14E-4_ss100.fa	long_content_30k_002	674	29902
long_content_30k_002/lc30k002_1242_gc3300_rp0.07_mr1.14E-4_ss100.fa	long_content_30k_002	394	29902
long_content_30k_002/lc30k002_1243_gc3300_rp0.10_mr1.14E-4_ss200.fa	long_content_30k_002	1688	29902
long_content_30k_002/lc30k002_1245_gc3300_rp0.15_mr1.14E-4_ss200.fa	long_content_30k_002	3194	29902
long_content_30k_002/lc30k002_1246_gc3300_rp0.07_mr1.14E-4_ss200.fa	long_content_30k_002	1660	29902
long_content_30k_002/lc30k002_124_gc3300_rp0.15_mr1.14E-4_ss100.fa	long_content_30k_002	1698	29902
long_content_30k_002/lc30k002_1252_gc3300_rp0.15_mr1.14E-4_ss100.fa	long_content_30k_002	695	29902
long_content_30k_002/lc30k002_1253_gc3300_rp0.15_mr1.14E-4_ss200.fa	long_content_30k_002	5437	29902
long_content_30k_002/lc30k002_1256_gc3300_rp0.10_mr1.14E-4_ss100.fa	long_content_30k_002	51	29902
long_content_30k_002/lc30k002_1257_gc3300_rp0.05_mr1.14E-4_ss100.fa	long_content_30k_002	597	29902
long_content_30k_002/lc30k002_1258_gc3300_rp0.07_mr1.14E-4_ss100.fa	long_content_30k_002	910	29902
long_content_30k_002/lc30k002_1259_gc3300_rp0.10_mr1.14E-4_ss200.fa	long_content_30k_002	4846	29902
long_content_30k_002/lc30k002_125_gc3300_rp0.15_mr1.14E-4_ss200.fa	long_content_30k_002	1911	29902
long_content_30k_002/lc30k002_1262_gc3300_rp0.07_mr1.14E-4_ss200.fa	long_content_30k_002	2579	29902
long_content_30k_002/lc30k002_1264_gc3300_rp0.10_mr1.14E-4_ss100.fa	long_content_30k_002	996	29902
long_content_30k_002/lc30k002_1265_gc3300_rp0.05_mr1.14E-4_ss100.fa	long_content_30k_002	381	29902
long_content_30k_002/lc30k002_1269_gc3300_rp0.15_mr1.14E-4_ss200.fa	long_content_30k_002	962	29902
long_content_30k_002/lc30k002_126_gc3300_rp0.07_mr1.14E-4_ss200.fa	long_content_30k_002	3178	29902
long_content_30k_002/lc30k002_1272_gc3300_rp0.10_mr1.14E-4_ss100.fa	long_content_30k_002	944	29902
long_content_30k_002/lc30k002_1274_gc3300_rp0.07_mr1.14E-4_ss100.fa	long_content_30k_002	285	29902
long_content_30k_002/lc30k002_1276_gc3300_rp0.15_mr1.14E-4_ss100.fa	long_content_30k_002	1540	29902
long_content_30k_002/lc30k002_1279_gc3300_rp0.05_mr1.14E-4_ss200.fa	long_content_30k_002	360	29902
long_content_30k_002/lc30k002_127_gc3300_rp0.05_mr1.14E-4_ss200.fa	long_content_30k_002	131	29902
long_content_30k_002/lc30k002_1283_gc3300_rp0.10_mr1.14E-4_ss200.fa	long_content_30k_002	1294	29902
long_content_30k_002/lc30k002_1284_gc3300_rp0.15_mr1.14E-4_ss100.fa	long_content_30k_002	2299	29902
long_content_30k_002/lc30k002_1285_gc3300_rp0.15_mr1.14E-4_ss200.fa	long_content_30k_002	2283	29902
long_content_30k_002/lc30k002_1288_gc3300_rp0.10_mr1.14E-4_ss100.fa	long_content_30k_002	465	29902
long_content_30k_002/lc30k002_1289_gc3300_rp0.05_mr1.14E-4_ss100.fa	long_content_30k_002	454	29902
long_content_30k_002/lc30k002_1291_gc3300_rp0.10_mr1.14E-4_ss200.fa	long_content_30k_002	1238	29902
long_content_30k_002/lc30k002_1294_gc3300_rp0.07_mr1.14E-4_ss200.fa	long_content_30k_002	804	29902
long_content_30k_002/lc30k002_1295_gc3300_rp0.05_mr1.14E-4_ss200.fa	long_content_30k_002	1023	29902
long_content_30k_002/lc30k002_1296_gc3300_rp0.10_mr1.14E-4_ss100.fa	long_content_30k_002	968	29902
long_content_30k_002/lc30k002_1299_gc3300_rp0.10_mr1.14E-4_ss200.fa	long_content_30k_002	1487	29902
long_content_30k_002/lc30k002_129_gc3300_rp0.05_mr1.14E-4_ss100.fa	long_content_30k_002	662	29902
long_content_30k_002/lc30k002_1300_gc3300_rp0.15_mr1.14E-4_ss100.fa	long_content_30k_002	1726	29902
long_content_30k_002/lc30k002_1304_gc3300_rp0.10_mr1.14E-4_ss100.fa	long_content_30k_002	1235	29902
long_content_30k_002/lc30k002_1308_gc3300_rp0.15_mr1.14E-4_ss100.fa	long_content_30k_002	3068	29902
long_content_30k_002/lc30k002_130_gc3300_rp0.07_mr1.14E-4_ss100.fa	long_content_30k_002	679	29902
long_content_30k_002/lc30k002_1310_gc3300_rp0.07_mr1.14E-4_ss200.fa	long_content_30k_002	545	29902
long_content_30k_002/lc30k002_1311_gc3300_rp0.05_mr1.14E-4_ss200.fa	long_content_30k_002	997	29902
long_content_30k_002/lc30k002_1314_gc3300_rp0.07_mr1.14E-4_ss100.fa	long_content_30k_002	627	29902
long_content_30k_002/lc30k002_1316_gc3300_rp0.15_mr1.14E-4_ss100.fa	long_content_30k_002	2543	29902
long_content_30k_002/lc30k002_1317_gc3300_rp0.15_mr1.14E-4_ss200.fa	long_content_30k_002	8894	29902
long_content_30k_002/lc30k002_1319_gc3300_rp0.05_mr1.14E-4_ss200.fa	long_content_30k_002	81	29902
long_content_30k_002/lc30k002_1321_gc3300_rp0.05_mr1.14E-4_ss100.fa	long_content_30k_002	601	29902
long_content_30k_002/lc30k002_1323_gc3300_rp0.10_mr1.14E-4_ss200.fa	long_content_30k_002	334	29902
long_content_30k_002/lc30k002_1325_gc3300_rp0.15_mr1.14E-4_ss200.fa	long_content_30k_002	1141	29902
long_content_30k_002/lc30k002_1326_gc3300_rp0.07_mr1.14E-4_ss200.fa	long_content_30k_002	535	29902
long_content_30k_002/lc30k002_1327_gc3300_rp0.05_mr1.14E-4_ss200.fa	long_content_30k_002	567	29902
long_content_30k_002/lc30k002_132_gc3300_rp0.15_mr1.14E-4_ss100.fa	long_content_30k_002	1772	29902
long_content_30k_002/lc30k002_1330_gc3300_rp0.07_mr1.14E-4_ss100.fa	long_content_30k_002	1472	29902
long_content_30k_002/lc30k002_1332_gc3300_rp0.15_mr1.14E-4_ss100.fa	long_content_30k_002	1572	29902
long_content_30k_002/lc30k002_1333_gc3300_rp0.15_mr1.14E-4_ss200.fa	long_content_30k_002	2882	29902
long_content_30k_002/lc30k002_1337_gc3300_rp0.05_mr1.14E-4_ss100.fa	long_content_30k_002	238	29902
long_content_30k_002/lc30k002_1338_gc3300_rp0.07_mr1.14E-4_ss100.fa	long_content_30k_002	298	29902
long_content_30k_002/lc30k002_1340_gc3300_rp0.15_mr1.14E-4_ss100.fa	long_content_30k_002	2243	29902
long_content_30k_002/lc30k002_1341_gc3300_rp0.15_mr1.14E-4_ss200.fa	long_content_30k_002	2305	29902
long_content_30k_002/lc30k002_1345_gc3300_rp0.05_mr1.14E-4_ss100.fa	long_content_30k_002	336	29196
long_content_30k_002/lc30k002_1346_gc3300_rp0.07_mr1.14E-4_ss100.fa	long_content_30k_002	591	29902
long_content_30k_002/lc30k002_1347_gc3300_rp0.10_mr1.14E-4_ss200.fa	long_content_30k_002	1753	29902
long_content_30k_002/lc30k002_134_gc3300_rp0.07_mr1.14E-4_ss200.fa	long_content_30k_002	1439	29902
long_content_30k_002/lc30k002_1350_gc3300_rp0.07_mr1.14E-4_ss200.fa	long_content_30k_002	641	29902
long_content_30k_002/lc30k002_1356_gc3300_rp0.15_mr1.14E-4_ss100.fa	long_content_30k_002	1801	29902
long_content_30k_002/lc30k002_1357_gc3300_rp0.15_mr1.14E-4_ss200.fa	long_content_30k_002	2800	29902
long_content_30k_002/lc30k002_1358_gc3300_rp0.07_mr1.14E-4_ss200.fa	long_content_30k_002	3569	29902
long_content_30k_002/lc30k002_135_gc3300_rp0.05_mr1.14E-4_ss200.fa	long_content_30k_002	229	29902
long_content_30k_002/lc30k002_1360_gc3300_rp0.10_mr1.14E-4_ss100.fa	long_content_30k_002	928	29902
long_content_30k_002/lc30k002_1361_gc3300_rp0.05_mr1.14E-4_ss100.fa	long_content_30k_002	318	29902
long_content_30k_002/lc30k002_1363_gc3300_rp0.10_mr1.14E-4_ss200.fa	long_content_30k_002	2442	29902
long_content_30k_002/lc30k002_1365_gc3300_rp0.15_mr1.14E-4_ss200.fa	long_content_30k_002	2220	29902
long_content_30k_002/lc30k002_1366_gc3300_rp0.07_mr1.14E-4_ss200.fa	long_content_30k_002	479	29902
long_content_30k_002/lc30k002_1369_gc3300_rp0.05_mr1.14E-4_ss100.fa	long_content_30k_002	204	29902
long_content_30k_002/lc30k002_1370_gc3300_rp0.07_mr1.14E-4_ss100.fa	long_content_30k_002	300	29902
long_content_30k_002/lc30k002_1373_gc3300_rp0.15_mr1.14E-4_ss200.fa	long_content_30k_002	3109	29902
long_content_30k_002/lc30k002_1374_gc3300_rp0.07_mr1.14E-4_ss200.fa	long_content_30k_002	1729	29902
long_content_30k_002/lc30k002_1378_gc3300_rp0.07_mr1.14E-4_ss100.fa	long_content_30k_002	502	29902
long_content_30k_002/lc30k002_1379_gc3300_rp0.10_mr1.14E-4_ss200.fa	long_content_30k_002	1972	29902
long_content_30k_002/lc30k002_1380_gc3300_rp0.15_mr1.14E-4_ss100.fa	long_content_30k_002	1126	29902
long_content_30k_002/lc30k002_1381_gc3300_rp0.15_mr1.14E-4_ss200.fa	long_content_30k_002	3672	29902
long_content_30k_002/lc30k002_1383_gc3300_rp0.05_mr1.14E-4_ss200.fa	long_content_30k_002	2392	29902
long_content_30k_002/lc30k002_1385_gc3300_rp0.05_mr1.14E-4_ss100.fa	long_content_30k_002	347	29902
long_content_30k_002/lc30k002_1386_gc3300_rp0.07_mr1.14E-4_ss100.fa	long_content_30k_002	260	29902
long_content_30k_002/lc30k002_1387_gc3300_rp0.10_mr1.14E-4_ss200.fa	long_content_30k_002	1278	29902
long_content_30k_002/lc30k002_1393_gc3300_rp0.05_mr1.14E-4_ss100.fa	long_content_30k_002	211	29902
long_content_30k_002/lc30k002_1395_gc3300_rp0.10_mr1.14E-4_ss200.fa	long_content_30k_002	2684	29902
long_content_30k_002/lc30k002_1398_gc3300_rp0.07_mr1.14E-4_ss200.fa	long_content_30k_002	446	29902
long_content_30k_002/lc30k002_1399_gc3300_rp0.05_mr1.14E-4_ss200.fa	long_content_30k_002	1051	29902
long_content_30k_002/lc30k002_139_gc3300_rp0.10_mr1.14E-4_ss200.fa	long_content_30k_002	880	29902
long_content_30k_002/lc30k002_1400_gc3300_rp0.10_mr1.14E-4_ss100.fa	long_content_30k_002	587	29902
long_content_30k_002/lc30k002_1402_gc3300_rp0.07_mr1.14E-4_ss100.fa	long_content_30k_002	124	29902
long_content_30k_002/lc30k002_1404_gc3300_rp0.15_mr1.14E-4_ss100.fa	long_content_30k_002	2178	29902
long_content_30k_002/lc30k002_1405_gc3300_rp0.15_mr1.14E-4_ss200.fa	long_content_30k_002	2708	29902
long_content_30k_002/lc30k002_1407_gc3300_rp0.05_mr1.14E-4_ss200.fa	long_content_30k_002	886	29902
long_content_30k_002/lc30k002_1408_gc3300_rp0.10_mr1.14E-4_ss100.fa	long_content_30k_002	736	29902
long_content_30k_002/lc30k002_1409_gc3300_rp0.05_mr1.14E-4_ss100.fa	long_content_30k_002	342	29902
long_content_30k_002/lc30k002_1410_gc3300_rp0.07_mr1.14E-4_ss100.fa	long_content_30k_002	343	29902
long_content_30k_002/lc30k002_1414_gc3300_rp0.07_mr1.14E-4_ss200.fa	long_content_30k_002	1571	29902
long_content_30k_002/lc30k002_1416_gc3300_rp0.10_mr1.14E-4_ss100.fa	long_content_30k_002	643	29902
long_content_30k_002/lc30k002_1423_gc3300_rp0.05_mr1.14E-4_ss200.fa	long_content_30k_002	1926	29902
long_content_30k_002/lc30k002_1424_gc3300_rp0.10_mr1.14E-4_ss100.fa	long_content_30k_002	695	29902
long_content_30k_002/lc30k002_1427_gc3300_rp0.10_mr1.14E-4_ss200.fa	long_content_30k_002	1762	29902
long_content_30k_002/lc30k002_1429_gc3300_rp0.15_mr1.14E-4_ss200.fa	long_content_30k_002	693	29902
long_content_30k_002/lc30k002_142_gc3300_rp0.07_mr1.14E-4_ss200.fa	long_content_30k_002	1890	29902
long_content_30k_002/lc30k002_1432_gc3300_rp0.10_mr1.14E-4_ss100.fa	long_content_30k_002	901	29902
long_content_30k_002/lc30k002_1435_gc3300_rp0.10_mr1.14E-4_ss200.fa	long_content_30k_002	4798	29902
long_content_30k_002/lc30k002_1436_gc3300_rp0.15_mr1.14E-4_ss100.fa	long_content_30k_002	1698	29902
long_content_30k_002/lc30k002_1438_gc3300_rp0.07_mr1.14E-4_ss200.fa	long_content_30k_002	1365	29902
long_content_30k_002/lc30k002_1439_gc3300_rp0.05_mr1.14E-4_ss200.fa	long_content_30k_002	1183	29902
long_content_30k_002/lc30k002_143_gc3300_rp0.05_mr1.14E-4_ss200.fa	long_content_30k_002	312	29902
long_content_30k_002/lc30k002_1441_gc3300_rp0.05_mr1.14E-4_ss100.fa	long_content_30k_002	663	29902
long_content_30k_002/lc30k002_1442_gc3300_rp0.07_mr1.14E-4_ss100.fa	long_content_30k_002	334	29902
long_content_30k_002/lc30k002_1444_gc3300_rp0.15_mr1.14E-4_ss100.fa	long_content_30k_002	1985	29902
long_content_30k_002/lc30k002_1448_gc3300_rp0.10_mr1.14E-4_ss100.fa	long_content_30k_002	847	29902
long_content_30k_002/lc30k002_1450_gc3300_rp0.07_mr1.14E-4_ss100.fa	long_content_30k_002	447	29902
long_content_30k_002/lc30k002_1451_gc3300_rp0.10_mr1.14E-4_ss200.fa	long_content_30k_002	1552	29902
long_content_30k_002/lc30k002_1457_gc3300_rp0.05_mr1.14E-4_ss100.fa	long_content_30k_002	196	29902
long_content_30k_002/lc30k002_1459_gc3300_rp0.10_mr1.14E-4_ss200.fa	long_content_30k_002	1513	29902
long_content_30k_002/lc30k002_145_gc3300_rp0.05_mr1.14E-4_ss100.fa	long_content_30k_002	645	29902
long_content_30k_002/lc30k002_1460_gc3300_rp0.15_mr1.14E-4_ss100.fa	long_content_30k_002	928	29902
long_content_30k_002/lc30k002_1463_gc3300_rp0.05_mr1.14E-4_ss200.fa	long_content_30k_002	1025	29902
long_content_30k_002/lc30k002_1465_gc3300_rp0.05_mr1.14E-4_ss100.fa	long_content_30k_002	236	29902
long_content_30k_002/lc30k002_1466_gc3300_rp0.07_mr1.14E-4_ss100.fa	long_content_30k_002	278	29902
long_content_30k_002/lc30k002_1467_gc3300_rp0.10_mr1.14E-4_ss200.fa	long_content_30k_002	1448	29902
long_content_30k_002/lc30k002_146_gc3300_rp0.07_mr1.14E-4_ss100.fa	long_content_30k_002	325	29902
long_content_30k_002/lc30k002_1470_gc3300_rp0.07_mr1.14E-4_ss200.fa	long_content_30k_002	549	29902
long_content_30k_002/lc30k002_1472_gc3300_rp0.10_mr1.14E-4_ss100.fa	long_content_30k_002	1217	29902
long_content_30k_002/lc30k002_1473_gc3300_rp0.05_mr1.14E-4_ss100.fa	long_content_30k_002	11	29902
long_content_30k_002/lc30k002_1475_gc3300_rp0.10_mr1.14E-4_ss200.fa	long_content_30k_002	1774	29902
long_content_30k_002/lc30k002_1476_gc3300_rp0.15_mr1.14E-4_ss100.fa	long_content_30k_002	2157	29902
long_content_30k_002/lc30k002_1477_gc3300_rp0.15_mr1.14E-4_ss200.fa	long_content_30k_002	3435	29902
long_content_30k_002/lc30k002_1479_gc3300_rp0.05_mr1.14E-4_ss200.fa	long_content_30k_002	772	29902
long_content_30k_002/lc30k002_1480_gc3300_rp0.10_mr1.14E-4_ss100.fa	long_content_30k_002	758	29902
long_content_30k_002/lc30k002_1481_gc3300_rp0.05_mr1.14E-4_ss100.fa	long_content_30k_002	628	29902
long_content_30k_002/lc30k002_1482_gc3300_rp0.07_mr1.14E-4_ss100.fa	long_content_30k_002	317	29902
long_content_30k_002/lc30k002_1485_gc3300_rp0.15_mr1.14E-4_ss200.fa	long_content_30k_002	1885	29902
long_content_30k_002/lc30k002_1488_gc3300_rp0.10_mr1.14E-4_ss100.fa	long_content_30k_002	367	29902
long_content_30k_002/lc30k002_1489_gc3300_rp0.05_mr1.14E-4_ss100.fa	long_content_30k_002	244	29902
long_content_30k_002/lc30k002_148_gc3300_rp0.15_mr1.14E-4_ss100.fa	long_content_30k_002	536	29902
long_content_30k_002/lc30k002_1490_gc3300_rp0.07_mr1.14E-4_ss100.fa	long_content_30k_002	548	29902
long_content_30k_002/lc30k002_1492_gc3300_rp0.15_mr1.14E-4_ss100.fa	long_content_30k_002	1703	29902
long_content_30k_002/lc30k002_1493_gc3300_rp0.15_mr1.14E-4_ss200.fa	long_content_30k_002	2291	29902
long_content_30k_002/lc30k002_1495_gc3300_rp0.05_mr1.14E-4_ss200.fa	long_content_30k_002	718	29902
long_content_30k_002/lc30k002_1497_gc3300_rp0.05_mr1.14E-4_ss100.fa	long_content_30k_002	313	29902
long_content_30k_002/lc30k002_1498_gc3300_rp0.07_mr1.14E-4_ss100.fa	long_content_30k_002	447	29902
long_content_30k_002/lc30k002_1500_gc3300_rp0.15_mr1.14E-4_ss100.fa	long_content_30k_002	524	29902
long_content_30k_002/lc30k002_1502_gc3300_rp0.07_mr1.14E-4_ss200.fa	long_content_30k_002	3343	29902
long_content_30k_002/lc30k002_1503_gc3300_rp0.05_mr1.14E-4_ss200.fa	long_content_30k_002	1354	29902
long_content_30k_002/lc30k002_1505_gc3300_rp0.05_mr1.14E-4_ss100.fa	long_content_30k_002	125	28536
long_content_30k_002/lc30k002_1506_gc3300_rp0.07_mr1.14E-4_ss100.fa	long_content_30k_002	696	29902
long_content_30k_002/lc30k002_1507_gc3300_rp0.10_mr1.14E-4_ss200.fa	long_content_30k_002	473	29902
long_content_30k_002/lc30k002_1508_gc3300_rp0.15_mr1.14E-4_ss100.fa	long_content_30k_002	1510	29902
long_content_30k_002/lc30k002_150_gc3300_rp0.07_mr1.14E-4_ss200.fa	long_content_30k_002	1082	29902
long_content_30k_002/lc30k002_1512_gc3300_rp0.10_mr1.14E-4_ss100.fa	long_content_30k_002	602	29902
long_content_30k_002/lc30k002_1513_gc3300_rp0.05_mr1.14E-4_ss100.fa	long_content_30k_002	91	29902
long_content_30k_002/lc30k002_1516_gc3300_rp0.15_mr1.14E-4_ss100.fa	long_content_30k_002	2451	29902
long_content_30k_002/lc30k002_1518_gc3300_rp0.07_mr1.14E-4_ss200.fa	long_content_30k_002	477	29902
long_content_30k_002/lc30k002_151_gc3300_rp0.05_mr1.14E-4_ss200.fa	long_content_30k_002	1213	29902
long_content_30k_002/lc30k002_1523_gc3300_rp0.10_mr1.14E-4_ss200.fa	long_content_30k_002	1135	29902
long_content_30k_002/lc30k002_1526_gc3300_rp0.07_mr1.14E-4_ss200.fa	long_content_30k_002	442	29902
long_content_30k_002/lc30k002_1528_gc3300_rp0.10_mr1.14E-4_ss100.fa	long_content_30k_002	945	29902
long_content_30k_002/lc30k002_152_gc3300_rp0.10_mr1.14E-4_ss100.fa	long_content_30k_002	1855	29902
long_content_30k_002/lc30k002_1530_gc3300_rp0.07_mr1.14E-4_ss100.fa	long_content_30k_002	571	29902
long_content_30k_002/lc30k002_1531_gc3300_rp0.10_mr1.14E-4_ss200.fa	long_content_30k_002	1764	29902
long_content_30k_002/lc30k002_1532_gc3300_rp0.15_mr1.14E-4_ss100.fa	long_content_30k_002	1024	29902
long_content_30k_002/lc30k002_1534_gc3300_rp0.07_mr1.14E-4_ss200.fa	long_content_30k_002	1459	29902
long_content_30k_002/lc30k002_1539_gc3300_rp0.10_mr1.14E-4_ss200.fa	long_content_30k_002	1724	29902
long_content_30k_002/lc30k002_1542_gc3300_rp0.07_mr1.14E-4_ss200.fa	long_content_30k_002	1028	29902
long_content_30k_002/lc30k002_1543_gc3300_rp0.05_mr1.14E-4_ss200.fa	long_content_30k_002	910	29902
long_content_30k_002/lc30k002_1545_gc3300_rp0.05_mr1.14E-4_ss100.fa	long_content_30k_002	614	29902
long_content_30k_002/lc30k002_1546_gc3300_rp0.07_mr1.14E-4_ss100.fa	long_content_30k_002	609	29902
long_content_30k_002/lc30k002_1547_gc3300_rp0.10_mr1.14E-4_ss200.fa	long_content_30k_002	940	29902
long_content_30k_002/lc30k002_1548_gc3300_rp0.15_mr1.14E-4_ss100.fa	long_content_30k_002	1006	29902
long_content_30k_002/lc30k002_1551_gc3300_rp0.05_mr1.14E-4_ss200.fa	long_content_30k_002	186	29902
long_content_30k_002/lc30k002_1553_gc3300_rp0.05_mr1.14E-4_ss100.fa	long_content_30k_002	301	29902
long_content_30k_002/lc30k002_155_gc3300_rp0.10_mr1.14E-4_ss200.fa	long_content_30k_002	1226	29902
long_content_30k_002/lc30k002_1560_gc3300_rp0.10_mr1.14E-4_ss100.fa	long_content_30k_002	696	29902
long_content_30k_002/lc30k002_1566_gc3300_rp0.07_mr1.14E-4_ss200.fa	long_content_30k_002	1470	29902
long_content_30k_002/lc30k002_1572_gc3300_rp0.15_mr1.14E-4_ss100.fa	long_content_30k_002	1003	29902
long_content_30k_002/lc30k002_157_gc3300_rp0.15_mr1.14E-4_ss200.fa	long_content_30k_002	2115	29902
long_content_30k_002/lc30k002_1581_gc3300_rp0.15_mr1.14E-4_ss200.fa	long_content_30k_002	6155	29902
long_content_30k_002/lc30k002_1585_gc3300_rp0.05_mr1.14E-4_ss100.fa	long_content_30k_002	170	29902
long_content_30k_002/lc30k002_1586_gc3300_rp0.07_mr1.14E-4_ss100.fa	long_content_30k_002	353	29902
long_content_30k_002/lc30k002_1587_gc3300_rp0.10_mr1.14E-4_ss200.fa	long_content_30k_002	3816	29902
long_content_30k_002/lc30k002_1591_gc3300_rp0.05_mr1.14E-4_ss200.fa	long_content_30k_002	662	29902
long_content_30k_002/lc30k002_1593_gc3300_rp0.05_mr1.14E-4_ss100.fa	long_content_30k_002	378	29902
long_content_30k_002/lc30k002_1594_gc3300_rp0.07_mr1.14E-4_ss100.fa	long_content_30k_002	569	29902
long_content_30k_002/lc30k002_1596_gc3300_rp0.15_mr1.14E-4_ss100.fa	long_content_30k_002	1058	29902
long_content_30k_002/lc30k002_1597_gc3300_rp0.15_mr1.14E-4_ss200.fa	long_content_30k_002	984	29902
long_content_30k_002/lc30k002_159_gc3300_rp0.05_mr1.14E-4_ss200.fa	long_content_30k_002	191	29902
long_content_30k_002/lc30k002_1601_gc3300_rp0.05_mr1.14E-4_ss100.fa	long_content_30k_002	269	29902
long_content_30k_002/lc30k002_1603_gc3300_rp0.10_mr1.14E-4_ss200.fa	long_content_30k_002	1464	29902
long_content_30k_002/lc30k002_1604_gc3300_rp0.15_mr1.14E-4_ss100.fa	long_content_30k_002	1436	29902
long_content_30k_002/lc30k002_1605_gc3300_rp0.15_mr1.14E-4_ss200.fa	long_content_30k_002	2475	29902
long_content_30k_002/lc30k002_1609_gc3300_rp0.05_mr1.14E-4_ss100.fa	long_content_30k_002	340	29902
long_content_30k_002/lc30k002_1610_gc3300_rp0.07_mr1.14E-4_ss100.fa	long_content_30k_002	375	29902
long_content_30k_002/lc30k002_1612_gc3300_rp0.15_mr1.14E-4_ss100.fa	long_content_30k_002	2313	29902
long_content_30k_002/lc30k002_1615_gc3300_rp0.05_mr1.14E-4_ss200.fa	long_content_30k_002	579	29902
long_content_30k_002/lc30k002_1617_gc3300_rp0.05_mr1.14E-4_ss100.fa	long_content_30k_002	1382	29902
long_content_30k_002/lc30k002_1618_gc3300_rp0.07_mr1.14E-4_ss100.fa	long_content_30k_002	354	29902
long_content_30k_002/lc30k002_161_gc3300_rp0.05_mr1.14E-4_ss100.fa	long_content_30k_002	448	29902
long_content_30k_002/lc30k002_1620_gc3300_rp0.15_mr1.14E-4_ss100.fa	long_content_30k_002	1250	29902
long_content_30k_002/lc30k002_1621_gc3300_rp0.15_mr1.14E-4_ss200.fa	long_content_30k_002	1750	29902
long_content_30k_002/lc30k002_1625_gc3300_rp0.05_mr1.14E-4_ss100.fa	long_content_30k_002	178	29902
long_content_30k_002/lc30k002_1626_gc3300_rp0.07_mr1.14E-4_ss100.fa	long_content_30k_002	790	29902
long_content_30k_002/lc30k002_1631_gc3300_rp0.05_mr1.14E-4_ss200.fa	long_content_30k_002	905	29902
long_content_30k_002/lc30k002_1632_gc3300_rp0.10_mr1.14E-4_ss100.fa	long_content_30k_002	1153	29902
long_content_30k_002/lc30k002_1633_gc3300_rp0.05_mr1.14E-4_ss100.fa	long_content_30k_002	881	29902
long_content_30k_002/lc30k002_1634_gc3300_rp0.07_mr1.14E-4_ss100.fa	long_content_30k_002	389	29902
long_content_30k_002/lc30k002_1636_gc3300_rp0.15_mr1.14E-4_ss100.fa	long_content_30k_002	732	29902
long_content_30k_002/lc30k002_1638_gc3300_rp0.07_mr1.14E-4_ss200.fa	long_content_30k_002	431	29902
long_content_30k_002/lc30k002_1639_gc3300_rp0.05_mr1.14E-4_ss200.fa	long_content_30k_002	856	29902
long_content_30k_002/lc30k002_163_gc3300_rp0.10_mr1.14E-4_ss200.fa	long_content_30k_002	2497	29902
long_content_30k_002/lc30k002_1640_gc3300_rp0.10_mr1.14E-4_ss100.fa	long_content_30k_002	795	29902
long_content_30k_002/lc30k002_1641_gc3300_rp0.05_mr1.14E-4_ss100.fa	long_content_30k_002	238	26340
long_content_30k_002/lc30k002_1647_gc3300_rp0.05_mr1.14E-4_ss200.fa	long_content_30k_002	876	29902
long_content_30k_002/lc30k002_1648_gc3300_rp0.10_mr1.14E-4_ss100.fa	long_content_30k_002	730	29902
long_content_30k_002/lc30k002_1650_gc3300_rp0.07_mr1.14E-4_ss100.fa	long_content_30k_002	592	29902
long_content_30k_002/lc30k002_1653_gc3300_rp0.15_mr1.14E-4_ss200.fa	long_content_30k_002	3226	29902
long_content_30k_002/lc30k002_1654_gc3300_rp0.07_mr1.14E-4_ss200.fa	long_content_30k_002	744	29902
long_content_30k_002/lc30k002_1656_gc3300_rp0.10_mr1.14E-4_ss100.fa	long_content_30k_002	1036	29902
long_content_30k_002/lc30k002_1657_gc3300_rp0.05_mr1.14E-4_ss100.fa	long_content_30k_002	787	29902
long_content_30k_002/lc30k002_1660_gc3300_rp0.15_mr1.14E-4_ss100.fa	long_content_30k_002	1515	29902
long_content_30k_002/lc30k002_1661_gc3300_rp0.15_mr1.14E-4_ss200.fa	long_content_30k_002	2309	29902
long_content_30k_002/lc30k002_1662_gc3300_rp0.07_mr1.14E-4_ss200.fa	long_content_30k_002	820	29902
long_content_30k_002/lc30k002_1663_gc3300_rp0.05_mr1.14E-4_ss200.fa	long_content_30k_002	113	29902
long_content_30k_002/lc30k002_1665_gc3300_rp0.05_mr1.14E-4_ss100.fa	long_content_30k_002	166	29902
long_content_30k_002/lc30k002_1666_gc3300_rp0.07_mr1.14E-4_ss100.fa	long_content_30k_002	125	29902
long_content_30k_002/lc30k002_1668_gc3300_rp0.15_mr1.14E-4_ss100.fa	long_content_30k_002	878	29902
long_content_30k_002/lc30k002_1669_gc3300_rp0.15_mr1.14E-4_ss200.fa	long_content_30k_002	1587	29902
long_content_30k_002/lc30k002_1671_gc3300_rp0.05_mr1.14E-4_ss200.fa	long_content_30k_002	166	29902
long_content_30k_002/lc30k002_1673_gc3300_rp0.05_mr1.14E-4_ss100.fa	long_content_30k_002	281	29902
long_content_30k_002/lc30k002_1674_gc3300_rp0.07_mr1.14E-4_ss100.fa	long_content_30k_002	1057	29902
long_content_30k_002/lc30k002_1675_gc3300_rp0.10_mr1.14E-4_ss200.fa	long_content_30k_002	1200	29902
long_content_30k_002/lc30k002_1678_gc3300_rp0.07_mr1.14E-4_ss200.fa	long_content_30k_002	3189	29902
long_content_30k_002/lc30k002_1679_gc3300_rp0.05_mr1.14E-4_ss200.fa	long_content_30k_002	885	29902
long_content_30k_002/lc30k002_1683_gc3300_rp0.10_mr1.14E-4_ss200.fa	long_content_30k_002	2391	29902
long_content_30k_002/lc30k002_1685_gc3300_rp0.15_mr1.14E-4_ss200.fa	long_content_30k_002	1619	29902
long_content_30k_002/lc30k002_1688_gc3300_rp0.10_mr1.14E-4_ss100.fa	long_content_30k_002	367	29902
long_content_30k_002/lc30k002_1690_gc3300_rp0.07_mr1.14E-4_ss100.fa	long_content_30k_002	438	29902
long_content_30k_002/lc30k002_1692_gc3300_rp0.15_mr1.14E-4_ss100.fa	long_content_30k_002	1594	29902
long_content_30k_002/lc30k002_1695_gc3300_rp0.05_mr1.14E-4_ss200.fa	long_content_30k_002	508	29902
long_content_30k_002/lc30k002_1698_gc3300_rp0.07_mr1.14E-4_ss100.fa	long_content_30k_002	138	29902
long_content_30k_002/lc30k002_1699_gc3300_rp0.10_mr1.14E-4_ss200.fa	long_content_30k_002	5006	29902
long_content_30k_002/lc30k002_1700_gc3300_rp0.15_mr1.14E-4_ss100.fa	long_content_30k_002	355	29902
long_content_30k_002/lc30k002_1702_gc3300_rp0.07_mr1.14E-4_ss200.fa	long_content_30k_002	1465	29902
long_content_30k_002/lc30k002_1705_gc3300_rp0.05_mr1.14E-4_ss100.fa	long_content_30k_002	590	29902
long_content_30k_002/lc30k002_1706_gc3300_rp0.07_mr1.14E-4_ss100.fa	long_content_30k_002	293	29902
long_content_30k_002/lc30k002_1707_gc3300_rp0.10_mr1.14E-4_ss200.fa	long_content_30k_002	4172	29902
long_content_30k_002/lc30k002_1709_gc3300_rp0.15_mr1.14E-4_ss200.fa	long_content_30k_002	3332	29902
long_content_30k_002/lc30k002_170_gc3300_rp0.07_mr1.14E-4_ss100.fa	long_content_30k_002	467	29902
long_content_30k_002/lc30k002_1710_gc3300_rp0.07_mr1.14E-4_ss200.fa	long_content_30k_002	584	29902
long_content_30k_002/lc30k002_1711_gc3300_rp0.05_mr1.14E-4_ss200.fa	long_content_30k_002	492	29902
long_content_30k_002/lc30k002_1716_gc3300_rp0.15_mr1.14E-4_ss100.fa	long_content_30k_002	904	29902
long_content_30k_002/lc30k002_1718_gc3300_rp0.07_mr1.14E-4_ss200.fa	long_content_30k_002	1645	29902
long_content_30k_002/lc30k002_1719_gc3300_rp0.05_mr1.14E-4_ss200.fa	long_content_30k_002	506	29902
long_content_30k_002/lc30k002_1723_gc3300_rp0.10_mr1.14E-4_ss200.fa	long_content_30k_002	2078	29902
long_content_30k_002/lc30k002_1724_gc3300_rp0.15_mr1.14E-4_ss100.fa	long_content_30k_002	509	29902
long_content_30k_002/lc30k002_1728_gc3300_rp0.10_mr1.14E-4_ss100.fa	long_content_30k_002	730	29902
long_content_30k_002/lc30k002_1729_gc3300_rp0.05_mr1.14E-4_ss100.fa	long_content_30k_002	678	29902
long_content_30k_002/lc30k002_1730_gc3300_rp0.07_mr1.14E-4_ss100.fa	long_content_30k_002	402	29902
long_content_30k_002/lc30k002_1731_gc3300_rp0.10_mr1.14E-4_ss200.fa	long_content_30k_002	528	29902
long_content_30k_002/lc30k002_1733_gc3300_rp0.15_mr1.14E-4_ss200.fa	long_content_30k_002	6606	29902
long_content_30k_002/lc30k002_1734_gc3300_rp0.07_mr1.14E-4_ss200.fa	long_content_30k_002	2163	29902
long_content_30k_002/lc30k002_1735_gc3300_rp0.05_mr1.14E-4_ss200.fa	long_content_30k_002	705	29902
long_content_30k_002/lc30k002_173_gc3300_rp0.15_mr1.14E-4_ss200.fa	long_content_30k_002	1766	29902
long_content_30k_002/lc30k002_1742_gc3300_rp0.07_mr1.14E-4_ss200.fa	long_content_30k_002	239	29902
long_content_30k_002/lc30k002_1744_gc3300_rp0.10_mr1.14E-4_ss100.fa	long_content_30k_002	1072	29902
long_content_30k_002/lc30k002_1746_gc3300_rp0.07_mr1.14E-4_ss100.fa	long_content_30k_002	104	29902
long_content_30k_002/lc30k002_1747_gc3300_rp0.10_mr1.14E-4_ss200.fa	long_content_30k_002	2661	29902
long_content_30k_002/lc30k002_1748_gc3300_rp0.15_mr1.14E-4_ss100.fa	long_content_30k_002	1684	29902
long_content_30k_002/lc30k002_174_gc3300_rp0.07_mr1.14E-4_ss200.fa	long_content_30k_002	1310	29902
long_content_30k_002/lc30k002_1750_gc3300_rp0.07_mr1.14E-4_ss200.fa	long_content_30k_002	670	29902
long_content_30k_002/lc30k002_1752_gc3300_rp0.10_mr1.14E-4_ss100.fa	long_content_30k_002	1305	29902
long_content_30k_002/lc30k002_1754_gc3300_rp0.07_mr1.14E-4_ss100.fa	long_content_30k_002	964	29902
long_content_30k_002/lc30k002_1757_gc3300_rp0.15_mr1.14E-4_ss200.fa	long_content_30k_002	979	29902
long_content_30k_002/lc30k002_1758_gc3300_rp0.07_mr1.14E-4_ss200.fa	long_content_30k_002	1463	29902
long_content_30k_002/lc30k002_175_gc3300_rp0.05_mr1.14E-4_ss200.fa	long_content_30k_002	555	29902
long_content_30k_002/lc30k002_1762_gc3300_rp0.07_mr1.14E-4_ss100.fa	long_content_30k_002	143	29902
long_content_30k_002/lc30k002_1763_gc3300_rp0.10_mr1.14E-4_ss200.fa	long_content_30k_002	3469	29902
long_content_30k_002/lc30k002_1764_gc3300_rp0.15_mr1.14E-4_ss100.fa	long_content_30k_002	400	29902
long_content_30k_002/lc30k002_1765_gc3300_rp0.15_mr1.14E-4_ss200.fa	long_content_30k_002	1385	29902
long_content_30k_002/lc30k002_1766_gc3300_rp0.07_mr1.14E-4_ss200.fa	long_content_30k_002	1047	29902
long_content_30k_002/lc30k002_1767_gc3300_rp0.05_mr1.14E-4_ss200.fa	long_content_30k_002	1773	29902
long_content_30k_002/lc30k002_1769_gc3300_rp0.05_mr1.14E-4_ss100.fa	long_content_30k_002	65	29902
long_content_30k_002/lc30k002_176_gc3300_rp0.10_mr1.14E-4_ss100.fa	long_content_30k_002	638	29902
long_content_30k_002/lc30k002_1771_gc3300_rp0.10_mr1.14E-4_ss200.fa	long_content_30k_002	1973	29902
long_content_30k_002/lc30k002_1772_gc3300_rp0.15_mr1.14E-4_ss100.fa	long_content_30k_002	2931	29902
long_content_30k_002/lc30k002_1774_gc3300_rp0.07_mr1.14E-4_ss200.fa	long_content_30k_002	615	29902
long_content_30k_002/lc30k002_1777_gc3300_rp0.05_mr1.14E-4_ss100.fa	long_content_30k_002	340	29902
long_content_30k_002/lc30k002_1782_gc3300_rp0.07_mr1.14E-4_ss200.fa	long_content_30k_002	503	29902
long_content_30k_002/lc30k002_1786_gc3300_rp0.07_mr1.14E-4_ss100.fa	long_content_30k_002	352	29902
long_content_30k_002/lc30k002_178_gc3300_rp0.07_mr1.14E-4_ss100.fa	long_content_30k_002	518	29902
long_content_30k_002/lc30k002_1790_gc3300_rp0.07_mr1.14E-4_ss200.fa	long_content_30k_002	764	29902
long_content_30k_002/lc30k002_1793_gc3300_rp0.05_mr1.14E-4_ss100.fa	long_content_30k_002	55	29902
long_content_30k_002/lc30k002_1796_gc3300_rp0.15_mr1.14E-4_ss100.fa	long_content_30k_002	1899	29902
long_content_30k_002/lc30k002_1799_gc3300_rp0.05_mr1.14E-4_ss200.fa	long_content_30k_002	754	29902
long_content_30k_002/lc30k002_1801_gc3300_rp0.05_mr1.14E-4_ss100.fa	long_content_30k_002	395	29902
long_content_30k_002/lc30k002_1802_gc3300_rp0.07_mr1.14E-4_ss100.fa	long_content_30k_002	816	29902
long_content_30k_002/lc30k002_1805_gc3300_rp0.15_mr1.14E-4_ss200.fa	long_content_30k_002	3815	29902
long_content_30k_002/lc30k002_1806_gc3300_rp0.07_mr1.14E-4_ss200.fa	long_content_30k_002	518	29902
long_content_30k_002/lc30k002_1809_gc3300_rp0.05_mr1.14E-4_ss100.fa	long_content_30k_002	374	29902
long_content_30k_002/lc30k002_1810_gc3300_rp0.07_mr1.14E-4_ss100.fa	long_content_30k_002	376	29902
long_content_30k_002/lc30k002_1811_gc3300_rp0.10_mr1.14E-4_ss200.fa	long_content_30k_002	2278	29902
long_content_30k_002/lc30k002_1812_gc3300_rp0.15_mr1.14E-4_ss100.fa	long_content_30k_002	1208	29902
long_content_30k_002/lc30k002_1813_gc3300_rp0.15_mr1.14E-4_ss200.fa	long_content_30k_002	1952	29902
long_content_30k_002/lc30k002_1817_gc3300_rp0.05_mr1.14E-4_ss100.fa	long_content_30k_002	181	29902
long_content_30k_002/lc30k002_181_gc3300_rp0.15_mr1.14E-4_ss200.fa	long_content_30k_002	2498	29902
long_content_30k_002/lc30k002_1820_gc3300_rp0.15_mr1.14E-4_ss100.fa	long_content_30k_002	1141	29902
long_content_30k_002/lc30k002_1821_gc3300_rp0.15_mr1.14E-4_ss200.fa	long_content_30k_002	692	29902
long_content_30k_002/lc30k002_1823_gc3300_rp0.05_mr1.14E-4_ss200.fa	long_content_30k_002	80	29902
long_content_30k_002/lc30k002_1824_gc3300_rp0.10_mr1.14E-4_ss100.fa	long_content_30k_002	568	29902
long_content_30k_002/lc30k002_1826_gc3300_rp0.07_mr1.14E-4_ss100.fa	long_content_30k_002	689	29902
long_content_30k_002/lc30k002_1827_gc3300_rp0.10_mr1.14E-4_ss200.fa	long_content_30k_002	580	29902
long_content_30k_002/lc30k002_1828_gc3300_rp0.15_mr1.14E-4_ss100.fa	long_content_30k_002	538	29902
long_content_30k_002/lc30k002_182_gc3300_rp0.07_mr1.14E-4_ss200.fa	long_content_30k_002	1119	29902
long_content_30k_002/lc30k002_1834_gc3300_rp0.07_mr1.14E-4_ss100.fa	long_content_30k_002	569	29902
long_content_30k_002/lc30k002_1836_gc3300_rp0.15_mr1.14E-4_ss100.fa	long_content_30k_002	671	29902
long_content_30k_002/lc30k002_1841_gc3300_rp0.05_mr1.14E-4_ss100.fa	long_content_30k_002	611	29902
long_content_30k_002/lc30k002_1842_gc3300_rp0.07_mr1.14E-4_ss100.fa	long_content_30k_002	149	29902
long_content_30k_002/lc30k002_1846_gc3300_rp0.07_mr1.14E-4_ss200.fa	long_content_30k_002	1286	29902
long_content_30k_002/lc30k002_1848_gc3300_rp0.10_mr1.14E-4_ss100.fa	long_content_30k_002	960	29902
long_content_30k_002/lc30k002_1849_gc3300_rp0.05_mr1.14E-4_ss100.fa	long_content_30k_002	112	22026
long_content_30k_002/lc30k002_1852_gc3300_rp0.15_mr1.14E-4_ss100.fa	long_content_30k_002	197	29902
long_content_30k_002/lc30k002_1853_gc3300_rp0.15_mr1.14E-4_ss200.fa	long_content_30k_002	2149	29902
long_content_30k_002/lc30k002_1854_gc3300_rp0.07_mr1.14E-4_ss200.fa	long_content_30k_002	811	29902
long_content_30k_002/lc30k002_1855_gc3300_rp0.05_mr1.14E-4_ss200.fa	long_content_30k_002	1127	29902
long_content_30k_002/lc30k002_1856_gc3300_rp0.10_mr1.14E-4_ss100.fa	long_content_30k_002	1393	29902
long_content_30k_002/lc30k002_1859_gc3300_rp0.10_mr1.14E-4_ss200.fa	long_content_30k_002	4112	29902
long_content_30k_002/lc30k002_1860_gc3300_rp0.15_mr1.14E-4_ss100.fa	long_content_30k_002	1227	29902
long_content_30k_002/lc30k002_1861_gc3300_rp0.15_mr1.14E-4_ss200.fa	long_content_30k_002	2495	29902
long_content_30k_002/lc30k002_1862_gc3300_rp0.07_mr1.14E-4_ss200.fa	long_content_30k_002	353	29902
long_content_30k_002/lc30k002_1866_gc3300_rp0.07_mr1.14E-4_ss100.fa	long_content_30k_002	480	29902
long_content_30k_002/lc30k002_1869_gc3300_rp0.15_mr1.14E-4_ss200.fa	long_content_30k_002	1990	29902
long_content_30k_002/lc30k002_186_gc3300_rp0.07_mr1.14E-4_ss100.fa	long_content_30k_002	666	29902
long_content_30k_002/lc30k002_1871_gc3300_rp0.05_mr1.14E-4_ss200.fa	long_content_30k_002	600	29902
long_content_30k_002/lc30k002_1872_gc3300_rp0.10_mr1.14E-4_ss100.fa	long_content_30k_002	1931	29902
long_content_30k_002/lc30k002_1875_gc3300_rp0.10_mr1.14E-4_ss200.fa	long_content_30k_002	2525	29902
long_content_30k_002/lc30k002_1876_gc3300_rp0.15_mr1.14E-4_ss100.fa	long_content_30k_002	1391	29902
long_content_30k_002/lc30k002_1878_gc3300_rp0.07_mr1.14E-4_ss200.fa	long_content_30k_002	1919	29902
long_content_30k_002/lc30k002_1879_gc3300_rp0.05_mr1.14E-4_ss200.fa	long_content_30k_002	340	24753
long_content_30k_002/lc30k002_1883_gc3300_rp0.10_mr1.14E-4_ss200.fa	long_content_30k_002	963	29902
long_content_30k_002/lc30k002_1885_gc3300_rp0.15_mr1.14E-4_ss200.fa	long_content_30k_002	1213	29902
long_content_30k_002/lc30k002_1887_gc3300_rp0.05_mr1.14E-4_ss200.fa	long_content_30k_002	1383	29902
long_content_30k_002/lc30k002_1889_gc3300_rp0.05_mr1.14E-4_ss100.fa	long_content_30k_002	549	29902
long_content_30k_002/lc30k002_1890_gc3300_rp0.07_mr1.14E-4_ss100.fa	long_content_30k_002	726	29902
long_content_30k_002/lc30k002_1894_gc3300_rp0.07_mr1.14E-4_ss200.fa	long_content_30k_002	1978	29902
long_content_30k_002/lc30k002_1895_gc3300_rp0.05_mr1.14E-4_ss200.fa	long_content_30k_002	679	29902
long_content_30k_002/lc30k002_1899_gc3300_rp0.10_mr1.14E-4_ss200.fa	long_content_30k_002	1605	29902
long_content_30k_002/lc30k002_1900_gc3300_rp0.15_mr1.14E-4_ss100.fa	long_content_30k_002	812	29902
long_content_30k_002/lc30k002_1903_gc3300_rp0.05_mr1.14E-4_ss200.fa	long_content_30k_002	827	29902
long_content_30k_002/lc30k002_1904_gc3300_rp0.10_mr1.14E-4_ss100.fa	long_content_30k_002	1683	29902
long_content_30k_002/lc30k002_1905_gc3300_rp0.05_mr1.14E-4_ss100.fa	long_content_30k_002	781	29902
long_content_30k_002/lc30k002_1907_gc3300_rp0.10_mr1.14E-4_ss200.fa	long_content_30k_002	1323	29902
long_content_30k_002/lc30k002_1909_gc3300_rp0.15_mr1.14E-4_ss200.fa	long_content_30k_002	3686	29902
long_content_30k_002/lc30k002_190_gc3300_rp0.07_mr1.14E-4_ss200.fa	long_content_30k_002	348	29902
long_content_30k_002/lc30k002_1910_gc3300_rp0.07_mr1.14E-4_ss200.fa	long_content_30k_002	187	29902
long_content_30k_002/lc30k002_1912_gc3300_rp0.10_mr1.14E-4_ss100.fa	long_content_30k_002	614	29902
long_content_30k_002/lc30k002_1913_gc3300_rp0.05_mr1.14E-4_ss100.fa	long_content_30k_002	241	29902
long_content_30k_002/lc30k002_1921_gc3300_rp0.05_mr1.14E-4_ss100.fa	long_content_30k_002	347	29902
long_content_30k_002/lc30k002_1925_gc3300_rp0.15_mr1.14E-4_ss200.fa	long_content_30k_002	3842	29902
long_content_30k_002/lc30k002_1926_gc3300_rp0.07_mr1.14E-4_ss200.fa	long_content_30k_002	1343	29902
long_content_30k_002/lc30k002_1927_gc3300_rp0.05_mr1.14E-4_ss200.fa	long_content_30k_002	246	29902
long_content_30k_002/lc30k002_1929_gc3300_rp0.05_mr1.14E-4_ss100.fa	long_content_30k_002	562	29902
long_content_30k_002/lc30k002_1933_gc3300_rp0.15_mr1.14E-4_ss200.fa	long_content_30k_002	2697	29902
long_content_30k_002/lc30k002_1934_gc3300_rp0.07_mr1.14E-4_ss200.fa	long_content_30k_002	1534	29902
long_content_30k_002/lc30k002_1935_gc3300_rp0.05_mr1.14E-4_ss200.fa	long_content_30k_002	508	29902
long_content_30k_002/lc30k002_193_gc3300_rp0.05_mr1.14E-4_ss100.fa	long_content_30k_002	204	29902
long_content_30k_002/lc30k002_1940_gc3300_rp0.15_mr1.14E-4_ss100.fa	long_content_30k_002	311	29902
long_content_30k_002/lc30k002_1942_gc3300_rp0.07_mr1.14E-4_ss200.fa	long_content_30k_002	758	29902
long_content_30k_002/lc30k002_1946_gc3300_rp0.07_mr1.14E-4_ss100.fa	long_content_30k_002	187	29902
long_content_30k_002/lc30k002_1947_gc3300_rp0.10_mr1.14E-4_ss200.fa	long_content_30k_002	426	29902
long_content_30k_002/lc30k002_1950_gc3300_rp0.07_mr1.14E-4_ss200.fa	long_content_30k_002	2803	29902
long_content_30k_002/lc30k002_1951_gc3300_rp0.05_mr1.14E-4_ss200.fa	long_content_30k_002	227	29902
long_content_30k_002/lc30k002_1955_gc3300_rp0.10_mr1.14E-4_ss200.fa	long_content_30k_002	1380	29902
long_content_30k_002/lc30k002_1956_gc3300_rp0.15_mr1.14E-4_ss100.fa	long_content_30k_002	428	29902
long_content_30k_002/lc30k002_1957_gc3300_rp0.15_mr1.14E-4_ss200.fa	long_content_30k_002	764	29902
long_content_30k_002/lc30k002_1959_gc3300_rp0.05_mr1.14E-4_ss200.fa	long_content_30k_002	92	29902
long_content_30k_002/lc30k002_195_gc3300_rp0.10_mr1.14E-4_ss200.fa	long_content_30k_002	2699	29902
long_content_30k_002/lc30k002_1960_gc3300_rp0.10_mr1.14E-4_ss100.fa	long_content_30k_002	508	29902
long_content_30k_002/lc30k002_1962_gc3300_rp0.07_mr1.14E-4_ss100.fa	long_content_30k_002	564	29902
long_content_30k_002/lc30k002_1963_gc3300_rp0.10_mr1.14E-4_ss200.fa	long_content_30k_002	1377	29902
long_content_30k_002/lc30k002_1965_gc3300_rp0.15_mr1.14E-4_ss200.fa	long_content_30k_002	4538	29902
long_content_30k_002/lc30k002_1968_gc3300_rp0.10_mr1.14E-4_ss100.fa	long_content_30k_002	679	29902
long_content_30k_002/lc30k002_196_gc3300_rp0.15_mr1.14E-4_ss100.fa	long_content_30k_002	1685	29902
long_content_30k_002/lc30k002_1970_gc3300_rp0.07_mr1.14E-4_ss100.fa	long_content_30k_002	370	29902
long_content_30k_002/lc30k002_1971_gc3300_rp0.10_mr1.14E-4_ss200.fa	long_content_30k_002	461	29902
long_content_30k_002/lc30k002_1974_gc3300_rp0.07_mr1.14E-4_ss200.fa	long_content_30k_002	919	29902
long_content_30k_002/lc30k002_1975_gc3300_rp0.05_mr1.14E-4_ss200.fa	long_content_30k_002	305	29902
long_content_30k_002/lc30k002_1977_gc3300_rp0.05_mr1.14E-4_ss100.fa	long_content_30k_002	240	29902
long_content_30k_002/lc30k002_1979_gc3300_rp0.10_mr1.14E-4_ss200.fa	long_content_30k_002	2716	29902
long_content_30k_002/lc30k002_1980_gc3300_rp0.15_mr1.14E-4_ss100.fa	long_content_30k_002	612	29902
long_content_30k_002/lc30k002_1981_gc3300_rp0.15_mr1.14E-4_ss200.fa	long_content_30k_002	3305	29902
long_content_30k_002/lc30k002_1984_gc3300_rp0.10_mr1.14E-4_ss100.fa	long_content_30k_002	1299	29902
long_content_30k_002/lc30k002_1988_gc3300_rp0.15_mr1.14E-4_ss100.fa	long_content_30k_002	2185	29902
long_content_30k_002/lc30k002_1989_gc3300_rp0.15_mr1.14E-4_ss200.fa	long_content_30k_002	3985	29902
long_content_30k_002/lc30k002_198_gc3300_rp0.07_mr1.14E-4_ss200.fa	long_content_30k_002	748	29902
long_content_30k_002/lc30k002_1990_gc3300_rp0.07_mr1.14E-4_ss200.fa	long_content_30k_002	1496	29902
long_content_30k_002/lc30k002_1991_gc3300_rp0.05_mr1.14E-4_ss200.fa	long_content_30k_002	1340	29902
long_content_30k_002/lc30k002_1996_gc3300_rp0.15_mr1.14E-4_ss100.fa	long_content_30k_002	1849	29902
long_content_30k_002/lc30k002_1999_gc3300_rp0.05_mr1.14E-4_ss200.fa	long_content_30k_002	1605	29902
long_content_30k_002/lc30k002_2001_gc3300_rp0.05_mr1.14E-4_ss100.fa	long_content_30k_002	34	27090
long_content_30k_002/lc30k002_2003_gc3300_rp0.10_mr1.14E-4_ss200.fa	long_content_30k_002	3227	29902
long_content_30k_002/lc30k002_2004_gc3300_rp0.15_mr1.14E-4_ss100.fa	long_content_30k_002	386	29902
long_content_30k_002/lc30k002_2005_gc3300_rp0.15_mr1.14E-4_ss200.fa	long_content_30k_002	3798	29902
long_content_30k_002/lc30k002_2007_gc3300_rp0.05_mr1.14E-4_ss200.fa	long_content_30k_002	2375	29902
long_content_30k_002/lc30k002_2008_gc3300_rp0.10_mr1.14E-4_ss100.fa	long_content_30k_002	579	29902
long_content_30k_002/lc30k002_2009_gc3300_rp0.05_mr1.14E-4_ss100.fa	long_content_30k_002	568	29902
long_content_30k_002/lc30k002_200_gc3300_rp0.10_mr1.14E-4_ss100.fa	long_content_30k_002	484	29902
long_content_30k_002/lc30k002_2012_gc3300_rp0.15_mr1.14E-4_ss100.fa	long_content_30k_002	1230	29902
long_content_30k_002/lc30k002_2016_gc3300_rp0.10_mr1.14E-4_ss100.fa	long_content_30k_002	1393	29902
long_content_30k_002/lc30k002_201_gc3300_rp0.05_mr1.14E-4_ss100.fa	long_content_30k_002	834	29902
long_content_30k_002/lc30k002_2021_gc3300_rp0.15_mr1.14E-4_ss200.fa	long_content_30k_002	2775	29902
long_content_30k_002/lc30k002_2022_gc3300_rp0.07_mr1.14E-4_ss200.fa	long_content_30k_002	748	29902
long_content_30k_002/lc30k002_2025_gc3300_rp0.05_mr1.14E-4_ss100.fa	long_content_30k_002	249	29902
long_content_30k_002/lc30k002_2026_gc3300_rp0.07_mr1.14E-4_ss100.fa	long_content_30k_002	148	29902
long_content_30k_002/lc30k002_2028_gc3300_rp0.15_mr1.14E-4_ss100.fa	long_content_30k_002	803	29902
long_content_30k_002/lc30k002_2029_gc3300_rp0.15_mr1.14E-4_ss200.fa	long_content_30k_002	2380	29902
long_content_30k_002/lc30k002_2030_gc3300_rp0.07_mr1.14E-4_ss200.fa	long_content_30k_002	264	29902
long_content_30k_002/lc30k002_2031_gc3300_rp0.05_mr1.14E-4_ss200.fa	long_content_30k_002	1254	29902
long_content_30k_002/lc30k002_2032_gc3300_rp0.10_mr1.14E-4_ss100.fa	long_content_30k_002	1332	29902
long_content_30k_002/lc30k002_2033_gc3300_rp0.05_mr1.14E-4_ss100.fa	long_content_30k_002	151	29902
long_content_30k_002/lc30k002_2035_gc3300_rp0.10_mr1.14E-4_ss200.fa	long_content_30k_002	1636	29902
long_content_30k_002/lc30k002_2036_gc3300_rp0.15_mr1.14E-4_ss100.fa	long_content_30k_002	821	29902
long_content_30k_002/lc30k002_203_gc3300_rp0.10_mr1.14E-4_ss200.fa	long_content_30k_002	1789	29902
long_content_30k_002/lc30k002_2040_gc3300_rp0.10_mr1.14E-4_ss100.fa	long_content_30k_002	1055	29902
long_content_30k_002/lc30k002_2041_gc3300_rp0.05_mr1.14E-4_ss100.fa	long_content_30k_002	1039	29902
long_content_30k_002/lc30k002_2042_gc3300_rp0.07_mr1.14E-4_ss100.fa	long_content_30k_002	436	29902
long_content_30k_002/lc30k002_2044_gc3300_rp0.15_mr1.14E-4_ss100.fa	long_content_30k_002	1126	29902
long_content_30k_002/lc30k002_2045_gc3300_rp0.15_mr1.14E-4_ss200.fa	long_content_30k_002	1318	29902
long_content_30k_002/lc30k002_2047_gc3300_rp0.05_mr1.14E-4_ss200.fa	long_content_30k_002	742	29902
long_content_30k_002/lc30k002_2048_gc3300_rp0.10_mr1.14E-4_ss100.fa	long_content_30k_002	542	29902
long_content_30k_002/lc30k002_2049_gc3300_rp0.05_mr1.14E-4_ss100.fa	long_content_30k_002	126	29902
long_content_30k_002/lc30k002_204_gc3300_rp0.15_mr1.14E-4_ss100.fa	long_content_30k_002	1374	29902
long_content_30k_002/lc30k002_2055_gc3300_rp0.05_mr1.14E-4_ss200.fa	long_content_30k_002	552	29902
long_content_30k_002/lc30k002_2060_gc3300_rp0.15_mr1.14E-4_ss100.fa	long_content_30k_002	940	29902
long_content_30k_002/lc30k002_2061_gc3300_rp0.15_mr1.14E-4_ss200.fa	long_content_30k_002	2939	29902
long_content_30k_002/lc30k002_2065_gc3300_rp0.05_mr1.14E-4_ss100.fa	long_content_30k_002	369	29902
long_content_30k_002/lc30k002_2067_gc3300_rp0.10_mr1.14E-4_ss200.fa	long_content_30k_002	1440	29902
long_content_30k_002/lc30k002_2069_gc3300_rp0.15_mr1.14E-4_ss200.fa	long_content_30k_002	1830	29902
long_content_30k_002/lc30k002_2070_gc3300_rp0.07_mr1.14E-4_ss200.fa	long_content_30k_002	3306	29902
long_content_30k_002/lc30k002_2071_gc3300_rp0.05_mr1.14E-4_ss200.fa	long_content_30k_002	681	29902
long_content_30k_002/lc30k002_2072_gc3300_rp0.10_mr1.14E-4_ss100.fa	long_content_30k_002	1251	29902
long_content_30k_002/lc30k002_2073_gc3300_rp0.05_mr1.14E-4_ss100.fa	long_content_30k_002	276	29902
long_content_30k_002/lc30k002_2075_gc3300_rp0.10_mr1.14E-4_ss200.fa	long_content_30k_002	1015	29902
long_content_30k_002/lc30k002_2077_gc3300_rp0.15_mr1.14E-4_ss200.fa	long_content_30k_002	1493	29902
long_content_30k_002/lc30k002_2081_gc3300_rp0.05_mr1.14E-4_ss100.fa	long_content_30k_002	513	29902
long_content_30k_002/lc30k002_2082_gc3300_rp0.07_mr1.14E-4_ss100.fa	long_content_30k_002	415	29902
long_content_30k_002/lc30k002_2086_gc3300_rp0.07_mr1.14E-4_ss200.fa	long_content_30k_002	1277	29902
long_content_30k_002/lc30k002_2088_gc3300_rp0.10_mr1.14E-4_ss100.fa	long_content_30k_002	215	29902
long_content_30k_002/lc30k002_2089_gc3300_rp0.05_mr1.14E-4_ss100.fa	long_content_30k_002	452	29902
long_content_30k_002/lc30k002_208_gc3300_rp0.10_mr1.14E-4_ss100.fa	long_content_30k_002	614	29902
long_content_30k_002/lc30k002_2090_gc3300_rp0.07_mr1.14E-4_ss100.fa	long_content_30k_002	687	29902
long_content_30k_002/lc30k002_2093_gc3300_rp0.15_mr1.14E-4_ss200.fa	long_content_30k_002	4817	29902
long_content_30k_002/lc30k002_2096_gc3300_rp0.10_mr1.14E-4_ss100.fa	long_content_30k_002	1146	29902
long_content_30k_002/lc30k002_2099_gc3300_rp0.10_mr1.14E-4_ss200.fa	long_content_30k_002	1019	29902
long_content_30k_002/lc30k002_209_gc3300_rp0.05_mr1.14E-4_ss100.fa	long_content_30k_002	69	29902
long_content_30k_002/lc30k002_2101_gc3300_rp0.15_mr1.14E-4_ss200.fa	long_content_30k_002	1573	29902
long_content_30k_002/lc30k002_2102_gc3300_rp0.07_mr1.14E-4_ss200.fa	long_content_30k_002	798	29902
long_content_30k_002/lc30k002_2108_gc3300_rp0.15_mr1.14E-4_ss100.fa	long_content_30k_002	1571	29902
long_content_30k_002/lc30k002_210_gc3300_rp0.07_mr1.14E-4_ss100.fa	long_content_30k_002	590	29902
long_content_30k_002/lc30k002_2110_gc3300_rp0.07_mr1.14E-4_ss200.fa	long_content_30k_002	1596	29902
long_content_30k_002/lc30k002_2111_gc3300_rp0.05_mr1.14E-4_ss200.fa	long_content_30k_002	563	29902
long_content_30k_002/lc30k002_2113_gc3300_rp0.05_mr1.14E-4_ss100.fa	long_content_30k_002	148	29902
long_content_30k_002/lc30k002_2115_gc3300_rp0.10_mr1.14E-4_ss200.fa	long_content_30k_002	3189	29902
long_content_30k_002/lc30k002_2117_gc3300_rp0.15_mr1.14E-4_ss200.fa	long_content_30k_002	380	29902
long_content_30k_002/lc30k002_2118_gc3300_rp0.07_mr1.14E-4_ss200.fa	long_content_30k_002	657	29902
long_content_30k_002/lc30k002_2121_gc3300_rp0.05_mr1.14E-4_ss100.fa	long_content_30k_002	414	29902
long_content_30k_002/lc30k002_2122_gc3300_rp0.07_mr1.14E-4_ss100.fa	long_content_30k_002	593	29902
long_content_30k_002/lc30k002_2123_gc3300_rp0.10_mr1.14E-4_ss200.fa	long_content_30k_002	2137	29902
long_content_30k_002/lc30k002_2124_gc3300_rp0.15_mr1.14E-4_ss100.fa	long_content_30k_002	761	29902
long_content_30k_002/lc30k002_2125_gc3300_rp0.15_mr1.14E-4_ss200.fa	long_content_30k_002	3843	29902
long_content_30k_002/lc30k002_2126_gc3300_rp0.07_mr1.14E-4_ss200.fa	long_content_30k_002	865	29902
long_content_30k_002/lc30k002_2127_gc3300_rp0.05_mr1.14E-4_ss200.fa	long_content_30k_002	599	29902
long_content_30k_002/lc30k002_2128_gc3300_rp0.10_mr1.14E-4_ss100.fa	long_content_30k_002	3342	29902
long_content_30k_002/lc30k002_2129_gc3300_rp0.05_mr1.14E-4_ss100.fa	long_content_30k_002	112	29902
long_content_30k_002/lc30k002_212_gc3300_rp0.15_mr1.14E-4_ss100.fa	long_content_30k_002	1097	29902
long_content_30k_002/lc30k002_2131_gc3300_rp0.10_mr1.14E-4_ss200.fa	long_content_30k_002	1739	29902
long_content_30k_002/lc30k002_2132_gc3300_rp0.15_mr1.14E-4_ss100.fa	long_content_30k_002	1895	29902
long_content_30k_002/lc30k002_2134_gc3300_rp0.07_mr1.14E-4_ss200.fa	long_content_30k_002	289	29902
long_content_30k_002/lc30k002_2138_gc3300_rp0.07_mr1.14E-4_ss100.fa	long_content_30k_002	41	29902
long_content_30k_002/lc30k002_2140_gc3300_rp0.15_mr1.14E-4_ss100.fa	long_content_30k_002	667	29902
long_content_30k_002/lc30k002_2141_gc3300_rp0.15_mr1.14E-4_ss200.fa	long_content_30k_002	1445	29902
long_content_30k_002/lc30k002_2142_gc3300_rp0.07_mr1.14E-4_ss200.fa	long_content_30k_002	148	29902
long_content_30k_002/lc30k002_2145_gc3300_rp0.05_mr1.14E-4_ss100.fa	long_content_30k_002	461	29902
long_content_30k_002/lc30k002_2147_gc3300_rp0.10_mr1.14E-4_ss200.fa	long_content_30k_002	1531	29902
long_content_30k_002/lc30k002_2148_gc3300_rp0.15_mr1.14E-4_ss100.fa	long_content_30k_002	1922	29902
long_content_30k_002/lc30k002_2150_gc3300_rp0.07_mr1.14E-4_ss200.fa	long_content_30k_002	790	29902
long_content_30k_002/lc30k002_2151_gc3300_rp0.05_mr1.14E-4_ss200.fa	long_content_30k_002	1123	29902
long_content_30k_002/lc30k002_2154_gc3300_rp0.07_mr1.14E-4_ss100.fa	long_content_30k_002	177	29902
long_content_30k_002/lc30k002_2157_gc3300_rp0.15_mr1.14E-4_ss200.fa	long_content_30k_002	855	29902
long_content_30k_002/lc30k002_2161_gc3300_rp0.05_mr1.14E-4_ss100.fa	long_content_30k_002	908	29902
long_content_30k_002/lc30k002_2162_gc3300_rp0.07_mr1.14E-4_ss100.fa	long_content_30k_002	1321	29902
long_content_30k_002/lc30k002_2163_gc3300_rp0.10_mr1.14E-4_ss200.fa	long_content_30k_002	2823	29902
long_content_30k_002/lc30k002_2164_gc3300_rp0.15_mr1.14E-4_ss100.fa	long_content_30k_002	1097	29902
long_content_30k_002/lc30k002_2165_gc3300_rp0.15_mr1.14E-4_ss200.fa	long_content_30k_002	3840	29902
long_content_30k_002/lc30k002_2171_gc3300_rp0.10_mr1.14E-4_ss200.fa	long_content_30k_002	1645	29902
long_content_30k_002/lc30k002_2172_gc3300_rp0.15_mr1.14E-4_ss100.fa	long_content_30k_002	2010	29902
long_content_30k_002/lc30k002_2173_gc3300_rp0.15_mr1.14E-4_ss200.fa	long_content_30k_002	3076	29902
long_content_30k_002/lc30k002_2176_gc3300_rp0.10_mr1.14E-4_ss100.fa	long_content_30k_002	564	29902
long_content_30k_002/lc30k002_2177_gc3300_rp0.05_mr1.14E-4_ss100.fa	long_content_30k_002	264	29902
long_content_30k_002/lc30k002_2178_gc3300_rp0.07_mr1.14E-4_ss100.fa	long_content_30k_002	967	29902
long_content_30k_002/lc30k002_217_gc3300_rp0.05_mr1.14E-4_ss100.fa	long_content_30k_002	57	29902
long_content_30k_002/lc30k002_2180_gc3300_rp0.15_mr1.14E-4_ss100.fa	long_content_30k_002	293	29902
long_content_30k_002/lc30k002_2182_gc3300_rp0.07_mr1.14E-4_ss200.fa	long_content_30k_002	432	29902
long_content_30k_002/lc30k002_2185_gc3300_rp0.05_mr1.14E-4_ss100.fa	long_content_30k_002	44	29902
long_content_30k_002/lc30k002_218_gc3300_rp0.07_mr1.14E-4_ss100.fa	long_content_30k_002	1177	29902
long_content_30k_002/lc30k002_2196_gc3300_rp0.15_mr1.14E-4_ss100.fa	long_content_30k_002	252	29902
long_content_30k_002/lc30k002_2197_gc3300_rp0.15_mr1.14E-4_ss200.fa	long_content_30k_002	7935	29902
long_content_30k_002/lc30k002_2199_gc3300_rp0.05_mr1.14E-4_ss200.fa	long_content_30k_002	503	29902
long_content_30k_002/lc30k002_219_gc3300_rp0.10_mr1.14E-4_ss200.fa	long_content_30k_002	715	29902
long_content_30k_002/lc30k002_2203_gc3300_rp0.10_mr1.14E-4_ss200.fa	long_content_30k_002	2592	29902
long_content_30k_002/lc30k002_2204_gc3300_rp0.15_mr1.14E-4_ss100.fa	long_content_30k_002	731	29902
long_content_30k_002/lc30k002_2205_gc3300_rp0.15_mr1.14E-4_ss200.fa	long_content_30k_002	1738	29902
long_content_30k_002/lc30k002_2214_gc3300_rp0.07_mr1.14E-4_ss200.fa	long_content_30k_002	233	29902
long_content_30k_002/lc30k002_2215_gc3300_rp0.05_mr1.14E-4_ss200.fa	long_content_30k_002	156	29902
long_content_30k_002/lc30k002_2217_gc3300_rp0.05_mr1.14E-4_ss100.fa	long_content_30k_002	201	29902
long_content_30k_002/lc30k002_2218_gc3300_rp0.07_mr1.14E-4_ss100.fa	long_content_30k_002	1103	29902
long_content_30k_002/lc30k002_2219_gc3300_rp0.10_mr1.14E-4_ss200.fa	long_content_30k_002	3052	29902
long_content_30k_002/lc30k002_2223_gc3300_rp0.05_mr1.14E-4_ss200.fa	long_content_30k_002	431	29902
long_content_30k_002/lc30k002_2224_gc3300_rp0.10_mr1.14E-4_ss100.fa	long_content_30k_002	565	29902
long_content_30k_002/lc30k002_2227_gc3300_rp0.10_mr1.14E-4_ss200.fa	long_content_30k_002	1356	29902
long_content_30k_002/lc30k002_2229_gc3300_rp0.15_mr1.14E-4_ss200.fa	long_content_30k_002	2126	29902
long_content_30k_002/lc30k002_2234_gc3300_rp0.07_mr1.14E-4_ss100.fa	long_content_30k_002	679	29902
long_content_30k_002/lc30k002_2235_gc3300_rp0.10_mr1.14E-4_ss200.fa	long_content_30k_002	446	29902
long_content_30k_002/lc30k002_2236_gc3300_rp0.15_mr1.14E-4_ss100.fa	long_content_30k_002	564	29902
long_content_30k_002/lc30k002_2237_gc3300_rp0.15_mr1.14E-4_ss200.fa	long_content_30k_002	9355	29902
long_content_30k_002/lc30k002_2238_gc3300_rp0.07_mr1.14E-4_ss200.fa	long_content_30k_002	376	29902
long_content_30k_002/lc30k002_2239_gc3300_rp0.05_mr1.14E-4_ss200.fa	long_content_30k_002	370	29902
long_content_30k_002/lc30k002_223_gc3300_rp0.05_mr1.14E-4_ss200.fa	long_content_30k_002	1232	29902
long_content_30k_002/lc30k002_2240_gc3300_rp0.10_mr1.14E-4_ss100.fa	long_content_30k_002	959	29902
long_content_30k_002/lc30k002_2241_gc3300_rp0.05_mr1.14E-4_ss100.fa	long_content_30k_002	335	29902
long_content_30k_002/lc30k002_2243_gc3300_rp0.10_mr1.14E-4_ss200.fa	long_content_30k_002	3133	29902
long_content_30k_002/lc30k002_2246_gc3300_rp0.07_mr1.14E-4_ss200.fa	long_content_30k_002	865	29902
long_content_30k_002/lc30k002_2247_gc3300_rp0.05_mr1.14E-4_ss200.fa	long_content_30k_002	466	29902
long_content_30k_002/lc30k002_2248_gc3300_rp0.10_mr1.14E-4_ss100.fa	long_content_30k_002	357	29902
long_content_30k_002/lc30k002_224_gc3300_rp0.10_mr1.14E-4_ss100.fa	long_content_30k_002	1057	29902
long_content_30k_002/lc30k002_2250_gc3300_rp0.07_mr1.14E-4_ss100.fa	long_content_30k_002	493	29902
long_content_30k_002/lc30k002_2251_gc3300_rp0.10_mr1.14E-4_ss200.fa	long_content_30k_002	2679	29902
long_content_30k_002/lc30k002_2252_gc3300_rp0.15_mr1.14E-4_ss100.fa	long_content_30k_002	1938	29902
long_content_30k_002/lc30k002_2255_gc3300_rp0.05_mr1.14E-4_ss200.fa	long_content_30k_002	2222	29902
long_content_30k_002/lc30k002_225_gc3300_rp0.05_mr1.14E-4_ss100.fa	long_content_30k_002	238	29902
long_content_30k_002/lc30k002_2262_gc3300_rp0.07_mr1.14E-4_ss200.fa	long_content_30k_002	1149	29902
long_content_30k_002/lc30k002_2263_gc3300_rp0.05_mr1.14E-4_ss200.fa	long_content_30k_002	631	29902
long_content_30k_002/lc30k002_2265_gc3300_rp0.05_mr1.14E-4_ss100.fa	long_content_30k_002	72	29902
long_content_30k_002/lc30k002_2268_gc3300_rp0.15_mr1.14E-4_ss100.fa	long_content_30k_002	1553	29902
long_content_30k_002/lc30k002_226_gc3300_rp0.07_mr1.14E-4_ss100.fa	long_content_30k_002	301	29902
long_content_30k_002/lc30k002_2272_gc3300_rp0.10_mr1.14E-4_ss100.fa	long_content_30k_002	1154	29902
long_content_30k_002/lc30k002_2273_gc3300_rp0.05_mr1.14E-4_ss100.fa	long_content_30k_002	346	29902
long_content_30k_002/lc30k002_2275_gc3300_rp0.10_mr1.14E-4_ss200.fa	long_content_30k_002	745	29902
long_content_30k_002/lc30k002_2276_gc3300_rp0.15_mr1.14E-4_ss100.fa	long_content_30k_002	4764	29902
long_content_30k_002/lc30k002_2277_gc3300_rp0.15_mr1.14E-4_ss200.fa	long_content_30k_002	3665	29902
long_content_30k_002/lc30k002_2279_gc3300_rp0.05_mr1.14E-4_ss200.fa	long_content_30k_002	84	29902
long_content_30k_002/lc30k002_227_gc3300_rp0.10_mr1.14E-4_ss200.fa	long_content_30k_002	1173	29902
long_content_30k_002/lc30k002_2281_gc3300_rp0.05_mr1.14E-4_ss100.fa	long_content_30k_002	781	29902
long_content_30k_002/lc30k002_2283_gc3300_rp0.10_mr1.14E-4_ss200.fa	long_content_30k_002	236	29902
long_content_30k_002/lc30k002_2285_gc3300_rp0.15_mr1.14E-4_ss200.fa	long_content_30k_002	1626	29902
long_content_30k_002/lc30k002_2287_gc3300_rp0.05_mr1.14E-4_ss200.fa	long_content_30k_002	1417	29902
long_content_30k_002/lc30k002_2288_gc3300_rp0.10_mr1.14E-4_ss100.fa	long_content_30k_002	901	29902
long_content_30k_002/lc30k002_228_gc3300_rp0.15_mr1.14E-4_ss100.fa	long_content_30k_002	809	29902
long_content_30k_002/lc30k002_2291_gc3300_rp0.10_mr1.14E-4_ss200.fa	long_content_30k_002	1288	29902
long_content_30k_002/lc30k002_2293_gc3300_rp0.15_mr1.14E-4_ss200.fa	long_content_30k_002	939	29902
long_content_30k_002/lc30k002_2294_gc3300_rp0.07_mr1.14E-4_ss200.fa	long_content_30k_002	799	29902
long_content_30k_002/lc30k002_2296_gc3300_rp0.10_mr1.14E-4_ss100.fa	long_content_30k_002	846	29902
long_content_30k_002/lc30k002_2298_gc3300_rp0.07_mr1.14E-4_ss100.fa	long_content_30k_002	1489	29902
long_content_30k_002/lc30k002_229_gc3300_rp0.15_mr1.14E-4_ss200.fa	long_content_30k_002	674	29902
long_content_30k_002/lc30k002_2303_gc3300_rp0.05_mr1.14E-4_ss200.fa	long_content_30k_002	325	29902
long_content_30k_002/lc30k002_2306_gc3300_rp0.07_mr1.14E-4_ss100.fa	long_content_30k_002	503	29902
long_content_30k_002/lc30k002_2307_gc3300_rp0.10_mr1.14E-4_ss200.fa	long_content_30k_002	2552	29902
long_content_30k_002/lc30k002_230_gc3300_rp0.07_mr1.14E-4_ss200.fa	long_content_30k_002	2695	29902
long_content_30k_002/lc30k002_2310_gc3300_rp0.07_mr1.14E-4_ss200.fa	long_content_30k_002	1908	29902
long_content_30k_002/lc30k002_2312_gc3300_rp0.10_mr1.14E-4_ss100.fa	long_content_30k_002	1804	29902
long_content_30k_002/lc30k002_2313_gc3300_rp0.05_mr1.14E-4_ss100.fa	long_content_30k_002	189	29902
long_content_30k_002/lc30k002_2314_gc3300_rp0.07_mr1.14E-4_ss100.fa	long_content_30k_002	258	29902
long_content_30k_002/lc30k002_2316_gc3300_rp0.15_mr1.14E-4_ss100.fa	long_content_30k_002	2165	29902
long_content_30k_002/lc30k002_2318_gc3300_rp0.07_mr1.14E-4_ss200.fa	long_content_30k_002	1713	29902
long_content_30k_002/lc30k002_2321_gc3300_rp0.05_mr1.14E-4_ss100.fa	long_content_30k_002	111	29902
long_content_30k_002/lc30k002_2322_gc3300_rp0.07_mr1.14E-4_ss100.fa	long_content_30k_002	216	29902
long_content_30k_002/lc30k002_2323_gc3300_rp0.10_mr1.14E-4_ss200.fa	long_content_30k_002	781	29902
long_content_30k_002/lc30k002_2325_gc3300_rp0.15_mr1.14E-4_ss200.fa	long_content_30k_002	3518	29902
long_content_30k_002/lc30k002_2326_gc3300_rp0.07_mr1.14E-4_ss200.fa	long_content_30k_002	1478	29902
long_content_30k_002/lc30k002_2329_gc3300_rp0.05_mr1.14E-4_ss100.fa	long_content_30k_002	115	29902
long_content_30k_002/lc30k002_2330_gc3300_rp0.07_mr1.14E-4_ss100.fa	long_content_30k_002	503	29902
long_content_30k_002/lc30k002_2332_gc3300_rp0.15_mr1.14E-4_ss100.fa	long_content_30k_002	927	29902
long_content_30k_002/lc30k002_2335_gc3300_rp0.05_mr1.14E-4_ss200.fa	long_content_30k_002	372	29902
long_content_30k_002/lc30k002_2336_gc3300_rp0.10_mr1.14E-4_ss100.fa	long_content_30k_002	884	29902
long_content_30k_002/lc30k002_2338_gc3300_rp0.07_mr1.14E-4_ss100.fa	long_content_30k_002	395	29902
long_content_30k_002/lc30k002_2339_gc3300_rp0.10_mr1.14E-4_ss200.fa	long_content_30k_002	2154	29902
long_content_30k_002/lc30k002_233_gc3300_rp0.05_mr1.14E-4_ss100.fa	long_content_30k_002	342	29902
long_content_30k_002/lc30k002_2340_gc3300_rp0.15_mr1.14E-4_ss100.fa	long_content_30k_002	1745	29902
long_content_30k_002/lc30k002_2342_gc3300_rp0.07_mr1.14E-4_ss200.fa	long_content_30k_002	2487	29902
long_content_30k_002/lc30k002_2344_gc3300_rp0.10_mr1.14E-4_ss100.fa	long_content_30k_002	1325	29902
long_content_30k_002/lc30k002_2346_gc3300_rp0.07_mr1.14E-4_ss100.fa	long_content_30k_002	360	29902
long_content_30k_002/lc30k002_2348_gc3300_rp0.15_mr1.14E-4_ss100.fa	long_content_30k_002	1167	29902
long_content_30k_002/lc30k002_2349_gc3300_rp0.15_mr1.14E-4_ss200.fa	long_content_30k_002	3126	29902
long_content_30k_002/lc30k002_234_gc3300_rp0.07_mr1.14E-4_ss100.fa	long_content_30k_002	489	29902
long_content_30k_002/lc30k002_2352_gc3300_rp0.10_mr1.14E-4_ss100.fa	long_content_30k_002	169	29902
long_content_30k_002/lc30k002_235_gc3300_rp0.10_mr1.14E-4_ss200.fa	long_content_30k_002	2223	29902
long_content_30k_002/lc30k002_2361_gc3300_rp0.05_mr1.14E-4_ss100.fa	long_content_30k_002	981	29902
long_content_30k_002/lc30k002_2365_gc3300_rp0.15_mr1.14E-4_ss200.fa	long_content_30k_002	3218	29902
long_content_30k_002/lc30k002_2366_gc3300_rp0.07_mr1.14E-4_ss200.fa	long_content_30k_002	374	29902
long_content_30k_002/lc30k002_2370_gc3300_rp0.07_mr1.14E-4_ss100.fa	long_content_30k_002	661	29902
long_content_30k_002/lc30k002_2373_gc3300_rp0.15_mr1.14E-4_ss200.fa	long_content_30k_002	1465	29902
long_content_30k_002/lc30k002_2375_gc3300_rp0.05_mr1.14E-4_ss200.fa	long_content_30k_002	639	29902
long_content_30k_002/lc30k002_2376_gc3300_rp0.10_mr1.14E-4_ss100.fa	long_content_30k_002	1018	29902
long_content_30k_002/lc30k002_2377_gc3300_rp0.05_mr1.14E-4_ss100.fa	long_content_30k_002	266	29902
long_content_30k_002/lc30k002_237_gc3300_rp0.15_mr1.14E-4_ss200.fa	long_content_30k_002	1202	29902
long_content_30k_002/lc30k002_2381_gc3300_rp0.15_mr1.14E-4_ss200.fa	long_content_30k_002	2641	29902
long_content_30k_002/lc30k002_2386_gc3300_rp0.07_mr1.14E-4_ss100.fa	long_content_30k_002	437	29902
long_content_30k_002/lc30k002_2390_gc3300_rp0.07_mr1.14E-4_ss200.fa	long_content_30k_002	1122	29902
long_content_30k_002/lc30k002_2394_gc3300_rp0.07_mr1.14E-4_ss100.fa	long_content_30k_002	258	29902
long_content_30k_002/lc30k002_2396_gc3300_rp0.15_mr1.14E-4_ss100.fa	long_content_30k_002	755	29902
long_content_30k_002/lc30k002_2398_gc3300_rp0.07_mr1.14E-4_ss200.fa	long_content_30k_002	523	29902
long_content_30k_002/lc30k002_239_gc3300_rp0.05_mr1.14E-4_ss200.fa	long_content_30k_002	1252	29902
long_content_30k_002/lc30k002_2400_gc3300_rp0.10_mr1.14E-4_ss100.fa	long_content_30k_002	945	29902
long_content_30k_002/lc30k002_2401_gc3300_rp0.05_mr1.14E-4_ss100.fa	long_content_30k_002	785	29902
long_content_30k_002/lc30k002_2403_gc3300_rp0.10_mr1.14E-4_ss200.fa	long_content_30k_002	1382	29902
long_content_30k_002/lc30k002_2404_gc3300_rp0.15_mr1.14E-4_ss100.fa	long_content_30k_002	2156	29902
long_content_30k_002/lc30k002_2406_gc3300_rp0.07_mr1.14E-4_ss200.fa	long_content_30k_002	2521	29902
long_content_30k_002/lc30k002_2407_gc3300_rp0.05_mr1.14E-4_ss200.fa	long_content_30k_002	461	29902
long_content_30k_002/lc30k002_2408_gc3300_rp0.10_mr1.14E-4_ss100.fa	long_content_30k_002	384	29902
long_content_30k_002/lc30k002_2409_gc3300_rp0.05_mr1.14E-4_ss100.fa	long_content_30k_002	182	29902
long_content_30k_002/lc30k002_240_gc3300_rp0.10_mr1.14E-4_ss100.fa	long_content_30k_002	933	29902
long_content_30k_002/lc30k002_2410_gc3300_rp0.07_mr1.14E-4_ss100.fa	long_content_30k_002	744	29902
long_content_30k_002/lc30k002_2412_gc3300_rp0.15_mr1.14E-4_ss100.fa	long_content_30k_002	1224	29902
long_content_30k_002/lc30k002_2413_gc3300_rp0.15_mr1.14E-4_ss200.fa	long_content_30k_002	2488	29902
long_content_30k_002/lc30k002_2414_gc3300_rp0.07_mr1.14E-4_ss200.fa	long_content_30k_002	1446	29902
long_content_30k_002/lc30k002_2415_gc3300_rp0.05_mr1.14E-4_ss200.fa	long_content_30k_002	297	29902
long_content_30k_002/lc30k002_2416_gc3300_rp0.10_mr1.14E-4_ss100.fa	long_content_30k_002	870	29902
long_content_30k_002/lc30k002_2417_gc3300_rp0.05_mr1.14E-4_ss100.fa	long_content_30k_002	220	29902
long_content_30k_002/lc30k002_2418_gc3300_rp0.07_mr1.14E-4_ss100.fa	long_content_30k_002	147	29902
long_content_30k_002/lc30k002_2419_gc3300_rp0.10_mr1.14E-4_ss200.fa	long_content_30k_002	2566	29902
long_content_30k_002/lc30k002_241_gc3300_rp0.05_mr1.14E-4_ss100.fa	long_content_30k_002	385	29902
long_content_30k_002/lc30k002_2420_gc3300_rp0.15_mr1.14E-4_ss100.fa	long_content_30k_002	1049	29902
long_content_30k_002/lc30k002_2421_gc3300_rp0.15_mr1.14E-4_ss200.fa	long_content_30k_002	2180	29902
long_content_30k_002/lc30k002_2422_gc3300_rp0.07_mr1.14E-4_ss200.fa	long_content_30k_002	319	29902
long_content_30k_002/lc30k002_2423_gc3300_rp0.05_mr1.14E-4_ss200.fa	long_content_30k_002	986	29902
long_content_30k_002/lc30k002_2425_gc3300_rp0.05_mr1.14E-4_ss100.fa	long_content_30k_002	121	29902
long_content_30k_002/lc30k002_2428_gc3300_rp0.15_mr1.14E-4_ss100.fa	long_content_30k_002	1197	29902
long_content_30k_002/lc30k002_242_gc3300_rp0.07_mr1.14E-4_ss100.fa	long_content_30k_002	648	29902
long_content_30k_002/lc30k002_2430_gc3300_rp0.07_mr1.14E-4_ss200.fa	long_content_30k_002	3449	29902
long_content_30k_002/lc30k002_2432_gc3300_rp0.10_mr1.14E-4_ss100.fa	long_content_30k_002	441	29902
long_content_30k_002/lc30k002_2435_gc3300_rp0.10_mr1.14E-4_ss200.fa	long_content_30k_002	2110	29902
long_content_30k_002/lc30k002_2437_gc3300_rp0.15_mr1.14E-4_ss200.fa	long_content_30k_002	2255	29902
long_content_30k_002/lc30k002_243_gc3300_rp0.10_mr1.14E-4_ss200.fa	long_content_30k_002	1967	29902
long_content_30k_002/lc30k002_2440_gc3300_rp0.10_mr1.14E-4_ss100.fa	long_content_30k_002	602	29902
long_content_30k_002/lc30k002_2441_gc3300_rp0.05_mr1.14E-4_ss100.fa	long_content_30k_002	157	29902
long_content_30k_002/lc30k002_2442_gc3300_rp0.07_mr1.14E-4_ss100.fa	long_content_30k_002	248	29902
long_content_30k_002/lc30k002_2444_gc3300_rp0.15_mr1.14E-4_ss100.fa	long_content_30k_002	1476	29902
long_content_30k_002/lc30k002_2446_gc3300_rp0.07_mr1.14E-4_ss200.fa	long_content_30k_002	1361	29902
long_content_30k_002/lc30k002_2448_gc3300_rp0.10_mr1.14E-4_ss100.fa	long_content_30k_002	284	29902
long_content_30k_002/lc30k002_244_gc3300_rp0.15_mr1.14E-4_ss100.fa	long_content_30k_002	2673	29902
long_content_30k_002/lc30k002_2451_gc3300_rp0.10_mr1.14E-4_ss200.fa	long_content_30k_002	1303	29902
long_content_30k_002/lc30k002_2454_gc3300_rp0.07_mr1.14E-4_ss200.fa	long_content_30k_002	447	29902
long_content_30k_002/lc30k002_2456_gc3300_rp0.10_mr1.14E-4_ss100.fa	long_content_30k_002	164	27033
long_content_30k_002/lc30k002_2458_gc3300_rp0.07_mr1.14E-4_ss100.fa	long_content_30k_002	292	29902
long_content_30k_002/lc30k002_2459_gc3300_rp0.10_mr1.14E-4_ss200.fa	long_content_30k_002	3619	29902
long_content_30k_002/lc30k002_2460_gc3300_rp0.15_mr1.14E-4_ss100.fa	long_content_30k_002	788	29902
long_content_30k_002/lc30k002_2461_gc3300_rp0.15_mr1.14E-4_ss200.fa	long_content_30k_002	5906	29902
long_content_30k_002/lc30k002_2464_gc3300_rp0.10_mr1.14E-4_ss100.fa	long_content_30k_002	1324	29902
long_content_30k_002/lc30k002_2465_gc3300_rp0.05_mr1.14E-4_ss100.fa	long_content_30k_002	321	29902
long_content_30k_002/lc30k002_2466_gc3300_rp0.07_mr1.14E-4_ss100.fa	long_content_30k_002	276	29902
long_content_30k_002/lc30k002_2467_gc3300_rp0.10_mr1.14E-4_ss200.fa	long_content_30k_002	1421	29902
long_content_30k_002/lc30k002_2470_gc3300_rp0.07_mr1.14E-4_ss200.fa	long_content_30k_002	3622	29902
long_content_30k_002/lc30k002_2472_gc3300_rp0.10_mr1.14E-4_ss100.fa	long_content_30k_002	981	29902
long_content_30k_002/lc30k002_2473_gc3300_rp0.05_mr1.14E-4_ss100.fa	long_content_30k_002	242	29902
long_content_30k_002/lc30k002_2474_gc3300_rp0.07_mr1.14E-4_ss100.fa	long_content_30k_002	501	29902
long_content_30k_002/lc30k002_2475_gc3300_rp0.10_mr1.14E-4_ss200.fa	long_content_30k_002	3482	29902
long_content_30k_002/lc30k002_2478_gc3300_rp0.07_mr1.14E-4_ss200.fa	long_content_30k_002	2239	29902
long_content_30k_002/lc30k002_2479_gc3300_rp0.05_mr1.14E-4_ss200.fa	long_content_30k_002	530	29902
long_content_30k_002/lc30k002_247_gc3300_rp0.05_mr1.14E-4_ss200.fa	long_content_30k_002	1499	29902
long_content_30k_002/lc30k002_2480_gc3300_rp0.10_mr1.14E-4_ss100.fa	long_content_30k_002	1371	29902
long_content_30k_002/lc30k002_2482_gc3300_rp0.07_mr1.14E-4_ss100.fa	long_content_30k_002	140	29902
long_content_30k_002/lc30k002_2484_gc3300_rp0.15_mr1.14E-4_ss100.fa	long_content_30k_002	1363	29902
long_content_30k_002/lc30k002_2485_gc3300_rp0.15_mr1.14E-4_ss200.fa	long_content_30k_002	3556	29902
long_content_30k_002/lc30k002_2489_gc3300_rp0.05_mr1.14E-4_ss100.fa	long_content_30k_002	394	29902
long_content_30k_002/lc30k002_2490_gc3300_rp0.07_mr1.14E-4_ss100.fa	long_content_30k_002	177	29902
long_content_30k_002/lc30k002_2491_gc3300_rp0.10_mr1.14E-4_ss200.fa	long_content_30k_002	4274	29902
long_content_30k_002/lc30k002_2494_gc3300_rp0.07_mr1.14E-4_ss200.fa	long_content_30k_002	1181	29902
long_content_30k_002/lc30k002_2495_gc3300_rp0.05_mr1.14E-4_ss200.fa	long_content_30k_002	1238	29902
long_content_30k_002/lc30k002_2499_gc3300_rp0.10_mr1.14E-4_ss200.fa	long_content_30k_002	2039	29902
long_content_30k_002/lc30k002_249_gc3300_rp0.05_mr1.14E-4_ss100.fa	long_content_30k_002	38	29902
long_content_30k_002/lc30k002_2503_gc3300_rp0.05_mr1.14E-4_ss200.fa	long_content_30k_002	157	29902
long_content_30k_002/lc30k002_2504_gc3300_rp0.10_mr1.14E-4_ss100.fa	long_content_30k_002	174	29902
long_content_30k_002/lc30k002_2505_gc3300_rp0.05_mr1.14E-4_ss100.fa	long_content_30k_002	427	29902
long_content_30k_002/lc30k002_250_gc3300_rp0.07_mr1.14E-4_ss100.fa	long_content_30k_002	165	29902
long_content_30k_002/lc30k002_2510_gc3300_rp0.07_mr1.14E-4_ss200.fa	long_content_30k_002	215	29902
long_content_30k_002/lc30k002_2516_gc3300_rp0.15_mr1.14E-4_ss100.fa	long_content_30k_002	2447	29902
long_content_30k_002/lc30k002_2517_gc3300_rp0.15_mr1.14E-4_ss200.fa	long_content_30k_002	3775	29902
long_content_30k_002/lc30k002_2519_gc3300_rp0.05_mr1.14E-4_ss200.fa	long_content_30k_002	265	29902
long_content_30k_002/lc30k002_251_gc3300_rp0.10_mr1.14E-4_ss200.fa	long_content_30k_002	1723	29902
long_content_30k_002/lc30k002_2520_gc3300_rp0.10_mr1.14E-4_ss100.fa	long_content_30k_002	1195	29902
long_content_30k_002/lc30k002_2521_gc3300_rp0.05_mr1.14E-4_ss100.fa	long_content_30k_002	234	29902
long_content_30k_002/lc30k002_2522_gc3300_rp0.07_mr1.14E-4_ss100.fa	long_content_30k_002	219	29902
long_content_30k_002/lc30k002_2523_gc3300_rp0.10_mr1.14E-4_ss200.fa	long_content_30k_002	1031	29902
long_content_30k_002/lc30k002_2524_gc3300_rp0.15_mr1.14E-4_ss100.fa	long_content_30k_002	3358	29902
long_content_30k_002/lc30k002_2525_gc3300_rp0.15_mr1.14E-4_ss200.fa	long_content_30k_002	4129	29902
long_content_30k_002/lc30k002_2526_gc3300_rp0.07_mr1.14E-4_ss200.fa	long_content_30k_002	1576	29902
long_content_30k_002/lc30k002_2528_gc3300_rp0.10_mr1.14E-4_ss100.fa	long_content_30k_002	818	29902
long_content_30k_002/lc30k002_2529_gc3300_rp0.05_mr1.14E-4_ss100.fa	long_content_30k_002	202	29902
long_content_30k_002/lc30k002_252_gc3300_rp0.15_mr1.14E-4_ss100.fa	long_content_30k_002	1285	29902
long_content_30k_002/lc30k002_2530_gc3300_rp0.07_mr1.14E-4_ss100.fa	long_content_30k_002	242	29902
long_content_30k_002/lc30k002_2534_gc3300_rp0.07_mr1.14E-4_ss200.fa	long_content_30k_002	4167	29902
long_content_30k_002/lc30k002_2535_gc3300_rp0.05_mr1.14E-4_ss200.fa	long_content_30k_002	59	29682
long_content_30k_002/lc30k002_2536_gc3300_rp0.10_mr1.14E-4_ss100.fa	long_content_30k_002	1006	29902
long_content_30k_002/lc30k002_2538_gc3300_rp0.07_mr1.14E-4_ss100.fa	long_content_30k_002	84	29902
long_content_30k_002/lc30k002_2539_gc3300_rp0.10_mr1.14E-4_ss200.fa	long_content_30k_002	1406	29902
long_content_30k_002/lc30k002_253_gc3300_rp0.15_mr1.14E-4_ss200.fa	long_content_30k_002	4113	29902
long_content_30k_002/lc30k002_2541_gc3300_rp0.15_mr1.14E-4_ss200.fa	long_content_30k_002	6867	29902
long_content_30k_002/lc30k002_2544_gc3300_rp0.10_mr1.14E-4_ss100.fa	long_content_30k_002	768	29902
long_content_30k_002/lc30k002_2545_gc3300_rp0.05_mr1.14E-4_ss100.fa	long_content_30k_002	221	29902
long_content_30k_002/lc30k002_2547_gc3300_rp0.10_mr1.14E-4_ss200.fa	long_content_30k_002	2328	29902
long_content_30k_002/lc30k002_2548_gc3300_rp0.15_mr1.14E-4_ss100.fa	long_content_30k_002	1737	29902
long_content_30k_002/lc30k002_254_gc3300_rp0.07_mr1.14E-4_ss200.fa	long_content_30k_002	3600	29902
long_content_30k_002/lc30k002_2552_gc3300_rp0.10_mr1.14E-4_ss100.fa	long_content_30k_002	394	29902
long_content_30k_002/lc30k002_2554_gc3300_rp0.07_mr1.14E-4_ss100.fa	long_content_30k_002	595	29902
long_content_30k_002/lc30k002_2555_gc3300_rp0.10_mr1.14E-4_ss200.fa	long_content_30k_002	5155	29902
long_content_30k_002/lc30k002_2557_gc3300_rp0.15_mr1.14E-4_ss200.fa	long_content_30k_002	1677	29902
long_content_30k_002/lc30k002_2558_gc3300_rp0.07_mr1.14E-4_ss200.fa	long_content_30k_002	2029	29902
long_content_30k_002/lc30k002_255_gc3300_rp0.05_mr1.14E-4_ss200.fa	long_content_30k_002	348	29902
long_content_30k_002/lc30k002_2560_gc3300_rp0.10_mr1.14E-4_ss100.fa	long_content_30k_002	732	29902
long_content_30k_002/lc30k002_2563_gc3300_rp0.10_mr1.14E-4_ss200.fa	long_content_30k_002	1451	29902
long_content_30k_002/lc30k002_2564_gc3300_rp0.15_mr1.14E-4_ss100.fa	long_content_30k_002	1409	29902
long_content_30k_002/lc30k002_2566_gc3300_rp0.07_mr1.14E-4_ss200.fa	long_content_30k_002	1381	29902
long_content_30k_002/lc30k002_2568_gc3300_rp0.10_mr1.14E-4_ss100.fa	long_content_30k_002	759	29902
long_content_30k_002/lc30k002_2569_gc3300_rp0.05_mr1.14E-4_ss100.fa	long_content_30k_002	425	29902
long_content_30k_002/lc30k002_2572_gc3300_rp0.15_mr1.14E-4_ss100.fa	long_content_30k_002	1880	29902
long_content_30k_002/lc30k002_2576_gc3300_rp0.10_mr1.14E-4_ss100.fa	long_content_30k_002	216	29902
long_content_30k_002/lc30k002_2577_gc3300_rp0.05_mr1.14E-4_ss100.fa	long_content_30k_002	120	29902
long_content_30k_002/lc30k002_257_gc3300_rp0.05_mr1.14E-4_ss100.fa	long_content_30k_002	559	29902
long_content_30k_002/lc30k002_2580_gc3300_rp0.15_mr1.14E-4_ss100.fa	long_content_30k_002	1543	29902
long_content_30k_002/lc30k002_2581_gc3300_rp0.15_mr1.14E-4_ss200.fa	long_content_30k_002	1097	29902
long_content_30k_002/lc30k002_2582_gc3300_rp0.07_mr1.14E-4_ss200.fa	long_content_30k_002	305	29902
long_content_30k_002/lc30k002_2584_gc3300_rp0.10_mr1.14E-4_ss100.fa	long_content_30k_002	101	29902
long_content_30k_002/lc30k002_2587_gc3300_rp0.10_mr1.14E-4_ss200.fa	long_content_30k_002	1513	29902
long_content_30k_002/lc30k002_2588_gc3300_rp0.15_mr1.14E-4_ss100.fa	long_content_30k_002	892	29902
long_content_30k_002/lc30k002_258_gc3300_rp0.07_mr1.14E-4_ss100.fa	long_content_30k_002	435	29902
long_content_30k_002/lc30k002_2591_gc3300_rp0.05_mr1.14E-4_ss200.fa	long_content_30k_002	717	29902
long_content_30k_002/lc30k002_2594_gc3300_rp0.07_mr1.14E-4_ss100.fa	long_content_30k_002	964	29902
long_content_30k_002/lc30k002_2595_gc3300_rp0.10_mr1.14E-4_ss200.fa	long_content_30k_002	701	29902
long_content_30k_002/lc30k002_2596_gc3300_rp0.15_mr1.14E-4_ss100.fa	long_content_30k_002	1622	29902
long_content_30k_002/lc30k002_2597_gc3300_rp0.15_mr1.14E-4_ss200.fa	long_content_30k_002	2515	29902
long_content_30k_002/lc30k002_2598_gc3300_rp0.07_mr1.14E-4_ss200.fa	long_content_30k_002	941	29902
long_content_30k_002/lc30k002_2599_gc3300_rp0.05_mr1.14E-4_ss200.fa	long_content_30k_002	1277	29902
long_content_30k_002/lc30k002_2602_gc3300_rp0.07_mr1.14E-4_ss100.fa	long_content_30k_002	781	29902
long_content_30k_002/lc30k002_2604_gc3300_rp0.15_mr1.14E-4_ss100.fa	long_content_30k_002	1805	29902
long_content_30k_002/lc30k002_2605_gc3300_rp0.15_mr1.14E-4_ss200.fa	long_content_30k_002	2296	29902
long_content_30k_002/lc30k002_2606_gc3300_rp0.07_mr1.14E-4_ss200.fa	long_content_30k_002	1272	29902
long_content_30k_002/lc30k002_2609_gc3300_rp0.05_mr1.14E-4_ss100.fa	long_content_30k_002	195	29902
long_content_30k_002/lc30k002_260_gc3300_rp0.15_mr1.14E-4_ss100.fa	long_content_30k_002	2198	29902
long_content_30k_002/lc30k002_2611_gc3300_rp0.10_mr1.14E-4_ss200.fa	long_content_30k_002	944	29902
long_content_30k_002/lc30k002_2614_gc3300_rp0.07_mr1.14E-4_ss200.fa	long_content_30k_002	3439	29902
long_content_30k_002/lc30k002_2617_gc3300_rp0.05_mr1.14E-4_ss100.fa	long_content_30k_002	331	29902
long_content_30k_002/lc30k002_2618_gc3300_rp0.07_mr1.14E-4_ss100.fa	long_content_30k_002	688	29902
long_content_30k_002/lc30k002_261_gc3300_rp0.15_mr1.14E-4_ss200.fa	long_content_30k_002	4840	29902
long_content_30k_002/lc30k002_2620_gc3300_rp0.15_mr1.14E-4_ss100.fa	long_content_30k_002	616	29902
long_content_30k_002/lc30k002_2623_gc3300_rp0.05_mr1.14E-4_ss200.fa	long_content_30k_002	352	29902
long_content_30k_002/lc30k002_2624_gc3300_rp0.10_mr1.14E-4_ss100.fa	long_content_30k_002	704	29902
long_content_30k_002/lc30k002_2625_gc3300_rp0.05_mr1.14E-4_ss100.fa	long_content_30k_002	954	29902
long_content_30k_002/lc30k002_2627_gc3300_rp0.10_mr1.14E-4_ss200.fa	long_content_30k_002	669	29902
long_content_30k_002/lc30k002_2629_gc3300_rp0.15_mr1.14E-4_ss200.fa	long_content_30k_002	1031	29902
long_content_30k_002/lc30k002_2630_gc3300_rp0.07_mr1.14E-4_ss200.fa	long_content_30k_002	1095	29902
long_content_30k_002/lc30k002_2631_gc3300_rp0.05_mr1.14E-4_ss200.fa	long_content_30k_002	2261	29902
long_content_30k_002/lc30k002_2632_gc3300_rp0.10_mr1.14E-4_ss100.fa	long_content_30k_002	1710	29902
long_content_30k_002/lc30k002_2633_gc3300_rp0.05_mr1.14E-4_ss100.fa	long_content_30k_002	986	29902
long_content_30k_002/lc30k002_2635_gc3300_rp0.10_mr1.14E-4_ss200.fa	long_content_30k_002	1782	29902
long_content_30k_002/lc30k002_2636_gc3300_rp0.15_mr1.14E-4_ss100.fa	long_content_30k_002	1644	29902
long_content_30k_002/lc30k002_2640_gc3300_rp0.10_mr1.14E-4_ss100.fa	long_content_30k_002	760	29902
long_content_30k_002/lc30k002_2641_gc3300_rp0.05_mr1.14E-4_ss100.fa	long_content_30k_002	426	29902
long_content_30k_002/lc30k002_2644_gc3300_rp0.15_mr1.14E-4_ss100.fa	long_content_30k_002	1726	29902
long_content_30k_002/lc30k002_2647_gc3300_rp0.05_mr1.14E-4_ss200.fa	long_content_30k_002	572	29902
long_content_30k_002/lc30k002_2649_gc3300_rp0.05_mr1.14E-4_ss100.fa	long_content_30k_002	497	29902
long_content_30k_002/lc30k002_264_gc3300_rp0.10_mr1.14E-4_ss100.fa	long_content_30k_002	1118	29902
long_content_30k_002/lc30k002_2653_gc3300_rp0.15_mr1.14E-4_ss200.fa	long_content_30k_002	1561	29902
long_content_30k_002/lc30k002_2654_gc3300_rp0.07_mr1.14E-4_ss200.fa	long_content_30k_002	951	29902
long_content_30k_002/lc30k002_2659_gc3300_rp0.10_mr1.14E-4_ss200.fa	long_content_30k_002	3800	29902
long_content_30k_002/lc30k002_265_gc3300_rp0.05_mr1.14E-4_ss100.fa	long_content_30k_002	381	29902
long_content_30k_002/lc30k002_2661_gc3300_rp0.15_mr1.14E-4_ss200.fa	long_content_30k_002	3707	29902
long_content_30k_002/lc30k002_2663_gc3300_rp0.05_mr1.14E-4_ss200.fa	long_content_30k_002	169	29902
long_content_30k_002/lc30k002_2666_gc3300_rp0.07_mr1.14E-4_ss100.fa	long_content_30k_002	694	29902
long_content_30k_002/lc30k002_2667_gc3300_rp0.10_mr1.14E-4_ss200.fa	long_content_30k_002	813	29902
long_content_30k_002/lc30k002_2669_gc3300_rp0.15_mr1.14E-4_ss200.fa	long_content_30k_002	5923	29902
long_content_30k_002/lc30k002_2673_gc3300_rp0.05_mr1.14E-4_ss100.fa	long_content_30k_002	235	29902
long_content_30k_002/lc30k002_2674_gc3300_rp0.07_mr1.14E-4_ss100.fa	long_content_30k_002	1132	29902
long_content_30k_002/lc30k002_2675_gc3300_rp0.10_mr1.14E-4_ss200.fa	long_content_30k_002	3670	29902
long_content_30k_002/lc30k002_2676_gc3300_rp0.15_mr1.14E-4_ss100.fa	long_content_30k_002	355	29902
long_content_30k_002/lc30k002_2677_gc3300_rp0.15_mr1.14E-4_ss200.fa	long_content_30k_002	3073	29902
long_content_30k_002/lc30k002_2679_gc3300_rp0.05_mr1.14E-4_ss200.fa	long_content_30k_002	1245	29902
long_content_30k_002/lc30k002_2681_gc3300_rp0.05_mr1.14E-4_ss100.fa	long_content_30k_002	61	29902
long_content_30k_002/lc30k002_2683_gc3300_rp0.10_mr1.14E-4_ss200.fa	long_content_30k_002	546	29902
long_content_30k_002/lc30k002_2688_gc3300_rp0.10_mr1.14E-4_ss100.fa	long_content_30k_002	1596	29902
long_content_30k_002/lc30k002_268_gc3300_rp0.15_mr1.14E-4_ss100.fa	long_content_30k_002	1057	29902
long_content_30k_002/lc30k002_2695_gc3300_rp0.05_mr1.14E-4_ss200.fa	long_content_30k_002	957	29902
long_content_30k_002/lc30k002_2698_gc3300_rp0.07_mr1.14E-4_ss100.fa	long_content_30k_002	228	29902
long_content_30k_002/lc30k002_2702_gc3300_rp0.07_mr1.14E-4_ss200.fa	long_content_30k_002	931	29902
long_content_30k_002/lc30k002_2703_gc3300_rp0.05_mr1.14E-4_ss200.fa	long_content_30k_002	128	29902
long_content_30k_002/lc30k002_2704_gc3300_rp0.10_mr1.14E-4_ss100.fa	long_content_30k_002	532	29902
long_content_30k_002/lc30k002_2706_gc3300_rp0.07_mr1.14E-4_ss100.fa	long_content_30k_002	1059	29902
long_content_30k_002/lc30k002_2708_gc3300_rp0.15_mr1.14E-4_ss100.fa	long_content_30k_002	973	29902
long_content_30k_002/lc30k002_2709_gc3300_rp0.15_mr1.14E-4_ss200.fa	long_content_30k_002	1570	29902
long_content_30k_002/lc30k002_2711_gc3300_rp0.05_mr1.14E-4_ss200.fa	long_content_30k_002	327	29902
long_content_30k_002/lc30k002_2712_gc3300_rp0.10_mr1.14E-4_ss100.fa	long_content_30k_002	1535	29902
long_content_30k_002/lc30k002_2714_gc3300_rp0.07_mr1.14E-4_ss100.fa	long_content_30k_002	347	29902
long_content_30k_002/lc30k002_2717_gc3300_rp0.15_mr1.14E-4_ss200.fa	long_content_30k_002	2449	29902
long_content_30k_002/lc30k002_2718_gc3300_rp0.07_mr1.14E-4_ss200.fa	long_content_30k_002	859	29902
long_content_30k_002/lc30k002_2720_gc3300_rp0.10_mr1.14E-4_ss100.fa	long_content_30k_002	406	29902
long_content_30k_002/lc30k002_2724_gc3300_rp0.15_mr1.14E-4_ss100.fa	long_content_30k_002	1319	29902
long_content_30k_002/lc30k002_2725_gc3300_rp0.15_mr1.14E-4_ss200.fa	long_content_30k_002	1906	29902
long_content_30k_002/lc30k002_2733_gc3300_rp0.15_mr1.14E-4_ss200.fa	long_content_30k_002	2440	29902
long_content_30k_002/lc30k002_2734_gc3300_rp0.07_mr1.14E-4_ss200.fa	long_content_30k_002	810	29902
long_content_30k_002/lc30k002_2738_gc3300_rp0.07_mr1.14E-4_ss100.fa	long_content_30k_002	250	29902
long_content_30k_002/lc30k002_2740_gc3300_rp0.15_mr1.14E-4_ss100.fa	long_content_30k_002	901	29902
long_content_30k_002/lc30k002_2741_gc3300_rp0.15_mr1.14E-4_ss200.fa	long_content_30k_002	4707	29902
long_content_30k_002/lc30k002_2742_gc3300_rp0.07_mr1.14E-4_ss200.fa	long_content_30k_002	982	29902
long_content_30k_002/lc30k002_2743_gc3300_rp0.05_mr1.14E-4_ss200.fa	long_content_30k_002	188	29902
long_content_30k_002/lc30k002_2748_gc3300_rp0.15_mr1.14E-4_ss100.fa	long_content_30k_002	796	29902
long_content_30k_002/lc30k002_2753_gc3300_rp0.05_mr1.14E-4_ss100.fa	long_content_30k_002	200	29902
long_content_30k_002/lc30k002_2754_gc3300_rp0.07_mr1.14E-4_ss100.fa	long_content_30k_002	139	29902
long_content_30k_002/lc30k002_275_gc3300_rp0.10_mr1.14E-4_ss200.fa	long_content_30k_002	460	29902
long_content_30k_002/lc30k002_2762_gc3300_rp0.07_mr1.14E-4_ss100.fa	long_content_30k_002	232	26745
long_content_30k_002/lc30k002_2763_gc3300_rp0.10_mr1.14E-4_ss200.fa	long_content_30k_002	2366	29902
long_content_30k_002/lc30k002_2764_gc3300_rp0.15_mr1.14E-4_ss100.fa	long_content_30k_002	736	29902
long_content_30k_002/lc30k002_2765_gc3300_rp0.15_mr1.14E-4_ss200.fa	long_content_30k_002	3048	29902
long_content_30k_002/lc30k002_2769_gc3300_rp0.05_mr1.14E-4_ss100.fa	long_content_30k_002	507	29902
long_content_30k_002/lc30k002_276_gc3300_rp0.15_mr1.14E-4_ss100.fa	long_content_30k_002	1414	29902
long_content_30k_002/lc30k002_2770_gc3300_rp0.07_mr1.14E-4_ss100.fa	long_content_30k_002	727	29902
long_content_30k_002/lc30k002_2771_gc3300_rp0.10_mr1.14E-4_ss200.fa	long_content_30k_002	716	29902
long_content_30k_002/lc30k002_2772_gc3300_rp0.15_mr1.14E-4_ss100.fa	long_content_30k_002	952	29902
long_content_30k_002/lc30k002_2776_gc3300_rp0.10_mr1.14E-4_ss100.fa	long_content_30k_002	797	29902
long_content_30k_002/lc30k002_2778_gc3300_rp0.07_mr1.14E-4_ss100.fa	long_content_30k_002	382	29902
long_content_30k_002/lc30k002_2779_gc3300_rp0.10_mr1.14E-4_ss200.fa	long_content_30k_002	2619	29902
long_content_30k_002/lc30k002_2780_gc3300_rp0.15_mr1.14E-4_ss100.fa	long_content_30k_002	1939	29902
long_content_30k_002/lc30k002_2782_gc3300_rp0.07_mr1.14E-4_ss200.fa	long_content_30k_002	475	29902
long_content_30k_002/lc30k002_2785_gc3300_rp0.05_mr1.14E-4_ss100.fa	long_content_30k_002	396	29902
long_content_30k_002/lc30k002_2786_gc3300_rp0.07_mr1.14E-4_ss100.fa	long_content_30k_002	378	29902
long_content_30k_002/lc30k002_2788_gc3300_rp0.15_mr1.14E-4_ss100.fa	long_content_30k_002	2596	29902
long_content_30k_002/lc30k002_2790_gc3300_rp0.07_mr1.14E-4_ss200.fa	long_content_30k_002	1295	29902
long_content_30k_002/lc30k002_2791_gc3300_rp0.05_mr1.14E-4_ss200.fa	long_content_30k_002	592	29902
long_content_30k_002/lc30k002_2792_gc3300_rp0.10_mr1.14E-4_ss100.fa	long_content_30k_002	957	29902
long_content_30k_002/lc30k002_2793_gc3300_rp0.05_mr1.14E-4_ss100.fa	long_content_30k_002	156	29902
long_content_30k_002/lc30k002_2798_gc3300_rp0.07_mr1.14E-4_ss200.fa	long_content_30k_002	865	29902
long_content_30k_002/lc30k002_2799_gc3300_rp0.05_mr1.14E-4_ss200.fa	long_content_30k_002	327	29902
long_content_30k_002/lc30k002_2800_gc3300_rp0.10_mr1.14E-4_ss100.fa	long_content_30k_002	323	29902
long_content_30k_002/lc30k002_2801_gc3300_rp0.05_mr1.14E-4_ss100.fa	long_content_30k_002	268	29902
long_content_30k_002/lc30k002_2802_gc3300_rp0.07_mr1.14E-4_ss100.fa	long_content_30k_002	439	29902
long_content_30k_002/lc30k002_2808_gc3300_rp0.10_mr1.14E-4_ss100.fa	long_content_30k_002	3277	29902
long_content_30k_002/lc30k002_2810_gc3300_rp0.07_mr1.14E-4_ss100.fa	long_content_30k_002	37	29902
long_content_30k_002/lc30k002_2814_gc3300_rp0.07_mr1.14E-4_ss200.fa	long_content_30k_002	677	29902
long_content_30k_002/lc30k002_2815_gc3300_rp0.05_mr1.14E-4_ss200.fa	long_content_30k_002	458	29902
long_content_30k_002/lc30k002_2817_gc3300_rp0.05_mr1.14E-4_ss100.fa	long_content_30k_002	493	29902
long_content_30k_002/lc30k002_281_gc3300_rp0.05_mr1.14E-4_ss100.fa	long_content_30k_002	194	29902
long_content_30k_002/lc30k002_2820_gc3300_rp0.15_mr1.14E-4_ss100.fa	long_content_30k_002	1473	29902
long_content_30k_002/lc30k002_2821_gc3300_rp0.15_mr1.14E-4_ss200.fa	long_content_30k_002	3203	29902
long_content_30k_002/lc30k002_2822_gc3300_rp0.07_mr1.14E-4_ss200.fa	long_content_30k_002	784	29902
long_content_30k_002/lc30k002_2828_gc3300_rp0.15_mr1.14E-4_ss100.fa	long_content_30k_002	979	29902
long_content_30k_002/lc30k002_282_gc3300_rp0.07_mr1.14E-4_ss100.fa	long_content_30k_002	895	29902
long_content_30k_002/lc30k002_2830_gc3300_rp0.07_mr1.14E-4_ss200.fa	long_content_30k_002	2095	29902
long_content_30k_002/lc30k002_2831_gc3300_rp0.05_mr1.14E-4_ss200.fa	long_content_30k_002	584	29902
long_content_30k_002/lc30k002_2833_gc3300_rp0.05_mr1.14E-4_ss100.fa	long_content_30k_002	273	29902
long_content_30k_002/lc30k002_2835_gc3300_rp0.10_mr1.14E-4_ss200.fa	long_content_30k_002	923	29902
long_content_30k_002/lc30k002_2836_gc3300_rp0.15_mr1.14E-4_ss100.fa	long_content_30k_002	1287	29902
long_content_30k_002/lc30k002_283_gc3300_rp0.10_mr1.14E-4_ss200.fa	long_content_30k_002	4757	29902
long_content_30k_002/lc30k002_2841_gc3300_rp0.05_mr1.14E-4_ss100.fa	long_content_30k_002	183	29902
long_content_30k_002/lc30k002_2844_gc3300_rp0.15_mr1.14E-4_ss100.fa	long_content_30k_002	838	29902
long_content_30k_002/lc30k002_2848_gc3300_rp0.10_mr1.14E-4_ss100.fa	long_content_30k_002	950	29902
long_content_30k_002/lc30k002_2850_gc3300_rp0.07_mr1.14E-4_ss100.fa	long_content_30k_002	188	29902
long_content_30k_002/lc30k002_2851_gc3300_rp0.10_mr1.14E-4_ss200.fa	long_content_30k_002	1976	29902
long_content_30k_002/lc30k002_2852_gc3300_rp0.15_mr1.14E-4_ss100.fa	long_content_30k_002	419	29902
long_content_30k_002/lc30k002_2853_gc3300_rp0.15_mr1.14E-4_ss200.fa	long_content_30k_002	1712	29902
long_content_30k_002/lc30k002_2854_gc3300_rp0.07_mr1.14E-4_ss200.fa	long_content_30k_002	1222	29902
long_content_30k_002/lc30k002_2856_gc3300_rp0.10_mr1.14E-4_ss100.fa	long_content_30k_002	2556	29902
long_content_30k_002/lc30k002_2857_gc3300_rp0.05_mr1.14E-4_ss100.fa	long_content_30k_002	476	29902
long_content_30k_002/lc30k002_2859_gc3300_rp0.10_mr1.14E-4_ss200.fa	long_content_30k_002	3386	29902
long_content_30k_002/lc30k002_2861_gc3300_rp0.15_mr1.14E-4_ss200.fa	long_content_30k_002	5657	29902
long_content_30k_002/lc30k002_2862_gc3300_rp0.07_mr1.14E-4_ss200.fa	long_content_30k_002	472	29902
long_content_30k_002/lc30k002_2863_gc3300_rp0.05_mr1.14E-4_ss200.fa	long_content_30k_002	1263	29902
long_content_30k_002/lc30k002_2864_gc3300_rp0.10_mr1.14E-4_ss100.fa	long_content_30k_002	433	29902
long_content_30k_002/lc30k002_2865_gc3300_rp0.05_mr1.14E-4_ss100.fa	long_content_30k_002	286	29902
long_content_30k_002/lc30k002_2866_gc3300_rp0.07_mr1.14E-4_ss100.fa	long_content_30k_002	509	29902
long_content_30k_002/lc30k002_2867_gc3300_rp0.10_mr1.14E-4_ss200.fa	long_content_30k_002	815	29902
long_content_30k_002/lc30k002_2868_gc3300_rp0.15_mr1.14E-4_ss100.fa	long_content_30k_002	1648	29902
long_content_30k_002/lc30k002_2872_gc3300_rp0.10_mr1.14E-4_ss100.fa	long_content_30k_002	694	29902
long_content_30k_002/lc30k002_2875_gc3300_rp0.10_mr1.14E-4_ss200.fa	long_content_30k_002	928	29902
long_content_30k_002/lc30k002_2876_gc3300_rp0.15_mr1.14E-4_ss100.fa	long_content_30k_002	912	29902
long_content_30k_002/lc30k002_2879_gc3300_rp0.05_mr1.14E-4_ss200.fa	long_content_30k_002	1260	29902
long_content_30k_002/lc30k002_287_gc3300_rp0.05_mr1.14E-4_ss200.fa	long_content_30k_002	2058	29902
long_content_30k_002/lc30k002_2880_gc3300_rp0.10_mr1.14E-4_ss100.fa	long_content_30k_002	2765	29902
long_content_30k_002/lc30k002_2883_gc3300_rp0.10_mr1.14E-4_ss200.fa	long_content_30k_002	1104	29902
long_content_30k_002/lc30k002_2884_gc3300_rp0.15_mr1.14E-4_ss100.fa	long_content_30k_002	895	29902
long_content_30k_002/lc30k002_2886_gc3300_rp0.07_mr1.14E-4_ss200.fa	long_content_30k_002	622	29902
long_content_30k_002/lc30k002_2887_gc3300_rp0.05_mr1.14E-4_ss200.fa	long_content_30k_002	447	29902
long_content_30k_002/lc30k002_2888_gc3300_rp0.10_mr1.14E-4_ss100.fa	long_content_30k_002	197	29902
long_content_30k_002/lc30k002_288_gc3300_rp0.10_mr1.14E-4_ss100.fa	long_content_30k_002	712	29902
long_content_30k_002/lc30k002_2891_gc3300_rp0.10_mr1.14E-4_ss200.fa	long_content_30k_002	768	29902
long_content_30k_002/lc30k002_2894_gc3300_rp0.07_mr1.14E-4_ss200.fa	long_content_30k_002	1496	29902
long_content_30k_002/lc30k002_2895_gc3300_rp0.05_mr1.14E-4_ss200.fa	long_content_30k_002	90	26199
long_content_30k_002/lc30k002_2897_gc3300_rp0.05_mr1.14E-4_ss100.fa	long_content_30k_002	478	29902
long_content_30k_002/lc30k002_2898_gc3300_rp0.07_mr1.14E-4_ss100.fa	long_content_30k_002	156	29902
long_content_30k_002/lc30k002_2899_gc3300_rp0.10_mr1.14E-4_ss200.fa	long_content_30k_002	3223	29902
long_content_30k_002/lc30k002_2900_gc3300_rp0.15_mr1.14E-4_ss100.fa	long_content_30k_002	994	29902
long_content_30k_002/lc30k002_2903_gc3300_rp0.05_mr1.14E-4_ss200.fa	long_content_30k_002	133	29902
long_content_30k_002/lc30k002_2905_gc3300_rp0.05_mr1.14E-4_ss100.fa	long_content_30k_002	223	29902
long_content_30k_002/lc30k002_2907_gc3300_rp0.10_mr1.14E-4_ss200.fa	long_content_30k_002	1057	29902
long_content_30k_002/lc30k002_2908_gc3300_rp0.15_mr1.14E-4_ss100.fa	long_content_30k_002	1110	29902
long_content_30k_002/lc30k002_2909_gc3300_rp0.15_mr1.14E-4_ss200.fa	long_content_30k_002	1139	29902
long_content_30k_002/lc30k002_2915_gc3300_rp0.10_mr1.14E-4_ss200.fa	long_content_30k_002	460	29902
long_content_30k_002/lc30k002_2916_gc3300_rp0.15_mr1.14E-4_ss100.fa	long_content_30k_002	748	29902
long_content_30k_002/lc30k002_2917_gc3300_rp0.15_mr1.14E-4_ss200.fa	long_content_30k_002	5615	29902
long_content_30k_002/lc30k002_2918_gc3300_rp0.07_mr1.14E-4_ss200.fa	long_content_30k_002	1981	29902
long_content_30k_002/lc30k002_2920_gc3300_rp0.10_mr1.14E-4_ss100.fa	long_content_30k_002	733	29902
long_content_30k_002/lc30k002_2922_gc3300_rp0.07_mr1.14E-4_ss100.fa	long_content_30k_002	185	29902
long_content_30k_002/lc30k002_2925_gc3300_rp0.15_mr1.14E-4_ss200.fa	long_content_30k_002	2396	29902
long_content_30k_002/lc30k002_2926_gc3300_rp0.07_mr1.14E-4_ss200.fa	long_content_30k_002	1084	29902
long_content_30k_002/lc30k002_2930_gc3300_rp0.07_mr1.14E-4_ss100.fa	long_content_30k_002	1111	29902
long_content_30k_002/lc30k002_2931_gc3300_rp0.10_mr1.14E-4_ss200.fa	long_content_30k_002	1159	29902
long_content_30k_002/lc30k002_2936_gc3300_rp0.10_mr1.14E-4_ss100.fa	long_content_30k_002	747	29902
long_content_30k_002/lc30k002_2937_gc3300_rp0.05_mr1.14E-4_ss100.fa	long_content_30k_002	678	29902
long_content_30k_002/lc30k002_293_gc3300_rp0.15_mr1.14E-4_ss200.fa	long_content_30k_002	3601	29902
long_content_30k_002/lc30k002_2941_gc3300_rp0.15_mr1.14E-4_ss200.fa	long_content_30k_002	1717	29902
long_content_30k_002/lc30k002_2942_gc3300_rp0.07_mr1.14E-4_ss200.fa	long_content_30k_002	735	29902
long_content_30k_002/lc30k002_2943_gc3300_rp0.05_mr1.14E-4_ss200.fa	long_content_30k_002	120	29902
long_content_30k_002/lc30k002_2945_gc3300_rp0.05_mr1.14E-4_ss100.fa	long_content_30k_002	678	29902
long_content_30k_002/lc30k002_2948_gc3300_rp0.15_mr1.14E-4_ss100.fa	long_content_30k_002	638	29902
long_content_30k_002/lc30k002_2949_gc3300_rp0.15_mr1.14E-4_ss200.fa	long_content_30k_002	936	29902
long_content_30k_002/lc30k002_294_gc3300_rp0.07_mr1.14E-4_ss200.fa	long_content_30k_002	1128	29902
long_content_30k_002/lc30k002_2950_gc3300_rp0.07_mr1.14E-4_ss200.fa	long_content_30k_002	989	29902
long_content_30k_002/lc30k002_2951_gc3300_rp0.05_mr1.14E-4_ss200.fa	long_content_30k_002	1760	29902
long_content_30k_002/lc30k002_2954_gc3300_rp0.07_mr1.14E-4_ss100.fa	long_content_30k_002	331	29902
long_content_30k_002/lc30k002_2955_gc3300_rp0.10_mr1.14E-4_ss200.fa	long_content_30k_002	1615	29902
long_content_30k_002/lc30k002_2956_gc3300_rp0.15_mr1.14E-4_ss100.fa	long_content_30k_002	923	29902
long_content_30k_002/lc30k002_2958_gc3300_rp0.07_mr1.14E-4_ss200.fa	long_content_30k_002	2436	29902
long_content_30k_002/lc30k002_2960_gc3300_rp0.10_mr1.14E-4_ss100.fa	long_content_30k_002	825	29902
long_content_30k_002/lc30k002_2961_gc3300_rp0.05_mr1.14E-4_ss100.fa	long_content_30k_002	347	29902
long_content_30k_002/lc30k002_2962_gc3300_rp0.07_mr1.14E-4_ss100.fa	long_content_30k_002	111	29902
long_content_30k_002/lc30k002_2964_gc3300_rp0.15_mr1.14E-4_ss100.fa	long_content_30k_002	970	29902
long_content_30k_002/lc30k002_2965_gc3300_rp0.15_mr1.14E-4_ss200.fa	long_content_30k_002	1953	29902
long_content_30k_002/lc30k002_2966_gc3300_rp0.07_mr1.14E-4_ss200.fa	long_content_30k_002	1150	29902
long_content_30k_002/lc30k002_2967_gc3300_rp0.05_mr1.14E-4_ss200.fa	long_content_30k_002	209	29902
long_content_30k_002/lc30k002_2968_gc3300_rp0.10_mr1.14E-4_ss100.fa	long_content_30k_002	654	29902
long_content_30k_002/lc30k002_2969_gc3300_rp0.05_mr1.14E-4_ss100.fa	long_content_30k_002	113	29902
long_content_30k_002/lc30k002_296_gc3300_rp0.10_mr1.14E-4_ss100.fa	long_content_30k_002	1166	29902
long_content_30k_002/lc30k002_2973_gc3300_rp0.15_mr1.14E-4_ss200.fa	long_content_30k_002	1801	29902
long_content_30k_002/lc30k002_2974_gc3300_rp0.07_mr1.14E-4_ss200.fa	long_content_30k_002	363	29902
long_content_30k_002/lc30k002_2976_gc3300_rp0.10_mr1.14E-4_ss100.fa	long_content_30k_002	349	29902
long_content_30k_002/lc30k002_2977_gc3300_rp0.05_mr1.14E-4_ss100.fa	long_content_30k_002	635	29902
long_content_30k_002/lc30k002_2983_gc3300_rp0.05_mr1.14E-4_ss200.fa	long_content_30k_002	305	29902
long_content_30k_002/lc30k002_2984_gc3300_rp0.10_mr1.14E-4_ss100.fa	long_content_30k_002	1216	29902
long_content_30k_002/lc30k002_2985_gc3300_rp0.05_mr1.14E-4_ss100.fa	long_content_30k_002	135	29902
long_content_30k_002/lc30k002_2990_gc3300_rp0.07_mr1.14E-4_ss200.fa	long_content_30k_002	380	29902
long_content_30k_002/lc30k002_2991_gc3300_rp0.05_mr1.14E-4_ss200.fa	long_content_30k_002	326	29902
long_content_30k_002/lc30k002_2992_gc3300_rp0.10_mr1.14E-4_ss100.fa	long_content_30k_002	1842	29902
long_content_30k_002/lc30k002_2994_gc3300_rp0.07_mr1.14E-4_ss100.fa	long_content_30k_002	225	29902
long_content_30k_002/lc30k002_2997_gc3300_rp0.15_mr1.14E-4_ss200.fa	long_content_30k_002	2636	29902
long_content_30k_002/lc30k002_3000_gc3300_rp0.10_mr1.14E-4_ss100.fa	long_content_30k_002	329	29902
long_content_30k_002/lc30k002_3001_gc3300_rp0.05_mr1.14E-4_ss100.fa	long_content_30k_002	530	29902
long_content_30k_002/lc30k002_3003_gc3300_rp0.10_mr1.14E-4_ss200.fa	long_content_30k_002	724	29902
long_content_30k_002/lc30k002_3006_gc3300_rp0.07_mr1.14E-4_ss200.fa	long_content_30k_002	667	29902
long_content_30k_002/lc30k002_300_gc3300_rp0.15_mr1.14E-4_ss100.fa	long_content_30k_002	709	29902
long_content_30k_002/lc30k002_3010_gc3300_rp0.07_mr1.14E-4_ss100.fa	long_content_30k_002	496	29902
long_content_30k_002/lc30k002_3011_gc3300_rp0.10_mr1.14E-4_ss200.fa	long_content_30k_002	3394	29902
long_content_30k_002/lc30k002_3014_gc3300_rp0.07_mr1.14E-4_ss200.fa	long_content_30k_002	1311	29902
long_content_30k_002/lc30k002_3017_gc3300_rp0.05_mr1.14E-4_ss100.fa	long_content_30k_002	205	29902
long_content_30k_002/lc30k002_3020_gc3300_rp0.15_mr1.14E-4_ss100.fa	long_content_30k_002	1108	29902
long_content_30k_002/lc30k002_3022_gc3300_rp0.07_mr1.14E-4_ss200.fa	long_content_30k_002	108	29902
long_content_30k_002/lc30k002_3024_gc3300_rp0.10_mr1.14E-4_ss100.fa	long_content_30k_002	707	29902
long_content_30k_002/lc30k002_3025_gc3300_rp0.05_mr1.14E-4_ss100.fa	long_content_30k_002	110	29902
long_content_30k_002/lc30k002_3026_gc3300_rp0.07_mr1.14E-4_ss100.fa	long_content_30k_002	205	29902
long_content_30k_002/lc30k002_3028_gc3300_rp0.15_mr1.14E-4_ss100.fa	long_content_30k_002	1364	29902
long_content_30k_002/lc30k002_3030_gc3300_rp0.07_mr1.14E-4_ss200.fa	long_content_30k_002	1126	29902
long_content_30k_002/lc30k002_3031_gc3300_rp0.05_mr1.14E-4_ss200.fa	long_content_30k_002	1244	29902
long_content_30k_002/lc30k002_3032_gc3300_rp0.10_mr1.14E-4_ss100.fa	long_content_30k_002	1830	29902
long_content_30k_002/lc30k002_3035_gc3300_rp0.10_mr1.14E-4_ss200.fa	long_content_30k_002	4778	29902
long_content_30k_002/lc30k002_3037_gc3300_rp0.15_mr1.14E-4_ss200.fa	long_content_30k_002	4431	29902
long_content_30k_002/lc30k002_3038_gc3300_rp0.07_mr1.14E-4_ss200.fa	long_content_30k_002	935	29902
long_content_30k_002/lc30k002_303_gc3300_rp0.05_mr1.14E-4_ss200.fa	long_content_30k_002	487	29902
long_content_30k_002/lc30k002_3041_gc3300_rp0.05_mr1.14E-4_ss100.fa	long_content_30k_002	423	29902
long_content_30k_002/lc30k002_3043_gc3300_rp0.10_mr1.14E-4_ss200.fa	long_content_30k_002	2642	29902
long_content_30k_002/lc30k002_3045_gc3300_rp0.15_mr1.14E-4_ss200.fa	long_content_30k_002	3108	29902
long_content_30k_002/lc30k002_3048_gc3300_rp0.10_mr1.14E-4_ss100.fa	long_content_30k_002	722	29902
long_content_30k_002/lc30k002_3049_gc3300_rp0.05_mr1.14E-4_ss100.fa	long_content_30k_002	1039	29902
long_content_30k_002/lc30k002_3050_gc3300_rp0.07_mr1.14E-4_ss100.fa	long_content_30k_002	702	29902
long_content_30k_002/lc30k002_3051_gc3300_rp0.10_mr1.14E-4_ss200.fa	long_content_30k_002	2113	29902
long_content_30k_002/lc30k002_3052_gc3300_rp0.15_mr1.14E-4_ss100.fa	long_content_30k_002	796	29902
long_content_30k_002/lc30k002_3055_gc3300_rp0.05_mr1.14E-4_ss200.fa	long_content_30k_002	405	29902
long_content_30k_002/lc30k002_3056_gc3300_rp0.10_mr1.14E-4_ss100.fa	long_content_30k_002	2544	29902
long_content_30k_002/lc30k002_3057_gc3300_rp0.05_mr1.14E-4_ss100.fa	long_content_30k_002	203	29902
long_content_30k_002/lc30k002_3058_gc3300_rp0.07_mr1.14E-4_ss100.fa	long_content_30k_002	337	29902
long_content_30k_002/lc30k002_305_gc3300_rp0.05_mr1.14E-4_ss100.fa	long_content_30k_002	526	29902
long_content_30k_002/lc30k002_3060_gc3300_rp0.15_mr1.14E-4_ss100.fa	long_content_30k_002	2063	29902
long_content_30k_002/lc30k002_3061_gc3300_rp0.15_mr1.14E-4_ss200.fa	long_content_30k_002	3525	29902
long_content_30k_002/lc30k002_3062_gc3300_rp0.07_mr1.14E-4_ss200.fa	long_content_30k_002	1037	29902
long_content_30k_002/lc30k002_3064_gc3300_rp0.10_mr1.14E-4_ss100.fa	long_content_30k_002	922	29902
long_content_30k_002/lc30k002_3065_gc3300_rp0.05_mr1.14E-4_ss100.fa	long_content_30k_002	602	29902
long_content_30k_002/lc30k002_3066_gc3300_rp0.07_mr1.14E-4_ss100.fa	long_content_30k_002	760	29457
long_content_30k_002/lc30k002_306_gc3300_rp0.07_mr1.14E-4_ss100.fa	long_content_30k_002	167	29902
long_content_30k_002/lc30k002_3071_gc3300_rp0.05_mr1.14E-4_ss200.fa	long_content_30k_002	669	29902
long_content_30k_002/lc30k002_3074_gc3300_rp0.07_mr1.14E-4_ss100.fa	long_content_30k_002	595	29902
long_content_30k_002/lc30k002_3075_gc3300_rp0.10_mr1.14E-4_ss200.fa	long_content_30k_002	2155	29902
long_content_30k_002/lc30k002_3078_gc3300_rp0.07_mr1.14E-4_ss200.fa	long_content_30k_002	359	29902
long_content_30k_002/lc30k002_3081_gc3300_rp0.05_mr1.14E-4_ss100.fa	long_content_30k_002	63	29902
long_content_30k_002/lc30k002_3083_gc3300_rp0.10_mr1.14E-4_ss200.fa	long_content_30k_002	4000	29902
long_content_30k_002/lc30k002_3089_gc3300_rp0.05_mr1.14E-4_ss100.fa	long_content_30k_002	236	29902
long_content_30k_002/lc30k002_308_gc3300_rp0.15_mr1.14E-4_ss100.fa	long_content_30k_002	1924	29902
long_content_30k_002/lc30k002_3090_gc3300_rp0.07_mr1.14E-4_ss100.fa	long_content_30k_002	138	29902
long_content_30k_002/lc30k002_3092_gc3300_rp0.15_mr1.14E-4_ss100.fa	long_content_30k_002	2459	29902
long_content_30k_002/lc30k002_3095_gc3300_rp0.05_mr1.14E-4_ss200.fa	long_content_30k_002	580	29902
long_content_30k_002/lc30k002_3096_gc3300_rp0.10_mr1.14E-4_ss100.fa	long_content_30k_002	1238	29902
long_content_30k_002/lc30k002_3098_gc3300_rp0.07_mr1.14E-4_ss100.fa	long_content_30k_002	921	29902
long_content_30k_002/lc30k002_3099_gc3300_rp0.10_mr1.14E-4_ss200.fa	long_content_30k_002	1012	29902
long_content_30k_002/lc30k002_3100_gc3300_rp0.15_mr1.14E-4_ss100.fa	long_content_30k_002	637	29902
long_content_30k_002/lc30k002_3104_gc3300_rp0.10_mr1.14E-4_ss100.fa	long_content_30k_002	1974	29902
long_content_30k_002/lc30k002_3108_gc3300_rp0.15_mr1.14E-4_ss100.fa	long_content_30k_002	1277	29902
long_content_30k_002/lc30k002_3109_gc3300_rp0.15_mr1.14E-4_ss200.fa	long_content_30k_002	1739	29902
long_content_30k_002/lc30k002_3110_gc3300_rp0.07_mr1.14E-4_ss200.fa	long_content_30k_002	91	29902
long_content_30k_002/lc30k002_3111_gc3300_rp0.05_mr1.14E-4_ss200.fa	long_content_30k_002	466	29902
long_content_30k_002/lc30k002_3112_gc3300_rp0.10_mr1.14E-4_ss100.fa	long_content_30k_002	591	29902
long_content_30k_002/lc30k002_3116_gc3300_rp0.15_mr1.14E-4_ss100.fa	long_content_30k_002	2057	29902
long_content_30k_002/lc30k002_3118_gc3300_rp0.07_mr1.14E-4_ss200.fa	long_content_30k_002	509	29902
long_content_30k_002/lc30k002_3120_gc3300_rp0.10_mr1.14E-4_ss100.fa	long_content_30k_002	1477	29902
long_content_30k_002/lc30k002_3121_gc3300_rp0.05_mr1.14E-4_ss100.fa	long_content_30k_002	369	29902
long_content_30k_002/lc30k002_3123_gc3300_rp0.10_mr1.14E-4_ss200.fa	long_content_30k_002	1295	29902
long_content_30k_002/lc30k002_3126_gc3300_rp0.07_mr1.14E-4_ss200.fa	long_content_30k_002	964	29902
long_content_30k_002/lc30k002_3127_gc3300_rp0.05_mr1.14E-4_ss200.fa	long_content_30k_002	721	29902
long_content_30k_002/lc30k002_3129_gc3300_rp0.05_mr1.14E-4_ss100.fa	long_content_30k_002	596	29902
long_content_30k_002/lc30k002_3130_gc3300_rp0.07_mr1.14E-4_ss100.fa	long_content_30k_002	263	29902
long_content_30k_002/lc30k002_3132_gc3300_rp0.15_mr1.14E-4_ss100.fa	long_content_30k_002	1007	29902
long_content_30k_002/lc30k002_3138_gc3300_rp0.07_mr1.14E-4_ss100.fa	long_content_30k_002	618	29902
long_content_30k_002/lc30k002_3139_gc3300_rp0.10_mr1.14E-4_ss200.fa	long_content_30k_002	1763	29902
long_content_30k_002/lc30k002_313_gc3300_rp0.05_mr1.14E-4_ss100.fa	long_content_30k_002	322	29902
long_content_30k_002/lc30k002_3143_gc3300_rp0.05_mr1.14E-4_ss200.fa	long_content_30k_002	1120	29902
long_content_30k_002/lc30k002_3145_gc3300_rp0.05_mr1.14E-4_ss100.fa	long_content_30k_002	347	29902
long_content_30k_002/lc30k002_3151_gc3300_rp0.05_mr1.14E-4_ss200.fa	long_content_30k_002	601	25428
long_content_30k_002/lc30k002_3152_gc3300_rp0.10_mr1.14E-4_ss100.fa	long_content_30k_002	560	29902
long_content_30k_002/lc30k002_3154_gc3300_rp0.07_mr1.14E-4_ss100.fa	long_content_30k_002	262	29902
long_content_30k_002/lc30k002_3155_gc3300_rp0.10_mr1.14E-4_ss200.fa	long_content_30k_002	1243	29902
long_content_30k_002/lc30k002_3156_gc3300_rp0.15_mr1.14E-4_ss100.fa	long_content_30k_002	1066	29902
long_content_30k_002/lc30k002_3158_gc3300_rp0.07_mr1.14E-4_ss200.fa	long_content_30k_002	2859	29902
long_content_30k_002/lc30k002_3159_gc3300_rp0.05_mr1.14E-4_ss200.fa	long_content_30k_002	1110	29902
long_content_30k_002/lc30k002_3163_gc3300_rp0.10_mr1.14E-4_ss200.fa	long_content_30k_002	1723	29902
long_content_30k_002/lc30k002_3164_gc3300_rp0.15_mr1.14E-4_ss100.fa	long_content_30k_002	2748	29902
long_content_30k_002/lc30k002_3165_gc3300_rp0.15_mr1.14E-4_ss200.fa	long_content_30k_002	4946	29902
long_content_30k_002/lc30k002_3168_gc3300_rp0.10_mr1.14E-4_ss100.fa	long_content_30k_002	669	29902
long_content_30k_002/lc30k002_3172_gc3300_rp0.15_mr1.14E-4_ss100.fa	long_content_30k_002	3617	29902
long_content_30k_002/lc30k002_3173_gc3300_rp0.15_mr1.14E-4_ss200.fa	long_content_30k_002	4419	29902
long_content_30k_002/lc30k002_3174_gc3300_rp0.07_mr1.14E-4_ss200.fa	long_content_30k_002	1411	29902
long_content_30k_002/lc30k002_3175_gc3300_rp0.05_mr1.14E-4_ss200.fa	long_content_30k_002	1032	29902
long_content_30k_002/lc30k002_3177_gc3300_rp0.05_mr1.14E-4_ss100.fa	long_content_30k_002	108	29902
long_content_30k_002/lc30k002_3179_gc3300_rp0.10_mr1.14E-4_ss200.fa	long_content_30k_002	2500	29902
long_content_30k_002/lc30k002_3181_gc3300_rp0.15_mr1.14E-4_ss200.fa	long_content_30k_002	891	29902
long_content_30k_002/lc30k002_3185_gc3300_rp0.05_mr1.14E-4_ss100.fa	long_content_30k_002	432	29902
long_content_30k_002/lc30k002_3186_gc3300_rp0.07_mr1.14E-4_ss100.fa	long_content_30k_002	496	29902
long_content_30k_002/lc30k002_3187_gc3300_rp0.10_mr1.14E-4_ss200.fa	long_content_30k_002	2414	29902
long_content_30k_002/lc30k002_318_gc3300_rp0.07_mr1.14E-4_ss200.fa	long_content_30k_002	1757	29902
long_content_30k_002/lc30k002_3190_gc3300_rp0.07_mr1.14E-4_ss200.fa	long_content_30k_002	518	29902
long_content_30k_002/lc30k002_3192_gc3300_rp0.10_mr1.14E-4_ss100.fa	long_content_30k_002	1047	29902
long_content_30k_002/lc30k002_3195_gc3300_rp0.10_mr1.14E-4_ss200.fa	long_content_30k_002	1213	29902
long_content_30k_002/lc30k002_3196_gc3300_rp0.15_mr1.14E-4_ss100.fa	long_content_30k_002	2255	29902
long_content_30k_002/lc30k002_3197_gc3300_rp0.15_mr1.14E-4_ss200.fa	long_content_30k_002	4258	29902
long_content_30k_002/lc30k002_3198_gc3300_rp0.07_mr1.14E-4_ss200.fa	long_content_30k_002	2857	29902
long_content_30k_002/lc30k002_3200_gc3300_rp0.10_mr1.14E-4_ss100.fa	long_content_30k_002	338	29902
long_content_30k_002/lc30k002_3201_gc3300_rp0.05_mr1.14E-4_ss100.fa	long_content_30k_002	545	29902
long_content_30k_002/lc30k002_3203_gc3300_rp0.10_mr1.14E-4_ss200.fa	long_content_30k_002	2210	29902
long_content_30k_002/lc30k002_3204_gc3300_rp0.15_mr1.14E-4_ss100.fa	long_content_30k_002	1290	29902
long_content_30k_002/lc30k002_3208_gc3300_rp0.10_mr1.14E-4_ss100.fa	long_content_30k_002	260	29902
long_content_30k_002/lc30k002_3209_gc3300_rp0.05_mr1.14E-4_ss100.fa	long_content_30k_002	447	29902
long_content_30k_002/lc30k002_320_gc3300_rp0.10_mr1.14E-4_ss100.fa	long_content_30k_002	276	29902
long_content_30k_002/lc30k002_3210_gc3300_rp0.07_mr1.14E-4_ss100.fa	long_content_30k_002	753	29902
long_content_30k_002/lc30k002_3217_gc3300_rp0.05_mr1.14E-4_ss100.fa	long_content_30k_002	50	29902
long_content_30k_002/lc30k002_3218_gc3300_rp0.07_mr1.14E-4_ss100.fa	long_content_30k_002	465	29902
long_content_30k_002/lc30k002_3219_gc3300_rp0.10_mr1.14E-4_ss200.fa	long_content_30k_002	1799	29902
long_content_30k_002/lc30k002_3220_gc3300_rp0.15_mr1.14E-4_ss100.fa	long_content_30k_002	1928	29902
long_content_30k_002/lc30k002_3222_gc3300_rp0.07_mr1.14E-4_ss200.fa	long_content_30k_002	1281	29902
long_content_30k_002/lc30k002_3223_gc3300_rp0.05_mr1.14E-4_ss200.fa	long_content_30k_002	464	29902
long_content_30k_002/lc30k002_3227_gc3300_rp0.10_mr1.14E-4_ss200.fa	long_content_30k_002	1149	29902
long_content_30k_002/lc30k002_3229_gc3300_rp0.15_mr1.14E-4_ss200.fa	long_content_30k_002	4208	29902
long_content_30k_002/lc30k002_322_gc3300_rp0.07_mr1.14E-4_ss100.fa	long_content_30k_002	1731	29902
long_content_30k_002/lc30k002_3232_gc3300_rp0.10_mr1.14E-4_ss100.fa	long_content_30k_002	1917	29902
long_content_30k_002/lc30k002_3235_gc3300_rp0.10_mr1.14E-4_ss200.fa	long_content_30k_002	2490	29902
long_content_30k_002/lc30k002_3236_gc3300_rp0.15_mr1.14E-4_ss100.fa	long_content_30k_002	387	29902
long_content_30k_002/lc30k002_3237_gc3300_rp0.15_mr1.14E-4_ss200.fa	long_content_30k_002	3370	29902
long_content_30k_002/lc30k002_3238_gc3300_rp0.07_mr1.14E-4_ss200.fa	long_content_30k_002	739	29902
long_content_30k_002/lc30k002_3240_gc3300_rp0.10_mr1.14E-4_ss100.fa	long_content_30k_002	1261	29902
long_content_30k_002/lc30k002_3243_gc3300_rp0.10_mr1.14E-4_ss200.fa	long_content_30k_002	1794	29902
long_content_30k_002/lc30k002_3244_gc3300_rp0.15_mr1.14E-4_ss100.fa	long_content_30k_002	3000	29902
long_content_30k_002/lc30k002_3245_gc3300_rp0.15_mr1.14E-4_ss200.fa	long_content_30k_002	2385	29902
long_content_30k_002/lc30k002_3249_gc3300_rp0.05_mr1.14E-4_ss100.fa	long_content_30k_002	446	29902
long_content_30k_002/lc30k002_324_gc3300_rp0.15_mr1.14E-4_ss100.fa	long_content_30k_002	1304	29902
long_content_30k_002/lc30k002_3250_gc3300_rp0.07_mr1.14E-4_ss100.fa	long_content_30k_002	363	29902
long_content_30k_002/lc30k002_3251_gc3300_rp0.10_mr1.14E-4_ss200.fa	long_content_30k_002	613	29902
long_content_30k_002/lc30k002_3253_gc3300_rp0.15_mr1.14E-4_ss200.fa	long_content_30k_002	2443	29902
long_content_30k_002/lc30k002_3254_gc3300_rp0.07_mr1.14E-4_ss200.fa	long_content_30k_002	149	29902
long_content_30k_002/lc30k002_3257_gc3300_rp0.05_mr1.14E-4_ss100.fa	long_content_30k_002	251	29902
long_content_30k_002/lc30k002_3258_gc3300_rp0.07_mr1.14E-4_ss100.fa	long_content_30k_002	677	29902
long_content_30k_002/lc30k002_325_gc3300_rp0.15_mr1.14E-4_ss200.fa	long_content_30k_002	4429	29902
long_content_30k_002/lc30k002_3262_gc3300_rp0.07_mr1.14E-4_ss200.fa	long_content_30k_002	877	29902
long_content_30k_002/lc30k002_3263_gc3300_rp0.05_mr1.14E-4_ss200.fa	long_content_30k_002	231	29902
long_content_30k_002/lc30k002_3264_gc3300_rp0.10_mr1.14E-4_ss100.fa	long_content_30k_002	1491	29902
long_content_30k_002/lc30k002_3266_gc3300_rp0.07_mr1.14E-4_ss100.fa	long_content_30k_002	107	29902
long_content_30k_002/lc30k002_3267_gc3300_rp0.10_mr1.14E-4_ss200.fa	long_content_30k_002	1200	29902
long_content_30k_002/lc30k002_3268_gc3300_rp0.15_mr1.14E-4_ss100.fa	long_content_30k_002	1939	29902
long_content_30k_002/lc30k002_326_gc3300_rp0.07_mr1.14E-4_ss200.fa	long_content_30k_002	1517	29902
long_content_30k_002/lc30k002_3270_gc3300_rp0.07_mr1.14E-4_ss200.fa	long_content_30k_002	3508	29902
long_content_30k_002/lc30k002_3271_gc3300_rp0.05_mr1.14E-4_ss200.fa	long_content_30k_002	85	29902
long_content_30k_002/lc30k002_3273_gc3300_rp0.05_mr1.14E-4_ss100.fa	long_content_30k_002	85	29902
long_content_30k_002/lc30k002_3277_gc3300_rp0.15_mr1.14E-4_ss200.fa	long_content_30k_002	5035	29902
long_content_30k_002/lc30k002_3279_gc3300_rp0.05_mr1.14E-4_ss200.fa	long_content_30k_002	734	29902
long_content_30k_002/lc30k002_3280_gc3300_rp0.10_mr1.14E-4_ss100.fa	long_content_30k_002	742	29902
long_content_30k_002/lc30k002_3286_gc3300_rp0.07_mr1.14E-4_ss200.fa	long_content_30k_002	1593	29902
long_content_30k_002/lc30k002_328_gc3300_rp0.10_mr1.14E-4_ss100.fa	long_content_30k_002	940	29902
long_content_30k_002/lc30k002_3291_gc3300_rp0.10_mr1.14E-4_ss200.fa	long_content_30k_002	1082	29902
long_content_30k_002/lc30k002_3292_gc3300_rp0.15_mr1.14E-4_ss100.fa	long_content_30k_002	667	29902
long_content_30k_002/lc30k002_3294_gc3300_rp0.07_mr1.14E-4_ss200.fa	long_content_30k_002	1040	29902
long_content_30k_002/lc30k002_3296_gc3300_rp0.10_mr1.14E-4_ss100.fa	long_content_30k_002	912	29902
long_content_30k_002/lc30k002_3298_gc3300_rp0.07_mr1.14E-4_ss100.fa	long_content_30k_002	792	29902
long_content_30k_002/lc30k002_329_gc3300_rp0.05_mr1.14E-4_ss100.fa	long_content_30k_002	309	29902
long_content_30k_002/lc30k002_3301_gc3300_rp0.15_mr1.14E-4_ss200.fa	long_content_30k_002	3273	29902
long_content_30k_002/lc30k002_3302_gc3300_rp0.07_mr1.14E-4_ss200.fa	long_content_30k_002	955	29902
long_content_30k_002/lc30k002_3303_gc3300_rp0.05_mr1.14E-4_ss200.fa	long_content_30k_002	795	29902
long_content_30k_002/lc30k002_3304_gc3300_rp0.10_mr1.14E-4_ss100.fa	long_content_30k_002	687	29902
long_content_30k_002/lc30k002_3309_gc3300_rp0.15_mr1.14E-4_ss200.fa	long_content_30k_002	2100	29902
long_content_30k_002/lc30k002_3310_gc3300_rp0.07_mr1.14E-4_ss200.fa	long_content_30k_002	596	29902
long_content_30k_002/lc30k002_3312_gc3300_rp0.10_mr1.14E-4_ss100.fa	long_content_30k_002	549	29902
long_content_30k_002/lc30k002_3314_gc3300_rp0.07_mr1.14E-4_ss100.fa	long_content_30k_002	246	29902
long_content_30k_002/lc30k002_3318_gc3300_rp0.07_mr1.14E-4_ss200.fa	long_content_30k_002	604	29902
long_content_30k_002/lc30k002_3320_gc3300_rp0.10_mr1.14E-4_ss100.fa	long_content_30k_002	1154	29902
long_content_30k_002/lc30k002_3322_gc3300_rp0.07_mr1.14E-4_ss100.fa	long_content_30k_002	244	29902
long_content_30k_002/lc30k002_3324_gc3300_rp0.15_mr1.14E-4_ss100.fa	long_content_30k_002	1206	29902
long_content_30k_002/lc30k002_3325_gc3300_rp0.15_mr1.14E-4_ss200.fa	long_content_30k_002	6739	29902
long_content_30k_002/lc30k002_3326_gc3300_rp0.07_mr1.14E-4_ss200.fa	long_content_30k_002	258	29902
long_content_30k_002/lc30k002_3328_gc3300_rp0.10_mr1.14E-4_ss100.fa	long_content_30k_002	836	29902
long_content_30k_002/lc30k002_332_gc3300_rp0.15_mr1.14E-4_ss100.fa	long_content_30k_002	873	29902
long_content_30k_002/lc30k002_3331_gc3300_rp0.10_mr1.14E-4_ss200.fa	long_content_30k_002	924	29902
long_content_30k_002/lc30k002_3332_gc3300_rp0.15_mr1.14E-4_ss100.fa	long_content_30k_002	1818	29902
long_content_30k_002/lc30k002_3334_gc3300_rp0.07_mr1.14E-4_ss200.fa	long_content_30k_002	1157	29902
long_content_30k_002/lc30k002_3335_gc3300_rp0.05_mr1.14E-4_ss200.fa	long_content_30k_002	482	29902
long_content_30k_002/lc30k002_3336_gc3300_rp0.10_mr1.14E-4_ss100.fa	long_content_30k_002	432	29902
long_content_30k_002/lc30k002_333_gc3300_rp0.15_mr1.14E-4_ss200.fa	long_content_30k_002	1417	29902
long_content_30k_002/lc30k002_3342_gc3300_rp0.07_mr1.14E-4_ss200.fa	long_content_30k_002	1960	29902
long_content_30k_002/lc30k002_3343_gc3300_rp0.05_mr1.14E-4_ss200.fa	long_content_30k_002	156	29902
long_content_30k_002/lc30k002_3344_gc3300_rp0.10_mr1.14E-4_ss100.fa	long_content_30k_002	588	29902
long_content_30k_002/lc30k002_3345_gc3300_rp0.05_mr1.14E-4_ss100.fa	long_content_30k_002	307	29902
long_content_30k_002/lc30k002_3346_gc3300_rp0.07_mr1.14E-4_ss100.fa	long_content_30k_002	1053	29902
long_content_30k_002/lc30k002_3354_gc3300_rp0.07_mr1.14E-4_ss100.fa	long_content_30k_002	961	29902
long_content_30k_002/lc30k002_3356_gc3300_rp0.15_mr1.14E-4_ss100.fa	long_content_30k_002	1491	29902
long_content_30k_002/lc30k002_3357_gc3300_rp0.15_mr1.14E-4_ss200.fa	long_content_30k_002	1858	29902
long_content_30k_002/lc30k002_3359_gc3300_rp0.05_mr1.14E-4_ss200.fa	long_content_30k_002	324	29902
long_content_30k_002/lc30k002_335_gc3300_rp0.05_mr1.14E-4_ss200.fa	long_content_30k_002	1450	29902
long_content_30k_002/lc30k002_3361_gc3300_rp0.05_mr1.14E-4_ss100.fa	long_content_30k_002	34	29902
long_content_30k_002/lc30k002_3363_gc3300_rp0.10_mr1.14E-4_ss200.fa	long_content_30k_002	5455	29902
long_content_30k_002/lc30k002_3365_gc3300_rp0.15_mr1.14E-4_ss200.fa	long_content_30k_002	2913	29902
long_content_30k_002/lc30k002_3366_gc3300_rp0.07_mr1.14E-4_ss200.fa	long_content_30k_002	977	29902
long_content_30k_002/lc30k002_3368_gc3300_rp0.10_mr1.14E-4_ss100.fa	long_content_30k_002	998	29902
long_content_30k_002/lc30k002_336_gc3300_rp0.10_mr1.14E-4_ss100.fa	long_content_30k_002	337	29902
long_content_30k_002/lc30k002_3370_gc3300_rp0.07_mr1.14E-4_ss100.fa	long_content_30k_002	818	29902
long_content_30k_002/lc30k002_3374_gc3300_rp0.07_mr1.14E-4_ss200.fa	long_content_30k_002	1194	29902
long_content_30k_002/lc30k002_3376_gc3300_rp0.10_mr1.14E-4_ss100.fa	long_content_30k_002	1390	29902
long_content_30k_002/lc30k002_3377_gc3300_rp0.05_mr1.14E-4_ss100.fa	long_content_30k_002	241	29902
long_content_30k_002/lc30k002_3378_gc3300_rp0.07_mr1.14E-4_ss100.fa	long_content_30k_002	176	29902
long_content_30k_002/lc30k002_3379_gc3300_rp0.10_mr1.14E-4_ss200.fa	long_content_30k_002	2494	29902
long_content_30k_002/lc30k002_337_gc3300_rp0.05_mr1.14E-4_ss100.fa	long_content_30k_002	421	29902
long_content_30k_002/lc30k002_3382_gc3300_rp0.07_mr1.14E-4_ss200.fa	long_content_30k_002	531	29902
long_content_30k_002/lc30k002_3385_gc3300_rp0.05_mr1.14E-4_ss100.fa	long_content_30k_002	101	29902
long_content_30k_002/lc30k002_3389_gc3300_rp0.15_mr1.14E-4_ss200.fa	long_content_30k_002	1702	29902
long_content_30k_002/lc30k002_3390_gc3300_rp0.07_mr1.14E-4_ss200.fa	long_content_30k_002	1433	29902
long_content_30k_002/lc30k002_3391_gc3300_rp0.05_mr1.14E-4_ss200.fa	long_content_30k_002	58	29902
long_content_30k_002/lc30k002_3392_gc3300_rp0.10_mr1.14E-4_ss100.fa	long_content_30k_002	1373	29902
long_content_30k_002/lc30k002_3393_gc3300_rp0.05_mr1.14E-4_ss100.fa	long_content_30k_002	367	29902
long_content_30k_002/lc30k002_3395_gc3300_rp0.10_mr1.14E-4_ss200.fa	long_content_30k_002	2072	29902
long_content_30k_002/lc30k002_3398_gc3300_rp0.07_mr1.14E-4_ss200.fa	long_content_30k_002	1202	29902
long_content_30k_002/lc30k002_3399_gc3300_rp0.05_mr1.14E-4_ss200.fa	long_content_30k_002	365	29902
long_content_30k_002/lc30k002_3400_gc3300_rp0.10_mr1.14E-4_ss100.fa	long_content_30k_002	753	29902
long_content_30k_002/lc30k002_3405_gc3300_rp0.15_mr1.14E-4_ss200.fa	long_content_30k_002	2018	29902
long_content_30k_002/lc30k002_3409_gc3300_rp0.05_mr1.14E-4_ss100.fa	long_content_30k_002	617	29902
long_content_30k_002/lc30k002_3411_gc3300_rp0.10_mr1.14E-4_ss200.fa	long_content_30k_002	1278	29902
long_content_30k_002/lc30k002_3412_gc3300_rp0.15_mr1.14E-4_ss100.fa	long_content_30k_002	722	29902
long_content_30k_002/lc30k002_3413_gc3300_rp0.15_mr1.14E-4_ss200.fa	long_content_30k_002	2107	29902
long_content_30k_002/lc30k002_3414_gc3300_rp0.07_mr1.14E-4_ss200.fa	long_content_30k_002	1593	29902
long_content_30k_002/lc30k002_3415_gc3300_rp0.05_mr1.14E-4_ss200.fa	long_content_30k_002	595	29902
long_content_30k_002/lc30k002_3419_gc3300_rp0.10_mr1.14E-4_ss200.fa	long_content_30k_002	806	29902
long_content_30k_002/lc30k002_3425_gc3300_rp0.05_mr1.14E-4_ss100.fa	long_content_30k_002	338	29902
long_content_30k_002/lc30k002_3426_gc3300_rp0.07_mr1.14E-4_ss100.fa	long_content_30k_002	325	29902
long_content_30k_002/lc30k002_3427_gc3300_rp0.10_mr1.14E-4_ss200.fa	long_content_30k_002	2087	29902
long_content_30k_002/lc30k002_3428_gc3300_rp0.15_mr1.14E-4_ss100.fa	long_content_30k_002	2982	29902
long_content_30k_002/lc30k002_3430_gc3300_rp0.07_mr1.14E-4_ss200.fa	long_content_30k_002	443	29902
long_content_30k_002/lc30k002_3433_gc3300_rp0.05_mr1.14E-4_ss100.fa	long_content_30k_002	264	29902
long_content_30k_002/lc30k002_3434_gc3300_rp0.07_mr1.14E-4_ss100.fa	long_content_30k_002	313	29902
long_content_30k_002/lc30k002_3435_gc3300_rp0.10_mr1.14E-4_ss200.fa	long_content_30k_002	1983	29902
long_content_30k_002/lc30k002_3436_gc3300_rp0.15_mr1.14E-4_ss100.fa	long_content_30k_002	839	29902
long_content_30k_002/lc30k002_3437_gc3300_rp0.15_mr1.14E-4_ss200.fa	long_content_30k_002	2470	29902
long_content_30k_002/lc30k002_3438_gc3300_rp0.07_mr1.14E-4_ss200.fa	long_content_30k_002	875	29902
long_content_30k_002/lc30k002_343_gc3300_rp0.05_mr1.14E-4_ss200.fa	long_content_30k_002	462	29902
long_content_30k_002/lc30k002_3441_gc3300_rp0.05_mr1.14E-4_ss100.fa	long_content_30k_002	132	29541
long_content_30k_002/lc30k002_3442_gc3300_rp0.07_mr1.14E-4_ss100.fa	long_content_30k_002	470	29902
long_content_30k_002/lc30k002_3445_gc3300_rp0.15_mr1.14E-4_ss200.fa	long_content_30k_002	5068	29902
long_content_30k_002/lc30k002_3451_gc3300_rp0.10_mr1.14E-4_ss200.fa	long_content_30k_002	1049	29902
long_content_30k_002/lc30k002_3453_gc3300_rp0.15_mr1.14E-4_ss200.fa	long_content_30k_002	2734	29902
long_content_30k_002/lc30k002_3454_gc3300_rp0.07_mr1.14E-4_ss200.fa	long_content_30k_002	1381	29902
long_content_30k_002/lc30k002_3456_gc3300_rp0.10_mr1.14E-4_ss100.fa	long_content_30k_002	300	29902
long_content_30k_002/lc30k002_3457_gc3300_rp0.05_mr1.14E-4_ss100.fa	long_content_30k_002	312	29902
long_content_30k_002/lc30k002_345_gc3300_rp0.05_mr1.14E-4_ss100.fa	long_content_30k_002	177	29902
long_content_30k_002/lc30k002_3460_gc3300_rp0.15_mr1.14E-4_ss100.fa	long_content_30k_002	455	29902
long_content_30k_002/lc30k002_3461_gc3300_rp0.15_mr1.14E-4_ss200.fa	long_content_30k_002	4049	29902
long_content_30k_002/lc30k002_3463_gc3300_rp0.05_mr1.14E-4_ss200.fa	long_content_30k_002	215	29902
long_content_30k_002/lc30k002_3464_gc3300_rp0.10_mr1.14E-4_ss100.fa	long_content_30k_002	1031	29902
long_content_30k_002/lc30k002_3466_gc3300_rp0.07_mr1.14E-4_ss100.fa	long_content_30k_002	438	29902
long_content_30k_002/lc30k002_346_gc3300_rp0.07_mr1.14E-4_ss100.fa	long_content_30k_002	1143	29902
long_content_30k_002/lc30k002_3470_gc3300_rp0.07_mr1.14E-4_ss200.fa	long_content_30k_002	1048	29902
long_content_30k_002/lc30k002_3471_gc3300_rp0.05_mr1.14E-4_ss200.fa	long_content_30k_002	1892	29902
long_content_30k_002/lc30k002_3472_gc3300_rp0.10_mr1.14E-4_ss100.fa	long_content_30k_002	2208	29902
long_content_30k_002/lc30k002_3473_gc3300_rp0.05_mr1.14E-4_ss100.fa	long_content_30k_002	175	29902
long_content_30k_002/lc30k002_3475_gc3300_rp0.10_mr1.14E-4_ss200.fa	long_content_30k_002	872	29902
long_content_30k_002/lc30k002_3479_gc3300_rp0.05_mr1.14E-4_ss200.fa	long_content_30k_002	613	29902
long_content_30k_002/lc30k002_3481_gc3300_rp0.05_mr1.14E-4_ss100.fa	long_content_30k_002	140	29902
long_content_30k_002/lc30k002_3483_gc3300_rp0.10_mr1.14E-4_ss200.fa	long_content_30k_002	1762	29902
long_content_30k_002/lc30k002_3485_gc3300_rp0.15_mr1.14E-4_ss200.fa	long_content_30k_002	3112	29902
long_content_30k_002/lc30k002_3486_gc3300_rp0.07_mr1.14E-4_ss200.fa	long_content_30k_002	343	29902
long_content_30k_002/lc30k002_3488_gc3300_rp0.10_mr1.14E-4_ss100.fa	long_content_30k_002	1054	29902
long_content_30k_002/lc30k002_3490_gc3300_rp0.07_mr1.14E-4_ss100.fa	long_content_30k_002	176	29902
long_content_30k_002/lc30k002_3492_gc3300_rp0.15_mr1.14E-4_ss100.fa	long_content_30k_002	1863	29902
long_content_30k_002/lc30k002_3493_gc3300_rp0.15_mr1.14E-4_ss200.fa	long_content_30k_002	2674	29902
long_content_30k_002/lc30k002_3494_gc3300_rp0.07_mr1.14E-4_ss200.fa	long_content_30k_002	335	29902
long_content_30k_002/lc30k002_3499_gc3300_rp0.10_mr1.14E-4_ss200.fa	long_content_30k_002	2168	29902
long_content_30k_002/lc30k002_3502_gc3300_rp0.07_mr1.14E-4_ss200.fa	long_content_30k_002	2540	29902
long_content_30k_002/lc30k002_3506_gc3300_rp0.07_mr1.14E-4_ss100.fa	long_content_30k_002	571	29902
long_content_30k_002/lc30k002_3508_gc3300_rp0.15_mr1.14E-4_ss100.fa	long_content_30k_002	927	29902
long_content_30k_002/lc30k002_3509_gc3300_rp0.15_mr1.14E-4_ss200.fa	long_content_30k_002	3371	29902
long_content_30k_002/lc30k002_3513_gc3300_rp0.05_mr1.14E-4_ss100.fa	long_content_30k_002	267	29902
long_content_30k_002/lc30k002_3514_gc3300_rp0.07_mr1.14E-4_ss100.fa	long_content_30k_002	150	29902
long_content_30k_002/lc30k002_351_gc3300_rp0.05_mr1.14E-4_ss200.fa	long_content_30k_002	1151	29902
long_content_30k_002/lc30k002_3524_gc3300_rp0.15_mr1.14E-4_ss100.fa	long_content_30k_002	1464	29902
long_content_30k_002/lc30k002_3527_gc3300_rp0.05_mr1.14E-4_ss200.fa	long_content_30k_002	287	29902
long_content_30k_002/lc30k002_352_gc3300_rp0.10_mr1.14E-4_ss100.fa	long_content_30k_002	366	29902
long_content_30k_002/lc30k002_3530_gc3300_rp0.07_mr1.14E-4_ss100.fa	long_content_30k_002	596	29902
long_content_30k_002/lc30k002_3531_gc3300_rp0.10_mr1.14E-4_ss200.fa	long_content_30k_002	1996	29902
long_content_30k_002/lc30k002_3532_gc3300_rp0.15_mr1.14E-4_ss100.fa	long_content_30k_002	807	29902
long_content_30k_002/lc30k002_3535_gc3300_rp0.05_mr1.14E-4_ss200.fa	long_content_30k_002	765	29902
long_content_30k_002/lc30k002_3537_gc3300_rp0.05_mr1.14E-4_ss100.fa	long_content_30k_002	659	29902
long_content_30k_002/lc30k002_3541_gc3300_rp0.15_mr1.14E-4_ss200.fa	long_content_30k_002	2566	29902
long_content_30k_002/lc30k002_3542_gc3300_rp0.07_mr1.14E-4_ss200.fa	long_content_30k_002	621	29902
long_content_30k_002/lc30k002_3545_gc3300_rp0.05_mr1.14E-4_ss100.fa	long_content_30k_002	533	29902
long_content_30k_002/lc30k002_3546_gc3300_rp0.07_mr1.14E-4_ss100.fa	long_content_30k_002	541	29902
long_content_30k_002/lc30k002_3547_gc3300_rp0.10_mr1.14E-4_ss200.fa	long_content_30k_002	1917	29902
long_content_30k_002/lc30k002_354_gc3300_rp0.07_mr1.14E-4_ss100.fa	long_content_30k_002	445	29902
long_content_30k_002/lc30k002_3551_gc3300_rp0.05_mr1.14E-4_ss200.fa	long_content_30k_002	180	29902
long_content_30k_002/lc30k002_3552_gc3300_rp0.10_mr1.14E-4_ss100.fa	long_content_30k_002	767	29902
long_content_30k_002/lc30k002_3555_gc3300_rp0.10_mr1.14E-4_ss200.fa	long_content_30k_002	1111	29902
long_content_30k_002/lc30k002_3556_gc3300_rp0.15_mr1.14E-4_ss100.fa	long_content_30k_002	828	29902
long_content_30k_002/lc30k002_3558_gc3300_rp0.07_mr1.14E-4_ss200.fa	long_content_30k_002	975	29902
long_content_30k_002/lc30k002_355_gc3300_rp0.10_mr1.14E-4_ss200.fa	long_content_30k_002	2142	29902
long_content_30k_002/lc30k002_3560_gc3300_rp0.10_mr1.14E-4_ss100.fa	long_content_30k_002	256	29902
long_content_30k_002/lc30k002_3561_gc3300_rp0.05_mr1.14E-4_ss100.fa	long_content_30k_002	1063	29902
long_content_30k_002/lc30k002_3563_gc3300_rp0.10_mr1.14E-4_ss200.fa	long_content_30k_002	1122	29902
long_content_30k_002/lc30k002_3567_gc3300_rp0.05_mr1.14E-4_ss200.fa	long_content_30k_002	63	29902
long_content_30k_002/lc30k002_3568_gc3300_rp0.10_mr1.14E-4_ss100.fa	long_content_30k_002	635	29902
long_content_30k_002/lc30k002_3569_gc3300_rp0.05_mr1.14E-4_ss100.fa	long_content_30k_002	571	29902
long_content_30k_002/lc30k002_356_gc3300_rp0.15_mr1.14E-4_ss100.fa	long_content_30k_002	1891	29902
long_content_30k_002/lc30k002_3573_gc3300_rp0.15_mr1.14E-4_ss200.fa	long_content_30k_002	3044	29902
long_content_30k_002/lc30k002_3575_gc3300_rp0.05_mr1.14E-4_ss200.fa	long_content_30k_002	1664	29902
long_content_30k_002/lc30k002_357_gc3300_rp0.15_mr1.14E-4_ss200.fa	long_content_30k_002	2198	29902
long_content_30k_002/lc30k002_3580_gc3300_rp0.15_mr1.14E-4_ss100.fa	long_content_30k_002	3233	29902
long_content_30k_002/lc30k002_3581_gc3300_rp0.15_mr1.14E-4_ss200.fa	long_content_30k_002	5430	29902
long_content_30k_002/lc30k002_3583_gc3300_rp0.05_mr1.14E-4_ss200.fa	long_content_30k_002	920	29902
long_content_30k_002/lc30k002_3584_gc3300_rp0.10_mr1.14E-4_ss100.fa	long_content_30k_002	931	29902
long_content_30k_002/lc30k002_3586_gc3300_rp0.07_mr1.14E-4_ss100.fa	long_content_30k_002	694	29902
long_content_30k_002/lc30k002_3588_gc3300_rp0.15_mr1.14E-4_ss100.fa	long_content_30k_002	1232	29902
long_content_30k_002/lc30k002_3591_gc3300_rp0.05_mr1.14E-4_ss200.fa	long_content_30k_002	341	29902
long_content_30k_002/lc30k002_3592_gc3300_rp0.10_mr1.14E-4_ss100.fa	long_content_30k_002	494	29902
long_content_30k_002/lc30k002_3593_gc3300_rp0.05_mr1.14E-4_ss100.fa	long_content_30k_002	26	29902
long_content_30k_002/lc30k002_3594_gc3300_rp0.07_mr1.14E-4_ss100.fa	long_content_30k_002	813	29902
long_content_30k_002/lc30k002_3596_gc3300_rp0.15_mr1.14E-4_ss100.fa	long_content_30k_002	1095	29902
long_content_30k_002/lc30k002_3597_gc3300_rp0.15_mr1.14E-4_ss200.fa	long_content_30k_002	2699	29902
long_content_30k_002/lc30k002_3599_gc3300_rp0.05_mr1.14E-4_ss200.fa	long_content_30k_002	833	29902
long_content_30k_002/lc30k002_3602_gc3300_rp0.07_mr1.14E-4_ss100.fa	long_content_30k_002	572	29902
long_content_30k_002/lc30k002_3603_gc3300_rp0.10_mr1.14E-4_ss200.fa	long_content_30k_002	400	29902
long_content_30k_002/lc30k002_3605_gc3300_rp0.15_mr1.14E-4_ss200.fa	long_content_30k_002	1122	29902
long_content_30k_002/lc30k002_3608_gc3300_rp0.10_mr1.14E-4_ss100.fa	long_content_30k_002	1861	29902
long_content_30k_002/lc30k002_3610_gc3300_rp0.07_mr1.14E-4_ss100.fa	long_content_30k_002	531	29902
long_content_30k_002/lc30k002_3613_gc3300_rp0.15_mr1.14E-4_ss200.fa	long_content_30k_002	3536	29902
long_content_30k_002/lc30k002_3614_gc3300_rp0.07_mr1.14E-4_ss200.fa	long_content_30k_002	966	29902
long_content_30k_002/lc30k002_3616_gc3300_rp0.10_mr1.14E-4_ss100.fa	long_content_30k_002	1185	29902
long_content_30k_002/lc30k002_3617_gc3300_rp0.05_mr1.14E-4_ss100.fa	long_content_30k_002	274	29902
long_content_30k_002/lc30k002_3620_gc3300_rp0.15_mr1.14E-4_ss100.fa	long_content_30k_002	1401	29902
long_content_30k_002/lc30k002_3622_gc3300_rp0.07_mr1.14E-4_ss200.fa	long_content_30k_002	1605	29902
long_content_30k_002/lc30k002_3623_gc3300_rp0.05_mr1.14E-4_ss200.fa	long_content_30k_002	811	29025
long_content_30k_002/lc30k002_3624_gc3300_rp0.10_mr1.14E-4_ss100.fa	long_content_30k_002	190	29902
long_content_30k_002/lc30k002_3625_gc3300_rp0.05_mr1.14E-4_ss100.fa	long_content_30k_002	660	29902
long_content_30k_002/lc30k002_3628_gc3300_rp0.15_mr1.14E-4_ss100.fa	long_content_30k_002	1239	29902
long_content_30k_002/lc30k002_3629_gc3300_rp0.15_mr1.14E-4_ss200.fa	long_content_30k_002	637	29902
long_content_30k_002/lc30k002_362_gc3300_rp0.07_mr1.14E-4_ss100.fa	long_content_30k_002	527	29902
long_content_30k_002/lc30k002_3630_gc3300_rp0.07_mr1.14E-4_ss200.fa	long_content_30k_002	990	29902
long_content_30k_002/lc30k002_3633_gc3300_rp0.05_mr1.14E-4_ss100.fa	long_content_30k_002	120	29902
long_content_30k_002/lc30k002_3634_gc3300_rp0.07_mr1.14E-4_ss100.fa	long_content_30k_002	196	29902
long_content_30k_002/lc30k002_3638_gc3300_rp0.07_mr1.14E-4_ss200.fa	long_content_30k_002	1202	29902
long_content_30k_002/lc30k002_3639_gc3300_rp0.05_mr1.14E-4_ss200.fa	long_content_30k_002	414	29902
long_content_30k_002/lc30k002_3644_gc3300_rp0.15_mr1.14E-4_ss100.fa	long_content_30k_002	1245	29902
long_content_30k_002/lc30k002_3645_gc3300_rp0.15_mr1.14E-4_ss200.fa	long_content_30k_002	5285	29902
long_content_30k_002/lc30k002_3647_gc3300_rp0.05_mr1.14E-4_ss200.fa	long_content_30k_002	1417	29902
long_content_30k_002/lc30k002_3649_gc3300_rp0.05_mr1.14E-4_ss100.fa	long_content_30k_002	652	29902
long_content_30k_002/lc30k002_3650_gc3300_rp0.07_mr1.14E-4_ss100.fa	long_content_30k_002	414	29902
long_content_30k_002/lc30k002_3651_gc3300_rp0.10_mr1.14E-4_ss200.fa	long_content_30k_002	1848	29902
long_content_30k_002/lc30k002_3653_gc3300_rp0.15_mr1.14E-4_ss200.fa	long_content_30k_002	3263	29902
long_content_30k_002/lc30k002_3655_gc3300_rp0.05_mr1.14E-4_ss200.fa	long_content_30k_002	1043	29902
long_content_30k_002/lc30k002_3657_gc3300_rp0.05_mr1.14E-4_ss100.fa	long_content_30k_002	165	29902
long_content_30k_002/lc30k002_3658_gc3300_rp0.07_mr1.14E-4_ss100.fa	long_content_30k_002	728	29902
long_content_30k_002/lc30k002_3668_gc3300_rp0.15_mr1.14E-4_ss100.fa	long_content_30k_002	654	29902
long_content_30k_002/lc30k002_3669_gc3300_rp0.15_mr1.14E-4_ss200.fa	long_content_30k_002	1487	29902
long_content_30k_002/lc30k002_366_gc3300_rp0.07_mr1.14E-4_ss200.fa	long_content_30k_002	334	29902
long_content_30k_002/lc30k002_3670_gc3300_rp0.07_mr1.14E-4_ss200.fa	long_content_30k_002	1866	29902
long_content_30k_002/lc30k002_3671_gc3300_rp0.05_mr1.14E-4_ss200.fa	long_content_30k_002	255	29902
long_content_30k_002/lc30k002_3672_gc3300_rp0.10_mr1.14E-4_ss100.fa	long_content_30k_002	1478	29902
long_content_30k_002/lc30k002_3674_gc3300_rp0.07_mr1.14E-4_ss100.fa	long_content_30k_002	314	29640
long_content_30k_002/lc30k002_3675_gc3300_rp0.10_mr1.14E-4_ss200.fa	long_content_30k_002	646	29902
long_content_30k_002/lc30k002_3676_gc3300_rp0.15_mr1.14E-4_ss100.fa	long_content_30k_002	1204	29902
long_content_30k_002/lc30k002_3677_gc3300_rp0.15_mr1.14E-4_ss200.fa	long_content_30k_002	1331	29902
long_content_30k_002/lc30k002_367_gc3300_rp0.05_mr1.14E-4_ss200.fa	long_content_30k_002	452	29902
long_content_30k_002/lc30k002_3680_gc3300_rp0.10_mr1.14E-4_ss100.fa	long_content_30k_002	2086	29902
long_content_30k_002/lc30k002_3683_gc3300_rp0.10_mr1.14E-4_ss200.fa	long_content_30k_002	527	29902
long_content_30k_002/lc30k002_3685_gc3300_rp0.15_mr1.14E-4_ss200.fa	long_content_30k_002	5536	29902
long_content_30k_002/lc30k002_3686_gc3300_rp0.07_mr1.14E-4_ss200.fa	long_content_30k_002	230	29902
long_content_30k_002/lc30k002_368_gc3300_rp0.10_mr1.14E-4_ss100.fa	long_content_30k_002	985	29902
long_content_30k_002/lc30k002_3691_gc3300_rp0.10_mr1.14E-4_ss200.fa	long_content_30k_002	733	29902
long_content_30k_002/lc30k002_3695_gc3300_rp0.05_mr1.14E-4_ss200.fa	long_content_30k_002	50	29902
long_content_30k_002/lc30k002_3698_gc3300_rp0.07_mr1.14E-4_ss100.fa	long_content_30k_002	260	29902
long_content_30k_002/lc30k002_3699_gc3300_rp0.10_mr1.14E-4_ss200.fa	long_content_30k_002	1209	29902
long_content_30k_002/lc30k002_369_gc3300_rp0.05_mr1.14E-4_ss100.fa	long_content_30k_002	399	29902
long_content_30k_002/lc30k002_3700_gc3300_rp0.15_mr1.14E-4_ss100.fa	long_content_30k_002	1599	29902
long_content_30k_002/lc30k002_370_gc3300_rp0.07_mr1.14E-4_ss100.fa	long_content_30k_002	1250	29902
long_content_30k_002/lc30k002_3711_gc3300_rp0.05_mr1.14E-4_ss200.fa	long_content_30k_002	363	29902
long_content_30k_002/lc30k002_3712_gc3300_rp0.10_mr1.14E-4_ss100.fa	long_content_30k_002	569	29902
long_content_30k_002/lc30k002_3717_gc3300_rp0.15_mr1.14E-4_ss200.fa	long_content_30k_002	4097	29902
long_content_30k_002/lc30k002_3719_gc3300_rp0.05_mr1.14E-4_ss200.fa	long_content_30k_002	871	29902
long_content_30k_002/lc30k002_371_gc3300_rp0.10_mr1.14E-4_ss200.fa	long_content_30k_002	2189	29902
long_content_30k_002/lc30k002_3720_gc3300_rp0.10_mr1.14E-4_ss100.fa	long_content_30k_002	1978	29902
long_content_30k_002/lc30k002_3721_gc3300_rp0.05_mr1.14E-4_ss100.fa	long_content_30k_002	265	29902
long_content_30k_002/lc30k002_3723_gc3300_rp0.10_mr1.14E-4_ss200.fa	long_content_30k_002	2181	29902
long_content_30k_002/lc30k002_3727_gc3300_rp0.05_mr1.14E-4_ss200.fa	long_content_30k_002	1014	29902
long_content_30k_002/lc30k002_3728_gc3300_rp0.10_mr1.14E-4_ss100.fa	long_content_30k_002	1011	29902
long_content_30k_002/lc30k002_3729_gc3300_rp0.05_mr1.14E-4_ss100.fa	long_content_30k_002	137	29902
long_content_30k_002/lc30k002_3730_gc3300_rp0.07_mr1.14E-4_ss100.fa	long_content_30k_002	215	29902
long_content_30k_002/lc30k002_3731_gc3300_rp0.10_mr1.14E-4_ss200.fa	long_content_30k_002	1438	29902
long_content_30k_002/lc30k002_3732_gc3300_rp0.15_mr1.14E-4_ss100.fa	long_content_30k_002	76	29902
long_content_30k_002/lc30k002_3734_gc3300_rp0.07_mr1.14E-4_ss200.fa	long_content_30k_002	700	29902
long_content_30k_002/lc30k002_3737_gc3300_rp0.05_mr1.14E-4_ss100.fa	long_content_30k_002	276	29902
long_content_30k_002/lc30k002_3738_gc3300_rp0.07_mr1.14E-4_ss100.fa	long_content_30k_002	1470	29902
long_content_30k_002/lc30k002_3741_gc3300_rp0.15_mr1.14E-4_ss200.fa	long_content_30k_002	2017	29902
long_content_30k_002/lc30k002_3742_gc3300_rp0.07_mr1.14E-4_ss200.fa	long_content_30k_002	1481	29902
long_content_30k_002/lc30k002_3743_gc3300_rp0.05_mr1.14E-4_ss200.fa	long_content_30k_002	192	29902
long_content_30k_002/lc30k002_3745_gc3300_rp0.05_mr1.14E-4_ss100.fa	long_content_30k_002	245	29902
long_content_30k_002/lc30k002_3746_gc3300_rp0.07_mr1.14E-4_ss100.fa	long_content_30k_002	476	29902
long_content_30k_002/lc30k002_374_gc3300_rp0.07_mr1.14E-4_ss200.fa	long_content_30k_002	1374	29902
long_content_30k_002/lc30k002_3752_gc3300_rp0.10_mr1.14E-4_ss100.fa	long_content_30k_002	636	29902
long_content_30k_002/lc30k002_3753_gc3300_rp0.05_mr1.14E-4_ss100.fa	long_content_30k_002	278	29902
long_content_30k_002/lc30k002_3757_gc3300_rp0.15_mr1.14E-4_ss200.fa	long_content_30k_002	2859	29902
long_content_30k_002/lc30k002_3761_gc3300_rp0.05_mr1.14E-4_ss100.fa	long_content_30k_002	684	29902
long_content_30k_002/lc30k002_3764_gc3300_rp0.15_mr1.14E-4_ss100.fa	long_content_30k_002	1313	29902
long_content_30k_002/lc30k002_3766_gc3300_rp0.07_mr1.14E-4_ss200.fa	long_content_30k_002	952	29902
long_content_30k_002/lc30k002_376_gc3300_rp0.10_mr1.14E-4_ss100.fa	long_content_30k_002	1508	29902
long_content_30k_002/lc30k002_3770_gc3300_rp0.07_mr1.14E-4_ss100.fa	long_content_30k_002	1139	29902
long_content_30k_002/lc30k002_3772_gc3300_rp0.15_mr1.14E-4_ss100.fa	long_content_30k_002	1235	29902
long_content_30k_002/lc30k002_3773_gc3300_rp0.15_mr1.14E-4_ss200.fa	long_content_30k_002	4793	29902
long_content_30k_002/lc30k002_3776_gc3300_rp0.10_mr1.14E-4_ss100.fa	long_content_30k_002	405	29902
long_content_30k_002/lc30k002_3777_gc3300_rp0.05_mr1.14E-4_ss100.fa	long_content_30k_002	114	29902
long_content_30k_002/lc30k002_3778_gc3300_rp0.07_mr1.14E-4_ss100.fa	long_content_30k_002	498	29902
long_content_30k_002/lc30k002_377_gc3300_rp0.05_mr1.14E-4_ss100.fa	long_content_30k_002	88	29902
long_content_30k_002/lc30k002_3780_gc3300_rp0.15_mr1.14E-4_ss100.fa	long_content_30k_002	2660	29902
long_content_30k_002/lc30k002_3781_gc3300_rp0.15_mr1.14E-4_ss200.fa	long_content_30k_002	2943	29902
long_content_30k_002/lc30k002_3783_gc3300_rp0.05_mr1.14E-4_ss200.fa	long_content_30k_002	415	29902
long_content_30k_002/lc30k002_3785_gc3300_rp0.05_mr1.14E-4_ss100.fa	long_content_30k_002	265	29902
long_content_30k_002/lc30k002_3787_gc3300_rp0.10_mr1.14E-4_ss200.fa	long_content_30k_002	1991	29902
long_content_30k_002/lc30k002_3788_gc3300_rp0.15_mr1.14E-4_ss100.fa	long_content_30k_002	2018	29902
long_content_30k_002/lc30k002_3789_gc3300_rp0.15_mr1.14E-4_ss200.fa	long_content_30k_002	3420	29902
long_content_30k_002/lc30k002_378_gc3300_rp0.07_mr1.14E-4_ss100.fa	long_content_30k_002	461	29902
long_content_30k_002/lc30k002_3791_gc3300_rp0.05_mr1.14E-4_ss200.fa	long_content_30k_002	402	29902
long_content_30k_002/lc30k002_3794_gc3300_rp0.07_mr1.14E-4_ss100.fa	long_content_30k_002	284	29902
long_content_30k_002/lc30k002_3799_gc3300_rp0.05_mr1.14E-4_ss200.fa	long_content_30k_002	538	29902
long_content_30k_002/lc30k002_3802_gc3300_rp0.07_mr1.14E-4_ss100.fa	long_content_30k_002	1113	29902
long_content_30k_002/lc30k002_3804_gc3300_rp0.15_mr1.14E-4_ss100.fa	long_content_30k_002	669	29902
long_content_30k_002/lc30k002_3805_gc3300_rp0.15_mr1.14E-4_ss200.fa	long_content_30k_002	4547	29902
long_content_30k_002/lc30k002_3808_gc3300_rp0.10_mr1.14E-4_ss100.fa	long_content_30k_002	231	29902
long_content_30k_002/lc30k002_3813_gc3300_rp0.15_mr1.14E-4_ss200.fa	long_content_30k_002	2295	29902
long_content_30k_002/lc30k002_3815_gc3300_rp0.05_mr1.14E-4_ss200.fa	long_content_30k_002	122	29902
long_content_30k_002/lc30k002_3816_gc3300_rp0.10_mr1.14E-4_ss100.fa	long_content_30k_002	1152	29902
long_content_30k_002/lc30k002_3818_gc3300_rp0.07_mr1.14E-4_ss100.fa	long_content_30k_002	23	29902
long_content_30k_002/lc30k002_3824_gc3300_rp0.10_mr1.14E-4_ss100.fa	long_content_30k_002	283	29902
long_content_30k_002/lc30k002_3827_gc3300_rp0.10_mr1.14E-4_ss200.fa	long_content_30k_002	1148	29902
long_content_30k_002/lc30k002_3829_gc3300_rp0.15_mr1.14E-4_ss200.fa	long_content_30k_002	3784	29902
long_content_30k_002/lc30k002_3830_gc3300_rp0.07_mr1.14E-4_ss200.fa	long_content_30k_002	269	29902
long_content_30k_002/lc30k002_3832_gc3300_rp0.10_mr1.14E-4_ss100.fa	long_content_30k_002	911	29902
long_content_30k_002/lc30k002_3839_gc3300_rp0.05_mr1.14E-4_ss200.fa	long_content_30k_002	802	29902
long_content_30k_002/lc30k002_383_gc3300_rp0.05_mr1.14E-4_ss200.fa	long_content_30k_002	546	29902
long_content_30k_002/lc30k002_3846_gc3300_rp0.07_mr1.14E-4_ss200.fa	long_content_30k_002	449	29902
long_content_30k_002/lc30k002_3847_gc3300_rp0.05_mr1.14E-4_ss200.fa	long_content_30k_002	1599	29902
long_content_30k_002/lc30k002_3850_gc3300_rp0.07_mr1.14E-4_ss100.fa	long_content_30k_002	423	29902
long_content_30k_002/lc30k002_3852_gc3300_rp0.15_mr1.14E-4_ss100.fa	long_content_30k_002	1122	29902
long_content_30k_002/lc30k002_3856_gc3300_rp0.10_mr1.14E-4_ss100.fa	long_content_30k_002	269	29902
long_content_30k_002/lc30k002_3858_gc3300_rp0.07_mr1.14E-4_ss100.fa	long_content_30k_002	589	29902
long_content_30k_002/lc30k002_3859_gc3300_rp0.10_mr1.14E-4_ss200.fa	long_content_30k_002	1268	29902
long_content_30k_002/lc30k002_3860_gc3300_rp0.15_mr1.14E-4_ss100.fa	long_content_30k_002	172	29902
long_content_30k_002/lc30k002_3861_gc3300_rp0.15_mr1.14E-4_ss200.fa	long_content_30k_002	7892	29902
long_content_30k_002/lc30k002_3865_gc3300_rp0.05_mr1.14E-4_ss100.fa	long_content_30k_002	544	29902
long_content_30k_002/lc30k002_3866_gc3300_rp0.07_mr1.14E-4_ss100.fa	long_content_30k_002	234	29902
long_content_30k_002/lc30k002_3867_gc3300_rp0.10_mr1.14E-4_ss200.fa	long_content_30k_002	802	29902
long_content_30k_002/lc30k002_3868_gc3300_rp0.15_mr1.14E-4_ss100.fa	long_content_30k_002	713	29902
long_content_30k_002/lc30k002_3871_gc3300_rp0.05_mr1.14E-4_ss200.fa	long_content_30k_002	456	25647
long_content_30k_002/lc30k002_3872_gc3300_rp0.10_mr1.14E-4_ss100.fa	long_content_30k_002	729	29902
long_content_30k_002/lc30k002_3873_gc3300_rp0.05_mr1.14E-4_ss100.fa	long_content_30k_002	403	29902
long_content_30k_002/lc30k002_3876_gc3300_rp0.15_mr1.14E-4_ss100.fa	long_content_30k_002	859	29902
long_content_30k_002/lc30k002_3877_gc3300_rp0.15_mr1.14E-4_ss200.fa	long_content_30k_002	2866	29902
long_content_30k_002/lc30k002_387_gc3300_rp0.10_mr1.14E-4_ss200.fa	long_content_30k_002	1397	29902
long_content_30k_002/lc30k002_3881_gc3300_rp0.05_mr1.14E-4_ss100.fa	long_content_30k_002	114	29902
long_content_30k_002/lc30k002_3882_gc3300_rp0.07_mr1.14E-4_ss100.fa	long_content_30k_002	1838	29902
long_content_30k_002/lc30k002_3884_gc3300_rp0.15_mr1.14E-4_ss100.fa	long_content_30k_002	1357	29902
long_content_30k_002/lc30k002_3886_gc3300_rp0.07_mr1.14E-4_ss200.fa	long_content_30k_002	1000	29902
long_content_30k_002/lc30k002_3890_gc3300_rp0.07_mr1.14E-4_ss100.fa	long_content_30k_002	214	29902
long_content_30k_002/lc30k002_3891_gc3300_rp0.10_mr1.14E-4_ss200.fa	long_content_30k_002	2213	29902
long_content_30k_002/lc30k002_3892_gc3300_rp0.15_mr1.14E-4_ss100.fa	long_content_30k_002	1807	29902
long_content_30k_002/lc30k002_3895_gc3300_rp0.05_mr1.14E-4_ss200.fa	long_content_30k_002	822	29902
long_content_30k_002/lc30k002_3896_gc3300_rp0.10_mr1.14E-4_ss100.fa	long_content_30k_002	444	29902
long_content_30k_002/lc30k002_3899_gc3300_rp0.10_mr1.14E-4_ss200.fa	long_content_30k_002	1389	29902
long_content_30k_002/lc30k002_3900_gc3300_rp0.15_mr1.14E-4_ss100.fa	long_content_30k_002	2523	29902
long_content_30k_002/lc30k002_3903_gc3300_rp0.05_mr1.14E-4_ss200.fa	long_content_30k_002	1034	29902
long_content_30k_002/lc30k002_3906_gc3300_rp0.07_mr1.14E-4_ss100.fa	long_content_30k_002	527	29902
long_content_30k_002/lc30k002_3907_gc3300_rp0.10_mr1.14E-4_ss200.fa	long_content_30k_002	1430	29902
long_content_30k_002/lc30k002_3909_gc3300_rp0.15_mr1.14E-4_ss200.fa	long_content_30k_002	5222	29902
long_content_30k_002/lc30k002_3910_gc3300_rp0.07_mr1.14E-4_ss200.fa	long_content_30k_002	753	29902
long_content_30k_002/lc30k002_3912_gc3300_rp0.10_mr1.14E-4_ss100.fa	long_content_30k_002	209	29902
long_content_30k_002/lc30k002_3913_gc3300_rp0.05_mr1.14E-4_ss100.fa	long_content_30k_002	186	29902
long_content_30k_002/lc30k002_3915_gc3300_rp0.10_mr1.14E-4_ss200.fa	long_content_30k_002	1235	29902
long_content_30k_002/lc30k002_3916_gc3300_rp0.15_mr1.14E-4_ss100.fa	long_content_30k_002	863	29902
long_content_30k_002/lc30k002_3917_gc3300_rp0.15_mr1.14E-4_ss200.fa	long_content_30k_002	3713	29902
long_content_30k_002/lc30k002_391_gc3300_rp0.05_mr1.14E-4_ss200.fa	long_content_30k_002	677	29628
long_content_30k_002/lc30k002_3920_gc3300_rp0.10_mr1.14E-4_ss100.fa	long_content_30k_002	307	29902
long_content_30k_002/lc30k002_3921_gc3300_rp0.05_mr1.14E-4_ss100.fa	long_content_30k_002	159	29902
long_content_30k_002/lc30k002_3923_gc3300_rp0.10_mr1.14E-4_ss200.fa	long_content_30k_002	964	29902
long_content_30k_002/lc30k002_3925_gc3300_rp0.15_mr1.14E-4_ss200.fa	long_content_30k_002	2522	29902
long_content_30k_002/lc30k002_392_gc3300_rp0.10_mr1.14E-4_ss100.fa	long_content_30k_002	204	29902
long_content_30k_002/lc30k002_3930_gc3300_rp0.07_mr1.14E-4_ss100.fa	long_content_30k_002	269	29902
long_content_30k_002/lc30k002_3935_gc3300_rp0.05_mr1.14E-4_ss200.fa	long_content_30k_002	593	29902
long_content_30k_002/lc30k002_3938_gc3300_rp0.07_mr1.14E-4_ss100.fa	long_content_30k_002	897	29902
long_content_30k_002/lc30k002_3939_gc3300_rp0.10_mr1.14E-4_ss200.fa	long_content_30k_002	3518	29902
long_content_30k_002/lc30k002_3943_gc3300_rp0.05_mr1.14E-4_ss200.fa	long_content_30k_002	1180	29902
long_content_30k_002/lc30k002_3945_gc3300_rp0.05_mr1.14E-4_ss100.fa	long_content_30k_002	426	29902
long_content_30k_002/lc30k002_3947_gc3300_rp0.10_mr1.14E-4_ss200.fa	long_content_30k_002	1894	29902
long_content_30k_002/lc30k002_3948_gc3300_rp0.15_mr1.14E-4_ss100.fa	long_content_30k_002	857	29902
long_content_30k_002/lc30k002_394_gc3300_rp0.07_mr1.14E-4_ss100.fa	long_content_30k_002	384	29902
long_content_30k_002/lc30k002_3950_gc3300_rp0.07_mr1.14E-4_ss200.fa	long_content_30k_002	1578	29902
long_content_30k_002/lc30k002_3951_gc3300_rp0.05_mr1.14E-4_ss200.fa	long_content_30k_002	741	29902
long_content_30k_002/lc30k002_3952_gc3300_rp0.10_mr1.14E-4_ss100.fa	long_content_30k_002	1985	29902
long_content_30k_002/lc30k002_3953_gc3300_rp0.05_mr1.14E-4_ss100.fa	long_content_30k_002	198	29902
long_content_30k_002/lc30k002_3957_gc3300_rp0.15_mr1.14E-4_ss200.fa	long_content_30k_002	5865	29902
long_content_30k_002/lc30k002_3958_gc3300_rp0.07_mr1.14E-4_ss200.fa	long_content_30k_002	945	29902
long_content_30k_002/lc30k002_3959_gc3300_rp0.05_mr1.14E-4_ss200.fa	long_content_30k_002	822	29902
long_content_30k_002/lc30k002_3960_gc3300_rp0.10_mr1.14E-4_ss100.fa	long_content_30k_002	406	29902
long_content_30k_002/lc30k002_3961_gc3300_rp0.05_mr1.14E-4_ss100.fa	long_content_30k_002	166	29902
long_content_30k_002/lc30k002_3966_gc3300_rp0.07_mr1.14E-4_ss200.fa	long_content_30k_002	950	29902
long_content_30k_002/lc30k002_3967_gc3300_rp0.05_mr1.14E-4_ss200.fa	long_content_30k_002	236	29902
long_content_30k_002/lc30k002_3969_gc3300_rp0.05_mr1.14E-4_ss100.fa	long_content_30k_002	792	29902
long_content_30k_002/lc30k002_3970_gc3300_rp0.07_mr1.14E-4_ss100.fa	long_content_30k_002	619	29902
long_content_30k_002/lc30k002_3972_gc3300_rp0.15_mr1.14E-4_ss100.fa	long_content_30k_002	1642	29902
long_content_30k_002/lc30k002_3973_gc3300_rp0.15_mr1.14E-4_ss200.fa	long_content_30k_002	3306	29902
long_content_30k_002/lc30k002_3979_gc3300_rp0.10_mr1.14E-4_ss200.fa	long_content_30k_002	907	29902
long_content_30k_002/lc30k002_397_gc3300_rp0.15_mr1.14E-4_ss200.fa	long_content_30k_002	572	29902
long_content_30k_002/lc30k002_3981_gc3300_rp0.15_mr1.14E-4_ss200.fa	long_content_30k_002	3231	29902
long_content_30k_002/lc30k002_3982_gc3300_rp0.07_mr1.14E-4_ss200.fa	long_content_30k_002	422	29902
long_content_30k_002/lc30k002_3984_gc3300_rp0.10_mr1.14E-4_ss100.fa	long_content_30k_002	715	29902
long_content_30k_002/lc30k002_3985_gc3300_rp0.05_mr1.14E-4_ss100.fa	long_content_30k_002	68	26502
long_content_30k_002/lc30k002_3987_gc3300_rp0.10_mr1.14E-4_ss200.fa	long_content_30k_002	2043	29902
long_content_30k_002/lc30k002_398_gc3300_rp0.07_mr1.14E-4_ss200.fa	long_content_30k_002	2026	29902
long_content_30k_002/lc30k002_3990_gc3300_rp0.07_mr1.14E-4_ss200.fa	long_content_30k_002	42	29902
long_content_30k_002/lc30k002_3995_gc3300_rp0.10_mr1.14E-4_ss200.fa	long_content_30k_002	751	29902
long_content_30k_002/lc30k002_3996_gc3300_rp0.15_mr1.14E-4_ss100.fa	long_content_30k_002	1605	29902
long_content_30k_002/lc30k002_3997_gc3300_rp0.15_mr1.14E-4_ss200.fa	long_content_30k_002	4427	29902
long_content_30k_002/lc30k002_3999_gc3300_rp0.05_mr1.14E-4_ss200.fa	long_content_30k_002	404	29902
long_content_30k_002/lc30k002_400_gc3300_rp0.10_mr1.14E-4_ss100.fa	long_content_30k_002	187	29902
long_content_30k_002/lc30k002_403_gc3300_rp0.10_mr1.14E-4_ss200.fa	long_content_30k_002	661	29902
long_content_30k_002/lc30k002_404_gc3300_rp0.15_mr1.14E-4_ss100.fa	long_content_30k_002	1303	29902
long_content_30k_002/lc30k002_407_gc3300_rp0.05_mr1.14E-4_ss200.fa	long_content_30k_002	1603	29902
long_content_30k_002/lc30k002_411_gc3300_rp0.10_mr1.14E-4_ss200.fa	long_content_30k_002	2226	29902
long_content_30k_002/lc30k002_415_gc3300_rp0.05_mr1.14E-4_ss200.fa	long_content_30k_002	1135	29902
long_content_30k_002/lc30k002_416_gc3300_rp0.10_mr1.14E-4_ss100.fa	long_content_30k_002	1299	29902
long_content_30k_002/lc30k002_418_gc3300_rp0.07_mr1.14E-4_ss100.fa	long_content_30k_002	237	29902
long_content_30k_002/lc30k002_419_gc3300_rp0.10_mr1.14E-4_ss200.fa	long_content_30k_002	812	29902
long_content_30k_002/lc30k002_421_gc3300_rp0.15_mr1.14E-4_ss200.fa	long_content_30k_002	3563	29902
long_content_30k_002/lc30k002_422_gc3300_rp0.07_mr1.14E-4_ss200.fa	long_content_30k_002	1865	29902
long_content_30k_002/lc30k002_424_gc3300_rp0.10_mr1.14E-4_ss100.fa	long_content_30k_002	788	29902
long_content_30k_002/lc30k002_428_gc3300_rp0.15_mr1.14E-4_ss100.fa	long_content_30k_002	1175	29902
long_content_30k_002/lc30k002_430_gc3300_rp0.07_mr1.14E-4_ss200.fa	long_content_30k_002	1256	29902
long_content_30k_002/lc30k002_433_gc3300_rp0.05_mr1.14E-4_ss100.fa	long_content_30k_002	145	29902
long_content_30k_002/lc30k002_434_gc3300_rp0.07_mr1.14E-4_ss100.fa	long_content_30k_002	950	29902
long_content_30k_002/lc30k002_435_gc3300_rp0.10_mr1.14E-4_ss200.fa	long_content_30k_002	605	29902
long_content_30k_002/lc30k002_438_gc3300_rp0.07_mr1.14E-4_ss200.fa	long_content_30k_002	1761	29902
long_content_30k_002/lc30k002_439_gc3300_rp0.05_mr1.14E-4_ss200.fa	long_content_30k_002	506	29902
long_content_30k_002/lc30k002_443_gc3300_rp0.10_mr1.14E-4_ss200.fa	long_content_30k_002	2014	29902
long_content_30k_002/lc30k002_444_gc3300_rp0.15_mr1.14E-4_ss100.fa	long_content_30k_002	982	29902
long_content_30k_002/lc30k002_445_gc3300_rp0.15_mr1.14E-4_ss200.fa	long_content_30k_002	4040	29902
long_content_30k_002/lc30k002_446_gc3300_rp0.07_mr1.14E-4_ss200.fa	long_content_30k_002	693	29902
long_content_30k_002/lc30k002_449_gc3300_rp0.05_mr1.14E-4_ss100.fa	long_content_30k_002	253	29902
long_content_30k_002/lc30k002_451_gc3300_rp0.10_mr1.14E-4_ss200.fa	long_content_30k_002	595	29902
long_content_30k_002/lc30k002_452_gc3300_rp0.15_mr1.14E-4_ss100.fa	long_content_30k_002	736	29902
long_content_30k_002/lc30k002_453_gc3300_rp0.15_mr1.14E-4_ss200.fa	long_content_30k_002	2867	29902
long_content_30k_002/lc30k002_454_gc3300_rp0.07_mr1.14E-4_ss200.fa	long_content_30k_002	1590	29902
long_content_30k_002/lc30k002_458_gc3300_rp0.07_mr1.14E-4_ss100.fa	long_content_30k_002	1287	29902
long_content_30k_002/lc30k002_459_gc3300_rp0.10_mr1.14E-4_ss200.fa	long_content_30k_002	1100	29902
long_content_30k_002/lc30k002_461_gc3300_rp0.15_mr1.14E-4_ss200.fa	long_content_30k_002	9480	29902
long_content_30k_002/lc30k002_466_gc3300_rp0.07_mr1.14E-4_ss100.fa	long_content_30k_002	464	29902
long_content_30k_002/lc30k002_467_gc3300_rp0.10_mr1.14E-4_ss200.fa	long_content_30k_002	1522	29902
long_content_30k_002/lc30k002_468_gc3300_rp0.15_mr1.14E-4_ss100.fa	long_content_30k_002	1009	29902
long_content_30k_002/lc30k002_472_gc3300_rp0.10_mr1.14E-4_ss100.fa	long_content_30k_002	487	29902
long_content_30k_002/lc30k002_475_gc3300_rp0.10_mr1.14E-4_ss200.fa	long_content_30k_002	2305	29902
long_content_30k_002/lc30k002_476_gc3300_rp0.15_mr1.14E-4_ss100.fa	long_content_30k_002	1257	29902
long_content_30k_002/lc30k002_484_gc3300_rp0.15_mr1.14E-4_ss100.fa	long_content_30k_002	830	29902
long_content_30k_002/lc30k002_486_gc3300_rp0.07_mr1.14E-4_ss200.fa	long_content_30k_002	4056	29902
long_content_30k_002/lc30k002_487_gc3300_rp0.05_mr1.14E-4_ss200.fa	long_content_30k_002	637	29902
long_content_30k_002/lc30k002_488_gc3300_rp0.10_mr1.14E-4_ss100.fa	long_content_30k_002	713	29902
long_content_30k_002/lc30k002_490_gc3300_rp0.07_mr1.14E-4_ss100.fa	long_content_30k_002	125	29902
long_content_30k_002/lc30k002_491_gc3300_rp0.10_mr1.14E-4_ss200.fa	long_content_30k_002	1980	29902
long_content_30k_002/lc30k002_493_gc3300_rp0.15_mr1.14E-4_ss200.fa	long_content_30k_002	2037	29902
long_content_30k_002/lc30k002_495_gc3300_rp0.05_mr1.14E-4_ss200.fa	long_content_30k_002	957	29902
long_content_30k_002/lc30k002_496_gc3300_rp0.10_mr1.14E-4_ss100.fa	long_content_30k_002	1156	29902
long_content_30k_002/lc30k002_497_gc3300_rp0.05_mr1.14E-4_ss100.fa	long_content_30k_002	355	29902
long_content_30k_002/lc30k002_498_gc3300_rp0.07_mr1.14E-4_ss100.fa	long_content_30k_002	270	29902
long_content_30k_002/lc30k002_500_gc3300_rp0.15_mr1.14E-4_ss100.fa	long_content_30k_002	1136	29902
long_content_30k_002/lc30k002_502_gc3300_rp0.07_mr1.14E-4_ss200.fa	long_content_30k_002	398	29902
long_content_30k_002/lc30k002_503_gc3300_rp0.05_mr1.14E-4_ss200.fa	long_content_30k_002	977	29902
long_content_30k_002/lc30k002_507_gc3300_rp0.10_mr1.14E-4_ss200.fa	long_content_30k_002	2150	29902
long_content_30k_002/lc30k002_510_gc3300_rp0.07_mr1.14E-4_ss200.fa	long_content_30k_002	781	29902
long_content_30k_002/lc30k002_512_gc3300_rp0.10_mr1.14E-4_ss100.fa	long_content_30k_002	226	29902
long_content_30k_002/lc30k002_516_gc3300_rp0.15_mr1.14E-4_ss100.fa	long_content_30k_002	1868	29902
long_content_30k_002/lc30k002_521_gc3300_rp0.05_mr1.14E-4_ss100.fa	long_content_30k_002	451	29902
long_content_30k_002/lc30k002_522_gc3300_rp0.07_mr1.14E-4_ss100.fa	long_content_30k_002	735	29902
long_content_30k_002/lc30k002_523_gc3300_rp0.10_mr1.14E-4_ss200.fa	long_content_30k_002	2351	29902
long_content_30k_002/lc30k002_524_gc3300_rp0.15_mr1.14E-4_ss100.fa	long_content_30k_002	701	29902
long_content_30k_002/lc30k002_527_gc3300_rp0.05_mr1.14E-4_ss200.fa	long_content_30k_002	1586	29902
long_content_30k_002/lc30k002_529_gc3300_rp0.05_mr1.14E-4_ss100.fa	long_content_30k_002	178	28554
long_content_30k_002/lc30k002_535_gc3300_rp0.05_mr1.14E-4_ss200.fa	long_content_30k_002	64	29902
long_content_30k_002/lc30k002_536_gc3300_rp0.10_mr1.14E-4_ss100.fa	long_content_30k_002	221	29902
long_content_30k_002/lc30k002_537_gc3300_rp0.05_mr1.14E-4_ss100.fa	long_content_30k_002	186	29902
long_content_30k_002/lc30k002_540_gc3300_rp0.15_mr1.14E-4_ss100.fa	long_content_30k_002	776	29902
long_content_30k_002/lc30k002_541_gc3300_rp0.15_mr1.14E-4_ss200.fa	long_content_30k_002	1068	29902
long_content_30k_002/lc30k002_542_gc3300_rp0.07_mr1.14E-4_ss200.fa	long_content_30k_002	654	29902
long_content_30k_002/lc30k002_544_gc3300_rp0.10_mr1.14E-4_ss100.fa	long_content_30k_002	593	29902
long_content_30k_002/lc30k002_546_gc3300_rp0.07_mr1.14E-4_ss100.fa	long_content_30k_002	673	29902
long_content_30k_002/lc30k002_548_gc3300_rp0.15_mr1.14E-4_ss100.fa	long_content_30k_002	1631	29902
long_content_30k_002/lc30k002_549_gc3300_rp0.15_mr1.14E-4_ss200.fa	long_content_30k_002	3680	29902
long_content_30k_002/lc30k002_551_gc3300_rp0.05_mr1.14E-4_ss200.fa	long_content_30k_002	1114	29902
long_content_30k_002/lc30k002_552_gc3300_rp0.10_mr1.14E-4_ss100.fa	long_content_30k_002	851	29902
long_content_30k_002/lc30k002_554_gc3300_rp0.07_mr1.14E-4_ss100.fa	long_content_30k_002	541	29902
long_content_30k_002/lc30k002_557_gc3300_rp0.15_mr1.14E-4_ss200.fa	long_content_30k_002	1182	29902
long_content_30k_002/lc30k002_565_gc3300_rp0.15_mr1.14E-4_ss200.fa	long_content_30k_002	1123	29902
long_content_30k_002/lc30k002_568_gc3300_rp0.10_mr1.14E-4_ss100.fa	long_content_30k_002	1253	29902
long_content_30k_002/lc30k002_570_gc3300_rp0.07_mr1.14E-4_ss100.fa	long_content_30k_002	376	29902
long_content_30k_002/lc30k002_574_gc3300_rp0.07_mr1.14E-4_ss200.fa	long_content_30k_002	819	29902
long_content_30k_002/lc30k002_576_gc3300_rp0.10_mr1.14E-4_ss100.fa	long_content_30k_002	851	29902
long_content_30k_002/lc30k002_577_gc3300_rp0.05_mr1.14E-4_ss100.fa	long_content_30k_002	567	29902
long_content_30k_002/lc30k002_578_gc3300_rp0.07_mr1.14E-4_ss100.fa	long_content_30k_002	1807	29902
long_content_30k_002/lc30k002_583_gc3300_rp0.05_mr1.14E-4_ss200.fa	long_content_30k_002	311	29902
long_content_30k_002/lc30k002_584_gc3300_rp0.10_mr1.14E-4_ss100.fa	long_content_30k_002	640	29902
long_content_30k_002/lc30k002_585_gc3300_rp0.05_mr1.14E-4_ss100.fa	long_content_30k_002	434	29902
long_content_30k_002/lc30k002_587_gc3300_rp0.10_mr1.14E-4_ss200.fa	long_content_30k_002	194	29902
long_content_30k_002/lc30k002_591_gc3300_rp0.05_mr1.14E-4_ss200.fa	long_content_30k_002	98	29902
long_content_30k_002/lc30k002_593_gc3300_rp0.05_mr1.14E-4_ss100.fa	long_content_30k_002	208	8493
long_content_30k_002/lc30k002_595_gc3300_rp0.10_mr1.14E-4_ss200.fa	long_content_30k_002	648	29902
long_content_30k_002/lc30k002_602_gc3300_rp0.07_mr1.14E-4_ss100.fa	long_content_30k_002	278	29902
long_content_30k_002/lc30k002_603_gc3300_rp0.10_mr1.14E-4_ss200.fa	long_content_30k_002	888	29902
long_content_30k_002/lc30k002_604_gc3300_rp0.15_mr1.14E-4_ss100.fa	long_content_30k_002	658	29902
long_content_30k_002/lc30k002_606_gc3300_rp0.07_mr1.14E-4_ss200.fa	long_content_30k_002	1295	29902
long_content_30k_002/lc30k002_610_gc3300_rp0.07_mr1.14E-4_ss100.fa	long_content_30k_002	445	29902
long_content_30k_002/lc30k002_611_gc3300_rp0.10_mr1.14E-4_ss200.fa	long_content_30k_002	1404	29902
long_content_30k_002/lc30k002_612_gc3300_rp0.15_mr1.14E-4_ss100.fa	long_content_30k_002	2353	29902
long_content_30k_002/lc30k002_613_gc3300_rp0.15_mr1.14E-4_ss200.fa	long_content_30k_002	1110	29902
long_content_30k_002/lc30k002_614_gc3300_rp0.07_mr1.14E-4_ss200.fa	long_content_30k_002	1635	29902
long_content_30k_002/lc30k002_615_gc3300_rp0.05_mr1.14E-4_ss200.fa	long_content_30k_002	690	29902
long_content_30k_002/lc30k002_616_gc3300_rp0.10_mr1.14E-4_ss100.fa	long_content_30k_002	1155	29902
long_content_30k_002/lc30k002_627_gc3300_rp0.10_mr1.14E-4_ss200.fa	long_content_30k_002	993	29902
long_content_30k_002/lc30k002_628_gc3300_rp0.15_mr1.14E-4_ss100.fa	long_content_30k_002	2295	29902
long_content_30k_002/lc30k002_629_gc3300_rp0.15_mr1.14E-4_ss200.fa	long_content_30k_002	3969	29902
long_content_30k_002/lc30k002_631_gc3300_rp0.05_mr1.14E-4_ss200.fa	long_content_30k_002	1190	29902
long_content_30k_002/lc30k002_633_gc3300_rp0.05_mr1.14E-4_ss100.fa	long_content_30k_002	301	29902
long_content_30k_002/lc30k002_634_gc3300_rp0.07_mr1.14E-4_ss100.fa	long_content_30k_002	721	29902
long_content_30k_002/lc30k002_636_gc3300_rp0.15_mr1.14E-4_ss100.fa	long_content_30k_002	1155	29902
long_content_30k_002/lc30k002_637_gc3300_rp0.15_mr1.14E-4_ss200.fa	long_content_30k_002	4283	29902
long_content_30k_002/lc30k002_639_gc3300_rp0.05_mr1.14E-4_ss200.fa	long_content_30k_002	268	29902
long_content_30k_002/lc30k002_640_gc3300_rp0.10_mr1.14E-4_ss100.fa	long_content_30k_002	2141	29902
long_content_30k_002/lc30k002_644_gc3300_rp0.15_mr1.14E-4_ss100.fa	long_content_30k_002	1512	29902
long_content_30k_002/lc30k002_645_gc3300_rp0.15_mr1.14E-4_ss200.fa	long_content_30k_002	2049	29902
long_content_30k_002/lc30k002_646_gc3300_rp0.07_mr1.14E-4_ss200.fa	long_content_30k_002	791	29902
long_content_30k_002/lc30k002_647_gc3300_rp0.05_mr1.14E-4_ss200.fa	long_content_30k_002	1551	29902
long_content_30k_002/lc30k002_648_gc3300_rp0.10_mr1.14E-4_ss100.fa	long_content_30k_002	1356	29902
long_content_30k_002/lc30k002_649_gc3300_rp0.05_mr1.14E-4_ss100.fa	long_content_30k_002	397	29902
long_content_30k_002/lc30k002_650_gc3300_rp0.07_mr1.14E-4_ss100.fa	long_content_30k_002	1272	29902
long_content_30k_002/lc30k002_655_gc3300_rp0.05_mr1.14E-4_ss200.fa	long_content_30k_002	1865	29902
long_content_30k_002/lc30k002_656_gc3300_rp0.10_mr1.14E-4_ss100.fa	long_content_30k_002	438	29902
long_content_30k_002/lc30k002_659_gc3300_rp0.10_mr1.14E-4_ss200.fa	long_content_30k_002	2874	29902
long_content_30k_002/lc30k002_660_gc3300_rp0.15_mr1.14E-4_ss100.fa	long_content_30k_002	535	29902
long_content_30k_002/lc30k002_663_gc3300_rp0.05_mr1.14E-4_ss200.fa	long_content_30k_002	3771	29902
long_content_30k_002/lc30k002_664_gc3300_rp0.10_mr1.14E-4_ss100.fa	long_content_30k_002	1183	29902
long_content_30k_002/lc30k002_666_gc3300_rp0.07_mr1.14E-4_ss100.fa	long_content_30k_002	657	29902
long_content_30k_002/lc30k002_668_gc3300_rp0.15_mr1.14E-4_ss100.fa	long_content_30k_002	1320	29902
long_content_30k_002/lc30k002_672_gc3300_rp0.10_mr1.14E-4_ss100.fa	long_content_30k_002	761	29902
long_content_30k_002/lc30k002_673_gc3300_rp0.05_mr1.14E-4_ss100.fa	long_content_30k_002	951	29902
long_content_30k_002/lc30k002_675_gc3300_rp0.10_mr1.14E-4_ss200.fa	long_content_30k_002	1547	29902
long_content_30k_002/lc30k002_679_gc3300_rp0.05_mr1.14E-4_ss200.fa	long_content_30k_002	1879	29902
long_content_30k_002/lc30k002_682_gc3300_rp0.07_mr1.14E-4_ss100.fa	long_content_30k_002	363	29902
long_content_30k_002/lc30k002_683_gc3300_rp0.10_mr1.14E-4_ss200.fa	long_content_30k_002	2164	29902
long_content_30k_002/lc30k002_686_gc3300_rp0.07_mr1.14E-4_ss200.fa	long_content_30k_002	1492	29902
long_content_30k_002/lc30k002_689_gc3300_rp0.05_mr1.14E-4_ss100.fa	long_content_30k_002	394	29902
long_content_30k_002/lc30k002_690_gc3300_rp0.07_mr1.14E-4_ss100.fa	long_content_30k_002	516	29902
long_content_30k_002/lc30k002_691_gc3300_rp0.10_mr1.14E-4_ss200.fa	long_content_30k_002	396	29902
long_content_30k_002/lc30k002_693_gc3300_rp0.15_mr1.14E-4_ss200.fa	long_content_30k_002	4198	29902
long_content_30k_002/lc30k002_694_gc3300_rp0.07_mr1.14E-4_ss200.fa	long_content_30k_002	615	29902
long_content_30k_002/lc30k002_698_gc3300_rp0.07_mr1.14E-4_ss100.fa	long_content_30k_002	478	29902
long_content_30k_002/lc30k002_702_gc3300_rp0.07_mr1.14E-4_ss200.fa	long_content_30k_002	1414	29902
long_content_30k_002/lc30k002_704_gc3300_rp0.10_mr1.14E-4_ss100.fa	long_content_30k_002	268	29902
long_content_30k_002/lc30k002_706_gc3300_rp0.07_mr1.14E-4_ss100.fa	long_content_30k_002	397	29902
long_content_30k_002/lc30k002_707_gc3300_rp0.10_mr1.14E-4_ss200.fa	long_content_30k_002	1600	29902
long_content_30k_002/lc30k002_708_gc3300_rp0.15_mr1.14E-4_ss100.fa	long_content_30k_002	820	29902
long_content_30k_002/lc30k002_713_gc3300_rp0.05_mr1.14E-4_ss100.fa	long_content_30k_002	210	29902
long_content_30k_002/lc30k002_718_gc3300_rp0.07_mr1.14E-4_ss200.fa	long_content_30k_002	858	29902
long_content_30k_002/lc30k002_719_gc3300_rp0.05_mr1.14E-4_ss200.fa	long_content_30k_002	1204	29902
long_content_30k_002/lc30k002_721_gc3300_rp0.05_mr1.14E-4_ss100.fa	long_content_30k_002	292	29902
long_content_30k_002/lc30k002_722_gc3300_rp0.07_mr1.14E-4_ss100.fa	long_content_30k_002	160	29902
long_content_30k_002/lc30k002_727_gc3300_rp0.05_mr1.14E-4_ss200.fa	long_content_30k_002	113	29902
long_content_30k_002/lc30k002_729_gc3300_rp0.05_mr1.14E-4_ss100.fa	long_content_30k_002	319	29902
long_content_30k_002/lc30k002_731_gc3300_rp0.10_mr1.14E-4_ss200.fa	long_content_30k_002	3711	29902
long_content_30k_002/lc30k002_733_gc3300_rp0.15_mr1.14E-4_ss200.fa	long_content_30k_002	2537	29902
long_content_30k_002/lc30k002_735_gc3300_rp0.05_mr1.14E-4_ss200.fa	long_content_30k_002	750	29902
long_content_30k_002/lc30k002_736_gc3300_rp0.10_mr1.14E-4_ss100.fa	long_content_30k_002	1733	29902
long_content_30k_002/lc30k002_737_gc3300_rp0.05_mr1.14E-4_ss100.fa	long_content_30k_002	19	29902
long_content_30k_002/lc30k002_740_gc3300_rp0.15_mr1.14E-4_ss100.fa	long_content_30k_002	1878	29902
long_content_30k_002/lc30k002_742_gc3300_rp0.07_mr1.14E-4_ss200.fa	long_content_30k_002	1307	29902
long_content_30k_002/lc30k002_744_gc3300_rp0.10_mr1.14E-4_ss100.fa	long_content_30k_002	2776	29902
long_content_30k_002/lc30k002_746_gc3300_rp0.07_mr1.14E-4_ss100.fa	long_content_30k_002	217	29902
long_content_30k_002/lc30k002_749_gc3300_rp0.15_mr1.14E-4_ss200.fa	long_content_30k_002	1291	29902
long_content_30k_002/lc30k002_751_gc3300_rp0.05_mr1.14E-4_ss200.fa	long_content_30k_002	390	29902
long_content_30k_002/lc30k002_752_gc3300_rp0.10_mr1.14E-4_ss100.fa	long_content_30k_002	1367	29902
long_content_30k_002/lc30k002_758_gc3300_rp0.07_mr1.14E-4_ss200.fa	long_content_30k_002	1525	29902
long_content_30k_002/lc30k002_761_gc3300_rp0.05_mr1.14E-4_ss100.fa	long_content_30k_002	136	29902
long_content_30k_002/lc30k002_763_gc3300_rp0.10_mr1.14E-4_ss200.fa	long_content_30k_002	852	29902
long_content_30k_002/lc30k002_766_gc3300_rp0.07_mr1.14E-4_ss200.fa	long_content_30k_002	676	29902
long_content_30k_002/lc30k002_769_gc3300_rp0.05_mr1.14E-4_ss100.fa	long_content_30k_002	546	29902
long_content_30k_002/lc30k002_770_gc3300_rp0.07_mr1.14E-4_ss100.fa	long_content_30k_002	296	29902
long_content_30k_002/lc30k002_773_gc3300_rp0.15_mr1.14E-4_ss200.fa	long_content_30k_002	1033	29902
long_content_30k_002/lc30k002_774_gc3300_rp0.07_mr1.14E-4_ss200.fa	long_content_30k_002	852	29902
long_content_30k_002/lc30k002_776_gc3300_rp0.10_mr1.14E-4_ss100.fa	long_content_30k_002	262	29902
long_content_30k_002/lc30k002_778_gc3300_rp0.07_mr1.14E-4_ss100.fa	long_content_30k_002	211	29902
long_content_30k_002/lc30k002_781_gc3300_rp0.15_mr1.14E-4_ss200.fa	long_content_30k_002	1937	29902
long_content_30k_002/lc30k002_783_gc3300_rp0.05_mr1.14E-4_ss200.fa	long_content_30k_002	573	29902
long_content_30k_002/lc30k002_784_gc3300_rp0.10_mr1.14E-4_ss100.fa	long_content_30k_002	427	29902
long_content_30k_002/lc30k002_786_gc3300_rp0.07_mr1.14E-4_ss100.fa	long_content_30k_002	528	29902
long_content_30k_002/lc30k002_787_gc3300_rp0.10_mr1.14E-4_ss200.fa	long_content_30k_002	2738	29902
long_content_30k_002/lc30k002_789_gc3300_rp0.15_mr1.14E-4_ss200.fa	long_content_30k_002	2487	29902
long_content_30k_002/lc30k002_791_gc3300_rp0.05_mr1.14E-4_ss200.fa	long_content_30k_002	891	29902
long_content_30k_002/lc30k002_792_gc3300_rp0.10_mr1.14E-4_ss100.fa	long_content_30k_002	739	29902
long_content_30k_002/lc30k002_799_gc3300_rp0.05_mr1.14E-4_ss200.fa	long_content_30k_002	94	29902
long_content_30k_002/lc30k002_801_gc3300_rp0.05_mr1.14E-4_ss100.fa	long_content_30k_002	88	29902
long_content_30k_002/lc30k002_802_gc3300_rp0.07_mr1.14E-4_ss100.fa	long_content_30k_002	1201	29902
long_content_30k_002/lc30k002_805_gc3300_rp0.15_mr1.14E-4_ss200.fa	long_content_30k_002	2470	29902
long_content_30k_002/lc30k002_810_gc3300_rp0.07_mr1.14E-4_ss100.fa	long_content_30k_002	301	29902
long_content_30k_002/lc30k002_811_gc3300_rp0.10_mr1.14E-4_ss200.fa	long_content_30k_002	2316	29902
long_content_30k_002/lc30k002_815_gc3300_rp0.05_mr1.14E-4_ss200.fa	long_content_30k_002	649	29902
long_content_30k_002/lc30k002_819_gc3300_rp0.10_mr1.14E-4_ss200.fa	long_content_30k_002	770	29902
long_content_30k_002/lc30k002_820_gc3300_rp0.15_mr1.14E-4_ss100.fa	long_content_30k_002	1085	29902
long_content_30k_002/lc30k002_821_gc3300_rp0.15_mr1.14E-4_ss200.fa	long_content_30k_002	3734	29902
long_content_30k_002/lc30k002_822_gc3300_rp0.07_mr1.14E-4_ss200.fa	long_content_30k_002	2145	29902
long_content_30k_002/lc30k002_824_gc3300_rp0.10_mr1.14E-4_ss100.fa	long_content_30k_002	1859	29902
long_content_30k_002/lc30k002_828_gc3300_rp0.15_mr1.14E-4_ss100.fa	long_content_30k_002	3001	29902
long_content_30k_002/lc30k002_829_gc3300_rp0.15_mr1.14E-4_ss200.fa	long_content_30k_002	4160	29902
long_content_30k_002/lc30k002_830_gc3300_rp0.07_mr1.14E-4_ss200.fa	long_content_30k_002	770	29902
long_content_30k_002/lc30k002_834_gc3300_rp0.07_mr1.14E-4_ss100.fa	long_content_30k_002	114	29902
long_content_30k_002/lc30k002_836_gc3300_rp0.15_mr1.14E-4_ss100.fa	long_content_30k_002	1801	29902
long_content_30k_002/lc30k002_839_gc3300_rp0.05_mr1.14E-4_ss200.fa	long_content_30k_002	328	29902
long_content_30k_002/lc30k002_840_gc3300_rp0.10_mr1.14E-4_ss100.fa	long_content_30k_002	843	29902
long_content_30k_002/lc30k002_843_gc3300_rp0.10_mr1.14E-4_ss200.fa	long_content_30k_002	978	29902
long_content_30k_002/lc30k002_844_gc3300_rp0.15_mr1.14E-4_ss100.fa	long_content_30k_002	1174	29902
long_content_30k_002/lc30k002_846_gc3300_rp0.07_mr1.14E-4_ss200.fa	long_content_30k_002	1408	29902
long_content_30k_002/lc30k002_847_gc3300_rp0.05_mr1.14E-4_ss200.fa	long_content_30k_002	297	29902
long_content_30k_002/lc30k002_848_gc3300_rp0.10_mr1.14E-4_ss100.fa	long_content_30k_002	287	29902
long_content_30k_002/lc30k002_849_gc3300_rp0.05_mr1.14E-4_ss100.fa	long_content_30k_002	347	29902
long_content_30k_002/lc30k002_852_gc3300_rp0.15_mr1.14E-4_ss100.fa	long_content_30k_002	1052	29902
long_content_30k_002/lc30k002_855_gc3300_rp0.05_mr1.14E-4_ss200.fa	long_content_30k_002	1364	29902
long_content_30k_002/lc30k002_857_gc3300_rp0.05_mr1.14E-4_ss100.fa	long_content_30k_002	43	29902
long_content_30k_002/lc30k002_858_gc3300_rp0.07_mr1.14E-4_ss100.fa	long_content_30k_002	685	29902
long_content_30k_002/lc30k002_864_gc3300_rp0.10_mr1.14E-4_ss100.fa	long_content_30k_002	538	29902
long_content_30k_002/lc30k002_866_gc3300_rp0.07_mr1.14E-4_ss100.fa	long_content_30k_002	209	29902
long_content_30k_002/lc30k002_869_gc3300_rp0.15_mr1.14E-4_ss200.fa	long_content_30k_002	2236	29902
long_content_30k_002/lc30k002_871_gc3300_rp0.05_mr1.14E-4_ss200.fa	long_content_30k_002	911	29902
long_content_30k_002/lc30k002_872_gc3300_rp0.10_mr1.14E-4_ss100.fa	long_content_30k_002	685	29902
long_content_30k_002/lc30k002_873_gc3300_rp0.05_mr1.14E-4_ss100.fa	long_content_30k_002	98	29902
long_content_30k_002/lc30k002_874_gc3300_rp0.07_mr1.14E-4_ss100.fa	long_content_30k_002	532	29902
long_content_30k_002/lc30k002_875_gc3300_rp0.10_mr1.14E-4_ss200.fa	long_content_30k_002	3228	29902
long_content_30k_002/lc30k002_878_gc3300_rp0.07_mr1.14E-4_ss200.fa	long_content_30k_002	605	29902
long_content_30k_002/lc30k002_880_gc3300_rp0.10_mr1.14E-4_ss100.fa	long_content_30k_002	1689	29902
long_content_30k_002/lc30k002_881_gc3300_rp0.05_mr1.14E-4_ss100.fa	long_content_30k_002	171	29902
long_content_30k_002/lc30k002_882_gc3300_rp0.07_mr1.14E-4_ss100.fa	long_content_30k_002	1938	29902
long_content_30k_002/lc30k002_883_gc3300_rp0.10_mr1.14E-4_ss200.fa	long_content_30k_002	552	29902
long_content_30k_002/lc30k002_886_gc3300_rp0.07_mr1.14E-4_ss200.fa	long_content_30k_002	896	29902
long_content_30k_002/lc30k002_887_gc3300_rp0.05_mr1.14E-4_ss200.fa	long_content_30k_002	771	29902
long_content_30k_002/lc30k002_890_gc3300_rp0.07_mr1.14E-4_ss100.fa	long_content_30k_002	775	29902
long_content_30k_002/lc30k002_891_gc3300_rp0.10_mr1.14E-4_ss200.fa	long_content_30k_002	2066	29902
long_content_30k_002/lc30k002_892_gc3300_rp0.15_mr1.14E-4_ss100.fa	long_content_30k_002	522	29902
long_content_30k_002/lc30k002_894_gc3300_rp0.07_mr1.14E-4_ss200.fa	long_content_30k_002	3187	29902
long_content_30k_002/lc30k002_897_gc3300_rp0.05_mr1.14E-4_ss100.fa	long_content_30k_002	126	29902
long_content_30k_002/lc30k002_899_gc3300_rp0.10_mr1.14E-4_ss200.fa	long_content_30k_002	1301	29902
long_content_30k_002/lc30k002_902_gc3300_rp0.07_mr1.14E-4_ss200.fa	long_content_30k_002	992	29902
long_content_30k_002/lc30k002_903_gc3300_rp0.05_mr1.14E-4_ss200.fa	long_content_30k_002	196	29902
long_content_30k_002/lc30k002_905_gc3300_rp0.05_mr1.14E-4_ss100.fa	long_content_30k_002	484	29902
long_content_30k_002/lc30k002_906_gc3300_rp0.07_mr1.14E-4_ss100.fa	long_content_30k_002	898	29902
long_content_30k_002/lc30k002_907_gc3300_rp0.10_mr1.14E-4_ss200.fa	long_content_30k_002	937	29902
long_content_30k_002/lc30k002_908_gc3300_rp0.15_mr1.14E-4_ss100.fa	long_content_30k_002	952	29902
long_content_30k_002/lc30k002_910_gc3300_rp0.07_mr1.14E-4_ss200.fa	long_content_30k_002	1139	29902
long_content_30k_002/lc30k002_911_gc3300_rp0.05_mr1.14E-4_ss200.fa	long_content_30k_002	666	29902
long_content_30k_002/lc30k002_912_gc3300_rp0.10_mr1.14E-4_ss100.fa	long_content_30k_002	1166	29902
long_content_30k_002/lc30k002_913_gc3300_rp0.05_mr1.14E-4_ss100.fa	long_content_30k_002	1001	29902
long_content_30k_002/lc30k002_914_gc3300_rp0.07_mr1.14E-4_ss100.fa	long_content_30k_002	91	29902
long_content_30k_002/lc30k002_915_gc3300_rp0.10_mr1.14E-4_ss200.fa	long_content_30k_002	2225	29902
long_content_30k_002/lc30k002_917_gc3300_rp0.15_mr1.14E-4_ss200.fa	long_content_30k_002	2530	29902
long_content_30k_002/lc30k002_920_gc3300_rp0.10_mr1.14E-4_ss100.fa	long_content_30k_002	548	29902
long_content_30k_002/lc30k002_921_gc3300_rp0.05_mr1.14E-4_ss100.fa	long_content_30k_002	579	29902
long_content_30k_002/lc30k002_922_gc3300_rp0.07_mr1.14E-4_ss100.fa	long_content_30k_002	423	29902
long_content_30k_002/lc30k002_924_gc3300_rp0.15_mr1.14E-4_ss100.fa	long_content_30k_002	828	29902
long_content_30k_002/lc30k002_925_gc3300_rp0.15_mr1.14E-4_ss200.fa	long_content_30k_002	925	29902
long_content_30k_002/lc30k002_927_gc3300_rp0.05_mr1.14E-4_ss200.fa	long_content_30k_002	477	29902
long_content_30k_002/lc30k002_928_gc3300_rp0.10_mr1.14E-4_ss100.fa	long_content_30k_002	1207	29902
long_content_30k_002/lc30k002_929_gc3300_rp0.05_mr1.14E-4_ss100.fa	long_content_30k_002	818	29902
long_content_30k_002/lc30k002_936_gc3300_rp0.10_mr1.14E-4_ss100.fa	long_content_30k_002	1183	29902
long_content_30k_002/lc30k002_937_gc3300_rp0.05_mr1.14E-4_ss100.fa	long_content_30k_002	115	19203
long_content_30k_002/lc30k002_938_gc3300_rp0.07_mr1.14E-4_ss100.fa	long_content_30k_002	250	29902
long_content_30k_002/lc30k002_940_gc3300_rp0.15_mr1.14E-4_ss100.fa	long_content_30k_002	1168	29902
long_content_30k_002/lc30k002_941_gc3300_rp0.15_mr1.14E-4_ss200.fa	long_content_30k_002	3282	29902
long_content_30k_002/lc30k002_946_gc3300_rp0.07_mr1.14E-4_ss100.fa	long_content_30k_002	495	29902
long_content_30k_002/lc30k002_949_gc3300_rp0.15_mr1.14E-4_ss200.fa	long_content_30k_002	3525	29902
long_content_30k_002/lc30k002_950_gc3300_rp0.07_mr1.14E-4_ss200.fa	long_content_30k_002	498	29902
long_content_30k_002/lc30k002_952_gc3300_rp0.10_mr1.14E-4_ss100.fa	long_content_30k_002	247	29902
long_content_30k_002/lc30k002_953_gc3300_rp0.05_mr1.14E-4_ss100.fa	long_content_30k_002	213	29902
long_content_30k_002/lc30k002_954_gc3300_rp0.07_mr1.14E-4_ss100.fa	long_content_30k_002	314	29902
long_content_30k_002/lc30k002_956_gc3300_rp0.15_mr1.14E-4_ss100.fa	long_content_30k_002	1169	29902
long_content_30k_002/lc30k002_957_gc3300_rp0.15_mr1.14E-4_ss200.fa	long_content_30k_002	2395	29902
long_content_30k_002/lc30k002_958_gc3300_rp0.07_mr1.14E-4_ss200.fa	long_content_30k_002	882	29902
long_content_30k_002/lc30k002_961_gc3300_rp0.05_mr1.14E-4_ss100.fa	long_content_30k_002	143	29902
long_content_30k_002/lc30k002_962_gc3300_rp0.07_mr1.14E-4_ss100.fa	long_content_30k_002	132	29902
long_content_30k_002/lc30k002_964_gc3300_rp0.15_mr1.14E-4_ss100.fa	long_content_30k_002	2117	29902
long_content_30k_002/lc30k002_965_gc3300_rp0.15_mr1.14E-4_ss200.fa	long_content_30k_002	1216	29902
long_content_30k_002/lc30k002_967_gc3300_rp0.05_mr1.14E-4_ss200.fa	long_content_30k_002	343	29902
long_content_30k_002/lc30k002_970_gc3300_rp0.07_mr1.14E-4_ss100.fa	long_content_30k_002	452	29902
long_content_30k_002/lc30k002_973_gc3300_rp0.15_mr1.14E-4_ss200.fa	long_content_30k_002	5379	29902
long_content_30k_002/lc30k002_974_gc3300_rp0.07_mr1.14E-4_ss200.fa	long_content_30k_002	5858	29902
long_content_30k_002/lc30k002_975_gc3300_rp0.05_mr1.14E-4_ss200.fa	long_content_30k_002	975	29902
long_content_30k_002/lc30k002_980_gc3300_rp0.15_mr1.14E-4_ss100.fa	long_content_30k_002	1419	29902
long_content_30k_002/lc30k002_981_gc3300_rp0.15_mr1.14E-4_ss200.fa	long_content_30k_002	3798	29902
long_content_30k_002/lc30k002_982_gc3300_rp0.07_mr1.14E-4_ss200.fa	long_content_30k_002	773	29902
long_content_30k_002/lc30k002_983_gc3300_rp0.05_mr1.14E-4_ss200.fa	long_content_30k_002	293	29902
long_content_30k_002/lc30k002_987_gc3300_rp0.10_mr1.14E-4_ss200.fa	long_content_30k_002	913	29902
long_content_30k_002/lc30k002_988_gc3300_rp0.15_mr1.14E-4_ss100.fa	long_content_30k_002	1184	29902
long_content_30k_002/lc30k002_989_gc3300_rp0.15_mr1.14E-4_ss200.fa	long_content_30k_002	2966	29902
long_content_30k_002/lc30k002_991_gc3300_rp0.05_mr1.14E-4_ss200.fa	long_content_30k_002	159	29902
long_content_30k_002/lc30k002_992_gc3300_rp0.10_mr1.14E-4_ss100.fa	long_content_30k_002	1711	29902
long_content_30k_002/lc30k002_999_gc3300_rp0.05_mr1.14E-4_ss200.fa	long_content_30k_002	243	29902
long_content_30k_003/lc30k003_001_gc2500_rp0.02_mr2E-4_ss100.fa	long_content_30k_003	114	29902
long_content_30k_003/lc30k003_002_gc2500_rp0.02_mr3E-4_ss100.fa	long_content_30k_003	500	29902
long_content_30k_003/lc30k003_003_gc2000_rp0.03_mr3E-4_ss100.fa	long_content_30k_003	279	29902
long_content_30k_003/lc30k003_004_gc2500_rp0.02_mr3E-4_ss200.fa	long_content_30k_003	154	29902
long_content_30k_003/lc30k003_005_gc2500_rp0.03_mr2E-4_ss100.fa	long_content_30k_003	1105	29902
long_content_30k_003/lc30k003_006_gc2500_rp0.01_mr2E-4_ss200.fa	long_content_30k_003	223	29902
long_content_30k_003/lc30k003_007_gc2000_rp0.01_mr2E-4_ss100.fa	long_content_30k_003	141	29781
long_content_30k_003/lc30k003_008_gc2000_rp0.02_mr5E-4_ss100.fa	long_content_30k_003	559	29902
long_content_30k_003/lc30k003_009_gc2000_rp0.03_mr5E-4_ss200.fa	long_content_30k_003	1261	29902
long_content_30k_003/lc30k003_010_gc2500_rp0.02_mr5E-4_ss100.fa	long_content_30k_003	163	29902
long_content_30k_003/lc30k003_011_gc2500_rp0.01_mr5E-4_ss200.fa	long_content_30k_003	275	29902
long_content_30k_003/lc30k003_012_gc2000_rp0.01_mr5E-4_ss100.fa	long_content_30k_003	27	29097
long_content_30k_003/lc30k003_013_gc2000_rp0.01_mr2E-4_ss200.fa	long_content_30k_003	6	29112
long_content_30k_003/lc30k003_014_gc2500_rp0.03_mr3E-4_ss100.fa	long_content_30k_003	292	29902
long_content_30k_003/lc30k003_015_gc2000_rp0.03_mr2E-4_ss100.fa	long_content_30k_003	381	29902
long_content_30k_003/lc30k003_016_gc2500_rp0.01_mr3E-4_ss100.fa	long_content_30k_003	37	29902
long_content_30k_003/lc30k003_017_gc2000_rp0.03_mr3E-4_ss200.fa	long_content_30k_003	662	29902
long_content_30k_003/lc30k003_018_gc2000_rp0.01_mr5E-4_ss200.fa	long_content_30k_003	151	29902
long_content_30k_003/lc30k003_019_gc2000_rp0.02_mr2E-4_ss100.fa	long_content_30k_003	121	29902
long_content_30k_003/lc30k003_020_gc2000_rp0.03_mr5E-4_ss100.fa	long_content_30k_003	305	29902
long_content_30k_003/lc30k003_021_gc2500_rp0.01_mr3E-4_ss200.fa	long_content_30k_003	377	29902
long_content_30k_003/lc30k003_022_gc2500_rp0.02_mr2E-4_ss200.fa	long_content_30k_003	105	29902
long_content_30k_003/lc30k003_023_gc2500_rp0.01_mr5E-4_ss100.fa	long_content_30k_003	33	29902
long_content_30k_003/lc30k003_024_gc2500_rp0.03_mr3E-4_ss200.fa	long_content_30k_003	530	29902
long_content_30k_003/lc30k003_025_gc2000_rp0.01_mr3E-4_ss100.fa	long_content_30k_003	28	29902
long_content_30k_003/lc30k003_026_gc2000_rp0.01_mr3E-4_ss200.fa	long_content_30k_003	779	29902
long_content_30k_003/lc30k003_027_gc2000_rp0.02_mr2E-4_ss200.fa	long_content_30k_003	602	29902
long_content_30k_003/lc30k003_028_gc2500_rp0.02_mr5E-4_ss200.fa	long_content_30k_003	77	29902
long_content_30k_003/lc30k003_029_gc2500_rp0.03_mr5E-4_ss200.fa	long_content_30k_003	649	29902
long_content_30k_003/lc30k003_030_gc2000_rp0.02_mr5E-4_ss200.fa	long_content_30k_003	258	27780
long_content_30k_003/lc30k003_031_gc2000_rp0.03_mr2E-4_ss200.fa	long_content_30k_003	864	29902
long_content_30k_003/lc30k003_032_gc2000_rp0.02_mr3E-4_ss100.fa	long_content_30k_003	121	29902
long_content_30k_003/lc30k003_033_gc2500_rp0.03_mr2E-4_ss200.fa	long_content_30k_003	282	29902
long_content_30k_003/lc30k003_034_gc2000_rp0.02_mr3E-4_ss200.fa	long_content_30k_003	538	29902
long_content_30k_003/lc30k003_035_gc2500_rp0.01_mr2E-4_ss100.fa	long_content_30k_003	52	29902
long_content_30k_003/lc30k003_036_gc2500_rp0.03_mr5E-4_ss100.fa	long_content_30k_003	2857	29902
long_content_30k_003/lc30k003_037_gc2500_rp0.02_mr2E-4_ss100.fa	long_content_30k_003	315	29902
long_content_30k_003/lc30k003_038_gc2500_rp0.02_mr3E-4_ss100.fa	long_content_30k_003	165	29902
long_content_30k_003/lc30k003_039_gc2000_rp0.03_mr3E-4_ss100.fa	long_content_30k_003	444	29902
long_content_30k_003/lc30k003_040_gc2500_rp0.02_mr3E-4_ss200.fa	long_content_30k_003	1889	29902
long_content_30k_003/lc30k003_041_gc2500_rp0.03_mr2E-4_ss100.fa	long_content_30k_003	287	29902
long_content_30k_003/lc30k003_042_gc2500_rp0.01_mr2E-4_ss200.fa	long_content_30k_003	54	29902
long_content_30k_003/lc30k003_043_gc2000_rp0.01_mr2E-4_ss100.fa	long_content_30k_003	55	29902
long_content_30k_003/lc30k003_044_gc2000_rp0.02_mr5E-4_ss100.fa	long_content_30k_003	283	29902
long_content_30k_003/lc30k003_045_gc2000_rp0.03_mr5E-4_ss200.fa	long_content_30k_003	174	29902
long_content_30k_003/lc30k003_046_gc2500_rp0.02_mr5E-4_ss100.fa	long_content_30k_003	224	29902
long_content_30k_003/lc30k003_047_gc2500_rp0.01_mr5E-4_ss200.fa	long_content_30k_003	136	28323
long_content_30k_003/lc30k003_048_gc2000_rp0.01_mr5E-4_ss100.fa	long_content_30k_003	32	29902
long_content_30k_003/lc30k003_049_gc2000_rp0.01_mr2E-4_ss200.fa	long_content_30k_003	37	29454
long_content_30k_003/lc30k003_050_gc2500_rp0.03_mr3E-4_ss100.fa	long_content_30k_003	98	29902
long_content_30k_003/lc30k003_051_gc2000_rp0.03_mr2E-4_ss100.fa	long_content_30k_003	435	29902
long_content_30k_003/lc30k003_052_gc2500_rp0.01_mr3E-4_ss100.fa	long_content_30k_003	104	29902
long_content_30k_003/lc30k003_053_gc2000_rp0.03_mr3E-4_ss200.fa	long_content_30k_003	1426	29902
long_content_30k_003/lc30k003_054_gc2000_rp0.01_mr5E-4_ss200.fa	long_content_30k_003	507	29902
long_content_30k_003/lc30k003_055_gc2000_rp0.02_mr2E-4_ss100.fa	long_content_30k_003	44	29902
long_content_30k_003/lc30k003_057_gc2500_rp0.01_mr3E-4_ss200.fa	long_content_30k_003	462	29902
long_content_30k_003/lc30k003_058_gc2500_rp0.02_mr2E-4_ss200.fa	long_content_30k_003	273	29902
long_content_30k_003/lc30k003_059_gc2500_rp0.01_mr5E-4_ss100.fa	long_content_30k_003	85	29902
long_content_30k_003/lc30k003_060_gc2500_rp0.03_mr3E-4_ss200.fa	long_content_30k_003	319	29902
long_content_30k_003/lc30k003_061_gc2000_rp0.01_mr3E-4_ss100.fa	long_content_30k_003	25	24426
long_content_30k_003/lc30k003_062_gc2000_rp0.01_mr3E-4_ss200.fa	long_content_30k_003	203	29902
long_content_30k_003/lc30k003_063_gc2000_rp0.02_mr2E-4_ss200.fa	long_content_30k_003	450	29902
long_content_30k_003/lc30k003_064_gc2500_rp0.02_mr5E-4_ss200.fa	long_content_30k_003	972	29902
long_content_30k_003/lc30k003_065_gc2500_rp0.03_mr5E-4_ss200.fa	long_content_30k_003	529	29902
long_content_30k_003/lc30k003_066_gc2000_rp0.02_mr5E-4_ss200.fa	long_content_30k_003	659	29902
long_content_30k_003/lc30k003_067_gc2000_rp0.03_mr2E-4_ss200.fa	long_content_30k_003	602	29902
long_content_30k_003/lc30k003_068_gc2000_rp0.02_mr3E-4_ss100.fa	long_content_30k_003	144	29902
long_content_30k_003/lc30k003_069_gc2500_rp0.03_mr2E-4_ss200.fa	long_content_30k_003	720	29902
long_content_30k_003/lc30k003_070_gc2000_rp0.02_mr3E-4_ss200.fa	long_content_30k_003	704	29902
long_content_30k_003/lc30k003_071_gc2500_rp0.01_mr2E-4_ss100.fa	long_content_30k_003	48	29902
long_content_30k_003/lc30k003_072_gc2500_rp0.03_mr5E-4_ss100.fa	long_content_30k_003	478	29902
long_content_30k_003/lc30k003_073_gc2500_rp0.02_mr2E-4_ss100.fa	long_content_30k_003	78	29902
long_content_30k_003/lc30k003_074_gc2500_rp0.02_mr3E-4_ss100.fa	long_content_30k_003	58	29902
long_content_30k_003/lc30k003_075_gc2000_rp0.03_mr3E-4_ss100.fa	long_content_30k_003	288	29902
long_content_30k_003/lc30k003_076_gc2500_rp0.02_mr3E-4_ss200.fa	long_content_30k_003	38	29902
long_content_30k_003/lc30k003_077_gc2500_rp0.03_mr2E-4_ss100.fa	long_content_30k_003	470	29902
long_content_30k_003/lc30k003_078_gc2500_rp0.01_mr2E-4_ss200.fa	long_content_30k_003	65	29902
long_content_30k_003/lc30k003_079_gc2000_rp0.01_mr2E-4_ss100.fa	long_content_30k_003	21	25470
long_content_30k_003/lc30k003_080_gc2000_rp0.02_mr5E-4_ss100.fa	long_content_30k_003	556	29902
long_content_30k_003/lc30k003_081_gc2000_rp0.03_mr5E-4_ss200.fa	long_content_30k_003	1050	29902
long_content_30k_003/lc30k003_082_gc2500_rp0.02_mr5E-4_ss100.fa	long_content_30k_003	340	26955
long_content_30k_003/lc30k003_083_gc2500_rp0.01_mr5E-4_ss200.fa	long_content_30k_003	617	29902
long_content_30k_003/lc30k003_084_gc2000_rp0.01_mr5E-4_ss100.fa	long_content_30k_003	104	29902
long_content_30k_003/lc30k003_085_gc2000_rp0.01_mr2E-4_ss200.fa	long_content_30k_003	486	29902
long_content_30k_003/lc30k003_086_gc2500_rp0.03_mr3E-4_ss100.fa	long_content_30k_003	249	29902
long_content_30k_003/lc30k003_087_gc2000_rp0.03_mr2E-4_ss100.fa	long_content_30k_003	659	29902
long_content_30k_003/lc30k003_088_gc2500_rp0.01_mr3E-4_ss100.fa	long_content_30k_003	47	29902
long_content_30k_003/lc30k003_089_gc2000_rp0.03_mr3E-4_ss200.fa	long_content_30k_003	895	29902
long_content_30k_003/lc30k003_090_gc2000_rp0.01_mr5E-4_ss200.fa	long_content_30k_003	279	29902
long_content_30k_003/lc30k003_091_gc2000_rp0.02_mr2E-4_ss100.fa	long_content_30k_003	649	29902
long_content_30k_003/lc30k003_092_gc2000_rp0.03_mr5E-4_ss100.fa	long_content_30k_003	115	29902
long_content_30k_003/lc30k003_093_gc2500_rp0.01_mr3E-4_ss200.fa	long_content_30k_003	148	29902
long_content_30k_003/lc30k003_094_gc2500_rp0.02_mr2E-4_ss200.fa	long_content_30k_003	558	29902
long_content_30k_003/lc30k003_095_gc2500_rp0.01_mr5E-4_ss100.fa	long_content_30k_003	256	29902
long_content_30k_003/lc30k003_096_gc2500_rp0.03_mr3E-4_ss200.fa	long_content_30k_003	1936	29902
long_content_30k_003/lc30k003_097_gc2000_rp0.01_mr3E-4_ss100.fa	long_content_30k_003	108	29902
long_content_30k_003/lc30k003_098_gc2000_rp0.01_mr3E-4_ss200.fa	long_content_30k_003	74	24807
long_content_30k_003/lc30k003_099_gc2000_rp0.02_mr2E-4_ss200.fa	long_content_30k_003	402	29902
long_content_30k_003/lc30k003_1000_gc2500_rp0.02_mr5E-4_ss200.fa	long_content_30k_003	788	29902
long_content_30k_003/lc30k003_1001_gc2500_rp0.03_mr5E-4_ss200.fa	long_content_30k_003	975	29902
long_content_30k_003/lc30k003_1002_gc2000_rp0.02_mr5E-4_ss200.fa	long_content_30k_003	232	29902
long_content_30k_003/lc30k003_1003_gc2000_rp0.03_mr2E-4_ss200.fa	long_content_30k_003	1488	29902
long_content_30k_003/lc30k003_1004_gc2000_rp0.02_mr3E-4_ss100.fa	long_content_30k_003	444	29902
long_content_30k_003/lc30k003_1005_gc2500_rp0.03_mr2E-4_ss200.fa	long_content_30k_003	1006	29902
long_content_30k_003/lc30k003_1006_gc2000_rp0.02_mr3E-4_ss200.fa	long_content_30k_003	1061	29902
long_content_30k_003/lc30k003_1007_gc2500_rp0.01_mr2E-4_ss100.fa	long_content_30k_003	74	29902
long_content_30k_003/lc30k003_1008_gc2500_rp0.03_mr5E-4_ss100.fa	long_content_30k_003	496	29902
long_content_30k_003/lc30k003_1009_gc2500_rp0.02_mr2E-4_ss100.fa	long_content_30k_003	692	29902
long_content_30k_003/lc30k003_100_gc2500_rp0.02_mr5E-4_ss200.fa	long_content_30k_003	94	29902
long_content_30k_003/lc30k003_1010_gc2500_rp0.02_mr3E-4_ss100.fa	long_content_30k_003	173	29902
long_content_30k_003/lc30k003_1011_gc2000_rp0.03_mr3E-4_ss100.fa	long_content_30k_003	305	29902
long_content_30k_003/lc30k003_1012_gc2500_rp0.02_mr3E-4_ss200.fa	long_content_30k_003	2042	29902
long_content_30k_003/lc30k003_1013_gc2500_rp0.03_mr2E-4_ss100.fa	long_content_30k_003	257	29902
long_content_30k_003/lc30k003_1014_gc2500_rp0.01_mr2E-4_ss200.fa	long_content_30k_003	96	29902
long_content_30k_003/lc30k003_1015_gc2000_rp0.01_mr2E-4_ss100.fa	long_content_30k_003	66	29902
long_content_30k_003/lc30k003_1016_gc2000_rp0.02_mr5E-4_ss100.fa	long_content_30k_003	333	29902
long_content_30k_003/lc30k003_1017_gc2000_rp0.03_mr5E-4_ss200.fa	long_content_30k_003	285	29902
long_content_30k_003/lc30k003_1018_gc2500_rp0.02_mr5E-4_ss100.fa	long_content_30k_003	470	29902
long_content_30k_003/lc30k003_1019_gc2500_rp0.01_mr5E-4_ss200.fa	long_content_30k_003	3	729
long_content_30k_003/lc30k003_101_gc2500_rp0.03_mr5E-4_ss200.fa	long_content_30k_003	481	29902
long_content_30k_003/lc30k003_1020_gc2000_rp0.01_mr5E-4_ss100.fa	long_content_30k_003	554	29902
long_content_30k_003/lc30k003_1021_gc2000_rp0.01_mr2E-4_ss200.fa	long_content_30k_003	47	26670
long_content_30k_003/lc30k003_1022_gc2500_rp0.03_mr3E-4_ss100.fa	long_content_30k_003	252	29902
long_content_30k_003/lc30k003_1023_gc2000_rp0.03_mr2E-4_ss100.fa	long_content_30k_003	629	29902
long_content_30k_003/lc30k003_1024_gc2500_rp0.01_mr3E-4_ss100.fa	long_content_30k_003	4	28956
long_content_30k_003/lc30k003_1025_gc2000_rp0.03_mr3E-4_ss200.fa	long_content_30k_003	793	29902
long_content_30k_003/lc30k003_1026_gc2000_rp0.01_mr5E-4_ss200.fa	long_content_30k_003	5	29902
long_content_30k_003/lc30k003_1027_gc2000_rp0.02_mr2E-4_ss100.fa	long_content_30k_003	542	29902
long_content_30k_003/lc30k003_1028_gc2000_rp0.03_mr5E-4_ss100.fa	long_content_30k_003	340	29902
long_content_30k_003/lc30k003_1029_gc2500_rp0.01_mr3E-4_ss200.fa	long_content_30k_003	569	29902
long_content_30k_003/lc30k003_102_gc2000_rp0.02_mr5E-4_ss200.fa	long_content_30k_003	728	29902
long_content_30k_003/lc30k003_1030_gc2500_rp0.02_mr2E-4_ss200.fa	long_content_30k_003	634	29902
long_content_30k_003/lc30k003_1031_gc2500_rp0.01_mr5E-4_ss100.fa	long_content_30k_003	122	29902
long_content_30k_003/lc30k003_1032_gc2500_rp0.03_mr3E-4_ss200.fa	long_content_30k_003	200	29902
long_content_30k_003/lc30k003_1033_gc2000_rp0.01_mr3E-4_ss100.fa	long_content_30k_003	21	23787
long_content_30k_003/lc30k003_1034_gc2000_rp0.01_mr3E-4_ss200.fa	long_content_30k_003	191	29902
long_content_30k_003/lc30k003_1035_gc2000_rp0.02_mr2E-4_ss200.fa	long_content_30k_003	679	29902
long_content_30k_003/lc30k003_1036_gc2500_rp0.02_mr5E-4_ss200.fa	long_content_30k_003	37	29823
long_content_30k_003/lc30k003_1037_gc2500_rp0.03_mr5E-4_ss200.fa	long_content_30k_003	915	29902
long_content_30k_003/lc30k003_1038_gc2000_rp0.02_mr5E-4_ss200.fa	long_content_30k_003	1312	29902
long_content_30k_003/lc30k003_1039_gc2000_rp0.03_mr2E-4_ss200.fa	long_content_30k_003	1644	29902
long_content_30k_003/lc30k003_103_gc2000_rp0.03_mr2E-4_ss200.fa	long_content_30k_003	370	29902
long_content_30k_003/lc30k003_1040_gc2000_rp0.02_mr3E-4_ss100.fa	long_content_30k_003	87	29902
long_content_30k_003/lc30k003_1041_gc2500_rp0.03_mr2E-4_ss200.fa	long_content_30k_003	68	29902
long_content_30k_003/lc30k003_1042_gc2000_rp0.02_mr3E-4_ss200.fa	long_content_30k_003	1003	29902
long_content_30k_003/lc30k003_1043_gc2500_rp0.01_mr2E-4_ss100.fa	long_content_30k_003	225	29902
long_content_30k_003/lc30k003_1044_gc2500_rp0.03_mr5E-4_ss100.fa	long_content_30k_003	433	29902
long_content_30k_003/lc30k003_1045_gc2500_rp0.02_mr2E-4_ss100.fa	long_content_30k_003	373	29902
long_content_30k_003/lc30k003_1046_gc2500_rp0.02_mr3E-4_ss100.fa	long_content_30k_003	109	29902
long_content_30k_003/lc30k003_1047_gc2000_rp0.03_mr3E-4_ss100.fa	long_content_30k_003	449	29902
long_content_30k_003/lc30k003_1048_gc2500_rp0.02_mr3E-4_ss200.fa	long_content_30k_003	512	29902
long_content_30k_003/lc30k003_1049_gc2500_rp0.03_mr2E-4_ss100.fa	long_content_30k_003	175	29902
long_content_30k_003/lc30k003_104_gc2000_rp0.02_mr3E-4_ss100.fa	long_content_30k_003	32	29902
long_content_30k_003/lc30k003_1050_gc2500_rp0.01_mr2E-4_ss200.fa	long_content_30k_003	20	29902
long_content_30k_003/lc30k003_1051_gc2000_rp0.01_mr2E-4_ss100.fa	long_content_30k_003	118	26103
long_content_30k_003/lc30k003_1052_gc2000_rp0.02_mr5E-4_ss100.fa	long_content_30k_003	493	29902
long_content_30k_003/lc30k003_1053_gc2000_rp0.03_mr5E-4_ss200.fa	long_content_30k_003	1022	29902
long_content_30k_003/lc30k003_1054_gc2500_rp0.02_mr5E-4_ss100.fa	long_content_30k_003	219	29902
long_content_30k_003/lc30k003_1055_gc2500_rp0.01_mr5E-4_ss200.fa	long_content_30k_003	31	29902
long_content_30k_003/lc30k003_1056_gc2000_rp0.01_mr5E-4_ss100.fa	long_content_30k_003	93	29902
long_content_30k_003/lc30k003_1057_gc2000_rp0.01_mr2E-4_ss200.fa	long_content_30k_003	275	29902
long_content_30k_003/lc30k003_1058_gc2500_rp0.03_mr3E-4_ss100.fa	long_content_30k_003	134	29902
long_content_30k_003/lc30k003_1059_gc2000_rp0.03_mr2E-4_ss100.fa	long_content_30k_003	324	29902
long_content_30k_003/lc30k003_105_gc2500_rp0.03_mr2E-4_ss200.fa	long_content_30k_003	428	29902
long_content_30k_003/lc30k003_1060_gc2500_rp0.01_mr3E-4_ss100.fa	long_content_30k_003	254	29902
long_content_30k_003/lc30k003_1061_gc2000_rp0.03_mr3E-4_ss200.fa	long_content_30k_003	108	29902
long_content_30k_003/lc30k003_1062_gc2000_rp0.01_mr5E-4_ss200.fa	long_content_30k_003	1	25551
long_content_30k_003/lc30k003_1063_gc2000_rp0.02_mr2E-4_ss100.fa	long_content_30k_003	1239	29902
long_content_30k_003/lc30k003_1064_gc2000_rp0.03_mr5E-4_ss100.fa	long_content_30k_003	96	29902
long_content_30k_003/lc30k003_1065_gc2500_rp0.01_mr3E-4_ss200.fa	long_content_30k_003	96	29902
long_content_30k_003/lc30k003_1066_gc2500_rp0.02_mr2E-4_ss200.fa	long_content_30k_003	183	29902
long_content_30k_003/lc30k003_1067_gc2500_rp0.01_mr5E-4_ss100.fa	long_content_30k_003	4	29902
long_content_30k_003/lc30k003_1068_gc2500_rp0.03_mr3E-4_ss200.fa	long_content_30k_003	2959	29902
long_content_30k_003/lc30k003_1069_gc2000_rp0.01_mr3E-4_ss100.fa	long_content_30k_003	16	19896
long_content_30k_003/lc30k003_106_gc2000_rp0.02_mr3E-4_ss200.fa	long_content_30k_003	327	29902
long_content_30k_003/lc30k003_1070_gc2000_rp0.01_mr3E-4_ss200.fa	long_content_30k_003	1090	29902
long_content_30k_003/lc30k003_1071_gc2000_rp0.02_mr2E-4_ss200.fa	long_content_30k_003	46	29902
long_content_30k_003/lc30k003_1072_gc2500_rp0.02_mr5E-4_ss200.fa	long_content_30k_003	1003	29902
long_content_30k_003/lc30k003_1073_gc2500_rp0.03_mr5E-4_ss200.fa	long_content_30k_003	1996	29902
long_content_30k_003/lc30k003_1074_gc2000_rp0.02_mr5E-4_ss200.fa	long_content_30k_003	1171	29902
long_content_30k_003/lc30k003_1075_gc2000_rp0.03_mr2E-4_ss200.fa	long_content_30k_003	941	29902
long_content_30k_003/lc30k003_1076_gc2000_rp0.02_mr3E-4_ss100.fa	long_content_30k_003	553	29902
long_content_30k_003/lc30k003_1077_gc2500_rp0.03_mr2E-4_ss200.fa	long_content_30k_003	885	29902
long_content_30k_003/lc30k003_1078_gc2000_rp0.02_mr3E-4_ss200.fa	long_content_30k_003	1479	29902
long_content_30k_003/lc30k003_1079_gc2500_rp0.01_mr2E-4_ss100.fa	long_content_30k_003	46	29902
long_content_30k_003/lc30k003_107_gc2500_rp0.01_mr2E-4_ss100.fa	long_content_30k_003	13	29902
long_content_30k_003/lc30k003_1080_gc2500_rp0.03_mr5E-4_ss100.fa	long_content_30k_003	352	29902
long_content_30k_003/lc30k003_1081_gc2500_rp0.02_mr2E-4_ss100.fa	long_content_30k_003	418	29902
long_content_30k_003/lc30k003_1082_gc2500_rp0.02_mr3E-4_ss100.fa	long_content_30k_003	655	29902
long_content_30k_003/lc30k003_1083_gc2000_rp0.03_mr3E-4_ss100.fa	long_content_30k_003	314	29902
long_content_30k_003/lc30k003_1084_gc2500_rp0.02_mr3E-4_ss200.fa	long_content_30k_003	713	29902
long_content_30k_003/lc30k003_1085_gc2500_rp0.03_mr2E-4_ss100.fa	long_content_30k_003	92	29902
long_content_30k_003/lc30k003_1086_gc2500_rp0.01_mr2E-4_ss200.fa	long_content_30k_003	5	29902
long_content_30k_003/lc30k003_1087_gc2000_rp0.01_mr2E-4_ss100.fa	long_content_30k_003	68	14799
long_content_30k_003/lc30k003_1088_gc2000_rp0.02_mr5E-4_ss100.fa	long_content_30k_003	150	29902
long_content_30k_003/lc30k003_1089_gc2000_rp0.03_mr5E-4_ss200.fa	long_content_30k_003	677	29902
long_content_30k_003/lc30k003_108_gc2500_rp0.03_mr5E-4_ss100.fa	long_content_30k_003	377	29902
long_content_30k_003/lc30k003_1090_gc2500_rp0.02_mr5E-4_ss100.fa	long_content_30k_003	126	29902
long_content_30k_003/lc30k003_1091_gc2500_rp0.01_mr5E-4_ss200.fa	long_content_30k_003	847	29902
long_content_30k_003/lc30k003_1092_gc2000_rp0.01_mr5E-4_ss100.fa	long_content_30k_003	95	17970
long_content_30k_003/lc30k003_1093_gc2000_rp0.01_mr2E-4_ss200.fa	long_content_30k_003	150	27441
long_content_30k_003/lc30k003_1094_gc2500_rp0.03_mr3E-4_ss100.fa	long_content_30k_003	248	29902
long_content_30k_003/lc30k003_1095_gc2000_rp0.03_mr2E-4_ss100.fa	long_content_30k_003	1780	29902
long_content_30k_003/lc30k003_1096_gc2500_rp0.01_mr3E-4_ss100.fa	long_content_30k_003	275	26559
long_content_30k_003/lc30k003_1097_gc2000_rp0.03_mr3E-4_ss200.fa	long_content_30k_003	195	29902
long_content_30k_003/lc30k003_1098_gc2000_rp0.01_mr5E-4_ss200.fa	long_content_30k_003	262	29902
long_content_30k_003/lc30k003_1099_gc2000_rp0.02_mr2E-4_ss100.fa	long_content_30k_003	546	29902
long_content_30k_003/lc30k003_109_gc2500_rp0.02_mr2E-4_ss100.fa	long_content_30k_003	221	29902
long_content_30k_003/lc30k003_1100_gc2000_rp0.03_mr5E-4_ss100.fa	long_content_30k_003	462	29902
long_content_30k_003/lc30k003_1101_gc2500_rp0.01_mr3E-4_ss200.fa	long_content_30k_003	110	29902
long_content_30k_003/lc30k003_1102_gc2500_rp0.02_mr2E-4_ss200.fa	long_content_30k_003	120	29902
long_content_30k_003/lc30k003_1103_gc2500_rp0.01_mr5E-4_ss100.fa	long_content_30k_003	198	29902
long_content_30k_003/lc30k003_1104_gc2500_rp0.03_mr3E-4_ss200.fa	long_content_30k_003	727	29902
long_content_30k_003/lc30k003_1105_gc2000_rp0.01_mr3E-4_ss100.fa	long_content_30k_003	22	25137
long_content_30k_003/lc30k003_1106_gc2000_rp0.01_mr3E-4_ss200.fa	long_content_30k_003	295	29902
long_content_30k_003/lc30k003_1107_gc2000_rp0.02_mr2E-4_ss200.fa	long_content_30k_003	476	29902
long_content_30k_003/lc30k003_1108_gc2500_rp0.02_mr5E-4_ss200.fa	long_content_30k_003	122	29902
long_content_30k_003/lc30k003_1109_gc2500_rp0.03_mr5E-4_ss200.fa	long_content_30k_003	1052	29902
long_content_30k_003/lc30k003_110_gc2500_rp0.02_mr3E-4_ss100.fa	long_content_30k_003	718	29902
long_content_30k_003/lc30k003_1110_gc2000_rp0.02_mr5E-4_ss200.fa	long_content_30k_003	479	29902
long_content_30k_003/lc30k003_1111_gc2000_rp0.03_mr2E-4_ss200.fa	long_content_30k_003	1308	29902
long_content_30k_003/lc30k003_1112_gc2000_rp0.02_mr3E-4_ss100.fa	long_content_30k_003	76	29902
long_content_30k_003/lc30k003_1113_gc2500_rp0.03_mr2E-4_ss200.fa	long_content_30k_003	217	29902
long_content_30k_003/lc30k003_1114_gc2000_rp0.02_mr3E-4_ss200.fa	long_content_30k_003	254	29902
long_content_30k_003/lc30k003_1115_gc2500_rp0.01_mr2E-4_ss100.fa	long_content_30k_003	330	29902
long_content_30k_003/lc30k003_1116_gc2500_rp0.03_mr5E-4_ss100.fa	long_content_30k_003	302	29902
long_content_30k_003/lc30k003_1117_gc2500_rp0.02_mr2E-4_ss100.fa	long_content_30k_003	265	29902
long_content_30k_003/lc30k003_1118_gc2500_rp0.02_mr3E-4_ss100.fa	long_content_30k_003	121	29902
long_content_30k_003/lc30k003_1119_gc2000_rp0.03_mr3E-4_ss100.fa	long_content_30k_003	193	29902
long_content_30k_003/lc30k003_111_gc2000_rp0.03_mr3E-4_ss100.fa	long_content_30k_003	187	29902
long_content_30k_003/lc30k003_1120_gc2500_rp0.02_mr3E-4_ss200.fa	long_content_30k_003	2391	29902
long_content_30k_003/lc30k003_1121_gc2500_rp0.03_mr2E-4_ss100.fa	long_content_30k_003	178	29902
long_content_30k_003/lc30k003_1122_gc2500_rp0.01_mr2E-4_ss200.fa	long_content_30k_003	142	29902
long_content_30k_003/lc30k003_1123_gc2000_rp0.01_mr2E-4_ss100.fa	long_content_30k_003	63	29902
long_content_30k_003/lc30k003_1124_gc2000_rp0.02_mr5E-4_ss100.fa	long_content_30k_003	477	29902
long_content_30k_003/lc30k003_1125_gc2000_rp0.03_mr5E-4_ss200.fa	long_content_30k_003	1258	29902
long_content_30k_003/lc30k003_1126_gc2500_rp0.02_mr5E-4_ss100.fa	long_content_30k_003	318	29902
long_content_30k_003/lc30k003_1127_gc2500_rp0.01_mr5E-4_ss200.fa	long_content_30k_003	80	29902
long_content_30k_003/lc30k003_1129_gc2000_rp0.01_mr2E-4_ss200.fa	long_content_30k_003	263	29902
long_content_30k_003/lc30k003_112_gc2500_rp0.02_mr3E-4_ss200.fa	long_content_30k_003	311	29902
long_content_30k_003/lc30k003_1130_gc2500_rp0.03_mr3E-4_ss100.fa	long_content_30k_003	213	29902
long_content_30k_003/lc30k003_1131_gc2000_rp0.03_mr2E-4_ss100.fa	long_content_30k_003	405	29902
long_content_30k_003/lc30k003_1132_gc2500_rp0.01_mr3E-4_ss100.fa	long_content_30k_003	39	29902
long_content_30k_003/lc30k003_1133_gc2000_rp0.03_mr3E-4_ss200.fa	long_content_30k_003	821	29902
long_content_30k_003/lc30k003_1134_gc2000_rp0.01_mr5E-4_ss200.fa	long_content_30k_003	114	29902
long_content_30k_003/lc30k003_1135_gc2000_rp0.02_mr2E-4_ss100.fa	long_content_30k_003	89	29902
long_content_30k_003/lc30k003_1136_gc2000_rp0.03_mr5E-4_ss100.fa	long_content_30k_003	229	29902
long_content_30k_003/lc30k003_1137_gc2500_rp0.01_mr3E-4_ss200.fa	long_content_30k_003	458	29902
long_content_30k_003/lc30k003_1138_gc2500_rp0.02_mr2E-4_ss200.fa	long_content_30k_003	685	29902
long_content_30k_003/lc30k003_1139_gc2500_rp0.01_mr5E-4_ss100.fa	long_content_30k_003	144	29902
long_content_30k_003/lc30k003_113_gc2500_rp0.03_mr2E-4_ss100.fa	long_content_30k_003	544	27453
long_content_30k_003/lc30k003_1140_gc2500_rp0.03_mr3E-4_ss200.fa	long_content_30k_003	632	29902
long_content_30k_003/lc30k003_1141_gc2000_rp0.01_mr3E-4_ss100.fa	long_content_30k_003	41	29902
long_content_30k_003/lc30k003_1142_gc2000_rp0.01_mr3E-4_ss200.fa	long_content_30k_003	815	29902
long_content_30k_003/lc30k003_1143_gc2000_rp0.02_mr2E-4_ss200.fa	long_content_30k_003	626	29902
long_content_30k_003/lc30k003_1144_gc2500_rp0.02_mr5E-4_ss200.fa	long_content_30k_003	92	29902
long_content_30k_003/lc30k003_1145_gc2500_rp0.03_mr5E-4_ss200.fa	long_content_30k_003	2153	29902
long_content_30k_003/lc30k003_1146_gc2000_rp0.02_mr5E-4_ss200.fa	long_content_30k_003	514	29902
long_content_30k_003/lc30k003_1147_gc2000_rp0.03_mr2E-4_ss200.fa	long_content_30k_003	317	29902
long_content_30k_003/lc30k003_1148_gc2000_rp0.02_mr3E-4_ss100.fa	long_content_30k_003	240	29902
long_content_30k_003/lc30k003_1149_gc2500_rp0.03_mr2E-4_ss200.fa	long_content_30k_003	2395	29902
long_content_30k_003/lc30k003_114_gc2500_rp0.01_mr2E-4_ss200.fa	long_content_30k_003	98	29902
long_content_30k_003/lc30k003_1150_gc2000_rp0.02_mr3E-4_ss200.fa	long_content_30k_003	297	29902
long_content_30k_003/lc30k003_1151_gc2500_rp0.01_mr2E-4_ss100.fa	long_content_30k_003	189	29016
long_content_30k_003/lc30k003_1152_gc2500_rp0.03_mr5E-4_ss100.fa	long_content_30k_003	921	29902
long_content_30k_003/lc30k003_1153_gc2500_rp0.02_mr2E-4_ss100.fa	long_content_30k_003	74	24435
long_content_30k_003/lc30k003_1154_gc2500_rp0.02_mr3E-4_ss100.fa	long_content_30k_003	494	29902
long_content_30k_003/lc30k003_1155_gc2000_rp0.03_mr3E-4_ss100.fa	long_content_30k_003	235	29902
long_content_30k_003/lc30k003_1156_gc2500_rp0.02_mr3E-4_ss200.fa	long_content_30k_003	229	29902
long_content_30k_003/lc30k003_1157_gc2500_rp0.03_mr2E-4_ss100.fa	long_content_30k_003	936	29902
long_content_30k_003/lc30k003_1158_gc2500_rp0.01_mr2E-4_ss200.fa	long_content_30k_003	541	29902
long_content_30k_003/lc30k003_1159_gc2000_rp0.01_mr2E-4_ss100.fa	long_content_30k_003	48	29902
long_content_30k_003/lc30k003_115_gc2000_rp0.01_mr2E-4_ss100.fa	long_content_30k_003	123	29902
long_content_30k_003/lc30k003_1160_gc2000_rp0.02_mr5E-4_ss100.fa	long_content_30k_003	444	29902
long_content_30k_003/lc30k003_1161_gc2000_rp0.03_mr5E-4_ss200.fa	long_content_30k_003	344	29902
long_content_30k_003/lc30k003_1162_gc2500_rp0.02_mr5E-4_ss100.fa	long_content_30k_003	192	29902
long_content_30k_003/lc30k003_1163_gc2500_rp0.01_mr5E-4_ss200.fa	long_content_30k_003	663	29902
long_content_30k_003/lc30k003_1164_gc2000_rp0.01_mr5E-4_ss100.fa	long_content_30k_003	24	29902
long_content_30k_003/lc30k003_1165_gc2000_rp0.01_mr2E-4_ss200.fa	long_content_30k_003	244	29902
long_content_30k_003/lc30k003_1166_gc2500_rp0.03_mr3E-4_ss100.fa	long_content_30k_003	828	29902
long_content_30k_003/lc30k003_1167_gc2000_rp0.03_mr2E-4_ss100.fa	long_content_30k_003	547	29902
long_content_30k_003/lc30k003_1168_gc2500_rp0.01_mr3E-4_ss100.fa	long_content_30k_003	59	29871
long_content_30k_003/lc30k003_1169_gc2000_rp0.03_mr3E-4_ss200.fa	long_content_30k_003	1178	29902
long_content_30k_003/lc30k003_116_gc2000_rp0.02_mr5E-4_ss100.fa	long_content_30k_003	282	29902
long_content_30k_003/lc30k003_1170_gc2000_rp0.01_mr5E-4_ss200.fa	long_content_30k_003	405	29902
long_content_30k_003/lc30k003_1171_gc2000_rp0.02_mr2E-4_ss100.fa	long_content_30k_003	114	29902
long_content_30k_003/lc30k003_1172_gc2000_rp0.03_mr5E-4_ss100.fa	long_content_30k_003	646	29902
long_content_30k_003/lc30k003_1173_gc2500_rp0.01_mr3E-4_ss200.fa	long_content_30k_003	44	29902
long_content_30k_003/lc30k003_1174_gc2500_rp0.02_mr2E-4_ss200.fa	long_content_30k_003	445	29902
long_content_30k_003/lc30k003_1175_gc2500_rp0.01_mr5E-4_ss100.fa	long_content_30k_003	30	29902
long_content_30k_003/lc30k003_1176_gc2500_rp0.03_mr3E-4_ss200.fa	long_content_30k_003	1449	29902
long_content_30k_003/lc30k003_1177_gc2000_rp0.01_mr3E-4_ss100.fa	long_content_30k_003	81	29902
long_content_30k_003/lc30k003_1178_gc2000_rp0.01_mr3E-4_ss200.fa	long_content_30k_003	99	29902
long_content_30k_003/lc30k003_1179_gc2000_rp0.02_mr2E-4_ss200.fa	long_content_30k_003	672	29902
long_content_30k_003/lc30k003_117_gc2000_rp0.03_mr5E-4_ss200.fa	long_content_30k_003	608	29902
long_content_30k_003/lc30k003_1180_gc2500_rp0.02_mr5E-4_ss200.fa	long_content_30k_003	489	29902
long_content_30k_003/lc30k003_1181_gc2500_rp0.03_mr5E-4_ss200.fa	long_content_30k_003	498	29902
long_content_30k_003/lc30k003_1182_gc2000_rp0.02_mr5E-4_ss200.fa	long_content_30k_003	35	29902
long_content_30k_003/lc30k003_1183_gc2000_rp0.03_mr2E-4_ss200.fa	long_content_30k_003	1128	29902
long_content_30k_003/lc30k003_1184_gc2000_rp0.02_mr3E-4_ss100.fa	long_content_30k_003	273	29902
long_content_30k_003/lc30k003_1185_gc2500_rp0.03_mr2E-4_ss200.fa	long_content_30k_003	725	29902
long_content_30k_003/lc30k003_1186_gc2000_rp0.02_mr3E-4_ss200.fa	long_content_30k_003	171	29902
long_content_30k_003/lc30k003_1187_gc2500_rp0.01_mr2E-4_ss100.fa	long_content_30k_003	10	29902
long_content_30k_003/lc30k003_1188_gc2500_rp0.03_mr5E-4_ss100.fa	long_content_30k_003	250	29902
long_content_30k_003/lc30k003_1189_gc2500_rp0.02_mr2E-4_ss100.fa	long_content_30k_003	21	29902
long_content_30k_003/lc30k003_118_gc2500_rp0.02_mr5E-4_ss100.fa	long_content_30k_003	325	29902
long_content_30k_003/lc30k003_1190_gc2500_rp0.02_mr3E-4_ss100.fa	long_content_30k_003	53	28995
long_content_30k_003/lc30k003_1191_gc2000_rp0.03_mr3E-4_ss100.fa	long_content_30k_003	96	29902
long_content_30k_003/lc30k003_1192_gc2500_rp0.02_mr3E-4_ss200.fa	long_content_30k_003	1232	29902
long_content_30k_003/lc30k003_1193_gc2500_rp0.03_mr2E-4_ss100.fa	long_content_30k_003	1341	29902
long_content_30k_003/lc30k003_1194_gc2500_rp0.01_mr2E-4_ss200.fa	long_content_30k_003	337	29902
long_content_30k_003/lc30k003_1195_gc2000_rp0.01_mr2E-4_ss100.fa	long_content_30k_003	72	14970
long_content_30k_003/lc30k003_1196_gc2000_rp0.02_mr5E-4_ss100.fa	long_content_30k_003	447	29902
long_content_30k_003/lc30k003_1197_gc2000_rp0.03_mr5E-4_ss200.fa	long_content_30k_003	410	29902
long_content_30k_003/lc30k003_1198_gc2500_rp0.02_mr5E-4_ss100.fa	long_content_30k_003	424	29902
long_content_30k_003/lc30k003_1199_gc2500_rp0.01_mr5E-4_ss200.fa	long_content_30k_003	522	29902
long_content_30k_003/lc30k003_119_gc2500_rp0.01_mr5E-4_ss200.fa	long_content_30k_003	176	29902
long_content_30k_003/lc30k003_1200_gc2000_rp0.01_mr5E-4_ss100.fa	long_content_30k_003	53	26211
long_content_30k_003/lc30k003_1202_gc2500_rp0.03_mr3E-4_ss100.fa	long_content_30k_003	401	29902
long_content_30k_003/lc30k003_1203_gc2000_rp0.03_mr2E-4_ss100.fa	long_content_30k_003	480	29902
long_content_30k_003/lc30k003_1204_gc2500_rp0.01_mr3E-4_ss100.fa	long_content_30k_003	37	29902
long_content_30k_003/lc30k003_1205_gc2000_rp0.03_mr3E-4_ss200.fa	long_content_30k_003	66	29902
long_content_30k_003/lc30k003_1206_gc2000_rp0.01_mr5E-4_ss200.fa	long_content_30k_003	165	29902
long_content_30k_003/lc30k003_1207_gc2000_rp0.02_mr2E-4_ss100.fa	long_content_30k_003	145	29902
long_content_30k_003/lc30k003_1208_gc2000_rp0.03_mr5E-4_ss100.fa	long_content_30k_003	1146	29902
long_content_30k_003/lc30k003_1209_gc2500_rp0.01_mr3E-4_ss200.fa	long_content_30k_003	227	29902
long_content_30k_003/lc30k003_120_gc2000_rp0.01_mr5E-4_ss100.fa	long_content_30k_003	168	29902
long_content_30k_003/lc30k003_1210_gc2500_rp0.02_mr2E-4_ss200.fa	long_content_30k_003	342	29902
long_content_30k_003/lc30k003_1211_gc2500_rp0.01_mr5E-4_ss100.fa	long_content_30k_003	24	8511
long_content_30k_003/lc30k003_1212_gc2500_rp0.03_mr3E-4_ss200.fa	long_content_30k_003	1431	29902
long_content_30k_003/lc30k003_1213_gc2000_rp0.01_mr3E-4_ss100.fa	long_content_30k_003	53	29902
long_content_30k_003/lc30k003_1214_gc2000_rp0.01_mr3E-4_ss200.fa	long_content_30k_003	324	29902
long_content_30k_003/lc30k003_1215_gc2000_rp0.02_mr2E-4_ss200.fa	long_content_30k_003	205	29902
long_content_30k_003/lc30k003_1216_gc2500_rp0.02_mr5E-4_ss200.fa	long_content_30k_003	443	29902
long_content_30k_003/lc30k003_1217_gc2500_rp0.03_mr5E-4_ss200.fa	long_content_30k_003	1118	29902
long_content_30k_003/lc30k003_1218_gc2000_rp0.02_mr5E-4_ss200.fa	long_content_30k_003	236	29902
long_content_30k_003/lc30k003_1219_gc2000_rp0.03_mr2E-4_ss200.fa	long_content_30k_003	1578	29902
long_content_30k_003/lc30k003_121_gc2000_rp0.01_mr2E-4_ss200.fa	long_content_30k_003	1398	29902
long_content_30k_003/lc30k003_1220_gc2000_rp0.02_mr3E-4_ss100.fa	long_content_30k_003	330	29902
long_content_30k_003/lc30k003_1221_gc2500_rp0.03_mr2E-4_ss200.fa	long_content_30k_003	963	29902
long_content_30k_003/lc30k003_1222_gc2000_rp0.02_mr3E-4_ss200.fa	long_content_30k_003	642	29902
long_content_30k_003/lc30k003_1223_gc2500_rp0.01_mr2E-4_ss100.fa	long_content_30k_003	23	29902
long_content_30k_003/lc30k003_1224_gc2500_rp0.03_mr5E-4_ss100.fa	long_content_30k_003	30	29902
long_content_30k_003/lc30k003_1225_gc2500_rp0.02_mr2E-4_ss100.fa	long_content_30k_003	300	29902
long_content_30k_003/lc30k003_1226_gc2500_rp0.02_mr3E-4_ss100.fa	long_content_30k_003	52	29902
long_content_30k_003/lc30k003_1227_gc2000_rp0.03_mr3E-4_ss100.fa	long_content_30k_003	231	29902
long_content_30k_003/lc30k003_1228_gc2500_rp0.02_mr3E-4_ss200.fa	long_content_30k_003	552	29902
long_content_30k_003/lc30k003_1229_gc2500_rp0.03_mr2E-4_ss100.fa	long_content_30k_003	412	29902
long_content_30k_003/lc30k003_122_gc2500_rp0.03_mr3E-4_ss100.fa	long_content_30k_003	101	29902
long_content_30k_003/lc30k003_1230_gc2500_rp0.01_mr2E-4_ss200.fa	long_content_30k_003	571	23496
long_content_30k_003/lc30k003_1231_gc2000_rp0.01_mr2E-4_ss100.fa	long_content_30k_003	26	29902
long_content_30k_003/lc30k003_1232_gc2000_rp0.02_mr5E-4_ss100.fa	long_content_30k_003	766	29902
long_content_30k_003/lc30k003_1233_gc2000_rp0.03_mr5E-4_ss200.fa	long_content_30k_003	1118	29902
long_content_30k_003/lc30k003_1234_gc2500_rp0.02_mr5E-4_ss100.fa	long_content_30k_003	78	29902
long_content_30k_003/lc30k003_1235_gc2500_rp0.01_mr5E-4_ss200.fa	long_content_30k_003	476	29902
long_content_30k_003/lc30k003_1236_gc2000_rp0.01_mr5E-4_ss100.fa	long_content_30k_003	116	29902
long_content_30k_003/lc30k003_1237_gc2000_rp0.01_mr2E-4_ss200.fa	long_content_30k_003	250	29902
long_content_30k_003/lc30k003_1238_gc2500_rp0.03_mr3E-4_ss100.fa	long_content_30k_003	615	29902
long_content_30k_003/lc30k003_1239_gc2000_rp0.03_mr2E-4_ss100.fa	long_content_30k_003	289	29902
long_content_30k_003/lc30k003_123_gc2000_rp0.03_mr2E-4_ss100.fa	long_content_30k_003	115	29902
long_content_30k_003/lc30k003_1240_gc2500_rp0.01_mr3E-4_ss100.fa	long_content_30k_003	221	29902
long_content_30k_003/lc30k003_1241_gc2000_rp0.03_mr3E-4_ss200.fa	long_content_30k_003	1003	29902
long_content_30k_003/lc30k003_1242_gc2000_rp0.01_mr5E-4_ss200.fa	long_content_30k_003	338	29902
long_content_30k_003/lc30k003_1243_gc2000_rp0.02_mr2E-4_ss100.fa	long_content_30k_003	228	29781
long_content_30k_003/lc30k003_1244_gc2000_rp0.03_mr5E-4_ss100.fa	long_content_30k_003	210	29902
long_content_30k_003/lc30k003_1245_gc2500_rp0.01_mr3E-4_ss200.fa	long_content_30k_003	526	29902
long_content_30k_003/lc30k003_1246_gc2500_rp0.02_mr2E-4_ss200.fa	long_content_30k_003	78	29902
long_content_30k_003/lc30k003_1247_gc2500_rp0.01_mr5E-4_ss100.fa	long_content_30k_003	17	29902
long_content_30k_003/lc30k003_1248_gc2500_rp0.03_mr3E-4_ss200.fa	long_content_30k_003	1406	29902
long_content_30k_003/lc30k003_1249_gc2000_rp0.01_mr3E-4_ss100.fa	long_content_30k_003	216	29902
long_content_30k_003/lc30k003_124_gc2500_rp0.01_mr3E-4_ss100.fa	long_content_30k_003	16	29902
long_content_30k_003/lc30k003_1250_gc2000_rp0.01_mr3E-4_ss200.fa	long_content_30k_003	265	29902
long_content_30k_003/lc30k003_1251_gc2000_rp0.02_mr2E-4_ss200.fa	long_content_30k_003	305	29902
long_content_30k_003/lc30k003_1252_gc2500_rp0.02_mr5E-4_ss200.fa	long_content_30k_003	886	29902
long_content_30k_003/lc30k003_1253_gc2500_rp0.03_mr5E-4_ss200.fa	long_content_30k_003	1186	29902
long_content_30k_003/lc30k003_1254_gc2000_rp0.02_mr5E-4_ss200.fa	long_content_30k_003	145	29902
long_content_30k_003/lc30k003_1255_gc2000_rp0.03_mr2E-4_ss200.fa	long_content_30k_003	1318	29902
long_content_30k_003/lc30k003_1256_gc2000_rp0.02_mr3E-4_ss100.fa	long_content_30k_003	95	29902
long_content_30k_003/lc30k003_1257_gc2500_rp0.03_mr2E-4_ss200.fa	long_content_30k_003	831	29902
long_content_30k_003/lc30k003_1258_gc2000_rp0.02_mr3E-4_ss200.fa	long_content_30k_003	508	29902
long_content_30k_003/lc30k003_1259_gc2500_rp0.01_mr2E-4_ss100.fa	long_content_30k_003	43	29376
long_content_30k_003/lc30k003_125_gc2000_rp0.03_mr3E-4_ss200.fa	long_content_30k_003	887	29902
long_content_30k_003/lc30k003_1260_gc2500_rp0.03_mr5E-4_ss100.fa	long_content_30k_003	1209	29902
long_content_30k_003/lc30k003_1261_gc2500_rp0.02_mr2E-4_ss100.fa	long_content_30k_003	659	29902
long_content_30k_003/lc30k003_1262_gc2500_rp0.02_mr3E-4_ss100.fa	long_content_30k_003	316	29902
long_content_30k_003/lc30k003_1263_gc2000_rp0.03_mr3E-4_ss100.fa	long_content_30k_003	1507	29902
long_content_30k_003/lc30k003_1264_gc2500_rp0.02_mr3E-4_ss200.fa	long_content_30k_003	600	29902
long_content_30k_003/lc30k003_1265_gc2500_rp0.03_mr2E-4_ss100.fa	long_content_30k_003	800	29902
long_content_30k_003/lc30k003_1266_gc2500_rp0.01_mr2E-4_ss200.fa	long_content_30k_003	34	29902
long_content_30k_003/lc30k003_1267_gc2000_rp0.01_mr2E-4_ss100.fa	long_content_30k_003	120	29902
long_content_30k_003/lc30k003_1268_gc2000_rp0.02_mr5E-4_ss100.fa	long_content_30k_003	500	29902
long_content_30k_003/lc30k003_1269_gc2000_rp0.03_mr5E-4_ss200.fa	long_content_30k_003	1718	29902
long_content_30k_003/lc30k003_126_gc2000_rp0.01_mr5E-4_ss200.fa	long_content_30k_003	275	29902
long_content_30k_003/lc30k003_1270_gc2500_rp0.02_mr5E-4_ss100.fa	long_content_30k_003	284	29902
long_content_30k_003/lc30k003_1271_gc2500_rp0.01_mr5E-4_ss200.fa	long_content_30k_003	117	29902
long_content_30k_003/lc30k003_1272_gc2000_rp0.01_mr5E-4_ss100.fa	long_content_30k_003	26	29902
long_content_30k_003/lc30k003_1273_gc2000_rp0.01_mr2E-4_ss200.fa	long_content_30k_003	654	29902
long_content_30k_003/lc30k003_1274_gc2500_rp0.03_mr3E-4_ss100.fa	long_content_30k_003	193	29902
long_content_30k_003/lc30k003_1275_gc2000_rp0.03_mr2E-4_ss100.fa	long_content_30k_003	501	29902
long_content_30k_003/lc30k003_1276_gc2500_rp0.01_mr3E-4_ss100.fa	long_content_30k_003	47	29902
long_content_30k_003/lc30k003_1277_gc2000_rp0.03_mr3E-4_ss200.fa	long_content_30k_003	591	29902
long_content_30k_003/lc30k003_1278_gc2000_rp0.01_mr5E-4_ss200.fa	long_content_30k_003	29	19770
long_content_30k_003/lc30k003_1279_gc2000_rp0.02_mr2E-4_ss100.fa	long_content_30k_003	523	29902
long_content_30k_003/lc30k003_127_gc2000_rp0.02_mr2E-4_ss100.fa	long_content_30k_003	515	29902
long_content_30k_003/lc30k003_1280_gc2000_rp0.03_mr5E-4_ss100.fa	long_content_30k_003	633	29902
long_content_30k_003/lc30k003_1281_gc2500_rp0.01_mr3E-4_ss200.fa	long_content_30k_003	197	20958
long_content_30k_003/lc30k003_1282_gc2500_rp0.02_mr2E-4_ss200.fa	long_content_30k_003	645	29902
long_content_30k_003/lc30k003_1283_gc2500_rp0.01_mr5E-4_ss100.fa	long_content_30k_003	353	29902
long_content_30k_003/lc30k003_1284_gc2500_rp0.03_mr3E-4_ss200.fa	long_content_30k_003	249	29902
long_content_30k_003/lc30k003_1285_gc2000_rp0.01_mr3E-4_ss100.fa	long_content_30k_003	202	28944
long_content_30k_003/lc30k003_1286_gc2000_rp0.01_mr3E-4_ss200.fa	long_content_30k_003	204	29902
long_content_30k_003/lc30k003_1287_gc2000_rp0.02_mr2E-4_ss200.fa	long_content_30k_003	170	29902
long_content_30k_003/lc30k003_1288_gc2500_rp0.02_mr5E-4_ss200.fa	long_content_30k_003	647	29902
long_content_30k_003/lc30k003_1289_gc2500_rp0.03_mr5E-4_ss200.fa	long_content_30k_003	768	29902
long_content_30k_003/lc30k003_128_gc2000_rp0.03_mr5E-4_ss100.fa	long_content_30k_003	375	29902
long_content_30k_003/lc30k003_1290_gc2000_rp0.02_mr5E-4_ss200.fa	long_content_30k_003	793	29902
long_content_30k_003/lc30k003_1291_gc2000_rp0.03_mr2E-4_ss200.fa	long_content_30k_003	561	29902
long_content_30k_003/lc30k003_1292_gc2000_rp0.02_mr3E-4_ss100.fa	long_content_30k_003	380	29902
long_content_30k_003/lc30k003_1293_gc2500_rp0.03_mr2E-4_ss200.fa	long_content_30k_003	941	29902
long_content_30k_003/lc30k003_1294_gc2000_rp0.02_mr3E-4_ss200.fa	long_content_30k_003	42	29902
long_content_30k_003/lc30k003_1295_gc2500_rp0.01_mr2E-4_ss100.fa	long_content_30k_003	23	29902
long_content_30k_003/lc30k003_1296_gc2500_rp0.03_mr5E-4_ss100.fa	long_content_30k_003	412	29902
long_content_30k_003/lc30k003_1297_gc2500_rp0.02_mr2E-4_ss100.fa	long_content_30k_003	96	29902
long_content_30k_003/lc30k003_1298_gc2500_rp0.02_mr3E-4_ss100.fa	long_content_30k_003	32	29902
long_content_30k_003/lc30k003_1299_gc2000_rp0.03_mr3E-4_ss100.fa	long_content_30k_003	404	29902
long_content_30k_003/lc30k003_129_gc2500_rp0.01_mr3E-4_ss200.fa	long_content_30k_003	275	29902
long_content_30k_003/lc30k003_1300_gc2500_rp0.02_mr3E-4_ss200.fa	long_content_30k_003	1101	29902
long_content_30k_003/lc30k003_1301_gc2500_rp0.03_mr2E-4_ss100.fa	long_content_30k_003	156	29902
long_content_30k_003/lc30k003_1302_gc2500_rp0.01_mr2E-4_ss200.fa	long_content_30k_003	109	29902
long_content_30k_003/lc30k003_1303_gc2000_rp0.01_mr2E-4_ss100.fa	long_content_30k_003	7	14919
long_content_30k_003/lc30k003_1304_gc2000_rp0.02_mr5E-4_ss100.fa	long_content_30k_003	1919	29902
long_content_30k_003/lc30k003_1305_gc2000_rp0.03_mr5E-4_ss200.fa	long_content_30k_003	2028	29902
long_content_30k_003/lc30k003_1306_gc2500_rp0.02_mr5E-4_ss100.fa	long_content_30k_003	92	29902
long_content_30k_003/lc30k003_1307_gc2500_rp0.01_mr5E-4_ss200.fa	long_content_30k_003	249	29902
long_content_30k_003/lc30k003_1308_gc2000_rp0.01_mr5E-4_ss100.fa	long_content_30k_003	68	29902
long_content_30k_003/lc30k003_1309_gc2000_rp0.01_mr2E-4_ss200.fa	long_content_30k_003	627	29902
long_content_30k_003/lc30k003_130_gc2500_rp0.02_mr2E-4_ss200.fa	long_content_30k_003	518	29902
long_content_30k_003/lc30k003_1310_gc2500_rp0.03_mr3E-4_ss100.fa	long_content_30k_003	93	29902
long_content_30k_003/lc30k003_1311_gc2000_rp0.03_mr2E-4_ss100.fa	long_content_30k_003	1111	29902
long_content_30k_003/lc30k003_1312_gc2500_rp0.01_mr3E-4_ss100.fa	long_content_30k_003	45	23697
long_content_30k_003/lc30k003_1313_gc2000_rp0.03_mr3E-4_ss200.fa	long_content_30k_003	650	29902
long_content_30k_003/lc30k003_1314_gc2000_rp0.01_mr5E-4_ss200.fa	long_content_30k_003	167	29769
long_content_30k_003/lc30k003_1315_gc2000_rp0.02_mr2E-4_ss100.fa	long_content_30k_003	265	29902
long_content_30k_003/lc30k003_1316_gc2000_rp0.03_mr5E-4_ss100.fa	long_content_30k_003	1543	29902
long_content_30k_003/lc30k003_1317_gc2500_rp0.01_mr3E-4_ss200.fa	long_content_30k_003	115	12831
long_content_30k_003/lc30k003_1318_gc2500_rp0.02_mr2E-4_ss200.fa	long_content_30k_003	221	29902
long_content_30k_003/lc30k003_1319_gc2500_rp0.01_mr5E-4_ss100.fa	long_content_30k_003	17	29902
long_content_30k_003/lc30k003_131_gc2500_rp0.01_mr5E-4_ss100.fa	long_content_30k_003	162	29902
long_content_30k_003/lc30k003_1320_gc2500_rp0.03_mr3E-4_ss200.fa	long_content_30k_003	2947	29902
long_content_30k_003/lc30k003_1321_gc2000_rp0.01_mr3E-4_ss100.fa	long_content_30k_003	47	29902
long_content_30k_003/lc30k003_1322_gc2000_rp0.01_mr3E-4_ss200.fa	long_content_30k_003	125	29902
long_content_30k_003/lc30k003_1323_gc2000_rp0.02_mr2E-4_ss200.fa	long_content_30k_003	340	29902
long_content_30k_003/lc30k003_1324_gc2500_rp0.02_mr5E-4_ss200.fa	long_content_30k_003	231	29902
long_content_30k_003/lc30k003_1325_gc2500_rp0.03_mr5E-4_ss200.fa	long_content_30k_003	1110	29902
long_content_30k_003/lc30k003_1326_gc2000_rp0.02_mr5E-4_ss200.fa	long_content_30k_003	419	29902
long_content_30k_003/lc30k003_1327_gc2000_rp0.03_mr2E-4_ss200.fa	long_content_30k_003	1192	29902
long_content_30k_003/lc30k003_1328_gc2000_rp0.02_mr3E-4_ss100.fa	long_content_30k_003	61	29902
long_content_30k_003/lc30k003_1329_gc2500_rp0.03_mr2E-4_ss200.fa	long_content_30k_003	1952	29902
long_content_30k_003/lc30k003_132_gc2500_rp0.03_mr3E-4_ss200.fa	long_content_30k_003	1299	29902
long_content_30k_003/lc30k003_1330_gc2000_rp0.02_mr3E-4_ss200.fa	long_content_30k_003	313	29902
long_content_30k_003/lc30k003_1331_gc2500_rp0.01_mr2E-4_ss100.fa	long_content_30k_003	1	14730
long_content_30k_003/lc30k003_1332_gc2500_rp0.03_mr5E-4_ss100.fa	long_content_30k_003	264	29902
long_content_30k_003/lc30k003_1333_gc2500_rp0.02_mr2E-4_ss100.fa	long_content_30k_003	291	29902
long_content_30k_003/lc30k003_1334_gc2500_rp0.02_mr3E-4_ss100.fa	long_content_30k_003	109	29902
long_content_30k_003/lc30k003_1335_gc2000_rp0.03_mr3E-4_ss100.fa	long_content_30k_003	290	29902
long_content_30k_003/lc30k003_1336_gc2500_rp0.02_mr3E-4_ss200.fa	long_content_30k_003	604	29902
long_content_30k_003/lc30k003_1337_gc2500_rp0.03_mr2E-4_ss100.fa	long_content_30k_003	233	29902
long_content_30k_003/lc30k003_1338_gc2500_rp0.01_mr2E-4_ss200.fa	long_content_30k_003	109	21321
long_content_30k_003/lc30k003_1339_gc2000_rp0.01_mr2E-4_ss100.fa	long_content_30k_003	181	29902
long_content_30k_003/lc30k003_133_gc2000_rp0.01_mr3E-4_ss100.fa	long_content_30k_003	91	27768
long_content_30k_003/lc30k003_1340_gc2000_rp0.02_mr5E-4_ss100.fa	long_content_30k_003	731	29902
long_content_30k_003/lc30k003_1341_gc2000_rp0.03_mr5E-4_ss200.fa	long_content_30k_003	1207	29902
long_content_30k_003/lc30k003_1342_gc2500_rp0.02_mr5E-4_ss100.fa	long_content_30k_003	279	29902
long_content_30k_003/lc30k003_1343_gc2500_rp0.01_mr5E-4_ss200.fa	long_content_30k_003	19	26265
long_content_30k_003/lc30k003_1344_gc2000_rp0.01_mr5E-4_ss100.fa	long_content_30k_003	160	29902
long_content_30k_003/lc30k003_1345_gc2000_rp0.01_mr2E-4_ss200.fa	long_content_30k_003	244	29902
long_content_30k_003/lc30k003_1346_gc2500_rp0.03_mr3E-4_ss100.fa	long_content_30k_003	556	29902
long_content_30k_003/lc30k003_1347_gc2000_rp0.03_mr2E-4_ss100.fa	long_content_30k_003	118	29902
long_content_30k_003/lc30k003_1348_gc2500_rp0.01_mr3E-4_ss100.fa	long_content_30k_003	14	21216
long_content_30k_003/lc30k003_1349_gc2000_rp0.03_mr3E-4_ss200.fa	long_content_30k_003	28	29902
long_content_30k_003/lc30k003_134_gc2000_rp0.01_mr3E-4_ss200.fa	long_content_30k_003	145	29902
long_content_30k_003/lc30k003_1350_gc2000_rp0.01_mr5E-4_ss200.fa	long_content_30k_003	201	29902
long_content_30k_003/lc30k003_1351_gc2000_rp0.02_mr2E-4_ss100.fa	long_content_30k_003	158	27696
long_content_30k_003/lc30k003_1352_gc2000_rp0.03_mr5E-4_ss100.fa	long_content_30k_003	150	29902
long_content_30k_003/lc30k003_1353_gc2500_rp0.01_mr3E-4_ss200.fa	long_content_30k_003	133	29902
long_content_30k_003/lc30k003_1354_gc2500_rp0.02_mr2E-4_ss200.fa	long_content_30k_003	1239	29902
long_content_30k_003/lc30k003_1355_gc2500_rp0.01_mr5E-4_ss100.fa	long_content_30k_003	97	29902
long_content_30k_003/lc30k003_1356_gc2500_rp0.03_mr3E-4_ss200.fa	long_content_30k_003	576	29902
long_content_30k_003/lc30k003_1357_gc2000_rp0.01_mr3E-4_ss100.fa	long_content_30k_003	116	29902
long_content_30k_003/lc30k003_1358_gc2000_rp0.01_mr3E-4_ss200.fa	long_content_30k_003	613	27441
long_content_30k_003/lc30k003_1359_gc2000_rp0.02_mr2E-4_ss200.fa	long_content_30k_003	271	29902
long_content_30k_003/lc30k003_135_gc2000_rp0.02_mr2E-4_ss200.fa	long_content_30k_003	326	29902
long_content_30k_003/lc30k003_1360_gc2500_rp0.02_mr5E-4_ss200.fa	long_content_30k_003	1456	29902
long_content_30k_003/lc30k003_1361_gc2500_rp0.03_mr5E-4_ss200.fa	long_content_30k_003	918	29902
long_content_30k_003/lc30k003_1362_gc2000_rp0.02_mr5E-4_ss200.fa	long_content_30k_003	799	29902
long_content_30k_003/lc30k003_1363_gc2000_rp0.03_mr2E-4_ss200.fa	long_content_30k_003	808	29902
long_content_30k_003/lc30k003_1364_gc2000_rp0.02_mr3E-4_ss100.fa	long_content_30k_003	228	29902
long_content_30k_003/lc30k003_1365_gc2500_rp0.03_mr2E-4_ss200.fa	long_content_30k_003	1507	29902
long_content_30k_003/lc30k003_1366_gc2000_rp0.02_mr3E-4_ss200.fa	long_content_30k_003	1414	29902
long_content_30k_003/lc30k003_1367_gc2500_rp0.01_mr2E-4_ss100.fa	long_content_30k_003	7	29902
long_content_30k_003/lc30k003_1368_gc2500_rp0.03_mr5E-4_ss100.fa	long_content_30k_003	2588	29902
long_content_30k_003/lc30k003_1369_gc2500_rp0.02_mr2E-4_ss100.fa	long_content_30k_003	50	29902
long_content_30k_003/lc30k003_136_gc2500_rp0.02_mr5E-4_ss200.fa	long_content_30k_003	1245	29902
long_content_30k_003/lc30k003_1370_gc2500_rp0.02_mr3E-4_ss100.fa	long_content_30k_003	471	29902
long_content_30k_003/lc30k003_1371_gc2000_rp0.03_mr3E-4_ss100.fa	long_content_30k_003	182	29902
long_content_30k_003/lc30k003_1372_gc2500_rp0.02_mr3E-4_ss200.fa	long_content_30k_003	645	29902
long_content_30k_003/lc30k003_1373_gc2500_rp0.03_mr2E-4_ss100.fa	long_content_30k_003	211	29902
long_content_30k_003/lc30k003_1374_gc2500_rp0.01_mr2E-4_ss200.fa	long_content_30k_003	264	29902
long_content_30k_003/lc30k003_1375_gc2000_rp0.01_mr2E-4_ss100.fa	long_content_30k_003	8	29902
long_content_30k_003/lc30k003_1376_gc2000_rp0.02_mr5E-4_ss100.fa	long_content_30k_003	86	29902
long_content_30k_003/lc30k003_1377_gc2000_rp0.03_mr5E-4_ss200.fa	long_content_30k_003	669	29902
long_content_30k_003/lc30k003_1378_gc2500_rp0.02_mr5E-4_ss100.fa	long_content_30k_003	305	29902
long_content_30k_003/lc30k003_1379_gc2500_rp0.01_mr5E-4_ss200.fa	long_content_30k_003	328	29902
long_content_30k_003/lc30k003_137_gc2500_rp0.03_mr5E-4_ss200.fa	long_content_30k_003	2333	29902
long_content_30k_003/lc30k003_1380_gc2000_rp0.01_mr5E-4_ss100.fa	long_content_30k_003	45	20022
long_content_30k_003/lc30k003_1381_gc2000_rp0.01_mr2E-4_ss200.fa	long_content_30k_003	493	29902
long_content_30k_003/lc30k003_1382_gc2500_rp0.03_mr3E-4_ss100.fa	long_content_30k_003	410	29902
long_content_30k_003/lc30k003_1383_gc2000_rp0.03_mr2E-4_ss100.fa	long_content_30k_003	349	29902
long_content_30k_003/lc30k003_1384_gc2500_rp0.01_mr3E-4_ss100.fa	long_content_30k_003	2	29902
long_content_30k_003/lc30k003_1385_gc2000_rp0.03_mr3E-4_ss200.fa	long_content_30k_003	773	29902
long_content_30k_003/lc30k003_1386_gc2000_rp0.01_mr5E-4_ss200.fa	long_content_30k_003	501	29902
long_content_30k_003/lc30k003_1387_gc2000_rp0.02_mr2E-4_ss100.fa	long_content_30k_003	6	29902
long_content_30k_003/lc30k003_1388_gc2000_rp0.03_mr5E-4_ss100.fa	long_content_30k_003	389	29902
long_content_30k_003/lc30k003_1389_gc2500_rp0.01_mr3E-4_ss200.fa	long_content_30k_003	355	29902
long_content_30k_003/lc30k003_138_gc2000_rp0.02_mr5E-4_ss200.fa	long_content_30k_003	368	29902
long_content_30k_003/lc30k003_1390_gc2500_rp0.02_mr2E-4_ss200.fa	long_content_30k_003	711	29902
long_content_30k_003/lc30k003_1391_gc2500_rp0.01_mr5E-4_ss100.fa	long_content_30k_003	134	29902
long_content_30k_003/lc30k003_1392_gc2500_rp0.03_mr3E-4_ss200.fa	long_content_30k_003	430	29902
long_content_30k_003/lc30k003_1393_gc2000_rp0.01_mr3E-4_ss100.fa	long_content_30k_003	280	28446
long_content_30k_003/lc30k003_1394_gc2000_rp0.01_mr3E-4_ss200.fa	long_content_30k_003	70	29902
long_content_30k_003/lc30k003_1395_gc2000_rp0.02_mr2E-4_ss200.fa	long_content_30k_003	105	29902
long_content_30k_003/lc30k003_1396_gc2500_rp0.02_mr5E-4_ss200.fa	long_content_30k_003	187	29902
long_content_30k_003/lc30k003_1397_gc2500_rp0.03_mr5E-4_ss200.fa	long_content_30k_003	2317	29902
long_content_30k_003/lc30k003_1398_gc2000_rp0.02_mr5E-4_ss200.fa	long_content_30k_003	1081	29902
long_content_30k_003/lc30k003_1399_gc2000_rp0.03_mr2E-4_ss200.fa	long_content_30k_003	494	29902
long_content_30k_003/lc30k003_139_gc2000_rp0.03_mr2E-4_ss200.fa	long_content_30k_003	325	29902
long_content_30k_003/lc30k003_1400_gc2000_rp0.02_mr3E-4_ss100.fa	long_content_30k_003	32	29902
long_content_30k_003/lc30k003_1401_gc2500_rp0.03_mr2E-4_ss200.fa	long_content_30k_003	946	29902
long_content_30k_003/lc30k003_1402_gc2000_rp0.02_mr3E-4_ss200.fa	long_content_30k_003	1694	29902
long_content_30k_003/lc30k003_1403_gc2500_rp0.01_mr2E-4_ss100.fa	long_content_30k_003	20	23118
long_content_30k_003/lc30k003_1404_gc2500_rp0.03_mr5E-4_ss100.fa	long_content_30k_003	413	29902
long_content_30k_003/lc30k003_1405_gc2500_rp0.02_mr2E-4_ss100.fa	long_content_30k_003	709	29902
long_content_30k_003/lc30k003_1406_gc2500_rp0.02_mr3E-4_ss100.fa	long_content_30k_003	202	28926
long_content_30k_003/lc30k003_1407_gc2000_rp0.03_mr3E-4_ss100.fa	long_content_30k_003	183	29902
long_content_30k_003/lc30k003_1408_gc2500_rp0.02_mr3E-4_ss200.fa	long_content_30k_003	222	29902
long_content_30k_003/lc30k003_1409_gc2500_rp0.03_mr2E-4_ss100.fa	long_content_30k_003	157	29902
long_content_30k_003/lc30k003_140_gc2000_rp0.02_mr3E-4_ss100.fa	long_content_30k_003	51	16410
long_content_30k_003/lc30k003_1410_gc2500_rp0.01_mr2E-4_ss200.fa	long_content_30k_003	50	29902
long_content_30k_003/lc30k003_1411_gc2000_rp0.01_mr2E-4_ss100.fa	long_content_30k_003	78	22410
long_content_30k_003/lc30k003_1412_gc2000_rp0.02_mr5E-4_ss100.fa	long_content_30k_003	454	29902
long_content_30k_003/lc30k003_1413_gc2000_rp0.03_mr5E-4_ss200.fa	long_content_30k_003	412	23562
long_content_30k_003/lc30k003_1414_gc2500_rp0.02_mr5E-4_ss100.fa	long_content_30k_003	134	29902
long_content_30k_003/lc30k003_1415_gc2500_rp0.01_mr5E-4_ss200.fa	long_content_30k_003	396	29902
long_content_30k_003/lc30k003_1416_gc2000_rp0.01_mr5E-4_ss100.fa	long_content_30k_003	201	29902
long_content_30k_003/lc30k003_1417_gc2000_rp0.01_mr2E-4_ss200.fa	long_content_30k_003	26	29902
long_content_30k_003/lc30k003_1418_gc2500_rp0.03_mr3E-4_ss100.fa	long_content_30k_003	934	29902
long_content_30k_003/lc30k003_1419_gc2000_rp0.03_mr2E-4_ss100.fa	long_content_30k_003	228	29902
long_content_30k_003/lc30k003_141_gc2500_rp0.03_mr2E-4_ss200.fa	long_content_30k_003	336	29902
long_content_30k_003/lc30k003_1420_gc2500_rp0.01_mr3E-4_ss100.fa	long_content_30k_003	195	29902
long_content_30k_003/lc30k003_1421_gc2000_rp0.03_mr3E-4_ss200.fa	long_content_30k_003	228	29902
long_content_30k_003/lc30k003_1422_gc2000_rp0.01_mr5E-4_ss200.fa	long_content_30k_003	44	29902
long_content_30k_003/lc30k003_1423_gc2000_rp0.02_mr2E-4_ss100.fa	long_content_30k_003	181	29718
long_content_30k_003/lc30k003_1424_gc2000_rp0.03_mr5E-4_ss100.fa	long_content_30k_003	695	29902
long_content_30k_003/lc30k003_1425_gc2500_rp0.01_mr3E-4_ss200.fa	long_content_30k_003	186	21009
long_content_30k_003/lc30k003_1426_gc2500_rp0.02_mr2E-4_ss200.fa	long_content_30k_003	672	29902
long_content_30k_003/lc30k003_1427_gc2500_rp0.01_mr5E-4_ss100.fa	long_content_30k_003	18	29902
long_content_30k_003/lc30k003_1428_gc2500_rp0.03_mr3E-4_ss200.fa	long_content_30k_003	1853	29902
long_content_30k_003/lc30k003_1429_gc2000_rp0.01_mr3E-4_ss100.fa	long_content_30k_003	265	29902
long_content_30k_003/lc30k003_142_gc2000_rp0.02_mr3E-4_ss200.fa	long_content_30k_003	222	29902
long_content_30k_003/lc30k003_1430_gc2000_rp0.01_mr3E-4_ss200.fa	long_content_30k_003	348	29902
long_content_30k_003/lc30k003_1431_gc2000_rp0.02_mr2E-4_ss200.fa	long_content_30k_003	560	29902
long_content_30k_003/lc30k003_1432_gc2500_rp0.02_mr5E-4_ss200.fa	long_content_30k_003	23	29902
long_content_30k_003/lc30k003_1433_gc2500_rp0.03_mr5E-4_ss200.fa	long_content_30k_003	1288	29902
long_content_30k_003/lc30k003_1434_gc2000_rp0.02_mr5E-4_ss200.fa	long_content_30k_003	568	29902
long_content_30k_003/lc30k003_1435_gc2000_rp0.03_mr2E-4_ss200.fa	long_content_30k_003	1400	29902
long_content_30k_003/lc30k003_1436_gc2000_rp0.02_mr3E-4_ss100.fa	long_content_30k_003	375	29902
long_content_30k_003/lc30k003_1437_gc2500_rp0.03_mr2E-4_ss200.fa	long_content_30k_003	1754	29902
long_content_30k_003/lc30k003_1438_gc2000_rp0.02_mr3E-4_ss200.fa	long_content_30k_003	582	29902
long_content_30k_003/lc30k003_1439_gc2500_rp0.01_mr2E-4_ss100.fa	long_content_30k_003	24	25392
long_content_30k_003/lc30k003_143_gc2500_rp0.01_mr2E-4_ss100.fa	long_content_30k_003	6	27672
long_content_30k_003/lc30k003_1440_gc2500_rp0.03_mr5E-4_ss100.fa	long_content_30k_003	403	29902
long_content_30k_003/lc30k003_1441_gc2500_rp0.02_mr2E-4_ss100.fa	long_content_30k_003	185	29902
long_content_30k_003/lc30k003_1442_gc2500_rp0.02_mr3E-4_ss100.fa	long_content_30k_003	12	29902
long_content_30k_003/lc30k003_1443_gc2000_rp0.03_mr3E-4_ss100.fa	long_content_30k_003	460	29902
long_content_30k_003/lc30k003_1444_gc2500_rp0.02_mr3E-4_ss200.fa	long_content_30k_003	794	29902
long_content_30k_003/lc30k003_1445_gc2500_rp0.03_mr2E-4_ss100.fa	long_content_30k_003	372	29902
long_content_30k_003/lc30k003_1446_gc2500_rp0.01_mr2E-4_ss200.fa	long_content_30k_003	4	29902
long_content_30k_003/lc30k003_1447_gc2000_rp0.01_mr2E-4_ss100.fa	long_content_30k_003	450	29902
long_content_30k_003/lc30k003_1448_gc2000_rp0.02_mr5E-4_ss100.fa	long_content_30k_003	304	29902
long_content_30k_003/lc30k003_1449_gc2000_rp0.03_mr5E-4_ss200.fa	long_content_30k_003	564	29902
long_content_30k_003/lc30k003_144_gc2500_rp0.03_mr5E-4_ss100.fa	long_content_30k_003	468	29902
long_content_30k_003/lc30k003_1450_gc2500_rp0.02_mr5E-4_ss100.fa	long_content_30k_003	254	29902
long_content_30k_003/lc30k003_1451_gc2500_rp0.01_mr5E-4_ss200.fa	long_content_30k_003	134	28971
long_content_30k_003/lc30k003_1452_gc2000_rp0.01_mr5E-4_ss100.fa	long_content_30k_003	92	29902
long_content_30k_003/lc30k003_1453_gc2000_rp0.01_mr2E-4_ss200.fa	long_content_30k_003	33	9057
long_content_30k_003/lc30k003_1454_gc2500_rp0.03_mr3E-4_ss100.fa	long_content_30k_003	173	29902
long_content_30k_003/lc30k003_1455_gc2000_rp0.03_mr2E-4_ss100.fa	long_content_30k_003	234	29902
long_content_30k_003/lc30k003_1456_gc2500_rp0.01_mr3E-4_ss100.fa	long_content_30k_003	5	22569
long_content_30k_003/lc30k003_1457_gc2000_rp0.03_mr3E-4_ss200.fa	long_content_30k_003	142	29902
long_content_30k_003/lc30k003_1458_gc2000_rp0.01_mr5E-4_ss200.fa	long_content_30k_003	76	27999
long_content_30k_003/lc30k003_1459_gc2000_rp0.02_mr2E-4_ss100.fa	long_content_30k_003	64	29902
long_content_30k_003/lc30k003_145_gc2500_rp0.02_mr2E-4_ss100.fa	long_content_30k_003	478	29902
long_content_30k_003/lc30k003_1460_gc2000_rp0.03_mr5E-4_ss100.fa	long_content_30k_003	633	29902
long_content_30k_003/lc30k003_1461_gc2500_rp0.01_mr3E-4_ss200.fa	long_content_30k_003	754	29902
long_content_30k_003/lc30k003_1462_gc2500_rp0.02_mr2E-4_ss200.fa	long_content_30k_003	332	29902
long_content_30k_003/lc30k003_1463_gc2500_rp0.01_mr5E-4_ss100.fa	long_content_30k_003	264	29902
long_content_30k_003/lc30k003_1464_gc2500_rp0.03_mr3E-4_ss200.fa	long_content_30k_003	1144	29902
long_content_30k_003/lc30k003_1465_gc2000_rp0.01_mr3E-4_ss100.fa	long_content_30k_003	152	29902
long_content_30k_003/lc30k003_1466_gc2000_rp0.01_mr3E-4_ss200.fa	long_content_30k_003	275	29902
long_content_30k_003/lc30k003_1467_gc2000_rp0.02_mr2E-4_ss200.fa	long_content_30k_003	1749	29902
long_content_30k_003/lc30k003_1468_gc2500_rp0.02_mr5E-4_ss200.fa	long_content_30k_003	616	29902
long_content_30k_003/lc30k003_1469_gc2500_rp0.03_mr5E-4_ss200.fa	long_content_30k_003	2024	29902
long_content_30k_003/lc30k003_146_gc2500_rp0.02_mr3E-4_ss100.fa	long_content_30k_003	215	29902
long_content_30k_003/lc30k003_1470_gc2000_rp0.02_mr5E-4_ss200.fa	long_content_30k_003	232	29902
long_content_30k_003/lc30k003_1471_gc2000_rp0.03_mr2E-4_ss200.fa	long_content_30k_003	868	29902
long_content_30k_003/lc30k003_1472_gc2000_rp0.02_mr3E-4_ss100.fa	long_content_30k_003	396	28470
long_content_30k_003/lc30k003_1473_gc2500_rp0.03_mr2E-4_ss200.fa	long_content_30k_003	565	29902
long_content_30k_003/lc30k003_1474_gc2000_rp0.02_mr3E-4_ss200.fa	long_content_30k_003	212	29902
long_content_30k_003/lc30k003_1475_gc2500_rp0.01_mr2E-4_ss100.fa	long_content_30k_003	7	23778
long_content_30k_003/lc30k003_1476_gc2500_rp0.03_mr5E-4_ss100.fa	long_content_30k_003	650	29902
long_content_30k_003/lc30k003_1477_gc2500_rp0.02_mr2E-4_ss100.fa	long_content_30k_003	459	29902
long_content_30k_003/lc30k003_1478_gc2500_rp0.02_mr3E-4_ss100.fa	long_content_30k_003	81	29902
long_content_30k_003/lc30k003_1479_gc2000_rp0.03_mr3E-4_ss100.fa	long_content_30k_003	1476	29902
long_content_30k_003/lc30k003_147_gc2000_rp0.03_mr3E-4_ss100.fa	long_content_30k_003	877	29902
long_content_30k_003/lc30k003_1480_gc2500_rp0.02_mr3E-4_ss200.fa	long_content_30k_003	310	29902
long_content_30k_003/lc30k003_1481_gc2500_rp0.03_mr2E-4_ss100.fa	long_content_30k_003	218	29902
long_content_30k_003/lc30k003_1482_gc2500_rp0.01_mr2E-4_ss200.fa	long_content_30k_003	718	29902
long_content_30k_003/lc30k003_1483_gc2000_rp0.01_mr2E-4_ss100.fa	long_content_30k_003	106	20895
long_content_30k_003/lc30k003_1484_gc2000_rp0.02_mr5E-4_ss100.fa	long_content_30k_003	463	29902
long_content_30k_003/lc30k003_1485_gc2000_rp0.03_mr5E-4_ss200.fa	long_content_30k_003	1441	29902
long_content_30k_003/lc30k003_1486_gc2500_rp0.02_mr5E-4_ss100.fa	long_content_30k_003	245	29902
long_content_30k_003/lc30k003_1487_gc2500_rp0.01_mr5E-4_ss200.fa	long_content_30k_003	607	29902
long_content_30k_003/lc30k003_1488_gc2000_rp0.01_mr5E-4_ss100.fa	long_content_30k_003	114	29902
long_content_30k_003/lc30k003_1489_gc2000_rp0.01_mr2E-4_ss200.fa	long_content_30k_003	81	29902
long_content_30k_003/lc30k003_148_gc2500_rp0.02_mr3E-4_ss200.fa	long_content_30k_003	775	29902
long_content_30k_003/lc30k003_1490_gc2500_rp0.03_mr3E-4_ss100.fa	long_content_30k_003	1014	29902
long_content_30k_003/lc30k003_1491_gc2000_rp0.03_mr2E-4_ss100.fa	long_content_30k_003	917	29902
long_content_30k_003/lc30k003_1492_gc2500_rp0.01_mr3E-4_ss100.fa	long_content_30k_003	49	29902
long_content_30k_003/lc30k003_1493_gc2000_rp0.03_mr3E-4_ss200.fa	long_content_30k_003	1818	29902
long_content_30k_003/lc30k003_1494_gc2000_rp0.01_mr5E-4_ss200.fa	long_content_30k_003	125	29902
long_content_30k_003/lc30k003_1495_gc2000_rp0.02_mr2E-4_ss100.fa	long_content_30k_003	153	24708
long_content_30k_003/lc30k003_1496_gc2000_rp0.03_mr5E-4_ss100.fa	long_content_30k_003	1342	29902
long_content_30k_003/lc30k003_1497_gc2500_rp0.01_mr3E-4_ss200.fa	long_content_30k_003	197	29902
long_content_30k_003/lc30k003_1498_gc2500_rp0.02_mr2E-4_ss200.fa	long_content_30k_003	663	29902
long_content_30k_003/lc30k003_1499_gc2500_rp0.01_mr5E-4_ss100.fa	long_content_30k_003	16	29902
long_content_30k_003/lc30k003_149_gc2500_rp0.03_mr2E-4_ss100.fa	long_content_30k_003	451	29902
long_content_30k_003/lc30k003_1500_gc2500_rp0.03_mr3E-4_ss200.fa	long_content_30k_003	295	29902
long_content_30k_003/lc30k003_1501_gc2000_rp0.01_mr3E-4_ss100.fa	long_content_30k_003	245	29902
long_content_30k_003/lc30k003_1502_gc2000_rp0.01_mr3E-4_ss200.fa	long_content_30k_003	294	29902
long_content_30k_003/lc30k003_1503_gc2000_rp0.02_mr2E-4_ss200.fa	long_content_30k_003	369	29902
long_content_30k_003/lc30k003_1504_gc2500_rp0.02_mr5E-4_ss200.fa	long_content_30k_003	234	29902
long_content_30k_003/lc30k003_1505_gc2500_rp0.03_mr5E-4_ss200.fa	long_content_30k_003	771	29902
long_content_30k_003/lc30k003_1506_gc2000_rp0.02_mr5E-4_ss200.fa	long_content_30k_003	574	29902
long_content_30k_003/lc30k003_1507_gc2000_rp0.03_mr2E-4_ss200.fa	long_content_30k_003	1632	29902
long_content_30k_003/lc30k003_1508_gc2000_rp0.02_mr3E-4_ss100.fa	long_content_30k_003	133	29902
long_content_30k_003/lc30k003_1509_gc2500_rp0.03_mr2E-4_ss200.fa	long_content_30k_003	324	29902
long_content_30k_003/lc30k003_150_gc2500_rp0.01_mr2E-4_ss200.fa	long_content_30k_003	830	29902
long_content_30k_003/lc30k003_1510_gc2000_rp0.02_mr3E-4_ss200.fa	long_content_30k_003	106	29902
long_content_30k_003/lc30k003_1511_gc2500_rp0.01_mr2E-4_ss100.fa	long_content_30k_003	4	13377
long_content_30k_003/lc30k003_1512_gc2500_rp0.03_mr5E-4_ss100.fa	long_content_30k_003	322	29902
long_content_30k_003/lc30k003_1513_gc2500_rp0.02_mr2E-4_ss100.fa	long_content_30k_003	313	29902
long_content_30k_003/lc30k003_1514_gc2500_rp0.02_mr3E-4_ss100.fa	long_content_30k_003	320	29902
long_content_30k_003/lc30k003_1515_gc2000_rp0.03_mr3E-4_ss100.fa	long_content_30k_003	256	29902
long_content_30k_003/lc30k003_1516_gc2500_rp0.02_mr3E-4_ss200.fa	long_content_30k_003	136	29902
long_content_30k_003/lc30k003_1517_gc2500_rp0.03_mr2E-4_ss100.fa	long_content_30k_003	542	29902
long_content_30k_003/lc30k003_1518_gc2500_rp0.01_mr2E-4_ss200.fa	long_content_30k_003	3	28173
long_content_30k_003/lc30k003_1519_gc2000_rp0.01_mr2E-4_ss100.fa	long_content_30k_003	142	29902
long_content_30k_003/lc30k003_151_gc2000_rp0.01_mr2E-4_ss100.fa	long_content_30k_003	319	29902
long_content_30k_003/lc30k003_1520_gc2000_rp0.02_mr5E-4_ss100.fa	long_content_30k_003	447	29902
long_content_30k_003/lc30k003_1521_gc2000_rp0.03_mr5E-4_ss200.fa	long_content_30k_003	1118	29902
long_content_30k_003/lc30k003_1522_gc2500_rp0.02_mr5E-4_ss100.fa	long_content_30k_003	145	29902
long_content_30k_003/lc30k003_1523_gc2500_rp0.01_mr5E-4_ss200.fa	long_content_30k_003	881	29902
long_content_30k_003/lc30k003_1524_gc2000_rp0.01_mr5E-4_ss100.fa	long_content_30k_003	168	28047
long_content_30k_003/lc30k003_1525_gc2000_rp0.01_mr2E-4_ss200.fa	long_content_30k_003	678	29902
long_content_30k_003/lc30k003_1526_gc2500_rp0.03_mr3E-4_ss100.fa	long_content_30k_003	681	29902
long_content_30k_003/lc30k003_1527_gc2000_rp0.03_mr2E-4_ss100.fa	long_content_30k_003	395	29902
long_content_30k_003/lc30k003_1528_gc2500_rp0.01_mr3E-4_ss100.fa	long_content_30k_003	90	29902
long_content_30k_003/lc30k003_1529_gc2000_rp0.03_mr3E-4_ss200.fa	long_content_30k_003	140	29902
long_content_30k_003/lc30k003_152_gc2000_rp0.02_mr5E-4_ss100.fa	long_content_30k_003	168	29902
long_content_30k_003/lc30k003_1530_gc2000_rp0.01_mr5E-4_ss200.fa	long_content_30k_003	296	29902
long_content_30k_003/lc30k003_1531_gc2000_rp0.02_mr2E-4_ss100.fa	long_content_30k_003	103	29902
long_content_30k_003/lc30k003_1532_gc2000_rp0.03_mr5E-4_ss100.fa	long_content_30k_003	955	29902
long_content_30k_003/lc30k003_1533_gc2500_rp0.01_mr3E-4_ss200.fa	long_content_30k_003	1306	29902
long_content_30k_003/lc30k003_1534_gc2500_rp0.02_mr2E-4_ss200.fa	long_content_30k_003	901	29902
long_content_30k_003/lc30k003_1535_gc2500_rp0.01_mr5E-4_ss100.fa	long_content_30k_003	103	29631
long_content_30k_003/lc30k003_1536_gc2500_rp0.03_mr3E-4_ss200.fa	long_content_30k_003	2332	29902
long_content_30k_003/lc30k003_1537_gc2000_rp0.01_mr3E-4_ss100.fa	long_content_30k_003	57	29058
long_content_30k_003/lc30k003_1538_gc2000_rp0.01_mr3E-4_ss200.fa	long_content_30k_003	24	11193
long_content_30k_003/lc30k003_1539_gc2000_rp0.02_mr2E-4_ss200.fa	long_content_30k_003	484	29902
long_content_30k_003/lc30k003_153_gc2000_rp0.03_mr5E-4_ss200.fa	long_content_30k_003	3891	29902
long_content_30k_003/lc30k003_1540_gc2500_rp0.02_mr5E-4_ss200.fa	long_content_30k_003	1070	29902
long_content_30k_003/lc30k003_1541_gc2500_rp0.03_mr5E-4_ss200.fa	long_content_30k_003	1813	29902
long_content_30k_003/lc30k003_1542_gc2000_rp0.02_mr5E-4_ss200.fa	long_content_30k_003	320	29902
long_content_30k_003/lc30k003_1543_gc2000_rp0.03_mr2E-4_ss200.fa	long_content_30k_003	1690	29902
long_content_30k_003/lc30k003_1544_gc2000_rp0.02_mr3E-4_ss100.fa	long_content_30k_003	302	29902
long_content_30k_003/lc30k003_1545_gc2500_rp0.03_mr2E-4_ss200.fa	long_content_30k_003	126	29902
long_content_30k_003/lc30k003_1546_gc2000_rp0.02_mr3E-4_ss200.fa	long_content_30k_003	1481	29902
long_content_30k_003/lc30k003_1547_gc2500_rp0.01_mr2E-4_ss100.fa	long_content_30k_003	156	29902
long_content_30k_003/lc30k003_1548_gc2500_rp0.03_mr5E-4_ss100.fa	long_content_30k_003	157	29902
long_content_30k_003/lc30k003_1549_gc2500_rp0.02_mr2E-4_ss100.fa	long_content_30k_003	86	29902
long_content_30k_003/lc30k003_154_gc2500_rp0.02_mr5E-4_ss100.fa	long_content_30k_003	258	29902
long_content_30k_003/lc30k003_1550_gc2500_rp0.02_mr3E-4_ss100.fa	long_content_30k_003	475	29902
long_content_30k_003/lc30k003_1551_gc2000_rp0.03_mr3E-4_ss100.fa	long_content_30k_003	198	29902
long_content_30k_003/lc30k003_1552_gc2500_rp0.02_mr3E-4_ss200.fa	long_content_30k_003	541	29902
long_content_30k_003/lc30k003_1553_gc2500_rp0.03_mr2E-4_ss100.fa	long_content_30k_003	112	29902
long_content_30k_003/lc30k003_1554_gc2500_rp0.01_mr2E-4_ss200.fa	long_content_30k_003	213	29902
long_content_30k_003/lc30k003_1555_gc2000_rp0.01_mr2E-4_ss100.fa	long_content_30k_003	16	29902
long_content_30k_003/lc30k003_1556_gc2000_rp0.02_mr5E-4_ss100.fa	long_content_30k_003	86	29352
long_content_30k_003/lc30k003_1557_gc2000_rp0.03_mr5E-4_ss200.fa	long_content_30k_003	1207	29902
long_content_30k_003/lc30k003_1558_gc2500_rp0.02_mr5E-4_ss100.fa	long_content_30k_003	325	29902
long_content_30k_003/lc30k003_1559_gc2500_rp0.01_mr5E-4_ss200.fa	long_content_30k_003	18	29902
long_content_30k_003/lc30k003_155_gc2500_rp0.01_mr5E-4_ss200.fa	long_content_30k_003	61	29902
long_content_30k_003/lc30k003_1560_gc2000_rp0.01_mr5E-4_ss100.fa	long_content_30k_003	82	13851
long_content_30k_003/lc30k003_1561_gc2000_rp0.01_mr2E-4_ss200.fa	long_content_30k_003	380	29902
long_content_30k_003/lc30k003_1562_gc2500_rp0.03_mr3E-4_ss100.fa	long_content_30k_003	233	29902
long_content_30k_003/lc30k003_1563_gc2000_rp0.03_mr2E-4_ss100.fa	long_content_30k_003	369	29902
long_content_30k_003/lc30k003_1564_gc2500_rp0.01_mr3E-4_ss100.fa	long_content_30k_003	105	29902
long_content_30k_003/lc30k003_1565_gc2000_rp0.03_mr3E-4_ss200.fa	long_content_30k_003	547	29902
long_content_30k_003/lc30k003_1566_gc2000_rp0.01_mr5E-4_ss200.fa	long_content_30k_003	135	18864
long_content_30k_003/lc30k003_1567_gc2000_rp0.02_mr2E-4_ss100.fa	long_content_30k_003	525	29902
long_content_30k_003/lc30k003_1568_gc2000_rp0.03_mr5E-4_ss100.fa	long_content_30k_003	447	29902
long_content_30k_003/lc30k003_1569_gc2500_rp0.01_mr3E-4_ss200.fa	long_content_30k_003	155	29902
long_content_30k_003/lc30k003_156_gc2000_rp0.01_mr5E-4_ss100.fa	long_content_30k_003	104	29902
long_content_30k_003/lc30k003_1570_gc2500_rp0.02_mr2E-4_ss200.fa	long_content_30k_003	1583	29902
long_content_30k_003/lc30k003_1571_gc2500_rp0.01_mr5E-4_ss100.fa	long_content_30k_003	38	29902
long_content_30k_003/lc30k003_1572_gc2500_rp0.03_mr3E-4_ss200.fa	long_content_30k_003	276	29902
long_content_30k_003/lc30k003_1573_gc2000_rp0.01_mr3E-4_ss100.fa	long_content_30k_003	81	29902
long_content_30k_003/lc30k003_1574_gc2000_rp0.01_mr3E-4_ss200.fa	long_content_30k_003	147	29902
long_content_30k_003/lc30k003_1575_gc2000_rp0.02_mr2E-4_ss200.fa	long_content_30k_003	664	29902
long_content_30k_003/lc30k003_1576_gc2500_rp0.02_mr5E-4_ss200.fa	long_content_30k_003	39	29902
long_content_30k_003/lc30k003_1577_gc2500_rp0.03_mr5E-4_ss200.fa	long_content_30k_003	314	29902
long_content_30k_003/lc30k003_1578_gc2000_rp0.02_mr5E-4_ss200.fa	long_content_30k_003	502	29902
long_content_30k_003/lc30k003_1579_gc2000_rp0.03_mr2E-4_ss200.fa	long_content_30k_003	1979	29902
long_content_30k_003/lc30k003_157_gc2000_rp0.01_mr2E-4_ss200.fa	long_content_30k_003	365	29902
long_content_30k_003/lc30k003_1580_gc2000_rp0.02_mr3E-4_ss100.fa	long_content_30k_003	220	29902
long_content_30k_003/lc30k003_1581_gc2500_rp0.03_mr2E-4_ss200.fa	long_content_30k_003	237	29902
long_content_30k_003/lc30k003_1582_gc2000_rp0.02_mr3E-4_ss200.fa	long_content_30k_003	1429	29902
long_content_30k_003/lc30k003_1583_gc2500_rp0.01_mr2E-4_ss100.fa	long_content_30k_003	27	23169
long_content_30k_003/lc30k003_1584_gc2500_rp0.03_mr5E-4_ss100.fa	long_content_30k_003	742	29902
long_content_30k_003/lc30k003_1585_gc2500_rp0.02_mr2E-4_ss100.fa	long_content_30k_003	234	29902
long_content_30k_003/lc30k003_1586_gc2500_rp0.02_mr3E-4_ss100.fa	long_content_30k_003	263	29902
long_content_30k_003/lc30k003_1587_gc2000_rp0.03_mr3E-4_ss100.fa	long_content_30k_003	124	29902
long_content_30k_003/lc30k003_1588_gc2500_rp0.02_mr3E-4_ss200.fa	long_content_30k_003	129	29902
long_content_30k_003/lc30k003_1589_gc2500_rp0.03_mr2E-4_ss100.fa	long_content_30k_003	207	29902
long_content_30k_003/lc30k003_158_gc2500_rp0.03_mr3E-4_ss100.fa	long_content_30k_003	863	29902
long_content_30k_003/lc30k003_1590_gc2500_rp0.01_mr2E-4_ss200.fa	long_content_30k_003	391	29902
long_content_30k_003/lc30k003_1591_gc2000_rp0.01_mr2E-4_ss100.fa	long_content_30k_003	31	29902
long_content_30k_003/lc30k003_1592_gc2000_rp0.02_mr5E-4_ss100.fa	long_content_30k_003	252	29902
long_content_30k_003/lc30k003_1593_gc2000_rp0.03_mr5E-4_ss200.fa	long_content_30k_003	549	29902
long_content_30k_003/lc30k003_1594_gc2500_rp0.02_mr5E-4_ss100.fa	long_content_30k_003	489	29902
long_content_30k_003/lc30k003_1595_gc2500_rp0.01_mr5E-4_ss200.fa	long_content_30k_003	666	29902
long_content_30k_003/lc30k003_1597_gc2000_rp0.01_mr2E-4_ss200.fa	long_content_30k_003	15	29902
long_content_30k_003/lc30k003_1598_gc2500_rp0.03_mr3E-4_ss100.fa	long_content_30k_003	419	29902
long_content_30k_003/lc30k003_1599_gc2000_rp0.03_mr2E-4_ss100.fa	long_content_30k_003	967	29902
long_content_30k_003/lc30k003_159_gc2000_rp0.03_mr2E-4_ss100.fa	long_content_30k_003	242	29902
long_content_30k_003/lc30k003_1600_gc2500_rp0.01_mr3E-4_ss100.fa	long_content_30k_003	300	29902
long_content_30k_003/lc30k003_1601_gc2000_rp0.03_mr3E-4_ss200.fa	long_content_30k_003	1832	29902
long_content_30k_003/lc30k003_1602_gc2000_rp0.01_mr5E-4_ss200.fa	long_content_30k_003	755	29902
long_content_30k_003/lc30k003_1603_gc2000_rp0.02_mr2E-4_ss100.fa	long_content_30k_003	549	29902
long_content_30k_003/lc30k003_1604_gc2000_rp0.03_mr5E-4_ss100.fa	long_content_30k_003	1573	29902
long_content_30k_003/lc30k003_1605_gc2500_rp0.01_mr3E-4_ss200.fa	long_content_30k_003	330	29902
long_content_30k_003/lc30k003_1606_gc2500_rp0.02_mr2E-4_ss200.fa	long_content_30k_003	676	29902
long_content_30k_003/lc30k003_1607_gc2500_rp0.01_mr5E-4_ss100.fa	long_content_30k_003	561	29902
long_content_30k_003/lc30k003_1608_gc2500_rp0.03_mr3E-4_ss200.fa	long_content_30k_003	482	29902
long_content_30k_003/lc30k003_1609_gc2000_rp0.01_mr3E-4_ss100.fa	long_content_30k_003	332	24777
long_content_30k_003/lc30k003_160_gc2500_rp0.01_mr3E-4_ss100.fa	long_content_30k_003	99	29902
long_content_30k_003/lc30k003_1610_gc2000_rp0.01_mr3E-4_ss200.fa	long_content_30k_003	97	29902
long_content_30k_003/lc30k003_1611_gc2000_rp0.02_mr2E-4_ss200.fa	long_content_30k_003	627	24000
long_content_30k_003/lc30k003_1612_gc2500_rp0.02_mr5E-4_ss200.fa	long_content_30k_003	1267	29902
long_content_30k_003/lc30k003_1613_gc2500_rp0.03_mr5E-4_ss200.fa	long_content_30k_003	208	29902
long_content_30k_003/lc30k003_1614_gc2000_rp0.02_mr5E-4_ss200.fa	long_content_30k_003	846	29902
long_content_30k_003/lc30k003_1615_gc2000_rp0.03_mr2E-4_ss200.fa	long_content_30k_003	1202	29902
long_content_30k_003/lc30k003_1616_gc2000_rp0.02_mr3E-4_ss100.fa	long_content_30k_003	419	29902
long_content_30k_003/lc30k003_1617_gc2500_rp0.03_mr2E-4_ss200.fa	long_content_30k_003	1195	29902
long_content_30k_003/lc30k003_1618_gc2000_rp0.02_mr3E-4_ss200.fa	long_content_30k_003	440	29902
long_content_30k_003/lc30k003_1619_gc2500_rp0.01_mr2E-4_ss100.fa	long_content_30k_003	58	29902
long_content_30k_003/lc30k003_161_gc2000_rp0.03_mr3E-4_ss200.fa	long_content_30k_003	527	29902
long_content_30k_003/lc30k003_1620_gc2500_rp0.03_mr5E-4_ss100.fa	long_content_30k_003	539	29902
long_content_30k_003/lc30k003_1621_gc2500_rp0.02_mr2E-4_ss100.fa	long_content_30k_003	9	29902
long_content_30k_003/lc30k003_1622_gc2500_rp0.02_mr3E-4_ss100.fa	long_content_30k_003	119	29902
long_content_30k_003/lc30k003_1623_gc2000_rp0.03_mr3E-4_ss100.fa	long_content_30k_003	368	29902
long_content_30k_003/lc30k003_1624_gc2500_rp0.02_mr3E-4_ss200.fa	long_content_30k_003	111	29902
long_content_30k_003/lc30k003_1625_gc2500_rp0.03_mr2E-4_ss100.fa	long_content_30k_003	731	29902
long_content_30k_003/lc30k003_1626_gc2500_rp0.01_mr2E-4_ss200.fa	long_content_30k_003	100	24501
long_content_30k_003/lc30k003_1627_gc2000_rp0.01_mr2E-4_ss100.fa	long_content_30k_003	50	29902
long_content_30k_003/lc30k003_1628_gc2000_rp0.02_mr5E-4_ss100.fa	long_content_30k_003	72	29037
long_content_30k_003/lc30k003_1629_gc2000_rp0.03_mr5E-4_ss200.fa	long_content_30k_003	383	29902
long_content_30k_003/lc30k003_162_gc2000_rp0.01_mr5E-4_ss200.fa	long_content_30k_003	71	29902
long_content_30k_003/lc30k003_1630_gc2500_rp0.02_mr5E-4_ss100.fa	long_content_30k_003	547	29902
long_content_30k_003/lc30k003_1631_gc2500_rp0.01_mr5E-4_ss200.fa	long_content_30k_003	63	29902
long_content_30k_003/lc30k003_1632_gc2000_rp0.01_mr5E-4_ss100.fa	long_content_30k_003	94	29616
long_content_30k_003/lc30k003_1633_gc2000_rp0.01_mr2E-4_ss200.fa	long_content_30k_003	518	29902
long_content_30k_003/lc30k003_1634_gc2500_rp0.03_mr3E-4_ss100.fa	long_content_30k_003	296	29902
long_content_30k_003/lc30k003_1635_gc2000_rp0.03_mr2E-4_ss100.fa	long_content_30k_003	1095	29902
long_content_30k_003/lc30k003_1636_gc2500_rp0.01_mr3E-4_ss100.fa	long_content_30k_003	12	29902
long_content_30k_003/lc30k003_1637_gc2000_rp0.03_mr3E-4_ss200.fa	long_content_30k_003	310	29902
long_content_30k_003/lc30k003_1638_gc2000_rp0.01_mr5E-4_ss200.fa	long_content_30k_003	165	29067
long_content_30k_003/lc30k003_1639_gc2000_rp0.02_mr2E-4_ss100.fa	long_content_30k_003	792	29902
long_content_30k_003/lc30k003_163_gc2000_rp0.02_mr2E-4_ss100.fa	long_content_30k_003	113	29902
long_content_30k_003/lc30k003_1640_gc2000_rp0.03_mr5E-4_ss100.fa	long_content_30k_003	1101	29902
long_content_30k_003/lc30k003_1641_gc2500_rp0.01_mr3E-4_ss200.fa	long_content_30k_003	158	29902
long_content_30k_003/lc30k003_1642_gc2500_rp0.02_mr2E-4_ss200.fa	long_content_30k_003	556	29902
long_content_30k_003/lc30k003_1643_gc2500_rp0.01_mr5E-4_ss100.fa	long_content_30k_003	72	29902
long_content_30k_003/lc30k003_1644_gc2500_rp0.03_mr3E-4_ss200.fa	long_content_30k_003	423	29902
long_content_30k_003/lc30k003_1645_gc2000_rp0.01_mr3E-4_ss100.fa	long_content_30k_003	416	29902
long_content_30k_003/lc30k003_1646_gc2000_rp0.01_mr3E-4_ss200.fa	long_content_30k_003	13	29902
long_content_30k_003/lc30k003_1647_gc2000_rp0.02_mr2E-4_ss200.fa	long_content_30k_003	1060	29902
long_content_30k_003/lc30k003_1648_gc2500_rp0.02_mr5E-4_ss200.fa	long_content_30k_003	623	29902
long_content_30k_003/lc30k003_1649_gc2500_rp0.03_mr5E-4_ss200.fa	long_content_30k_003	1447	29902
long_content_30k_003/lc30k003_164_gc2000_rp0.03_mr5E-4_ss100.fa	long_content_30k_003	557	29902
long_content_30k_003/lc30k003_1650_gc2000_rp0.02_mr5E-4_ss200.fa	long_content_30k_003	185	29902
long_content_30k_003/lc30k003_1651_gc2000_rp0.03_mr2E-4_ss200.fa	long_content_30k_003	194	29902
long_content_30k_003/lc30k003_1652_gc2000_rp0.02_mr3E-4_ss100.fa	long_content_30k_003	2	5844
long_content_30k_003/lc30k003_1653_gc2500_rp0.03_mr2E-4_ss200.fa	long_content_30k_003	252	29902
long_content_30k_003/lc30k003_1654_gc2000_rp0.02_mr3E-4_ss200.fa	long_content_30k_003	1103	29902
long_content_30k_003/lc30k003_1655_gc2500_rp0.01_mr2E-4_ss100.fa	long_content_30k_003	5	29902
long_content_30k_003/lc30k003_1656_gc2500_rp0.03_mr5E-4_ss100.fa	long_content_30k_003	251	29902
long_content_30k_003/lc30k003_1657_gc2500_rp0.02_mr2E-4_ss100.fa	long_content_30k_003	264	29902
long_content_30k_003/lc30k003_1658_gc2500_rp0.02_mr3E-4_ss100.fa	long_content_30k_003	321	29902
long_content_30k_003/lc30k003_1659_gc2000_rp0.03_mr3E-4_ss100.fa	long_content_30k_003	202	29902
long_content_30k_003/lc30k003_165_gc2500_rp0.01_mr3E-4_ss200.fa	long_content_30k_003	28	29902
long_content_30k_003/lc30k003_1660_gc2500_rp0.02_mr3E-4_ss200.fa	long_content_30k_003	454	29902
long_content_30k_003/lc30k003_1661_gc2500_rp0.03_mr2E-4_ss100.fa	long_content_30k_003	503	29902
long_content_30k_003/lc30k003_1662_gc2500_rp0.01_mr2E-4_ss200.fa	long_content_30k_003	320	29902
long_content_30k_003/lc30k003_1663_gc2000_rp0.01_mr2E-4_ss100.fa	long_content_30k_003	106	29902
long_content_30k_003/lc30k003_1664_gc2000_rp0.02_mr5E-4_ss100.fa	long_content_30k_003	403	29902
long_content_30k_003/lc30k003_1665_gc2000_rp0.03_mr5E-4_ss200.fa	long_content_30k_003	1466	29902
long_content_30k_003/lc30k003_1666_gc2500_rp0.02_mr5E-4_ss100.fa	long_content_30k_003	400	29902
long_content_30k_003/lc30k003_1667_gc2500_rp0.01_mr5E-4_ss200.fa	long_content_30k_003	491	29902
long_content_30k_003/lc30k003_1668_gc2000_rp0.01_mr5E-4_ss100.fa	long_content_30k_003	11	29902
long_content_30k_003/lc30k003_1669_gc2000_rp0.01_mr2E-4_ss200.fa	long_content_30k_003	574	29902
long_content_30k_003/lc30k003_166_gc2500_rp0.02_mr2E-4_ss200.fa	long_content_30k_003	982	29902
long_content_30k_003/lc30k003_1670_gc2500_rp0.03_mr3E-4_ss100.fa	long_content_30k_003	246	29902
long_content_30k_003/lc30k003_1671_gc2000_rp0.03_mr2E-4_ss100.fa	long_content_30k_003	1680	29902
long_content_30k_003/lc30k003_1672_gc2500_rp0.01_mr3E-4_ss100.fa	long_content_30k_003	48	29902
long_content_30k_003/lc30k003_1673_gc2000_rp0.03_mr3E-4_ss200.fa	long_content_30k_003	1360	29902
long_content_30k_003/lc30k003_1674_gc2000_rp0.01_mr5E-4_ss200.fa	long_content_30k_003	24	16854
long_content_30k_003/lc30k003_1675_gc2000_rp0.02_mr2E-4_ss100.fa	long_content_30k_003	346	29902
long_content_30k_003/lc30k003_1676_gc2000_rp0.03_mr5E-4_ss100.fa	long_content_30k_003	653	29902
long_content_30k_003/lc30k003_1677_gc2500_rp0.01_mr3E-4_ss200.fa	long_content_30k_003	181	29902
long_content_30k_003/lc30k003_1678_gc2500_rp0.02_mr2E-4_ss200.fa	long_content_30k_003	63	29902
long_content_30k_003/lc30k003_1679_gc2500_rp0.01_mr5E-4_ss100.fa	long_content_30k_003	125	29902
long_content_30k_003/lc30k003_167_gc2500_rp0.01_mr5E-4_ss100.fa	long_content_30k_003	102	29902
long_content_30k_003/lc30k003_1680_gc2500_rp0.03_mr3E-4_ss200.fa	long_content_30k_003	1907	29902
long_content_30k_003/lc30k003_1681_gc2000_rp0.01_mr3E-4_ss100.fa	long_content_30k_003	78	29902
long_content_30k_003/lc30k003_1682_gc2000_rp0.01_mr3E-4_ss200.fa	long_content_30k_003	157	29902
long_content_30k_003/lc30k003_1683_gc2000_rp0.02_mr2E-4_ss200.fa	long_content_30k_003	240	29902
long_content_30k_003/lc30k003_1684_gc2500_rp0.02_mr5E-4_ss200.fa	long_content_30k_003	439	29902
long_content_30k_003/lc30k003_1685_gc2500_rp0.03_mr5E-4_ss200.fa	long_content_30k_003	1883	29902
long_content_30k_003/lc30k003_1686_gc2000_rp0.02_mr5E-4_ss200.fa	long_content_30k_003	358	29902
long_content_30k_003/lc30k003_1687_gc2000_rp0.03_mr2E-4_ss200.fa	long_content_30k_003	1077	29902
long_content_30k_003/lc30k003_1688_gc2000_rp0.02_mr3E-4_ss100.fa	long_content_30k_003	1	13020
long_content_30k_003/lc30k003_1689_gc2500_rp0.03_mr2E-4_ss200.fa	long_content_30k_003	749	29902
long_content_30k_003/lc30k003_168_gc2500_rp0.03_mr3E-4_ss200.fa	long_content_30k_003	3904	29902
long_content_30k_003/lc30k003_1690_gc2000_rp0.02_mr3E-4_ss200.fa	long_content_30k_003	1067	29902
long_content_30k_003/lc30k003_1691_gc2500_rp0.01_mr2E-4_ss100.fa	long_content_30k_003	27	29902
long_content_30k_003/lc30k003_1692_gc2500_rp0.03_mr5E-4_ss100.fa	long_content_30k_003	1286	29902
long_content_30k_003/lc30k003_1693_gc2500_rp0.02_mr2E-4_ss100.fa	long_content_30k_003	170	29902
long_content_30k_003/lc30k003_1694_gc2500_rp0.02_mr3E-4_ss100.fa	long_content_30k_003	217	29902
long_content_30k_003/lc30k003_1695_gc2000_rp0.03_mr3E-4_ss100.fa	long_content_30k_003	671	29902
long_content_30k_003/lc30k003_1696_gc2500_rp0.02_mr3E-4_ss200.fa	long_content_30k_003	146	29902
long_content_30k_003/lc30k003_1697_gc2500_rp0.03_mr2E-4_ss100.fa	long_content_30k_003	454	29902
long_content_30k_003/lc30k003_1698_gc2500_rp0.01_mr2E-4_ss200.fa	long_content_30k_003	9	29902
long_content_30k_003/lc30k003_1699_gc2000_rp0.01_mr2E-4_ss100.fa	long_content_30k_003	17	29902
long_content_30k_003/lc30k003_169_gc2000_rp0.01_mr3E-4_ss100.fa	long_content_30k_003	316	29902
long_content_30k_003/lc30k003_1700_gc2000_rp0.02_mr5E-4_ss100.fa	long_content_30k_003	175	29902
long_content_30k_003/lc30k003_1701_gc2000_rp0.03_mr5E-4_ss200.fa	long_content_30k_003	2269	29902
long_content_30k_003/lc30k003_1702_gc2500_rp0.02_mr5E-4_ss100.fa	long_content_30k_003	381	29902
long_content_30k_003/lc30k003_1703_gc2500_rp0.01_mr5E-4_ss200.fa	long_content_30k_003	52	29902
long_content_30k_003/lc30k003_1704_gc2000_rp0.01_mr5E-4_ss100.fa	long_content_30k_003	102	29902
long_content_30k_003/lc30k003_1705_gc2000_rp0.01_mr2E-4_ss200.fa	long_content_30k_003	9	29902
long_content_30k_003/lc30k003_1706_gc2500_rp0.03_mr3E-4_ss100.fa	long_content_30k_003	406	29902
long_content_30k_003/lc30k003_1707_gc2000_rp0.03_mr2E-4_ss100.fa	long_content_30k_003	1554	29902
long_content_30k_003/lc30k003_1708_gc2500_rp0.01_mr3E-4_ss100.fa	long_content_30k_003	87	29902
long_content_30k_003/lc30k003_1709_gc2000_rp0.03_mr3E-4_ss200.fa	long_content_30k_003	230	29902
long_content_30k_003/lc30k003_170_gc2000_rp0.01_mr3E-4_ss200.fa	long_content_30k_003	35	29902
long_content_30k_003/lc30k003_1710_gc2000_rp0.01_mr5E-4_ss200.fa	long_content_30k_003	178	26424
long_content_30k_003/lc30k003_1711_gc2000_rp0.02_mr2E-4_ss100.fa	long_content_30k_003	291	29902
long_content_30k_003/lc30k003_1712_gc2000_rp0.03_mr5E-4_ss100.fa	long_content_30k_003	686	29902
long_content_30k_003/lc30k003_1713_gc2500_rp0.01_mr3E-4_ss200.fa	long_content_30k_003	148	16581
long_content_30k_003/lc30k003_1714_gc2500_rp0.02_mr2E-4_ss200.fa	long_content_30k_003	404	29902
long_content_30k_003/lc30k003_1715_gc2500_rp0.01_mr5E-4_ss100.fa	long_content_30k_003	20	29902
long_content_30k_003/lc30k003_1716_gc2500_rp0.03_mr3E-4_ss200.fa	long_content_30k_003	387	29902
long_content_30k_003/lc30k003_1717_gc2000_rp0.01_mr3E-4_ss100.fa	long_content_30k_003	101	29902
long_content_30k_003/lc30k003_1718_gc2000_rp0.01_mr3E-4_ss200.fa	long_content_30k_003	1617	29902
long_content_30k_003/lc30k003_1719_gc2000_rp0.02_mr2E-4_ss200.fa	long_content_30k_003	508	29902
long_content_30k_003/lc30k003_171_gc2000_rp0.02_mr2E-4_ss200.fa	long_content_30k_003	998	29902
long_content_30k_003/lc30k003_1720_gc2500_rp0.02_mr5E-4_ss200.fa	long_content_30k_003	318	29902
long_content_30k_003/lc30k003_1721_gc2500_rp0.03_mr5E-4_ss200.fa	long_content_30k_003	4091	29902
long_content_30k_003/lc30k003_1722_gc2000_rp0.02_mr5E-4_ss200.fa	long_content_30k_003	144	29902
long_content_30k_003/lc30k003_1723_gc2000_rp0.03_mr2E-4_ss200.fa	long_content_30k_003	346	29902
long_content_30k_003/lc30k003_1724_gc2000_rp0.02_mr3E-4_ss100.fa	long_content_30k_003	341	29902
long_content_30k_003/lc30k003_1725_gc2500_rp0.03_mr2E-4_ss200.fa	long_content_30k_003	563	29902
long_content_30k_003/lc30k003_1726_gc2000_rp0.02_mr3E-4_ss200.fa	long_content_30k_003	360	29902
long_content_30k_003/lc30k003_1727_gc2500_rp0.01_mr2E-4_ss100.fa	long_content_30k_003	181	29902
long_content_30k_003/lc30k003_1728_gc2500_rp0.03_mr5E-4_ss100.fa	long_content_30k_003	356	29902
long_content_30k_003/lc30k003_1729_gc2500_rp0.02_mr2E-4_ss100.fa	long_content_30k_003	187	29902
long_content_30k_003/lc30k003_172_gc2500_rp0.02_mr5E-4_ss200.fa	long_content_30k_003	179	29902
long_content_30k_003/lc30k003_1730_gc2500_rp0.02_mr3E-4_ss100.fa	long_content_30k_003	284	29902
long_content_30k_003/lc30k003_1731_gc2000_rp0.03_mr3E-4_ss100.fa	long_content_30k_003	393	29902
long_content_30k_003/lc30k003_1732_gc2500_rp0.02_mr3E-4_ss200.fa	long_content_30k_003	699	29902
long_content_30k_003/lc30k003_1733_gc2500_rp0.03_mr2E-4_ss100.fa	long_content_30k_003	466	29902
long_content_30k_003/lc30k003_1734_gc2500_rp0.01_mr2E-4_ss200.fa	long_content_30k_003	45	29902
long_content_30k_003/lc30k003_1735_gc2000_rp0.01_mr2E-4_ss100.fa	long_content_30k_003	36	29877
long_content_30k_003/lc30k003_1736_gc2000_rp0.02_mr5E-4_ss100.fa	long_content_30k_003	150	29902
long_content_30k_003/lc30k003_1737_gc2000_rp0.03_mr5E-4_ss200.fa	long_content_30k_003	1471	29902
long_content_30k_003/lc30k003_1738_gc2500_rp0.02_mr5E-4_ss100.fa	long_content_30k_003	307	29902
long_content_30k_003/lc30k003_1739_gc2500_rp0.01_mr5E-4_ss200.fa	long_content_30k_003	368	29902
long_content_30k_003/lc30k003_173_gc2500_rp0.03_mr5E-4_ss200.fa	long_content_30k_003	460	29902
long_content_30k_003/lc30k003_1740_gc2000_rp0.01_mr5E-4_ss100.fa	long_content_30k_003	177	29902
long_content_30k_003/lc30k003_1741_gc2000_rp0.01_mr2E-4_ss200.fa	long_content_30k_003	192	29902
long_content_30k_003/lc30k003_1742_gc2500_rp0.03_mr3E-4_ss100.fa	long_content_30k_003	138	29902
long_content_30k_003/lc30k003_1743_gc2000_rp0.03_mr2E-4_ss100.fa	long_content_30k_003	227	29902
long_content_30k_003/lc30k003_1744_gc2500_rp0.01_mr3E-4_ss100.fa	long_content_30k_003	123	29902
long_content_30k_003/lc30k003_1745_gc2000_rp0.03_mr3E-4_ss200.fa	long_content_30k_003	488	29902
long_content_30k_003/lc30k003_1746_gc2000_rp0.01_mr5E-4_ss200.fa	long_content_30k_003	41	29709
long_content_30k_003/lc30k003_1747_gc2000_rp0.02_mr2E-4_ss100.fa	long_content_30k_003	496	29902
long_content_30k_003/lc30k003_1748_gc2000_rp0.03_mr5E-4_ss100.fa	long_content_30k_003	895	29902
long_content_30k_003/lc30k003_1749_gc2500_rp0.01_mr3E-4_ss200.fa	long_content_30k_003	454	29902
long_content_30k_003/lc30k003_174_gc2000_rp0.02_mr5E-4_ss200.fa	long_content_30k_003	728	29902
long_content_30k_003/lc30k003_1750_gc2500_rp0.02_mr2E-4_ss200.fa	long_content_30k_003	835	29902
long_content_30k_003/lc30k003_1751_gc2500_rp0.01_mr5E-4_ss100.fa	long_content_30k_003	248	29902
long_content_30k_003/lc30k003_1752_gc2500_rp0.03_mr3E-4_ss200.fa	long_content_30k_003	410	29902
long_content_30k_003/lc30k003_1753_gc2000_rp0.01_mr3E-4_ss100.fa	long_content_30k_003	53	27813
long_content_30k_003/lc30k003_1754_gc2000_rp0.01_mr3E-4_ss200.fa	long_content_30k_003	155	29902
long_content_30k_003/lc30k003_1755_gc2000_rp0.02_mr2E-4_ss200.fa	long_content_30k_003	1711	29902
long_content_30k_003/lc30k003_1756_gc2500_rp0.02_mr5E-4_ss200.fa	long_content_30k_003	773	29902
long_content_30k_003/lc30k003_1757_gc2500_rp0.03_mr5E-4_ss200.fa	long_content_30k_003	422	29902
long_content_30k_003/lc30k003_1758_gc2000_rp0.02_mr5E-4_ss200.fa	long_content_30k_003	234	29902
long_content_30k_003/lc30k003_1759_gc2000_rp0.03_mr2E-4_ss200.fa	long_content_30k_003	1551	29902
long_content_30k_003/lc30k003_175_gc2000_rp0.03_mr2E-4_ss200.fa	long_content_30k_003	787	29902
long_content_30k_003/lc30k003_1760_gc2000_rp0.02_mr3E-4_ss100.fa	long_content_30k_003	359	29902
long_content_30k_003/lc30k003_1761_gc2500_rp0.03_mr2E-4_ss200.fa	long_content_30k_003	494	29902
long_content_30k_003/lc30k003_1762_gc2000_rp0.02_mr3E-4_ss200.fa	long_content_30k_003	272	29902
long_content_30k_003/lc30k003_1763_gc2500_rp0.01_mr2E-4_ss100.fa	long_content_30k_003	9	29902
long_content_30k_003/lc30k003_1764_gc2500_rp0.03_mr5E-4_ss100.fa	long_content_30k_003	286	29902
long_content_30k_003/lc30k003_1765_gc2500_rp0.02_mr2E-4_ss100.fa	long_content_30k_003	270	29902
long_content_30k_003/lc30k003_1766_gc2500_rp0.02_mr3E-4_ss100.fa	long_content_30k_003	67	22713
long_content_30k_003/lc30k003_1767_gc2000_rp0.03_mr3E-4_ss100.fa	long_content_30k_003	914	29902
long_content_30k_003/lc30k003_1768_gc2500_rp0.02_mr3E-4_ss200.fa	long_content_30k_003	97	29902
long_content_30k_003/lc30k003_1769_gc2500_rp0.03_mr2E-4_ss100.fa	long_content_30k_003	440	29902
long_content_30k_003/lc30k003_176_gc2000_rp0.02_mr3E-4_ss100.fa	long_content_30k_003	149	29902
long_content_30k_003/lc30k003_1770_gc2500_rp0.01_mr2E-4_ss200.fa	long_content_30k_003	137	29902
long_content_30k_003/lc30k003_1771_gc2000_rp0.01_mr2E-4_ss100.fa	long_content_30k_003	71	29382
long_content_30k_003/lc30k003_1772_gc2000_rp0.02_mr5E-4_ss100.fa	long_content_30k_003	161	29902
long_content_30k_003/lc30k003_1773_gc2000_rp0.03_mr5E-4_ss200.fa	long_content_30k_003	1757	29902
long_content_30k_003/lc30k003_1774_gc2500_rp0.02_mr5E-4_ss100.fa	long_content_30k_003	42	29902
long_content_30k_003/lc30k003_1775_gc2500_rp0.01_mr5E-4_ss200.fa	long_content_30k_003	68	29902
long_content_30k_003/lc30k003_1776_gc2000_rp0.01_mr5E-4_ss100.fa	long_content_30k_003	74	29902
long_content_30k_003/lc30k003_1777_gc2000_rp0.01_mr2E-4_ss200.fa	long_content_30k_003	96	25275
long_content_30k_003/lc30k003_1778_gc2500_rp0.03_mr3E-4_ss100.fa	long_content_30k_003	964	29902
long_content_30k_003/lc30k003_1779_gc2000_rp0.03_mr2E-4_ss100.fa	long_content_30k_003	237	29902
long_content_30k_003/lc30k003_177_gc2500_rp0.03_mr2E-4_ss200.fa	long_content_30k_003	1521	29902
long_content_30k_003/lc30k003_1780_gc2500_rp0.01_mr3E-4_ss100.fa	long_content_30k_003	112	29902
long_content_30k_003/lc30k003_1781_gc2000_rp0.03_mr3E-4_ss200.fa	long_content_30k_003	740	29902
long_content_30k_003/lc30k003_1782_gc2000_rp0.01_mr5E-4_ss200.fa	long_content_30k_003	57	29902
long_content_30k_003/lc30k003_1783_gc2000_rp0.02_mr2E-4_ss100.fa	long_content_30k_003	51	15036
long_content_30k_003/lc30k003_1784_gc2000_rp0.03_mr5E-4_ss100.fa	long_content_30k_003	129	29902
long_content_30k_003/lc30k003_1785_gc2500_rp0.01_mr3E-4_ss200.fa	long_content_30k_003	22	29902
long_content_30k_003/lc30k003_1786_gc2500_rp0.02_mr2E-4_ss200.fa	long_content_30k_003	557	29902
long_content_30k_003/lc30k003_1787_gc2500_rp0.01_mr5E-4_ss100.fa	long_content_30k_003	200	29902
long_content_30k_003/lc30k003_1788_gc2500_rp0.03_mr3E-4_ss200.fa	long_content_30k_003	672	29902
long_content_30k_003/lc30k003_1789_gc2000_rp0.01_mr3E-4_ss100.fa	long_content_30k_003	143	29902
long_content_30k_003/lc30k003_178_gc2000_rp0.02_mr3E-4_ss200.fa	long_content_30k_003	647	29902
long_content_30k_003/lc30k003_1790_gc2000_rp0.01_mr3E-4_ss200.fa	long_content_30k_003	448	29902
long_content_30k_003/lc30k003_1791_gc2000_rp0.02_mr2E-4_ss200.fa	long_content_30k_003	652	29902
long_content_30k_003/lc30k003_1792_gc2500_rp0.02_mr5E-4_ss200.fa	long_content_30k_003	1231	29902
long_content_30k_003/lc30k003_1793_gc2500_rp0.03_mr5E-4_ss200.fa	long_content_30k_003	577	29902
long_content_30k_003/lc30k003_1794_gc2000_rp0.02_mr5E-4_ss200.fa	long_content_30k_003	2756	29902
long_content_30k_003/lc30k003_1795_gc2000_rp0.03_mr2E-4_ss200.fa	long_content_30k_003	517	29902
long_content_30k_003/lc30k003_1796_gc2000_rp0.02_mr3E-4_ss100.fa	long_content_30k_003	984	29902
long_content_30k_003/lc30k003_1797_gc2500_rp0.03_mr2E-4_ss200.fa	long_content_30k_003	305	29902
long_content_30k_003/lc30k003_1798_gc2000_rp0.02_mr3E-4_ss200.fa	long_content_30k_003	1361	29902
long_content_30k_003/lc30k003_1799_gc2500_rp0.01_mr2E-4_ss100.fa	long_content_30k_003	103	29902
long_content_30k_003/lc30k003_179_gc2500_rp0.01_mr2E-4_ss100.fa	long_content_30k_003	59	29902
long_content_30k_003/lc30k003_1800_gc2500_rp0.03_mr5E-4_ss100.fa	long_content_30k_003	100	29902
long_content_30k_003/lc30k003_1801_gc2500_rp0.02_mr2E-4_ss100.fa	long_content_30k_003	247	29902
long_content_30k_003/lc30k003_1802_gc2500_rp0.02_mr3E-4_ss100.fa	long_content_30k_003	363	29902
long_content_30k_003/lc30k003_1803_gc2000_rp0.03_mr3E-4_ss100.fa	long_content_30k_003	219	29902
long_content_30k_003/lc30k003_1804_gc2500_rp0.02_mr3E-4_ss200.fa	long_content_30k_003	485	29902
long_content_30k_003/lc30k003_1805_gc2500_rp0.03_mr2E-4_ss100.fa	long_content_30k_003	389	29902
long_content_30k_003/lc30k003_1806_gc2500_rp0.01_mr2E-4_ss200.fa	long_content_30k_003	105	29902
long_content_30k_003/lc30k003_1807_gc2000_rp0.01_mr2E-4_ss100.fa	long_content_30k_003	46	29902
long_content_30k_003/lc30k003_1808_gc2000_rp0.02_mr5E-4_ss100.fa	long_content_30k_003	307	29902
long_content_30k_003/lc30k003_1809_gc2000_rp0.03_mr5E-4_ss200.fa	long_content_30k_003	794	29902
long_content_30k_003/lc30k003_180_gc2500_rp0.03_mr5E-4_ss100.fa	long_content_30k_003	1675	29902
long_content_30k_003/lc30k003_1810_gc2500_rp0.02_mr5E-4_ss100.fa	long_content_30k_003	174	29902
long_content_30k_003/lc30k003_1811_gc2500_rp0.01_mr5E-4_ss200.fa	long_content_30k_003	203	29902
long_content_30k_003/lc30k003_1812_gc2000_rp0.01_mr5E-4_ss100.fa	long_content_30k_003	84	29902
long_content_30k_003/lc30k003_1813_gc2000_rp0.01_mr2E-4_ss200.fa	long_content_30k_003	479	29902
long_content_30k_003/lc30k003_1814_gc2500_rp0.03_mr3E-4_ss100.fa	long_content_30k_003	1423	29902
long_content_30k_003/lc30k003_1815_gc2000_rp0.03_mr2E-4_ss100.fa	long_content_30k_003	167	29902
long_content_30k_003/lc30k003_1816_gc2500_rp0.01_mr3E-4_ss100.fa	long_content_30k_003	123	29902
long_content_30k_003/lc30k003_1817_gc2000_rp0.03_mr3E-4_ss200.fa	long_content_30k_003	549	29902
long_content_30k_003/lc30k003_1818_gc2000_rp0.01_mr5E-4_ss200.fa	long_content_30k_003	360	29902
long_content_30k_003/lc30k003_1819_gc2000_rp0.02_mr2E-4_ss100.fa	long_content_30k_003	28	29902
long_content_30k_003/lc30k003_181_gc2500_rp0.02_mr2E-4_ss100.fa	long_content_30k_003	286	29902
long_content_30k_003/lc30k003_1820_gc2000_rp0.03_mr5E-4_ss100.fa	long_content_30k_003	226	29902
long_content_30k_003/lc30k003_1821_gc2500_rp0.01_mr3E-4_ss200.fa	long_content_30k_003	367	29902
long_content_30k_003/lc30k003_1822_gc2500_rp0.02_mr2E-4_ss200.fa	long_content_30k_003	63	29902
long_content_30k_003/lc30k003_1823_gc2500_rp0.01_mr5E-4_ss100.fa	long_content_30k_003	102	29902
long_content_30k_003/lc30k003_1824_gc2500_rp0.03_mr3E-4_ss200.fa	long_content_30k_003	1477	29902
long_content_30k_003/lc30k003_1825_gc2000_rp0.01_mr3E-4_ss100.fa	long_content_30k_003	14	26271
long_content_30k_003/lc30k003_1826_gc2000_rp0.01_mr3E-4_ss200.fa	long_content_30k_003	113	29902
long_content_30k_003/lc30k003_1827_gc2000_rp0.02_mr2E-4_ss200.fa	long_content_30k_003	1267	29902
long_content_30k_003/lc30k003_1828_gc2500_rp0.02_mr5E-4_ss200.fa	long_content_30k_003	280	29902
long_content_30k_003/lc30k003_1829_gc2500_rp0.03_mr5E-4_ss200.fa	long_content_30k_003	1299	29902
long_content_30k_003/lc30k003_182_gc2500_rp0.02_mr3E-4_ss100.fa	long_content_30k_003	362	29902
long_content_30k_003/lc30k003_1830_gc2000_rp0.02_mr5E-4_ss200.fa	long_content_30k_003	816	29902
long_content_30k_003/lc30k003_1831_gc2000_rp0.03_mr2E-4_ss200.fa	long_content_30k_003	1783	29902
long_content_30k_003/lc30k003_1832_gc2000_rp0.02_mr3E-4_ss100.fa	long_content_30k_003	438	29902
long_content_30k_003/lc30k003_1833_gc2500_rp0.03_mr2E-4_ss200.fa	long_content_30k_003	591	29902
long_content_30k_003/lc30k003_1834_gc2000_rp0.02_mr3E-4_ss200.fa	long_content_30k_003	152	29902
long_content_30k_003/lc30k003_1835_gc2500_rp0.01_mr2E-4_ss100.fa	long_content_30k_003	256	29902
long_content_30k_003/lc30k003_1836_gc2500_rp0.03_mr5E-4_ss100.fa	long_content_30k_003	190	29902
long_content_30k_003/lc30k003_1837_gc2500_rp0.02_mr2E-4_ss100.fa	long_content_30k_003	81	29902
long_content_30k_003/lc30k003_1838_gc2500_rp0.02_mr3E-4_ss100.fa	long_content_30k_003	115	29902
long_content_30k_003/lc30k003_1839_gc2000_rp0.03_mr3E-4_ss100.fa	long_content_30k_003	667	29902
long_content_30k_003/lc30k003_183_gc2000_rp0.03_mr3E-4_ss100.fa	long_content_30k_003	558	29902
long_content_30k_003/lc30k003_1840_gc2500_rp0.02_mr3E-4_ss200.fa	long_content_30k_003	399	29902
long_content_30k_003/lc30k003_1841_gc2500_rp0.03_mr2E-4_ss100.fa	long_content_30k_003	561	29902
long_content_30k_003/lc30k003_1842_gc2500_rp0.01_mr2E-4_ss200.fa	long_content_30k_003	227	29902
long_content_30k_003/lc30k003_1843_gc2000_rp0.01_mr2E-4_ss100.fa	long_content_30k_003	37	29902
long_content_30k_003/lc30k003_1844_gc2000_rp0.02_mr5E-4_ss100.fa	long_content_30k_003	107	29902
long_content_30k_003/lc30k003_1845_gc2000_rp0.03_mr5E-4_ss200.fa	long_content_30k_003	883	29902
long_content_30k_003/lc30k003_1846_gc2500_rp0.02_mr5E-4_ss100.fa	long_content_30k_003	235	29902
long_content_30k_003/lc30k003_1847_gc2500_rp0.01_mr5E-4_ss200.fa	long_content_30k_003	77	27513
long_content_30k_003/lc30k003_1848_gc2000_rp0.01_mr5E-4_ss100.fa	long_content_30k_003	79	29902
long_content_30k_003/lc30k003_1849_gc2000_rp0.01_mr2E-4_ss200.fa	long_content_30k_003	24	29442
long_content_30k_003/lc30k003_184_gc2500_rp0.02_mr3E-4_ss200.fa	long_content_30k_003	234	29902
long_content_30k_003/lc30k003_1850_gc2500_rp0.03_mr3E-4_ss100.fa	long_content_30k_003	962	29902
long_content_30k_003/lc30k003_1851_gc2000_rp0.03_mr2E-4_ss100.fa	long_content_30k_003	284	29902
long_content_30k_003/lc30k003_1852_gc2500_rp0.01_mr3E-4_ss100.fa	long_content_30k_003	247	29902
long_content_30k_003/lc30k003_1853_gc2000_rp0.03_mr3E-4_ss200.fa	long_content_30k_003	847	29902
long_content_30k_003/lc30k003_1854_gc2000_rp0.01_mr5E-4_ss200.fa	long_content_30k_003	361	29902
long_content_30k_003/lc30k003_1855_gc2000_rp0.02_mr2E-4_ss100.fa	long_content_30k_003	406	29902
long_content_30k_003/lc30k003_1856_gc2000_rp0.03_mr5E-4_ss100.fa	long_content_30k_003	352	29902
long_content_30k_003/lc30k003_1857_gc2500_rp0.01_mr3E-4_ss200.fa	long_content_30k_003	342	29902
long_content_30k_003/lc30k003_1858_gc2500_rp0.02_mr2E-4_ss200.fa	long_content_30k_003	407	29902
long_content_30k_003/lc30k003_1859_gc2500_rp0.01_mr5E-4_ss100.fa	long_content_30k_003	9	29902
long_content_30k_003/lc30k003_185_gc2500_rp0.03_mr2E-4_ss100.fa	long_content_30k_003	209	29902
long_content_30k_003/lc30k003_1860_gc2500_rp0.03_mr3E-4_ss200.fa	long_content_30k_003	414	29902
long_content_30k_003/lc30k003_1861_gc2000_rp0.01_mr3E-4_ss100.fa	long_content_30k_003	29	29902
long_content_30k_003/lc30k003_1862_gc2000_rp0.01_mr3E-4_ss200.fa	long_content_30k_003	463	29902
long_content_30k_003/lc30k003_1863_gc2000_rp0.02_mr2E-4_ss200.fa	long_content_30k_003	365	29445
long_content_30k_003/lc30k003_1864_gc2500_rp0.02_mr5E-4_ss200.fa	long_content_30k_003	779	29902
long_content_30k_003/lc30k003_1865_gc2500_rp0.03_mr5E-4_ss200.fa	long_content_30k_003	1063	29902
long_content_30k_003/lc30k003_1866_gc2000_rp0.02_mr5E-4_ss200.fa	long_content_30k_003	1902	29902
long_content_30k_003/lc30k003_1867_gc2000_rp0.03_mr2E-4_ss200.fa	long_content_30k_003	962	29902
long_content_30k_003/lc30k003_1868_gc2000_rp0.02_mr3E-4_ss100.fa	long_content_30k_003	207	29902
long_content_30k_003/lc30k003_1869_gc2500_rp0.03_mr2E-4_ss200.fa	long_content_30k_003	108	29902
long_content_30k_003/lc30k003_186_gc2500_rp0.01_mr2E-4_ss200.fa	long_content_30k_003	224	29902
long_content_30k_003/lc30k003_1870_gc2000_rp0.02_mr3E-4_ss200.fa	long_content_30k_003	1228	29902
long_content_30k_003/lc30k003_1871_gc2500_rp0.01_mr2E-4_ss100.fa	long_content_30k_003	4	28632
long_content_30k_003/lc30k003_1872_gc2500_rp0.03_mr5E-4_ss100.fa	long_content_30k_003	155	29902
long_content_30k_003/lc30k003_1873_gc2500_rp0.02_mr2E-4_ss100.fa	long_content_30k_003	921	29902
long_content_30k_003/lc30k003_1874_gc2500_rp0.02_mr3E-4_ss100.fa	long_content_30k_003	332	29902
long_content_30k_003/lc30k003_1875_gc2000_rp0.03_mr3E-4_ss100.fa	long_content_30k_003	535	29902
long_content_30k_003/lc30k003_1876_gc2500_rp0.02_mr3E-4_ss200.fa	long_content_30k_003	95	29902
long_content_30k_003/lc30k003_1877_gc2500_rp0.03_mr2E-4_ss100.fa	long_content_30k_003	302	29902
long_content_30k_003/lc30k003_1878_gc2500_rp0.01_mr2E-4_ss200.fa	long_content_30k_003	70	29902
long_content_30k_003/lc30k003_1879_gc2000_rp0.01_mr2E-4_ss100.fa	long_content_30k_003	59	29902
long_content_30k_003/lc30k003_187_gc2000_rp0.01_mr2E-4_ss100.fa	long_content_30k_003	226	29902
long_content_30k_003/lc30k003_1880_gc2000_rp0.02_mr5E-4_ss100.fa	long_content_30k_003	280	29902
long_content_30k_003/lc30k003_1881_gc2000_rp0.03_mr5E-4_ss200.fa	long_content_30k_003	845	29902
long_content_30k_003/lc30k003_1882_gc2500_rp0.02_mr5E-4_ss100.fa	long_content_30k_003	409	29902
long_content_30k_003/lc30k003_1883_gc2500_rp0.01_mr5E-4_ss200.fa	long_content_30k_003	146	29016
long_content_30k_003/lc30k003_1884_gc2000_rp0.01_mr5E-4_ss100.fa	long_content_30k_003	77	29902
long_content_30k_003/lc30k003_1885_gc2000_rp0.01_mr2E-4_ss200.fa	long_content_30k_003	121	29902
long_content_30k_003/lc30k003_1886_gc2500_rp0.03_mr3E-4_ss100.fa	long_content_30k_003	192	29902
long_content_30k_003/lc30k003_1887_gc2000_rp0.03_mr2E-4_ss100.fa	long_content_30k_003	579	29902
long_content_30k_003/lc30k003_1888_gc2500_rp0.01_mr3E-4_ss100.fa	long_content_30k_003	127	29902
long_content_30k_003/lc30k003_1889_gc2000_rp0.03_mr3E-4_ss200.fa	long_content_30k_003	1293	29902
long_content_30k_003/lc30k003_188_gc2000_rp0.02_mr5E-4_ss100.fa	long_content_30k_003	153	29902
long_content_30k_003/lc30k003_1890_gc2000_rp0.01_mr5E-4_ss200.fa	long_content_30k_003	28	27798
long_content_30k_003/lc30k003_1891_gc2000_rp0.02_mr2E-4_ss100.fa	long_content_30k_003	499	29902
long_content_30k_003/lc30k003_1892_gc2000_rp0.03_mr5E-4_ss100.fa	long_content_30k_003	258	29902
long_content_30k_003/lc30k003_1894_gc2500_rp0.02_mr2E-4_ss200.fa	long_content_30k_003	298	29902
long_content_30k_003/lc30k003_1895_gc2500_rp0.01_mr5E-4_ss100.fa	long_content_30k_003	435	29902
long_content_30k_003/lc30k003_1896_gc2500_rp0.03_mr3E-4_ss200.fa	long_content_30k_003	217	29902
long_content_30k_003/lc30k003_1897_gc2000_rp0.01_mr3E-4_ss100.fa	long_content_30k_003	400	29902
long_content_30k_003/lc30k003_1898_gc2000_rp0.01_mr3E-4_ss200.fa	long_content_30k_003	652	29902
long_content_30k_003/lc30k003_1899_gc2000_rp0.02_mr2E-4_ss200.fa	long_content_30k_003	99	29902
long_content_30k_003/lc30k003_189_gc2000_rp0.03_mr5E-4_ss200.fa	long_content_30k_003	471	29902
long_content_30k_003/lc30k003_1900_gc2500_rp0.02_mr5E-4_ss200.fa	long_content_30k_003	242	29902
long_content_30k_003/lc30k003_1901_gc2500_rp0.03_mr5E-4_ss200.fa	long_content_30k_003	297	29902
long_content_30k_003/lc30k003_1902_gc2000_rp0.02_mr5E-4_ss200.fa	long_content_30k_003	264	29902
long_content_30k_003/lc30k003_1903_gc2000_rp0.03_mr2E-4_ss200.fa	long_content_30k_003	1822	29902
long_content_30k_003/lc30k003_1904_gc2000_rp0.02_mr3E-4_ss100.fa	long_content_30k_003	552	29902
long_content_30k_003/lc30k003_1905_gc2500_rp0.03_mr2E-4_ss200.fa	long_content_30k_003	595	29902
long_content_30k_003/lc30k003_1906_gc2000_rp0.02_mr3E-4_ss200.fa	long_content_30k_003	377	29902
long_content_30k_003/lc30k003_1907_gc2500_rp0.01_mr2E-4_ss100.fa	long_content_30k_003	46	23049
long_content_30k_003/lc30k003_1908_gc2500_rp0.03_mr5E-4_ss100.fa	long_content_30k_003	730	29902
long_content_30k_003/lc30k003_1909_gc2500_rp0.02_mr2E-4_ss100.fa	long_content_30k_003	270	29902
long_content_30k_003/lc30k003_190_gc2500_rp0.02_mr5E-4_ss100.fa	long_content_30k_003	21	29902
long_content_30k_003/lc30k003_1910_gc2500_rp0.02_mr3E-4_ss100.fa	long_content_30k_003	300	29902
long_content_30k_003/lc30k003_1911_gc2000_rp0.03_mr3E-4_ss100.fa	long_content_30k_003	277	29902
long_content_30k_003/lc30k003_1912_gc2500_rp0.02_mr3E-4_ss200.fa	long_content_30k_003	226	29902
long_content_30k_003/lc30k003_1913_gc2500_rp0.03_mr2E-4_ss100.fa	long_content_30k_003	546	29902
long_content_30k_003/lc30k003_1914_gc2500_rp0.01_mr2E-4_ss200.fa	long_content_30k_003	359	29902
long_content_30k_003/lc30k003_1915_gc2000_rp0.01_mr2E-4_ss100.fa	long_content_30k_003	75	29902
long_content_30k_003/lc30k003_1916_gc2000_rp0.02_mr5E-4_ss100.fa	long_content_30k_003	1069	29902
long_content_30k_003/lc30k003_1917_gc2000_rp0.03_mr5E-4_ss200.fa	long_content_30k_003	410	29902
long_content_30k_003/lc30k003_1918_gc2500_rp0.02_mr5E-4_ss100.fa	long_content_30k_003	74	29902
long_content_30k_003/lc30k003_1919_gc2500_rp0.01_mr5E-4_ss200.fa	long_content_30k_003	635	29902
long_content_30k_003/lc30k003_191_gc2500_rp0.01_mr5E-4_ss200.fa	long_content_30k_003	711	29902
long_content_30k_003/lc30k003_1920_gc2000_rp0.01_mr5E-4_ss100.fa	long_content_30k_003	9	29902
long_content_30k_003/lc30k003_1921_gc2000_rp0.01_mr2E-4_ss200.fa	long_content_30k_003	32	29902
long_content_30k_003/lc30k003_1922_gc2500_rp0.03_mr3E-4_ss100.fa	long_content_30k_003	743	29902
long_content_30k_003/lc30k003_1923_gc2000_rp0.03_mr2E-4_ss100.fa	long_content_30k_003	289	29902
long_content_30k_003/lc30k003_1924_gc2500_rp0.01_mr3E-4_ss100.fa	long_content_30k_003	152	29902
long_content_30k_003/lc30k003_1925_gc2000_rp0.03_mr3E-4_ss200.fa	long_content_30k_003	1050	29902
long_content_30k_003/lc30k003_1926_gc2000_rp0.01_mr5E-4_ss200.fa	long_content_30k_003	75	29902
long_content_30k_003/lc30k003_1927_gc2000_rp0.02_mr2E-4_ss100.fa	long_content_30k_003	348	29902
long_content_30k_003/lc30k003_1928_gc2000_rp0.03_mr5E-4_ss100.fa	long_content_30k_003	370	29902
long_content_30k_003/lc30k003_1929_gc2500_rp0.01_mr3E-4_ss200.fa	long_content_30k_003	47	29902
long_content_30k_003/lc30k003_192_gc2000_rp0.01_mr5E-4_ss100.fa	long_content_30k_003	59	20010
long_content_30k_003/lc30k003_1930_gc2500_rp0.02_mr2E-4_ss200.fa	long_content_30k_003	924	29902
long_content_30k_003/lc30k003_1931_gc2500_rp0.01_mr5E-4_ss100.fa	long_content_30k_003	165	29902
long_content_30k_003/lc30k003_1932_gc2500_rp0.03_mr3E-4_ss200.fa	long_content_30k_003	473	29902
long_content_30k_003/lc30k003_1933_gc2000_rp0.01_mr3E-4_ss100.fa	long_content_30k_003	31	29902
long_content_30k_003/lc30k003_1934_gc2000_rp0.01_mr3E-4_ss200.fa	long_content_30k_003	26	29902
long_content_30k_003/lc30k003_1935_gc2000_rp0.02_mr2E-4_ss200.fa	long_content_30k_003	439	29902
long_content_30k_003/lc30k003_1936_gc2500_rp0.02_mr5E-4_ss200.fa	long_content_30k_003	442	29902
long_content_30k_003/lc30k003_1937_gc2500_rp0.03_mr5E-4_ss200.fa	long_content_30k_003	1252	29902
long_content_30k_003/lc30k003_1938_gc2000_rp0.02_mr5E-4_ss200.fa	long_content_30k_003	622	29902
long_content_30k_003/lc30k003_1939_gc2000_rp0.03_mr2E-4_ss200.fa	long_content_30k_003	369	29902
long_content_30k_003/lc30k003_193_gc2000_rp0.01_mr2E-4_ss200.fa	long_content_30k_003	50	29902
long_content_30k_003/lc30k003_1940_gc2000_rp0.02_mr3E-4_ss100.fa	long_content_30k_003	400	29902
long_content_30k_003/lc30k003_1941_gc2500_rp0.03_mr2E-4_ss200.fa	long_content_30k_003	1126	29902
long_content_30k_003/lc30k003_1942_gc2000_rp0.02_mr3E-4_ss200.fa	long_content_30k_003	662	29902
long_content_30k_003/lc30k003_1943_gc2500_rp0.01_mr2E-4_ss100.fa	long_content_30k_003	200	29902
long_content_30k_003/lc30k003_1944_gc2500_rp0.03_mr5E-4_ss100.fa	long_content_30k_003	1325	29902
long_content_30k_003/lc30k003_1945_gc2500_rp0.02_mr2E-4_ss100.fa	long_content_30k_003	168	29902
long_content_30k_003/lc30k003_1946_gc2500_rp0.02_mr3E-4_ss100.fa	long_content_30k_003	60	29902
long_content_30k_003/lc30k003_1947_gc2000_rp0.03_mr3E-4_ss100.fa	long_content_30k_003	73	29902
long_content_30k_003/lc30k003_1948_gc2500_rp0.02_mr3E-4_ss200.fa	long_content_30k_003	522	29902
long_content_30k_003/lc30k003_1949_gc2500_rp0.03_mr2E-4_ss100.fa	long_content_30k_003	568	29902
long_content_30k_003/lc30k003_194_gc2500_rp0.03_mr3E-4_ss100.fa	long_content_30k_003	32	29442
long_content_30k_003/lc30k003_1950_gc2500_rp0.01_mr2E-4_ss200.fa	long_content_30k_003	343	29902
long_content_30k_003/lc30k003_1951_gc2000_rp0.01_mr2E-4_ss100.fa	long_content_30k_003	149	29902
long_content_30k_003/lc30k003_1952_gc2000_rp0.02_mr5E-4_ss100.fa	long_content_30k_003	97	29902
long_content_30k_003/lc30k003_1953_gc2000_rp0.03_mr5E-4_ss200.fa	long_content_30k_003	801	29902
long_content_30k_003/lc30k003_1954_gc2500_rp0.02_mr5E-4_ss100.fa	long_content_30k_003	230	29902
long_content_30k_003/lc30k003_1955_gc2500_rp0.01_mr5E-4_ss200.fa	long_content_30k_003	144	29902
long_content_30k_003/lc30k003_1956_gc2000_rp0.01_mr5E-4_ss100.fa	long_content_30k_003	112	29902
long_content_30k_003/lc30k003_1957_gc2000_rp0.01_mr2E-4_ss200.fa	long_content_30k_003	452	29902
long_content_30k_003/lc30k003_1958_gc2500_rp0.03_mr3E-4_ss100.fa	long_content_30k_003	142	29902
long_content_30k_003/lc30k003_1959_gc2000_rp0.03_mr2E-4_ss100.fa	long_content_30k_003	131	29902
long_content_30k_003/lc30k003_195_gc2000_rp0.03_mr2E-4_ss100.fa	long_content_30k_003	500	29902
long_content_30k_003/lc30k003_1960_gc2500_rp0.01_mr3E-4_ss100.fa	long_content_30k_003	69	27450
long_content_30k_003/lc30k003_1961_gc2000_rp0.03_mr3E-4_ss200.fa	long_content_30k_003	433	29902
long_content_30k_003/lc30k003_1962_gc2000_rp0.01_mr5E-4_ss200.fa	long_content_30k_003	211	29902
long_content_30k_003/lc30k003_1964_gc2000_rp0.03_mr5E-4_ss100.fa	long_content_30k_003	201	29902
long_content_30k_003/lc30k003_1965_gc2500_rp0.01_mr3E-4_ss200.fa	long_content_30k_003	4	29007
long_content_30k_003/lc30k003_1966_gc2500_rp0.02_mr2E-4_ss200.fa	long_content_30k_003	120	29902
long_content_30k_003/lc30k003_1967_gc2500_rp0.01_mr5E-4_ss100.fa	long_content_30k_003	78	29902
long_content_30k_003/lc30k003_1968_gc2500_rp0.03_mr3E-4_ss200.fa	long_content_30k_003	1480	29902
long_content_30k_003/lc30k003_1969_gc2000_rp0.01_mr3E-4_ss100.fa	long_content_30k_003	92	29902
long_content_30k_003/lc30k003_196_gc2500_rp0.01_mr3E-4_ss100.fa	long_content_30k_003	55	25392
long_content_30k_003/lc30k003_1970_gc2000_rp0.01_mr3E-4_ss200.fa	long_content_30k_003	4	29902
long_content_30k_003/lc30k003_1971_gc2000_rp0.02_mr2E-4_ss200.fa	long_content_30k_003	562	29902
long_content_30k_003/lc30k003_1972_gc2500_rp0.02_mr5E-4_ss200.fa	long_content_30k_003	397	29902
long_content_30k_003/lc30k003_1973_gc2500_rp0.03_mr5E-4_ss200.fa	long_content_30k_003	1026	27225
long_content_30k_003/lc30k003_1974_gc2000_rp0.02_mr5E-4_ss200.fa	long_content_30k_003	323	29902
long_content_30k_003/lc30k003_1975_gc2000_rp0.03_mr2E-4_ss200.fa	long_content_30k_003	543	29902
long_content_30k_003/lc30k003_1976_gc2000_rp0.02_mr3E-4_ss100.fa	long_content_30k_003	223	29902
long_content_30k_003/lc30k003_1977_gc2500_rp0.03_mr2E-4_ss200.fa	long_content_30k_003	2239	29902
long_content_30k_003/lc30k003_1978_gc2000_rp0.02_mr3E-4_ss200.fa	long_content_30k_003	426	29902
long_content_30k_003/lc30k003_197_gc2000_rp0.03_mr3E-4_ss200.fa	long_content_30k_003	698	29902
long_content_30k_003/lc30k003_1980_gc2500_rp0.03_mr5E-4_ss100.fa	long_content_30k_003	764	29902
long_content_30k_003/lc30k003_1981_gc2500_rp0.02_mr2E-4_ss100.fa	long_content_30k_003	894	29902
long_content_30k_003/lc30k003_1982_gc2500_rp0.02_mr3E-4_ss100.fa	long_content_30k_003	254	29902
long_content_30k_003/lc30k003_1983_gc2000_rp0.03_mr3E-4_ss100.fa	long_content_30k_003	12	29902
long_content_30k_003/lc30k003_1984_gc2500_rp0.02_mr3E-4_ss200.fa	long_content_30k_003	352	29902
long_content_30k_003/lc30k003_1985_gc2500_rp0.03_mr2E-4_ss100.fa	long_content_30k_003	212	29902
long_content_30k_003/lc30k003_1986_gc2500_rp0.01_mr2E-4_ss200.fa	long_content_30k_003	81	29902
long_content_30k_003/lc30k003_1987_gc2000_rp0.01_mr2E-4_ss100.fa	long_content_30k_003	13	29902
long_content_30k_003/lc30k003_1988_gc2000_rp0.02_mr5E-4_ss100.fa	long_content_30k_003	127	29902
long_content_30k_003/lc30k003_1989_gc2000_rp0.03_mr5E-4_ss200.fa	long_content_30k_003	820	29902
long_content_30k_003/lc30k003_198_gc2000_rp0.01_mr5E-4_ss200.fa	long_content_30k_003	48	15033
long_content_30k_003/lc30k003_1990_gc2500_rp0.02_mr5E-4_ss100.fa	long_content_30k_003	1495	29902
long_content_30k_003/lc30k003_1991_gc2500_rp0.01_mr5E-4_ss200.fa	long_content_30k_003	264	29902
long_content_30k_003/lc30k003_1992_gc2000_rp0.01_mr5E-4_ss100.fa	long_content_30k_003	24	29902
long_content_30k_003/lc30k003_1993_gc2000_rp0.01_mr2E-4_ss200.fa	long_content_30k_003	17	29902
long_content_30k_003/lc30k003_1994_gc2500_rp0.03_mr3E-4_ss100.fa	long_content_30k_003	974	29902
long_content_30k_003/lc30k003_1995_gc2000_rp0.03_mr2E-4_ss100.fa	long_content_30k_003	920	29902
long_content_30k_003/lc30k003_1996_gc2500_rp0.01_mr3E-4_ss100.fa	long_content_30k_003	28	29902
long_content_30k_003/lc30k003_1997_gc2000_rp0.03_mr3E-4_ss200.fa	long_content_30k_003	555	29902
long_content_30k_003/lc30k003_1998_gc2000_rp0.01_mr5E-4_ss200.fa	long_content_30k_003	196	29902
long_content_30k_003/lc30k003_1999_gc2000_rp0.02_mr2E-4_ss100.fa	long_content_30k_003	135	29902
long_content_30k_003/lc30k003_199_gc2000_rp0.02_mr2E-4_ss100.fa	long_content_30k_003	217	29902
long_content_30k_003/lc30k003_2000_gc2000_rp0.03_mr5E-4_ss100.fa	long_content_30k_003	241	29902
long_content_30k_003/lc30k003_2001_gc2500_rp0.01_mr3E-4_ss200.fa	long_content_30k_003	679	29902
long_content_30k_003/lc30k003_2002_gc2500_rp0.02_mr2E-4_ss200.fa	long_content_30k_003	404	29902
long_content_30k_003/lc30k003_2003_gc2500_rp0.01_mr5E-4_ss100.fa	long_content_30k_003	78	29902
long_content_30k_003/lc30k003_2004_gc2500_rp0.03_mr3E-4_ss200.fa	long_content_30k_003	334	29902
long_content_30k_003/lc30k003_2005_gc2000_rp0.01_mr3E-4_ss100.fa	long_content_30k_003	194	29902
long_content_30k_003/lc30k003_2006_gc2000_rp0.01_mr3E-4_ss200.fa	long_content_30k_003	97	29902
long_content_30k_003/lc30k003_2007_gc2000_rp0.02_mr2E-4_ss200.fa	long_content_30k_003	364	29902
long_content_30k_003/lc30k003_2008_gc2500_rp0.02_mr5E-4_ss200.fa	long_content_30k_003	358	29902
long_content_30k_003/lc30k003_2009_gc2500_rp0.03_mr5E-4_ss200.fa	long_content_30k_003	1210	29902
long_content_30k_003/lc30k003_200_gc2000_rp0.03_mr5E-4_ss100.fa	long_content_30k_003	636	29902
long_content_30k_003/lc30k003_2010_gc2000_rp0.02_mr5E-4_ss200.fa	long_content_30k_003	17	29902
long_content_30k_003/lc30k003_2011_gc2000_rp0.03_mr2E-4_ss200.fa	long_content_30k_003	1523	29902
long_content_30k_003/lc30k003_2012_gc2000_rp0.02_mr3E-4_ss100.fa	long_content_30k_003	190	29902
long_content_30k_003/lc30k003_2013_gc2500_rp0.03_mr2E-4_ss200.fa	long_content_30k_003	200	29902
long_content_30k_003/lc30k003_2014_gc2000_rp0.02_mr3E-4_ss200.fa	long_content_30k_003	182	29902
long_content_30k_003/lc30k003_2015_gc2500_rp0.01_mr2E-4_ss100.fa	long_content_30k_003	332	29902
long_content_30k_003/lc30k003_2016_gc2500_rp0.03_mr5E-4_ss100.fa	long_content_30k_003	275	29902
long_content_30k_003/lc30k003_2017_gc2500_rp0.02_mr2E-4_ss100.fa	long_content_30k_003	313	29902
long_content_30k_003/lc30k003_2018_gc2500_rp0.02_mr3E-4_ss100.fa	long_content_30k_003	166	29902
long_content_30k_003/lc30k003_2019_gc2000_rp0.03_mr3E-4_ss100.fa	long_content_30k_003	457	29902
long_content_30k_003/lc30k003_201_gc2500_rp0.01_mr3E-4_ss200.fa	long_content_30k_003	225	29902
long_content_30k_003/lc30k003_2020_gc2500_rp0.02_mr3E-4_ss200.fa	long_content_30k_003	552	29902
long_content_30k_003/lc30k003_2021_gc2500_rp0.03_mr2E-4_ss100.fa	long_content_30k_003	151	29902
long_content_30k_003/lc30k003_2022_gc2500_rp0.01_mr2E-4_ss200.fa	long_content_30k_003	1	4218
long_content_30k_003/lc30k003_2023_gc2000_rp0.01_mr2E-4_ss100.fa	long_content_30k_003	80	29902
long_content_30k_003/lc30k003_2024_gc2000_rp0.02_mr5E-4_ss100.fa	long_content_30k_003	157	29902
long_content_30k_003/lc30k003_2025_gc2000_rp0.03_mr5E-4_ss200.fa	long_content_30k_003	3297	29902
long_content_30k_003/lc30k003_2026_gc2500_rp0.02_mr5E-4_ss100.fa	long_content_30k_003	458	29902
long_content_30k_003/lc30k003_2027_gc2500_rp0.01_mr5E-4_ss200.fa	long_content_30k_003	238	29902
long_content_30k_003/lc30k003_2028_gc2000_rp0.01_mr5E-4_ss100.fa	long_content_30k_003	73	29902
long_content_30k_003/lc30k003_2029_gc2000_rp0.01_mr2E-4_ss200.fa	long_content_30k_003	63	29902
long_content_30k_003/lc30k003_202_gc2500_rp0.02_mr2E-4_ss200.fa	long_content_30k_003	386	29902
long_content_30k_003/lc30k003_2030_gc2500_rp0.03_mr3E-4_ss100.fa	long_content_30k_003	33	29902
long_content_30k_003/lc30k003_2031_gc2000_rp0.03_mr2E-4_ss100.fa	long_content_30k_003	348	29902
long_content_30k_003/lc30k003_2032_gc2500_rp0.01_mr3E-4_ss100.fa	long_content_30k_003	261	29902
long_content_30k_003/lc30k003_2033_gc2000_rp0.03_mr3E-4_ss200.fa	long_content_30k_003	880	29902
long_content_30k_003/lc30k003_2034_gc2000_rp0.01_mr5E-4_ss200.fa	long_content_30k_003	168	20043
long_content_30k_003/lc30k003_2035_gc2000_rp0.02_mr2E-4_ss100.fa	long_content_30k_003	364	29902
long_content_30k_003/lc30k003_2036_gc2000_rp0.03_mr5E-4_ss100.fa	long_content_30k_003	231	29902
long_content_30k_003/lc30k003_2037_gc2500_rp0.01_mr3E-4_ss200.fa	long_content_30k_003	284	29061
long_content_30k_003/lc30k003_2038_gc2500_rp0.02_mr2E-4_ss200.fa	long_content_30k_003	869	29902
long_content_30k_003/lc30k003_2039_gc2500_rp0.01_mr5E-4_ss100.fa	long_content_30k_003	184	29902
long_content_30k_003/lc30k003_203_gc2500_rp0.01_mr5E-4_ss100.fa	long_content_30k_003	50	27930
long_content_30k_003/lc30k003_2040_gc2500_rp0.03_mr3E-4_ss200.fa	long_content_30k_003	1210	29902
long_content_30k_003/lc30k003_2042_gc2000_rp0.01_mr3E-4_ss200.fa	long_content_30k_003	37	29902
long_content_30k_003/lc30k003_2043_gc2000_rp0.02_mr2E-4_ss200.fa	long_content_30k_003	940	29902
long_content_30k_003/lc30k003_2044_gc2500_rp0.02_mr5E-4_ss200.fa	long_content_30k_003	1732	29902
long_content_30k_003/lc30k003_2045_gc2500_rp0.03_mr5E-4_ss200.fa	long_content_30k_003	179	29902
long_content_30k_003/lc30k003_2046_gc2000_rp0.02_mr5E-4_ss200.fa	long_content_30k_003	515	29902
long_content_30k_003/lc30k003_2047_gc2000_rp0.03_mr2E-4_ss200.fa	long_content_30k_003	1185	29902
long_content_30k_003/lc30k003_2048_gc2000_rp0.02_mr3E-4_ss100.fa	long_content_30k_003	61	29902
long_content_30k_003/lc30k003_2049_gc2500_rp0.03_mr2E-4_ss200.fa	long_content_30k_003	775	29902
long_content_30k_003/lc30k003_204_gc2500_rp0.03_mr3E-4_ss200.fa	long_content_30k_003	236	29902
long_content_30k_003/lc30k003_2050_gc2000_rp0.02_mr3E-4_ss200.fa	long_content_30k_003	769	29902
long_content_30k_003/lc30k003_2051_gc2500_rp0.01_mr2E-4_ss100.fa	long_content_30k_003	13	29902
long_content_30k_003/lc30k003_2052_gc2500_rp0.03_mr5E-4_ss100.fa	long_content_30k_003	143	29902
long_content_30k_003/lc30k003_2053_gc2500_rp0.02_mr2E-4_ss100.fa	long_content_30k_003	166	29902
long_content_30k_003/lc30k003_2054_gc2500_rp0.02_mr3E-4_ss100.fa	long_content_30k_003	121	12771
long_content_30k_003/lc30k003_2055_gc2000_rp0.03_mr3E-4_ss100.fa	long_content_30k_003	1020	29902
long_content_30k_003/lc30k003_2056_gc2500_rp0.02_mr3E-4_ss200.fa	long_content_30k_003	715	29902
long_content_30k_003/lc30k003_2057_gc2500_rp0.03_mr2E-4_ss100.fa	long_content_30k_003	338	29902
long_content_30k_003/lc30k003_2058_gc2500_rp0.01_mr2E-4_ss200.fa	long_content_30k_003	74	29902
long_content_30k_003/lc30k003_2059_gc2000_rp0.01_mr2E-4_ss100.fa	long_content_30k_003	79	29902
long_content_30k_003/lc30k003_205_gc2000_rp0.01_mr3E-4_ss100.fa	long_content_30k_003	21	29902
long_content_30k_003/lc30k003_2060_gc2000_rp0.02_mr5E-4_ss100.fa	long_content_30k_003	460	29902
long_content_30k_003/lc30k003_2061_gc2000_rp0.03_mr5E-4_ss200.fa	long_content_30k_003	1119	29902
long_content_30k_003/lc30k003_2062_gc2500_rp0.02_mr5E-4_ss100.fa	long_content_30k_003	211	29902
long_content_30k_003/lc30k003_2063_gc2500_rp0.01_mr5E-4_ss200.fa	long_content_30k_003	4	29902
long_content_30k_003/lc30k003_2064_gc2000_rp0.01_mr5E-4_ss100.fa	long_content_30k_003	558	29902
long_content_30k_003/lc30k003_2065_gc2000_rp0.01_mr2E-4_ss200.fa	long_content_30k_003	150	29902
long_content_30k_003/lc30k003_2066_gc2500_rp0.03_mr3E-4_ss100.fa	long_content_30k_003	963	29902
long_content_30k_003/lc30k003_2067_gc2000_rp0.03_mr2E-4_ss100.fa	long_content_30k_003	231	29902
long_content_30k_003/lc30k003_2068_gc2500_rp0.01_mr3E-4_ss100.fa	long_content_30k_003	108	28917
long_content_30k_003/lc30k003_2069_gc2000_rp0.03_mr3E-4_ss200.fa	long_content_30k_003	1144	29902
long_content_30k_003/lc30k003_206_gc2000_rp0.01_mr3E-4_ss200.fa	long_content_30k_003	1018	29902
long_content_30k_003/lc30k003_2070_gc2000_rp0.01_mr5E-4_ss200.fa	long_content_30k_003	14	29902
long_content_30k_003/lc30k003_2071_gc2000_rp0.02_mr2E-4_ss100.fa	long_content_30k_003	95	29902
long_content_30k_003/lc30k003_2072_gc2000_rp0.03_mr5E-4_ss100.fa	long_content_30k_003	2363	29902
long_content_30k_003/lc30k003_2073_gc2500_rp0.01_mr3E-4_ss200.fa	long_content_30k_003	29	29902
long_content_30k_003/lc30k003_2074_gc2500_rp0.02_mr2E-4_ss200.fa	long_content_30k_003	1024	29902
long_content_30k_003/lc30k003_2075_gc2500_rp0.01_mr5E-4_ss100.fa	long_content_30k_003	156	29902
long_content_30k_003/lc30k003_2076_gc2500_rp0.03_mr3E-4_ss200.fa	long_content_30k_003	1932	29902
long_content_30k_003/lc30k003_2077_gc2000_rp0.01_mr3E-4_ss100.fa	long_content_30k_003	4	29902
long_content_30k_003/lc30k003_2078_gc2000_rp0.01_mr3E-4_ss200.fa	long_content_30k_003	221	29902
long_content_30k_003/lc30k003_2079_gc2000_rp0.02_mr2E-4_ss200.fa	long_content_30k_003	160	29902
long_content_30k_003/lc30k003_207_gc2000_rp0.02_mr2E-4_ss200.fa	long_content_30k_003	484	29902
long_content_30k_003/lc30k003_2080_gc2500_rp0.02_mr5E-4_ss200.fa	long_content_30k_003	1367	29902
long_content_30k_003/lc30k003_2081_gc2500_rp0.03_mr5E-4_ss200.fa	long_content_30k_003	489	29902
long_content_30k_003/lc30k003_2082_gc2000_rp0.02_mr5E-4_ss200.fa	long_content_30k_003	468	29902
long_content_30k_003/lc30k003_2083_gc2000_rp0.03_mr2E-4_ss200.fa	long_content_30k_003	1037	29902
long_content_30k_003/lc30k003_2084_gc2000_rp0.02_mr3E-4_ss100.fa	long_content_30k_003	282	29902
long_content_30k_003/lc30k003_2085_gc2500_rp0.03_mr2E-4_ss200.fa	long_content_30k_003	1699	29902
long_content_30k_003/lc30k003_2086_gc2000_rp0.02_mr3E-4_ss200.fa	long_content_30k_003	194	29902
long_content_30k_003/lc30k003_2087_gc2500_rp0.01_mr2E-4_ss100.fa	long_content_30k_003	279	29902
long_content_30k_003/lc30k003_2088_gc2500_rp0.03_mr5E-4_ss100.fa	long_content_30k_003	470	29902
long_content_30k_003/lc30k003_2089_gc2500_rp0.02_mr2E-4_ss100.fa	long_content_30k_003	91	29902
long_content_30k_003/lc30k003_208_gc2500_rp0.02_mr5E-4_ss200.fa	long_content_30k_003	47	29902
long_content_30k_003/lc30k003_2090_gc2500_rp0.02_mr3E-4_ss100.fa	long_content_30k_003	184	28356
long_content_30k_003/lc30k003_2091_gc2000_rp0.03_mr3E-4_ss100.fa	long_content_30k_003	859	29902
long_content_30k_003/lc30k003_2092_gc2500_rp0.02_mr3E-4_ss200.fa	long_content_30k_003	543	29902
long_content_30k_003/lc30k003_2093_gc2500_rp0.03_mr2E-4_ss100.fa	long_content_30k_003	227	29902
long_content_30k_003/lc30k003_2094_gc2500_rp0.01_mr2E-4_ss200.fa	long_content_30k_003	63	29902
long_content_30k_003/lc30k003_2095_gc2000_rp0.01_mr2E-4_ss100.fa	long_content_30k_003	48	29902
long_content_30k_003/lc30k003_2096_gc2000_rp0.02_mr5E-4_ss100.fa	long_content_30k_003	589	29902
long_content_30k_003/lc30k003_2097_gc2000_rp0.03_mr5E-4_ss200.fa	long_content_30k_003	1057	29902
long_content_30k_003/lc30k003_2098_gc2500_rp0.02_mr5E-4_ss100.fa	long_content_30k_003	342	29902
long_content_30k_003/lc30k003_2099_gc2500_rp0.01_mr5E-4_ss200.fa	long_content_30k_003	248	29902
long_content_30k_003/lc30k003_209_gc2500_rp0.03_mr5E-4_ss200.fa	long_content_30k_003	1224	29902
long_content_30k_003/lc30k003_2100_gc2000_rp0.01_mr5E-4_ss100.fa	long_content_30k_003	73	29902
long_content_30k_003/lc30k003_2101_gc2000_rp0.01_mr2E-4_ss200.fa	long_content_30k_003	248	29902
long_content_30k_003/lc30k003_2102_gc2500_rp0.03_mr3E-4_ss100.fa	long_content_30k_003	571	29902
long_content_30k_003/lc30k003_2103_gc2000_rp0.03_mr2E-4_ss100.fa	long_content_30k_003	1832	29902
long_content_30k_003/lc30k003_2104_gc2500_rp0.01_mr3E-4_ss100.fa	long_content_30k_003	16	29902
long_content_30k_003/lc30k003_2105_gc2000_rp0.03_mr3E-4_ss200.fa	long_content_30k_003	609	29902
long_content_30k_003/lc30k003_2106_gc2000_rp0.01_mr5E-4_ss200.fa	long_content_30k_003	218	29902
long_content_30k_003/lc30k003_2107_gc2000_rp0.02_mr2E-4_ss100.fa	long_content_30k_003	276	29902
long_content_30k_003/lc30k003_2108_gc2000_rp0.03_mr5E-4_ss100.fa	long_content_30k_003	275	29902
long_content_30k_003/lc30k003_2109_gc2500_rp0.01_mr3E-4_ss200.fa	long_content_30k_003	138	29902
long_content_30k_003/lc30k003_210_gc2000_rp0.02_mr5E-4_ss200.fa	long_content_30k_003	747	29902
long_content_30k_003/lc30k003_2110_gc2500_rp0.02_mr2E-4_ss200.fa	long_content_30k_003	454	29902
long_content_30k_003/lc30k003_2111_gc2500_rp0.01_mr5E-4_ss100.fa	long_content_30k_003	176	29902
long_content_30k_003/lc30k003_2112_gc2500_rp0.03_mr3E-4_ss200.fa	long_content_30k_003	1566	29902
long_content_30k_003/lc30k003_2113_gc2000_rp0.01_mr3E-4_ss100.fa	long_content_30k_003	47	25362
long_content_30k_003/lc30k003_2114_gc2000_rp0.01_mr3E-4_ss200.fa	long_content_30k_003	179	29902
long_content_30k_003/lc30k003_2115_gc2000_rp0.02_mr2E-4_ss200.fa	long_content_30k_003	718	29902
long_content_30k_003/lc30k003_2116_gc2500_rp0.02_mr5E-4_ss200.fa	long_content_30k_003	155	29902
long_content_30k_003/lc30k003_2117_gc2500_rp0.03_mr5E-4_ss200.fa	long_content_30k_003	979	29902
long_content_30k_003/lc30k003_2118_gc2000_rp0.02_mr5E-4_ss200.fa	long_content_30k_003	1558	29902
long_content_30k_003/lc30k003_2119_gc2000_rp0.03_mr2E-4_ss200.fa	long_content_30k_003	764	29902
long_content_30k_003/lc30k003_211_gc2000_rp0.03_mr2E-4_ss200.fa	long_content_30k_003	1110	29902
long_content_30k_003/lc30k003_2120_gc2000_rp0.02_mr3E-4_ss100.fa	long_content_30k_003	192	29902
long_content_30k_003/lc30k003_2121_gc2500_rp0.03_mr2E-4_ss200.fa	long_content_30k_003	402	29902
long_content_30k_003/lc30k003_2122_gc2000_rp0.02_mr3E-4_ss200.fa	long_content_30k_003	531	29902
long_content_30k_003/lc30k003_2123_gc2500_rp0.01_mr2E-4_ss100.fa	long_content_30k_003	121	29902
long_content_30k_003/lc30k003_2124_gc2500_rp0.03_mr5E-4_ss100.fa	long_content_30k_003	115	29902
long_content_30k_003/lc30k003_2125_gc2500_rp0.02_mr2E-4_ss100.fa	long_content_30k_003	137	29902
long_content_30k_003/lc30k003_2126_gc2500_rp0.02_mr3E-4_ss100.fa	long_content_30k_003	209	29902
long_content_30k_003/lc30k003_2127_gc2000_rp0.03_mr3E-4_ss100.fa	long_content_30k_003	1075	29902
long_content_30k_003/lc30k003_2128_gc2500_rp0.02_mr3E-4_ss200.fa	long_content_30k_003	68	29902
long_content_30k_003/lc30k003_2129_gc2500_rp0.03_mr2E-4_ss100.fa	long_content_30k_003	229	29902
long_content_30k_003/lc30k003_212_gc2000_rp0.02_mr3E-4_ss100.fa	long_content_30k_003	177	29902
long_content_30k_003/lc30k003_2130_gc2500_rp0.01_mr2E-4_ss200.fa	long_content_30k_003	217	27057
long_content_30k_003/lc30k003_2132_gc2000_rp0.02_mr5E-4_ss100.fa	long_content_30k_003	289	29902
long_content_30k_003/lc30k003_2133_gc2000_rp0.03_mr5E-4_ss200.fa	long_content_30k_003	410	29902
long_content_30k_003/lc30k003_2134_gc2500_rp0.02_mr5E-4_ss100.fa	long_content_30k_003	504	29902
long_content_30k_003/lc30k003_2135_gc2500_rp0.01_mr5E-4_ss200.fa	long_content_30k_003	402	29902
long_content_30k_003/lc30k003_2136_gc2000_rp0.01_mr5E-4_ss100.fa	long_content_30k_003	82	29902
long_content_30k_003/lc30k003_2137_gc2000_rp0.01_mr2E-4_ss200.fa	long_content_30k_003	139	28599
long_content_30k_003/lc30k003_2138_gc2500_rp0.03_mr3E-4_ss100.fa	long_content_30k_003	613	29902
long_content_30k_003/lc30k003_2139_gc2000_rp0.03_mr2E-4_ss100.fa	long_content_30k_003	402	29902
long_content_30k_003/lc30k003_213_gc2500_rp0.03_mr2E-4_ss200.fa	long_content_30k_003	1265	29902
long_content_30k_003/lc30k003_2140_gc2500_rp0.01_mr3E-4_ss100.fa	long_content_30k_003	191	29902
long_content_30k_003/lc30k003_2141_gc2000_rp0.03_mr3E-4_ss200.fa	long_content_30k_003	373	29902
long_content_30k_003/lc30k003_2142_gc2000_rp0.01_mr5E-4_ss200.fa	long_content_30k_003	6	24393
long_content_30k_003/lc30k003_2143_gc2000_rp0.02_mr2E-4_ss100.fa	long_content_30k_003	1165	29902
long_content_30k_003/lc30k003_2144_gc2000_rp0.03_mr5E-4_ss100.fa	long_content_30k_003	270	29902
long_content_30k_003/lc30k003_2145_gc2500_rp0.01_mr3E-4_ss200.fa	long_content_30k_003	515	29902
long_content_30k_003/lc30k003_2146_gc2500_rp0.02_mr2E-4_ss200.fa	long_content_30k_003	920	29902
long_content_30k_003/lc30k003_2147_gc2500_rp0.01_mr5E-4_ss100.fa	long_content_30k_003	16	29902
long_content_30k_003/lc30k003_2148_gc2500_rp0.03_mr3E-4_ss200.fa	long_content_30k_003	1399	29902
long_content_30k_003/lc30k003_2149_gc2000_rp0.01_mr3E-4_ss100.fa	long_content_30k_003	289	29902
long_content_30k_003/lc30k003_214_gc2000_rp0.02_mr3E-4_ss200.fa	long_content_30k_003	315	29902
long_content_30k_003/lc30k003_2150_gc2000_rp0.01_mr3E-4_ss200.fa	long_content_30k_003	69	29902
long_content_30k_003/lc30k003_2151_gc2000_rp0.02_mr2E-4_ss200.fa	long_content_30k_003	137	29902
long_content_30k_003/lc30k003_2152_gc2500_rp0.02_mr5E-4_ss200.fa	long_content_30k_003	147	29902
long_content_30k_003/lc30k003_2153_gc2500_rp0.03_mr5E-4_ss200.fa	long_content_30k_003	1565	29902
long_content_30k_003/lc30k003_2154_gc2000_rp0.02_mr5E-4_ss200.fa	long_content_30k_003	443	29902
long_content_30k_003/lc30k003_2155_gc2000_rp0.03_mr2E-4_ss200.fa	long_content_30k_003	702	29902
long_content_30k_003/lc30k003_2156_gc2000_rp0.02_mr3E-4_ss100.fa	long_content_30k_003	286	29902
long_content_30k_003/lc30k003_2157_gc2500_rp0.03_mr2E-4_ss200.fa	long_content_30k_003	3105	29902
long_content_30k_003/lc30k003_2158_gc2000_rp0.02_mr3E-4_ss200.fa	long_content_30k_003	850	29902
long_content_30k_003/lc30k003_2159_gc2500_rp0.01_mr2E-4_ss100.fa	long_content_30k_003	59	29902
long_content_30k_003/lc30k003_2160_gc2500_rp0.03_mr5E-4_ss100.fa	long_content_30k_003	517	29902
long_content_30k_003/lc30k003_2161_gc2500_rp0.02_mr2E-4_ss100.fa	long_content_30k_003	417	29902
long_content_30k_003/lc30k003_2162_gc2500_rp0.02_mr3E-4_ss100.fa	long_content_30k_003	67	29902
long_content_30k_003/lc30k003_2163_gc2000_rp0.03_mr3E-4_ss100.fa	long_content_30k_003	331	27615
long_content_30k_003/lc30k003_2164_gc2500_rp0.02_mr3E-4_ss200.fa	long_content_30k_003	333	29902
long_content_30k_003/lc30k003_2165_gc2500_rp0.03_mr2E-4_ss100.fa	long_content_30k_003	73	29902
long_content_30k_003/lc30k003_2166_gc2500_rp0.01_mr2E-4_ss200.fa	long_content_30k_003	108	29902
long_content_30k_003/lc30k003_2167_gc2000_rp0.01_mr2E-4_ss100.fa	long_content_30k_003	14	29902
long_content_30k_003/lc30k003_2168_gc2000_rp0.02_mr5E-4_ss100.fa	long_content_30k_003	191	29902
long_content_30k_003/lc30k003_2169_gc2000_rp0.03_mr5E-4_ss200.fa	long_content_30k_003	573	29902
long_content_30k_003/lc30k003_216_gc2500_rp0.03_mr5E-4_ss100.fa	long_content_30k_003	257	29902
long_content_30k_003/lc30k003_2170_gc2500_rp0.02_mr5E-4_ss100.fa	long_content_30k_003	26	29016
long_content_30k_003/lc30k003_2171_gc2500_rp0.01_mr5E-4_ss200.fa	long_content_30k_003	419	29902
long_content_30k_003/lc30k003_2172_gc2000_rp0.01_mr5E-4_ss100.fa	long_content_30k_003	122	29902
long_content_30k_003/lc30k003_2173_gc2000_rp0.01_mr2E-4_ss200.fa	long_content_30k_003	426	29902
long_content_30k_003/lc30k003_2174_gc2500_rp0.03_mr3E-4_ss100.fa	long_content_30k_003	86	29902
long_content_30k_003/lc30k003_2175_gc2000_rp0.03_mr2E-4_ss100.fa	long_content_30k_003	553	29902
long_content_30k_003/lc30k003_2176_gc2500_rp0.01_mr3E-4_ss100.fa	long_content_30k_003	3	12741
long_content_30k_003/lc30k003_2177_gc2000_rp0.03_mr3E-4_ss200.fa	long_content_30k_003	2150	29902
long_content_30k_003/lc30k003_2178_gc2000_rp0.01_mr5E-4_ss200.fa	long_content_30k_003	21	29902
long_content_30k_003/lc30k003_2179_gc2000_rp0.02_mr2E-4_ss100.fa	long_content_30k_003	83	29902
long_content_30k_003/lc30k003_217_gc2500_rp0.02_mr2E-4_ss100.fa	long_content_30k_003	346	28260
long_content_30k_003/lc30k003_2180_gc2000_rp0.03_mr5E-4_ss100.fa	long_content_30k_003	1739	29902
long_content_30k_003/lc30k003_2181_gc2500_rp0.01_mr3E-4_ss200.fa	long_content_30k_003	139	29902
long_content_30k_003/lc30k003_2182_gc2500_rp0.02_mr2E-4_ss200.fa	long_content_30k_003	997	29902
long_content_30k_003/lc30k003_2183_gc2500_rp0.01_mr5E-4_ss100.fa	long_content_30k_003	246	29902
long_content_30k_003/lc30k003_2184_gc2500_rp0.03_mr3E-4_ss200.fa	long_content_30k_003	1879	29902
long_content_30k_003/lc30k003_2185_gc2000_rp0.01_mr3E-4_ss100.fa	long_content_30k_003	35	29902
long_content_30k_003/lc30k003_2186_gc2000_rp0.01_mr3E-4_ss200.fa	long_content_30k_003	237	29902
long_content_30k_003/lc30k003_2187_gc2000_rp0.02_mr2E-4_ss200.fa	long_content_30k_003	556	29902
long_content_30k_003/lc30k003_2188_gc2500_rp0.02_mr5E-4_ss200.fa	long_content_30k_003	575	29902
long_content_30k_003/lc30k003_2189_gc2500_rp0.03_mr5E-4_ss200.fa	long_content_30k_003	568	29902
long_content_30k_003/lc30k003_218_gc2500_rp0.02_mr3E-4_ss100.fa	long_content_30k_003	11	24273
long_content_30k_003/lc30k003_2190_gc2000_rp0.02_mr5E-4_ss200.fa	long_content_30k_003	223	29902
long_content_30k_003/lc30k003_2191_gc2000_rp0.03_mr2E-4_ss200.fa	long_content_30k_003	229	29902
long_content_30k_003/lc30k003_2192_gc2000_rp0.02_mr3E-4_ss100.fa	long_content_30k_003	38	29902
long_content_30k_003/lc30k003_2193_gc2500_rp0.03_mr2E-4_ss200.fa	long_content_30k_003	837	29902
long_content_30k_003/lc30k003_2194_gc2000_rp0.02_mr3E-4_ss200.fa	long_content_30k_003	401	29902
long_content_30k_003/lc30k003_2195_gc2500_rp0.01_mr2E-4_ss100.fa	long_content_30k_003	52	21036
long_content_30k_003/lc30k003_2196_gc2500_rp0.03_mr5E-4_ss100.fa	long_content_30k_003	1070	29902
long_content_30k_003/lc30k003_2197_gc2500_rp0.02_mr2E-4_ss100.fa	long_content_30k_003	346	29902
long_content_30k_003/lc30k003_2198_gc2500_rp0.02_mr3E-4_ss100.fa	long_content_30k_003	13	29902
long_content_30k_003/lc30k003_2199_gc2000_rp0.03_mr3E-4_ss100.fa	long_content_30k_003	709	29902
long_content_30k_003/lc30k003_219_gc2000_rp0.03_mr3E-4_ss100.fa	long_content_30k_003	237	29902
long_content_30k_003/lc30k003_2200_gc2500_rp0.02_mr3E-4_ss200.fa	long_content_30k_003	161	29902
long_content_30k_003/lc30k003_2201_gc2500_rp0.03_mr2E-4_ss100.fa	long_content_30k_003	363	29902
long_content_30k_003/lc30k003_2202_gc2500_rp0.01_mr2E-4_ss200.fa	long_content_30k_003	353	29902
long_content_30k_003/lc30k003_2204_gc2000_rp0.02_mr5E-4_ss100.fa	long_content_30k_003	64	29902
long_content_30k_003/lc30k003_2205_gc2000_rp0.03_mr5E-4_ss200.fa	long_content_30k_003	293	29902
long_content_30k_003/lc30k003_2206_gc2500_rp0.02_mr5E-4_ss100.fa	long_content_30k_003	389	29902
long_content_30k_003/lc30k003_2207_gc2500_rp0.01_mr5E-4_ss200.fa	long_content_30k_003	258	29902
long_content_30k_003/lc30k003_2208_gc2000_rp0.01_mr5E-4_ss100.fa	long_content_30k_003	171	29902
long_content_30k_003/lc30k003_2209_gc2000_rp0.01_mr2E-4_ss200.fa	long_content_30k_003	9	29436
long_content_30k_003/lc30k003_220_gc2500_rp0.02_mr3E-4_ss200.fa	long_content_30k_003	250	29902
long_content_30k_003/lc30k003_2210_gc2500_rp0.03_mr3E-4_ss100.fa	long_content_30k_003	578	29902
long_content_30k_003/lc30k003_2211_gc2000_rp0.03_mr2E-4_ss100.fa	long_content_30k_003	267	29902
long_content_30k_003/lc30k003_2212_gc2500_rp0.01_mr3E-4_ss100.fa	long_content_30k_003	65	29902
long_content_30k_003/lc30k003_2213_gc2000_rp0.03_mr3E-4_ss200.fa	long_content_30k_003	1348	29902
long_content_30k_003/lc30k003_2214_gc2000_rp0.01_mr5E-4_ss200.fa	long_content_30k_003	635	29902
long_content_30k_003/lc30k003_2215_gc2000_rp0.02_mr2E-4_ss100.fa	long_content_30k_003	74	26733
long_content_30k_003/lc30k003_2216_gc2000_rp0.03_mr5E-4_ss100.fa	long_content_30k_003	1167	29902
long_content_30k_003/lc30k003_2217_gc2500_rp0.01_mr3E-4_ss200.fa	long_content_30k_003	411	29367
long_content_30k_003/lc30k003_2218_gc2500_rp0.02_mr2E-4_ss200.fa	long_content_30k_003	666	29902
long_content_30k_003/lc30k003_2219_gc2500_rp0.01_mr5E-4_ss100.fa	long_content_30k_003	332	29902
long_content_30k_003/lc30k003_221_gc2500_rp0.03_mr2E-4_ss100.fa	long_content_30k_003	181	29902
long_content_30k_003/lc30k003_2220_gc2500_rp0.03_mr3E-4_ss200.fa	long_content_30k_003	299	29902
long_content_30k_003/lc30k003_2221_gc2000_rp0.01_mr3E-4_ss100.fa	long_content_30k_003	6	29337
long_content_30k_003/lc30k003_2222_gc2000_rp0.01_mr3E-4_ss200.fa	long_content_30k_003	40	17760
long_content_30k_003/lc30k003_2223_gc2000_rp0.02_mr2E-4_ss200.fa	long_content_30k_003	634	29902
long_content_30k_003/lc30k003_2224_gc2500_rp0.02_mr5E-4_ss200.fa	long_content_30k_003	212	29902
long_content_30k_003/lc30k003_2225_gc2500_rp0.03_mr5E-4_ss200.fa	long_content_30k_003	1003	29902
long_content_30k_003/lc30k003_2226_gc2000_rp0.02_mr5E-4_ss200.fa	long_content_30k_003	84	29902
long_content_30k_003/lc30k003_2227_gc2000_rp0.03_mr2E-4_ss200.fa	long_content_30k_003	824	29902
long_content_30k_003/lc30k003_2228_gc2000_rp0.02_mr3E-4_ss100.fa	long_content_30k_003	366	29902
long_content_30k_003/lc30k003_2229_gc2500_rp0.03_mr2E-4_ss200.fa	long_content_30k_003	521	29902
long_content_30k_003/lc30k003_222_gc2500_rp0.01_mr2E-4_ss200.fa	long_content_30k_003	334	29902
long_content_30k_003/lc30k003_2230_gc2000_rp0.02_mr3E-4_ss200.fa	long_content_30k_003	1228	29902
long_content_30k_003/lc30k003_2231_gc2500_rp0.01_mr2E-4_ss100.fa	long_content_30k_003	100	29902
long_content_30k_003/lc30k003_2232_gc2500_rp0.03_mr5E-4_ss100.fa	long_content_30k_003	810	29902
long_content_30k_003/lc30k003_2233_gc2500_rp0.02_mr2E-4_ss100.fa	long_content_30k_003	1081	29902
long_content_30k_003/lc30k003_2234_gc2500_rp0.02_mr3E-4_ss100.fa	long_content_30k_003	570	29902
long_content_30k_003/lc30k003_2235_gc2000_rp0.03_mr3E-4_ss100.fa	long_content_30k_003	692	29902
long_content_30k_003/lc30k003_2236_gc2500_rp0.02_mr3E-4_ss200.fa	long_content_30k_003	675	29902
long_content_30k_003/lc30k003_2237_gc2500_rp0.03_mr2E-4_ss100.fa	long_content_30k_003	520	29902
long_content_30k_003/lc30k003_2238_gc2500_rp0.01_mr2E-4_ss200.fa	long_content_30k_003	89	29902
long_content_30k_003/lc30k003_2239_gc2000_rp0.01_mr2E-4_ss100.fa	long_content_30k_003	109	29862
long_content_30k_003/lc30k003_223_gc2000_rp0.01_mr2E-4_ss100.fa	long_content_30k_003	231	29902
long_content_30k_003/lc30k003_2240_gc2000_rp0.02_mr5E-4_ss100.fa	long_content_30k_003	11	29902
long_content_30k_003/lc30k003_2241_gc2000_rp0.03_mr5E-4_ss200.fa	long_content_30k_003	2447	29902
long_content_30k_003/lc30k003_2242_gc2500_rp0.02_mr5E-4_ss100.fa	long_content_30k_003	270	29902
long_content_30k_003/lc30k003_2243_gc2500_rp0.01_mr5E-4_ss200.fa	long_content_30k_003	61	14361
long_content_30k_003/lc30k003_2244_gc2000_rp0.01_mr5E-4_ss100.fa	long_content_30k_003	102	29902
long_content_30k_003/lc30k003_2245_gc2000_rp0.01_mr2E-4_ss200.fa	long_content_30k_003	15	21030
long_content_30k_003/lc30k003_2246_gc2500_rp0.03_mr3E-4_ss100.fa	long_content_30k_003	763	29902
long_content_30k_003/lc30k003_2247_gc2000_rp0.03_mr2E-4_ss100.fa	long_content_30k_003	303	29902
long_content_30k_003/lc30k003_2248_gc2500_rp0.01_mr3E-4_ss100.fa	long_content_30k_003	35	29902
long_content_30k_003/lc30k003_2249_gc2000_rp0.03_mr3E-4_ss200.fa	long_content_30k_003	205	29902
long_content_30k_003/lc30k003_224_gc2000_rp0.02_mr5E-4_ss100.fa	long_content_30k_003	78	29902
long_content_30k_003/lc30k003_2250_gc2000_rp0.01_mr5E-4_ss200.fa	long_content_30k_003	334	29902
long_content_30k_003/lc30k003_2251_gc2000_rp0.02_mr2E-4_ss100.fa	long_content_30k_003	7	29902
long_content_30k_003/lc30k003_2252_gc2000_rp0.03_mr5E-4_ss100.fa	long_content_30k_003	826	29902
long_content_30k_003/lc30k003_2253_gc2500_rp0.01_mr3E-4_ss200.fa	long_content_30k_003	459	29902
long_content_30k_003/lc30k003_2254_gc2500_rp0.02_mr2E-4_ss200.fa	long_content_30k_003	1122	29902
long_content_30k_003/lc30k003_2255_gc2500_rp0.01_mr5E-4_ss100.fa	long_content_30k_003	107	29902
long_content_30k_003/lc30k003_2256_gc2500_rp0.03_mr3E-4_ss200.fa	long_content_30k_003	840	29902
long_content_30k_003/lc30k003_2257_gc2000_rp0.01_mr3E-4_ss100.fa	long_content_30k_003	114	17532
long_content_30k_003/lc30k003_2258_gc2000_rp0.01_mr3E-4_ss200.fa	long_content_30k_003	303	29902
long_content_30k_003/lc30k003_2259_gc2000_rp0.02_mr2E-4_ss200.fa	long_content_30k_003	1016	29902
long_content_30k_003/lc30k003_225_gc2000_rp0.03_mr5E-4_ss200.fa	long_content_30k_003	383	29902
long_content_30k_003/lc30k003_2260_gc2500_rp0.02_mr5E-4_ss200.fa	long_content_30k_003	189	29902
long_content_30k_003/lc30k003_2261_gc2500_rp0.03_mr5E-4_ss200.fa	long_content_30k_003	1062	29902
long_content_30k_003/lc30k003_2262_gc2000_rp0.02_mr5E-4_ss200.fa	long_content_30k_003	419	29902
long_content_30k_003/lc30k003_2263_gc2000_rp0.03_mr2E-4_ss200.fa	long_content_30k_003	541	29902
long_content_30k_003/lc30k003_2264_gc2000_rp0.02_mr3E-4_ss100.fa	long_content_30k_003	374	29902
long_content_30k_003/lc30k003_2265_gc2500_rp0.03_mr2E-4_ss200.fa	long_content_30k_003	553	29902
long_content_30k_003/lc30k003_2266_gc2000_rp0.02_mr3E-4_ss200.fa	long_content_30k_003	1025	29902
long_content_30k_003/lc30k003_2267_gc2500_rp0.01_mr2E-4_ss100.fa	long_content_30k_003	51	29902
long_content_30k_003/lc30k003_2268_gc2500_rp0.03_mr5E-4_ss100.fa	long_content_30k_003	328	29902
long_content_30k_003/lc30k003_2269_gc2500_rp0.02_mr2E-4_ss100.fa	long_content_30k_003	102	29902
long_content_30k_003/lc30k003_226_gc2500_rp0.02_mr5E-4_ss100.fa	long_content_30k_003	165	26478
long_content_30k_003/lc30k003_2270_gc2500_rp0.02_mr3E-4_ss100.fa	long_content_30k_003	257	29902
long_content_30k_003/lc30k003_2271_gc2000_rp0.03_mr3E-4_ss100.fa	long_content_30k_003	205	29902
long_content_30k_003/lc30k003_2272_gc2500_rp0.02_mr3E-4_ss200.fa	long_content_30k_003	475	29902
long_content_30k_003/lc30k003_2273_gc2500_rp0.03_mr2E-4_ss100.fa	long_content_30k_003	366	29902
long_content_30k_003/lc30k003_2274_gc2500_rp0.01_mr2E-4_ss200.fa	long_content_30k_003	25	29902
long_content_30k_003/lc30k003_2275_gc2000_rp0.01_mr2E-4_ss100.fa	long_content_30k_003	185	29902
long_content_30k_003/lc30k003_2276_gc2000_rp0.02_mr5E-4_ss100.fa	long_content_30k_003	98	29902
long_content_30k_003/lc30k003_2277_gc2000_rp0.03_mr5E-4_ss200.fa	long_content_30k_003	375	29902
long_content_30k_003/lc30k003_2278_gc2500_rp0.02_mr5E-4_ss100.fa	long_content_30k_003	176	29902
long_content_30k_003/lc30k003_2279_gc2500_rp0.01_mr5E-4_ss200.fa	long_content_30k_003	4	25773
long_content_30k_003/lc30k003_227_gc2500_rp0.01_mr5E-4_ss200.fa	long_content_30k_003	3	15420
long_content_30k_003/lc30k003_2280_gc2000_rp0.01_mr5E-4_ss100.fa	long_content_30k_003	191	29902
long_content_30k_003/lc30k003_2281_gc2000_rp0.01_mr2E-4_ss200.fa	long_content_30k_003	131	29902
long_content_30k_003/lc30k003_2282_gc2500_rp0.03_mr3E-4_ss100.fa	long_content_30k_003	208	29902
long_content_30k_003/lc30k003_2283_gc2000_rp0.03_mr2E-4_ss100.fa	long_content_30k_003	293	29902
long_content_30k_003/lc30k003_2284_gc2500_rp0.01_mr3E-4_ss100.fa	long_content_30k_003	46	26475
long_content_30k_003/lc30k003_2285_gc2000_rp0.03_mr3E-4_ss200.fa	long_content_30k_003	980	29902
long_content_30k_003/lc30k003_2286_gc2000_rp0.01_mr5E-4_ss200.fa	long_content_30k_003	322	29902
long_content_30k_003/lc30k003_2287_gc2000_rp0.02_mr2E-4_ss100.fa	long_content_30k_003	655	29902
long_content_30k_003/lc30k003_2288_gc2000_rp0.03_mr5E-4_ss100.fa	long_content_30k_003	281	29902
long_content_30k_003/lc30k003_2289_gc2500_rp0.01_mr3E-4_ss200.fa	long_content_30k_003	116	29902
long_content_30k_003/lc30k003_228_gc2000_rp0.01_mr5E-4_ss100.fa	long_content_30k_003	51	29902
long_content_30k_003/lc30k003_2290_gc2500_rp0.02_mr2E-4_ss200.fa	long_content_30k_003	638	29902
long_content_30k_003/lc30k003_2292_gc2500_rp0.03_mr3E-4_ss200.fa	long_content_30k_003	1002	29902
long_content_30k_003/lc30k003_2293_gc2000_rp0.01_mr3E-4_ss100.fa	long_content_30k_003	403	29902
long_content_30k_003/lc30k003_2294_gc2000_rp0.01_mr3E-4_ss200.fa	long_content_30k_003	57	20640
long_content_30k_003/lc30k003_2295_gc2000_rp0.02_mr2E-4_ss200.fa	long_content_30k_003	723	29902
long_content_30k_003/lc30k003_2296_gc2500_rp0.02_mr5E-4_ss200.fa	long_content_30k_003	95	29902
long_content_30k_003/lc30k003_2297_gc2500_rp0.03_mr5E-4_ss200.fa	long_content_30k_003	441	29902
long_content_30k_003/lc30k003_2298_gc2000_rp0.02_mr5E-4_ss200.fa	long_content_30k_003	320	25209
long_content_30k_003/lc30k003_2299_gc2000_rp0.03_mr2E-4_ss200.fa	long_content_30k_003	893	29902
long_content_30k_003/lc30k003_229_gc2000_rp0.01_mr2E-4_ss200.fa	long_content_30k_003	148	29902
long_content_30k_003/lc30k003_2300_gc2000_rp0.02_mr3E-4_ss100.fa	long_content_30k_003	192	29902
long_content_30k_003/lc30k003_2301_gc2500_rp0.03_mr2E-4_ss200.fa	long_content_30k_003	127	29902
long_content_30k_003/lc30k003_2302_gc2000_rp0.02_mr3E-4_ss200.fa	long_content_30k_003	907	29902
long_content_30k_003/lc30k003_2303_gc2500_rp0.01_mr2E-4_ss100.fa	long_content_30k_003	215	29902
long_content_30k_003/lc30k003_2304_gc2500_rp0.03_mr5E-4_ss100.fa	long_content_30k_003	370	29902
long_content_30k_003/lc30k003_2305_gc2500_rp0.02_mr2E-4_ss100.fa	long_content_30k_003	47	29902
long_content_30k_003/lc30k003_2306_gc2500_rp0.02_mr3E-4_ss100.fa	long_content_30k_003	548	29902
long_content_30k_003/lc30k003_2307_gc2000_rp0.03_mr3E-4_ss100.fa	long_content_30k_003	345	29902
long_content_30k_003/lc30k003_2308_gc2500_rp0.02_mr3E-4_ss200.fa	long_content_30k_003	1034	29902
long_content_30k_003/lc30k003_2309_gc2500_rp0.03_mr2E-4_ss100.fa	long_content_30k_003	441	29902
long_content_30k_003/lc30k003_230_gc2500_rp0.03_mr3E-4_ss100.fa	long_content_30k_003	305	29902
long_content_30k_003/lc30k003_2310_gc2500_rp0.01_mr2E-4_ss200.fa	long_content_30k_003	76	29902
long_content_30k_003/lc30k003_2311_gc2000_rp0.01_mr2E-4_ss100.fa	long_content_30k_003	56	29902
long_content_30k_003/lc30k003_2312_gc2000_rp0.02_mr5E-4_ss100.fa	long_content_30k_003	541	29902
long_content_30k_003/lc30k003_2313_gc2000_rp0.03_mr5E-4_ss200.fa	long_content_30k_003	188	27303
long_content_30k_003/lc30k003_2314_gc2500_rp0.02_mr5E-4_ss100.fa	long_content_30k_003	233	29902
long_content_30k_003/lc30k003_2315_gc2500_rp0.01_mr5E-4_ss200.fa	long_content_30k_003	193	29902
long_content_30k_003/lc30k003_2316_gc2000_rp0.01_mr5E-4_ss100.fa	long_content_30k_003	82	29902
long_content_30k_003/lc30k003_2317_gc2000_rp0.01_mr2E-4_ss200.fa	long_content_30k_003	14	19842
long_content_30k_003/lc30k003_2318_gc2500_rp0.03_mr3E-4_ss100.fa	long_content_30k_003	457	29902
long_content_30k_003/lc30k003_2319_gc2000_rp0.03_mr2E-4_ss100.fa	long_content_30k_003	842	29902
long_content_30k_003/lc30k003_231_gc2000_rp0.03_mr2E-4_ss100.fa	long_content_30k_003	212	29902
long_content_30k_003/lc30k003_2320_gc2500_rp0.01_mr3E-4_ss100.fa	long_content_30k_003	141	29902
long_content_30k_003/lc30k003_2321_gc2000_rp0.03_mr3E-4_ss200.fa	long_content_30k_003	993	29902
long_content_30k_003/lc30k003_2322_gc2000_rp0.01_mr5E-4_ss200.fa	long_content_30k_003	341	29902
long_content_30k_003/lc30k003_2323_gc2000_rp0.02_mr2E-4_ss100.fa	long_content_30k_003	277	29902
long_content_30k_003/lc30k003_2324_gc2000_rp0.03_mr5E-4_ss100.fa	long_content_30k_003	873	29902
long_content_30k_003/lc30k003_2325_gc2500_rp0.01_mr3E-4_ss200.fa	long_content_30k_003	32	29902
long_content_30k_003/lc30k003_2326_gc2500_rp0.02_mr2E-4_ss200.fa	long_content_30k_003	221	29902
long_content_30k_003/lc30k003_2327_gc2500_rp0.01_mr5E-4_ss100.fa	long_content_30k_003	31	26487
long_content_30k_003/lc30k003_2329_gc2000_rp0.01_mr3E-4_ss100.fa	long_content_30k_003	309	29902
long_content_30k_003/lc30k003_232_gc2500_rp0.01_mr3E-4_ss100.fa	long_content_30k_003	117	29902
long_content_30k_003/lc30k003_2330_gc2000_rp0.01_mr3E-4_ss200.fa	long_content_30k_003	349	28599
long_content_30k_003/lc30k003_2331_gc2000_rp0.02_mr2E-4_ss200.fa	long_content_30k_003	171	29902
long_content_30k_003/lc30k003_2332_gc2500_rp0.02_mr5E-4_ss200.fa	long_content_30k_003	1401	29902
long_content_30k_003/lc30k003_2333_gc2500_rp0.03_mr5E-4_ss200.fa	long_content_30k_003	1776	29902
long_content_30k_003/lc30k003_2334_gc2000_rp0.02_mr5E-4_ss200.fa	long_content_30k_003	299	29902
long_content_30k_003/lc30k003_2335_gc2000_rp0.03_mr2E-4_ss200.fa	long_content_30k_003	540	29902
long_content_30k_003/lc30k003_2336_gc2000_rp0.02_mr3E-4_ss100.fa	long_content_30k_003	217	29902
long_content_30k_003/lc30k003_2337_gc2500_rp0.03_mr2E-4_ss200.fa	long_content_30k_003	1522	29902
long_content_30k_003/lc30k003_2338_gc2000_rp0.02_mr3E-4_ss200.fa	long_content_30k_003	341	29902
long_content_30k_003/lc30k003_233_gc2000_rp0.03_mr3E-4_ss200.fa	long_content_30k_003	1126	29902
long_content_30k_003/lc30k003_2340_gc2500_rp0.03_mr5E-4_ss100.fa	long_content_30k_003	340	29902
long_content_30k_003/lc30k003_2341_gc2500_rp0.02_mr2E-4_ss100.fa	long_content_30k_003	51	29902
long_content_30k_003/lc30k003_2342_gc2500_rp0.02_mr3E-4_ss100.fa	long_content_30k_003	665	29902
long_content_30k_003/lc30k003_2343_gc2000_rp0.03_mr3E-4_ss100.fa	long_content_30k_003	635	29902
long_content_30k_003/lc30k003_2344_gc2500_rp0.02_mr3E-4_ss200.fa	long_content_30k_003	730	29902
long_content_30k_003/lc30k003_2345_gc2500_rp0.03_mr2E-4_ss100.fa	long_content_30k_003	398	29902
long_content_30k_003/lc30k003_2346_gc2500_rp0.01_mr2E-4_ss200.fa	long_content_30k_003	300	29902
long_content_30k_003/lc30k003_2347_gc2000_rp0.01_mr2E-4_ss100.fa	long_content_30k_003	33	29902
long_content_30k_003/lc30k003_2348_gc2000_rp0.02_mr5E-4_ss100.fa	long_content_30k_003	337	29902
long_content_30k_003/lc30k003_2349_gc2000_rp0.03_mr5E-4_ss200.fa	long_content_30k_003	1484	29902
long_content_30k_003/lc30k003_234_gc2000_rp0.01_mr5E-4_ss200.fa	long_content_30k_003	81	29902
long_content_30k_003/lc30k003_2350_gc2500_rp0.02_mr5E-4_ss100.fa	long_content_30k_003	415	29902
long_content_30k_003/lc30k003_2351_gc2500_rp0.01_mr5E-4_ss200.fa	long_content_30k_003	140	29902
long_content_30k_003/lc30k003_2352_gc2000_rp0.01_mr5E-4_ss100.fa	long_content_30k_003	39	29902
long_content_30k_003/lc30k003_2353_gc2000_rp0.01_mr2E-4_ss200.fa	long_content_30k_003	156	22932
long_content_30k_003/lc30k003_2354_gc2500_rp0.03_mr3E-4_ss100.fa	long_content_30k_003	286	29902
long_content_30k_003/lc30k003_2355_gc2000_rp0.03_mr2E-4_ss100.fa	long_content_30k_003	107	29902
long_content_30k_003/lc30k003_2356_gc2500_rp0.01_mr3E-4_ss100.fa	long_content_30k_003	13	29902
long_content_30k_003/lc30k003_2357_gc2000_rp0.03_mr3E-4_ss200.fa	long_content_30k_003	261	29902
long_content_30k_003/lc30k003_2358_gc2000_rp0.01_mr5E-4_ss200.fa	long_content_30k_003	560	29902
long_content_30k_003/lc30k003_2359_gc2000_rp0.02_mr2E-4_ss100.fa	long_content_30k_003	240	29902
long_content_30k_003/lc30k003_235_gc2000_rp0.02_mr2E-4_ss100.fa	long_content_30k_003	54	29902
long_content_30k_003/lc30k003_2360_gc2000_rp0.03_mr5E-4_ss100.fa	long_content_30k_003	466	29902
long_content_30k_003/lc30k003_2361_gc2500_rp0.01_mr3E-4_ss200.fa	long_content_30k_003	4	11550
long_content_30k_003/lc30k003_2362_gc2500_rp0.02_mr2E-4_ss200.fa	long_content_30k_003	595	29902
long_content_30k_003/lc30k003_2363_gc2500_rp0.01_mr5E-4_ss100.fa	long_content_30k_003	126	29902
long_content_30k_003/lc30k003_2364_gc2500_rp0.03_mr3E-4_ss200.fa	long_content_30k_003	2206	29902
long_content_30k_003/lc30k003_2365_gc2000_rp0.01_mr3E-4_ss100.fa	long_content_30k_003	42	29902
long_content_30k_003/lc30k003_2366_gc2000_rp0.01_mr3E-4_ss200.fa	long_content_30k_003	382	29902
long_content_30k_003/lc30k003_2367_gc2000_rp0.02_mr2E-4_ss200.fa	long_content_30k_003	18	26799
long_content_30k_003/lc30k003_2368_gc2500_rp0.02_mr5E-4_ss200.fa	long_content_30k_003	95	29902
long_content_30k_003/lc30k003_2369_gc2500_rp0.03_mr5E-4_ss200.fa	long_content_30k_003	229	29902
long_content_30k_003/lc30k003_236_gc2000_rp0.03_mr5E-4_ss100.fa	long_content_30k_003	123	29902
long_content_30k_003/lc30k003_2370_gc2000_rp0.02_mr5E-4_ss200.fa	long_content_30k_003	926	29902
long_content_30k_003/lc30k003_2371_gc2000_rp0.03_mr2E-4_ss200.fa	long_content_30k_003	793	29902
long_content_30k_003/lc30k003_2372_gc2000_rp0.02_mr3E-4_ss100.fa	long_content_30k_003	280	29902
long_content_30k_003/lc30k003_2373_gc2500_rp0.03_mr2E-4_ss200.fa	long_content_30k_003	1029	29902
long_content_30k_003/lc30k003_2374_gc2000_rp0.02_mr3E-4_ss200.fa	long_content_30k_003	1075	29902
long_content_30k_003/lc30k003_2375_gc2500_rp0.01_mr2E-4_ss100.fa	long_content_30k_003	87	29902
long_content_30k_003/lc30k003_2376_gc2500_rp0.03_mr5E-4_ss100.fa	long_content_30k_003	946	29902
long_content_30k_003/lc30k003_2377_gc2500_rp0.02_mr2E-4_ss100.fa	long_content_30k_003	150	29902
long_content_30k_003/lc30k003_2378_gc2500_rp0.02_mr3E-4_ss100.fa	long_content_30k_003	453	29902
long_content_30k_003/lc30k003_2379_gc2000_rp0.03_mr3E-4_ss100.fa	long_content_30k_003	38	29902
long_content_30k_003/lc30k003_237_gc2500_rp0.01_mr3E-4_ss200.fa	long_content_30k_003	366	23253
long_content_30k_003/lc30k003_2380_gc2500_rp0.02_mr3E-4_ss200.fa	long_content_30k_003	345	29902
long_content_30k_003/lc30k003_2381_gc2500_rp0.03_mr2E-4_ss100.fa	long_content_30k_003	410	29902
long_content_30k_003/lc30k003_2382_gc2500_rp0.01_mr2E-4_ss200.fa	long_content_30k_003	94	29902
long_content_30k_003/lc30k003_2383_gc2000_rp0.01_mr2E-4_ss100.fa	long_content_30k_003	123	25692
long_content_30k_003/lc30k003_2384_gc2000_rp0.02_mr5E-4_ss100.fa	long_content_30k_003	488	29902
long_content_30k_003/lc30k003_2385_gc2000_rp0.03_mr5E-4_ss200.fa	long_content_30k_003	1229	29902
long_content_30k_003/lc30k003_2386_gc2500_rp0.02_mr5E-4_ss100.fa	long_content_30k_003	404	29902
long_content_30k_003/lc30k003_2387_gc2500_rp0.01_mr5E-4_ss200.fa	long_content_30k_003	695	29902
long_content_30k_003/lc30k003_2388_gc2000_rp0.01_mr5E-4_ss100.fa	long_content_30k_003	7	29902
long_content_30k_003/lc30k003_2389_gc2000_rp0.01_mr2E-4_ss200.fa	long_content_30k_003	93	28272
long_content_30k_003/lc30k003_238_gc2500_rp0.02_mr2E-4_ss200.fa	long_content_30k_003	106	29902
long_content_30k_003/lc30k003_2390_gc2500_rp0.03_mr3E-4_ss100.fa	long_content_30k_003	267	29902
long_content_30k_003/lc30k003_2391_gc2000_rp0.03_mr2E-4_ss100.fa	long_content_30k_003	621	29902
long_content_30k_003/lc30k003_2392_gc2500_rp0.01_mr3E-4_ss100.fa	long_content_30k_003	57	29697
long_content_30k_003/lc30k003_2393_gc2000_rp0.03_mr3E-4_ss200.fa	long_content_30k_003	156	29902
long_content_30k_003/lc30k003_2394_gc2000_rp0.01_mr5E-4_ss200.fa	long_content_30k_003	212	29902
long_content_30k_003/lc30k003_2395_gc2000_rp0.02_mr2E-4_ss100.fa	long_content_30k_003	536	29902
long_content_30k_003/lc30k003_2396_gc2000_rp0.03_mr5E-4_ss100.fa	long_content_30k_003	464	29902
long_content_30k_003/lc30k003_2397_gc2500_rp0.01_mr3E-4_ss200.fa	long_content_30k_003	107	29902
long_content_30k_003/lc30k003_2398_gc2500_rp0.02_mr2E-4_ss200.fa	long_content_30k_003	399	29902
long_content_30k_003/lc30k003_2399_gc2500_rp0.01_mr5E-4_ss100.fa	long_content_30k_003	164	27954
long_content_30k_003/lc30k003_239_gc2500_rp0.01_mr5E-4_ss100.fa	long_content_30k_003	126	22533
long_content_30k_003/lc30k003_2400_gc2500_rp0.03_mr3E-4_ss200.fa	long_content_30k_003	1156	29902
long_content_30k_003/lc30k003_2401_gc2000_rp0.01_mr3E-4_ss100.fa	long_content_30k_003	140	29902
long_content_30k_003/lc30k003_2403_gc2000_rp0.02_mr2E-4_ss200.fa	long_content_30k_003	1278	29902
long_content_30k_003/lc30k003_2404_gc2500_rp0.02_mr5E-4_ss200.fa	long_content_30k_003	308	29902
long_content_30k_003/lc30k003_2405_gc2500_rp0.03_mr5E-4_ss200.fa	long_content_30k_003	1446	29902
long_content_30k_003/lc30k003_2406_gc2000_rp0.02_mr5E-4_ss200.fa	long_content_30k_003	171	29902
long_content_30k_003/lc30k003_2407_gc2000_rp0.03_mr2E-4_ss200.fa	long_content_30k_003	405	29902
long_content_30k_003/lc30k003_2408_gc2000_rp0.02_mr3E-4_ss100.fa	long_content_30k_003	281	29902
long_content_30k_003/lc30k003_2409_gc2500_rp0.03_mr2E-4_ss200.fa	long_content_30k_003	489	29902
long_content_30k_003/lc30k003_240_gc2500_rp0.03_mr3E-4_ss200.fa	long_content_30k_003	603	29902
long_content_30k_003/lc30k003_2410_gc2000_rp0.02_mr3E-4_ss200.fa	long_content_30k_003	309	29902
long_content_30k_003/lc30k003_2411_gc2500_rp0.01_mr2E-4_ss100.fa	long_content_30k_003	127	29902
long_content_30k_003/lc30k003_2412_gc2500_rp0.03_mr5E-4_ss100.fa	long_content_30k_003	329	29902
long_content_30k_003/lc30k003_2413_gc2500_rp0.02_mr2E-4_ss100.fa	long_content_30k_003	642	29902
long_content_30k_003/lc30k003_2414_gc2500_rp0.02_mr3E-4_ss100.fa	long_content_30k_003	260	29902
long_content_30k_003/lc30k003_2415_gc2000_rp0.03_mr3E-4_ss100.fa	long_content_30k_003	621	29902
long_content_30k_003/lc30k003_2416_gc2500_rp0.02_mr3E-4_ss200.fa	long_content_30k_003	904	29902
long_content_30k_003/lc30k003_2417_gc2500_rp0.03_mr2E-4_ss100.fa	long_content_30k_003	966	29902
long_content_30k_003/lc30k003_2418_gc2500_rp0.01_mr2E-4_ss200.fa	long_content_30k_003	238	29902
long_content_30k_003/lc30k003_2419_gc2000_rp0.01_mr2E-4_ss100.fa	long_content_30k_003	105	29902
long_content_30k_003/lc30k003_241_gc2000_rp0.01_mr3E-4_ss100.fa	long_content_30k_003	7	29902
long_content_30k_003/lc30k003_2420_gc2000_rp0.02_mr5E-4_ss100.fa	long_content_30k_003	250	29902
long_content_30k_003/lc30k003_2421_gc2000_rp0.03_mr5E-4_ss200.fa	long_content_30k_003	980	29902
long_content_30k_003/lc30k003_2422_gc2500_rp0.02_mr5E-4_ss100.fa	long_content_30k_003	175	29902
long_content_30k_003/lc30k003_2423_gc2500_rp0.01_mr5E-4_ss200.fa	long_content_30k_003	25	29658
long_content_30k_003/lc30k003_2424_gc2000_rp0.01_mr5E-4_ss100.fa	long_content_30k_003	132	28458
long_content_30k_003/lc30k003_2425_gc2000_rp0.01_mr2E-4_ss200.fa	long_content_30k_003	240	29902
long_content_30k_003/lc30k003_2426_gc2500_rp0.03_mr3E-4_ss100.fa	long_content_30k_003	499	29902
long_content_30k_003/lc30k003_2427_gc2000_rp0.03_mr2E-4_ss100.fa	long_content_30k_003	437	29902
long_content_30k_003/lc30k003_2428_gc2500_rp0.01_mr3E-4_ss100.fa	long_content_30k_003	137	29902
long_content_30k_003/lc30k003_2429_gc2000_rp0.03_mr3E-4_ss200.fa	long_content_30k_003	872	29902
long_content_30k_003/lc30k003_242_gc2000_rp0.01_mr3E-4_ss200.fa	long_content_30k_003	595	29902
long_content_30k_003/lc30k003_2430_gc2000_rp0.01_mr5E-4_ss200.fa	long_content_30k_003	278	29902
long_content_30k_003/lc30k003_2431_gc2000_rp0.02_mr2E-4_ss100.fa	long_content_30k_003	693	29902
long_content_30k_003/lc30k003_2432_gc2000_rp0.03_mr5E-4_ss100.fa	long_content_30k_003	795	29902
long_content_30k_003/lc30k003_2433_gc2500_rp0.01_mr3E-4_ss200.fa	long_content_30k_003	748	29902
long_content_30k_003/lc30k003_2434_gc2500_rp0.02_mr2E-4_ss200.fa	long_content_30k_003	280	29902
long_content_30k_003/lc30k003_2435_gc2500_rp0.01_mr5E-4_ss100.fa	long_content_30k_003	122	27366
long_content_30k_003/lc30k003_2436_gc2500_rp0.03_mr3E-4_ss200.fa	long_content_30k_003	485	29902
long_content_30k_003/lc30k003_2437_gc2000_rp0.01_mr3E-4_ss100.fa	long_content_30k_003	65	29902
long_content_30k_003/lc30k003_2438_gc2000_rp0.01_mr3E-4_ss200.fa	long_content_30k_003	23	29902
long_content_30k_003/lc30k003_2439_gc2000_rp0.02_mr2E-4_ss200.fa	long_content_30k_003	314	29902
long_content_30k_003/lc30k003_243_gc2000_rp0.02_mr2E-4_ss200.fa	long_content_30k_003	474	29902
long_content_30k_003/lc30k003_2440_gc2500_rp0.02_mr5E-4_ss200.fa	long_content_30k_003	587	29902
long_content_30k_003/lc30k003_2441_gc2500_rp0.03_mr5E-4_ss200.fa	long_content_30k_003	1264	29902
long_content_30k_003/lc30k003_2442_gc2000_rp0.02_mr5E-4_ss200.fa	long_content_30k_003	1347	29902
long_content_30k_003/lc30k003_2443_gc2000_rp0.03_mr2E-4_ss200.fa	long_content_30k_003	165	29902
long_content_30k_003/lc30k003_2444_gc2000_rp0.02_mr3E-4_ss100.fa	long_content_30k_003	199	29902
long_content_30k_003/lc30k003_2445_gc2500_rp0.03_mr2E-4_ss200.fa	long_content_30k_003	677	29902
long_content_30k_003/lc30k003_2446_gc2000_rp0.02_mr3E-4_ss200.fa	long_content_30k_003	594	29902
long_content_30k_003/lc30k003_2447_gc2500_rp0.01_mr2E-4_ss100.fa	long_content_30k_003	20	29902
long_content_30k_003/lc30k003_2448_gc2500_rp0.03_mr5E-4_ss100.fa	long_content_30k_003	528	29902
long_content_30k_003/lc30k003_2449_gc2500_rp0.02_mr2E-4_ss100.fa	long_content_30k_003	68	29790
long_content_30k_003/lc30k003_244_gc2500_rp0.02_mr5E-4_ss200.fa	long_content_30k_003	824	29902
long_content_30k_003/lc30k003_2450_gc2500_rp0.02_mr3E-4_ss100.fa	long_content_30k_003	506	29902
long_content_30k_003/lc30k003_2451_gc2000_rp0.03_mr3E-4_ss100.fa	long_content_30k_003	694	29902
long_content_30k_003/lc30k003_2452_gc2500_rp0.02_mr3E-4_ss200.fa	long_content_30k_003	362	29902
long_content_30k_003/lc30k003_2453_gc2500_rp0.03_mr2E-4_ss100.fa	long_content_30k_003	1232	29902
long_content_30k_003/lc30k003_2454_gc2500_rp0.01_mr2E-4_ss200.fa	long_content_30k_003	12	29902
long_content_30k_003/lc30k003_2455_gc2000_rp0.01_mr2E-4_ss100.fa	long_content_30k_003	28	29046
long_content_30k_003/lc30k003_2456_gc2000_rp0.02_mr5E-4_ss100.fa	long_content_30k_003	228	29902
long_content_30k_003/lc30k003_2457_gc2000_rp0.03_mr5E-4_ss200.fa	long_content_30k_003	517	29902
long_content_30k_003/lc30k003_2458_gc2500_rp0.02_mr5E-4_ss100.fa	long_content_30k_003	171	29902
long_content_30k_003/lc30k003_2459_gc2500_rp0.01_mr5E-4_ss200.fa	long_content_30k_003	7	28923
long_content_30k_003/lc30k003_245_gc2500_rp0.03_mr5E-4_ss200.fa	long_content_30k_003	3272	29902
long_content_30k_003/lc30k003_2460_gc2000_rp0.01_mr5E-4_ss100.fa	long_content_30k_003	12	29902
long_content_30k_003/lc30k003_2461_gc2000_rp0.01_mr2E-4_ss200.fa	long_content_30k_003	44	29902
long_content_30k_003/lc30k003_2462_gc2500_rp0.03_mr3E-4_ss100.fa	long_content_30k_003	937	29902
long_content_30k_003/lc30k003_2463_gc2000_rp0.03_mr2E-4_ss100.fa	long_content_30k_003	277	29902
long_content_30k_003/lc30k003_2464_gc2500_rp0.01_mr3E-4_ss100.fa	long_content_30k_003	154	29902
long_content_30k_003/lc30k003_2465_gc2000_rp0.03_mr3E-4_ss200.fa	long_content_30k_003	1940	29902
long_content_30k_003/lc30k003_2466_gc2000_rp0.01_mr5E-4_ss200.fa	long_content_30k_003	21	26154
long_content_30k_003/lc30k003_2467_gc2000_rp0.02_mr2E-4_ss100.fa	long_content_30k_003	276	29902
long_content_30k_003/lc30k003_2468_gc2000_rp0.03_mr5E-4_ss100.fa	long_content_30k_003	1183	29902
long_content_30k_003/lc30k003_2469_gc2500_rp0.01_mr3E-4_ss200.fa	long_content_30k_003	113	11655
long_content_30k_003/lc30k003_246_gc2000_rp0.02_mr5E-4_ss200.fa	long_content_30k_003	138	29902
long_content_30k_003/lc30k003_2470_gc2500_rp0.02_mr2E-4_ss200.fa	long_content_30k_003	879	29902
long_content_30k_003/lc30k003_2471_gc2500_rp0.01_mr5E-4_ss100.fa	long_content_30k_003	5	29902
long_content_30k_003/lc30k003_2472_gc2500_rp0.03_mr3E-4_ss200.fa	long_content_30k_003	1156	29902
long_content_30k_003/lc30k003_2473_gc2000_rp0.01_mr3E-4_ss100.fa	long_content_30k_003	116	27570
long_content_30k_003/lc30k003_2474_gc2000_rp0.01_mr3E-4_ss200.fa	long_content_30k_003	55	29902
long_content_30k_003/lc30k003_2475_gc2000_rp0.02_mr2E-4_ss200.fa	long_content_30k_003	616	29902
long_content_30k_003/lc30k003_2476_gc2500_rp0.02_mr5E-4_ss200.fa	long_content_30k_003	30	29902
long_content_30k_003/lc30k003_2477_gc2500_rp0.03_mr5E-4_ss200.fa	long_content_30k_003	882	29902
long_content_30k_003/lc30k003_2478_gc2000_rp0.02_mr5E-4_ss200.fa	long_content_30k_003	464	29902
long_content_30k_003/lc30k003_2479_gc2000_rp0.03_mr2E-4_ss200.fa	long_content_30k_003	431	29902
long_content_30k_003/lc30k003_247_gc2000_rp0.03_mr2E-4_ss200.fa	long_content_30k_003	911	29902
long_content_30k_003/lc30k003_2480_gc2000_rp0.02_mr3E-4_ss100.fa	long_content_30k_003	166	29902
long_content_30k_003/lc30k003_2481_gc2500_rp0.03_mr2E-4_ss200.fa	long_content_30k_003	1723	29902
long_content_30k_003/lc30k003_2482_gc2000_rp0.02_mr3E-4_ss200.fa	long_content_30k_003	103	28260
long_content_30k_003/lc30k003_2483_gc2500_rp0.01_mr2E-4_ss100.fa	long_content_30k_003	134	29902
long_content_30k_003/lc30k003_2484_gc2500_rp0.03_mr5E-4_ss100.fa	long_content_30k_003	388	29902
long_content_30k_003/lc30k003_2485_gc2500_rp0.02_mr2E-4_ss100.fa	long_content_30k_003	120	29902
long_content_30k_003/lc30k003_2486_gc2500_rp0.02_mr3E-4_ss100.fa	long_content_30k_003	382	29902
long_content_30k_003/lc30k003_2487_gc2000_rp0.03_mr3E-4_ss100.fa	long_content_30k_003	87	29902
long_content_30k_003/lc30k003_2488_gc2500_rp0.02_mr3E-4_ss200.fa	long_content_30k_003	293	29902
long_content_30k_003/lc30k003_2489_gc2500_rp0.03_mr2E-4_ss100.fa	long_content_30k_003	152	29902
long_content_30k_003/lc30k003_248_gc2000_rp0.02_mr3E-4_ss100.fa	long_content_30k_003	167	29902
long_content_30k_003/lc30k003_2490_gc2500_rp0.01_mr2E-4_ss200.fa	long_content_30k_003	169	29902
long_content_30k_003/lc30k003_2491_gc2000_rp0.01_mr2E-4_ss100.fa	long_content_30k_003	127	29902
long_content_30k_003/lc30k003_2492_gc2000_rp0.02_mr5E-4_ss100.fa	long_content_30k_003	354	29902
long_content_30k_003/lc30k003_2493_gc2000_rp0.03_mr5E-4_ss200.fa	long_content_30k_003	1103	29902
long_content_30k_003/lc30k003_2494_gc2500_rp0.02_mr5E-4_ss100.fa	long_content_30k_003	443	29902
long_content_30k_003/lc30k003_2495_gc2500_rp0.01_mr5E-4_ss200.fa	long_content_30k_003	72	29902
long_content_30k_003/lc30k003_2496_gc2000_rp0.01_mr5E-4_ss100.fa	long_content_30k_003	95	27279
long_content_30k_003/lc30k003_2497_gc2000_rp0.01_mr2E-4_ss200.fa	long_content_30k_003	413	29902
long_content_30k_003/lc30k003_2498_gc2500_rp0.03_mr3E-4_ss100.fa	long_content_30k_003	173	29902
long_content_30k_003/lc30k003_2499_gc2000_rp0.03_mr2E-4_ss100.fa	long_content_30k_003	769	29902
long_content_30k_003/lc30k003_249_gc2500_rp0.03_mr2E-4_ss200.fa	long_content_30k_003	588	29902
long_content_30k_003/lc30k003_2500_gc2500_rp0.01_mr3E-4_ss100.fa	long_content_30k_003	269	29902
long_content_30k_003/lc30k003_2501_gc2000_rp0.03_mr3E-4_ss200.fa	long_content_30k_003	320	29902
long_content_30k_003/lc30k003_2502_gc2000_rp0.01_mr5E-4_ss200.fa	long_content_30k_003	37	29902
long_content_30k_003/lc30k003_2503_gc2000_rp0.02_mr2E-4_ss100.fa	long_content_30k_003	964	29902
long_content_30k_003/lc30k003_2504_gc2000_rp0.03_mr5E-4_ss100.fa	long_content_30k_003	575	29902
long_content_30k_003/lc30k003_2505_gc2500_rp0.01_mr3E-4_ss200.fa	long_content_30k_003	166	29902
long_content_30k_003/lc30k003_2506_gc2500_rp0.02_mr2E-4_ss200.fa	long_content_30k_003	1063	29902
long_content_30k_003/lc30k003_2507_gc2500_rp0.01_mr5E-4_ss100.fa	long_content_30k_003	113	29902
long_content_30k_003/lc30k003_2508_gc2500_rp0.03_mr3E-4_ss200.fa	long_content_30k_003	1563	29902
long_content_30k_003/lc30k003_2509_gc2000_rp0.01_mr3E-4_ss100.fa	long_content_30k_003	353	24936
long_content_30k_003/lc30k003_250_gc2000_rp0.02_mr3E-4_ss200.fa	long_content_30k_003	1243	29902
long_content_30k_003/lc30k003_2510_gc2000_rp0.01_mr3E-4_ss200.fa	long_content_30k_003	212	29902
long_content_30k_003/lc30k003_2511_gc2000_rp0.02_mr2E-4_ss200.fa	long_content_30k_003	64	29902
long_content_30k_003/lc30k003_2512_gc2500_rp0.02_mr5E-4_ss200.fa	long_content_30k_003	414	29902
long_content_30k_003/lc30k003_2513_gc2500_rp0.03_mr5E-4_ss200.fa	long_content_30k_003	758	29902
long_content_30k_003/lc30k003_2514_gc2000_rp0.02_mr5E-4_ss200.fa	long_content_30k_003	68	29902
long_content_30k_003/lc30k003_2515_gc2000_rp0.03_mr2E-4_ss200.fa	long_content_30k_003	786	29902
long_content_30k_003/lc30k003_2516_gc2000_rp0.02_mr3E-4_ss100.fa	long_content_30k_003	32	29902
long_content_30k_003/lc30k003_2517_gc2500_rp0.03_mr2E-4_ss200.fa	long_content_30k_003	597	29902
long_content_30k_003/lc30k003_2518_gc2000_rp0.02_mr3E-4_ss200.fa	long_content_30k_003	551	29902
long_content_30k_003/lc30k003_2519_gc2500_rp0.01_mr2E-4_ss100.fa	long_content_30k_003	48	29902
long_content_30k_003/lc30k003_251_gc2500_rp0.01_mr2E-4_ss100.fa	long_content_30k_003	22	29902
long_content_30k_003/lc30k003_2520_gc2500_rp0.03_mr5E-4_ss100.fa	long_content_30k_003	352	29902
long_content_30k_003/lc30k003_2521_gc2500_rp0.02_mr2E-4_ss100.fa	long_content_30k_003	514	29902
long_content_30k_003/lc30k003_2522_gc2500_rp0.02_mr3E-4_ss100.fa	long_content_30k_003	9	29902
long_content_30k_003/lc30k003_2523_gc2000_rp0.03_mr3E-4_ss100.fa	long_content_30k_003	472	29902
long_content_30k_003/lc30k003_2524_gc2500_rp0.02_mr3E-4_ss200.fa	long_content_30k_003	87	24420
long_content_30k_003/lc30k003_2525_gc2500_rp0.03_mr2E-4_ss100.fa	long_content_30k_003	193	29902
long_content_30k_003/lc30k003_2526_gc2500_rp0.01_mr2E-4_ss200.fa	long_content_30k_003	123	29902
long_content_30k_003/lc30k003_2527_gc2000_rp0.01_mr2E-4_ss100.fa	long_content_30k_003	28	29902
long_content_30k_003/lc30k003_2528_gc2000_rp0.02_mr5E-4_ss100.fa	long_content_30k_003	100	29902
long_content_30k_003/lc30k003_2529_gc2000_rp0.03_mr5E-4_ss200.fa	long_content_30k_003	1035	29902
long_content_30k_003/lc30k003_252_gc2500_rp0.03_mr5E-4_ss100.fa	long_content_30k_003	94	29902
long_content_30k_003/lc30k003_2530_gc2500_rp0.02_mr5E-4_ss100.fa	long_content_30k_003	690	29902
long_content_30k_003/lc30k003_2531_gc2500_rp0.01_mr5E-4_ss200.fa	long_content_30k_003	269	29902
long_content_30k_003/lc30k003_2532_gc2000_rp0.01_mr5E-4_ss100.fa	long_content_30k_003	5	29902
long_content_30k_003/lc30k003_2533_gc2000_rp0.01_mr2E-4_ss200.fa	long_content_30k_003	598	29902
long_content_30k_003/lc30k003_2534_gc2500_rp0.03_mr3E-4_ss100.fa	long_content_30k_003	887	29902
long_content_30k_003/lc30k003_2535_gc2000_rp0.03_mr2E-4_ss100.fa	long_content_30k_003	692	29902
long_content_30k_003/lc30k003_2536_gc2500_rp0.01_mr3E-4_ss100.fa	long_content_30k_003	209	29902
long_content_30k_003/lc30k003_2537_gc2000_rp0.03_mr3E-4_ss200.fa	long_content_30k_003	391	29902
long_content_30k_003/lc30k003_2538_gc2000_rp0.01_mr5E-4_ss200.fa	long_content_30k_003	1	27159
long_content_30k_003/lc30k003_2539_gc2000_rp0.02_mr2E-4_ss100.fa	long_content_30k_003	841	29902
long_content_30k_003/lc30k003_253_gc2500_rp0.02_mr2E-4_ss100.fa	long_content_30k_003	356	29902
long_content_30k_003/lc30k003_2540_gc2000_rp0.03_mr5E-4_ss100.fa	long_content_30k_003	377	29902
long_content_30k_003/lc30k003_2541_gc2500_rp0.01_mr3E-4_ss200.fa	long_content_30k_003	644	29902
long_content_30k_003/lc30k003_2542_gc2500_rp0.02_mr2E-4_ss200.fa	long_content_30k_003	1295	29902
long_content_30k_003/lc30k003_2543_gc2500_rp0.01_mr5E-4_ss100.fa	long_content_30k_003	659	29902
long_content_30k_003/lc30k003_2544_gc2500_rp0.03_mr3E-4_ss200.fa	long_content_30k_003	997	29902
long_content_30k_003/lc30k003_2545_gc2000_rp0.01_mr3E-4_ss100.fa	long_content_30k_003	67	29902
long_content_30k_003/lc30k003_2546_gc2000_rp0.01_mr3E-4_ss200.fa	long_content_30k_003	470	29902
long_content_30k_003/lc30k003_2547_gc2000_rp0.02_mr2E-4_ss200.fa	long_content_30k_003	160	29902
long_content_30k_003/lc30k003_2548_gc2500_rp0.02_mr5E-4_ss200.fa	long_content_30k_003	505	29902
long_content_30k_003/lc30k003_2549_gc2500_rp0.03_mr5E-4_ss200.fa	long_content_30k_003	1099	29902
long_content_30k_003/lc30k003_254_gc2500_rp0.02_mr3E-4_ss100.fa	long_content_30k_003	170	29902
long_content_30k_003/lc30k003_2550_gc2000_rp0.02_mr5E-4_ss200.fa	long_content_30k_003	179	29902
long_content_30k_003/lc30k003_2551_gc2000_rp0.03_mr2E-4_ss200.fa	long_content_30k_003	904	29902
long_content_30k_003/lc30k003_2552_gc2000_rp0.02_mr3E-4_ss100.fa	long_content_30k_003	143	29902
long_content_30k_003/lc30k003_2553_gc2500_rp0.03_mr2E-4_ss200.fa	long_content_30k_003	1049	29902
long_content_30k_003/lc30k003_2554_gc2000_rp0.02_mr3E-4_ss200.fa	long_content_30k_003	125	29902
long_content_30k_003/lc30k003_2555_gc2500_rp0.01_mr2E-4_ss100.fa	long_content_30k_003	33	29902
long_content_30k_003/lc30k003_2556_gc2500_rp0.03_mr5E-4_ss100.fa	long_content_30k_003	333	29902
long_content_30k_003/lc30k003_2557_gc2500_rp0.02_mr2E-4_ss100.fa	long_content_30k_003	16	6540
long_content_30k_003/lc30k003_2558_gc2500_rp0.02_mr3E-4_ss100.fa	long_content_30k_003	120	29902
long_content_30k_003/lc30k003_2559_gc2000_rp0.03_mr3E-4_ss100.fa	long_content_30k_003	227	29902
long_content_30k_003/lc30k003_255_gc2000_rp0.03_mr3E-4_ss100.fa	long_content_30k_003	459	29902
long_content_30k_003/lc30k003_2560_gc2500_rp0.02_mr3E-4_ss200.fa	long_content_30k_003	190	29902
long_content_30k_003/lc30k003_2561_gc2500_rp0.03_mr2E-4_ss100.fa	long_content_30k_003	570	29902
long_content_30k_003/lc30k003_2562_gc2500_rp0.01_mr2E-4_ss200.fa	long_content_30k_003	188	29902
long_content_30k_003/lc30k003_2563_gc2000_rp0.01_mr2E-4_ss100.fa	long_content_30k_003	36	16737
long_content_30k_003/lc30k003_2564_gc2000_rp0.02_mr5E-4_ss100.fa	long_content_30k_003	19	29902
long_content_30k_003/lc30k003_2565_gc2000_rp0.03_mr5E-4_ss200.fa	long_content_30k_003	912	29902
long_content_30k_003/lc30k003_2566_gc2500_rp0.02_mr5E-4_ss100.fa	long_content_30k_003	235	29902
long_content_30k_003/lc30k003_2567_gc2500_rp0.01_mr5E-4_ss200.fa	long_content_30k_003	8	29902
long_content_30k_003/lc30k003_2568_gc2000_rp0.01_mr5E-4_ss100.fa	long_content_30k_003	164	29902
long_content_30k_003/lc30k003_2569_gc2000_rp0.01_mr2E-4_ss200.fa	long_content_30k_003	226	28809
long_content_30k_003/lc30k003_256_gc2500_rp0.02_mr3E-4_ss200.fa	long_content_30k_003	131	29902
long_content_30k_003/lc30k003_2570_gc2500_rp0.03_mr3E-4_ss100.fa	long_content_30k_003	250	29902
long_content_30k_003/lc30k003_2571_gc2000_rp0.03_mr2E-4_ss100.fa	long_content_30k_003	378	29902
long_content_30k_003/lc30k003_2572_gc2500_rp0.01_mr3E-4_ss100.fa	long_content_30k_003	24	24477
long_content_30k_003/lc30k003_2573_gc2000_rp0.03_mr3E-4_ss200.fa	long_content_30k_003	851	29902
long_content_30k_003/lc30k003_2574_gc2000_rp0.01_mr5E-4_ss200.fa	long_content_30k_003	3	29902
long_content_30k_003/lc30k003_2575_gc2000_rp0.02_mr2E-4_ss100.fa	long_content_30k_003	179	29902
long_content_30k_003/lc30k003_2576_gc2000_rp0.03_mr5E-4_ss100.fa	long_content_30k_003	767	29902
long_content_30k_003/lc30k003_2577_gc2500_rp0.01_mr3E-4_ss200.fa	long_content_30k_003	193	29902
long_content_30k_003/lc30k003_2578_gc2500_rp0.02_mr2E-4_ss200.fa	long_content_30k_003	480	29902
long_content_30k_003/lc30k003_2579_gc2500_rp0.01_mr5E-4_ss100.fa	long_content_30k_003	140	24678
long_content_30k_003/lc30k003_257_gc2500_rp0.03_mr2E-4_ss100.fa	long_content_30k_003	69	29902
long_content_30k_003/lc30k003_2580_gc2500_rp0.03_mr3E-4_ss200.fa	long_content_30k_003	1151	29902
long_content_30k_003/lc30k003_2581_gc2000_rp0.01_mr3E-4_ss100.fa	long_content_30k_003	135	29902
long_content_30k_003/lc30k003_2582_gc2000_rp0.01_mr3E-4_ss200.fa	long_content_30k_003	147	29902
long_content_30k_003/lc30k003_2583_gc2000_rp0.02_mr2E-4_ss200.fa	long_content_30k_003	277	29902
long_content_30k_003/lc30k003_2584_gc2500_rp0.02_mr5E-4_ss200.fa	long_content_30k_003	549	29902
long_content_30k_003/lc30k003_2585_gc2500_rp0.03_mr5E-4_ss200.fa	long_content_30k_003	850	29902
long_content_30k_003/lc30k003_2586_gc2000_rp0.02_mr5E-4_ss200.fa	long_content_30k_003	1923	29902
long_content_30k_003/lc30k003_2587_gc2000_rp0.03_mr2E-4_ss200.fa	long_content_30k_003	1155	29902
long_content_30k_003/lc30k003_2588_gc2000_rp0.02_mr3E-4_ss100.fa	long_content_30k_003	292	29902
long_content_30k_003/lc30k003_2589_gc2500_rp0.03_mr2E-4_ss200.fa	long_content_30k_003	786	29902
long_content_30k_003/lc30k003_258_gc2500_rp0.01_mr2E-4_ss200.fa	long_content_30k_003	30	29902
long_content_30k_003/lc30k003_2590_gc2000_rp0.02_mr3E-4_ss200.fa	long_content_30k_003	538	29902
long_content_30k_003/lc30k003_2591_gc2500_rp0.01_mr2E-4_ss100.fa	long_content_30k_003	157	29902
long_content_30k_003/lc30k003_2592_gc2500_rp0.03_mr5E-4_ss100.fa	long_content_30k_003	298	29902
long_content_30k_003/lc30k003_2593_gc2500_rp0.02_mr2E-4_ss100.fa	long_content_30k_003	170	29902
long_content_30k_003/lc30k003_2594_gc2500_rp0.02_mr3E-4_ss100.fa	long_content_30k_003	311	29902
long_content_30k_003/lc30k003_2595_gc2000_rp0.03_mr3E-4_ss100.fa	long_content_30k_003	412	29902
long_content_30k_003/lc30k003_2596_gc2500_rp0.02_mr3E-4_ss200.fa	long_content_30k_003	1266	29902
long_content_30k_003/lc30k003_2597_gc2500_rp0.03_mr2E-4_ss100.fa	long_content_30k_003	123	29902
long_content_30k_003/lc30k003_2598_gc2500_rp0.01_mr2E-4_ss200.fa	long_content_30k_003	726	29902
long_content_30k_003/lc30k003_2599_gc2000_rp0.01_mr2E-4_ss100.fa	long_content_30k_003	192	29902
long_content_30k_003/lc30k003_259_gc2000_rp0.01_mr2E-4_ss100.fa	long_content_30k_003	215	29902
long_content_30k_003/lc30k003_2600_gc2000_rp0.02_mr5E-4_ss100.fa	long_content_30k_003	81	29902
long_content_30k_003/lc30k003_2601_gc2000_rp0.03_mr5E-4_ss200.fa	long_content_30k_003	2061	29902
long_content_30k_003/lc30k003_2602_gc2500_rp0.02_mr5E-4_ss100.fa	long_content_30k_003	283	29902
long_content_30k_003/lc30k003_2603_gc2500_rp0.01_mr5E-4_ss200.fa	long_content_30k_003	142	11286
long_content_30k_003/lc30k003_2604_gc2000_rp0.01_mr5E-4_ss100.fa	long_content_30k_003	16	28221
long_content_30k_003/lc30k003_2605_gc2000_rp0.01_mr2E-4_ss200.fa	long_content_30k_003	260	29902
long_content_30k_003/lc30k003_2606_gc2500_rp0.03_mr3E-4_ss100.fa	long_content_30k_003	88	29902
long_content_30k_003/lc30k003_2607_gc2000_rp0.03_mr2E-4_ss100.fa	long_content_30k_003	739	29902
long_content_30k_003/lc30k003_2608_gc2500_rp0.01_mr3E-4_ss100.fa	long_content_30k_003	303	29902
long_content_30k_003/lc30k003_2609_gc2000_rp0.03_mr3E-4_ss200.fa	long_content_30k_003	497	29902
long_content_30k_003/lc30k003_260_gc2000_rp0.02_mr5E-4_ss100.fa	long_content_30k_003	274	29902
long_content_30k_003/lc30k003_2610_gc2000_rp0.01_mr5E-4_ss200.fa	long_content_30k_003	146	29902
long_content_30k_003/lc30k003_2611_gc2000_rp0.02_mr2E-4_ss100.fa	long_content_30k_003	472	29902
long_content_30k_003/lc30k003_2612_gc2000_rp0.03_mr5E-4_ss100.fa	long_content_30k_003	275	29902
long_content_30k_003/lc30k003_2613_gc2500_rp0.01_mr3E-4_ss200.fa	long_content_30k_003	882	29902
long_content_30k_003/lc30k003_2614_gc2500_rp0.02_mr2E-4_ss200.fa	long_content_30k_003	542	29902
long_content_30k_003/lc30k003_2615_gc2500_rp0.01_mr5E-4_ss100.fa	long_content_30k_003	83	20478
long_content_30k_003/lc30k003_2616_gc2500_rp0.03_mr3E-4_ss200.fa	long_content_30k_003	288	29902
long_content_30k_003/lc30k003_2617_gc2000_rp0.01_mr3E-4_ss100.fa	long_content_30k_003	141	29902
long_content_30k_003/lc30k003_2618_gc2000_rp0.01_mr3E-4_ss200.fa	long_content_30k_003	619	29902
long_content_30k_003/lc30k003_2619_gc2000_rp0.02_mr2E-4_ss200.fa	long_content_30k_003	201	29902
long_content_30k_003/lc30k003_261_gc2000_rp0.03_mr5E-4_ss200.fa	long_content_30k_003	954	29902
long_content_30k_003/lc30k003_2620_gc2500_rp0.02_mr5E-4_ss200.fa	long_content_30k_003	1144	29902
long_content_30k_003/lc30k003_2621_gc2500_rp0.03_mr5E-4_ss200.fa	long_content_30k_003	838	29902
long_content_30k_003/lc30k003_2622_gc2000_rp0.02_mr5E-4_ss200.fa	long_content_30k_003	614	29902
long_content_30k_003/lc30k003_2623_gc2000_rp0.03_mr2E-4_ss200.fa	long_content_30k_003	105	29902
long_content_30k_003/lc30k003_2624_gc2000_rp0.02_mr3E-4_ss100.fa	long_content_30k_003	24	29902
long_content_30k_003/lc30k003_2625_gc2500_rp0.03_mr2E-4_ss200.fa	long_content_30k_003	808	29902
long_content_30k_003/lc30k003_2626_gc2000_rp0.02_mr3E-4_ss200.fa	long_content_30k_003	357	29902
long_content_30k_003/lc30k003_2627_gc2500_rp0.01_mr2E-4_ss100.fa	long_content_30k_003	2	18705
long_content_30k_003/lc30k003_2628_gc2500_rp0.03_mr5E-4_ss100.fa	long_content_30k_003	274	29902
long_content_30k_003/lc30k003_2629_gc2500_rp0.02_mr2E-4_ss100.fa	long_content_30k_003	278	29902
long_content_30k_003/lc30k003_262_gc2500_rp0.02_mr5E-4_ss100.fa	long_content_30k_003	293	29902
long_content_30k_003/lc30k003_2630_gc2500_rp0.02_mr3E-4_ss100.fa	long_content_30k_003	320	29902
long_content_30k_003/lc30k003_2631_gc2000_rp0.03_mr3E-4_ss100.fa	long_content_30k_003	869	29902
long_content_30k_003/lc30k003_2632_gc2500_rp0.02_mr3E-4_ss200.fa	long_content_30k_003	1361	29902
long_content_30k_003/lc30k003_2633_gc2500_rp0.03_mr2E-4_ss100.fa	long_content_30k_003	628	29902
long_content_30k_003/lc30k003_2634_gc2500_rp0.01_mr2E-4_ss200.fa	long_content_30k_003	424	25761
long_content_30k_003/lc30k003_2635_gc2000_rp0.01_mr2E-4_ss100.fa	long_content_30k_003	102	29902
long_content_30k_003/lc30k003_2636_gc2000_rp0.02_mr5E-4_ss100.fa	long_content_30k_003	77	29902
long_content_30k_003/lc30k003_2637_gc2000_rp0.03_mr5E-4_ss200.fa	long_content_30k_003	78	29902
long_content_30k_003/lc30k003_2638_gc2500_rp0.02_mr5E-4_ss100.fa	long_content_30k_003	115	29902
long_content_30k_003/lc30k003_2639_gc2500_rp0.01_mr5E-4_ss200.fa	long_content_30k_003	399	29902
long_content_30k_003/lc30k003_263_gc2500_rp0.01_mr5E-4_ss200.fa	long_content_30k_003	165	29902
long_content_30k_003/lc30k003_2640_gc2000_rp0.01_mr5E-4_ss100.fa	long_content_30k_003	159	27213
long_content_30k_003/lc30k003_2641_gc2000_rp0.01_mr2E-4_ss200.fa	long_content_30k_003	212	24369
long_content_30k_003/lc30k003_2642_gc2500_rp0.03_mr3E-4_ss100.fa	long_content_30k_003	422	29902
long_content_30k_003/lc30k003_2643_gc2000_rp0.03_mr2E-4_ss100.fa	long_content_30k_003	469	29902
long_content_30k_003/lc30k003_2644_gc2500_rp0.01_mr3E-4_ss100.fa	long_content_30k_003	143	29902
long_content_30k_003/lc30k003_2645_gc2000_rp0.03_mr3E-4_ss200.fa	long_content_30k_003	879	29902
long_content_30k_003/lc30k003_2646_gc2000_rp0.01_mr5E-4_ss200.fa	long_content_30k_003	366	29902
long_content_30k_003/lc30k003_2647_gc2000_rp0.02_mr2E-4_ss100.fa	long_content_30k_003	98	29902
long_content_30k_003/lc30k003_2648_gc2000_rp0.03_mr5E-4_ss100.fa	long_content_30k_003	319	29902
long_content_30k_003/lc30k003_2649_gc2500_rp0.01_mr3E-4_ss200.fa	long_content_30k_003	61	29902
long_content_30k_003/lc30k003_264_gc2000_rp0.01_mr5E-4_ss100.fa	long_content_30k_003	11	29902
long_content_30k_003/lc30k003_2650_gc2500_rp0.02_mr2E-4_ss200.fa	long_content_30k_003	734	29902
long_content_30k_003/lc30k003_2651_gc2500_rp0.01_mr5E-4_ss100.fa	long_content_30k_003	388	29902
long_content_30k_003/lc30k003_2652_gc2500_rp0.03_mr3E-4_ss200.fa	long_content_30k_003	2859	29902
long_content_30k_003/lc30k003_2653_gc2000_rp0.01_mr3E-4_ss100.fa	long_content_30k_003	36	29902
long_content_30k_003/lc30k003_2654_gc2000_rp0.01_mr3E-4_ss200.fa	long_content_30k_003	168	29902
long_content_30k_003/lc30k003_2655_gc2000_rp0.02_mr2E-4_ss200.fa	long_content_30k_003	299	29902
long_content_30k_003/lc30k003_2656_gc2500_rp0.02_mr5E-4_ss200.fa	long_content_30k_003	544	29902
long_content_30k_003/lc30k003_2657_gc2500_rp0.03_mr5E-4_ss200.fa	long_content_30k_003	2049	29902
long_content_30k_003/lc30k003_2658_gc2000_rp0.02_mr5E-4_ss200.fa	long_content_30k_003	331	29902
long_content_30k_003/lc30k003_2659_gc2000_rp0.03_mr2E-4_ss200.fa	long_content_30k_003	631	29902
long_content_30k_003/lc30k003_265_gc2000_rp0.01_mr2E-4_ss200.fa	long_content_30k_003	424	29902
long_content_30k_003/lc30k003_2660_gc2000_rp0.02_mr3E-4_ss100.fa	long_content_30k_003	1300	29902
long_content_30k_003/lc30k003_2661_gc2500_rp0.03_mr2E-4_ss200.fa	long_content_30k_003	1757	29902
long_content_30k_003/lc30k003_2662_gc2000_rp0.02_mr3E-4_ss200.fa	long_content_30k_003	307	29902
long_content_30k_003/lc30k003_2663_gc2500_rp0.01_mr2E-4_ss100.fa	long_content_30k_003	39	17304
long_content_30k_003/lc30k003_2664_gc2500_rp0.03_mr5E-4_ss100.fa	long_content_30k_003	362	29902
long_content_30k_003/lc30k003_2665_gc2500_rp0.02_mr2E-4_ss100.fa	long_content_30k_003	397	29902
long_content_30k_003/lc30k003_2666_gc2500_rp0.02_mr3E-4_ss100.fa	long_content_30k_003	148	29902
long_content_30k_003/lc30k003_2667_gc2000_rp0.03_mr3E-4_ss100.fa	long_content_30k_003	972	29902
long_content_30k_003/lc30k003_2668_gc2500_rp0.02_mr3E-4_ss200.fa	long_content_30k_003	702	29902
long_content_30k_003/lc30k003_2669_gc2500_rp0.03_mr2E-4_ss100.fa	long_content_30k_003	553	29902
long_content_30k_003/lc30k003_266_gc2500_rp0.03_mr3E-4_ss100.fa	long_content_30k_003	780	29902
long_content_30k_003/lc30k003_2670_gc2500_rp0.01_mr2E-4_ss200.fa	long_content_30k_003	685	29902
long_content_30k_003/lc30k003_2671_gc2000_rp0.01_mr2E-4_ss100.fa	long_content_30k_003	58	16056
long_content_30k_003/lc30k003_2672_gc2000_rp0.02_mr5E-4_ss100.fa	long_content_30k_003	320	29902
long_content_30k_003/lc30k003_2673_gc2000_rp0.03_mr5E-4_ss200.fa	long_content_30k_003	683	29902
long_content_30k_003/lc30k003_2674_gc2500_rp0.02_mr5E-4_ss100.fa	long_content_30k_003	95	29902
long_content_30k_003/lc30k003_2675_gc2500_rp0.01_mr5E-4_ss200.fa	long_content_30k_003	209	29902
long_content_30k_003/lc30k003_2676_gc2000_rp0.01_mr5E-4_ss100.fa	long_content_30k_003	22	29902
long_content_30k_003/lc30k003_2677_gc2000_rp0.01_mr2E-4_ss200.fa	long_content_30k_003	67	29902
long_content_30k_003/lc30k003_2678_gc2500_rp0.03_mr3E-4_ss100.fa	long_content_30k_003	309	29902
long_content_30k_003/lc30k003_2679_gc2000_rp0.03_mr2E-4_ss100.fa	long_content_30k_003	180	29902
long_content_30k_003/lc30k003_267_gc2000_rp0.03_mr2E-4_ss100.fa	long_content_30k_003	147	22887
long_content_30k_003/lc30k003_2680_gc2500_rp0.01_mr3E-4_ss100.fa	long_content_30k_003	22	29902
long_content_30k_003/lc30k003_2681_gc2000_rp0.03_mr3E-4_ss200.fa	long_content_30k_003	1301	29902
long_content_30k_003/lc30k003_2682_gc2000_rp0.01_mr5E-4_ss200.fa	long_content_30k_003	174	29902
long_content_30k_003/lc30k003_2683_gc2000_rp0.02_mr2E-4_ss100.fa	long_content_30k_003	211	29902
long_content_30k_003/lc30k003_2684_gc2000_rp0.03_mr5E-4_ss100.fa	long_content_30k_003	547	29902
long_content_30k_003/lc30k003_2685_gc2500_rp0.01_mr3E-4_ss200.fa	long_content_30k_003	343	29902
long_content_30k_003/lc30k003_2686_gc2500_rp0.02_mr2E-4_ss200.fa	long_content_30k_003	1039	29902
long_content_30k_003/lc30k003_2687_gc2500_rp0.01_mr5E-4_ss100.fa	long_content_30k_003	290	29902
long_content_30k_003/lc30k003_2688_gc2500_rp0.03_mr3E-4_ss200.fa	long_content_30k_003	1183	29902
long_content_30k_003/lc30k003_2689_gc2000_rp0.01_mr3E-4_ss100.fa	long_content_30k_003	376	29902
long_content_30k_003/lc30k003_268_gc2500_rp0.01_mr3E-4_ss100.fa	long_content_30k_003	36	29902
long_content_30k_003/lc30k003_2690_gc2000_rp0.01_mr3E-4_ss200.fa	long_content_30k_003	507	29902
long_content_30k_003/lc30k003_2691_gc2000_rp0.02_mr2E-4_ss200.fa	long_content_30k_003	336	29902
long_content_30k_003/lc30k003_2692_gc2500_rp0.02_mr5E-4_ss200.fa	long_content_30k_003	276	29902
long_content_30k_003/lc30k003_2693_gc2500_rp0.03_mr5E-4_ss200.fa	long_content_30k_003	47	29902
long_content_30k_003/lc30k003_2694_gc2000_rp0.02_mr5E-4_ss200.fa	long_content_30k_003	247	29902
long_content_30k_003/lc30k003_2695_gc2000_rp0.03_mr2E-4_ss200.fa	long_content_30k_003	1422	29902
long_content_30k_003/lc30k003_2696_gc2000_rp0.02_mr3E-4_ss100.fa	long_content_30k_003	132	29902
long_content_30k_003/lc30k003_2697_gc2500_rp0.03_mr2E-4_ss200.fa	long_content_30k_003	925	29902
long_content_30k_003/lc30k003_2698_gc2000_rp0.02_mr3E-4_ss200.fa	long_content_30k_003	410	29902
long_content_30k_003/lc30k003_2699_gc2500_rp0.01_mr2E-4_ss100.fa	long_content_30k_003	107	29902
long_content_30k_003/lc30k003_269_gc2000_rp0.03_mr3E-4_ss200.fa	long_content_30k_003	170	29902
long_content_30k_003/lc30k003_2700_gc2500_rp0.03_mr5E-4_ss100.fa	long_content_30k_003	353	29514
long_content_30k_003/lc30k003_2701_gc2500_rp0.02_mr2E-4_ss100.fa	long_content_30k_003	413	29902
long_content_30k_003/lc30k003_2702_gc2500_rp0.02_mr3E-4_ss100.fa	long_content_30k_003	665	29902
long_content_30k_003/lc30k003_2703_gc2000_rp0.03_mr3E-4_ss100.fa	long_content_30k_003	467	29902
long_content_30k_003/lc30k003_2704_gc2500_rp0.02_mr3E-4_ss200.fa	long_content_30k_003	1299	29902
long_content_30k_003/lc30k003_2705_gc2500_rp0.03_mr2E-4_ss100.fa	long_content_30k_003	201	29902
long_content_30k_003/lc30k003_2706_gc2500_rp0.01_mr2E-4_ss200.fa	long_content_30k_003	811	29902
long_content_30k_003/lc30k003_2707_gc2000_rp0.01_mr2E-4_ss100.fa	long_content_30k_003	198	29902
long_content_30k_003/lc30k003_2708_gc2000_rp0.02_mr5E-4_ss100.fa	long_content_30k_003	189	29902
long_content_30k_003/lc30k003_2709_gc2000_rp0.03_mr5E-4_ss200.fa	long_content_30k_003	103	29902
long_content_30k_003/lc30k003_270_gc2000_rp0.01_mr5E-4_ss200.fa	long_content_30k_003	140	29902
long_content_30k_003/lc30k003_2710_gc2500_rp0.02_mr5E-4_ss100.fa	long_content_30k_003	484	29902
long_content_30k_003/lc30k003_2711_gc2500_rp0.01_mr5E-4_ss200.fa	long_content_30k_003	165	29902
long_content_30k_003/lc30k003_2712_gc2000_rp0.01_mr5E-4_ss100.fa	long_content_30k_003	50	29902
long_content_30k_003/lc30k003_2713_gc2000_rp0.01_mr2E-4_ss200.fa	long_content_30k_003	384	29902
long_content_30k_003/lc30k003_2714_gc2500_rp0.03_mr3E-4_ss100.fa	long_content_30k_003	701	29902
long_content_30k_003/lc30k003_2715_gc2000_rp0.03_mr2E-4_ss100.fa	long_content_30k_003	301	29902
long_content_30k_003/lc30k003_2716_gc2500_rp0.01_mr3E-4_ss100.fa	long_content_30k_003	17	29902
long_content_30k_003/lc30k003_2717_gc2000_rp0.03_mr3E-4_ss200.fa	long_content_30k_003	134	29902
long_content_30k_003/lc30k003_2718_gc2000_rp0.01_mr5E-4_ss200.fa	long_content_30k_003	704	29902
long_content_30k_003/lc30k003_2719_gc2000_rp0.02_mr2E-4_ss100.fa	long_content_30k_003	791	29902
long_content_30k_003/lc30k003_271_gc2000_rp0.02_mr2E-4_ss100.fa	long_content_30k_003	127	18018
long_content_30k_003/lc30k003_2720_gc2000_rp0.03_mr5E-4_ss100.fa	long_content_30k_003	245	29902
long_content_30k_003/lc30k003_2721_gc2500_rp0.01_mr3E-4_ss200.fa	long_content_30k_003	71	29902
long_content_30k_003/lc30k003_2722_gc2500_rp0.02_mr2E-4_ss200.fa	long_content_30k_003	1276	29902
long_content_30k_003/lc30k003_2723_gc2500_rp0.01_mr5E-4_ss100.fa	long_content_30k_003	40	29902
long_content_30k_003/lc30k003_2724_gc2500_rp0.03_mr3E-4_ss200.fa	long_content_30k_003	482	29902
long_content_30k_003/lc30k003_2725_gc2000_rp0.01_mr3E-4_ss100.fa	long_content_30k_003	113	25767
long_content_30k_003/lc30k003_2726_gc2000_rp0.01_mr3E-4_ss200.fa	long_content_30k_003	342	29902
long_content_30k_003/lc30k003_2727_gc2000_rp0.02_mr2E-4_ss200.fa	long_content_30k_003	398	29902
long_content_30k_003/lc30k003_2728_gc2500_rp0.02_mr5E-4_ss200.fa	long_content_30k_003	597	29902
long_content_30k_003/lc30k003_2729_gc2500_rp0.03_mr5E-4_ss200.fa	long_content_30k_003	1213	29902
long_content_30k_003/lc30k003_272_gc2000_rp0.03_mr5E-4_ss100.fa	long_content_30k_003	800	29902
long_content_30k_003/lc30k003_2730_gc2000_rp0.02_mr5E-4_ss200.fa	long_content_30k_003	577	29902
long_content_30k_003/lc30k003_2731_gc2000_rp0.03_mr2E-4_ss200.fa	long_content_30k_003	701	29902
long_content_30k_003/lc30k003_2732_gc2000_rp0.02_mr3E-4_ss100.fa	long_content_30k_003	333	29902
long_content_30k_003/lc30k003_2733_gc2500_rp0.03_mr2E-4_ss200.fa	long_content_30k_003	1573	29902
long_content_30k_003/lc30k003_2734_gc2000_rp0.02_mr3E-4_ss200.fa	long_content_30k_003	988	29902
long_content_30k_003/lc30k003_2735_gc2500_rp0.01_mr2E-4_ss100.fa	long_content_30k_003	324	29902
long_content_30k_003/lc30k003_2736_gc2500_rp0.03_mr5E-4_ss100.fa	long_content_30k_003	291	29902
long_content_30k_003/lc30k003_2737_gc2500_rp0.02_mr2E-4_ss100.fa	long_content_30k_003	828	29902
long_content_30k_003/lc30k003_2738_gc2500_rp0.02_mr3E-4_ss100.fa	long_content_30k_003	657	29902
long_content_30k_003/lc30k003_2739_gc2000_rp0.03_mr3E-4_ss100.fa	long_content_30k_003	161	29902
long_content_30k_003/lc30k003_273_gc2500_rp0.01_mr3E-4_ss200.fa	long_content_30k_003	95	20190
long_content_30k_003/lc30k003_2740_gc2500_rp0.02_mr3E-4_ss200.fa	long_content_30k_003	264	29902
long_content_30k_003/lc30k003_2741_gc2500_rp0.03_mr2E-4_ss100.fa	long_content_30k_003	116	29902
long_content_30k_003/lc30k003_2742_gc2500_rp0.01_mr2E-4_ss200.fa	long_content_30k_003	118	29902
long_content_30k_003/lc30k003_2743_gc2000_rp0.01_mr2E-4_ss100.fa	long_content_30k_003	448	29902
long_content_30k_003/lc30k003_2744_gc2000_rp0.02_mr5E-4_ss100.fa	long_content_30k_003	228	26682
long_content_30k_003/lc30k003_2745_gc2000_rp0.03_mr5E-4_ss200.fa	long_content_30k_003	1234	29902
long_content_30k_003/lc30k003_2746_gc2500_rp0.02_mr5E-4_ss100.fa	long_content_30k_003	537	29902
long_content_30k_003/lc30k003_2747_gc2500_rp0.01_mr5E-4_ss200.fa	long_content_30k_003	442	29902
long_content_30k_003/lc30k003_2748_gc2000_rp0.01_mr5E-4_ss100.fa	long_content_30k_003	35	29902
long_content_30k_003/lc30k003_2749_gc2000_rp0.01_mr2E-4_ss200.fa	long_content_30k_003	60	29902
long_content_30k_003/lc30k003_274_gc2500_rp0.02_mr2E-4_ss200.fa	long_content_30k_003	544	29902
long_content_30k_003/lc30k003_2750_gc2500_rp0.03_mr3E-4_ss100.fa	long_content_30k_003	237	29902
long_content_30k_003/lc30k003_2751_gc2000_rp0.03_mr2E-4_ss100.fa	long_content_30k_003	614	29902
long_content_30k_003/lc30k003_2752_gc2500_rp0.01_mr3E-4_ss100.fa	long_content_30k_003	39	29902
long_content_30k_003/lc30k003_2753_gc2000_rp0.03_mr3E-4_ss200.fa	long_content_30k_003	385	29902
long_content_30k_003/lc30k003_2754_gc2000_rp0.01_mr5E-4_ss200.fa	long_content_30k_003	199	29902
long_content_30k_003/lc30k003_2755_gc2000_rp0.02_mr2E-4_ss100.fa	long_content_30k_003	100	29902
long_content_30k_003/lc30k003_2756_gc2000_rp0.03_mr5E-4_ss100.fa	long_content_30k_003	295	29902
long_content_30k_003/lc30k003_2757_gc2500_rp0.01_mr3E-4_ss200.fa	long_content_30k_003	18	29902
long_content_30k_003/lc30k003_2758_gc2500_rp0.02_mr2E-4_ss200.fa	long_content_30k_003	1099	29902
long_content_30k_003/lc30k003_2759_gc2500_rp0.01_mr5E-4_ss100.fa	long_content_30k_003	372	29902
long_content_30k_003/lc30k003_275_gc2500_rp0.01_mr5E-4_ss100.fa	long_content_30k_003	201	28806
long_content_30k_003/lc30k003_2760_gc2500_rp0.03_mr3E-4_ss200.fa	long_content_30k_003	3573	29902
long_content_30k_003/lc30k003_2761_gc2000_rp0.01_mr3E-4_ss100.fa	long_content_30k_003	50	29902
long_content_30k_003/lc30k003_2762_gc2000_rp0.01_mr3E-4_ss200.fa	long_content_30k_003	112	28749
long_content_30k_003/lc30k003_2763_gc2000_rp0.02_mr2E-4_ss200.fa	long_content_30k_003	160	29902
long_content_30k_003/lc30k003_2764_gc2500_rp0.02_mr5E-4_ss200.fa	long_content_30k_003	150	29902
long_content_30k_003/lc30k003_2765_gc2500_rp0.03_mr5E-4_ss200.fa	long_content_30k_003	749	29902
long_content_30k_003/lc30k003_2766_gc2000_rp0.02_mr5E-4_ss200.fa	long_content_30k_003	98	29902
long_content_30k_003/lc30k003_2767_gc2000_rp0.03_mr2E-4_ss200.fa	long_content_30k_003	248	29902
long_content_30k_003/lc30k003_2768_gc2000_rp0.02_mr3E-4_ss100.fa	long_content_30k_003	131	29902
long_content_30k_003/lc30k003_2769_gc2500_rp0.03_mr2E-4_ss200.fa	long_content_30k_003	242	29902
long_content_30k_003/lc30k003_276_gc2500_rp0.03_mr3E-4_ss200.fa	long_content_30k_003	1962	29902
long_content_30k_003/lc30k003_2770_gc2000_rp0.02_mr3E-4_ss200.fa	long_content_30k_003	150	29902
long_content_30k_003/lc30k003_2771_gc2500_rp0.01_mr2E-4_ss100.fa	long_content_30k_003	52	29902
long_content_30k_003/lc30k003_2772_gc2500_rp0.03_mr5E-4_ss100.fa	long_content_30k_003	349	29902
long_content_30k_003/lc30k003_2773_gc2500_rp0.02_mr2E-4_ss100.fa	long_content_30k_003	206	29902
long_content_30k_003/lc30k003_2774_gc2500_rp0.02_mr3E-4_ss100.fa	long_content_30k_003	97	29199
long_content_30k_003/lc30k003_2775_gc2000_rp0.03_mr3E-4_ss100.fa	long_content_30k_003	773	29902
long_content_30k_003/lc30k003_2776_gc2500_rp0.02_mr3E-4_ss200.fa	long_content_30k_003	983	29902
long_content_30k_003/lc30k003_2777_gc2500_rp0.03_mr2E-4_ss100.fa	long_content_30k_003	1031	29902
long_content_30k_003/lc30k003_2778_gc2500_rp0.01_mr2E-4_ss200.fa	long_content_30k_003	177	29902
long_content_30k_003/lc30k003_2779_gc2000_rp0.01_mr2E-4_ss100.fa	long_content_30k_003	225	29902
long_content_30k_003/lc30k003_277_gc2000_rp0.01_mr3E-4_ss100.fa	long_content_30k_003	230	29902
long_content_30k_003/lc30k003_2780_gc2000_rp0.02_mr5E-4_ss100.fa	long_content_30k_003	988	29902
long_content_30k_003/lc30k003_2781_gc2000_rp0.03_mr5E-4_ss200.fa	long_content_30k_003	1735	29902
long_content_30k_003/lc30k003_2782_gc2500_rp0.02_mr5E-4_ss100.fa	long_content_30k_003	175	29902
long_content_30k_003/lc30k003_2783_gc2500_rp0.01_mr5E-4_ss200.fa	long_content_30k_003	61	29902
long_content_30k_003/lc30k003_2784_gc2000_rp0.01_mr5E-4_ss100.fa	long_content_30k_003	803	29902
long_content_30k_003/lc30k003_2785_gc2000_rp0.01_mr2E-4_ss200.fa	long_content_30k_003	71	27342
long_content_30k_003/lc30k003_2786_gc2500_rp0.03_mr3E-4_ss100.fa	long_content_30k_003	33	27612
long_content_30k_003/lc30k003_2787_gc2000_rp0.03_mr2E-4_ss100.fa	long_content_30k_003	27	26769
long_content_30k_003/lc30k003_2788_gc2500_rp0.01_mr3E-4_ss100.fa	long_content_30k_003	70	29902
long_content_30k_003/lc30k003_2789_gc2000_rp0.03_mr3E-4_ss200.fa	long_content_30k_003	439	29902
long_content_30k_003/lc30k003_278_gc2000_rp0.01_mr3E-4_ss200.fa	long_content_30k_003	811	29902
long_content_30k_003/lc30k003_2790_gc2000_rp0.01_mr5E-4_ss200.fa	long_content_30k_003	349	26748
long_content_30k_003/lc30k003_2791_gc2000_rp0.02_mr2E-4_ss100.fa	long_content_30k_003	192	29902
long_content_30k_003/lc30k003_2792_gc2000_rp0.03_mr5E-4_ss100.fa	long_content_30k_003	133	29902
long_content_30k_003/lc30k003_2793_gc2500_rp0.01_mr3E-4_ss200.fa	long_content_30k_003	19	29902
long_content_30k_003/lc30k003_2794_gc2500_rp0.02_mr2E-4_ss200.fa	long_content_30k_003	731	29902
long_content_30k_003/lc30k003_2795_gc2500_rp0.01_mr5E-4_ss100.fa	long_content_30k_003	21	14949
long_content_30k_003/lc30k003_2796_gc2500_rp0.03_mr3E-4_ss200.fa	long_content_30k_003	793	29902
long_content_30k_003/lc30k003_2797_gc2000_rp0.01_mr3E-4_ss100.fa	long_content_30k_003	81	29902
long_content_30k_003/lc30k003_2798_gc2000_rp0.01_mr3E-4_ss200.fa	long_content_30k_003	85	29902
long_content_30k_003/lc30k003_2799_gc2000_rp0.02_mr2E-4_ss200.fa	long_content_30k_003	670	29902
long_content_30k_003/lc30k003_279_gc2000_rp0.02_mr2E-4_ss200.fa	long_content_30k_003	108	29902
long_content_30k_003/lc30k003_2800_gc2500_rp0.02_mr5E-4_ss200.fa	long_content_30k_003	1144	29902
long_content_30k_003/lc30k003_2801_gc2500_rp0.03_mr5E-4_ss200.fa	long_content_30k_003	982	29902
long_content_30k_003/lc30k003_2802_gc2000_rp0.02_mr5E-4_ss200.fa	long_content_30k_003	205	29902
long_content_30k_003/lc30k003_2803_gc2000_rp0.03_mr2E-4_ss200.fa	long_content_30k_003	681	29902
long_content_30k_003/lc30k003_2804_gc2000_rp0.02_mr3E-4_ss100.fa	long_content_30k_003	255	29902
long_content_30k_003/lc30k003_2805_gc2500_rp0.03_mr2E-4_ss200.fa	long_content_30k_003	1242	29902
long_content_30k_003/lc30k003_2806_gc2000_rp0.02_mr3E-4_ss200.fa	long_content_30k_003	395	26697
long_content_30k_003/lc30k003_2807_gc2500_rp0.01_mr2E-4_ss100.fa	long_content_30k_003	30	29902
long_content_30k_003/lc30k003_2808_gc2500_rp0.03_mr5E-4_ss100.fa	long_content_30k_003	114	29902
long_content_30k_003/lc30k003_2809_gc2500_rp0.02_mr2E-4_ss100.fa	long_content_30k_003	163	29902
long_content_30k_003/lc30k003_280_gc2500_rp0.02_mr5E-4_ss200.fa	long_content_30k_003	325	29902
long_content_30k_003/lc30k003_2810_gc2500_rp0.02_mr3E-4_ss100.fa	long_content_30k_003	190	29902
long_content_30k_003/lc30k003_2811_gc2000_rp0.03_mr3E-4_ss100.fa	long_content_30k_003	532	29902
long_content_30k_003/lc30k003_2812_gc2500_rp0.02_mr3E-4_ss200.fa	long_content_30k_003	701	29902
long_content_30k_003/lc30k003_2813_gc2500_rp0.03_mr2E-4_ss100.fa	long_content_30k_003	149	29902
long_content_30k_003/lc30k003_2814_gc2500_rp0.01_mr2E-4_ss200.fa	long_content_30k_003	74	29902
long_content_30k_003/lc30k003_2815_gc2000_rp0.01_mr2E-4_ss100.fa	long_content_30k_003	81	29902
long_content_30k_003/lc30k003_2817_gc2000_rp0.03_mr5E-4_ss200.fa	long_content_30k_003	1643	29902
long_content_30k_003/lc30k003_2818_gc2500_rp0.02_mr5E-4_ss100.fa	long_content_30k_003	87	29902
long_content_30k_003/lc30k003_2819_gc2500_rp0.01_mr5E-4_ss200.fa	long_content_30k_003	295	29902
long_content_30k_003/lc30k003_281_gc2500_rp0.03_mr5E-4_ss200.fa	long_content_30k_003	430	29902
long_content_30k_003/lc30k003_2820_gc2000_rp0.01_mr5E-4_ss100.fa	long_content_30k_003	38	29902
long_content_30k_003/lc30k003_2821_gc2000_rp0.01_mr2E-4_ss200.fa	long_content_30k_003	143	29902
long_content_30k_003/lc30k003_2822_gc2500_rp0.03_mr3E-4_ss100.fa	long_content_30k_003	97	29902
long_content_30k_003/lc30k003_2823_gc2000_rp0.03_mr2E-4_ss100.fa	long_content_30k_003	1865	29902
long_content_30k_003/lc30k003_2824_gc2500_rp0.01_mr3E-4_ss100.fa	long_content_30k_003	213	29902
long_content_30k_003/lc30k003_2825_gc2000_rp0.03_mr3E-4_ss200.fa	long_content_30k_003	973	29902
long_content_30k_003/lc30k003_2826_gc2000_rp0.01_mr5E-4_ss200.fa	long_content_30k_003	281	29902
long_content_30k_003/lc30k003_2827_gc2000_rp0.02_mr2E-4_ss100.fa	long_content_30k_003	97	29902
long_content_30k_003/lc30k003_2828_gc2000_rp0.03_mr5E-4_ss100.fa	long_content_30k_003	416	29902
long_content_30k_003/lc30k003_2829_gc2500_rp0.01_mr3E-4_ss200.fa	long_content_30k_003	209	27867
long_content_30k_003/lc30k003_282_gc2000_rp0.02_mr5E-4_ss200.fa	long_content_30k_003	2012	29902
long_content_30k_003/lc30k003_2830_gc2500_rp0.02_mr2E-4_ss200.fa	long_content_30k_003	194	29902
long_content_30k_003/lc30k003_2831_gc2500_rp0.01_mr5E-4_ss100.fa	long_content_30k_003	141	29902
long_content_30k_003/lc30k003_2832_gc2500_rp0.03_mr3E-4_ss200.fa	long_content_30k_003	1772	29902
long_content_30k_003/lc30k003_2833_gc2000_rp0.01_mr3E-4_ss100.fa	long_content_30k_003	21	21597
long_content_30k_003/lc30k003_2834_gc2000_rp0.01_mr3E-4_ss200.fa	long_content_30k_003	246	29902
long_content_30k_003/lc30k003_2835_gc2000_rp0.02_mr2E-4_ss200.fa	long_content_30k_003	130	29902
long_content_30k_003/lc30k003_2836_gc2500_rp0.02_mr5E-4_ss200.fa	long_content_30k_003	461	29902
long_content_30k_003/lc30k003_2837_gc2500_rp0.03_mr5E-4_ss200.fa	long_content_30k_003	1575	29902
long_content_30k_003/lc30k003_2838_gc2000_rp0.02_mr5E-4_ss200.fa	long_content_30k_003	166	29902
long_content_30k_003/lc30k003_2839_gc2000_rp0.03_mr2E-4_ss200.fa	long_content_30k_003	427	29902
long_content_30k_003/lc30k003_283_gc2000_rp0.03_mr2E-4_ss200.fa	long_content_30k_003	593	29902
long_content_30k_003/lc30k003_2840_gc2000_rp0.02_mr3E-4_ss100.fa	long_content_30k_003	321	29902
long_content_30k_003/lc30k003_2841_gc2500_rp0.03_mr2E-4_ss200.fa	long_content_30k_003	1240	29902
long_content_30k_003/lc30k003_2842_gc2000_rp0.02_mr3E-4_ss200.fa	long_content_30k_003	779	29902
long_content_30k_003/lc30k003_2843_gc2500_rp0.01_mr2E-4_ss100.fa	long_content_30k_003	326	29902
long_content_30k_003/lc30k003_2844_gc2500_rp0.03_mr5E-4_ss100.fa	long_content_30k_003	502	29902
long_content_30k_003/lc30k003_2845_gc2500_rp0.02_mr2E-4_ss100.fa	long_content_30k_003	325	29902
long_content_30k_003/lc30k003_2846_gc2500_rp0.02_mr3E-4_ss100.fa	long_content_30k_003	231	29902
long_content_30k_003/lc30k003_2847_gc2000_rp0.03_mr3E-4_ss100.fa	long_content_30k_003	251	29902
long_content_30k_003/lc30k003_2848_gc2500_rp0.02_mr3E-4_ss200.fa	long_content_30k_003	97	29902
long_content_30k_003/lc30k003_2849_gc2500_rp0.03_mr2E-4_ss100.fa	long_content_30k_003	484	29902
long_content_30k_003/lc30k003_284_gc2000_rp0.02_mr3E-4_ss100.fa	long_content_30k_003	26	29902
long_content_30k_003/lc30k003_2850_gc2500_rp0.01_mr2E-4_ss200.fa	long_content_30k_003	448	29902
long_content_30k_003/lc30k003_2851_gc2000_rp0.01_mr2E-4_ss100.fa	long_content_30k_003	84	29902
long_content_30k_003/lc30k003_2852_gc2000_rp0.02_mr5E-4_ss100.fa	long_content_30k_003	200	29902
long_content_30k_003/lc30k003_2853_gc2000_rp0.03_mr5E-4_ss200.fa	long_content_30k_003	2498	29902
long_content_30k_003/lc30k003_2854_gc2500_rp0.02_mr5E-4_ss100.fa	long_content_30k_003	136	29902
long_content_30k_003/lc30k003_2855_gc2500_rp0.01_mr5E-4_ss200.fa	long_content_30k_003	220	29902
long_content_30k_003/lc30k003_2856_gc2000_rp0.01_mr5E-4_ss100.fa	long_content_30k_003	249	29902
long_content_30k_003/lc30k003_2857_gc2000_rp0.01_mr2E-4_ss200.fa	long_content_30k_003	58	29902
long_content_30k_003/lc30k003_2858_gc2500_rp0.03_mr3E-4_ss100.fa	long_content_30k_003	458	29902
long_content_30k_003/lc30k003_2859_gc2000_rp0.03_mr2E-4_ss100.fa	long_content_30k_003	467	29902
long_content_30k_003/lc30k003_285_gc2500_rp0.03_mr2E-4_ss200.fa	long_content_30k_003	1008	29902
long_content_30k_003/lc30k003_2860_gc2500_rp0.01_mr3E-4_ss100.fa	long_content_30k_003	87	29902
long_content_30k_003/lc30k003_2861_gc2000_rp0.03_mr3E-4_ss200.fa	long_content_30k_003	1614	29902
long_content_30k_003/lc30k003_2862_gc2000_rp0.01_mr5E-4_ss200.fa	long_content_30k_003	108	29902
long_content_30k_003/lc30k003_2863_gc2000_rp0.02_mr2E-4_ss100.fa	long_content_30k_003	337	29902
long_content_30k_003/lc30k003_2864_gc2000_rp0.03_mr5E-4_ss100.fa	long_content_30k_003	1555	29902
long_content_30k_003/lc30k003_2865_gc2500_rp0.01_mr3E-4_ss200.fa	long_content_30k_003	432	29902
long_content_30k_003/lc30k003_2866_gc2500_rp0.02_mr2E-4_ss200.fa	long_content_30k_003	286	29902
long_content_30k_003/lc30k003_2868_gc2500_rp0.03_mr3E-4_ss200.fa	long_content_30k_003	1164	29902
long_content_30k_003/lc30k003_2869_gc2000_rp0.01_mr3E-4_ss100.fa	long_content_30k_003	138	29902
long_content_30k_003/lc30k003_286_gc2000_rp0.02_mr3E-4_ss200.fa	long_content_30k_003	44	25689
long_content_30k_003/lc30k003_2870_gc2000_rp0.01_mr3E-4_ss200.fa	long_content_30k_003	385	29902
long_content_30k_003/lc30k003_2872_gc2500_rp0.02_mr5E-4_ss200.fa	long_content_30k_003	159	29902
long_content_30k_003/lc30k003_2873_gc2500_rp0.03_mr5E-4_ss200.fa	long_content_30k_003	889	29902
long_content_30k_003/lc30k003_2874_gc2000_rp0.02_mr5E-4_ss200.fa	long_content_30k_003	283	29902
long_content_30k_003/lc30k003_2875_gc2000_rp0.03_mr2E-4_ss200.fa	long_content_30k_003	952	29902
long_content_30k_003/lc30k003_2876_gc2000_rp0.02_mr3E-4_ss100.fa	long_content_30k_003	703	29902
long_content_30k_003/lc30k003_2877_gc2500_rp0.03_mr2E-4_ss200.fa	long_content_30k_003	2481	29902
long_content_30k_003/lc30k003_2878_gc2000_rp0.02_mr3E-4_ss200.fa	long_content_30k_003	584	29902
long_content_30k_003/lc30k003_2879_gc2500_rp0.01_mr2E-4_ss100.fa	long_content_30k_003	121	29902
long_content_30k_003/lc30k003_287_gc2500_rp0.01_mr2E-4_ss100.fa	long_content_30k_003	259	27654
long_content_30k_003/lc30k003_2880_gc2500_rp0.03_mr5E-4_ss100.fa	long_content_30k_003	722	29902
long_content_30k_003/lc30k003_2881_gc2500_rp0.02_mr2E-4_ss100.fa	long_content_30k_003	128	29902
long_content_30k_003/lc30k003_2882_gc2500_rp0.02_mr3E-4_ss100.fa	long_content_30k_003	139	29902
long_content_30k_003/lc30k003_2883_gc2000_rp0.03_mr3E-4_ss100.fa	long_content_30k_003	521	29902
long_content_30k_003/lc30k003_2884_gc2500_rp0.02_mr3E-4_ss200.fa	long_content_30k_003	185	29902
long_content_30k_003/lc30k003_2885_gc2500_rp0.03_mr2E-4_ss100.fa	long_content_30k_003	324	29902
long_content_30k_003/lc30k003_2886_gc2500_rp0.01_mr2E-4_ss200.fa	long_content_30k_003	195	29902
long_content_30k_003/lc30k003_2887_gc2000_rp0.01_mr2E-4_ss100.fa	long_content_30k_003	102	29902
long_content_30k_003/lc30k003_2888_gc2000_rp0.02_mr5E-4_ss100.fa	long_content_30k_003	278	29902
long_content_30k_003/lc30k003_2889_gc2000_rp0.03_mr5E-4_ss200.fa	long_content_30k_003	1203	29902
long_content_30k_003/lc30k003_288_gc2500_rp0.03_mr5E-4_ss100.fa	long_content_30k_003	179	29902
long_content_30k_003/lc30k003_2890_gc2500_rp0.02_mr5E-4_ss100.fa	long_content_30k_003	234	29902
long_content_30k_003/lc30k003_2891_gc2500_rp0.01_mr5E-4_ss200.fa	long_content_30k_003	98	29902
long_content_30k_003/lc30k003_2892_gc2000_rp0.01_mr5E-4_ss100.fa	long_content_30k_003	326	29902
long_content_30k_003/lc30k003_2893_gc2000_rp0.01_mr2E-4_ss200.fa	long_content_30k_003	459	29902
long_content_30k_003/lc30k003_2894_gc2500_rp0.03_mr3E-4_ss100.fa	long_content_30k_003	1270	29902
long_content_30k_003/lc30k003_2895_gc2000_rp0.03_mr2E-4_ss100.fa	long_content_30k_003	22	29902
long_content_30k_003/lc30k003_2896_gc2500_rp0.01_mr3E-4_ss100.fa	long_content_30k_003	80	29902
long_content_30k_003/lc30k003_2897_gc2000_rp0.03_mr3E-4_ss200.fa	long_content_30k_003	537	29902
long_content_30k_003/lc30k003_2898_gc2000_rp0.01_mr5E-4_ss200.fa	long_content_30k_003	82	24648
long_content_30k_003/lc30k003_2899_gc2000_rp0.02_mr2E-4_ss100.fa	long_content_30k_003	514	29902
long_content_30k_003/lc30k003_289_gc2500_rp0.02_mr2E-4_ss100.fa	long_content_30k_003	88	29902
long_content_30k_003/lc30k003_2900_gc2000_rp0.03_mr5E-4_ss100.fa	long_content_30k_003	243	29902
long_content_30k_003/lc30k003_2901_gc2500_rp0.01_mr3E-4_ss200.fa	long_content_30k_003	15	23733
long_content_30k_003/lc30k003_2902_gc2500_rp0.02_mr2E-4_ss200.fa	long_content_30k_003	104	29902
long_content_30k_003/lc30k003_2903_gc2500_rp0.01_mr5E-4_ss100.fa	long_content_30k_003	34	29902
long_content_30k_003/lc30k003_2904_gc2500_rp0.03_mr3E-4_ss200.fa	long_content_30k_003	1699	29902
long_content_30k_003/lc30k003_2905_gc2000_rp0.01_mr3E-4_ss100.fa	long_content_30k_003	339	29902
long_content_30k_003/lc30k003_2906_gc2000_rp0.01_mr3E-4_ss200.fa	long_content_30k_003	313	29902
long_content_30k_003/lc30k003_2907_gc2000_rp0.02_mr2E-4_ss200.fa	long_content_30k_003	378	29902
long_content_30k_003/lc30k003_2908_gc2500_rp0.02_mr5E-4_ss200.fa	long_content_30k_003	303	29902
long_content_30k_003/lc30k003_2909_gc2500_rp0.03_mr5E-4_ss200.fa	long_content_30k_003	488	29902
long_content_30k_003/lc30k003_290_gc2500_rp0.02_mr3E-4_ss100.fa	long_content_30k_003	35	29902
long_content_30k_003/lc30k003_2910_gc2000_rp0.02_mr5E-4_ss200.fa	long_content_30k_003	70	29902
long_content_30k_003/lc30k003_2911_gc2000_rp0.03_mr2E-4_ss200.fa	long_content_30k_003	966	29902
long_content_30k_003/lc30k003_2912_gc2000_rp0.02_mr3E-4_ss100.fa	long_content_30k_003	344	29902
long_content_30k_003/lc30k003_2913_gc2500_rp0.03_mr2E-4_ss200.fa	long_content_30k_003	127	29902
long_content_30k_003/lc30k003_2914_gc2000_rp0.02_mr3E-4_ss200.fa	long_content_30k_003	189	27741
long_content_30k_003/lc30k003_2915_gc2500_rp0.01_mr2E-4_ss100.fa	long_content_30k_003	299	29902
long_content_30k_003/lc30k003_2916_gc2500_rp0.03_mr5E-4_ss100.fa	long_content_30k_003	124	29902
long_content_30k_003/lc30k003_2917_gc2500_rp0.02_mr2E-4_ss100.fa	long_content_30k_003	458	29902
long_content_30k_003/lc30k003_2918_gc2500_rp0.02_mr3E-4_ss100.fa	long_content_30k_003	233	29902
long_content_30k_003/lc30k003_2919_gc2000_rp0.03_mr3E-4_ss100.fa	long_content_30k_003	383	29902
long_content_30k_003/lc30k003_291_gc2000_rp0.03_mr3E-4_ss100.fa	long_content_30k_003	306	29902
long_content_30k_003/lc30k003_2920_gc2500_rp0.02_mr3E-4_ss200.fa	long_content_30k_003	580	29902
long_content_30k_003/lc30k003_2921_gc2500_rp0.03_mr2E-4_ss100.fa	long_content_30k_003	1059	29902
long_content_30k_003/lc30k003_2922_gc2500_rp0.01_mr2E-4_ss200.fa	long_content_30k_003	393	29902
long_content_30k_003/lc30k003_2923_gc2000_rp0.01_mr2E-4_ss100.fa	long_content_30k_003	248	29902
long_content_30k_003/lc30k003_2924_gc2000_rp0.02_mr5E-4_ss100.fa	long_content_30k_003	130	29902
long_content_30k_003/lc30k003_2925_gc2000_rp0.03_mr5E-4_ss200.fa	long_content_30k_003	2240	29902
long_content_30k_003/lc30k003_2926_gc2500_rp0.02_mr5E-4_ss100.fa	long_content_30k_003	1011	29902
long_content_30k_003/lc30k003_2927_gc2500_rp0.01_mr5E-4_ss200.fa	long_content_30k_003	489	29902
long_content_30k_003/lc30k003_2928_gc2000_rp0.01_mr5E-4_ss100.fa	long_content_30k_003	226	29902
long_content_30k_003/lc30k003_2929_gc2000_rp0.01_mr2E-4_ss200.fa	long_content_30k_003	874	29902
long_content_30k_003/lc30k003_292_gc2500_rp0.02_mr3E-4_ss200.fa	long_content_30k_003	987	29902
long_content_30k_003/lc30k003_2930_gc2500_rp0.03_mr3E-4_ss100.fa	long_content_30k_003	579	29902
long_content_30k_003/lc30k003_2931_gc2000_rp0.03_mr2E-4_ss100.fa	long_content_30k_003	326	29902
long_content_30k_003/lc30k003_2932_gc2500_rp0.01_mr3E-4_ss100.fa	long_content_30k_003	178	29902
long_content_30k_003/lc30k003_2933_gc2000_rp0.03_mr3E-4_ss200.fa	long_content_30k_003	2127	29902
long_content_30k_003/lc30k003_2934_gc2000_rp0.01_mr5E-4_ss200.fa	long_content_30k_003	19	29902
long_content_30k_003/lc30k003_2935_gc2000_rp0.02_mr2E-4_ss100.fa	long_content_30k_003	356	29902
long_content_30k_003/lc30k003_2936_gc2000_rp0.03_mr5E-4_ss100.fa	long_content_30k_003	149	29902
long_content_30k_003/lc30k003_2937_gc2500_rp0.01_mr3E-4_ss200.fa	long_content_30k_003	51	29902
long_content_30k_003/lc30k003_2938_gc2500_rp0.02_mr2E-4_ss200.fa	long_content_30k_003	189	29902
long_content_30k_003/lc30k003_2939_gc2500_rp0.01_mr5E-4_ss100.fa	long_content_30k_003	97	29061
long_content_30k_003/lc30k003_293_gc2500_rp0.03_mr2E-4_ss100.fa	long_content_30k_003	573	29902
long_content_30k_003/lc30k003_2940_gc2500_rp0.03_mr3E-4_ss200.fa	long_content_30k_003	604	29902
long_content_30k_003/lc30k003_2941_gc2000_rp0.01_mr3E-4_ss100.fa	long_content_30k_003	121	28362
long_content_30k_003/lc30k003_2942_gc2000_rp0.01_mr3E-4_ss200.fa	long_content_30k_003	605	29902
long_content_30k_003/lc30k003_2943_gc2000_rp0.02_mr2E-4_ss200.fa	long_content_30k_003	16	29902
long_content_30k_003/lc30k003_2944_gc2500_rp0.02_mr5E-4_ss200.fa	long_content_30k_003	855	29902
long_content_30k_003/lc30k003_2945_gc2500_rp0.03_mr5E-4_ss200.fa	long_content_30k_003	2503	29902
long_content_30k_003/lc30k003_2946_gc2000_rp0.02_mr5E-4_ss200.fa	long_content_30k_003	153	29902
long_content_30k_003/lc30k003_2947_gc2000_rp0.03_mr2E-4_ss200.fa	long_content_30k_003	1675	29902
long_content_30k_003/lc30k003_2948_gc2000_rp0.02_mr3E-4_ss100.fa	long_content_30k_003	217	29902
long_content_30k_003/lc30k003_2949_gc2500_rp0.03_mr2E-4_ss200.fa	long_content_30k_003	2873	29902
long_content_30k_003/lc30k003_294_gc2500_rp0.01_mr2E-4_ss200.fa	long_content_30k_003	90	29902
long_content_30k_003/lc30k003_2950_gc2000_rp0.02_mr3E-4_ss200.fa	long_content_30k_003	644	29902
long_content_30k_003/lc30k003_2951_gc2500_rp0.01_mr2E-4_ss100.fa	long_content_30k_003	197	29902
long_content_30k_003/lc30k003_2952_gc2500_rp0.03_mr5E-4_ss100.fa	long_content_30k_003	409	29902
long_content_30k_003/lc30k003_2953_gc2500_rp0.02_mr2E-4_ss100.fa	long_content_30k_003	359	29902
long_content_30k_003/lc30k003_2954_gc2500_rp0.02_mr3E-4_ss100.fa	long_content_30k_003	148	29902
long_content_30k_003/lc30k003_2955_gc2000_rp0.03_mr3E-4_ss100.fa	long_content_30k_003	145	29902
long_content_30k_003/lc30k003_2956_gc2500_rp0.02_mr3E-4_ss200.fa	long_content_30k_003	1010	29902
long_content_30k_003/lc30k003_2957_gc2500_rp0.03_mr2E-4_ss100.fa	long_content_30k_003	764	29902
long_content_30k_003/lc30k003_2958_gc2500_rp0.01_mr2E-4_ss200.fa	long_content_30k_003	312	29902
long_content_30k_003/lc30k003_2959_gc2000_rp0.01_mr2E-4_ss100.fa	long_content_30k_003	187	25434
long_content_30k_003/lc30k003_295_gc2000_rp0.01_mr2E-4_ss100.fa	long_content_30k_003	27	29902
long_content_30k_003/lc30k003_2960_gc2000_rp0.02_mr5E-4_ss100.fa	long_content_30k_003	301	29902
long_content_30k_003/lc30k003_2961_gc2000_rp0.03_mr5E-4_ss200.fa	long_content_30k_003	622	29902
long_content_30k_003/lc30k003_2962_gc2500_rp0.02_mr5E-4_ss100.fa	long_content_30k_003	300	29902
long_content_30k_003/lc30k003_2963_gc2500_rp0.01_mr5E-4_ss200.fa	long_content_30k_003	67	25218
long_content_30k_003/lc30k003_2964_gc2000_rp0.01_mr5E-4_ss100.fa	long_content_30k_003	5	29244
long_content_30k_003/lc30k003_2965_gc2000_rp0.01_mr2E-4_ss200.fa	long_content_30k_003	53	29902
long_content_30k_003/lc30k003_2966_gc2500_rp0.03_mr3E-4_ss100.fa	long_content_30k_003	732	29902
long_content_30k_003/lc30k003_2967_gc2000_rp0.03_mr2E-4_ss100.fa	long_content_30k_003	469	29902
long_content_30k_003/lc30k003_2968_gc2500_rp0.01_mr3E-4_ss100.fa	long_content_30k_003	638	29902
long_content_30k_003/lc30k003_2969_gc2000_rp0.03_mr3E-4_ss200.fa	long_content_30k_003	704	29902
long_content_30k_003/lc30k003_296_gc2000_rp0.02_mr5E-4_ss100.fa	long_content_30k_003	369	29902
long_content_30k_003/lc30k003_2970_gc2000_rp0.01_mr5E-4_ss200.fa	long_content_30k_003	259	29902
long_content_30k_003/lc30k003_2971_gc2000_rp0.02_mr2E-4_ss100.fa	long_content_30k_003	148	29902
long_content_30k_003/lc30k003_2972_gc2000_rp0.03_mr5E-4_ss100.fa	long_content_30k_003	104	29902
long_content_30k_003/lc30k003_2973_gc2500_rp0.01_mr3E-4_ss200.fa	long_content_30k_003	1070	29902
long_content_30k_003/lc30k003_2974_gc2500_rp0.02_mr2E-4_ss200.fa	long_content_30k_003	598	29902
long_content_30k_003/lc30k003_2975_gc2500_rp0.01_mr5E-4_ss100.fa	long_content_30k_003	58	22434
long_content_30k_003/lc30k003_2976_gc2500_rp0.03_mr3E-4_ss200.fa	long_content_30k_003	1191	29902
long_content_30k_003/lc30k003_2977_gc2000_rp0.01_mr3E-4_ss100.fa	long_content_30k_003	177	29902
long_content_30k_003/lc30k003_2978_gc2000_rp0.01_mr3E-4_ss200.fa	long_content_30k_003	304	29902
long_content_30k_003/lc30k003_2979_gc2000_rp0.02_mr2E-4_ss200.fa	long_content_30k_003	471	29902
long_content_30k_003/lc30k003_297_gc2000_rp0.03_mr5E-4_ss200.fa	long_content_30k_003	1277	29902
long_content_30k_003/lc30k003_2980_gc2500_rp0.02_mr5E-4_ss200.fa	long_content_30k_003	306	29902
long_content_30k_003/lc30k003_2981_gc2500_rp0.03_mr5E-4_ss200.fa	long_content_30k_003	672	29902
long_content_30k_003/lc30k003_2982_gc2000_rp0.02_mr5E-4_ss200.fa	long_content_30k_003	108	29902
long_content_30k_003/lc30k003_2983_gc2000_rp0.03_mr2E-4_ss200.fa	long_content_30k_003	324	29902
long_content_30k_003/lc30k003_2984_gc2000_rp0.02_mr3E-4_ss100.fa	long_content_30k_003	44	29902
long_content_30k_003/lc30k003_2985_gc2500_rp0.03_mr2E-4_ss200.fa	long_content_30k_003	928	29902
long_content_30k_003/lc30k003_2986_gc2000_rp0.02_mr3E-4_ss200.fa	long_content_30k_003	348	29902
long_content_30k_003/lc30k003_2987_gc2500_rp0.01_mr2E-4_ss100.fa	long_content_30k_003	88	29902
long_content_30k_003/lc30k003_2988_gc2500_rp0.03_mr5E-4_ss100.fa	long_content_30k_003	434	29902
long_content_30k_003/lc30k003_2989_gc2500_rp0.02_mr2E-4_ss100.fa	long_content_30k_003	132	26850
long_content_30k_003/lc30k003_298_gc2500_rp0.02_mr5E-4_ss100.fa	long_content_30k_003	218	29902
long_content_30k_003/lc30k003_2990_gc2500_rp0.02_mr3E-4_ss100.fa	long_content_30k_003	196	29902
long_content_30k_003/lc30k003_2991_gc2000_rp0.03_mr3E-4_ss100.fa	long_content_30k_003	381	29902
long_content_30k_003/lc30k003_2992_gc2500_rp0.02_mr3E-4_ss200.fa	long_content_30k_003	1355	29902
long_content_30k_003/lc30k003_2993_gc2500_rp0.03_mr2E-4_ss100.fa	long_content_30k_003	357	29902
long_content_30k_003/lc30k003_2994_gc2500_rp0.01_mr2E-4_ss200.fa	long_content_30k_003	69	29902
long_content_30k_003/lc30k003_2995_gc2000_rp0.01_mr2E-4_ss100.fa	long_content_30k_003	120	29902
long_content_30k_003/lc30k003_2996_gc2000_rp0.02_mr5E-4_ss100.fa	long_content_30k_003	200	29902
long_content_30k_003/lc30k003_2997_gc2000_rp0.03_mr5E-4_ss200.fa	long_content_30k_003	536	29902
long_content_30k_003/lc30k003_2998_gc2500_rp0.02_mr5E-4_ss100.fa	long_content_30k_003	66	29902
long_content_30k_003/lc30k003_2999_gc2500_rp0.01_mr5E-4_ss200.fa	long_content_30k_003	50	29902
long_content_30k_003/lc30k003_299_gc2500_rp0.01_mr5E-4_ss200.fa	long_content_30k_003	3	22257
long_content_30k_003/lc30k003_3000_gc2000_rp0.01_mr5E-4_ss100.fa	long_content_30k_003	53	26895
long_content_30k_003/lc30k003_3001_gc2000_rp0.01_mr2E-4_ss200.fa	long_content_30k_003	382	29902
long_content_30k_003/lc30k003_3002_gc2500_rp0.03_mr3E-4_ss100.fa	long_content_30k_003	338	29902
long_content_30k_003/lc30k003_3003_gc2000_rp0.03_mr2E-4_ss100.fa	long_content_30k_003	936	29902
long_content_30k_003/lc30k003_3004_gc2500_rp0.01_mr3E-4_ss100.fa	long_content_30k_003	71	29902
long_content_30k_003/lc30k003_3005_gc2000_rp0.03_mr3E-4_ss200.fa	long_content_30k_003	674	29902
long_content_30k_003/lc30k003_3006_gc2000_rp0.01_mr5E-4_ss200.fa	long_content_30k_003	335	29902
long_content_30k_003/lc30k003_3007_gc2000_rp0.02_mr2E-4_ss100.fa	long_content_30k_003	857	29902
long_content_30k_003/lc30k003_3008_gc2000_rp0.03_mr5E-4_ss100.fa	long_content_30k_003	370	29902
long_content_30k_003/lc30k003_3009_gc2500_rp0.01_mr3E-4_ss200.fa	long_content_30k_003	133	29902
long_content_30k_003/lc30k003_300_gc2000_rp0.01_mr5E-4_ss100.fa	long_content_30k_003	131	29902
long_content_30k_003/lc30k003_3010_gc2500_rp0.02_mr2E-4_ss200.fa	long_content_30k_003	550	29902
long_content_30k_003/lc30k003_3011_gc2500_rp0.01_mr5E-4_ss100.fa	long_content_30k_003	103	29902
long_content_30k_003/lc30k003_3012_gc2500_rp0.03_mr3E-4_ss200.fa	long_content_30k_003	419	29902
long_content_30k_003/lc30k003_3013_gc2000_rp0.01_mr3E-4_ss100.fa	long_content_30k_003	243	29902
long_content_30k_003/lc30k003_3014_gc2000_rp0.01_mr3E-4_ss200.fa	long_content_30k_003	776	29902
long_content_30k_003/lc30k003_3015_gc2000_rp0.02_mr2E-4_ss200.fa	long_content_30k_003	971	29902
long_content_30k_003/lc30k003_3016_gc2500_rp0.02_mr5E-4_ss200.fa	long_content_30k_003	149	29902
long_content_30k_003/lc30k003_3017_gc2500_rp0.03_mr5E-4_ss200.fa	long_content_30k_003	1280	29902
long_content_30k_003/lc30k003_3018_gc2000_rp0.02_mr5E-4_ss200.fa	long_content_30k_003	610	29902
long_content_30k_003/lc30k003_3019_gc2000_rp0.03_mr2E-4_ss200.fa	long_content_30k_003	1377	29902
long_content_30k_003/lc30k003_301_gc2000_rp0.01_mr2E-4_ss200.fa	long_content_30k_003	76	29902
long_content_30k_003/lc30k003_3020_gc2000_rp0.02_mr3E-4_ss100.fa	long_content_30k_003	602	29902
long_content_30k_003/lc30k003_3021_gc2500_rp0.03_mr2E-4_ss200.fa	long_content_30k_003	461	29902
long_content_30k_003/lc30k003_3022_gc2000_rp0.02_mr3E-4_ss200.fa	long_content_30k_003	126	21288
long_content_30k_003/lc30k003_3023_gc2500_rp0.01_mr2E-4_ss100.fa	long_content_30k_003	475	29902
long_content_30k_003/lc30k003_3024_gc2500_rp0.03_mr5E-4_ss100.fa	long_content_30k_003	310	29902
long_content_30k_003/lc30k003_3025_gc2500_rp0.02_mr2E-4_ss100.fa	long_content_30k_003	86	29902
long_content_30k_003/lc30k003_3026_gc2500_rp0.02_mr3E-4_ss100.fa	long_content_30k_003	124	28509
long_content_30k_003/lc30k003_3027_gc2000_rp0.03_mr3E-4_ss100.fa	long_content_30k_003	281	29902
long_content_30k_003/lc30k003_3028_gc2500_rp0.02_mr3E-4_ss200.fa	long_content_30k_003	861	29902
long_content_30k_003/lc30k003_3029_gc2500_rp0.03_mr2E-4_ss100.fa	long_content_30k_003	93	29902
long_content_30k_003/lc30k003_302_gc2500_rp0.03_mr3E-4_ss100.fa	long_content_30k_003	411	29902
long_content_30k_003/lc30k003_3030_gc2500_rp0.01_mr2E-4_ss200.fa	long_content_30k_003	70	29902
long_content_30k_003/lc30k003_3031_gc2000_rp0.01_mr2E-4_ss100.fa	long_content_30k_003	192	29902
long_content_30k_003/lc30k003_3032_gc2000_rp0.02_mr5E-4_ss100.fa	long_content_30k_003	307	29902
long_content_30k_003/lc30k003_3033_gc2000_rp0.03_mr5E-4_ss200.fa	long_content_30k_003	920	29902
long_content_30k_003/lc30k003_3034_gc2500_rp0.02_mr5E-4_ss100.fa	long_content_30k_003	175	29902
long_content_30k_003/lc30k003_3035_gc2500_rp0.01_mr5E-4_ss200.fa	long_content_30k_003	105	29902
long_content_30k_003/lc30k003_3036_gc2000_rp0.01_mr5E-4_ss100.fa	long_content_30k_003	410	29902
long_content_30k_003/lc30k003_3037_gc2000_rp0.01_mr2E-4_ss200.fa	long_content_30k_003	5	29902
long_content_30k_003/lc30k003_3038_gc2500_rp0.03_mr3E-4_ss100.fa	long_content_30k_003	212	29902
long_content_30k_003/lc30k003_3039_gc2000_rp0.03_mr2E-4_ss100.fa	long_content_30k_003	473	29902
long_content_30k_003/lc30k003_303_gc2000_rp0.03_mr2E-4_ss100.fa	long_content_30k_003	471	29902
long_content_30k_003/lc30k003_3040_gc2500_rp0.01_mr3E-4_ss100.fa	long_content_30k_003	246	29902
long_content_30k_003/lc30k003_3041_gc2000_rp0.03_mr3E-4_ss200.fa	long_content_30k_003	188	29902
long_content_30k_003/lc30k003_3042_gc2000_rp0.01_mr5E-4_ss200.fa	long_content_30k_003	432	29902
long_content_30k_003/lc30k003_3043_gc2000_rp0.02_mr2E-4_ss100.fa	long_content_30k_003	1204	29902
long_content_30k_003/lc30k003_3044_gc2000_rp0.03_mr5E-4_ss100.fa	long_content_30k_003	1550	29902
long_content_30k_003/lc30k003_3045_gc2500_rp0.01_mr3E-4_ss200.fa	long_content_30k_003	229	10608
long_content_30k_003/lc30k003_3046_gc2500_rp0.02_mr2E-4_ss200.fa	long_content_30k_003	443	29902
long_content_30k_003/lc30k003_3047_gc2500_rp0.01_mr5E-4_ss100.fa	long_content_30k_003	114	29902
long_content_30k_003/lc30k003_3048_gc2500_rp0.03_mr3E-4_ss200.fa	long_content_30k_003	1629	29902
long_content_30k_003/lc30k003_3049_gc2000_rp0.01_mr3E-4_ss100.fa	long_content_30k_003	60	29902
long_content_30k_003/lc30k003_304_gc2500_rp0.01_mr3E-4_ss100.fa	long_content_30k_003	107	29902
long_content_30k_003/lc30k003_3050_gc2000_rp0.01_mr3E-4_ss200.fa	long_content_30k_003	273	29902
long_content_30k_003/lc30k003_3051_gc2000_rp0.02_mr2E-4_ss200.fa	long_content_30k_003	760	29902
long_content_30k_003/lc30k003_3052_gc2500_rp0.02_mr5E-4_ss200.fa	long_content_30k_003	577	29902
long_content_30k_003/lc30k003_3053_gc2500_rp0.03_mr5E-4_ss200.fa	long_content_30k_003	1165	29902
long_content_30k_003/lc30k003_3054_gc2000_rp0.02_mr5E-4_ss200.fa	long_content_30k_003	991	29902
long_content_30k_003/lc30k003_3055_gc2000_rp0.03_mr2E-4_ss200.fa	long_content_30k_003	1684	29902
long_content_30k_003/lc30k003_3056_gc2000_rp0.02_mr3E-4_ss100.fa	long_content_30k_003	358	29902
long_content_30k_003/lc30k003_3057_gc2500_rp0.03_mr2E-4_ss200.fa	long_content_30k_003	1272	29902
long_content_30k_003/lc30k003_3058_gc2000_rp0.02_mr3E-4_ss200.fa	long_content_30k_003	1366	29902
long_content_30k_003/lc30k003_3059_gc2500_rp0.01_mr2E-4_ss100.fa	long_content_30k_003	106	29902
long_content_30k_003/lc30k003_305_gc2000_rp0.03_mr3E-4_ss200.fa	long_content_30k_003	238	29902
long_content_30k_003/lc30k003_3060_gc2500_rp0.03_mr5E-4_ss100.fa	long_content_30k_003	367	29902
long_content_30k_003/lc30k003_3061_gc2500_rp0.02_mr2E-4_ss100.fa	long_content_30k_003	247	29902
long_content_30k_003/lc30k003_3062_gc2500_rp0.02_mr3E-4_ss100.fa	long_content_30k_003	639	29902
long_content_30k_003/lc30k003_3063_gc2000_rp0.03_mr3E-4_ss100.fa	long_content_30k_003	505	29902
long_content_30k_003/lc30k003_3064_gc2500_rp0.02_mr3E-4_ss200.fa	long_content_30k_003	1024	29902
long_content_30k_003/lc30k003_3065_gc2500_rp0.03_mr2E-4_ss100.fa	long_content_30k_003	601	29902
long_content_30k_003/lc30k003_3066_gc2500_rp0.01_mr2E-4_ss200.fa	long_content_30k_003	191	29902
long_content_30k_003/lc30k003_3067_gc2000_rp0.01_mr2E-4_ss100.fa	long_content_30k_003	32	16446
long_content_30k_003/lc30k003_3068_gc2000_rp0.02_mr5E-4_ss100.fa	long_content_30k_003	234	29902
long_content_30k_003/lc30k003_3069_gc2000_rp0.03_mr5E-4_ss200.fa	long_content_30k_003	98	29902
long_content_30k_003/lc30k003_306_gc2000_rp0.01_mr5E-4_ss200.fa	long_content_30k_003	44	29902
long_content_30k_003/lc30k003_3070_gc2500_rp0.02_mr5E-4_ss100.fa	long_content_30k_003	459	29902
long_content_30k_003/lc30k003_3071_gc2500_rp0.01_mr5E-4_ss200.fa	long_content_30k_003	458	29902
long_content_30k_003/lc30k003_3072_gc2000_rp0.01_mr5E-4_ss100.fa	long_content_30k_003	49	29902
long_content_30k_003/lc30k003_3073_gc2000_rp0.01_mr2E-4_ss200.fa	long_content_30k_003	429	29902
long_content_30k_003/lc30k003_3074_gc2500_rp0.03_mr3E-4_ss100.fa	long_content_30k_003	866	29902
long_content_30k_003/lc30k003_3075_gc2000_rp0.03_mr2E-4_ss100.fa	long_content_30k_003	290	29902
long_content_30k_003/lc30k003_3076_gc2500_rp0.01_mr3E-4_ss100.fa	long_content_30k_003	219	29902
long_content_30k_003/lc30k003_3077_gc2000_rp0.03_mr3E-4_ss200.fa	long_content_30k_003	1075	29902
long_content_30k_003/lc30k003_3078_gc2000_rp0.01_mr5E-4_ss200.fa	long_content_30k_003	83	29902
long_content_30k_003/lc30k003_3079_gc2000_rp0.02_mr2E-4_ss100.fa	long_content_30k_003	218	29902
long_content_30k_003/lc30k003_307_gc2000_rp0.02_mr2E-4_ss100.fa	long_content_30k_003	310	29902
long_content_30k_003/lc30k003_3080_gc2000_rp0.03_mr5E-4_ss100.fa	long_content_30k_003	936	29902
long_content_30k_003/lc30k003_3081_gc2500_rp0.01_mr3E-4_ss200.fa	long_content_30k_003	232	29902
long_content_30k_003/lc30k003_3082_gc2500_rp0.02_mr2E-4_ss200.fa	long_content_30k_003	520	29902
long_content_30k_003/lc30k003_3083_gc2500_rp0.01_mr5E-4_ss100.fa	long_content_30k_003	16	29902
long_content_30k_003/lc30k003_3084_gc2500_rp0.03_mr3E-4_ss200.fa	long_content_30k_003	758	29902
long_content_30k_003/lc30k003_3085_gc2000_rp0.01_mr3E-4_ss100.fa	long_content_30k_003	28	29902
long_content_30k_003/lc30k003_3086_gc2000_rp0.01_mr3E-4_ss200.fa	long_content_30k_003	105	28905
long_content_30k_003/lc30k003_3087_gc2000_rp0.02_mr2E-4_ss200.fa	long_content_30k_003	766	29902
long_content_30k_003/lc30k003_3088_gc2500_rp0.02_mr5E-4_ss200.fa	long_content_30k_003	465	29902
long_content_30k_003/lc30k003_3089_gc2500_rp0.03_mr5E-4_ss200.fa	long_content_30k_003	301	29902
long_content_30k_003/lc30k003_308_gc2000_rp0.03_mr5E-4_ss100.fa	long_content_30k_003	306	29902
long_content_30k_003/lc30k003_3090_gc2000_rp0.02_mr5E-4_ss200.fa	long_content_30k_003	203	29902
long_content_30k_003/lc30k003_3091_gc2000_rp0.03_mr2E-4_ss200.fa	long_content_30k_003	732	29902
long_content_30k_003/lc30k003_3092_gc2000_rp0.02_mr3E-4_ss100.fa	long_content_30k_003	77	29902
long_content_30k_003/lc30k003_3093_gc2500_rp0.03_mr2E-4_ss200.fa	long_content_30k_003	630	29902
long_content_30k_003/lc30k003_3094_gc2000_rp0.02_mr3E-4_ss200.fa	long_content_30k_003	563	27336
long_content_30k_003/lc30k003_3095_gc2500_rp0.01_mr2E-4_ss100.fa	long_content_30k_003	95	29902
long_content_30k_003/lc30k003_3097_gc2500_rp0.02_mr2E-4_ss100.fa	long_content_30k_003	557	29902
long_content_30k_003/lc30k003_3098_gc2500_rp0.02_mr3E-4_ss100.fa	long_content_30k_003	146	29902
long_content_30k_003/lc30k003_3099_gc2000_rp0.03_mr3E-4_ss100.fa	long_content_30k_003	301	29902
long_content_30k_003/lc30k003_309_gc2500_rp0.01_mr3E-4_ss200.fa	long_content_30k_003	156	29902
long_content_30k_003/lc30k003_3100_gc2500_rp0.02_mr3E-4_ss200.fa	long_content_30k_003	175	29902
long_content_30k_003/lc30k003_3101_gc2500_rp0.03_mr2E-4_ss100.fa	long_content_30k_003	373	29902
long_content_30k_003/lc30k003_3102_gc2500_rp0.01_mr2E-4_ss200.fa	long_content_30k_003	136	29902
long_content_30k_003/lc30k003_3103_gc2000_rp0.01_mr2E-4_ss100.fa	long_content_30k_003	27	29902
long_content_30k_003/lc30k003_3104_gc2000_rp0.02_mr5E-4_ss100.fa	long_content_30k_003	35	29902
long_content_30k_003/lc30k003_3105_gc2000_rp0.03_mr5E-4_ss200.fa	long_content_30k_003	454	29902
long_content_30k_003/lc30k003_3106_gc2500_rp0.02_mr5E-4_ss100.fa	long_content_30k_003	218	29902
long_content_30k_003/lc30k003_3107_gc2500_rp0.01_mr5E-4_ss200.fa	long_content_30k_003	213	29902
long_content_30k_003/lc30k003_3108_gc2000_rp0.01_mr5E-4_ss100.fa	long_content_30k_003	118	12279
long_content_30k_003/lc30k003_3109_gc2000_rp0.01_mr2E-4_ss200.fa	long_content_30k_003	317	11247
long_content_30k_003/lc30k003_310_gc2500_rp0.02_mr2E-4_ss200.fa	long_content_30k_003	1675	29902
long_content_30k_003/lc30k003_3110_gc2500_rp0.03_mr3E-4_ss100.fa	long_content_30k_003	516	29902
long_content_30k_003/lc30k003_3111_gc2000_rp0.03_mr2E-4_ss100.fa	long_content_30k_003	351	29902
long_content_30k_003/lc30k003_3112_gc2500_rp0.01_mr3E-4_ss100.fa	long_content_30k_003	2	29902
long_content_30k_003/lc30k003_3113_gc2000_rp0.03_mr3E-4_ss200.fa	long_content_30k_003	1039	29902
long_content_30k_003/lc30k003_3114_gc2000_rp0.01_mr5E-4_ss200.fa	long_content_30k_003	501	29902
long_content_30k_003/lc30k003_3115_gc2000_rp0.02_mr2E-4_ss100.fa	long_content_30k_003	138	29902
long_content_30k_003/lc30k003_3116_gc2000_rp0.03_mr5E-4_ss100.fa	long_content_30k_003	339	29902
long_content_30k_003/lc30k003_3117_gc2500_rp0.01_mr3E-4_ss200.fa	long_content_30k_003	94	29902
long_content_30k_003/lc30k003_3118_gc2500_rp0.02_mr2E-4_ss200.fa	long_content_30k_003	253	29902
long_content_30k_003/lc30k003_3119_gc2500_rp0.01_mr5E-4_ss100.fa	long_content_30k_003	115	29902
long_content_30k_003/lc30k003_311_gc2500_rp0.01_mr5E-4_ss100.fa	long_content_30k_003	116	13047
long_content_30k_003/lc30k003_3120_gc2500_rp0.03_mr3E-4_ss200.fa	long_content_30k_003	539	29902
long_content_30k_003/lc30k003_3121_gc2000_rp0.01_mr3E-4_ss100.fa	long_content_30k_003	374	29902
long_content_30k_003/lc30k003_3122_gc2000_rp0.01_mr3E-4_ss200.fa	long_content_30k_003	227	29902
long_content_30k_003/lc30k003_3123_gc2000_rp0.02_mr2E-4_ss200.fa	long_content_30k_003	233	29902
long_content_30k_003/lc30k003_3124_gc2500_rp0.02_mr5E-4_ss200.fa	long_content_30k_003	228	29902
long_content_30k_003/lc30k003_3125_gc2500_rp0.03_mr5E-4_ss200.fa	long_content_30k_003	2331	29902
long_content_30k_003/lc30k003_3126_gc2000_rp0.02_mr5E-4_ss200.fa	long_content_30k_003	347	29902
long_content_30k_003/lc30k003_3127_gc2000_rp0.03_mr2E-4_ss200.fa	long_content_30k_003	1107	29902
long_content_30k_003/lc30k003_3128_gc2000_rp0.02_mr3E-4_ss100.fa	long_content_30k_003	44	29902
long_content_30k_003/lc30k003_3129_gc2500_rp0.03_mr2E-4_ss200.fa	long_content_30k_003	241	29902
long_content_30k_003/lc30k003_312_gc2500_rp0.03_mr3E-4_ss200.fa	long_content_30k_003	138	29902
long_content_30k_003/lc30k003_3130_gc2000_rp0.02_mr3E-4_ss200.fa	long_content_30k_003	176	29902
long_content_30k_003/lc30k003_3131_gc2500_rp0.01_mr2E-4_ss100.fa	long_content_30k_003	6	29902
long_content_30k_003/lc30k003_3132_gc2500_rp0.03_mr5E-4_ss100.fa	long_content_30k_003	743	29902
long_content_30k_003/lc30k003_3133_gc2500_rp0.02_mr2E-4_ss100.fa	long_content_30k_003	136	29902
long_content_30k_003/lc30k003_3134_gc2500_rp0.02_mr3E-4_ss100.fa	long_content_30k_003	492	29902
long_content_30k_003/lc30k003_3135_gc2000_rp0.03_mr3E-4_ss100.fa	long_content_30k_003	324	29902
long_content_30k_003/lc30k003_3136_gc2500_rp0.02_mr3E-4_ss200.fa	long_content_30k_003	477	29902
long_content_30k_003/lc30k003_3137_gc2500_rp0.03_mr2E-4_ss100.fa	long_content_30k_003	721	29902
long_content_30k_003/lc30k003_3138_gc2500_rp0.01_mr2E-4_ss200.fa	long_content_30k_003	304	24327
long_content_30k_003/lc30k003_3139_gc2000_rp0.01_mr2E-4_ss100.fa	long_content_30k_003	47	29902
long_content_30k_003/lc30k003_313_gc2000_rp0.01_mr3E-4_ss100.fa	long_content_30k_003	48	29214
long_content_30k_003/lc30k003_3140_gc2000_rp0.02_mr5E-4_ss100.fa	long_content_30k_003	166	29902
long_content_30k_003/lc30k003_3141_gc2000_rp0.03_mr5E-4_ss200.fa	long_content_30k_003	2567	29902
long_content_30k_003/lc30k003_3142_gc2500_rp0.02_mr5E-4_ss100.fa	long_content_30k_003	135	29902
long_content_30k_003/lc30k003_3143_gc2500_rp0.01_mr5E-4_ss200.fa	long_content_30k_003	263	29902
long_content_30k_003/lc30k003_3144_gc2000_rp0.01_mr5E-4_ss100.fa	long_content_30k_003	10	29902
long_content_30k_003/lc30k003_3145_gc2000_rp0.01_mr2E-4_ss200.fa	long_content_30k_003	503	29902
long_content_30k_003/lc30k003_3146_gc2500_rp0.03_mr3E-4_ss100.fa	long_content_30k_003	137	29902
long_content_30k_003/lc30k003_3147_gc2000_rp0.03_mr2E-4_ss100.fa	long_content_30k_003	131	29902
long_content_30k_003/lc30k003_3148_gc2500_rp0.01_mr3E-4_ss100.fa	long_content_30k_003	20	29902
long_content_30k_003/lc30k003_3149_gc2000_rp0.03_mr3E-4_ss200.fa	long_content_30k_003	334	29902
long_content_30k_003/lc30k003_314_gc2000_rp0.01_mr3E-4_ss200.fa	long_content_30k_003	400	29902
long_content_30k_003/lc30k003_3150_gc2000_rp0.01_mr5E-4_ss200.fa	long_content_30k_003	479	29902
long_content_30k_003/lc30k003_3151_gc2000_rp0.02_mr2E-4_ss100.fa	long_content_30k_003	454	29902
long_content_30k_003/lc30k003_3152_gc2000_rp0.03_mr5E-4_ss100.fa	long_content_30k_003	661	29902
long_content_30k_003/lc30k003_3153_gc2500_rp0.01_mr3E-4_ss200.fa	long_content_30k_003	275	29902
long_content_30k_003/lc30k003_3154_gc2500_rp0.02_mr2E-4_ss200.fa	long_content_30k_003	1417	29902
long_content_30k_003/lc30k003_3155_gc2500_rp0.01_mr5E-4_ss100.fa	long_content_30k_003	185	29902
long_content_30k_003/lc30k003_3156_gc2500_rp0.03_mr3E-4_ss200.fa	long_content_30k_003	157	27909
long_content_30k_003/lc30k003_3157_gc2000_rp0.01_mr3E-4_ss100.fa	long_content_30k_003	35	26163
long_content_30k_003/lc30k003_3158_gc2000_rp0.01_mr3E-4_ss200.fa	long_content_30k_003	438	29902
long_content_30k_003/lc30k003_3159_gc2000_rp0.02_mr2E-4_ss200.fa	long_content_30k_003	648	29902
long_content_30k_003/lc30k003_315_gc2000_rp0.02_mr2E-4_ss200.fa	long_content_30k_003	437	29902
long_content_30k_003/lc30k003_3160_gc2500_rp0.02_mr5E-4_ss200.fa	long_content_30k_003	887	29902
long_content_30k_003/lc30k003_3161_gc2500_rp0.03_mr5E-4_ss200.fa	long_content_30k_003	1159	29902
long_content_30k_003/lc30k003_3162_gc2000_rp0.02_mr5E-4_ss200.fa	long_content_30k_003	2499	29902
long_content_30k_003/lc30k003_3163_gc2000_rp0.03_mr2E-4_ss200.fa	long_content_30k_003	1821	29902
long_content_30k_003/lc30k003_3164_gc2000_rp0.02_mr3E-4_ss100.fa	long_content_30k_003	341	29902
long_content_30k_003/lc30k003_3165_gc2500_rp0.03_mr2E-4_ss200.fa	long_content_30k_003	576	29902
long_content_30k_003/lc30k003_3166_gc2000_rp0.02_mr3E-4_ss200.fa	long_content_30k_003	76	29902
long_content_30k_003/lc30k003_3167_gc2500_rp0.01_mr2E-4_ss100.fa	long_content_30k_003	70	29902
long_content_30k_003/lc30k003_3168_gc2500_rp0.03_mr5E-4_ss100.fa	long_content_30k_003	180	29902
long_content_30k_003/lc30k003_3169_gc2500_rp0.02_mr2E-4_ss100.fa	long_content_30k_003	286	29902
long_content_30k_003/lc30k003_316_gc2500_rp0.02_mr5E-4_ss200.fa	long_content_30k_003	454	29902
long_content_30k_003/lc30k003_3170_gc2500_rp0.02_mr3E-4_ss100.fa	long_content_30k_003	22	20442
long_content_30k_003/lc30k003_3171_gc2000_rp0.03_mr3E-4_ss100.fa	long_content_30k_003	396	29902
long_content_30k_003/lc30k003_3172_gc2500_rp0.02_mr3E-4_ss200.fa	long_content_30k_003	424	29902
long_content_30k_003/lc30k003_3173_gc2500_rp0.03_mr2E-4_ss100.fa	long_content_30k_003	255	29902
long_content_30k_003/lc30k003_3174_gc2500_rp0.01_mr2E-4_ss200.fa	long_content_30k_003	534	27381
long_content_30k_003/lc30k003_3175_gc2000_rp0.01_mr2E-4_ss100.fa	long_content_30k_003	186	14772
long_content_30k_003/lc30k003_3176_gc2000_rp0.02_mr5E-4_ss100.fa	long_content_30k_003	259	29902
long_content_30k_003/lc30k003_3177_gc2000_rp0.03_mr5E-4_ss200.fa	long_content_30k_003	2538	29902
long_content_30k_003/lc30k003_3178_gc2500_rp0.02_mr5E-4_ss100.fa	long_content_30k_003	87	29902
long_content_30k_003/lc30k003_3179_gc2500_rp0.01_mr5E-4_ss200.fa	long_content_30k_003	352	29902
long_content_30k_003/lc30k003_317_gc2500_rp0.03_mr5E-4_ss200.fa	long_content_30k_003	447	29902
long_content_30k_003/lc30k003_3180_gc2000_rp0.01_mr5E-4_ss100.fa	long_content_30k_003	59	23880
long_content_30k_003/lc30k003_3181_gc2000_rp0.01_mr2E-4_ss200.fa	long_content_30k_003	391	29902
long_content_30k_003/lc30k003_3182_gc2500_rp0.03_mr3E-4_ss100.fa	long_content_30k_003	1031	29902
long_content_30k_003/lc30k003_3183_gc2000_rp0.03_mr2E-4_ss100.fa	long_content_30k_003	76	29902
long_content_30k_003/lc30k003_3184_gc2500_rp0.01_mr3E-4_ss100.fa	long_content_30k_003	5	29902
long_content_30k_003/lc30k003_3185_gc2000_rp0.03_mr3E-4_ss200.fa	long_content_30k_003	836	29902
long_content_30k_003/lc30k003_3186_gc2000_rp0.01_mr5E-4_ss200.fa	long_content_30k_003	7	16062
long_content_30k_003/lc30k003_3187_gc2000_rp0.02_mr2E-4_ss100.fa	long_content_30k_003	185	29902
long_content_30k_003/lc30k003_3188_gc2000_rp0.03_mr5E-4_ss100.fa	long_content_30k_003	362	29902
long_content_30k_003/lc30k003_3189_gc2500_rp0.01_mr3E-4_ss200.fa	long_content_30k_003	1126	29902
long_content_30k_003/lc30k003_318_gc2000_rp0.02_mr5E-4_ss200.fa	long_content_30k_003	1052	29902
long_content_30k_003/lc30k003_3190_gc2500_rp0.02_mr2E-4_ss200.fa	long_content_30k_003	1419	29902
long_content_30k_003/lc30k003_3191_gc2500_rp0.01_mr5E-4_ss100.fa	long_content_30k_003	24	12453
long_content_30k_003/lc30k003_3192_gc2500_rp0.03_mr3E-4_ss200.fa	long_content_30k_003	464	29902
long_content_30k_003/lc30k003_3194_gc2000_rp0.01_mr3E-4_ss200.fa	long_content_30k_003	46	29902
long_content_30k_003/lc30k003_3195_gc2000_rp0.02_mr2E-4_ss200.fa	long_content_30k_003	880	29902
long_content_30k_003/lc30k003_3196_gc2500_rp0.02_mr5E-4_ss200.fa	long_content_30k_003	163	29902
long_content_30k_003/lc30k003_3197_gc2500_rp0.03_mr5E-4_ss200.fa	long_content_30k_003	3393	29902
long_content_30k_003/lc30k003_3198_gc2000_rp0.02_mr5E-4_ss200.fa	long_content_30k_003	253	29902
long_content_30k_003/lc30k003_3199_gc2000_rp0.03_mr2E-4_ss200.fa	long_content_30k_003	1314	29902
long_content_30k_003/lc30k003_319_gc2000_rp0.03_mr2E-4_ss200.fa	long_content_30k_003	310	29902
long_content_30k_003/lc30k003_3200_gc2000_rp0.02_mr3E-4_ss100.fa	long_content_30k_003	320	29902
long_content_30k_003/lc30k003_3201_gc2500_rp0.03_mr2E-4_ss200.fa	long_content_30k_003	579	29902
long_content_30k_003/lc30k003_3202_gc2000_rp0.02_mr3E-4_ss200.fa	long_content_30k_003	531	29902
long_content_30k_003/lc30k003_3203_gc2500_rp0.01_mr2E-4_ss100.fa	long_content_30k_003	40	25491
long_content_30k_003/lc30k003_3204_gc2500_rp0.03_mr5E-4_ss100.fa	long_content_30k_003	368	29902
long_content_30k_003/lc30k003_3205_gc2500_rp0.02_mr2E-4_ss100.fa	long_content_30k_003	533	29902
long_content_30k_003/lc30k003_3206_gc2500_rp0.02_mr3E-4_ss100.fa	long_content_30k_003	53	29902
long_content_30k_003/lc30k003_3207_gc2000_rp0.03_mr3E-4_ss100.fa	long_content_30k_003	442	29902
long_content_30k_003/lc30k003_3208_gc2500_rp0.02_mr3E-4_ss200.fa	long_content_30k_003	400	29902
long_content_30k_003/lc30k003_3209_gc2500_rp0.03_mr2E-4_ss100.fa	long_content_30k_003	816	29902
long_content_30k_003/lc30k003_320_gc2000_rp0.02_mr3E-4_ss100.fa	long_content_30k_003	107	29902
long_content_30k_003/lc30k003_3210_gc2500_rp0.01_mr2E-4_ss200.fa	long_content_30k_003	81	29902
long_content_30k_003/lc30k003_3211_gc2000_rp0.01_mr2E-4_ss100.fa	long_content_30k_003	27	17508
long_content_30k_003/lc30k003_3212_gc2000_rp0.02_mr5E-4_ss100.fa	long_content_30k_003	190	29902
long_content_30k_003/lc30k003_3213_gc2000_rp0.03_mr5E-4_ss200.fa	long_content_30k_003	647	29902
long_content_30k_003/lc30k003_3214_gc2500_rp0.02_mr5E-4_ss100.fa	long_content_30k_003	200	29902
long_content_30k_003/lc30k003_3215_gc2500_rp0.01_mr5E-4_ss200.fa	long_content_30k_003	234	14154
long_content_30k_003/lc30k003_3216_gc2000_rp0.01_mr5E-4_ss100.fa	long_content_30k_003	46	29902
long_content_30k_003/lc30k003_3217_gc2000_rp0.01_mr2E-4_ss200.fa	long_content_30k_003	1485	29902
long_content_30k_003/lc30k003_3218_gc2500_rp0.03_mr3E-4_ss100.fa	long_content_30k_003	542	29902
long_content_30k_003/lc30k003_3219_gc2000_rp0.03_mr2E-4_ss100.fa	long_content_30k_003	682	29902
long_content_30k_003/lc30k003_321_gc2500_rp0.03_mr2E-4_ss200.fa	long_content_30k_003	319	29902
long_content_30k_003/lc30k003_3220_gc2500_rp0.01_mr3E-4_ss100.fa	long_content_30k_003	304	29902
long_content_30k_003/lc30k003_3221_gc2000_rp0.03_mr3E-4_ss200.fa	long_content_30k_003	3366	29902
long_content_30k_003/lc30k003_3222_gc2000_rp0.01_mr5E-4_ss200.fa	long_content_30k_003	417	29902
long_content_30k_003/lc30k003_3223_gc2000_rp0.02_mr2E-4_ss100.fa	long_content_30k_003	166	29902
long_content_30k_003/lc30k003_3224_gc2000_rp0.03_mr5E-4_ss100.fa	long_content_30k_003	621	29902
long_content_30k_003/lc30k003_3225_gc2500_rp0.01_mr3E-4_ss200.fa	long_content_30k_003	152	29902
long_content_30k_003/lc30k003_3226_gc2500_rp0.02_mr2E-4_ss200.fa	long_content_30k_003	1072	29902
long_content_30k_003/lc30k003_3227_gc2500_rp0.01_mr5E-4_ss100.fa	long_content_30k_003	18	26358
long_content_30k_003/lc30k003_3228_gc2500_rp0.03_mr3E-4_ss200.fa	long_content_30k_003	530	29902
long_content_30k_003/lc30k003_3229_gc2000_rp0.01_mr3E-4_ss100.fa	long_content_30k_003	64	29902
long_content_30k_003/lc30k003_322_gc2000_rp0.02_mr3E-4_ss200.fa	long_content_30k_003	517	29902
long_content_30k_003/lc30k003_3230_gc2000_rp0.01_mr3E-4_ss200.fa	long_content_30k_003	363	29902
long_content_30k_003/lc30k003_3231_gc2000_rp0.02_mr2E-4_ss200.fa	long_content_30k_003	1847	29902
long_content_30k_003/lc30k003_3232_gc2500_rp0.02_mr5E-4_ss200.fa	long_content_30k_003	74	29902
long_content_30k_003/lc30k003_3233_gc2500_rp0.03_mr5E-4_ss200.fa	long_content_30k_003	584	29902
long_content_30k_003/lc30k003_3234_gc2000_rp0.02_mr5E-4_ss200.fa	long_content_30k_003	523	29902
long_content_30k_003/lc30k003_3235_gc2000_rp0.03_mr2E-4_ss200.fa	long_content_30k_003	688	29902
long_content_30k_003/lc30k003_3236_gc2000_rp0.02_mr3E-4_ss100.fa	long_content_30k_003	184	29902
long_content_30k_003/lc30k003_3237_gc2500_rp0.03_mr2E-4_ss200.fa	long_content_30k_003	2246	29902
long_content_30k_003/lc30k003_3238_gc2000_rp0.02_mr3E-4_ss200.fa	long_content_30k_003	241	29902
long_content_30k_003/lc30k003_3239_gc2500_rp0.01_mr2E-4_ss100.fa	long_content_30k_003	85	27444
long_content_30k_003/lc30k003_323_gc2500_rp0.01_mr2E-4_ss100.fa	long_content_30k_003	93	25815
long_content_30k_003/lc30k003_3240_gc2500_rp0.03_mr5E-4_ss100.fa	long_content_30k_003	761	29902
long_content_30k_003/lc30k003_3241_gc2500_rp0.02_mr2E-4_ss100.fa	long_content_30k_003	339	29902
long_content_30k_003/lc30k003_3242_gc2500_rp0.02_mr3E-4_ss100.fa	long_content_30k_003	362	29902
long_content_30k_003/lc30k003_3243_gc2000_rp0.03_mr3E-4_ss100.fa	long_content_30k_003	485	29902
long_content_30k_003/lc30k003_3244_gc2500_rp0.02_mr3E-4_ss200.fa	long_content_30k_003	427	29902
long_content_30k_003/lc30k003_3245_gc2500_rp0.03_mr2E-4_ss100.fa	long_content_30k_003	256	29902
long_content_30k_003/lc30k003_3246_gc2500_rp0.01_mr2E-4_ss200.fa	long_content_30k_003	1095	29902
long_content_30k_003/lc30k003_3247_gc2000_rp0.01_mr2E-4_ss100.fa	long_content_30k_003	1	14793
long_content_30k_003/lc30k003_3248_gc2000_rp0.02_mr5E-4_ss100.fa	long_content_30k_003	860	29902
long_content_30k_003/lc30k003_3249_gc2000_rp0.03_mr5E-4_ss200.fa	long_content_30k_003	2131	29902
long_content_30k_003/lc30k003_324_gc2500_rp0.03_mr5E-4_ss100.fa	long_content_30k_003	130	29902
long_content_30k_003/lc30k003_3250_gc2500_rp0.02_mr5E-4_ss100.fa	long_content_30k_003	570	29902
long_content_30k_003/lc30k003_3251_gc2500_rp0.01_mr5E-4_ss200.fa	long_content_30k_003	287	29902
long_content_30k_003/lc30k003_3252_gc2000_rp0.01_mr5E-4_ss100.fa	long_content_30k_003	250	29902
long_content_30k_003/lc30k003_3253_gc2000_rp0.01_mr2E-4_ss200.fa	long_content_30k_003	215	29902
long_content_30k_003/lc30k003_3254_gc2500_rp0.03_mr3E-4_ss100.fa	long_content_30k_003	450	29902
long_content_30k_003/lc30k003_3255_gc2000_rp0.03_mr2E-4_ss100.fa	long_content_30k_003	570	29902
long_content_30k_003/lc30k003_3256_gc2500_rp0.01_mr3E-4_ss100.fa	long_content_30k_003	59	23049
long_content_30k_003/lc30k003_3257_gc2000_rp0.03_mr3E-4_ss200.fa	long_content_30k_003	869	29902
long_content_30k_003/lc30k003_3258_gc2000_rp0.01_mr5E-4_ss200.fa	long_content_30k_003	124	29902
long_content_30k_003/lc30k003_3259_gc2000_rp0.02_mr2E-4_ss100.fa	long_content_30k_003	472	29902
long_content_30k_003/lc30k003_325_gc2500_rp0.02_mr2E-4_ss100.fa	long_content_30k_003	314	29902
long_content_30k_003/lc30k003_3260_gc2000_rp0.03_mr5E-4_ss100.fa	long_content_30k_003	531	29902
long_content_30k_003/lc30k003_3261_gc2500_rp0.01_mr3E-4_ss200.fa	long_content_30k_003	565	29902
long_content_30k_003/lc30k003_3262_gc2500_rp0.02_mr2E-4_ss200.fa	long_content_30k_003	381	29902
long_content_30k_003/lc30k003_3263_gc2500_rp0.01_mr5E-4_ss100.fa	long_content_30k_003	15	25413
long_content_30k_003/lc30k003_3264_gc2500_rp0.03_mr3E-4_ss200.fa	long_content_30k_003	1817	29902
long_content_30k_003/lc30k003_3265_gc2000_rp0.01_mr3E-4_ss100.fa	long_content_30k_003	226	29902
long_content_30k_003/lc30k003_3266_gc2000_rp0.01_mr3E-4_ss200.fa	long_content_30k_003	131	20901
long_content_30k_003/lc30k003_3267_gc2000_rp0.02_mr2E-4_ss200.fa	long_content_30k_003	55	29902
long_content_30k_003/lc30k003_3268_gc2500_rp0.02_mr5E-4_ss200.fa	long_content_30k_003	252	29902
long_content_30k_003/lc30k003_3269_gc2500_rp0.03_mr5E-4_ss200.fa	long_content_30k_003	1731	29902
long_content_30k_003/lc30k003_326_gc2500_rp0.02_mr3E-4_ss100.fa	long_content_30k_003	211	29902
long_content_30k_003/lc30k003_3270_gc2000_rp0.02_mr5E-4_ss200.fa	long_content_30k_003	819	29902
long_content_30k_003/lc30k003_3271_gc2000_rp0.03_mr2E-4_ss200.fa	long_content_30k_003	301	29902
long_content_30k_003/lc30k003_3272_gc2000_rp0.02_mr3E-4_ss100.fa	long_content_30k_003	410	29902
long_content_30k_003/lc30k003_3273_gc2500_rp0.03_mr2E-4_ss200.fa	long_content_30k_003	372	29902
long_content_30k_003/lc30k003_3274_gc2000_rp0.02_mr3E-4_ss200.fa	long_content_30k_003	331	29902
long_content_30k_003/lc30k003_3275_gc2500_rp0.01_mr2E-4_ss100.fa	long_content_30k_003	103	29902
long_content_30k_003/lc30k003_3276_gc2500_rp0.03_mr5E-4_ss100.fa	long_content_30k_003	218	29902
long_content_30k_003/lc30k003_3277_gc2500_rp0.02_mr2E-4_ss100.fa	long_content_30k_003	338	28494
long_content_30k_003/lc30k003_3279_gc2000_rp0.03_mr3E-4_ss100.fa	long_content_30k_003	255	29902
long_content_30k_003/lc30k003_327_gc2000_rp0.03_mr3E-4_ss100.fa	long_content_30k_003	346	29902
long_content_30k_003/lc30k003_3280_gc2500_rp0.02_mr3E-4_ss200.fa	long_content_30k_003	445	29902
long_content_30k_003/lc30k003_3281_gc2500_rp0.03_mr2E-4_ss100.fa	long_content_30k_003	269	29902
long_content_30k_003/lc30k003_3282_gc2500_rp0.01_mr2E-4_ss200.fa	long_content_30k_003	214	29902
long_content_30k_003/lc30k003_3283_gc2000_rp0.01_mr2E-4_ss100.fa	long_content_30k_003	68	28377
long_content_30k_003/lc30k003_3284_gc2000_rp0.02_mr5E-4_ss100.fa	long_content_30k_003	67	29902
long_content_30k_003/lc30k003_3285_gc2000_rp0.03_mr5E-4_ss200.fa	long_content_30k_003	684	29902
long_content_30k_003/lc30k003_3286_gc2500_rp0.02_mr5E-4_ss100.fa	long_content_30k_003	114	29902
long_content_30k_003/lc30k003_3287_gc2500_rp0.01_mr5E-4_ss200.fa	long_content_30k_003	703	29902
long_content_30k_003/lc30k003_3288_gc2000_rp0.01_mr5E-4_ss100.fa	long_content_30k_003	29	13896
long_content_30k_003/lc30k003_3289_gc2000_rp0.01_mr2E-4_ss200.fa	long_content_30k_003	10	22827
long_content_30k_003/lc30k003_328_gc2500_rp0.02_mr3E-4_ss200.fa	long_content_30k_003	424	29902
long_content_30k_003/lc30k003_3290_gc2500_rp0.03_mr3E-4_ss100.fa	long_content_30k_003	1387	29902
long_content_30k_003/lc30k003_3291_gc2000_rp0.03_mr2E-4_ss100.fa	long_content_30k_003	132	29902
long_content_30k_003/lc30k003_3292_gc2500_rp0.01_mr3E-4_ss100.fa	long_content_30k_003	339	29902
long_content_30k_003/lc30k003_3293_gc2000_rp0.03_mr3E-4_ss200.fa	long_content_30k_003	2147	29902
long_content_30k_003/lc30k003_3294_gc2000_rp0.01_mr5E-4_ss200.fa	long_content_30k_003	4	22110
long_content_30k_003/lc30k003_3295_gc2000_rp0.02_mr2E-4_ss100.fa	long_content_30k_003	207	29902
long_content_30k_003/lc30k003_3296_gc2000_rp0.03_mr5E-4_ss100.fa	long_content_30k_003	176	29902
long_content_30k_003/lc30k003_3297_gc2500_rp0.01_mr3E-4_ss200.fa	long_content_30k_003	369	29902
long_content_30k_003/lc30k003_3298_gc2500_rp0.02_mr2E-4_ss200.fa	long_content_30k_003	1181	29902
long_content_30k_003/lc30k003_3299_gc2500_rp0.01_mr5E-4_ss100.fa	long_content_30k_003	37	27024
long_content_30k_003/lc30k003_329_gc2500_rp0.03_mr2E-4_ss100.fa	long_content_30k_003	290	29902
long_content_30k_003/lc30k003_3300_gc2500_rp0.03_mr3E-4_ss200.fa	long_content_30k_003	3261	29902
long_content_30k_003/lc30k003_3301_gc2000_rp0.01_mr3E-4_ss100.fa	long_content_30k_003	48	29902
long_content_30k_003/lc30k003_3302_gc2000_rp0.01_mr3E-4_ss200.fa	long_content_30k_003	607	29902
long_content_30k_003/lc30k003_3303_gc2000_rp0.02_mr2E-4_ss200.fa	long_content_30k_003	1210	29902
long_content_30k_003/lc30k003_3304_gc2500_rp0.02_mr5E-4_ss200.fa	long_content_30k_003	470	29902
long_content_30k_003/lc30k003_3305_gc2500_rp0.03_mr5E-4_ss200.fa	long_content_30k_003	1522	29902
long_content_30k_003/lc30k003_3306_gc2000_rp0.02_mr5E-4_ss200.fa	long_content_30k_003	807	29902
long_content_30k_003/lc30k003_3307_gc2000_rp0.03_mr2E-4_ss200.fa	long_content_30k_003	1150	29902
long_content_30k_003/lc30k003_3308_gc2000_rp0.02_mr3E-4_ss100.fa	long_content_30k_003	197	29902
long_content_30k_003/lc30k003_3309_gc2500_rp0.03_mr2E-4_ss200.fa	long_content_30k_003	995	29902
long_content_30k_003/lc30k003_330_gc2500_rp0.01_mr2E-4_ss200.fa	long_content_30k_003	285	13761
long_content_30k_003/lc30k003_3310_gc2000_rp0.02_mr3E-4_ss200.fa	long_content_30k_003	346	26379
long_content_30k_003/lc30k003_3311_gc2500_rp0.01_mr2E-4_ss100.fa	long_content_30k_003	76	29634
long_content_30k_003/lc30k003_3312_gc2500_rp0.03_mr5E-4_ss100.fa	long_content_30k_003	92	29902
long_content_30k_003/lc30k003_3313_gc2500_rp0.02_mr2E-4_ss100.fa	long_content_30k_003	431	29902
long_content_30k_003/lc30k003_3314_gc2500_rp0.02_mr3E-4_ss100.fa	long_content_30k_003	671	29902
long_content_30k_003/lc30k003_3315_gc2000_rp0.03_mr3E-4_ss100.fa	long_content_30k_003	449	29902
long_content_30k_003/lc30k003_3316_gc2500_rp0.02_mr3E-4_ss200.fa	long_content_30k_003	31	29902
long_content_30k_003/lc30k003_3317_gc2500_rp0.03_mr2E-4_ss100.fa	long_content_30k_003	405	29902
long_content_30k_003/lc30k003_3318_gc2500_rp0.01_mr2E-4_ss200.fa	long_content_30k_003	20	29902
long_content_30k_003/lc30k003_3319_gc2000_rp0.01_mr2E-4_ss100.fa	long_content_30k_003	40	29902
long_content_30k_003/lc30k003_331_gc2000_rp0.01_mr2E-4_ss100.fa	long_content_30k_003	315	29902
long_content_30k_003/lc30k003_3320_gc2000_rp0.02_mr5E-4_ss100.fa	long_content_30k_003	17	1707
long_content_30k_003/lc30k003_3321_gc2000_rp0.03_mr5E-4_ss200.fa	long_content_30k_003	1107	29902
long_content_30k_003/lc30k003_3322_gc2500_rp0.02_mr5E-4_ss100.fa	long_content_30k_003	422	29902
long_content_30k_003/lc30k003_3323_gc2500_rp0.01_mr5E-4_ss200.fa	long_content_30k_003	13	25509
long_content_30k_003/lc30k003_3325_gc2000_rp0.01_mr2E-4_ss200.fa	long_content_30k_003	467	29902
long_content_30k_003/lc30k003_3326_gc2500_rp0.03_mr3E-4_ss100.fa	long_content_30k_003	733	29902
long_content_30k_003/lc30k003_3327_gc2000_rp0.03_mr2E-4_ss100.fa	long_content_30k_003	555	29902
long_content_30k_003/lc30k003_3328_gc2500_rp0.01_mr3E-4_ss100.fa	long_content_30k_003	220	29902
long_content_30k_003/lc30k003_3329_gc2000_rp0.03_mr3E-4_ss200.fa	long_content_30k_003	828	29902
long_content_30k_003/lc30k003_332_gc2000_rp0.02_mr5E-4_ss100.fa	long_content_30k_003	96	29902
long_content_30k_003/lc30k003_3330_gc2000_rp0.01_mr5E-4_ss200.fa	long_content_30k_003	746	29902
long_content_30k_003/lc30k003_3331_gc2000_rp0.02_mr2E-4_ss100.fa	long_content_30k_003	105	29902
long_content_30k_003/lc30k003_3332_gc2000_rp0.03_mr5E-4_ss100.fa	long_content_30k_003	770	29902
long_content_30k_003/lc30k003_3333_gc2500_rp0.01_mr3E-4_ss200.fa	long_content_30k_003	199	27630
long_content_30k_003/lc30k003_3334_gc2500_rp0.02_mr2E-4_ss200.fa	long_content_30k_003	102	29902
long_content_30k_003/lc30k003_3335_gc2500_rp0.01_mr5E-4_ss100.fa	long_content_30k_003	58	29902
long_content_30k_003/lc30k003_3336_gc2500_rp0.03_mr3E-4_ss200.fa	long_content_30k_003	157	29902
long_content_30k_003/lc30k003_3337_gc2000_rp0.01_mr3E-4_ss100.fa	long_content_30k_003	223	29902
long_content_30k_003/lc30k003_3338_gc2000_rp0.01_mr3E-4_ss200.fa	long_content_30k_003	90	29902
long_content_30k_003/lc30k003_3339_gc2000_rp0.02_mr2E-4_ss200.fa	long_content_30k_003	637	29902
long_content_30k_003/lc30k003_333_gc2000_rp0.03_mr5E-4_ss200.fa	long_content_30k_003	848	29902
long_content_30k_003/lc30k003_3340_gc2500_rp0.02_mr5E-4_ss200.fa	long_content_30k_003	270	29902
long_content_30k_003/lc30k003_3341_gc2500_rp0.03_mr5E-4_ss200.fa	long_content_30k_003	1784	29902
long_content_30k_003/lc30k003_3342_gc2000_rp0.02_mr5E-4_ss200.fa	long_content_30k_003	274	29902
long_content_30k_003/lc30k003_3343_gc2000_rp0.03_mr2E-4_ss200.fa	long_content_30k_003	1714	29902
long_content_30k_003/lc30k003_3344_gc2000_rp0.02_mr3E-4_ss100.fa	long_content_30k_003	501	29902
long_content_30k_003/lc30k003_3345_gc2500_rp0.03_mr2E-4_ss200.fa	long_content_30k_003	1082	29902
long_content_30k_003/lc30k003_3346_gc2000_rp0.02_mr3E-4_ss200.fa	long_content_30k_003	349	29902
long_content_30k_003/lc30k003_3347_gc2500_rp0.01_mr2E-4_ss100.fa	long_content_30k_003	144	29902
long_content_30k_003/lc30k003_3348_gc2500_rp0.03_mr5E-4_ss100.fa	long_content_30k_003	1297	29902
long_content_30k_003/lc30k003_3349_gc2500_rp0.02_mr2E-4_ss100.fa	long_content_30k_003	614	29902
long_content_30k_003/lc30k003_334_gc2500_rp0.02_mr5E-4_ss100.fa	long_content_30k_003	552	29902
long_content_30k_003/lc30k003_3350_gc2500_rp0.02_mr3E-4_ss100.fa	long_content_30k_003	259	29902
long_content_30k_003/lc30k003_3351_gc2000_rp0.03_mr3E-4_ss100.fa	long_content_30k_003	17	29902
long_content_30k_003/lc30k003_3352_gc2500_rp0.02_mr3E-4_ss200.fa	long_content_30k_003	119	29902
long_content_30k_003/lc30k003_3353_gc2500_rp0.03_mr2E-4_ss100.fa	long_content_30k_003	583	29902
long_content_30k_003/lc30k003_3354_gc2500_rp0.01_mr2E-4_ss200.fa	long_content_30k_003	2	29625
long_content_30k_003/lc30k003_3355_gc2000_rp0.01_mr2E-4_ss100.fa	long_content_30k_003	44	29902
long_content_30k_003/lc30k003_3356_gc2000_rp0.02_mr5E-4_ss100.fa	long_content_30k_003	308	29902
long_content_30k_003/lc30k003_3357_gc2000_rp0.03_mr5E-4_ss200.fa	long_content_30k_003	67	29902
long_content_30k_003/lc30k003_3358_gc2500_rp0.02_mr5E-4_ss100.fa	long_content_30k_003	71	29902
long_content_30k_003/lc30k003_3359_gc2500_rp0.01_mr5E-4_ss200.fa	long_content_30k_003	105	29902
long_content_30k_003/lc30k003_335_gc2500_rp0.01_mr5E-4_ss200.fa	long_content_30k_003	554	29902
long_content_30k_003/lc30k003_3360_gc2000_rp0.01_mr5E-4_ss100.fa	long_content_30k_003	367	29902
long_content_30k_003/lc30k003_3361_gc2000_rp0.01_mr2E-4_ss200.fa	long_content_30k_003	5	15273
long_content_30k_003/lc30k003_3362_gc2500_rp0.03_mr3E-4_ss100.fa	long_content_30k_003	549	29902
long_content_30k_003/lc30k003_3363_gc2000_rp0.03_mr2E-4_ss100.fa	long_content_30k_003	352	29902
long_content_30k_003/lc30k003_3364_gc2500_rp0.01_mr3E-4_ss100.fa	long_content_30k_003	5	27375
long_content_30k_003/lc30k003_3365_gc2000_rp0.03_mr3E-4_ss200.fa	long_content_30k_003	190	29902
long_content_30k_003/lc30k003_3366_gc2000_rp0.01_mr5E-4_ss200.fa	long_content_30k_003	16	20553
long_content_30k_003/lc30k003_3367_gc2000_rp0.02_mr2E-4_ss100.fa	long_content_30k_003	472	29902
long_content_30k_003/lc30k003_3368_gc2000_rp0.03_mr5E-4_ss100.fa	long_content_30k_003	1231	29902
long_content_30k_003/lc30k003_3369_gc2500_rp0.01_mr3E-4_ss200.fa	long_content_30k_003	167	22266
long_content_30k_003/lc30k003_336_gc2000_rp0.01_mr5E-4_ss100.fa	long_content_30k_003	43	29902
long_content_30k_003/lc30k003_3370_gc2500_rp0.02_mr2E-4_ss200.fa	long_content_30k_003	280	29902
long_content_30k_003/lc30k003_3371_gc2500_rp0.01_mr5E-4_ss100.fa	long_content_30k_003	110	26646
long_content_30k_003/lc30k003_3372_gc2500_rp0.03_mr3E-4_ss200.fa	long_content_30k_003	605	29902
long_content_30k_003/lc30k003_3373_gc2000_rp0.01_mr3E-4_ss100.fa	long_content_30k_003	65	29902
long_content_30k_003/lc30k003_3374_gc2000_rp0.01_mr3E-4_ss200.fa	long_content_30k_003	25	29902
long_content_30k_003/lc30k003_3375_gc2000_rp0.02_mr2E-4_ss200.fa	long_content_30k_003	373	29902
long_content_30k_003/lc30k003_3376_gc2500_rp0.02_mr5E-4_ss200.fa	long_content_30k_003	480	29902
long_content_30k_003/lc30k003_3377_gc2500_rp0.03_mr5E-4_ss200.fa	long_content_30k_003	2846	29902
long_content_30k_003/lc30k003_3378_gc2000_rp0.02_mr5E-4_ss200.fa	long_content_30k_003	567	29902
long_content_30k_003/lc30k003_3379_gc2000_rp0.03_mr2E-4_ss200.fa	long_content_30k_003	1158	29902
long_content_30k_003/lc30k003_337_gc2000_rp0.01_mr2E-4_ss200.fa	long_content_30k_003	310	29902
long_content_30k_003/lc30k003_3380_gc2000_rp0.02_mr3E-4_ss100.fa	long_content_30k_003	137	29902
long_content_30k_003/lc30k003_3381_gc2500_rp0.03_mr2E-4_ss200.fa	long_content_30k_003	606	29902
long_content_30k_003/lc30k003_3382_gc2000_rp0.02_mr3E-4_ss200.fa	long_content_30k_003	324	29902
long_content_30k_003/lc30k003_3383_gc2500_rp0.01_mr2E-4_ss100.fa	long_content_30k_003	339	29902
long_content_30k_003/lc30k003_3384_gc2500_rp0.03_mr5E-4_ss100.fa	long_content_30k_003	445	29902
long_content_30k_003/lc30k003_3385_gc2500_rp0.02_mr2E-4_ss100.fa	long_content_30k_003	258	29902
long_content_30k_003/lc30k003_3386_gc2500_rp0.02_mr3E-4_ss100.fa	long_content_30k_003	278	29902
long_content_30k_003/lc30k003_3387_gc2000_rp0.03_mr3E-4_ss100.fa	long_content_30k_003	237	29902
long_content_30k_003/lc30k003_3388_gc2500_rp0.02_mr3E-4_ss200.fa	long_content_30k_003	191	29902
long_content_30k_003/lc30k003_3389_gc2500_rp0.03_mr2E-4_ss100.fa	long_content_30k_003	1684	29902
long_content_30k_003/lc30k003_338_gc2500_rp0.03_mr3E-4_ss100.fa	long_content_30k_003	387	29902
long_content_30k_003/lc30k003_3390_gc2500_rp0.01_mr2E-4_ss200.fa	long_content_30k_003	123	29902
long_content_30k_003/lc30k003_3391_gc2000_rp0.01_mr2E-4_ss100.fa	long_content_30k_003	150	22119
long_content_30k_003/lc30k003_3392_gc2000_rp0.02_mr5E-4_ss100.fa	long_content_30k_003	177	29902
long_content_30k_003/lc30k003_3393_gc2000_rp0.03_mr5E-4_ss200.fa	long_content_30k_003	996	29902
long_content_30k_003/lc30k003_3394_gc2500_rp0.02_mr5E-4_ss100.fa	long_content_30k_003	19	29902
long_content_30k_003/lc30k003_3395_gc2500_rp0.01_mr5E-4_ss200.fa	long_content_30k_003	39	27855
long_content_30k_003/lc30k003_3396_gc2000_rp0.01_mr5E-4_ss100.fa	long_content_30k_003	149	26862
long_content_30k_003/lc30k003_3397_gc2000_rp0.01_mr2E-4_ss200.fa	long_content_30k_003	127	29902
long_content_30k_003/lc30k003_3398_gc2500_rp0.03_mr3E-4_ss100.fa	long_content_30k_003	126	29902
long_content_30k_003/lc30k003_3399_gc2000_rp0.03_mr2E-4_ss100.fa	long_content_30k_003	450	29902
long_content_30k_003/lc30k003_339_gc2000_rp0.03_mr2E-4_ss100.fa	long_content_30k_003	158	29902
long_content_30k_003/lc30k003_3400_gc2500_rp0.01_mr3E-4_ss100.fa	long_content_30k_003	167	29902
long_content_30k_003/lc30k003_3401_gc2000_rp0.03_mr3E-4_ss200.fa	long_content_30k_003	763	29902
long_content_30k_003/lc30k003_3402_gc2000_rp0.01_mr5E-4_ss200.fa	long_content_30k_003	1097	29902
long_content_30k_003/lc30k003_3403_gc2000_rp0.02_mr2E-4_ss100.fa	long_content_30k_003	81	29902
long_content_30k_003/lc30k003_3404_gc2000_rp0.03_mr5E-4_ss100.fa	long_content_30k_003	370	29902
long_content_30k_003/lc30k003_3405_gc2500_rp0.01_mr3E-4_ss200.fa	long_content_30k_003	107	29902
long_content_30k_003/lc30k003_3406_gc2500_rp0.02_mr2E-4_ss200.fa	long_content_30k_003	171	29902
long_content_30k_003/lc30k003_3407_gc2500_rp0.01_mr5E-4_ss100.fa	long_content_30k_003	15	29902
long_content_30k_003/lc30k003_3408_gc2500_rp0.03_mr3E-4_ss200.fa	long_content_30k_003	535	29902
long_content_30k_003/lc30k003_3409_gc2000_rp0.01_mr3E-4_ss100.fa	long_content_30k_003	61	17556
long_content_30k_003/lc30k003_340_gc2500_rp0.01_mr3E-4_ss100.fa	long_content_30k_003	11	29902
long_content_30k_003/lc30k003_3410_gc2000_rp0.01_mr3E-4_ss200.fa	long_content_30k_003	211	29902
long_content_30k_003/lc30k003_3411_gc2000_rp0.02_mr2E-4_ss200.fa	long_content_30k_003	495	29902
long_content_30k_003/lc30k003_3412_gc2500_rp0.02_mr5E-4_ss200.fa	long_content_30k_003	703	29902
long_content_30k_003/lc30k003_3413_gc2500_rp0.03_mr5E-4_ss200.fa	long_content_30k_003	3142	29902
long_content_30k_003/lc30k003_3414_gc2000_rp0.02_mr5E-4_ss200.fa	long_content_30k_003	310	29902
long_content_30k_003/lc30k003_3415_gc2000_rp0.03_mr2E-4_ss200.fa	long_content_30k_003	1019	29902
long_content_30k_003/lc30k003_3416_gc2000_rp0.02_mr3E-4_ss100.fa	long_content_30k_003	303	29902
long_content_30k_003/lc30k003_3417_gc2500_rp0.03_mr2E-4_ss200.fa	long_content_30k_003	546	29902
long_content_30k_003/lc30k003_3418_gc2000_rp0.02_mr3E-4_ss200.fa	long_content_30k_003	136	29902
long_content_30k_003/lc30k003_3419_gc2500_rp0.01_mr2E-4_ss100.fa	long_content_30k_003	11	28323
long_content_30k_003/lc30k003_341_gc2000_rp0.03_mr3E-4_ss200.fa	long_content_30k_003	210	29902
long_content_30k_003/lc30k003_3420_gc2500_rp0.03_mr5E-4_ss100.fa	long_content_30k_003	100	29902
long_content_30k_003/lc30k003_3421_gc2500_rp0.02_mr2E-4_ss100.fa	long_content_30k_003	500	29902
long_content_30k_003/lc30k003_3422_gc2500_rp0.02_mr3E-4_ss100.fa	long_content_30k_003	227	29902
long_content_30k_003/lc30k003_3423_gc2000_rp0.03_mr3E-4_ss100.fa	long_content_30k_003	186	29902
long_content_30k_003/lc30k003_3424_gc2500_rp0.02_mr3E-4_ss200.fa	long_content_30k_003	239	29902
long_content_30k_003/lc30k003_3425_gc2500_rp0.03_mr2E-4_ss100.fa	long_content_30k_003	781	29902
long_content_30k_003/lc30k003_3426_gc2500_rp0.01_mr2E-4_ss200.fa	long_content_30k_003	146	26016
long_content_30k_003/lc30k003_3427_gc2000_rp0.01_mr2E-4_ss100.fa	long_content_30k_003	407	29902
long_content_30k_003/lc30k003_3428_gc2000_rp0.02_mr5E-4_ss100.fa	long_content_30k_003	296	29902
long_content_30k_003/lc30k003_3429_gc2000_rp0.03_mr5E-4_ss200.fa	long_content_30k_003	850	29902
long_content_30k_003/lc30k003_342_gc2000_rp0.01_mr5E-4_ss200.fa	long_content_30k_003	924	29902
long_content_30k_003/lc30k003_3430_gc2500_rp0.02_mr5E-4_ss100.fa	long_content_30k_003	922	29902
long_content_30k_003/lc30k003_3431_gc2500_rp0.01_mr5E-4_ss200.fa	long_content_30k_003	255	29902
long_content_30k_003/lc30k003_3432_gc2000_rp0.01_mr5E-4_ss100.fa	long_content_30k_003	189	29902
long_content_30k_003/lc30k003_3433_gc2000_rp0.01_mr2E-4_ss200.fa	long_content_30k_003	366	29902
long_content_30k_003/lc30k003_3434_gc2500_rp0.03_mr3E-4_ss100.fa	long_content_30k_003	918	29902
long_content_30k_003/lc30k003_3435_gc2000_rp0.03_mr2E-4_ss100.fa	long_content_30k_003	298	29902
long_content_30k_003/lc30k003_3436_gc2500_rp0.01_mr3E-4_ss100.fa	long_content_30k_003	55	29902
long_content_30k_003/lc30k003_3437_gc2000_rp0.03_mr3E-4_ss200.fa	long_content_30k_003	168	29902
long_content_30k_003/lc30k003_3438_gc2000_rp0.01_mr5E-4_ss200.fa	long_content_30k_003	802	29902
long_content_30k_003/lc30k003_3439_gc2000_rp0.02_mr2E-4_ss100.fa	long_content_30k_003	70	29902
long_content_30k_003/lc30k003_343_gc2000_rp0.02_mr2E-4_ss100.fa	long_content_30k_003	177	29902
long_content_30k_003/lc30k003_3440_gc2000_rp0.03_mr5E-4_ss100.fa	long_content_30k_003	880	29902
long_content_30k_003/lc30k003_3441_gc2500_rp0.01_mr3E-4_ss200.fa	long_content_30k_003	91	29902
long_content_30k_003/lc30k003_3442_gc2500_rp0.02_mr2E-4_ss200.fa	long_content_30k_003	95	29902
long_content_30k_003/lc30k003_3443_gc2500_rp0.01_mr5E-4_ss100.fa	long_content_30k_003	33	29902
long_content_30k_003/lc30k003_3444_gc2500_rp0.03_mr3E-4_ss200.fa	long_content_30k_003	1630	29902
long_content_30k_003/lc30k003_3445_gc2000_rp0.01_mr3E-4_ss100.fa	long_content_30k_003	107	29902
long_content_30k_003/lc30k003_3446_gc2000_rp0.01_mr3E-4_ss200.fa	long_content_30k_003	66	29902
long_content_30k_003/lc30k003_3447_gc2000_rp0.02_mr2E-4_ss200.fa	long_content_30k_003	165	29902
long_content_30k_003/lc30k003_3448_gc2500_rp0.02_mr5E-4_ss200.fa	long_content_30k_003	2754	29902
long_content_30k_003/lc30k003_3449_gc2500_rp0.03_mr5E-4_ss200.fa	long_content_30k_003	484	29902
long_content_30k_003/lc30k003_344_gc2000_rp0.03_mr5E-4_ss100.fa	long_content_30k_003	851	29902
long_content_30k_003/lc30k003_3450_gc2000_rp0.02_mr5E-4_ss200.fa	long_content_30k_003	245	29902
long_content_30k_003/lc30k003_3451_gc2000_rp0.03_mr2E-4_ss200.fa	long_content_30k_003	227	29902
long_content_30k_003/lc30k003_3452_gc2000_rp0.02_mr3E-4_ss100.fa	long_content_30k_003	264	29902
long_content_30k_003/lc30k003_3453_gc2500_rp0.03_mr2E-4_ss200.fa	long_content_30k_003	1954	29902
long_content_30k_003/lc30k003_3454_gc2000_rp0.02_mr3E-4_ss200.fa	long_content_30k_003	1061	29902
long_content_30k_003/lc30k003_3455_gc2500_rp0.01_mr2E-4_ss100.fa	long_content_30k_003	2	13092
long_content_30k_003/lc30k003_3456_gc2500_rp0.03_mr5E-4_ss100.fa	long_content_30k_003	1322	29902
long_content_30k_003/lc30k003_3457_gc2500_rp0.02_mr2E-4_ss100.fa	long_content_30k_003	204	29902
long_content_30k_003/lc30k003_3458_gc2500_rp0.02_mr3E-4_ss100.fa	long_content_30k_003	100	29902
long_content_30k_003/lc30k003_3459_gc2000_rp0.03_mr3E-4_ss100.fa	long_content_30k_003	172	29902
long_content_30k_003/lc30k003_345_gc2500_rp0.01_mr3E-4_ss200.fa	long_content_30k_003	949	29902
long_content_30k_003/lc30k003_3460_gc2500_rp0.02_mr3E-4_ss200.fa	long_content_30k_003	626	28953
long_content_30k_003/lc30k003_3461_gc2500_rp0.03_mr2E-4_ss100.fa	long_content_30k_003	1758	29902
long_content_30k_003/lc30k003_3462_gc2500_rp0.01_mr2E-4_ss200.fa	long_content_30k_003	393	29902
long_content_30k_003/lc30k003_3463_gc2000_rp0.01_mr2E-4_ss100.fa	long_content_30k_003	141	24126
long_content_30k_003/lc30k003_3464_gc2000_rp0.02_mr5E-4_ss100.fa	long_content_30k_003	30	29902
long_content_30k_003/lc30k003_3465_gc2000_rp0.03_mr5E-4_ss200.fa	long_content_30k_003	2756	29902
long_content_30k_003/lc30k003_3466_gc2500_rp0.02_mr5E-4_ss100.fa	long_content_30k_003	279	29902
long_content_30k_003/lc30k003_3467_gc2500_rp0.01_mr5E-4_ss200.fa	long_content_30k_003	172	29902
long_content_30k_003/lc30k003_3468_gc2000_rp0.01_mr5E-4_ss100.fa	long_content_30k_003	20	8457
long_content_30k_003/lc30k003_3469_gc2000_rp0.01_mr2E-4_ss200.fa	long_content_30k_003	48	29562
long_content_30k_003/lc30k003_346_gc2500_rp0.02_mr2E-4_ss200.fa	long_content_30k_003	206	29712
long_content_30k_003/lc30k003_3470_gc2500_rp0.03_mr3E-4_ss100.fa	long_content_30k_003	493	29902
long_content_30k_003/lc30k003_3471_gc2000_rp0.03_mr2E-4_ss100.fa	long_content_30k_003	380	29902
long_content_30k_003/lc30k003_3472_gc2500_rp0.01_mr3E-4_ss100.fa	long_content_30k_003	122	29902
long_content_30k_003/lc30k003_3473_gc2000_rp0.03_mr3E-4_ss200.fa	long_content_30k_003	536	29902
long_content_30k_003/lc30k003_3474_gc2000_rp0.01_mr5E-4_ss200.fa	long_content_30k_003	383	29902
long_content_30k_003/lc30k003_3475_gc2000_rp0.02_mr2E-4_ss100.fa	long_content_30k_003	232	29902
long_content_30k_003/lc30k003_3476_gc2000_rp0.03_mr5E-4_ss100.fa	long_content_30k_003	959	29902
long_content_30k_003/lc30k003_3477_gc2500_rp0.01_mr3E-4_ss200.fa	long_content_30k_003	129	29902
long_content_30k_003/lc30k003_3478_gc2500_rp0.02_mr2E-4_ss200.fa	long_content_30k_003	221	29902
long_content_30k_003/lc30k003_3479_gc2500_rp0.01_mr5E-4_ss100.fa	long_content_30k_003	47	29902
long_content_30k_003/lc30k003_347_gc2500_rp0.01_mr5E-4_ss100.fa	long_content_30k_003	85	29902
long_content_30k_003/lc30k003_3480_gc2500_rp0.03_mr3E-4_ss200.fa	long_content_30k_003	187	29902
long_content_30k_003/lc30k003_3481_gc2000_rp0.01_mr3E-4_ss100.fa	long_content_30k_003	33	21564
long_content_30k_003/lc30k003_3482_gc2000_rp0.01_mr3E-4_ss200.fa	long_content_30k_003	152	29902
long_content_30k_003/lc30k003_3483_gc2000_rp0.02_mr2E-4_ss200.fa	long_content_30k_003	548	29902
long_content_30k_003/lc30k003_3484_gc2500_rp0.02_mr5E-4_ss200.fa	long_content_30k_003	376	29902
long_content_30k_003/lc30k003_3485_gc2500_rp0.03_mr5E-4_ss200.fa	long_content_30k_003	2168	29902
long_content_30k_003/lc30k003_3486_gc2000_rp0.02_mr5E-4_ss200.fa	long_content_30k_003	123	29902
long_content_30k_003/lc30k003_3487_gc2000_rp0.03_mr2E-4_ss200.fa	long_content_30k_003	1104	29902
long_content_30k_003/lc30k003_3488_gc2000_rp0.02_mr3E-4_ss100.fa	long_content_30k_003	87	29902
long_content_30k_003/lc30k003_3489_gc2500_rp0.03_mr2E-4_ss200.fa	long_content_30k_003	1339	29902
long_content_30k_003/lc30k003_348_gc2500_rp0.03_mr3E-4_ss200.fa	long_content_30k_003	1021	29902
long_content_30k_003/lc30k003_3490_gc2000_rp0.02_mr3E-4_ss200.fa	long_content_30k_003	435	29902
long_content_30k_003/lc30k003_3491_gc2500_rp0.01_mr2E-4_ss100.fa	long_content_30k_003	185	29902
long_content_30k_003/lc30k003_3492_gc2500_rp0.03_mr5E-4_ss100.fa	long_content_30k_003	463	29902
long_content_30k_003/lc30k003_3493_gc2500_rp0.02_mr2E-4_ss100.fa	long_content_30k_003	338	29902
long_content_30k_003/lc30k003_3494_gc2500_rp0.02_mr3E-4_ss100.fa	long_content_30k_003	113	29902
long_content_30k_003/lc30k003_3495_gc2000_rp0.03_mr3E-4_ss100.fa	long_content_30k_003	91	23235
long_content_30k_003/lc30k003_3496_gc2500_rp0.02_mr3E-4_ss200.fa	long_content_30k_003	951	29902
long_content_30k_003/lc30k003_3497_gc2500_rp0.03_mr2E-4_ss100.fa	long_content_30k_003	1130	29902
long_content_30k_003/lc30k003_3498_gc2500_rp0.01_mr2E-4_ss200.fa	long_content_30k_003	155	29902
long_content_30k_003/lc30k003_3499_gc2000_rp0.01_mr2E-4_ss100.fa	long_content_30k_003	186	29902
long_content_30k_003/lc30k003_349_gc2000_rp0.01_mr3E-4_ss100.fa	long_content_30k_003	225	29902
long_content_30k_003/lc30k003_3500_gc2000_rp0.02_mr5E-4_ss100.fa	long_content_30k_003	137	29902
long_content_30k_003/lc30k003_3501_gc2000_rp0.03_mr5E-4_ss200.fa	long_content_30k_003	192	29902
long_content_30k_003/lc30k003_3502_gc2500_rp0.02_mr5E-4_ss100.fa	long_content_30k_003	181	29902
long_content_30k_003/lc30k003_3503_gc2500_rp0.01_mr5E-4_ss200.fa	long_content_30k_003	20	29902
long_content_30k_003/lc30k003_3504_gc2000_rp0.01_mr5E-4_ss100.fa	long_content_30k_003	44	27453
long_content_30k_003/lc30k003_3505_gc2000_rp0.01_mr2E-4_ss200.fa	long_content_30k_003	620	29902
long_content_30k_003/lc30k003_3506_gc2500_rp0.03_mr3E-4_ss100.fa	long_content_30k_003	491	29902
long_content_30k_003/lc30k003_3507_gc2000_rp0.03_mr2E-4_ss100.fa	long_content_30k_003	225	29902
long_content_30k_003/lc30k003_3508_gc2500_rp0.01_mr3E-4_ss100.fa	long_content_30k_003	123	29902
long_content_30k_003/lc30k003_3509_gc2000_rp0.03_mr3E-4_ss200.fa	long_content_30k_003	778	29902
long_content_30k_003/lc30k003_350_gc2000_rp0.01_mr3E-4_ss200.fa	long_content_30k_003	3	5667
long_content_30k_003/lc30k003_3510_gc2000_rp0.01_mr5E-4_ss200.fa	long_content_30k_003	186	29902
long_content_30k_003/lc30k003_3511_gc2000_rp0.02_mr2E-4_ss100.fa	long_content_30k_003	57	29902
long_content_30k_003/lc30k003_3512_gc2000_rp0.03_mr5E-4_ss100.fa	long_content_30k_003	120	29902
long_content_30k_003/lc30k003_3513_gc2500_rp0.01_mr3E-4_ss200.fa	long_content_30k_003	292	29902
long_content_30k_003/lc30k003_3514_gc2500_rp0.02_mr2E-4_ss200.fa	long_content_30k_003	220	29902
long_content_30k_003/lc30k003_3515_gc2500_rp0.01_mr5E-4_ss100.fa	long_content_30k_003	784	29902
long_content_30k_003/lc30k003_3516_gc2500_rp0.03_mr3E-4_ss200.fa	long_content_30k_003	599	29902
long_content_30k_003/lc30k003_3517_gc2000_rp0.01_mr3E-4_ss100.fa	long_content_30k_003	296	29902
long_content_30k_003/lc30k003_3518_gc2000_rp0.01_mr3E-4_ss200.fa	long_content_30k_003	163	28734
long_content_30k_003/lc30k003_3519_gc2000_rp0.02_mr2E-4_ss200.fa	long_content_30k_003	1356	29902
long_content_30k_003/lc30k003_351_gc2000_rp0.02_mr2E-4_ss200.fa	long_content_30k_003	1364	29902
long_content_30k_003/lc30k003_3520_gc2500_rp0.02_mr5E-4_ss200.fa	long_content_30k_003	935	29902
long_content_30k_003/lc30k003_3521_gc2500_rp0.03_mr5E-4_ss200.fa	long_content_30k_003	514	27429
long_content_30k_003/lc30k003_3522_gc2000_rp0.02_mr5E-4_ss200.fa	long_content_30k_003	92	21846
long_content_30k_003/lc30k003_3523_gc2000_rp0.03_mr2E-4_ss200.fa	long_content_30k_003	1449	29902
long_content_30k_003/lc30k003_3524_gc2000_rp0.02_mr3E-4_ss100.fa	long_content_30k_003	748	29902
long_content_30k_003/lc30k003_3525_gc2500_rp0.03_mr2E-4_ss200.fa	long_content_30k_003	512	29902
long_content_30k_003/lc30k003_3526_gc2000_rp0.02_mr3E-4_ss200.fa	long_content_30k_003	336	29902
long_content_30k_003/lc30k003_3527_gc2500_rp0.01_mr2E-4_ss100.fa	long_content_30k_003	125	29902
long_content_30k_003/lc30k003_3528_gc2500_rp0.03_mr5E-4_ss100.fa	long_content_30k_003	257	29902
long_content_30k_003/lc30k003_3529_gc2500_rp0.02_mr2E-4_ss100.fa	long_content_30k_003	269	29902
long_content_30k_003/lc30k003_352_gc2500_rp0.02_mr5E-4_ss200.fa	long_content_30k_003	618	29902
long_content_30k_003/lc30k003_3530_gc2500_rp0.02_mr3E-4_ss100.fa	long_content_30k_003	387	29902
long_content_30k_003/lc30k003_3531_gc2000_rp0.03_mr3E-4_ss100.fa	long_content_30k_003	505	29902
long_content_30k_003/lc30k003_3532_gc2500_rp0.02_mr3E-4_ss200.fa	long_content_30k_003	603	29902
long_content_30k_003/lc30k003_3533_gc2500_rp0.03_mr2E-4_ss100.fa	long_content_30k_003	632	29902
long_content_30k_003/lc30k003_3534_gc2500_rp0.01_mr2E-4_ss200.fa	long_content_30k_003	189	29902
long_content_30k_003/lc30k003_3535_gc2000_rp0.01_mr2E-4_ss100.fa	long_content_30k_003	201	29902
long_content_30k_003/lc30k003_3536_gc2000_rp0.02_mr5E-4_ss100.fa	long_content_30k_003	446	29902
long_content_30k_003/lc30k003_3537_gc2000_rp0.03_mr5E-4_ss200.fa	long_content_30k_003	1063	29902
long_content_30k_003/lc30k003_3538_gc2500_rp0.02_mr5E-4_ss100.fa	long_content_30k_003	17	29902
long_content_30k_003/lc30k003_3539_gc2500_rp0.01_mr5E-4_ss200.fa	long_content_30k_003	308	28674
long_content_30k_003/lc30k003_353_gc2500_rp0.03_mr5E-4_ss200.fa	long_content_30k_003	475	29902
long_content_30k_003/lc30k003_3540_gc2000_rp0.01_mr5E-4_ss100.fa	long_content_30k_003	21	29902
long_content_30k_003/lc30k003_3541_gc2000_rp0.01_mr2E-4_ss200.fa	long_content_30k_003	189	29902
long_content_30k_003/lc30k003_3542_gc2500_rp0.03_mr3E-4_ss100.fa	long_content_30k_003	120	29902
long_content_30k_003/lc30k003_3543_gc2000_rp0.03_mr2E-4_ss100.fa	long_content_30k_003	581	29902
long_content_30k_003/lc30k003_3544_gc2500_rp0.01_mr3E-4_ss100.fa	long_content_30k_003	2	29902
long_content_30k_003/lc30k003_3545_gc2000_rp0.03_mr3E-4_ss200.fa	long_content_30k_003	1340	29902
long_content_30k_003/lc30k003_3546_gc2000_rp0.01_mr5E-4_ss200.fa	long_content_30k_003	39	29902
long_content_30k_003/lc30k003_3547_gc2000_rp0.02_mr2E-4_ss100.fa	long_content_30k_003	83	29902
long_content_30k_003/lc30k003_3548_gc2000_rp0.03_mr5E-4_ss100.fa	long_content_30k_003	775	29902
long_content_30k_003/lc30k003_3549_gc2500_rp0.01_mr3E-4_ss200.fa	long_content_30k_003	253	29902
long_content_30k_003/lc30k003_354_gc2000_rp0.02_mr5E-4_ss200.fa	long_content_30k_003	475	29902
long_content_30k_003/lc30k003_3550_gc2500_rp0.02_mr2E-4_ss200.fa	long_content_30k_003	547	29902
long_content_30k_003/lc30k003_3551_gc2500_rp0.01_mr5E-4_ss100.fa	long_content_30k_003	75	29902
long_content_30k_003/lc30k003_3552_gc2500_rp0.03_mr3E-4_ss200.fa	long_content_30k_003	629	29902
long_content_30k_003/lc30k003_3553_gc2000_rp0.01_mr3E-4_ss100.fa	long_content_30k_003	56	29902
long_content_30k_003/lc30k003_3554_gc2000_rp0.01_mr3E-4_ss200.fa	long_content_30k_003	553	29902
long_content_30k_003/lc30k003_3555_gc2000_rp0.02_mr2E-4_ss200.fa	long_content_30k_003	807	29902
long_content_30k_003/lc30k003_3556_gc2500_rp0.02_mr5E-4_ss200.fa	long_content_30k_003	605	29902
long_content_30k_003/lc30k003_3557_gc2500_rp0.03_mr5E-4_ss200.fa	long_content_30k_003	2137	29902
long_content_30k_003/lc30k003_3558_gc2000_rp0.02_mr5E-4_ss200.fa	long_content_30k_003	680	29902
long_content_30k_003/lc30k003_3559_gc2000_rp0.03_mr2E-4_ss200.fa	long_content_30k_003	1708	29902
long_content_30k_003/lc30k003_355_gc2000_rp0.03_mr2E-4_ss200.fa	long_content_30k_003	4692	29902
long_content_30k_003/lc30k003_3560_gc2000_rp0.02_mr3E-4_ss100.fa	long_content_30k_003	47	29902
long_content_30k_003/lc30k003_3561_gc2500_rp0.03_mr2E-4_ss200.fa	long_content_30k_003	678	29902
long_content_30k_003/lc30k003_3562_gc2000_rp0.02_mr3E-4_ss200.fa	long_content_30k_003	849	29902
long_content_30k_003/lc30k003_3563_gc2500_rp0.01_mr2E-4_ss100.fa	long_content_30k_003	194	29902
long_content_30k_003/lc30k003_3564_gc2500_rp0.03_mr5E-4_ss100.fa	long_content_30k_003	449	29902
long_content_30k_003/lc30k003_3565_gc2500_rp0.02_mr2E-4_ss100.fa	long_content_30k_003	1002	29902
long_content_30k_003/lc30k003_3566_gc2500_rp0.02_mr3E-4_ss100.fa	long_content_30k_003	239	29902
long_content_30k_003/lc30k003_3567_gc2000_rp0.03_mr3E-4_ss100.fa	long_content_30k_003	31	27327
long_content_30k_003/lc30k003_3568_gc2500_rp0.02_mr3E-4_ss200.fa	long_content_30k_003	519	27336
long_content_30k_003/lc30k003_3569_gc2500_rp0.03_mr2E-4_ss100.fa	long_content_30k_003	430	29902
long_content_30k_003/lc30k003_356_gc2000_rp0.02_mr3E-4_ss100.fa	long_content_30k_003	333	29902
long_content_30k_003/lc30k003_3570_gc2500_rp0.01_mr2E-4_ss200.fa	long_content_30k_003	64	29142
long_content_30k_003/lc30k003_3571_gc2000_rp0.01_mr2E-4_ss100.fa	long_content_30k_003	178	29902
long_content_30k_003/lc30k003_3572_gc2000_rp0.02_mr5E-4_ss100.fa	long_content_30k_003	689	29902
long_content_30k_003/lc30k003_3573_gc2000_rp0.03_mr5E-4_ss200.fa	long_content_30k_003	751	29902
long_content_30k_003/lc30k003_3574_gc2500_rp0.02_mr5E-4_ss100.fa	long_content_30k_003	325	29902
long_content_30k_003/lc30k003_3575_gc2500_rp0.01_mr5E-4_ss200.fa	long_content_30k_003	36	24543
long_content_30k_003/lc30k003_3576_gc2000_rp0.01_mr5E-4_ss100.fa	long_content_30k_003	147	29902
long_content_30k_003/lc30k003_3577_gc2000_rp0.01_mr2E-4_ss200.fa	long_content_30k_003	510	29902
long_content_30k_003/lc30k003_3578_gc2500_rp0.03_mr3E-4_ss100.fa	long_content_30k_003	335	29902
long_content_30k_003/lc30k003_3579_gc2000_rp0.03_mr2E-4_ss100.fa	long_content_30k_003	506	29902
long_content_30k_003/lc30k003_357_gc2500_rp0.03_mr2E-4_ss200.fa	long_content_30k_003	1846	29902
long_content_30k_003/lc30k003_3580_gc2500_rp0.01_mr3E-4_ss100.fa	long_content_30k_003	104	29902
long_content_30k_003/lc30k003_3581_gc2000_rp0.03_mr3E-4_ss200.fa	long_content_30k_003	300	29902
long_content_30k_003/lc30k003_3582_gc2000_rp0.01_mr5E-4_ss200.fa	long_content_30k_003	391	29902
long_content_30k_003/lc30k003_3583_gc2000_rp0.02_mr2E-4_ss100.fa	long_content_30k_003	256	29902
long_content_30k_003/lc30k003_3584_gc2000_rp0.03_mr5E-4_ss100.fa	long_content_30k_003	1200	29902
long_content_30k_003/lc30k003_3585_gc2500_rp0.01_mr3E-4_ss200.fa	long_content_30k_003	394	29902
long_content_30k_003/lc30k003_3586_gc2500_rp0.02_mr2E-4_ss200.fa	long_content_30k_003	142	29902
long_content_30k_003/lc30k003_3587_gc2500_rp0.01_mr5E-4_ss100.fa	long_content_30k_003	61	29902
long_content_30k_003/lc30k003_3588_gc2500_rp0.03_mr3E-4_ss200.fa	long_content_30k_003	832	29902
long_content_30k_003/lc30k003_3589_gc2000_rp0.01_mr3E-4_ss100.fa	long_content_30k_003	55	20454
long_content_30k_003/lc30k003_358_gc2000_rp0.02_mr3E-4_ss200.fa	long_content_30k_003	291	26103
long_content_30k_003/lc30k003_3590_gc2000_rp0.01_mr3E-4_ss200.fa	long_content_30k_003	678	29902
long_content_30k_003/lc30k003_3591_gc2000_rp0.02_mr2E-4_ss200.fa	long_content_30k_003	1173	29769
long_content_30k_003/lc30k003_3592_gc2500_rp0.02_mr5E-4_ss200.fa	long_content_30k_003	1050	29902
long_content_30k_003/lc30k003_3593_gc2500_rp0.03_mr5E-4_ss200.fa	long_content_30k_003	2477	29902
long_content_30k_003/lc30k003_3594_gc2000_rp0.02_mr5E-4_ss200.fa	long_content_30k_003	249	29902
long_content_30k_003/lc30k003_3595_gc2000_rp0.03_mr2E-4_ss200.fa	long_content_30k_003	1817	29902
long_content_30k_003/lc30k003_3596_gc2000_rp0.02_mr3E-4_ss100.fa	long_content_30k_003	527	29902
long_content_30k_003/lc30k003_3597_gc2500_rp0.03_mr2E-4_ss200.fa	long_content_30k_003	408	29902
long_content_30k_003/lc30k003_3598_gc2000_rp0.02_mr3E-4_ss200.fa	long_content_30k_003	202	29643
long_content_30k_003/lc30k003_3599_gc2500_rp0.01_mr2E-4_ss100.fa	long_content_30k_003	174	29902
long_content_30k_003/lc30k003_3600_gc2500_rp0.03_mr5E-4_ss100.fa	long_content_30k_003	575	29902
long_content_30k_003/lc30k003_3601_gc2500_rp0.02_mr2E-4_ss100.fa	long_content_30k_003	75	29902
long_content_30k_003/lc30k003_3602_gc2500_rp0.02_mr3E-4_ss100.fa	long_content_30k_003	980	29902
long_content_30k_003/lc30k003_3603_gc2000_rp0.03_mr3E-4_ss100.fa	long_content_30k_003	418	29902
long_content_30k_003/lc30k003_3604_gc2500_rp0.02_mr3E-4_ss200.fa	long_content_30k_003	817	29902
long_content_30k_003/lc30k003_3605_gc2500_rp0.03_mr2E-4_ss100.fa	long_content_30k_003	548	29902
long_content_30k_003/lc30k003_3606_gc2500_rp0.01_mr2E-4_ss200.fa	long_content_30k_003	551	29902
long_content_30k_003/lc30k003_3607_gc2000_rp0.01_mr2E-4_ss100.fa	long_content_30k_003	59	11280
long_content_30k_003/lc30k003_3608_gc2000_rp0.02_mr5E-4_ss100.fa	long_content_30k_003	230	29902
long_content_30k_003/lc30k003_3609_gc2000_rp0.03_mr5E-4_ss200.fa	long_content_30k_003	1235	29902
long_content_30k_003/lc30k003_360_gc2500_rp0.03_mr5E-4_ss100.fa	long_content_30k_003	633	29902
long_content_30k_003/lc30k003_3610_gc2500_rp0.02_mr5E-4_ss100.fa	long_content_30k_003	189	29902
long_content_30k_003/lc30k003_3611_gc2500_rp0.01_mr5E-4_ss200.fa	long_content_30k_003	235	29902
long_content_30k_003/lc30k003_3612_gc2000_rp0.01_mr5E-4_ss100.fa	long_content_30k_003	363	29902
long_content_30k_003/lc30k003_3613_gc2000_rp0.01_mr2E-4_ss200.fa	long_content_30k_003	214	29859
long_content_30k_003/lc30k003_3614_gc2500_rp0.03_mr3E-4_ss100.fa	long_content_30k_003	746	29902
long_content_30k_003/lc30k003_3615_gc2000_rp0.03_mr2E-4_ss100.fa	long_content_30k_003	166	29902
long_content_30k_003/lc30k003_3616_gc2500_rp0.01_mr3E-4_ss100.fa	long_content_30k_003	182	29902
long_content_30k_003/lc30k003_3617_gc2000_rp0.03_mr3E-4_ss200.fa	long_content_30k_003	468	29902
long_content_30k_003/lc30k003_3618_gc2000_rp0.01_mr5E-4_ss200.fa	long_content_30k_003	991	29902
long_content_30k_003/lc30k003_3619_gc2000_rp0.02_mr2E-4_ss100.fa	long_content_30k_003	149	29902
long_content_30k_003/lc30k003_361_gc2500_rp0.02_mr2E-4_ss100.fa	long_content_30k_003	268	29902
long_content_30k_003/lc30k003_3620_gc2000_rp0.03_mr5E-4_ss100.fa	long_content_30k_003	409	29902
long_content_30k_003/lc30k003_3621_gc2500_rp0.01_mr3E-4_ss200.fa	long_content_30k_003	615	29902
long_content_30k_003/lc30k003_3622_gc2500_rp0.02_mr2E-4_ss200.fa	long_content_30k_003	21	29902
long_content_30k_003/lc30k003_3623_gc2500_rp0.01_mr5E-4_ss100.fa	long_content_30k_003	406	29902
long_content_30k_003/lc30k003_3624_gc2500_rp0.03_mr3E-4_ss200.fa	long_content_30k_003	1458	29902
long_content_30k_003/lc30k003_3625_gc2000_rp0.01_mr3E-4_ss100.fa	long_content_30k_003	287	29902
long_content_30k_003/lc30k003_3626_gc2000_rp0.01_mr3E-4_ss200.fa	long_content_30k_003	725	29902
long_content_30k_003/lc30k003_3627_gc2000_rp0.02_mr2E-4_ss200.fa	long_content_30k_003	957	29902
long_content_30k_003/lc30k003_3628_gc2500_rp0.02_mr5E-4_ss200.fa	long_content_30k_003	577	29902
long_content_30k_003/lc30k003_3629_gc2500_rp0.03_mr5E-4_ss200.fa	long_content_30k_003	1383	29902
long_content_30k_003/lc30k003_362_gc2500_rp0.02_mr3E-4_ss100.fa	long_content_30k_003	103	29250
long_content_30k_003/lc30k003_3630_gc2000_rp0.02_mr5E-4_ss200.fa	long_content_30k_003	516	29902
long_content_30k_003/lc30k003_3631_gc2000_rp0.03_mr2E-4_ss200.fa	long_content_30k_003	1012	29902
long_content_30k_003/lc30k003_3632_gc2000_rp0.02_mr3E-4_ss100.fa	long_content_30k_003	93	29902
long_content_30k_003/lc30k003_3633_gc2500_rp0.03_mr2E-4_ss200.fa	long_content_30k_003	1146	29902
long_content_30k_003/lc30k003_3634_gc2000_rp0.02_mr3E-4_ss200.fa	long_content_30k_003	657	29902
long_content_30k_003/lc30k003_3635_gc2500_rp0.01_mr2E-4_ss100.fa	long_content_30k_003	245	29902
long_content_30k_003/lc30k003_3636_gc2500_rp0.03_mr5E-4_ss100.fa	long_content_30k_003	467	29902
long_content_30k_003/lc30k003_3637_gc2500_rp0.02_mr2E-4_ss100.fa	long_content_30k_003	135	29902
long_content_30k_003/lc30k003_3638_gc2500_rp0.02_mr3E-4_ss100.fa	long_content_30k_003	311	29902
long_content_30k_003/lc30k003_3639_gc2000_rp0.03_mr3E-4_ss100.fa	long_content_30k_003	591	29902
long_content_30k_003/lc30k003_363_gc2000_rp0.03_mr3E-4_ss100.fa	long_content_30k_003	446	29902
long_content_30k_003/lc30k003_3640_gc2500_rp0.02_mr3E-4_ss200.fa	long_content_30k_003	61	29902
long_content_30k_003/lc30k003_3641_gc2500_rp0.03_mr2E-4_ss100.fa	long_content_30k_003	689	29902
long_content_30k_003/lc30k003_3642_gc2500_rp0.01_mr2E-4_ss200.fa	long_content_30k_003	68	29902
long_content_30k_003/lc30k003_3643_gc2000_rp0.01_mr2E-4_ss100.fa	long_content_30k_003	251	29902
long_content_30k_003/lc30k003_3644_gc2000_rp0.02_mr5E-4_ss100.fa	long_content_30k_003	61	29902
long_content_30k_003/lc30k003_3645_gc2000_rp0.03_mr5E-4_ss200.fa	long_content_30k_003	221	29902
long_content_30k_003/lc30k003_3646_gc2500_rp0.02_mr5E-4_ss100.fa	long_content_30k_003	352	29902
long_content_30k_003/lc30k003_3647_gc2500_rp0.01_mr5E-4_ss200.fa	long_content_30k_003	20	29902
long_content_30k_003/lc30k003_3648_gc2000_rp0.01_mr5E-4_ss100.fa	long_content_30k_003	293	29902
long_content_30k_003/lc30k003_3649_gc2000_rp0.01_mr2E-4_ss200.fa	long_content_30k_003	149	29902
long_content_30k_003/lc30k003_364_gc2500_rp0.02_mr3E-4_ss200.fa	long_content_30k_003	434	29902
long_content_30k_003/lc30k003_3650_gc2500_rp0.03_mr3E-4_ss100.fa	long_content_30k_003	216	29902
long_content_30k_003/lc30k003_3651_gc2000_rp0.03_mr2E-4_ss100.fa	long_content_30k_003	53	29902
long_content_30k_003/lc30k003_3652_gc2500_rp0.01_mr3E-4_ss100.fa	long_content_30k_003	16	9501
long_content_30k_003/lc30k003_3653_gc2000_rp0.03_mr3E-4_ss200.fa	long_content_30k_003	96	29902
long_content_30k_003/lc30k003_3654_gc2000_rp0.01_mr5E-4_ss200.fa	long_content_30k_003	440	29902
long_content_30k_003/lc30k003_3655_gc2000_rp0.02_mr2E-4_ss100.fa	long_content_30k_003	143	29902
long_content_30k_003/lc30k003_3656_gc2000_rp0.03_mr5E-4_ss100.fa	long_content_30k_003	465	29902
long_content_30k_003/lc30k003_3657_gc2500_rp0.01_mr3E-4_ss200.fa	long_content_30k_003	139	29902
long_content_30k_003/lc30k003_3658_gc2500_rp0.02_mr2E-4_ss200.fa	long_content_30k_003	55	29902
long_content_30k_003/lc30k003_3659_gc2500_rp0.01_mr5E-4_ss100.fa	long_content_30k_003	20	29902
long_content_30k_003/lc30k003_365_gc2500_rp0.03_mr2E-4_ss100.fa	long_content_30k_003	595	29902
long_content_30k_003/lc30k003_3660_gc2500_rp0.03_mr3E-4_ss200.fa	long_content_30k_003	2649	29902
long_content_30k_003/lc30k003_3661_gc2000_rp0.01_mr3E-4_ss100.fa	long_content_30k_003	14	29902
long_content_30k_003/lc30k003_3662_gc2000_rp0.01_mr3E-4_ss200.fa	long_content_30k_003	91	29902
long_content_30k_003/lc30k003_3663_gc2000_rp0.02_mr2E-4_ss200.fa	long_content_30k_003	204	29902
long_content_30k_003/lc30k003_3664_gc2500_rp0.02_mr5E-4_ss200.fa	long_content_30k_003	469	29902
long_content_30k_003/lc30k003_3665_gc2500_rp0.03_mr5E-4_ss200.fa	long_content_30k_003	822	29902
long_content_30k_003/lc30k003_3666_gc2000_rp0.02_mr5E-4_ss200.fa	long_content_30k_003	276	29902
long_content_30k_003/lc30k003_3667_gc2000_rp0.03_mr2E-4_ss200.fa	long_content_30k_003	1390	29902
long_content_30k_003/lc30k003_3668_gc2000_rp0.02_mr3E-4_ss100.fa	long_content_30k_003	295	29902
long_content_30k_003/lc30k003_3669_gc2500_rp0.03_mr2E-4_ss200.fa	long_content_30k_003	1220	29902
long_content_30k_003/lc30k003_366_gc2500_rp0.01_mr2E-4_ss200.fa	long_content_30k_003	94	22101
long_content_30k_003/lc30k003_3670_gc2000_rp0.02_mr3E-4_ss200.fa	long_content_30k_003	336	29902
long_content_30k_003/lc30k003_3671_gc2500_rp0.01_mr2E-4_ss100.fa	long_content_30k_003	12	29902
long_content_30k_003/lc30k003_3672_gc2500_rp0.03_mr5E-4_ss100.fa	long_content_30k_003	639	29902
long_content_30k_003/lc30k003_3673_gc2500_rp0.02_mr2E-4_ss100.fa	long_content_30k_003	140	29902
long_content_30k_003/lc30k003_3674_gc2500_rp0.02_mr3E-4_ss100.fa	long_content_30k_003	224	29902
long_content_30k_003/lc30k003_3675_gc2000_rp0.03_mr3E-4_ss100.fa	long_content_30k_003	379	29902
long_content_30k_003/lc30k003_3676_gc2500_rp0.02_mr3E-4_ss200.fa	long_content_30k_003	563	29902
long_content_30k_003/lc30k003_3677_gc2500_rp0.03_mr2E-4_ss100.fa	long_content_30k_003	656	29902
long_content_30k_003/lc30k003_3678_gc2500_rp0.01_mr2E-4_ss200.fa	long_content_30k_003	250	29902
long_content_30k_003/lc30k003_3679_gc2000_rp0.01_mr2E-4_ss100.fa	long_content_30k_003	2	27840
long_content_30k_003/lc30k003_367_gc2000_rp0.01_mr2E-4_ss100.fa	long_content_30k_003	26	28902
long_content_30k_003/lc30k003_3680_gc2000_rp0.02_mr5E-4_ss100.fa	long_content_30k_003	563	29902
long_content_30k_003/lc30k003_3681_gc2000_rp0.03_mr5E-4_ss200.fa	long_content_30k_003	670	29902
long_content_30k_003/lc30k003_3682_gc2500_rp0.02_mr5E-4_ss100.fa	long_content_30k_003	333	29902
long_content_30k_003/lc30k003_3683_gc2500_rp0.01_mr5E-4_ss200.fa	long_content_30k_003	660	29902
long_content_30k_003/lc30k003_3684_gc2000_rp0.01_mr5E-4_ss100.fa	long_content_30k_003	144	29902
long_content_30k_003/lc30k003_3685_gc2000_rp0.01_mr2E-4_ss200.fa	long_content_30k_003	114	29902
long_content_30k_003/lc30k003_3686_gc2500_rp0.03_mr3E-4_ss100.fa	long_content_30k_003	881	29902
long_content_30k_003/lc30k003_3687_gc2000_rp0.03_mr2E-4_ss100.fa	long_content_30k_003	947	29902
long_content_30k_003/lc30k003_3688_gc2500_rp0.01_mr3E-4_ss100.fa	long_content_30k_003	81	29902
long_content_30k_003/lc30k003_3689_gc2000_rp0.03_mr3E-4_ss200.fa	long_content_30k_003	1691	29902
long_content_30k_003/lc30k003_368_gc2000_rp0.02_mr5E-4_ss100.fa	long_content_30k_003	443	29902
long_content_30k_003/lc30k003_3690_gc2000_rp0.01_mr5E-4_ss200.fa	long_content_30k_003	32	6831
long_content_30k_003/lc30k003_3691_gc2000_rp0.02_mr2E-4_ss100.fa	long_content_30k_003	312	29902
long_content_30k_003/lc30k003_3692_gc2000_rp0.03_mr5E-4_ss100.fa	long_content_30k_003	330	29902
long_content_30k_003/lc30k003_3693_gc2500_rp0.01_mr3E-4_ss200.fa	long_content_30k_003	127	29902
long_content_30k_003/lc30k003_3694_gc2500_rp0.02_mr2E-4_ss200.fa	long_content_30k_003	380	29902
long_content_30k_003/lc30k003_3695_gc2500_rp0.01_mr5E-4_ss100.fa	long_content_30k_003	241	28911
long_content_30k_003/lc30k003_3696_gc2500_rp0.03_mr3E-4_ss200.fa	long_content_30k_003	1202	29902
long_content_30k_003/lc30k003_3697_gc2000_rp0.01_mr3E-4_ss100.fa	long_content_30k_003	280	29902
long_content_30k_003/lc30k003_3698_gc2000_rp0.01_mr3E-4_ss200.fa	long_content_30k_003	70	29902
long_content_30k_003/lc30k003_3699_gc2000_rp0.02_mr2E-4_ss200.fa	long_content_30k_003	423	29902
long_content_30k_003/lc30k003_369_gc2000_rp0.03_mr5E-4_ss200.fa	long_content_30k_003	408	29902
long_content_30k_003/lc30k003_3700_gc2500_rp0.02_mr5E-4_ss200.fa	long_content_30k_003	230	29902
long_content_30k_003/lc30k003_3701_gc2500_rp0.03_mr5E-4_ss200.fa	long_content_30k_003	2501	29902
long_content_30k_003/lc30k003_3702_gc2000_rp0.02_mr5E-4_ss200.fa	long_content_30k_003	119	29902
long_content_30k_003/lc30k003_3703_gc2000_rp0.03_mr2E-4_ss200.fa	long_content_30k_003	1119	29902
long_content_30k_003/lc30k003_3704_gc2000_rp0.02_mr3E-4_ss100.fa	long_content_30k_003	132	29902
long_content_30k_003/lc30k003_3705_gc2500_rp0.03_mr2E-4_ss200.fa	long_content_30k_003	1896	29902
long_content_30k_003/lc30k003_3706_gc2000_rp0.02_mr3E-4_ss200.fa	long_content_30k_003	238	29902
long_content_30k_003/lc30k003_3707_gc2500_rp0.01_mr2E-4_ss100.fa	long_content_30k_003	9	29902
long_content_30k_003/lc30k003_3708_gc2500_rp0.03_mr5E-4_ss100.fa	long_content_30k_003	274	29902
long_content_30k_003/lc30k003_3709_gc2500_rp0.02_mr2E-4_ss100.fa	long_content_30k_003	185	29902
long_content_30k_003/lc30k003_370_gc2500_rp0.02_mr5E-4_ss100.fa	long_content_30k_003	80	29902
long_content_30k_003/lc30k003_3710_gc2500_rp0.02_mr3E-4_ss100.fa	long_content_30k_003	189	29902
long_content_30k_003/lc30k003_3711_gc2000_rp0.03_mr3E-4_ss100.fa	long_content_30k_003	392	29902
long_content_30k_003/lc30k003_3712_gc2500_rp0.02_mr3E-4_ss200.fa	long_content_30k_003	1284	29902
long_content_30k_003/lc30k003_3713_gc2500_rp0.03_mr2E-4_ss100.fa	long_content_30k_003	1356	29902
long_content_30k_003/lc30k003_3714_gc2500_rp0.01_mr2E-4_ss200.fa	long_content_30k_003	401	29902
long_content_30k_003/lc30k003_3716_gc2000_rp0.02_mr5E-4_ss100.fa	long_content_30k_003	40	29902
long_content_30k_003/lc30k003_3717_gc2000_rp0.03_mr5E-4_ss200.fa	long_content_30k_003	2108	29902
long_content_30k_003/lc30k003_3718_gc2500_rp0.02_mr5E-4_ss100.fa	long_content_30k_003	164	29902
long_content_30k_003/lc30k003_3719_gc2500_rp0.01_mr5E-4_ss200.fa	long_content_30k_003	282	29902
long_content_30k_003/lc30k003_371_gc2500_rp0.01_mr5E-4_ss200.fa	long_content_30k_003	139	29902
long_content_30k_003/lc30k003_3720_gc2000_rp0.01_mr5E-4_ss100.fa	long_content_30k_003	295	29902
long_content_30k_003/lc30k003_3721_gc2000_rp0.01_mr2E-4_ss200.fa	long_content_30k_003	309	29902
long_content_30k_003/lc30k003_3722_gc2500_rp0.03_mr3E-4_ss100.fa	long_content_30k_003	1169	29902
long_content_30k_003/lc30k003_3723_gc2000_rp0.03_mr2E-4_ss100.fa	long_content_30k_003	243	29902
long_content_30k_003/lc30k003_3724_gc2500_rp0.01_mr3E-4_ss100.fa	long_content_30k_003	25	29902
long_content_30k_003/lc30k003_3725_gc2000_rp0.03_mr3E-4_ss200.fa	long_content_30k_003	803	29902
long_content_30k_003/lc30k003_3726_gc2000_rp0.01_mr5E-4_ss200.fa	long_content_30k_003	995	29902
long_content_30k_003/lc30k003_3727_gc2000_rp0.02_mr2E-4_ss100.fa	long_content_30k_003	278	29902
long_content_30k_003/lc30k003_3728_gc2000_rp0.03_mr5E-4_ss100.fa	long_content_30k_003	1782	29902
long_content_30k_003/lc30k003_3729_gc2500_rp0.01_mr3E-4_ss200.fa	long_content_30k_003	180	29902
long_content_30k_003/lc30k003_372_gc2000_rp0.01_mr5E-4_ss100.fa	long_content_30k_003	337	29902
long_content_30k_003/lc30k003_3730_gc2500_rp0.02_mr2E-4_ss200.fa	long_content_30k_003	1129	29902
long_content_30k_003/lc30k003_3731_gc2500_rp0.01_mr5E-4_ss100.fa	long_content_30k_003	313	29902
long_content_30k_003/lc30k003_3732_gc2500_rp0.03_mr3E-4_ss200.fa	long_content_30k_003	472	29902
long_content_30k_003/lc30k003_3733_gc2000_rp0.01_mr3E-4_ss100.fa	long_content_30k_003	132	29902
long_content_30k_003/lc30k003_3734_gc2000_rp0.01_mr3E-4_ss200.fa	long_content_30k_003	47	29902
long_content_30k_003/lc30k003_3735_gc2000_rp0.02_mr2E-4_ss200.fa	long_content_30k_003	37	29902
long_content_30k_003/lc30k003_3736_gc2500_rp0.02_mr5E-4_ss200.fa	long_content_30k_003	806	29902
long_content_30k_003/lc30k003_3737_gc2500_rp0.03_mr5E-4_ss200.fa	long_content_30k_003	503	29902
long_content_30k_003/lc30k003_3738_gc2000_rp0.02_mr5E-4_ss200.fa	long_content_30k_003	1454	29902
long_content_30k_003/lc30k003_3739_gc2000_rp0.03_mr2E-4_ss200.fa	long_content_30k_003	3037	29902
long_content_30k_003/lc30k003_373_gc2000_rp0.01_mr2E-4_ss200.fa	long_content_30k_003	424	29902
long_content_30k_003/lc30k003_3740_gc2000_rp0.02_mr3E-4_ss100.fa	long_content_30k_003	294	29902
long_content_30k_003/lc30k003_3741_gc2500_rp0.03_mr2E-4_ss200.fa	long_content_30k_003	412	29902
long_content_30k_003/lc30k003_3742_gc2000_rp0.02_mr3E-4_ss200.fa	long_content_30k_003	924	29902
long_content_30k_003/lc30k003_3743_gc2500_rp0.01_mr2E-4_ss100.fa	long_content_30k_003	50	26421
long_content_30k_003/lc30k003_3744_gc2500_rp0.03_mr5E-4_ss100.fa	long_content_30k_003	967	29902
long_content_30k_003/lc30k003_3745_gc2500_rp0.02_mr2E-4_ss100.fa	long_content_30k_003	549	29902
long_content_30k_003/lc30k003_3746_gc2500_rp0.02_mr3E-4_ss100.fa	long_content_30k_003	77	29902
long_content_30k_003/lc30k003_3747_gc2000_rp0.03_mr3E-4_ss100.fa	long_content_30k_003	39	29902
long_content_30k_003/lc30k003_3748_gc2500_rp0.02_mr3E-4_ss200.fa	long_content_30k_003	854	29902
long_content_30k_003/lc30k003_3749_gc2500_rp0.03_mr2E-4_ss100.fa	long_content_30k_003	291	29902
long_content_30k_003/lc30k003_374_gc2500_rp0.03_mr3E-4_ss100.fa	long_content_30k_003	520	29902
long_content_30k_003/lc30k003_3750_gc2500_rp0.01_mr2E-4_ss200.fa	long_content_30k_003	197	29902
long_content_30k_003/lc30k003_3751_gc2000_rp0.01_mr2E-4_ss100.fa	long_content_30k_003	102	29902
long_content_30k_003/lc30k003_3752_gc2000_rp0.02_mr5E-4_ss100.fa	long_content_30k_003	241	29902
long_content_30k_003/lc30k003_3753_gc2000_rp0.03_mr5E-4_ss200.fa	long_content_30k_003	1229	29902
long_content_30k_003/lc30k003_3754_gc2500_rp0.02_mr5E-4_ss100.fa	long_content_30k_003	32	29902
long_content_30k_003/lc30k003_3755_gc2500_rp0.01_mr5E-4_ss200.fa	long_content_30k_003	24	18615
long_content_30k_003/lc30k003_3756_gc2000_rp0.01_mr5E-4_ss100.fa	long_content_30k_003	88	29436
long_content_30k_003/lc30k003_3757_gc2000_rp0.01_mr2E-4_ss200.fa	long_content_30k_003	148	23472
long_content_30k_003/lc30k003_3758_gc2500_rp0.03_mr3E-4_ss100.fa	long_content_30k_003	145	29902
long_content_30k_003/lc30k003_3759_gc2000_rp0.03_mr2E-4_ss100.fa	long_content_30k_003	91	29902
long_content_30k_003/lc30k003_375_gc2000_rp0.03_mr2E-4_ss100.fa	long_content_30k_003	278	29902
long_content_30k_003/lc30k003_3760_gc2500_rp0.01_mr3E-4_ss100.fa	long_content_30k_003	462	29902
long_content_30k_003/lc30k003_3761_gc2000_rp0.03_mr3E-4_ss200.fa	long_content_30k_003	684	29902
long_content_30k_003/lc30k003_3762_gc2000_rp0.01_mr5E-4_ss200.fa	long_content_30k_003	287	29902
long_content_30k_003/lc30k003_3763_gc2000_rp0.02_mr2E-4_ss100.fa	long_content_30k_003	521	29902
long_content_30k_003/lc30k003_3764_gc2000_rp0.03_mr5E-4_ss100.fa	long_content_30k_003	569	29902
long_content_30k_003/lc30k003_3765_gc2500_rp0.01_mr3E-4_ss200.fa	long_content_30k_003	82	29902
long_content_30k_003/lc30k003_3766_gc2500_rp0.02_mr2E-4_ss200.fa	long_content_30k_003	285	29902
long_content_30k_003/lc30k003_3767_gc2500_rp0.01_mr5E-4_ss100.fa	long_content_30k_003	27	29902
long_content_30k_003/lc30k003_3768_gc2500_rp0.03_mr3E-4_ss200.fa	long_content_30k_003	724	29902
long_content_30k_003/lc30k003_3769_gc2000_rp0.01_mr3E-4_ss100.fa	long_content_30k_003	31	29676
long_content_30k_003/lc30k003_376_gc2500_rp0.01_mr3E-4_ss100.fa	long_content_30k_003	142	29902
long_content_30k_003/lc30k003_3770_gc2000_rp0.01_mr3E-4_ss200.fa	long_content_30k_003	88	29902
long_content_30k_003/lc30k003_3771_gc2000_rp0.02_mr2E-4_ss200.fa	long_content_30k_003	56	24942
long_content_30k_003/lc30k003_3772_gc2500_rp0.02_mr5E-4_ss200.fa	long_content_30k_003	425	29902
long_content_30k_003/lc30k003_3773_gc2500_rp0.03_mr5E-4_ss200.fa	long_content_30k_003	2708	29902
long_content_30k_003/lc30k003_3774_gc2000_rp0.02_mr5E-4_ss200.fa	long_content_30k_003	313	29902
long_content_30k_003/lc30k003_3775_gc2000_rp0.03_mr2E-4_ss200.fa	long_content_30k_003	274	29902
long_content_30k_003/lc30k003_3776_gc2000_rp0.02_mr3E-4_ss100.fa	long_content_30k_003	157	29902
long_content_30k_003/lc30k003_3777_gc2500_rp0.03_mr2E-4_ss200.fa	long_content_30k_003	543	29902
long_content_30k_003/lc30k003_3778_gc2000_rp0.02_mr3E-4_ss200.fa	long_content_30k_003	423	29902
long_content_30k_003/lc30k003_3779_gc2500_rp0.01_mr2E-4_ss100.fa	long_content_30k_003	23	29902
long_content_30k_003/lc30k003_377_gc2000_rp0.03_mr3E-4_ss200.fa	long_content_30k_003	763	29902
long_content_30k_003/lc30k003_3780_gc2500_rp0.03_mr5E-4_ss100.fa	long_content_30k_003	769	29902
long_content_30k_003/lc30k003_3781_gc2500_rp0.02_mr2E-4_ss100.fa	long_content_30k_003	77	29902
long_content_30k_003/lc30k003_3782_gc2500_rp0.02_mr3E-4_ss100.fa	long_content_30k_003	415	29902
long_content_30k_003/lc30k003_3783_gc2000_rp0.03_mr3E-4_ss100.fa	long_content_30k_003	563	29902
long_content_30k_003/lc30k003_3784_gc2500_rp0.02_mr3E-4_ss200.fa	long_content_30k_003	724	29902
long_content_30k_003/lc30k003_3785_gc2500_rp0.03_mr2E-4_ss100.fa	long_content_30k_003	731	29902
long_content_30k_003/lc30k003_3786_gc2500_rp0.01_mr2E-4_ss200.fa	long_content_30k_003	72	29902
long_content_30k_003/lc30k003_3787_gc2000_rp0.01_mr2E-4_ss100.fa	long_content_30k_003	7	29902
long_content_30k_003/lc30k003_3788_gc2000_rp0.02_mr5E-4_ss100.fa	long_content_30k_003	90	29902
long_content_30k_003/lc30k003_3789_gc2000_rp0.03_mr5E-4_ss200.fa	long_content_30k_003	686	29902
long_content_30k_003/lc30k003_378_gc2000_rp0.01_mr5E-4_ss200.fa	long_content_30k_003	236	29902
long_content_30k_003/lc30k003_3790_gc2500_rp0.02_mr5E-4_ss100.fa	long_content_30k_003	41	29902
long_content_30k_003/lc30k003_3791_gc2500_rp0.01_mr5E-4_ss200.fa	long_content_30k_003	507	29902
long_content_30k_003/lc30k003_3792_gc2000_rp0.01_mr5E-4_ss100.fa	long_content_30k_003	33	29902
long_content_30k_003/lc30k003_3793_gc2000_rp0.01_mr2E-4_ss200.fa	long_content_30k_003	63	29902
long_content_30k_003/lc30k003_3794_gc2500_rp0.03_mr3E-4_ss100.fa	long_content_30k_003	88	29902
long_content_30k_003/lc30k003_3795_gc2000_rp0.03_mr2E-4_ss100.fa	long_content_30k_003	359	29902
long_content_30k_003/lc30k003_3796_gc2500_rp0.01_mr3E-4_ss100.fa	long_content_30k_003	6	21942
long_content_30k_003/lc30k003_3797_gc2000_rp0.03_mr3E-4_ss200.fa	long_content_30k_003	346	29902
long_content_30k_003/lc30k003_3798_gc2000_rp0.01_mr5E-4_ss200.fa	long_content_30k_003	204	29902
long_content_30k_003/lc30k003_3799_gc2000_rp0.02_mr2E-4_ss100.fa	long_content_30k_003	93	29902
long_content_30k_003/lc30k003_379_gc2000_rp0.02_mr2E-4_ss100.fa	long_content_30k_003	164	29902
long_content_30k_003/lc30k003_3800_gc2000_rp0.03_mr5E-4_ss100.fa	long_content_30k_003	1421	29902
long_content_30k_003/lc30k003_3801_gc2500_rp0.01_mr3E-4_ss200.fa	long_content_30k_003	81	29346
long_content_30k_003/lc30k003_3802_gc2500_rp0.02_mr2E-4_ss200.fa	long_content_30k_003	1568	29902
long_content_30k_003/lc30k003_3803_gc2500_rp0.01_mr5E-4_ss100.fa	long_content_30k_003	24	29902
long_content_30k_003/lc30k003_3804_gc2500_rp0.03_mr3E-4_ss200.fa	long_content_30k_003	923	29902
long_content_30k_003/lc30k003_3805_gc2000_rp0.01_mr3E-4_ss100.fa	long_content_30k_003	199	29902
long_content_30k_003/lc30k003_3806_gc2000_rp0.01_mr3E-4_ss200.fa	long_content_30k_003	295	29902
long_content_30k_003/lc30k003_3807_gc2000_rp0.02_mr2E-4_ss200.fa	long_content_30k_003	550	29902
long_content_30k_003/lc30k003_3808_gc2500_rp0.02_mr5E-4_ss200.fa	long_content_30k_003	284	29902
long_content_30k_003/lc30k003_3809_gc2500_rp0.03_mr5E-4_ss200.fa	long_content_30k_003	160	29902
long_content_30k_003/lc30k003_380_gc2000_rp0.03_mr5E-4_ss100.fa	long_content_30k_003	641	29902
long_content_30k_003/lc30k003_3810_gc2000_rp0.02_mr5E-4_ss200.fa	long_content_30k_003	258	29902
long_content_30k_003/lc30k003_3811_gc2000_rp0.03_mr2E-4_ss200.fa	long_content_30k_003	1867	29902
long_content_30k_003/lc30k003_3812_gc2000_rp0.02_mr3E-4_ss100.fa	long_content_30k_003	388	29902
long_content_30k_003/lc30k003_3813_gc2500_rp0.03_mr2E-4_ss200.fa	long_content_30k_003	1317	29902
long_content_30k_003/lc30k003_3814_gc2000_rp0.02_mr3E-4_ss200.fa	long_content_30k_003	176	29902
long_content_30k_003/lc30k003_3815_gc2500_rp0.01_mr2E-4_ss100.fa	long_content_30k_003	149	29902
long_content_30k_003/lc30k003_3816_gc2500_rp0.03_mr5E-4_ss100.fa	long_content_30k_003	309	29902
long_content_30k_003/lc30k003_3817_gc2500_rp0.02_mr2E-4_ss100.fa	long_content_30k_003	275	29902
long_content_30k_003/lc30k003_3818_gc2500_rp0.02_mr3E-4_ss100.fa	long_content_30k_003	354	29902
long_content_30k_003/lc30k003_3819_gc2000_rp0.03_mr3E-4_ss100.fa	long_content_30k_003	210	29902
long_content_30k_003/lc30k003_381_gc2500_rp0.01_mr3E-4_ss200.fa	long_content_30k_003	42	29902
long_content_30k_003/lc30k003_3820_gc2500_rp0.02_mr3E-4_ss200.fa	long_content_30k_003	1136	29902
long_content_30k_003/lc30k003_3821_gc2500_rp0.03_mr2E-4_ss100.fa	long_content_30k_003	971	29902
long_content_30k_003/lc30k003_3822_gc2500_rp0.01_mr2E-4_ss200.fa	long_content_30k_003	221	28998
long_content_30k_003/lc30k003_3823_gc2000_rp0.01_mr2E-4_ss100.fa	long_content_30k_003	224	29902
long_content_30k_003/lc30k003_3824_gc2000_rp0.02_mr5E-4_ss100.fa	long_content_30k_003	176	29902
long_content_30k_003/lc30k003_3825_gc2000_rp0.03_mr5E-4_ss200.fa	long_content_30k_003	139	29902
long_content_30k_003/lc30k003_3826_gc2500_rp0.02_mr5E-4_ss100.fa	long_content_30k_003	124	29902
long_content_30k_003/lc30k003_3827_gc2500_rp0.01_mr5E-4_ss200.fa	long_content_30k_003	43	29902
long_content_30k_003/lc30k003_3828_gc2000_rp0.01_mr5E-4_ss100.fa	long_content_30k_003	171	29902
long_content_30k_003/lc30k003_3829_gc2000_rp0.01_mr2E-4_ss200.fa	long_content_30k_003	144	29902
long_content_30k_003/lc30k003_382_gc2500_rp0.02_mr2E-4_ss200.fa	long_content_30k_003	939	29902
long_content_30k_003/lc30k003_3830_gc2500_rp0.03_mr3E-4_ss100.fa	long_content_30k_003	224	29902
long_content_30k_003/lc30k003_3831_gc2000_rp0.03_mr2E-4_ss100.fa	long_content_30k_003	363	29902
long_content_30k_003/lc30k003_3832_gc2500_rp0.01_mr3E-4_ss100.fa	long_content_30k_003	13	29902
long_content_30k_003/lc30k003_3833_gc2000_rp0.03_mr3E-4_ss200.fa	long_content_30k_003	1541	29902
long_content_30k_003/lc30k003_3834_gc2000_rp0.01_mr5E-4_ss200.fa	long_content_30k_003	605	29902
long_content_30k_003/lc30k003_3835_gc2000_rp0.02_mr2E-4_ss100.fa	long_content_30k_003	905	29902
long_content_30k_003/lc30k003_3836_gc2000_rp0.03_mr5E-4_ss100.fa	long_content_30k_003	441	29902
long_content_30k_003/lc30k003_3837_gc2500_rp0.01_mr3E-4_ss200.fa	long_content_30k_003	394	29902
long_content_30k_003/lc30k003_3838_gc2500_rp0.02_mr2E-4_ss200.fa	long_content_30k_003	58	29902
long_content_30k_003/lc30k003_3839_gc2500_rp0.01_mr5E-4_ss100.fa	long_content_30k_003	223	29902
long_content_30k_003/lc30k003_383_gc2500_rp0.01_mr5E-4_ss100.fa	long_content_30k_003	47	29902
long_content_30k_003/lc30k003_3840_gc2500_rp0.03_mr3E-4_ss200.fa	long_content_30k_003	1048	29902
long_content_30k_003/lc30k003_3841_gc2000_rp0.01_mr3E-4_ss100.fa	long_content_30k_003	326	29902
long_content_30k_003/lc30k003_3842_gc2000_rp0.01_mr3E-4_ss200.fa	long_content_30k_003	237	29902
long_content_30k_003/lc30k003_3843_gc2000_rp0.02_mr2E-4_ss200.fa	long_content_30k_003	359	29902
long_content_30k_003/lc30k003_3844_gc2500_rp0.02_mr5E-4_ss200.fa	long_content_30k_003	64	29902
long_content_30k_003/lc30k003_3845_gc2500_rp0.03_mr5E-4_ss200.fa	long_content_30k_003	132	29902
long_content_30k_003/lc30k003_3846_gc2000_rp0.02_mr5E-4_ss200.fa	long_content_30k_003	124	29902
long_content_30k_003/lc30k003_3847_gc2000_rp0.03_mr2E-4_ss200.fa	long_content_30k_003	107	29902
long_content_30k_003/lc30k003_3848_gc2000_rp0.02_mr3E-4_ss100.fa	long_content_30k_003	173	29902
long_content_30k_003/lc30k003_3849_gc2500_rp0.03_mr2E-4_ss200.fa	long_content_30k_003	590	29902
long_content_30k_003/lc30k003_384_gc2500_rp0.03_mr3E-4_ss200.fa	long_content_30k_003	1374	29902
long_content_30k_003/lc30k003_3850_gc2000_rp0.02_mr3E-4_ss200.fa	long_content_30k_003	683	29902
long_content_30k_003/lc30k003_3851_gc2500_rp0.01_mr2E-4_ss100.fa	long_content_30k_003	225	29902
long_content_30k_003/lc30k003_3852_gc2500_rp0.03_mr5E-4_ss100.fa	long_content_30k_003	492	29902
long_content_30k_003/lc30k003_3853_gc2500_rp0.02_mr2E-4_ss100.fa	long_content_30k_003	360	29902
long_content_30k_003/lc30k003_3854_gc2500_rp0.02_mr3E-4_ss100.fa	long_content_30k_003	219	28344
long_content_30k_003/lc30k003_3855_gc2000_rp0.03_mr3E-4_ss100.fa	long_content_30k_003	96	29902
long_content_30k_003/lc30k003_3856_gc2500_rp0.02_mr3E-4_ss200.fa	long_content_30k_003	843	29902
long_content_30k_003/lc30k003_3857_gc2500_rp0.03_mr2E-4_ss100.fa	long_content_30k_003	1002	29902
long_content_30k_003/lc30k003_3858_gc2500_rp0.01_mr2E-4_ss200.fa	long_content_30k_003	139	27897
long_content_30k_003/lc30k003_3859_gc2000_rp0.01_mr2E-4_ss100.fa	long_content_30k_003	294	29676
long_content_30k_003/lc30k003_385_gc2000_rp0.01_mr3E-4_ss100.fa	long_content_30k_003	241	25245
long_content_30k_003/lc30k003_3860_gc2000_rp0.02_mr5E-4_ss100.fa	long_content_30k_003	419	29902
long_content_30k_003/lc30k003_3861_gc2000_rp0.03_mr5E-4_ss200.fa	long_content_30k_003	736	29902
long_content_30k_003/lc30k003_3862_gc2500_rp0.02_mr5E-4_ss100.fa	long_content_30k_003	368	29902
long_content_30k_003/lc30k003_3863_gc2500_rp0.01_mr5E-4_ss200.fa	long_content_30k_003	27	29902
long_content_30k_003/lc30k003_3864_gc2000_rp0.01_mr5E-4_ss100.fa	long_content_30k_003	148	25761
long_content_30k_003/lc30k003_3865_gc2000_rp0.01_mr2E-4_ss200.fa	long_content_30k_003	111	29902
long_content_30k_003/lc30k003_3866_gc2500_rp0.03_mr3E-4_ss100.fa	long_content_30k_003	226	29902
long_content_30k_003/lc30k003_3867_gc2000_rp0.03_mr2E-4_ss100.fa	long_content_30k_003	509	29902
long_content_30k_003/lc30k003_3868_gc2500_rp0.01_mr3E-4_ss100.fa	long_content_30k_003	146	29902
long_content_30k_003/lc30k003_3869_gc2000_rp0.03_mr3E-4_ss200.fa	long_content_30k_003	1083	29902
long_content_30k_003/lc30k003_386_gc2000_rp0.01_mr3E-4_ss200.fa	long_content_30k_003	198	29902
long_content_30k_003/lc30k003_3870_gc2000_rp0.01_mr5E-4_ss200.fa	long_content_30k_003	26	29902
long_content_30k_003/lc30k003_3871_gc2000_rp0.02_mr2E-4_ss100.fa	long_content_30k_003	95	29902
long_content_30k_003/lc30k003_3872_gc2000_rp0.03_mr5E-4_ss100.fa	long_content_30k_003	400	29902
long_content_30k_003/lc30k003_3873_gc2500_rp0.01_mr3E-4_ss200.fa	long_content_30k_003	355	29902
long_content_30k_003/lc30k003_3874_gc2500_rp0.02_mr2E-4_ss200.fa	long_content_30k_003	220	29394
long_content_30k_003/lc30k003_3875_gc2500_rp0.01_mr5E-4_ss100.fa	long_content_30k_003	130	29902
long_content_30k_003/lc30k003_3876_gc2500_rp0.03_mr3E-4_ss200.fa	long_content_30k_003	443	29902
long_content_30k_003/lc30k003_3877_gc2000_rp0.01_mr3E-4_ss100.fa	long_content_30k_003	27	29902
long_content_30k_003/lc30k003_3878_gc2000_rp0.01_mr3E-4_ss200.fa	long_content_30k_003	59	29902
long_content_30k_003/lc30k003_3879_gc2000_rp0.02_mr2E-4_ss200.fa	long_content_30k_003	608	29902
long_content_30k_003/lc30k003_387_gc2000_rp0.02_mr2E-4_ss200.fa	long_content_30k_003	1646	29902
long_content_30k_003/lc30k003_3880_gc2500_rp0.02_mr5E-4_ss200.fa	long_content_30k_003	403	29902
long_content_30k_003/lc30k003_3881_gc2500_rp0.03_mr5E-4_ss200.fa	long_content_30k_003	2391	29902
long_content_30k_003/lc30k003_3882_gc2000_rp0.02_mr5E-4_ss200.fa	long_content_30k_003	314	29902
long_content_30k_003/lc30k003_3883_gc2000_rp0.03_mr2E-4_ss200.fa	long_content_30k_003	1508	29902
long_content_30k_003/lc30k003_3884_gc2000_rp0.02_mr3E-4_ss100.fa	long_content_30k_003	510	29902
long_content_30k_003/lc30k003_3885_gc2500_rp0.03_mr2E-4_ss200.fa	long_content_30k_003	334	29902
long_content_30k_003/lc30k003_3886_gc2000_rp0.02_mr3E-4_ss200.fa	long_content_30k_003	882	29902
long_content_30k_003/lc30k003_3887_gc2500_rp0.01_mr2E-4_ss100.fa	long_content_30k_003	115	29902
long_content_30k_003/lc30k003_3888_gc2500_rp0.03_mr5E-4_ss100.fa	long_content_30k_003	611	29902
long_content_30k_003/lc30k003_3889_gc2500_rp0.02_mr2E-4_ss100.fa	long_content_30k_003	141	29902
long_content_30k_003/lc30k003_388_gc2500_rp0.02_mr5E-4_ss200.fa	long_content_30k_003	553	29902
long_content_30k_003/lc30k003_3890_gc2500_rp0.02_mr3E-4_ss100.fa	long_content_30k_003	815	29902
long_content_30k_003/lc30k003_3891_gc2000_rp0.03_mr3E-4_ss100.fa	long_content_30k_003	65	29902
long_content_30k_003/lc30k003_3892_gc2500_rp0.02_mr3E-4_ss200.fa	long_content_30k_003	1329	29902
long_content_30k_003/lc30k003_3893_gc2500_rp0.03_mr2E-4_ss100.fa	long_content_30k_003	432	29902
long_content_30k_003/lc30k003_3894_gc2500_rp0.01_mr2E-4_ss200.fa	long_content_30k_003	216	26448
long_content_30k_003/lc30k003_3895_gc2000_rp0.01_mr2E-4_ss100.fa	long_content_30k_003	187	29902
long_content_30k_003/lc30k003_3896_gc2000_rp0.02_mr5E-4_ss100.fa	long_content_30k_003	594	29902
long_content_30k_003/lc30k003_3897_gc2000_rp0.03_mr5E-4_ss200.fa	long_content_30k_003	715	29902
long_content_30k_003/lc30k003_3898_gc2500_rp0.02_mr5E-4_ss100.fa	long_content_30k_003	646	29902
long_content_30k_003/lc30k003_3899_gc2500_rp0.01_mr5E-4_ss200.fa	long_content_30k_003	90	29902
long_content_30k_003/lc30k003_389_gc2500_rp0.03_mr5E-4_ss200.fa	long_content_30k_003	379	29902
long_content_30k_003/lc30k003_3900_gc2000_rp0.01_mr5E-4_ss100.fa	long_content_30k_003	164	29902
long_content_30k_003/lc30k003_3901_gc2000_rp0.01_mr2E-4_ss200.fa	long_content_30k_003	229	29902
long_content_30k_003/lc30k003_3902_gc2500_rp0.03_mr3E-4_ss100.fa	long_content_30k_003	287	29902
long_content_30k_003/lc30k003_3903_gc2000_rp0.03_mr2E-4_ss100.fa	long_content_30k_003	519	29902
long_content_30k_003/lc30k003_3904_gc2500_rp0.01_mr3E-4_ss100.fa	long_content_30k_003	52	24759
long_content_30k_003/lc30k003_3905_gc2000_rp0.03_mr3E-4_ss200.fa	long_content_30k_003	2942	29902
long_content_30k_003/lc30k003_3906_gc2000_rp0.01_mr5E-4_ss200.fa	long_content_30k_003	251	29902
long_content_30k_003/lc30k003_3907_gc2000_rp0.02_mr2E-4_ss100.fa	long_content_30k_003	250	29902
long_content_30k_003/lc30k003_3908_gc2000_rp0.03_mr5E-4_ss100.fa	long_content_30k_003	72	29902
long_content_30k_003/lc30k003_3909_gc2500_rp0.01_mr3E-4_ss200.fa	long_content_30k_003	329	29902
long_content_30k_003/lc30k003_390_gc2000_rp0.02_mr5E-4_ss200.fa	long_content_30k_003	1415	29902
long_content_30k_003/lc30k003_3910_gc2500_rp0.02_mr2E-4_ss200.fa	long_content_30k_003	619	29902
long_content_30k_003/lc30k003_3911_gc2500_rp0.01_mr5E-4_ss100.fa	long_content_30k_003	24	29902
long_content_30k_003/lc30k003_3912_gc2500_rp0.03_mr3E-4_ss200.fa	long_content_30k_003	572	29902
long_content_30k_003/lc30k003_3913_gc2000_rp0.01_mr3E-4_ss100.fa	long_content_30k_003	138	29902
long_content_30k_003/lc30k003_3914_gc2000_rp0.01_mr3E-4_ss200.fa	long_content_30k_003	365	29902
long_content_30k_003/lc30k003_3915_gc2000_rp0.02_mr2E-4_ss200.fa	long_content_30k_003	661	29902
long_content_30k_003/lc30k003_3916_gc2500_rp0.02_mr5E-4_ss200.fa	long_content_30k_003	493	29902
long_content_30k_003/lc30k003_3917_gc2500_rp0.03_mr5E-4_ss200.fa	long_content_30k_003	840	29902
long_content_30k_003/lc30k003_3918_gc2000_rp0.02_mr5E-4_ss200.fa	long_content_30k_003	457	29902
long_content_30k_003/lc30k003_3919_gc2000_rp0.03_mr2E-4_ss200.fa	long_content_30k_003	676	29902
long_content_30k_003/lc30k003_391_gc2000_rp0.03_mr2E-4_ss200.fa	long_content_30k_003	2093	29902
long_content_30k_003/lc30k003_3920_gc2000_rp0.02_mr3E-4_ss100.fa	long_content_30k_003	585	29902
long_content_30k_003/lc30k003_3921_gc2500_rp0.03_mr2E-4_ss200.fa	long_content_30k_003	253	29902
long_content_30k_003/lc30k003_3922_gc2000_rp0.02_mr3E-4_ss200.fa	long_content_30k_003	1067	29902
long_content_30k_003/lc30k003_3923_gc2500_rp0.01_mr2E-4_ss100.fa	long_content_30k_003	76	29902
long_content_30k_003/lc30k003_3924_gc2500_rp0.03_mr5E-4_ss100.fa	long_content_30k_003	270	29902
long_content_30k_003/lc30k003_3925_gc2500_rp0.02_mr2E-4_ss100.fa	long_content_30k_003	390	29902
long_content_30k_003/lc30k003_3926_gc2500_rp0.02_mr3E-4_ss100.fa	long_content_30k_003	52	29902
long_content_30k_003/lc30k003_3927_gc2000_rp0.03_mr3E-4_ss100.fa	long_content_30k_003	365	29902
long_content_30k_003/lc30k003_3928_gc2500_rp0.02_mr3E-4_ss200.fa	long_content_30k_003	330	29902
long_content_30k_003/lc30k003_3929_gc2500_rp0.03_mr2E-4_ss100.fa	long_content_30k_003	282	29902
long_content_30k_003/lc30k003_392_gc2000_rp0.02_mr3E-4_ss100.fa	long_content_30k_003	111	29902
long_content_30k_003/lc30k003_3930_gc2500_rp0.01_mr2E-4_ss200.fa	long_content_30k_003	123	29902
long_content_30k_003/lc30k003_3931_gc2000_rp0.01_mr2E-4_ss100.fa	long_content_30k_003	33	29902
long_content_30k_003/lc30k003_3932_gc2000_rp0.02_mr5E-4_ss100.fa	long_content_30k_003	252	29902
long_content_30k_003/lc30k003_3933_gc2000_rp0.03_mr5E-4_ss200.fa	long_content_30k_003	1055	29902
long_content_30k_003/lc30k003_3934_gc2500_rp0.02_mr5E-4_ss100.fa	long_content_30k_003	95	29902
long_content_30k_003/lc30k003_3935_gc2500_rp0.01_mr5E-4_ss200.fa	long_content_30k_003	258	29902
long_content_30k_003/lc30k003_3936_gc2000_rp0.01_mr5E-4_ss100.fa	long_content_30k_003	140	29902
long_content_30k_003/lc30k003_3937_gc2000_rp0.01_mr2E-4_ss200.fa	long_content_30k_003	464	29902
long_content_30k_003/lc30k003_3938_gc2500_rp0.03_mr3E-4_ss100.fa	long_content_30k_003	214	29902
long_content_30k_003/lc30k003_3939_gc2000_rp0.03_mr2E-4_ss100.fa	long_content_30k_003	187	29902
long_content_30k_003/lc30k003_393_gc2500_rp0.03_mr2E-4_ss200.fa	long_content_30k_003	1234	29902
long_content_30k_003/lc30k003_3940_gc2500_rp0.01_mr3E-4_ss100.fa	long_content_30k_003	49	29902
long_content_30k_003/lc30k003_3941_gc2000_rp0.03_mr3E-4_ss200.fa	long_content_30k_003	1019	29902
long_content_30k_003/lc30k003_3942_gc2000_rp0.01_mr5E-4_ss200.fa	long_content_30k_003	94	29118
long_content_30k_003/lc30k003_3943_gc2000_rp0.02_mr2E-4_ss100.fa	long_content_30k_003	275	29902
long_content_30k_003/lc30k003_3944_gc2000_rp0.03_mr5E-4_ss100.fa	long_content_30k_003	64	29902
long_content_30k_003/lc30k003_3945_gc2500_rp0.01_mr3E-4_ss200.fa	long_content_30k_003	24	17418
long_content_30k_003/lc30k003_3946_gc2500_rp0.02_mr2E-4_ss200.fa	long_content_30k_003	461	29902
long_content_30k_003/lc30k003_3947_gc2500_rp0.01_mr5E-4_ss100.fa	long_content_30k_003	508	29902
long_content_30k_003/lc30k003_3948_gc2500_rp0.03_mr3E-4_ss200.fa	long_content_30k_003	458	29902
long_content_30k_003/lc30k003_3949_gc2000_rp0.01_mr3E-4_ss100.fa	long_content_30k_003	328	29902
long_content_30k_003/lc30k003_394_gc2000_rp0.02_mr3E-4_ss200.fa	long_content_30k_003	115	29902
long_content_30k_003/lc30k003_3950_gc2000_rp0.01_mr3E-4_ss200.fa	long_content_30k_003	567	29902
long_content_30k_003/lc30k003_3951_gc2000_rp0.02_mr2E-4_ss200.fa	long_content_30k_003	704	29902
long_content_30k_003/lc30k003_3952_gc2500_rp0.02_mr5E-4_ss200.fa	long_content_30k_003	295	29902
long_content_30k_003/lc30k003_3953_gc2500_rp0.03_mr5E-4_ss200.fa	long_content_30k_003	755	29902
long_content_30k_003/lc30k003_3954_gc2000_rp0.02_mr5E-4_ss200.fa	long_content_30k_003	738	29902
long_content_30k_003/lc30k003_3955_gc2000_rp0.03_mr2E-4_ss200.fa	long_content_30k_003	2016	29902
long_content_30k_003/lc30k003_3956_gc2000_rp0.02_mr3E-4_ss100.fa	long_content_30k_003	126	29902
long_content_30k_003/lc30k003_3957_gc2500_rp0.03_mr2E-4_ss200.fa	long_content_30k_003	823	29902
long_content_30k_003/lc30k003_3958_gc2000_rp0.02_mr3E-4_ss200.fa	long_content_30k_003	68	29902
long_content_30k_003/lc30k003_3959_gc2500_rp0.01_mr2E-4_ss100.fa	long_content_30k_003	399	29902
long_content_30k_003/lc30k003_395_gc2500_rp0.01_mr2E-4_ss100.fa	long_content_30k_003	95	29902
long_content_30k_003/lc30k003_3960_gc2500_rp0.03_mr5E-4_ss100.fa	long_content_30k_003	500	29902
long_content_30k_003/lc30k003_3961_gc2500_rp0.02_mr2E-4_ss100.fa	long_content_30k_003	284	29902
long_content_30k_003/lc30k003_3962_gc2500_rp0.02_mr3E-4_ss100.fa	long_content_30k_003	698	29902
long_content_30k_003/lc30k003_3963_gc2000_rp0.03_mr3E-4_ss100.fa	long_content_30k_003	1981	29902
long_content_30k_003/lc30k003_3964_gc2500_rp0.02_mr3E-4_ss200.fa	long_content_30k_003	547	29902
long_content_30k_003/lc30k003_3965_gc2500_rp0.03_mr2E-4_ss100.fa	long_content_30k_003	305	29902
long_content_30k_003/lc30k003_3966_gc2500_rp0.01_mr2E-4_ss200.fa	long_content_30k_003	188	29902
long_content_30k_003/lc30k003_3967_gc2000_rp0.01_mr2E-4_ss100.fa	long_content_30k_003	9	20076
long_content_30k_003/lc30k003_3968_gc2000_rp0.02_mr5E-4_ss100.fa	long_content_30k_003	218	29265
long_content_30k_003/lc30k003_3969_gc2000_rp0.03_mr5E-4_ss200.fa	long_content_30k_003	788	29902
long_content_30k_003/lc30k003_396_gc2500_rp0.03_mr5E-4_ss100.fa	long_content_30k_003	956	29902
long_content_30k_003/lc30k003_3970_gc2500_rp0.02_mr5E-4_ss100.fa	long_content_30k_003	110	29902
long_content_30k_003/lc30k003_3971_gc2500_rp0.01_mr5E-4_ss200.fa	long_content_30k_003	76	29902
long_content_30k_003/lc30k003_3972_gc2000_rp0.01_mr5E-4_ss100.fa	long_content_30k_003	43	29902
long_content_30k_003/lc30k003_3973_gc2000_rp0.01_mr2E-4_ss200.fa	long_content_30k_003	47	26544
long_content_30k_003/lc30k003_3974_gc2500_rp0.03_mr3E-4_ss100.fa	long_content_30k_003	81	29902
long_content_30k_003/lc30k003_3975_gc2000_rp0.03_mr2E-4_ss100.fa	long_content_30k_003	266	29902
long_content_30k_003/lc30k003_3976_gc2500_rp0.01_mr3E-4_ss100.fa	long_content_30k_003	53	29902
long_content_30k_003/lc30k003_3977_gc2000_rp0.03_mr3E-4_ss200.fa	long_content_30k_003	186	29902
long_content_30k_003/lc30k003_3978_gc2000_rp0.01_mr5E-4_ss200.fa	long_content_30k_003	29	29902
long_content_30k_003/lc30k003_3979_gc2000_rp0.02_mr2E-4_ss100.fa	long_content_30k_003	199	29902
long_content_30k_003/lc30k003_397_gc2500_rp0.02_mr2E-4_ss100.fa	long_content_30k_003	478	29902
long_content_30k_003/lc30k003_3980_gc2000_rp0.03_mr5E-4_ss100.fa	long_content_30k_003	506	29902
long_content_30k_003/lc30k003_3981_gc2500_rp0.01_mr3E-4_ss200.fa	long_content_30k_003	21	27273
long_content_30k_003/lc30k003_3982_gc2500_rp0.02_mr2E-4_ss200.fa	long_content_30k_003	253	29902
long_content_30k_003/lc30k003_3983_gc2500_rp0.01_mr5E-4_ss100.fa	long_content_30k_003	1	3819
long_content_30k_003/lc30k003_3984_gc2500_rp0.03_mr3E-4_ss200.fa	long_content_30k_003	594	29902
long_content_30k_003/lc30k003_3985_gc2000_rp0.01_mr3E-4_ss100.fa	long_content_30k_003	6	29902
long_content_30k_003/lc30k003_3986_gc2000_rp0.01_mr3E-4_ss200.fa	long_content_30k_003	205	29902
long_content_30k_003/lc30k003_3987_gc2000_rp0.02_mr2E-4_ss200.fa	long_content_30k_003	393	29902
long_content_30k_003/lc30k003_3988_gc2500_rp0.02_mr5E-4_ss200.fa	long_content_30k_003	680	29902
long_content_30k_003/lc30k003_3989_gc2500_rp0.03_mr5E-4_ss200.fa	long_content_30k_003	771	29902
long_content_30k_003/lc30k003_398_gc2500_rp0.02_mr3E-4_ss100.fa	long_content_30k_003	117	29902
long_content_30k_003/lc30k003_3990_gc2000_rp0.02_mr5E-4_ss200.fa	long_content_30k_003	1213	29902
long_content_30k_003/lc30k003_3991_gc2000_rp0.03_mr2E-4_ss200.fa	long_content_30k_003	282	29902
long_content_30k_003/lc30k003_3992_gc2000_rp0.02_mr3E-4_ss100.fa	long_content_30k_003	174	29902
long_content_30k_003/lc30k003_3993_gc2500_rp0.03_mr2E-4_ss200.fa	long_content_30k_003	261	23430
long_content_30k_003/lc30k003_3994_gc2000_rp0.02_mr3E-4_ss200.fa	long_content_30k_003	1638	29902
long_content_30k_003/lc30k003_3995_gc2500_rp0.01_mr2E-4_ss100.fa	long_content_30k_003	85	29902
long_content_30k_003/lc30k003_3996_gc2500_rp0.03_mr5E-4_ss100.fa	long_content_30k_003	446	29902
long_content_30k_003/lc30k003_3997_gc2500_rp0.02_mr2E-4_ss100.fa	long_content_30k_003	81	29902
long_content_30k_003/lc30k003_3998_gc2500_rp0.02_mr3E-4_ss100.fa	long_content_30k_003	716	29902
long_content_30k_003/lc30k003_3999_gc2000_rp0.03_mr3E-4_ss100.fa	long_content_30k_003	1338	29902
long_content_30k_003/lc30k003_399_gc2000_rp0.03_mr3E-4_ss100.fa	long_content_30k_003	372	29902
long_content_30k_003/lc30k003_4000_gc2500_rp0.02_mr3E-4_ss200.fa	long_content_30k_003	476	29902
long_content_30k_003/lc30k003_400_gc2500_rp0.02_mr3E-4_ss200.fa	long_content_30k_003	1180	29902
long_content_30k_003/lc30k003_401_gc2500_rp0.03_mr2E-4_ss100.fa	long_content_30k_003	532	29902
long_content_30k_003/lc30k003_402_gc2500_rp0.01_mr2E-4_ss200.fa	long_content_30k_003	847	29902
long_content_30k_003/lc30k003_403_gc2000_rp0.01_mr2E-4_ss100.fa	long_content_30k_003	309	29902
long_content_30k_003/lc30k003_404_gc2000_rp0.02_mr5E-4_ss100.fa	long_content_30k_003	590	29902
long_content_30k_003/lc30k003_405_gc2000_rp0.03_mr5E-4_ss200.fa	long_content_30k_003	440	29902
long_content_30k_003/lc30k003_406_gc2500_rp0.02_mr5E-4_ss100.fa	long_content_30k_003	73	29902
long_content_30k_003/lc30k003_407_gc2500_rp0.01_mr5E-4_ss200.fa	long_content_30k_003	9	23961
long_content_30k_003/lc30k003_408_gc2000_rp0.01_mr5E-4_ss100.fa	long_content_30k_003	138	29388
long_content_30k_003/lc30k003_409_gc2000_rp0.01_mr2E-4_ss200.fa	long_content_30k_003	315	29902
long_content_30k_003/lc30k003_410_gc2500_rp0.03_mr3E-4_ss100.fa	long_content_30k_003	105	29902
long_content_30k_003/lc30k003_411_gc2000_rp0.03_mr2E-4_ss100.fa	long_content_30k_003	636	29902
long_content_30k_003/lc30k003_412_gc2500_rp0.01_mr3E-4_ss100.fa	long_content_30k_003	88	29902
long_content_30k_003/lc30k003_413_gc2000_rp0.03_mr3E-4_ss200.fa	long_content_30k_003	107	29902
long_content_30k_003/lc30k003_414_gc2000_rp0.01_mr5E-4_ss200.fa	long_content_30k_003	424	29902
long_content_30k_003/lc30k003_415_gc2000_rp0.02_mr2E-4_ss100.fa	long_content_30k_003	235	29902
long_content_30k_003/lc30k003_416_gc2000_rp0.03_mr5E-4_ss100.fa	long_content_30k_003	139	29902
long_content_30k_003/lc30k003_417_gc2500_rp0.01_mr3E-4_ss200.fa	long_content_30k_003	88	27876
long_content_30k_003/lc30k003_418_gc2500_rp0.02_mr2E-4_ss200.fa	long_content_30k_003	773	29902
long_content_30k_003/lc30k003_419_gc2500_rp0.01_mr5E-4_ss100.fa	long_content_30k_003	117	28491
long_content_30k_003/lc30k003_420_gc2500_rp0.03_mr3E-4_ss200.fa	long_content_30k_003	543	29902
long_content_30k_003/lc30k003_421_gc2000_rp0.01_mr3E-4_ss100.fa	long_content_30k_003	66	29902
long_content_30k_003/lc30k003_422_gc2000_rp0.01_mr3E-4_ss200.fa	long_content_30k_003	1667	29902
long_content_30k_003/lc30k003_423_gc2000_rp0.02_mr2E-4_ss200.fa	long_content_30k_003	147	29902
long_content_30k_003/lc30k003_424_gc2500_rp0.02_mr5E-4_ss200.fa	long_content_30k_003	107	29902
long_content_30k_003/lc30k003_425_gc2500_rp0.03_mr5E-4_ss200.fa	long_content_30k_003	504	29902
long_content_30k_003/lc30k003_426_gc2000_rp0.02_mr5E-4_ss200.fa	long_content_30k_003	676	29902
long_content_30k_003/lc30k003_427_gc2000_rp0.03_mr2E-4_ss200.fa	long_content_30k_003	1307	29902
long_content_30k_003/lc30k003_428_gc2000_rp0.02_mr3E-4_ss100.fa	long_content_30k_003	216	29902
long_content_30k_003/lc30k003_429_gc2500_rp0.03_mr2E-4_ss200.fa	long_content_30k_003	2019	29902
long_content_30k_003/lc30k003_430_gc2000_rp0.02_mr3E-4_ss200.fa	long_content_30k_003	488	29902
long_content_30k_003/lc30k003_431_gc2500_rp0.01_mr2E-4_ss100.fa	long_content_30k_003	28	28389
long_content_30k_003/lc30k003_432_gc2500_rp0.03_mr5E-4_ss100.fa	long_content_30k_003	408	29902
long_content_30k_003/lc30k003_433_gc2500_rp0.02_mr2E-4_ss100.fa	long_content_30k_003	14	29902
long_content_30k_003/lc30k003_434_gc2500_rp0.02_mr3E-4_ss100.fa	long_content_30k_003	142	29902
long_content_30k_003/lc30k003_435_gc2000_rp0.03_mr3E-4_ss100.fa	long_content_30k_003	244	29902
long_content_30k_003/lc30k003_436_gc2500_rp0.02_mr3E-4_ss200.fa	long_content_30k_003	438	29902
long_content_30k_003/lc30k003_437_gc2500_rp0.03_mr2E-4_ss100.fa	long_content_30k_003	66	29902
long_content_30k_003/lc30k003_438_gc2500_rp0.01_mr2E-4_ss200.fa	long_content_30k_003	298	29902
long_content_30k_003/lc30k003_439_gc2000_rp0.01_mr2E-4_ss100.fa	long_content_30k_003	39	17394
long_content_30k_003/lc30k003_440_gc2000_rp0.02_mr5E-4_ss100.fa	long_content_30k_003	193	29902
long_content_30k_003/lc30k003_441_gc2000_rp0.03_mr5E-4_ss200.fa	long_content_30k_003	722	29902
long_content_30k_003/lc30k003_442_gc2500_rp0.02_mr5E-4_ss100.fa	long_content_30k_003	184	29902
long_content_30k_003/lc30k003_443_gc2500_rp0.01_mr5E-4_ss200.fa	long_content_30k_003	141	29902
long_content_30k_003/lc30k003_444_gc2000_rp0.01_mr5E-4_ss100.fa	long_content_30k_003	160	29902
long_content_30k_003/lc30k003_445_gc2000_rp0.01_mr2E-4_ss200.fa	long_content_30k_003	259	29902
long_content_30k_003/lc30k003_446_gc2500_rp0.03_mr3E-4_ss100.fa	long_content_30k_003	390	29902
long_content_30k_003/lc30k003_447_gc2000_rp0.03_mr2E-4_ss100.fa	long_content_30k_003	210	29902
long_content_30k_003/lc30k003_448_gc2500_rp0.01_mr3E-4_ss100.fa	long_content_30k_003	108	28545
long_content_30k_003/lc30k003_449_gc2000_rp0.03_mr3E-4_ss200.fa	long_content_30k_003	1081	29902
long_content_30k_003/lc30k003_450_gc2000_rp0.01_mr5E-4_ss200.fa	long_content_30k_003	287	29902
long_content_30k_003/lc30k003_451_gc2000_rp0.02_mr2E-4_ss100.fa	long_content_30k_003	150	28185
long_content_30k_003/lc30k003_452_gc2000_rp0.03_mr5E-4_ss100.fa	long_content_30k_003	212	29902
long_content_30k_003/lc30k003_453_gc2500_rp0.01_mr3E-4_ss200.fa	long_content_30k_003	84	29902
long_content_30k_003/lc30k003_454_gc2500_rp0.02_mr2E-4_ss200.fa	long_content_30k_003	908	29902
long_content_30k_003/lc30k003_455_gc2500_rp0.01_mr5E-4_ss100.fa	long_content_30k_003	50	29902
long_content_30k_003/lc30k003_456_gc2500_rp0.03_mr3E-4_ss200.fa	long_content_30k_003	627	29902
long_content_30k_003/lc30k003_457_gc2000_rp0.01_mr3E-4_ss100.fa	long_content_30k_003	86	29902
long_content_30k_003/lc30k003_458_gc2000_rp0.01_mr3E-4_ss200.fa	long_content_30k_003	6	24339
long_content_30k_003/lc30k003_459_gc2000_rp0.02_mr2E-4_ss200.fa	long_content_30k_003	384	29902
long_content_30k_003/lc30k003_460_gc2500_rp0.02_mr5E-4_ss200.fa	long_content_30k_003	238	29902
long_content_30k_003/lc30k003_461_gc2500_rp0.03_mr5E-4_ss200.fa	long_content_30k_003	284	29902
long_content_30k_003/lc30k003_462_gc2000_rp0.02_mr5E-4_ss200.fa	long_content_30k_003	367	29902
long_content_30k_003/lc30k003_463_gc2000_rp0.03_mr2E-4_ss200.fa	long_content_30k_003	1262	29902
long_content_30k_003/lc30k003_464_gc2000_rp0.02_mr3E-4_ss100.fa	long_content_30k_003	271	29902
long_content_30k_003/lc30k003_465_gc2500_rp0.03_mr2E-4_ss200.fa	long_content_30k_003	1018	29902
long_content_30k_003/lc30k003_466_gc2000_rp0.02_mr3E-4_ss200.fa	long_content_30k_003	446	29902
long_content_30k_003/lc30k003_467_gc2500_rp0.01_mr2E-4_ss100.fa	long_content_30k_003	51	29902
long_content_30k_003/lc30k003_468_gc2500_rp0.03_mr5E-4_ss100.fa	long_content_30k_003	362	29902
long_content_30k_003/lc30k003_469_gc2500_rp0.02_mr2E-4_ss100.fa	long_content_30k_003	768	29902
long_content_30k_003/lc30k003_470_gc2500_rp0.02_mr3E-4_ss100.fa	long_content_30k_003	463	29902
long_content_30k_003/lc30k003_471_gc2000_rp0.03_mr3E-4_ss100.fa	long_content_30k_003	565	29902
long_content_30k_003/lc30k003_472_gc2500_rp0.02_mr3E-4_ss200.fa	long_content_30k_003	1984	29902
long_content_30k_003/lc30k003_473_gc2500_rp0.03_mr2E-4_ss100.fa	long_content_30k_003	89	29902
long_content_30k_003/lc30k003_474_gc2500_rp0.01_mr2E-4_ss200.fa	long_content_30k_003	112	29902
long_content_30k_003/lc30k003_475_gc2000_rp0.01_mr2E-4_ss100.fa	long_content_30k_003	179	20232
long_content_30k_003/lc30k003_476_gc2000_rp0.02_mr5E-4_ss100.fa	long_content_30k_003	32	29902
long_content_30k_003/lc30k003_477_gc2000_rp0.03_mr5E-4_ss200.fa	long_content_30k_003	1033	29902
long_content_30k_003/lc30k003_478_gc2500_rp0.02_mr5E-4_ss100.fa	long_content_30k_003	312	29902
long_content_30k_003/lc30k003_479_gc2500_rp0.01_mr5E-4_ss200.fa	long_content_30k_003	22	29902
long_content_30k_003/lc30k003_480_gc2000_rp0.01_mr5E-4_ss100.fa	long_content_30k_003	13	29902
long_content_30k_003/lc30k003_481_gc2000_rp0.01_mr2E-4_ss200.fa	long_content_30k_003	231	29902
long_content_30k_003/lc30k003_482_gc2500_rp0.03_mr3E-4_ss100.fa	long_content_30k_003	669	29902
long_content_30k_003/lc30k003_483_gc2000_rp0.03_mr2E-4_ss100.fa	long_content_30k_003	510	29902
long_content_30k_003/lc30k003_484_gc2500_rp0.01_mr3E-4_ss100.fa	long_content_30k_003	7	29902
long_content_30k_003/lc30k003_485_gc2000_rp0.03_mr3E-4_ss200.fa	long_content_30k_003	682	29902
long_content_30k_003/lc30k003_487_gc2000_rp0.02_mr2E-4_ss100.fa	long_content_30k_003	537	29902
long_content_30k_003/lc30k003_488_gc2000_rp0.03_mr5E-4_ss100.fa	long_content_30k_003	681	29902
long_content_30k_003/lc30k003_489_gc2500_rp0.01_mr3E-4_ss200.fa	long_content_30k_003	145	29902
long_content_30k_003/lc30k003_490_gc2500_rp0.02_mr2E-4_ss200.fa	long_content_30k_003	181	29902
long_content_30k_003/lc30k003_491_gc2500_rp0.01_mr5E-4_ss100.fa	long_content_30k_003	232	29811
long_content_30k_003/lc30k003_492_gc2500_rp0.03_mr3E-4_ss200.fa	long_content_30k_003	995	29902
long_content_30k_003/lc30k003_493_gc2000_rp0.01_mr3E-4_ss100.fa	long_content_30k_003	566	29902
long_content_30k_003/lc30k003_494_gc2000_rp0.01_mr3E-4_ss200.fa	long_content_30k_003	295	29902
long_content_30k_003/lc30k003_495_gc2000_rp0.02_mr2E-4_ss200.fa	long_content_30k_003	121	29902
long_content_30k_003/lc30k003_496_gc2500_rp0.02_mr5E-4_ss200.fa	long_content_30k_003	402	29902
long_content_30k_003/lc30k003_497_gc2500_rp0.03_mr5E-4_ss200.fa	long_content_30k_003	1683	29902
long_content_30k_003/lc30k003_498_gc2000_rp0.02_mr5E-4_ss200.fa	long_content_30k_003	52	29902
long_content_30k_003/lc30k003_499_gc2000_rp0.03_mr2E-4_ss200.fa	long_content_30k_003	2794	29902
long_content_30k_003/lc30k003_500_gc2000_rp0.02_mr3E-4_ss100.fa	long_content_30k_003	145	29902
long_content_30k_003/lc30k003_501_gc2500_rp0.03_mr2E-4_ss200.fa	long_content_30k_003	2103	29902
long_content_30k_003/lc30k003_502_gc2000_rp0.02_mr3E-4_ss200.fa	long_content_30k_003	108	29902
long_content_30k_003/lc30k003_503_gc2500_rp0.01_mr2E-4_ss100.fa	long_content_30k_003	1	45
long_content_30k_003/lc30k003_504_gc2500_rp0.03_mr5E-4_ss100.fa	long_content_30k_003	277	29902
long_content_30k_003/lc30k003_505_gc2500_rp0.02_mr2E-4_ss100.fa	long_content_30k_003	359	29902
long_content_30k_003/lc30k003_506_gc2500_rp0.02_mr3E-4_ss100.fa	long_content_30k_003	80	29902
long_content_30k_003/lc30k003_507_gc2000_rp0.03_mr3E-4_ss100.fa	long_content_30k_003	272	29902
long_content_30k_003/lc30k003_508_gc2500_rp0.02_mr3E-4_ss200.fa	long_content_30k_003	409	29902
long_content_30k_003/lc30k003_509_gc2500_rp0.03_mr2E-4_ss100.fa	long_content_30k_003	1103	29902
long_content_30k_003/lc30k003_510_gc2500_rp0.01_mr2E-4_ss200.fa	long_content_30k_003	614	29902
long_content_30k_003/lc30k003_511_gc2000_rp0.01_mr2E-4_ss100.fa	long_content_30k_003	111	29902
long_content_30k_003/lc30k003_512_gc2000_rp0.02_mr5E-4_ss100.fa	long_content_30k_003	639	29902
long_content_30k_003/lc30k003_513_gc2000_rp0.03_mr5E-4_ss200.fa	long_content_30k_003	549	29902
long_content_30k_003/lc30k003_514_gc2500_rp0.02_mr5E-4_ss100.fa	long_content_30k_003	243	29902
long_content_30k_003/lc30k003_515_gc2500_rp0.01_mr5E-4_ss200.fa	long_content_30k_003	251	29902
long_content_30k_003/lc30k003_516_gc2000_rp0.01_mr5E-4_ss100.fa	long_content_30k_003	137	25338
long_content_30k_003/lc30k003_517_gc2000_rp0.01_mr2E-4_ss200.fa	long_content_30k_003	6	29902
long_content_30k_003/lc30k003_518_gc2500_rp0.03_mr3E-4_ss100.fa	long_content_30k_003	1256	29902
long_content_30k_003/lc30k003_519_gc2000_rp0.03_mr2E-4_ss100.fa	long_content_30k_003	533	29902
long_content_30k_003/lc30k003_520_gc2500_rp0.01_mr3E-4_ss100.fa	long_content_30k_003	41	27801
long_content_30k_003/lc30k003_521_gc2000_rp0.03_mr3E-4_ss200.fa	long_content_30k_003	430	29902
long_content_30k_003/lc30k003_522_gc2000_rp0.01_mr5E-4_ss200.fa	long_content_30k_003	257	19605
long_content_30k_003/lc30k003_523_gc2000_rp0.02_mr2E-4_ss100.fa	long_content_30k_003	219	29902
long_content_30k_003/lc30k003_524_gc2000_rp0.03_mr5E-4_ss100.fa	long_content_30k_003	518	29902
long_content_30k_003/lc30k003_525_gc2500_rp0.01_mr3E-4_ss200.fa	long_content_30k_003	118	21594
long_content_30k_003/lc30k003_526_gc2500_rp0.02_mr2E-4_ss200.fa	long_content_30k_003	320	29902
long_content_30k_003/lc30k003_527_gc2500_rp0.01_mr5E-4_ss100.fa	long_content_30k_003	38	29902
long_content_30k_003/lc30k003_528_gc2500_rp0.03_mr3E-4_ss200.fa	long_content_30k_003	830	29902
long_content_30k_003/lc30k003_529_gc2000_rp0.01_mr3E-4_ss100.fa	long_content_30k_003	90	29511
long_content_30k_003/lc30k003_530_gc2000_rp0.01_mr3E-4_ss200.fa	long_content_30k_003	226	28776
long_content_30k_003/lc30k003_531_gc2000_rp0.02_mr2E-4_ss200.fa	long_content_30k_003	1900	29902
long_content_30k_003/lc30k003_532_gc2500_rp0.02_mr5E-4_ss200.fa	long_content_30k_003	473	29902
long_content_30k_003/lc30k003_533_gc2500_rp0.03_mr5E-4_ss200.fa	long_content_30k_003	762	29902
long_content_30k_003/lc30k003_534_gc2000_rp0.02_mr5E-4_ss200.fa	long_content_30k_003	2512	29902
long_content_30k_003/lc30k003_535_gc2000_rp0.03_mr2E-4_ss200.fa	long_content_30k_003	449	29902
long_content_30k_003/lc30k003_536_gc2000_rp0.02_mr3E-4_ss100.fa	long_content_30k_003	95	29373
long_content_30k_003/lc30k003_537_gc2500_rp0.03_mr2E-4_ss200.fa	long_content_30k_003	936	29902
long_content_30k_003/lc30k003_538_gc2000_rp0.02_mr3E-4_ss200.fa	long_content_30k_003	3158	29902
long_content_30k_003/lc30k003_539_gc2500_rp0.01_mr2E-4_ss100.fa	long_content_30k_003	80	29902
long_content_30k_003/lc30k003_540_gc2500_rp0.03_mr5E-4_ss100.fa	long_content_30k_003	1698	29902
long_content_30k_003/lc30k003_541_gc2500_rp0.02_mr2E-4_ss100.fa	long_content_30k_003	304	29902
long_content_30k_003/lc30k003_542_gc2500_rp0.02_mr3E-4_ss100.fa	long_content_30k_003	282	29902
long_content_30k_003/lc30k003_543_gc2000_rp0.03_mr3E-4_ss100.fa	long_content_30k_003	431	29902
long_content_30k_003/lc30k003_544_gc2500_rp0.02_mr3E-4_ss200.fa	long_content_30k_003	435	29902
long_content_30k_003/lc30k003_545_gc2500_rp0.03_mr2E-4_ss100.fa	long_content_30k_003	438	29902
long_content_30k_003/lc30k003_546_gc2500_rp0.01_mr2E-4_ss200.fa	long_content_30k_003	183	29902
long_content_30k_003/lc30k003_547_gc2000_rp0.01_mr2E-4_ss100.fa	long_content_30k_003	78	29902
long_content_30k_003/lc30k003_548_gc2000_rp0.02_mr5E-4_ss100.fa	long_content_30k_003	67	26328
long_content_30k_003/lc30k003_549_gc2000_rp0.03_mr5E-4_ss200.fa	long_content_30k_003	621	29902
long_content_30k_003/lc30k003_550_gc2500_rp0.02_mr5E-4_ss100.fa	long_content_30k_003	30	22713
long_content_30k_003/lc30k003_551_gc2500_rp0.01_mr5E-4_ss200.fa	long_content_30k_003	306	29902
long_content_30k_003/lc30k003_552_gc2000_rp0.01_mr5E-4_ss100.fa	long_content_30k_003	299	29902
long_content_30k_003/lc30k003_553_gc2000_rp0.01_mr2E-4_ss200.fa	long_content_30k_003	227	22185
long_content_30k_003/lc30k003_554_gc2500_rp0.03_mr3E-4_ss100.fa	long_content_30k_003	645	29902
long_content_30k_003/lc30k003_555_gc2000_rp0.03_mr2E-4_ss100.fa	long_content_30k_003	51	29902
long_content_30k_003/lc30k003_556_gc2500_rp0.01_mr3E-4_ss100.fa	long_content_30k_003	121	29902
long_content_30k_003/lc30k003_557_gc2000_rp0.03_mr3E-4_ss200.fa	long_content_30k_003	1635	29902
long_content_30k_003/lc30k003_558_gc2000_rp0.01_mr5E-4_ss200.fa	long_content_30k_003	730	29902
long_content_30k_003/lc30k003_559_gc2000_rp0.02_mr2E-4_ss100.fa	long_content_30k_003	204	29902
long_content_30k_003/lc30k003_560_gc2000_rp0.03_mr5E-4_ss100.fa	long_content_30k_003	879	29902
long_content_30k_003/lc30k003_561_gc2500_rp0.01_mr3E-4_ss200.fa	long_content_30k_003	361	29902
long_content_30k_003/lc30k003_562_gc2500_rp0.02_mr2E-4_ss200.fa	long_content_30k_003	493	29412
long_content_30k_003/lc30k003_563_gc2500_rp0.01_mr5E-4_ss100.fa	long_content_30k_003	12	29902
long_content_30k_003/lc30k003_564_gc2500_rp0.03_mr3E-4_ss200.fa	long_content_30k_003	1712	29902
long_content_30k_003/lc30k003_565_gc2000_rp0.01_mr3E-4_ss100.fa	long_content_30k_003	185	29902
long_content_30k_003/lc30k003_566_gc2000_rp0.01_mr3E-4_ss200.fa	long_content_30k_003	113	29118
long_content_30k_003/lc30k003_567_gc2000_rp0.02_mr2E-4_ss200.fa	long_content_30k_003	361	29902
long_content_30k_003/lc30k003_568_gc2500_rp0.02_mr5E-4_ss200.fa	long_content_30k_003	1752	29902
long_content_30k_003/lc30k003_569_gc2500_rp0.03_mr5E-4_ss200.fa	long_content_30k_003	279	29902
long_content_30k_003/lc30k003_570_gc2000_rp0.02_mr5E-4_ss200.fa	long_content_30k_003	387	29902
long_content_30k_003/lc30k003_571_gc2000_rp0.03_mr2E-4_ss200.fa	long_content_30k_003	2201	29902
long_content_30k_003/lc30k003_572_gc2000_rp0.02_mr3E-4_ss100.fa	long_content_30k_003	131	29902
long_content_30k_003/lc30k003_573_gc2500_rp0.03_mr2E-4_ss200.fa	long_content_30k_003	263	29902
long_content_30k_003/lc30k003_574_gc2000_rp0.02_mr3E-4_ss200.fa	long_content_30k_003	42	29902
long_content_30k_003/lc30k003_575_gc2500_rp0.01_mr2E-4_ss100.fa	long_content_30k_003	76	29902
long_content_30k_003/lc30k003_576_gc2500_rp0.03_mr5E-4_ss100.fa	long_content_30k_003	321	29902
long_content_30k_003/lc30k003_577_gc2500_rp0.02_mr2E-4_ss100.fa	long_content_30k_003	8	28383
long_content_30k_003/lc30k003_578_gc2500_rp0.02_mr3E-4_ss100.fa	long_content_30k_003	315	29902
long_content_30k_003/lc30k003_579_gc2000_rp0.03_mr3E-4_ss100.fa	long_content_30k_003	668	29902
long_content_30k_003/lc30k003_580_gc2500_rp0.02_mr3E-4_ss200.fa	long_content_30k_003	179	29902
long_content_30k_003/lc30k003_581_gc2500_rp0.03_mr2E-4_ss100.fa	long_content_30k_003	94	29902
long_content_30k_003/lc30k003_582_gc2500_rp0.01_mr2E-4_ss200.fa	long_content_30k_003	370	29902
long_content_30k_003/lc30k003_583_gc2000_rp0.01_mr2E-4_ss100.fa	long_content_30k_003	495	29902
long_content_30k_003/lc30k003_584_gc2000_rp0.02_mr5E-4_ss100.fa	long_content_30k_003	108	29902
long_content_30k_003/lc30k003_585_gc2000_rp0.03_mr5E-4_ss200.fa	long_content_30k_003	155	29902
long_content_30k_003/lc30k003_586_gc2500_rp0.02_mr5E-4_ss100.fa	long_content_30k_003	660	29902
long_content_30k_003/lc30k003_587_gc2500_rp0.01_mr5E-4_ss200.fa	long_content_30k_003	582	29902
long_content_30k_003/lc30k003_588_gc2000_rp0.01_mr5E-4_ss100.fa	long_content_30k_003	207	29193
long_content_30k_003/lc30k003_589_gc2000_rp0.01_mr2E-4_ss200.fa	long_content_30k_003	629	29902
long_content_30k_003/lc30k003_590_gc2500_rp0.03_mr3E-4_ss100.fa	long_content_30k_003	467	29902
long_content_30k_003/lc30k003_591_gc2000_rp0.03_mr2E-4_ss100.fa	long_content_30k_003	260	29902
long_content_30k_003/lc30k003_592_gc2500_rp0.01_mr3E-4_ss100.fa	long_content_30k_003	93	29902
long_content_30k_003/lc30k003_593_gc2000_rp0.03_mr3E-4_ss200.fa	long_content_30k_003	1125	29902
long_content_30k_003/lc30k003_594_gc2000_rp0.01_mr5E-4_ss200.fa	long_content_30k_003	325	29902
long_content_30k_003/lc30k003_595_gc2000_rp0.02_mr2E-4_ss100.fa	long_content_30k_003	97	29902
long_content_30k_003/lc30k003_596_gc2000_rp0.03_mr5E-4_ss100.fa	long_content_30k_003	731	29902
long_content_30k_003/lc30k003_597_gc2500_rp0.01_mr3E-4_ss200.fa	long_content_30k_003	287	29902
long_content_30k_003/lc30k003_598_gc2500_rp0.02_mr2E-4_ss200.fa	long_content_30k_003	511	29902
long_content_30k_003/lc30k003_599_gc2500_rp0.01_mr5E-4_ss100.fa	long_content_30k_003	36	11028
long_content_30k_003/lc30k003_600_gc2500_rp0.03_mr3E-4_ss200.fa	long_content_30k_003	451	29902
long_content_30k_003/lc30k003_601_gc2000_rp0.01_mr3E-4_ss100.fa	long_content_30k_003	259	29902
long_content_30k_003/lc30k003_602_gc2000_rp0.01_mr3E-4_ss200.fa	long_content_30k_003	184	19749
long_content_30k_003/lc30k003_603_gc2000_rp0.02_mr2E-4_ss200.fa	long_content_30k_003	45	29902
long_content_30k_003/lc30k003_604_gc2500_rp0.02_mr5E-4_ss200.fa	long_content_30k_003	1325	29902
long_content_30k_003/lc30k003_605_gc2500_rp0.03_mr5E-4_ss200.fa	long_content_30k_003	709	29902
long_content_30k_003/lc30k003_606_gc2000_rp0.02_mr5E-4_ss200.fa	long_content_30k_003	172	29902
long_content_30k_003/lc30k003_607_gc2000_rp0.03_mr2E-4_ss200.fa	long_content_30k_003	608	29902
long_content_30k_003/lc30k003_608_gc2000_rp0.02_mr3E-4_ss100.fa	long_content_30k_003	148	29902
long_content_30k_003/lc30k003_609_gc2500_rp0.03_mr2E-4_ss200.fa	long_content_30k_003	666	29902
long_content_30k_003/lc30k003_611_gc2500_rp0.01_mr2E-4_ss100.fa	long_content_30k_003	194	29902
long_content_30k_003/lc30k003_612_gc2500_rp0.03_mr5E-4_ss100.fa	long_content_30k_003	765	29902
long_content_30k_003/lc30k003_613_gc2500_rp0.02_mr2E-4_ss100.fa	long_content_30k_003	184	29902
long_content_30k_003/lc30k003_614_gc2500_rp0.02_mr3E-4_ss100.fa	long_content_30k_003	190	29902
long_content_30k_003/lc30k003_615_gc2000_rp0.03_mr3E-4_ss100.fa	long_content_30k_003	436	29902
long_content_30k_003/lc30k003_616_gc2500_rp0.02_mr3E-4_ss200.fa	long_content_30k_003	893	29902
long_content_30k_003/lc30k003_617_gc2500_rp0.03_mr2E-4_ss100.fa	long_content_30k_003	526	29902
long_content_30k_003/lc30k003_618_gc2500_rp0.01_mr2E-4_ss200.fa	long_content_30k_003	426	29902
long_content_30k_003/lc30k003_619_gc2000_rp0.01_mr2E-4_ss100.fa	long_content_30k_003	45	29902
long_content_30k_003/lc30k003_620_gc2000_rp0.02_mr5E-4_ss100.fa	long_content_30k_003	402	29902
long_content_30k_003/lc30k003_621_gc2000_rp0.03_mr5E-4_ss200.fa	long_content_30k_003	725	29902
long_content_30k_003/lc30k003_622_gc2500_rp0.02_mr5E-4_ss100.fa	long_content_30k_003	15	29902
long_content_30k_003/lc30k003_623_gc2500_rp0.01_mr5E-4_ss200.fa	long_content_30k_003	348	29902
long_content_30k_003/lc30k003_624_gc2000_rp0.01_mr5E-4_ss100.fa	long_content_30k_003	148	17256
long_content_30k_003/lc30k003_625_gc2000_rp0.01_mr2E-4_ss200.fa	long_content_30k_003	752	29902
long_content_30k_003/lc30k003_626_gc2500_rp0.03_mr3E-4_ss100.fa	long_content_30k_003	745	29902
long_content_30k_003/lc30k003_627_gc2000_rp0.03_mr2E-4_ss100.fa	long_content_30k_003	688	29902
long_content_30k_003/lc30k003_628_gc2500_rp0.01_mr3E-4_ss100.fa	long_content_30k_003	19	29902
long_content_30k_003/lc30k003_629_gc2000_rp0.03_mr3E-4_ss200.fa	long_content_30k_003	74	29902
long_content_30k_003/lc30k003_630_gc2000_rp0.01_mr5E-4_ss200.fa	long_content_30k_003	89	29902
long_content_30k_003/lc30k003_631_gc2000_rp0.02_mr2E-4_ss100.fa	long_content_30k_003	125	28011
long_content_30k_003/lc30k003_632_gc2000_rp0.03_mr5E-4_ss100.fa	long_content_30k_003	176	29902
long_content_30k_003/lc30k003_633_gc2500_rp0.01_mr3E-4_ss200.fa	long_content_30k_003	25	29902
long_content_30k_003/lc30k003_634_gc2500_rp0.02_mr2E-4_ss200.fa	long_content_30k_003	9	29902
long_content_30k_003/lc30k003_635_gc2500_rp0.01_mr5E-4_ss100.fa	long_content_30k_003	199	29902
long_content_30k_003/lc30k003_636_gc2500_rp0.03_mr3E-4_ss200.fa	long_content_30k_003	2784	29902
long_content_30k_003/lc30k003_637_gc2000_rp0.01_mr3E-4_ss100.fa	long_content_30k_003	15	24054
long_content_30k_003/lc30k003_638_gc2000_rp0.01_mr3E-4_ss200.fa	long_content_30k_003	23	19119
long_content_30k_003/lc30k003_639_gc2000_rp0.02_mr2E-4_ss200.fa	long_content_30k_003	512	29902
long_content_30k_003/lc30k003_640_gc2500_rp0.02_mr5E-4_ss200.fa	long_content_30k_003	66	29902
long_content_30k_003/lc30k003_641_gc2500_rp0.03_mr5E-4_ss200.fa	long_content_30k_003	490	29902
long_content_30k_003/lc30k003_642_gc2000_rp0.02_mr5E-4_ss200.fa	long_content_30k_003	83	29902
long_content_30k_003/lc30k003_643_gc2000_rp0.03_mr2E-4_ss200.fa	long_content_30k_003	962	29902
long_content_30k_003/lc30k003_644_gc2000_rp0.02_mr3E-4_ss100.fa	long_content_30k_003	713	29902
long_content_30k_003/lc30k003_645_gc2500_rp0.03_mr2E-4_ss200.fa	long_content_30k_003	727	29902
long_content_30k_003/lc30k003_646_gc2000_rp0.02_mr3E-4_ss200.fa	long_content_30k_003	16	29902
long_content_30k_003/lc30k003_647_gc2500_rp0.01_mr2E-4_ss100.fa	long_content_30k_003	151	29902
long_content_30k_003/lc30k003_648_gc2500_rp0.03_mr5E-4_ss100.fa	long_content_30k_003	848	29902
long_content_30k_003/lc30k003_650_gc2500_rp0.02_mr3E-4_ss100.fa	long_content_30k_003	313	29556
long_content_30k_003/lc30k003_651_gc2000_rp0.03_mr3E-4_ss100.fa	long_content_30k_003	401	29902
long_content_30k_003/lc30k003_652_gc2500_rp0.02_mr3E-4_ss200.fa	long_content_30k_003	61	29902
long_content_30k_003/lc30k003_653_gc2500_rp0.03_mr2E-4_ss100.fa	long_content_30k_003	404	29902
long_content_30k_003/lc30k003_654_gc2500_rp0.01_mr2E-4_ss200.fa	long_content_30k_003	52	29902
long_content_30k_003/lc30k003_655_gc2000_rp0.01_mr2E-4_ss100.fa	long_content_30k_003	29	29902
long_content_30k_003/lc30k003_656_gc2000_rp0.02_mr5E-4_ss100.fa	long_content_30k_003	188	29902
long_content_30k_003/lc30k003_657_gc2000_rp0.03_mr5E-4_ss200.fa	long_content_30k_003	956	29902
long_content_30k_003/lc30k003_658_gc2500_rp0.02_mr5E-4_ss100.fa	long_content_30k_003	139	23889
long_content_30k_003/lc30k003_659_gc2500_rp0.01_mr5E-4_ss200.fa	long_content_30k_003	522	29902
long_content_30k_003/lc30k003_660_gc2000_rp0.01_mr5E-4_ss100.fa	long_content_30k_003	649	29902
long_content_30k_003/lc30k003_661_gc2000_rp0.01_mr2E-4_ss200.fa	long_content_30k_003	86	27264
long_content_30k_003/lc30k003_662_gc2500_rp0.03_mr3E-4_ss100.fa	long_content_30k_003	538	29902
long_content_30k_003/lc30k003_663_gc2000_rp0.03_mr2E-4_ss100.fa	long_content_30k_003	220	29902
long_content_30k_003/lc30k003_664_gc2500_rp0.01_mr3E-4_ss100.fa	long_content_30k_003	209	29902
long_content_30k_003/lc30k003_665_gc2000_rp0.03_mr3E-4_ss200.fa	long_content_30k_003	300	29902
long_content_30k_003/lc30k003_666_gc2000_rp0.01_mr5E-4_ss200.fa	long_content_30k_003	328	29902
long_content_30k_003/lc30k003_667_gc2000_rp0.02_mr2E-4_ss100.fa	long_content_30k_003	238	14643
long_content_30k_003/lc30k003_668_gc2000_rp0.03_mr5E-4_ss100.fa	long_content_30k_003	123	29902
long_content_30k_003/lc30k003_669_gc2500_rp0.01_mr3E-4_ss200.fa	long_content_30k_003	292	29902
long_content_30k_003/lc30k003_670_gc2500_rp0.02_mr2E-4_ss200.fa	long_content_30k_003	65	29902
long_content_30k_003/lc30k003_671_gc2500_rp0.01_mr5E-4_ss100.fa	long_content_30k_003	46	29902
long_content_30k_003/lc30k003_672_gc2500_rp0.03_mr3E-4_ss200.fa	long_content_30k_003	599	29902
long_content_30k_003/lc30k003_673_gc2000_rp0.01_mr3E-4_ss100.fa	long_content_30k_003	128	29079
long_content_30k_003/lc30k003_674_gc2000_rp0.01_mr3E-4_ss200.fa	long_content_30k_003	152	29902
long_content_30k_003/lc30k003_675_gc2000_rp0.02_mr2E-4_ss200.fa	long_content_30k_003	368	29280
long_content_30k_003/lc30k003_676_gc2500_rp0.02_mr5E-4_ss200.fa	long_content_30k_003	494	29902
long_content_30k_003/lc30k003_677_gc2500_rp0.03_mr5E-4_ss200.fa	long_content_30k_003	1100	29902
long_content_30k_003/lc30k003_678_gc2000_rp0.02_mr5E-4_ss200.fa	long_content_30k_003	1082	29902
long_content_30k_003/lc30k003_679_gc2000_rp0.03_mr2E-4_ss200.fa	long_content_30k_003	970	29902
long_content_30k_003/lc30k003_680_gc2000_rp0.02_mr3E-4_ss100.fa	long_content_30k_003	300	29902
long_content_30k_003/lc30k003_681_gc2500_rp0.03_mr2E-4_ss200.fa	long_content_30k_003	1862	29902
long_content_30k_003/lc30k003_682_gc2000_rp0.02_mr3E-4_ss200.fa	long_content_30k_003	1034	29902
long_content_30k_003/lc30k003_683_gc2500_rp0.01_mr2E-4_ss100.fa	long_content_30k_003	530	29902
long_content_30k_003/lc30k003_684_gc2500_rp0.03_mr5E-4_ss100.fa	long_content_30k_003	510	29902
long_content_30k_003/lc30k003_685_gc2500_rp0.02_mr2E-4_ss100.fa	long_content_30k_003	170	29902
long_content_30k_003/lc30k003_686_gc2500_rp0.02_mr3E-4_ss100.fa	long_content_30k_003	199	29902
long_content_30k_003/lc30k003_687_gc2000_rp0.03_mr3E-4_ss100.fa	long_content_30k_003	393	29902
long_content_30k_003/lc30k003_688_gc2500_rp0.02_mr3E-4_ss200.fa	long_content_30k_003	634	29902
long_content_30k_003/lc30k003_689_gc2500_rp0.03_mr2E-4_ss100.fa	long_content_30k_003	290	29902
long_content_30k_003/lc30k003_690_gc2500_rp0.01_mr2E-4_ss200.fa	long_content_30k_003	269	29902
long_content_30k_003/lc30k003_691_gc2000_rp0.01_mr2E-4_ss100.fa	long_content_30k_003	319	29902
long_content_30k_003/lc30k003_692_gc2000_rp0.02_mr5E-4_ss100.fa	long_content_30k_003	1361	29902
long_content_30k_003/lc30k003_693_gc2000_rp0.03_mr5E-4_ss200.fa	long_content_30k_003	997	29902
long_content_30k_003/lc30k003_694_gc2500_rp0.02_mr5E-4_ss100.fa	long_content_30k_003	205	29902
long_content_30k_003/lc30k003_695_gc2500_rp0.01_mr5E-4_ss200.fa	long_content_30k_003	15	29902
long_content_30k_003/lc30k003_696_gc2000_rp0.01_mr5E-4_ss100.fa	long_content_30k_003	671	29902
long_content_30k_003/lc30k003_697_gc2000_rp0.01_mr2E-4_ss200.fa	long_content_30k_003	694	29902
long_content_30k_003/lc30k003_698_gc2500_rp0.03_mr3E-4_ss100.fa	long_content_30k_003	225	29902
long_content_30k_003/lc30k003_699_gc2000_rp0.03_mr2E-4_ss100.fa	long_content_30k_003	400	29902
long_content_30k_003/lc30k003_700_gc2500_rp0.01_mr3E-4_ss100.fa	long_content_30k_003	39	28308
long_content_30k_003/lc30k003_701_gc2000_rp0.03_mr3E-4_ss200.fa	long_content_30k_003	1515	29902
long_content_30k_003/lc30k003_702_gc2000_rp0.01_mr5E-4_ss200.fa	long_content_30k_003	367	29902
long_content_30k_003/lc30k003_703_gc2000_rp0.02_mr2E-4_ss100.fa	long_content_30k_003	165	29902
long_content_30k_003/lc30k003_704_gc2000_rp0.03_mr5E-4_ss100.fa	long_content_30k_003	1446	29902
long_content_30k_003/lc30k003_705_gc2500_rp0.01_mr3E-4_ss200.fa	long_content_30k_003	7	29902
long_content_30k_003/lc30k003_706_gc2500_rp0.02_mr2E-4_ss200.fa	long_content_30k_003	455	29902
long_content_30k_003/lc30k003_707_gc2500_rp0.01_mr5E-4_ss100.fa	long_content_30k_003	212	29902
long_content_30k_003/lc30k003_708_gc2500_rp0.03_mr3E-4_ss200.fa	long_content_30k_003	1646	29902
long_content_30k_003/lc30k003_709_gc2000_rp0.01_mr3E-4_ss100.fa	long_content_30k_003	246	29902
long_content_30k_003/lc30k003_710_gc2000_rp0.01_mr3E-4_ss200.fa	long_content_30k_003	5	29902
long_content_30k_003/lc30k003_711_gc2000_rp0.02_mr2E-4_ss200.fa	long_content_30k_003	302	29902
long_content_30k_003/lc30k003_712_gc2500_rp0.02_mr5E-4_ss200.fa	long_content_30k_003	9	29902
long_content_30k_003/lc30k003_713_gc2500_rp0.03_mr5E-4_ss200.fa	long_content_30k_003	675	29902
long_content_30k_003/lc30k003_714_gc2000_rp0.02_mr5E-4_ss200.fa	long_content_30k_003	222	29902
long_content_30k_003/lc30k003_715_gc2000_rp0.03_mr2E-4_ss200.fa	long_content_30k_003	1531	29902
long_content_30k_003/lc30k003_716_gc2000_rp0.02_mr3E-4_ss100.fa	long_content_30k_003	338	29902
long_content_30k_003/lc30k003_717_gc2500_rp0.03_mr2E-4_ss200.fa	long_content_30k_003	836	29902
long_content_30k_003/lc30k003_718_gc2000_rp0.02_mr3E-4_ss200.fa	long_content_30k_003	271	29902
long_content_30k_003/lc30k003_720_gc2500_rp0.03_mr5E-4_ss100.fa	long_content_30k_003	129	29902
long_content_30k_003/lc30k003_721_gc2500_rp0.02_mr2E-4_ss100.fa	long_content_30k_003	1101	29902
long_content_30k_003/lc30k003_722_gc2500_rp0.02_mr3E-4_ss100.fa	long_content_30k_003	269	29902
long_content_30k_003/lc30k003_723_gc2000_rp0.03_mr3E-4_ss100.fa	long_content_30k_003	282	29902
long_content_30k_003/lc30k003_724_gc2500_rp0.02_mr3E-4_ss200.fa	long_content_30k_003	238	29902
long_content_30k_003/lc30k003_725_gc2500_rp0.03_mr2E-4_ss100.fa	long_content_30k_003	254	29902
long_content_30k_003/lc30k003_726_gc2500_rp0.01_mr2E-4_ss200.fa	long_content_30k_003	532	29902
long_content_30k_003/lc30k003_727_gc2000_rp0.01_mr2E-4_ss100.fa	long_content_30k_003	206	29902
long_content_30k_003/lc30k003_728_gc2000_rp0.02_mr5E-4_ss100.fa	long_content_30k_003	180	29902
long_content_30k_003/lc30k003_729_gc2000_rp0.03_mr5E-4_ss200.fa	long_content_30k_003	1726	29902
long_content_30k_003/lc30k003_730_gc2500_rp0.02_mr5E-4_ss100.fa	long_content_30k_003	98	29902
long_content_30k_003/lc30k003_731_gc2500_rp0.01_mr5E-4_ss200.fa	long_content_30k_003	450	29902
long_content_30k_003/lc30k003_732_gc2000_rp0.01_mr5E-4_ss100.fa	long_content_30k_003	681	29902
long_content_30k_003/lc30k003_733_gc2000_rp0.01_mr2E-4_ss200.fa	long_content_30k_003	155	27906
long_content_30k_003/lc30k003_734_gc2500_rp0.03_mr3E-4_ss100.fa	long_content_30k_003	1758	29902
long_content_30k_003/lc30k003_735_gc2000_rp0.03_mr2E-4_ss100.fa	long_content_30k_003	315	29902
long_content_30k_003/lc30k003_736_gc2500_rp0.01_mr3E-4_ss100.fa	long_content_30k_003	87	29902
long_content_30k_003/lc30k003_737_gc2000_rp0.03_mr3E-4_ss200.fa	long_content_30k_003	1375	29902
long_content_30k_003/lc30k003_738_gc2000_rp0.01_mr5E-4_ss200.fa	long_content_30k_003	105	29902
long_content_30k_003/lc30k003_739_gc2000_rp0.02_mr2E-4_ss100.fa	long_content_30k_003	405	29902
long_content_30k_003/lc30k003_740_gc2000_rp0.03_mr5E-4_ss100.fa	long_content_30k_003	254	29902
long_content_30k_003/lc30k003_741_gc2500_rp0.01_mr3E-4_ss200.fa	long_content_30k_003	266	29902
long_content_30k_003/lc30k003_742_gc2500_rp0.02_mr2E-4_ss200.fa	long_content_30k_003	790	29902
long_content_30k_003/lc30k003_744_gc2500_rp0.03_mr3E-4_ss200.fa	long_content_30k_003	1065	29902
long_content_30k_003/lc30k003_745_gc2000_rp0.01_mr3E-4_ss100.fa	long_content_30k_003	360	29902
long_content_30k_003/lc30k003_746_gc2000_rp0.01_mr3E-4_ss200.fa	long_content_30k_003	30	29902
long_content_30k_003/lc30k003_747_gc2000_rp0.02_mr2E-4_ss200.fa	long_content_30k_003	620	29902
long_content_30k_003/lc30k003_748_gc2500_rp0.02_mr5E-4_ss200.fa	long_content_30k_003	24	16239
long_content_30k_003/lc30k003_749_gc2500_rp0.03_mr5E-4_ss200.fa	long_content_30k_003	4056	29902
long_content_30k_003/lc30k003_750_gc2000_rp0.02_mr5E-4_ss200.fa	long_content_30k_003	482	29902
long_content_30k_003/lc30k003_751_gc2000_rp0.03_mr2E-4_ss200.fa	long_content_30k_003	2035	29902
long_content_30k_003/lc30k003_752_gc2000_rp0.02_mr3E-4_ss100.fa	long_content_30k_003	154	29902
long_content_30k_003/lc30k003_753_gc2500_rp0.03_mr2E-4_ss200.fa	long_content_30k_003	195	29902
long_content_30k_003/lc30k003_754_gc2000_rp0.02_mr3E-4_ss200.fa	long_content_30k_003	514	29902
long_content_30k_003/lc30k003_755_gc2500_rp0.01_mr2E-4_ss100.fa	long_content_30k_003	205	29902
long_content_30k_003/lc30k003_756_gc2500_rp0.03_mr5E-4_ss100.fa	long_content_30k_003	112	29902
long_content_30k_003/lc30k003_757_gc2500_rp0.02_mr2E-4_ss100.fa	long_content_30k_003	80	29902
long_content_30k_003/lc30k003_758_gc2500_rp0.02_mr3E-4_ss100.fa	long_content_30k_003	170	29902
long_content_30k_003/lc30k003_759_gc2000_rp0.03_mr3E-4_ss100.fa	long_content_30k_003	178	29902
long_content_30k_003/lc30k003_760_gc2500_rp0.02_mr3E-4_ss200.fa	long_content_30k_003	341	29902
long_content_30k_003/lc30k003_761_gc2500_rp0.03_mr2E-4_ss100.fa	long_content_30k_003	162	29902
long_content_30k_003/lc30k003_762_gc2500_rp0.01_mr2E-4_ss200.fa	long_content_30k_003	358	29523
long_content_30k_003/lc30k003_763_gc2000_rp0.01_mr2E-4_ss100.fa	long_content_30k_003	150	26373
long_content_30k_003/lc30k003_764_gc2000_rp0.02_mr5E-4_ss100.fa	long_content_30k_003	146	29902
long_content_30k_003/lc30k003_765_gc2000_rp0.03_mr5E-4_ss200.fa	long_content_30k_003	1457	29902
long_content_30k_003/lc30k003_766_gc2500_rp0.02_mr5E-4_ss100.fa	long_content_30k_003	446	29902
long_content_30k_003/lc30k003_767_gc2500_rp0.01_mr5E-4_ss200.fa	long_content_30k_003	104	29902
long_content_30k_003/lc30k003_768_gc2000_rp0.01_mr5E-4_ss100.fa	long_content_30k_003	139	26847
long_content_30k_003/lc30k003_769_gc2000_rp0.01_mr2E-4_ss200.fa	long_content_30k_003	73	29902
long_content_30k_003/lc30k003_770_gc2500_rp0.03_mr3E-4_ss100.fa	long_content_30k_003	390	29902
long_content_30k_003/lc30k003_771_gc2000_rp0.03_mr2E-4_ss100.fa	long_content_30k_003	844	29902
long_content_30k_003/lc30k003_772_gc2500_rp0.01_mr3E-4_ss100.fa	long_content_30k_003	63	29754
long_content_30k_003/lc30k003_773_gc2000_rp0.03_mr3E-4_ss200.fa	long_content_30k_003	2106	29902
long_content_30k_003/lc30k003_774_gc2000_rp0.01_mr5E-4_ss200.fa	long_content_30k_003	116	24927
long_content_30k_003/lc30k003_775_gc2000_rp0.02_mr2E-4_ss100.fa	long_content_30k_003	546	29902
long_content_30k_003/lc30k003_776_gc2000_rp0.03_mr5E-4_ss100.fa	long_content_30k_003	114	29902
long_content_30k_003/lc30k003_777_gc2500_rp0.01_mr3E-4_ss200.fa	long_content_30k_003	166	29592
long_content_30k_003/lc30k003_778_gc2500_rp0.02_mr2E-4_ss200.fa	long_content_30k_003	925	29902
long_content_30k_003/lc30k003_779_gc2500_rp0.01_mr5E-4_ss100.fa	long_content_30k_003	4	29902
long_content_30k_003/lc30k003_780_gc2500_rp0.03_mr3E-4_ss200.fa	long_content_30k_003	368	29902
long_content_30k_003/lc30k003_781_gc2000_rp0.01_mr3E-4_ss100.fa	long_content_30k_003	63	29902
long_content_30k_003/lc30k003_782_gc2000_rp0.01_mr3E-4_ss200.fa	long_content_30k_003	657	29902
long_content_30k_003/lc30k003_783_gc2000_rp0.02_mr2E-4_ss200.fa	long_content_30k_003	1225	29902
long_content_30k_003/lc30k003_784_gc2500_rp0.02_mr5E-4_ss200.fa	long_content_30k_003	714	29902
long_content_30k_003/lc30k003_785_gc2500_rp0.03_mr5E-4_ss200.fa	long_content_30k_003	1497	29902
long_content_30k_003/lc30k003_786_gc2000_rp0.02_mr5E-4_ss200.fa	long_content_30k_003	296	29902
long_content_30k_003/lc30k003_787_gc2000_rp0.03_mr2E-4_ss200.fa	long_content_30k_003	77	29902
long_content_30k_003/lc30k003_788_gc2000_rp0.02_mr3E-4_ss100.fa	long_content_30k_003	29	29902
long_content_30k_003/lc30k003_789_gc2500_rp0.03_mr2E-4_ss200.fa	long_content_30k_003	954	29902
long_content_30k_003/lc30k003_790_gc2000_rp0.02_mr3E-4_ss200.fa	long_content_30k_003	1818	29902
long_content_30k_003/lc30k003_791_gc2500_rp0.01_mr2E-4_ss100.fa	long_content_30k_003	123	29902
long_content_30k_003/lc30k003_792_gc2500_rp0.03_mr5E-4_ss100.fa	long_content_30k_003	1508	29902
long_content_30k_003/lc30k003_793_gc2500_rp0.02_mr2E-4_ss100.fa	long_content_30k_003	152	29902
long_content_30k_003/lc30k003_794_gc2500_rp0.02_mr3E-4_ss100.fa	long_content_30k_003	201	29902
long_content_30k_003/lc30k003_795_gc2000_rp0.03_mr3E-4_ss100.fa	long_content_30k_003	1321	29902
long_content_30k_003/lc30k003_796_gc2500_rp0.02_mr3E-4_ss200.fa	long_content_30k_003	384	29902
long_content_30k_003/lc30k003_797_gc2500_rp0.03_mr2E-4_ss100.fa	long_content_30k_003	396	29902
long_content_30k_003/lc30k003_798_gc2500_rp0.01_mr2E-4_ss200.fa	long_content_30k_003	409	29902
long_content_30k_003/lc30k003_799_gc2000_rp0.01_mr2E-4_ss100.fa	long_content_30k_003	327	29902
long_content_30k_003/lc30k003_800_gc2000_rp0.02_mr5E-4_ss100.fa	long_content_30k_003	150	29902
long_content_30k_003/lc30k003_801_gc2000_rp0.03_mr5E-4_ss200.fa	long_content_30k_003	611	29902
long_content_30k_003/lc30k003_802_gc2500_rp0.02_mr5E-4_ss100.fa	long_content_30k_003	118	29902
long_content_30k_003/lc30k003_803_gc2500_rp0.01_mr5E-4_ss200.fa	long_content_30k_003	121	29902
long_content_30k_003/lc30k003_804_gc2000_rp0.01_mr5E-4_ss100.fa	long_content_30k_003	152	29902
long_content_30k_003/lc30k003_805_gc2000_rp0.01_mr2E-4_ss200.fa	long_content_30k_003	285	29902
long_content_30k_003/lc30k003_806_gc2500_rp0.03_mr3E-4_ss100.fa	long_content_30k_003	186	29902
long_content_30k_003/lc30k003_807_gc2000_rp0.03_mr2E-4_ss100.fa	long_content_30k_003	702	29902
long_content_30k_003/lc30k003_808_gc2500_rp0.01_mr3E-4_ss100.fa	long_content_30k_003	192	29902
long_content_30k_003/lc30k003_809_gc2000_rp0.03_mr3E-4_ss200.fa	long_content_30k_003	1340	29902
long_content_30k_003/lc30k003_810_gc2000_rp0.01_mr5E-4_ss200.fa	long_content_30k_003	54	29902
long_content_30k_003/lc30k003_811_gc2000_rp0.02_mr2E-4_ss100.fa	long_content_30k_003	173	29902
long_content_30k_003/lc30k003_812_gc2000_rp0.03_mr5E-4_ss100.fa	long_content_30k_003	225	29902
long_content_30k_003/lc30k003_813_gc2500_rp0.01_mr3E-4_ss200.fa	long_content_30k_003	75	29902
long_content_30k_003/lc30k003_814_gc2500_rp0.02_mr2E-4_ss200.fa	long_content_30k_003	88	29902
long_content_30k_003/lc30k003_815_gc2500_rp0.01_mr5E-4_ss100.fa	long_content_30k_003	94	29902
long_content_30k_003/lc30k003_816_gc2500_rp0.03_mr3E-4_ss200.fa	long_content_30k_003	728	29902
long_content_30k_003/lc30k003_817_gc2000_rp0.01_mr3E-4_ss100.fa	long_content_30k_003	6	29902
long_content_30k_003/lc30k003_818_gc2000_rp0.01_mr3E-4_ss200.fa	long_content_30k_003	47	12144
long_content_30k_003/lc30k003_819_gc2000_rp0.02_mr2E-4_ss200.fa	long_content_30k_003	299	27729
long_content_30k_003/lc30k003_820_gc2500_rp0.02_mr5E-4_ss200.fa	long_content_30k_003	226	29902
long_content_30k_003/lc30k003_821_gc2500_rp0.03_mr5E-4_ss200.fa	long_content_30k_003	1007	29902
long_content_30k_003/lc30k003_822_gc2000_rp0.02_mr5E-4_ss200.fa	long_content_30k_003	143	29902
long_content_30k_003/lc30k003_823_gc2000_rp0.03_mr2E-4_ss200.fa	long_content_30k_003	150	29902
long_content_30k_003/lc30k003_824_gc2000_rp0.02_mr3E-4_ss100.fa	long_content_30k_003	371	29902
long_content_30k_003/lc30k003_825_gc2500_rp0.03_mr2E-4_ss200.fa	long_content_30k_003	941	29902
long_content_30k_003/lc30k003_826_gc2000_rp0.02_mr3E-4_ss200.fa	long_content_30k_003	725	29902
long_content_30k_003/lc30k003_827_gc2500_rp0.01_mr2E-4_ss100.fa	long_content_30k_003	169	29902
long_content_30k_003/lc30k003_828_gc2500_rp0.03_mr5E-4_ss100.fa	long_content_30k_003	359	29902
long_content_30k_003/lc30k003_829_gc2500_rp0.02_mr2E-4_ss100.fa	long_content_30k_003	119	29902
long_content_30k_003/lc30k003_830_gc2500_rp0.02_mr3E-4_ss100.fa	long_content_30k_003	498	29902
long_content_30k_003/lc30k003_831_gc2000_rp0.03_mr3E-4_ss100.fa	long_content_30k_003	693	29902
long_content_30k_003/lc30k003_832_gc2500_rp0.02_mr3E-4_ss200.fa	long_content_30k_003	197	29902
long_content_30k_003/lc30k003_833_gc2500_rp0.03_mr2E-4_ss100.fa	long_content_30k_003	148	29902
long_content_30k_003/lc30k003_834_gc2500_rp0.01_mr2E-4_ss200.fa	long_content_30k_003	126	27426
long_content_30k_003/lc30k003_836_gc2000_rp0.02_mr5E-4_ss100.fa	long_content_30k_003	398	29902
long_content_30k_003/lc30k003_837_gc2000_rp0.03_mr5E-4_ss200.fa	long_content_30k_003	224	25485
long_content_30k_003/lc30k003_838_gc2500_rp0.02_mr5E-4_ss100.fa	long_content_30k_003	171	29902
long_content_30k_003/lc30k003_839_gc2500_rp0.01_mr5E-4_ss200.fa	long_content_30k_003	79	23640
long_content_30k_003/lc30k003_840_gc2000_rp0.01_mr5E-4_ss100.fa	long_content_30k_003	44	29902
long_content_30k_003/lc30k003_841_gc2000_rp0.01_mr2E-4_ss200.fa	long_content_30k_003	142	27651
long_content_30k_003/lc30k003_842_gc2500_rp0.03_mr3E-4_ss100.fa	long_content_30k_003	129	29902
long_content_30k_003/lc30k003_843_gc2000_rp0.03_mr2E-4_ss100.fa	long_content_30k_003	339	29902
long_content_30k_003/lc30k003_844_gc2500_rp0.01_mr3E-4_ss100.fa	long_content_30k_003	126	29902
long_content_30k_003/lc30k003_845_gc2000_rp0.03_mr3E-4_ss200.fa	long_content_30k_003	1195	29902
long_content_30k_003/lc30k003_846_gc2000_rp0.01_mr5E-4_ss200.fa	long_content_30k_003	98	21927
long_content_30k_003/lc30k003_847_gc2000_rp0.02_mr2E-4_ss100.fa	long_content_30k_003	268	29902
long_content_30k_003/lc30k003_848_gc2000_rp0.03_mr5E-4_ss100.fa	long_content_30k_003	487	29902
long_content_30k_003/lc30k003_849_gc2500_rp0.01_mr3E-4_ss200.fa	long_content_30k_003	58	29902
long_content_30k_003/lc30k003_850_gc2500_rp0.02_mr2E-4_ss200.fa	long_content_30k_003	238	29902
long_content_30k_003/lc30k003_851_gc2500_rp0.01_mr5E-4_ss100.fa	long_content_30k_003	31	29902
long_content_30k_003/lc30k003_852_gc2500_rp0.03_mr3E-4_ss200.fa	long_content_30k_003	774	29902
long_content_30k_003/lc30k003_854_gc2000_rp0.01_mr3E-4_ss200.fa	long_content_30k_003	98	29902
long_content_30k_003/lc30k003_855_gc2000_rp0.02_mr2E-4_ss200.fa	long_content_30k_003	466	29902
long_content_30k_003/lc30k003_856_gc2500_rp0.02_mr5E-4_ss200.fa	long_content_30k_003	657	29902
long_content_30k_003/lc30k003_857_gc2500_rp0.03_mr5E-4_ss200.fa	long_content_30k_003	879	29902
long_content_30k_003/lc30k003_858_gc2000_rp0.02_mr5E-4_ss200.fa	long_content_30k_003	285	29902
long_content_30k_003/lc30k003_859_gc2000_rp0.03_mr2E-4_ss200.fa	long_content_30k_003	586	29902
long_content_30k_003/lc30k003_860_gc2000_rp0.02_mr3E-4_ss100.fa	long_content_30k_003	276	29902
long_content_30k_003/lc30k003_861_gc2500_rp0.03_mr2E-4_ss200.fa	long_content_30k_003	655	29902
long_content_30k_003/lc30k003_863_gc2500_rp0.01_mr2E-4_ss100.fa	long_content_30k_003	62	29902
long_content_30k_003/lc30k003_864_gc2500_rp0.03_mr5E-4_ss100.fa	long_content_30k_003	766	29902
long_content_30k_003/lc30k003_865_gc2500_rp0.02_mr2E-4_ss100.fa	long_content_30k_003	461	29902
long_content_30k_003/lc30k003_866_gc2500_rp0.02_mr3E-4_ss100.fa	long_content_30k_003	62	29902
long_content_30k_003/lc30k003_867_gc2000_rp0.03_mr3E-4_ss100.fa	long_content_30k_003	943	29902
long_content_30k_003/lc30k003_868_gc2500_rp0.02_mr3E-4_ss200.fa	long_content_30k_003	1616	29902
long_content_30k_003/lc30k003_869_gc2500_rp0.03_mr2E-4_ss100.fa	long_content_30k_003	942	29902
long_content_30k_003/lc30k003_870_gc2500_rp0.01_mr2E-4_ss200.fa	long_content_30k_003	17	29902
long_content_30k_003/lc30k003_871_gc2000_rp0.01_mr2E-4_ss100.fa	long_content_30k_003	20	29902
long_content_30k_003/lc30k003_872_gc2000_rp0.02_mr5E-4_ss100.fa	long_content_30k_003	170	29902
long_content_30k_003/lc30k003_873_gc2000_rp0.03_mr5E-4_ss200.fa	long_content_30k_003	764	29902
long_content_30k_003/lc30k003_874_gc2500_rp0.02_mr5E-4_ss100.fa	long_content_30k_003	7	28299
long_content_30k_003/lc30k003_875_gc2500_rp0.01_mr5E-4_ss200.fa	long_content_30k_003	451	29902
long_content_30k_003/lc30k003_876_gc2000_rp0.01_mr5E-4_ss100.fa	long_content_30k_003	107	29902
long_content_30k_003/lc30k003_877_gc2000_rp0.01_mr2E-4_ss200.fa	long_content_30k_003	391	29902
long_content_30k_003/lc30k003_878_gc2500_rp0.03_mr3E-4_ss100.fa	long_content_30k_003	1093	29902
long_content_30k_003/lc30k003_879_gc2000_rp0.03_mr2E-4_ss100.fa	long_content_30k_003	405	29902
long_content_30k_003/lc30k003_880_gc2500_rp0.01_mr3E-4_ss100.fa	long_content_30k_003	14	29902
long_content_30k_003/lc30k003_881_gc2000_rp0.03_mr3E-4_ss200.fa	long_content_30k_003	616	29902
long_content_30k_003/lc30k003_882_gc2000_rp0.01_mr5E-4_ss200.fa	long_content_30k_003	14	29902
long_content_30k_003/lc30k003_883_gc2000_rp0.02_mr2E-4_ss100.fa	long_content_30k_003	433	29902
long_content_30k_003/lc30k003_884_gc2000_rp0.03_mr5E-4_ss100.fa	long_content_30k_003	373	29902
long_content_30k_003/lc30k003_885_gc2500_rp0.01_mr3E-4_ss200.fa	long_content_30k_003	53	29902
long_content_30k_003/lc30k003_886_gc2500_rp0.02_mr2E-4_ss200.fa	long_content_30k_003	1126	29902
long_content_30k_003/lc30k003_887_gc2500_rp0.01_mr5E-4_ss100.fa	long_content_30k_003	32	20559
long_content_30k_003/lc30k003_888_gc2500_rp0.03_mr3E-4_ss200.fa	long_content_30k_003	712	29902
long_content_30k_003/lc30k003_889_gc2000_rp0.01_mr3E-4_ss100.fa	long_content_30k_003	33	29902
long_content_30k_003/lc30k003_890_gc2000_rp0.01_mr3E-4_ss200.fa	long_content_30k_003	214	29902
long_content_30k_003/lc30k003_891_gc2000_rp0.02_mr2E-4_ss200.fa	long_content_30k_003	1340	29902
long_content_30k_003/lc30k003_892_gc2500_rp0.02_mr5E-4_ss200.fa	long_content_30k_003	682	29902
long_content_30k_003/lc30k003_893_gc2500_rp0.03_mr5E-4_ss200.fa	long_content_30k_003	2325	29902
long_content_30k_003/lc30k003_894_gc2000_rp0.02_mr5E-4_ss200.fa	long_content_30k_003	440	29902
long_content_30k_003/lc30k003_895_gc2000_rp0.03_mr2E-4_ss200.fa	long_content_30k_003	939	29902
long_content_30k_003/lc30k003_896_gc2000_rp0.02_mr3E-4_ss100.fa	long_content_30k_003	170	29902
long_content_30k_003/lc30k003_897_gc2500_rp0.03_mr2E-4_ss200.fa	long_content_30k_003	1418	29902
long_content_30k_003/lc30k003_898_gc2000_rp0.02_mr3E-4_ss200.fa	long_content_30k_003	1034	29902
long_content_30k_003/lc30k003_899_gc2500_rp0.01_mr2E-4_ss100.fa	long_content_30k_003	245	29902
long_content_30k_003/lc30k003_900_gc2500_rp0.03_mr5E-4_ss100.fa	long_content_30k_003	89	29902
long_content_30k_003/lc30k003_901_gc2500_rp0.02_mr2E-4_ss100.fa	long_content_30k_003	224	29902
long_content_30k_003/lc30k003_902_gc2500_rp0.02_mr3E-4_ss100.fa	long_content_30k_003	374	29902
long_content_30k_003/lc30k003_903_gc2000_rp0.03_mr3E-4_ss100.fa	long_content_30k_003	1110	29902
long_content_30k_003/lc30k003_904_gc2500_rp0.02_mr3E-4_ss200.fa	long_content_30k_003	943	29902
long_content_30k_003/lc30k003_905_gc2500_rp0.03_mr2E-4_ss100.fa	long_content_30k_003	588	29902
long_content_30k_003/lc30k003_906_gc2500_rp0.01_mr2E-4_ss200.fa	long_content_30k_003	97	29902
long_content_30k_003/lc30k003_907_gc2000_rp0.01_mr2E-4_ss100.fa	long_content_30k_003	69	29902
long_content_30k_003/lc30k003_908_gc2000_rp0.02_mr5E-4_ss100.fa	long_content_30k_003	937	29902
long_content_30k_003/lc30k003_909_gc2000_rp0.03_mr5E-4_ss200.fa	long_content_30k_003	1286	29902
long_content_30k_003/lc30k003_910_gc2500_rp0.02_mr5E-4_ss100.fa	long_content_30k_003	215	29902
long_content_30k_003/lc30k003_911_gc2500_rp0.01_mr5E-4_ss200.fa	long_content_30k_003	112	29902
long_content_30k_003/lc30k003_912_gc2000_rp0.01_mr5E-4_ss100.fa	long_content_30k_003	146	28611
long_content_30k_003/lc30k003_913_gc2000_rp0.01_mr2E-4_ss200.fa	long_content_30k_003	38	29902
long_content_30k_003/lc30k003_914_gc2500_rp0.03_mr3E-4_ss100.fa	long_content_30k_003	67	29902
long_content_30k_003/lc30k003_915_gc2000_rp0.03_mr2E-4_ss100.fa	long_content_30k_003	177	29902
long_content_30k_003/lc30k003_916_gc2500_rp0.01_mr3E-4_ss100.fa	long_content_30k_003	70	29902
long_content_30k_003/lc30k003_917_gc2000_rp0.03_mr3E-4_ss200.fa	long_content_30k_003	1431	29902
long_content_30k_003/lc30k003_918_gc2000_rp0.01_mr5E-4_ss200.fa	long_content_30k_003	204	29902
long_content_30k_003/lc30k003_919_gc2000_rp0.02_mr2E-4_ss100.fa	long_content_30k_003	169	29902
long_content_30k_003/lc30k003_920_gc2000_rp0.03_mr5E-4_ss100.fa	long_content_30k_003	561	29902
long_content_30k_003/lc30k003_921_gc2500_rp0.01_mr3E-4_ss200.fa	long_content_30k_003	134	29902
long_content_30k_003/lc30k003_922_gc2500_rp0.02_mr2E-4_ss200.fa	long_content_30k_003	564	29902
long_content_30k_003/lc30k003_923_gc2500_rp0.01_mr5E-4_ss100.fa	long_content_30k_003	365	29902
long_content_30k_003/lc30k003_924_gc2500_rp0.03_mr3E-4_ss200.fa	long_content_30k_003	992	29902
long_content_30k_003/lc30k003_925_gc2000_rp0.01_mr3E-4_ss100.fa	long_content_30k_003	22	29902
long_content_30k_003/lc30k003_926_gc2000_rp0.01_mr3E-4_ss200.fa	long_content_30k_003	357	29902
long_content_30k_003/lc30k003_927_gc2000_rp0.02_mr2E-4_ss200.fa	long_content_30k_003	599	29902
long_content_30k_003/lc30k003_928_gc2500_rp0.02_mr5E-4_ss200.fa	long_content_30k_003	394	29902
long_content_30k_003/lc30k003_929_gc2500_rp0.03_mr5E-4_ss200.fa	long_content_30k_003	1035	29902
long_content_30k_003/lc30k003_930_gc2000_rp0.02_mr5E-4_ss200.fa	long_content_30k_003	856	29902
long_content_30k_003/lc30k003_931_gc2000_rp0.03_mr2E-4_ss200.fa	long_content_30k_003	532	29902
long_content_30k_003/lc30k003_932_gc2000_rp0.02_mr3E-4_ss100.fa	long_content_30k_003	425	29902
long_content_30k_003/lc30k003_933_gc2500_rp0.03_mr2E-4_ss200.fa	long_content_30k_003	919	29902
long_content_30k_003/lc30k003_934_gc2000_rp0.02_mr3E-4_ss200.fa	long_content_30k_003	1372	29902
long_content_30k_003/lc30k003_935_gc2500_rp0.01_mr2E-4_ss100.fa	long_content_30k_003	6	29430
long_content_30k_003/lc30k003_936_gc2500_rp0.03_mr5E-4_ss100.fa	long_content_30k_003	598	29902
long_content_30k_003/lc30k003_937_gc2500_rp0.02_mr2E-4_ss100.fa	long_content_30k_003	48	29902
long_content_30k_003/lc30k003_938_gc2500_rp0.02_mr3E-4_ss100.fa	long_content_30k_003	330	29902
long_content_30k_003/lc30k003_939_gc2000_rp0.03_mr3E-4_ss100.fa	long_content_30k_003	1739	29902
long_content_30k_003/lc30k003_940_gc2500_rp0.02_mr3E-4_ss200.fa	long_content_30k_003	709	29902
long_content_30k_003/lc30k003_941_gc2500_rp0.03_mr2E-4_ss100.fa	long_content_30k_003	191	29902
long_content_30k_003/lc30k003_942_gc2500_rp0.01_mr2E-4_ss200.fa	long_content_30k_003	90	29902
long_content_30k_003/lc30k003_943_gc2000_rp0.01_mr2E-4_ss100.fa	long_content_30k_003	56	29902
long_content_30k_003/lc30k003_944_gc2000_rp0.02_mr5E-4_ss100.fa	long_content_30k_003	124	29902
long_content_30k_003/lc30k003_945_gc2000_rp0.03_mr5E-4_ss200.fa	long_content_30k_003	1328	29902
long_content_30k_003/lc30k003_946_gc2500_rp0.02_mr5E-4_ss100.fa	long_content_30k_003	281	29902
long_content_30k_003/lc30k003_947_gc2500_rp0.01_mr5E-4_ss200.fa	long_content_30k_003	402	29902
long_content_30k_003/lc30k003_948_gc2000_rp0.01_mr5E-4_ss100.fa	long_content_30k_003	98	29902
long_content_30k_003/lc30k003_949_gc2000_rp0.01_mr2E-4_ss200.fa	long_content_30k_003	800	29253
long_content_30k_003/lc30k003_950_gc2500_rp0.03_mr3E-4_ss100.fa	long_content_30k_003	293	29902
long_content_30k_003/lc30k003_951_gc2000_rp0.03_mr2E-4_ss100.fa	long_content_30k_003	546	29902
long_content_30k_003/lc30k003_952_gc2500_rp0.01_mr3E-4_ss100.fa	long_content_30k_003	113	29902
long_content_30k_003/lc30k003_953_gc2000_rp0.03_mr3E-4_ss200.fa	long_content_30k_003	1261	29902
long_content_30k_003/lc30k003_954_gc2000_rp0.01_mr5E-4_ss200.fa	long_content_30k_003	244	29902
long_content_30k_003/lc30k003_955_gc2000_rp0.02_mr2E-4_ss100.fa	long_content_30k_003	70	29902
long_content_30k_003/lc30k003_956_gc2000_rp0.03_mr5E-4_ss100.fa	long_content_30k_003	71	29902
long_content_30k_003/lc30k003_957_gc2500_rp0.01_mr3E-4_ss200.fa	long_content_30k_003	28	29902
long_content_30k_003/lc30k003_958_gc2500_rp0.02_mr2E-4_ss200.fa	long_content_30k_003	140	29902
long_content_30k_003/lc30k003_959_gc2500_rp0.01_mr5E-4_ss100.fa	long_content_30k_003	19	26637
long_content_30k_003/lc30k003_960_gc2500_rp0.03_mr3E-4_ss200.fa	long_content_30k_003	903	29902
long_content_30k_003/lc30k003_961_gc2000_rp0.01_mr3E-4_ss100.fa	long_content_30k_003	173	29902
long_content_30k_003/lc30k003_962_gc2000_rp0.01_mr3E-4_ss200.fa	long_content_30k_003	48	29902
long_content_30k_003/lc30k003_963_gc2000_rp0.02_mr2E-4_ss200.fa	long_content_30k_003	824	29902
long_content_30k_003/lc30k003_964_gc2500_rp0.02_mr5E-4_ss200.fa	long_content_30k_003	301	29902
long_content_30k_003/lc30k003_965_gc2500_rp0.03_mr5E-4_ss200.fa	long_content_30k_003	1783	29902
long_content_30k_003/lc30k003_966_gc2000_rp0.02_mr5E-4_ss200.fa	long_content_30k_003	2322	29902
long_content_30k_003/lc30k003_967_gc2000_rp0.03_mr2E-4_ss200.fa	long_content_30k_003	778	29902
long_content_30k_003/lc30k003_968_gc2000_rp0.02_mr3E-4_ss100.fa	long_content_30k_003	306	29902
long_content_30k_003/lc30k003_969_gc2500_rp0.03_mr2E-4_ss200.fa	long_content_30k_003	259	29902
long_content_30k_003/lc30k003_970_gc2000_rp0.02_mr3E-4_ss200.fa	long_content_30k_003	466	29902
long_content_30k_003/lc30k003_971_gc2500_rp0.01_mr2E-4_ss100.fa	long_content_30k_003	44	29902
long_content_30k_003/lc30k003_972_gc2500_rp0.03_mr5E-4_ss100.fa	long_content_30k_003	1165	29902
long_content_30k_003/lc30k003_973_gc2500_rp0.02_mr2E-4_ss100.fa	long_content_30k_003	161	29902
long_content_30k_003/lc30k003_974_gc2500_rp0.02_mr3E-4_ss100.fa	long_content_30k_003	46	29902
long_content_30k_003/lc30k003_975_gc2000_rp0.03_mr3E-4_ss100.fa	long_content_30k_003	512	29902
long_content_30k_003/lc30k003_976_gc2500_rp0.02_mr3E-4_ss200.fa	long_content_30k_003	428	29902
long_content_30k_003/lc30k003_977_gc2500_rp0.03_mr2E-4_ss100.fa	long_content_30k_003	75	29902
long_content_30k_003/lc30k003_978_gc2500_rp0.01_mr2E-4_ss200.fa	long_content_30k_003	270	26295
long_content_30k_003/lc30k003_979_gc2000_rp0.01_mr2E-4_ss100.fa	long_content_30k_003	139	28299
long_content_30k_003/lc30k003_980_gc2000_rp0.02_mr5E-4_ss100.fa	long_content_30k_003	195	29902
long_content_30k_003/lc30k003_981_gc2000_rp0.03_mr5E-4_ss200.fa	long_content_30k_003	1232	29902
long_content_30k_003/lc30k003_982_gc2500_rp0.02_mr5E-4_ss100.fa	long_content_30k_003	109	29902
long_content_30k_003/lc30k003_983_gc2500_rp0.01_mr5E-4_ss200.fa	long_content_30k_003	210	29902
long_content_30k_003/lc30k003_984_gc2000_rp0.01_mr5E-4_ss100.fa	long_content_30k_003	310	29902
long_content_30k_003/lc30k003_985_gc2000_rp0.01_mr2E-4_ss200.fa	long_content_30k_003	250	29902
long_content_30k_003/lc30k003_986_gc2500_rp0.03_mr3E-4_ss100.fa	long_content_30k_003	956	29902
long_content_30k_003/lc30k003_987_gc2000_rp0.03_mr2E-4_ss100.fa	long_content_30k_003	244	29902
long_content_30k_003/lc30k003_988_gc2500_rp0.01_mr3E-4_ss100.fa	long_content_30k_003	229	29902
long_content_30k_003/lc30k003_989_gc2000_rp0.03_mr3E-4_ss200.fa	long_content_30k_003	490	29902
long_content_30k_003/lc30k003_990_gc2000_rp0.01_mr5E-4_ss200.fa	long_content_30k_003	44	14388
long_content_30k_003/lc30k003_991_gc2000_rp0.02_mr2E-4_ss100.fa	long_content_30k_003	397	29902
long_content_30k_003/lc30k003_992_gc2000_rp0.03_mr5E-4_ss100.fa	long_content_30k_003	279	29902
long_content_30k_003/lc30k003_993_gc2500_rp0.01_mr3E-4_ss200.fa	long_content_30k_003	17	15195
long_content_30k_003/lc30k003_994_gc2500_rp0.02_mr2E-4_ss200.fa	long_content_30k_003	748	29902
long_content_30k_003/lc30k003_995_gc2500_rp0.01_mr5E-4_ss100.fa	long_content_30k_003	56	29902
long_content_30k_003/lc30k003_996_gc2500_rp0.03_mr3E-4_ss200.fa	long_content_30k_003	950	29902
long_content_30k_003/lc30k003_997_gc2000_rp0.01_mr3E-4_ss100.fa	long_content_30k_003	36	29902
long_content_30k_003/lc30k003_998_gc2000_rp0.01_mr3E-4_ss200.fa	long_content_30k_003	23	29902
long_content_30k_003/lc30k003_999_gc2000_rp0.02_mr2E-4_ss200.fa	long_content_30k_003	123	29902
UnseenTestSet/alignment_TestSet_2022-08-20-15_55_16_3300-0.07-0.000114-100.fa	UnseenTestSet	48	29878
UnseenTestSet/alignment_TestSet_2022-08-20-15_55_16_3300-0.07-0.000114-150.fa	UnseenTestSet	58	29983
UnseenTestSet/alignment_TestSet_2022-08-20-15_55_16_3300-0.07-0.000114-200.fa	UnseenTestSet	71	30142
UnseenTestSet/alignment_TestSet_2022-08-20-15_55_16_3300-0.07-0.000116-100.fa	UnseenTestSet	46	29968
UnseenTestSet/alignment_TestSet_2022-08-20-15_55_16_3300-0.07-0.000116-150.fa	UnseenTestSet	47	29923
UnseenTestSet/alignment_TestSet_2022-08-20-15_55_16_3300-0.07-0.000116-200.fa	UnseenTestSet	64	30046
UnseenTestSet/alignment_TestSet_2022-08-20-15_55_16_3300-0.07-0.000118-100.fa	UnseenTestSet	56	29926
UnseenTestSet/alignment_TestSet_2022-08-20-15_55_16_3300-0.07-0.000118-150.fa	UnseenTestSet	90	30082
UnseenTestSet/alignment_TestSet_2022-08-20-15_55_16_3300-0.07-0.000118-200.fa	UnseenTestSet	71	29944
UnseenTestSet/alignment_TestSet_2022-08-20-15_55_16_3300-0.075-0.000114-100.fa	UnseenTestSet	58	29971
UnseenTestSet/alignment_TestSet_2022-08-20-15_55_16_3300-0.075-0.000114-150.fa	UnseenTestSet	37	29992
UnseenTestSet/alignment_TestSet_2022-08-21-01_38_14_3300-0.07-0.000114-100.fa	UnseenTestSet	53	29959
UnseenTestSet/alignment_TestSet_2022-08-21-01_38_14_3300-0.07-0.000114-150.fa	UnseenTestSet	62	30058
UnseenTestSet/alignment_TestSet_2022-08-21-01_38_14_3300-0.07-0.000114-200.fa	UnseenTestSet	106	30121
UnseenTestSet/alignment_TestSet_2022-08-21-01_38_14_3300-0.07-0.000116-100.fa	UnseenTestSet	51	29944
UnseenTestSet/alignment_TestSet_2022-08-21-01_38_14_3300-0.07-0.000116-150.fa	UnseenTestSet	63	30070
UnseenTestSet/alignment_TestSet_2022-08-21-10_36_55_3300-0.07-0.000114-100.fa	UnseenTestSet	36	29857
UnseenTestSet/alignment_TestSet_2022-08-21-10_36_55_3300-0.07-0.000114-150.fa	UnseenTestSet	102	30122
UnseenTestSet/alignment_TestSet_2022-08-21-10_36_55_3300-0.07-0.000114-200.fa	UnseenTestSet	81	30112
UnseenTestSet/alignment_TestSet_2022-08-21-17_54_51_3300-0.07-0.000114-100.fa	UnseenTestSet	61	30013
UnseenTestSet/alignment_TestSet_2022-08-21-17_54_51_3300-0.07-0.000114-150.fa	UnseenTestSet	89	30136
UnseenTestSet/alignment_TestSet_2022-08-22-14_11_10_3300-0.065-0.000114-100.fa	UnseenTestSet	66	30049
UnseenTestSet/alignment_TestSet_2022-08-22-14_11_10_3300-0.065-0.000114-50.fa	UnseenTestSet	30	29830
UnseenTestSet/alignment_TestSet_2022-08-22-16_33_59_3300-0.065-0.000114-50.fa	UnseenTestSet	33	29884
UnseenTestSet/alignment_TestSet_2022-08-22-19_14_54_3300-0.065-0.000114-100.fa	UnseenTestSet	49	29986
UnseenTestSet/alignment_TestSet_2022-08-22-19_14_54_3300-0.065-0.000114-50.fa	UnseenTestSet	48	29917
UnseenTestSet/alignment_TestSet_2022-08-23-08_50_09_3300-0.065-0.000114-100.fa	UnseenTestSet	48	30049
UnseenTestSet/alignment_TestSet_2022-08-23-08_50_09_3300-0.065-0.000114-150.fa	UnseenTestSet	64	29980
UnseenTestSet/alignment_TestSet_2022-08-23-08_50_09_3300-0.065-0.000114-200.fa	UnseenTestSet	69	30112
UnseenTestSet/alignment_TestSet_2022-08-23-08_50_09_3300-0.065-0.000114-50.fa	UnseenTestSet	44	29955
UnseenTestSet/alignment_TestSet_2022-08-23-08_50_09_3300-0.065-0.000115-100.fa	UnseenTestSet	27	29857
UnseenTestSet/alignment_TestSet_2022-08-23-08_50_09_3300-0.065-0.000115-150.fa	UnseenTestSet	33	29923
UnseenTestSet/alignment_TestSet_2022-08-23-08_50_09_3300-0.065-0.000115-200.fa	UnseenTestSet	86	29969
UnseenTestSet/alignment_TestSet_2022-08-23-08_50_09_3300-0.065-0.000115-50.fa	UnseenTestSet	27	30001
UnseenTestSet/alignment_TestSet_2022-08-23-08_50_09_3300-0.065-0.000116-100.fa	UnseenTestSet	38	30073
UnseenTestSet/alignment_TestSet_2022-08-23-08_50_09_3300-0.065-0.000116-50.fa	UnseenTestSet	30	29995
UnseenTestSet/alignment_TestSet_2022-08-23-15_04_32_3300-0.065-0.000114-50.fa	UnseenTestSet	3	29881
UnseenTestSet/alignment_TestSet_2022-08-23-17_12_57_3300-0.065-0.000114-100.fa	UnseenTestSet	53	30106
UnseenTestSet/alignment_TestSet_2022-08-23-17_12_57_3300-0.065-0.000114-50.fa	UnseenTestSet	15	29980
UnseenTestSet/alignment_TestSet_2022-08-23-18_28_52_3300-0.065-0.000114-100.fa	UnseenTestSet	60	30054
UnseenTestSet/alignment_TestSet_2022-08-23-18_28_52_3300-0.065-0.000114-150.fa	UnseenTestSet	53	30055
UnseenTestSet/alignment_TestSet_2022-08-23-18_28_52_3300-0.065-0.000114-200.fa	UnseenTestSet	88	30028
UnseenTestSet/alignment_TestSet_2022-08-23-18_28_52_3300-0.065-0.000114-50.fa	UnseenTestSet	29	30016
UnseenTestSet/alignment_TestSet_2022-08-23-21_50_58_3300-0.07-0.000116-100.fa	UnseenTestSet	58	30031
UnseenTestSet/alignment_TestSet_2022-08-23-21_50_58_3300-0.07-0.000117-100.fa	UnseenTestSet	49	30022
UnseenTestSet/alignment_TestSet_2022-08-23-21_50_58_3300-0.07-0.000117-150.fa	UnseenTestSet	60	30104
UnseenTestSet/alignment_TestSet_2022-08-23-23_54_54_3300-0.07-0.000115-100.fa	UnseenTestSet	48	30028
UnseenTestSet/alignment_TestSet_2022-08-23-23_54_54_3300-0.07-0.000115-150.fa	UnseenTestSet	58	29890
UnseenTestSet/alignment_TestSet_2022-08-23-23_54_54_3300-0.07-0.000116-100.fa	UnseenTestSet	65	29965
UnseenTestSet/alignment_TestSet_2022-08-23-23_54_54_3300-0.07-0.000116-150.fa	UnseenTestSet	40	30040
UnseenTestSet/alignment_TestSet_2022-08-23-23_54_54_3300-0.07-0.000117-100.fa	UnseenTestSet	14	29902
UnseenTestSet/alignment_TestSet_2022-08-23-23_54_54_3300-0.07-0.000117-150.fa	UnseenTestSet	64	30064
UnseenTestSet/alignment_TestSet_2022-08-23-23_54_54_3300-0.075-0.000115-100.fa	UnseenTestSet	75	30016
UnseenTestSet/alignment_TestSet_2022-08-23-23_54_54_3300-0.075-0.000115-150.fa	UnseenTestSet	60	29993
UnseenTestSet/alignment_TestSet_2022-08-23-23_54_54_3300-0.075-0.000116-100.fa	UnseenTestSet	59	29971
UnseenTestSet/alignment_TestSet_2022-08-23-23_54_54_3300-0.075-0.000116-150.fa	UnseenTestSet	68	29968
UnseenTestSet/alignment_TestSet_2022-08-23-23_54_54_3300-0.075-0.000117-100.fa	UnseenTestSet	73	30005
UnseenTestSet/alignment_TestSet_2022-08-23-23_54_54_3300-0.075-0.000117-150.fa	UnseenTestSet	85	29950
UnseenTestSet/alignment_TestSet_2022-08-24-12_11_13_3300-0.07-0.000115-100.fa	UnseenTestSet	49	30067
UnseenTestSet/alignment_TestSet_2022-08-24-12_11_13_3300-0.07-0.000115-150.fa	UnseenTestSet	97	29955
UnseenTestSet/alignment_TestSet_2022-08-24-12_11_13_3300-0.07-0.000116-100.fa	UnseenTestSet	54	29896
UnseenTestSet/alignment_TestSet_2022-08-24-12_11_13_3300-0.07-0.000116-150.fa	UnseenTestSet	70	30073
UnseenTestSet/alignment_TestSet_2022-08-24-12_11_13_3300-0.07-0.000117-100.fa	UnseenTestSet	29	29905
UnseenTestSet/alignment_TestSet_2022-08-24-12_11_13_3300-0.07-0.000117-150.fa	UnseenTestSet	31	30025
UnseenTestSet/alignment_TestSet_2022-08-24-12_11_13_3300-0.075-0.000115-100.fa	UnseenTestSet	66	29923
UnseenTestSet/alignment_TestSet_2022-08-24-12_11_13_3300-0.075-0.000115-150.fa	UnseenTestSet	14	29923
UnseenTestSet/alignment_TestSet_2022-08-24-12_11_13_3300-0.075-0.000116-100.fa	UnseenTestSet	46	30238
UnseenTestSet/alignment_TestSet_2022-08-24-12_11_13_3300-0.075-0.000116-150.fa	UnseenTestSet	41	29905
UnseenTestSet/alignment_TestSet_2022-08-24-12_11_13_3300-0.075-0.000117-100.fa	UnseenTestSet	44	29923
UnseenTestSet/alignment_TestSet_2022-08-24-12_11_13_3300-0.075-0.000117-150.fa	UnseenTestSet	87	30010
UnseenTestSet/alignment_TestSet_2022-08-24-19_38_57_3300-0.07-0.000115-100.fa	UnseenTestSet	60	29968
UnseenTestSet/alignment_TestSet_2022-08-24-19_38_57_3300-0.07-0.000115-150.fa	UnseenTestSet	68	29974
UnseenTestSet/alignment_TestSet_2022-08-24-19_38_57_3300-0.07-0.000116-100.fa	UnseenTestSet	64	30002
UnseenTestSet/alignment_TestSet_2022-08-24-19_38_57_3300-0.07-0.000116-150.fa	UnseenTestSet	49	29989
UnseenTestSet/alignment_TestSet_2022-08-24-19_38_57_3300-0.07-0.000117-100.fa	UnseenTestSet	76	30076
UnseenTestSet/alignment_TestSet_2022-08-24-19_38_57_3300-0.07-0.000117-150.fa	UnseenTestSet	34	29985
UnseenTestSet/alignment_TestSet_2022-08-24-19_38_57_3300-0.075-0.000116-100.fa	UnseenTestSet	71	30028
UnseenTestSet/alignment_TestSet_2022-08-24-19_38_57_3300-0.075-0.000117-100.fa	UnseenTestSet	63	30110
UnseenTestSet/alignment_TestSet_2022-08-24-19_38_57_3300-0.075-0.000117-150.fa	UnseenTestSet	43	29845
UnseenTestSet/alignment_TestSet_3500-0.07-0.000114-100.fa	UnseenTestSet	78	29957
UnseenTestSet/alignment_TestSet_3500-0.07-0.000114-150.fa	UnseenTestSet	71	30157
UnseenTestSet/alignment_TestSet_3500-0.07-0.000114-200.fa	UnseenTestSet	42	29932
UnseenTestSet/alignment_TestSet_3500-0.07-0.000116-100.fa	UnseenTestSet	54	29989
UnseenTestSet/alignment_TestSet_3500-0.07-0.000116-150.fa	UnseenTestSet	82	30039
UnseenTestSet/alignment_TestSet_3500-0.07-0.000116-200.fa	UnseenTestSet	88	30143
UnseenTestSet/alignment_TestSet_3500-0.07-0.000118-100.fa	UnseenTestSet	54	30077
UnseenTestSet/alignment_TestSet_3500-0.07-0.000118-150.fa	UnseenTestSet	89	30004
UnseenTestSet/alignment_TestSet_3500-0.07-0.000118-200.fa	UnseenTestSet	83	30019
UnseenTestSet/alignment_TestSet_3500-0.075-0.000114-100.fa	UnseenTestSet	37	30208
UnseenTestSet/alignment_TestSet_3500-0.075-0.000114-150.fa	UnseenTestSet	77	30092
UnseenTestSet/alignment_TestSet_3500-0.075-0.000114-200.fa	UnseenTestSet	89	30028
UnseenTestSet/alignment_TestSet_3500-0.075-0.000116-100.fa	UnseenTestSet	50	29956
UnseenTestSet/alignment_TestSet_3500-0.075-0.000116-150.fa	UnseenTestSet	82	30058
UnseenTestSet/alignment_TestSet_3500-0.075-0.000116-200.fa	UnseenTestSet	69	30091
UnseenTestSet/alignment_TestSet_3500-0.075-0.000118-100.fa	UnseenTestSet	70	30040
UnseenTestSet/alignment_TestSet_3500-0.075-0.000118-150.fa	UnseenTestSet	71	29854
UnseenTestSet/alignment_TestSet_3500-0.075-0.000118-200.fa	UnseenTestSet	110	30085
