rel_path	dir	n_events	max_bp
XML-1/alignment_XML1-2500-0.005-12E-5-100-1.fa	XML-1	9	3822
XML-1/alignment_XML1-2500-0.005-12E-5-100-10.fa	XML-1	10	3822
XML-1/alignment_XML1-2500-0.005-12E-5-100-11.fa	XML-1	10	3822
XML-1/alignment_XML1-2500-0.005-12E-5-100-12.fa	XML-1	15	3822
XML-1/alignment_XML1-2500-0.005-12E-5-100-13.fa	XML-1	13	3822
XML-1/alignment_XML1-2500-0.005-12E-5-100-14.fa	XML-1	5	3018
XML-1/alignment_XML1-2500-0.005-12E-5-100-15.fa	XML-1	10	3822
XML-1/alignment_XML1-2500-0.005-12E-5-100-2.fa	XML-1	9	3822
XML-1/alignment_XML1-2500-0.005-12E-5-100-3.fa	XML-1	10	3822
XML-1/alignment_XML1-2500-0.005-12E-5-100-4.fa	XML-1	8	3822
XML-1/alignment_XML1-2500-0.005-12E-5-100-5.fa	XML-1	15	3822
XML-1/alignment_XML1-2500-0.005-12E-5-100-6.fa	XML-1	15	3822
XML-1/alignment_XML1-2500-0.005-12E-5-100-7.fa	XML-1	7	3822
XML-1/alignment_XML1-2500-0.005-12E-5-100-8.fa	XML-1	22	3822
XML-1/alignment_XML1-2500-0.005-12E-5-100-9.fa	XML-1	19	3822
XML-1/alignment_XML1-2500-0.005-12E-5-200-1.fa	XML-1	15	3654
XML-1/alignment_XML1-2500-0.005-12E-5-200-10.fa	XML-1	14	3822
XML-1/alignment_XML1-2500-0.005-12E-5-200-11.fa	XML-1	12	3822
XML-1/alignment_XML1-2500-0.005-12E-5-200-12.fa	XML-1	16	3822
XML-1/alignment_XML1-2500-0.005-12E-5-200-13.fa	XML-1	27	3822
XML-1/alignment_XML1-2500-0.005-12E-5-200-14.fa	XML-1	15	3822
XML-1/alignment_XML1-2500-0.005-12E-5-200-15.fa	XML-1	16	3822
XML-1/alignment_XML1-2500-0.005-12E-5-200-2.fa	XML-1	16	3822
XML-1/alignment_XML1-2500-0.005-12E-5-200-3.fa	XML-1	19	3822
XML-1/alignment_XML1-2500-0.005-12E-5-200-4.fa	XML-1	21	3822
XML-1/alignment_XML1-2500-0.005-12E-5-200-5.fa	XML-1	20	3822
XML-1/alignment_XML1-2500-0.005-12E-5-200-6.fa	XML-1	15	3822
XML-1/alignment_XML1-2500-0.005-12E-5-200-7.fa	XML-1	12	3822
XML-1/alignment_XML1-2500-0.005-12E-5-200-8.fa	XML-1	25	3822
XML-1/alignment_XML1-2500-0.005-12E-5-200-9.fa	XML-1	9	3822
XML-1/alignment_XML1-2500-0.005-12E-5-50-1.fa	XML-1	5	3822
XML-1/alignment_XML1-2500-0.005-12E-5-50-10.fa	XML-1	18	3822
XML-1/alignment_XML1-2500-0.005-12E-5-50-11.fa	XML-1	3	3822
XML-1/alignment_XML1-2500-0.005-12E-5-50-12.fa	XML-1	6	3822
XML-1/alignment_XML1-2500-0.005-12E-5-50-13.fa	XML-1	11	3822
XML-1/alignment_XML1-2500-0.005-12E-5-50-14.fa	XML-1	10	3822
XML-1/alignment_XML1-2500-0.005-12E-5-50-15.fa	XML-1	10	3822
XML-1/alignment_XML1-2500-0.005-12E-5-50-2.fa	XML-1	10	3822
XML-1/alignment_XML1-2500-0.005-12E-5-50-3.fa	XML-1	7	3822
XML-1/alignment_XML1-2500-0.005-12E-5-50-4.fa	XML-1	9	2523
XML-1/alignment_XML1-2500-0.005-12E-5-50-5.fa	XML-1	6	3132
XML-1/alignment_XML1-2500-0.005-12E-5-50-6.fa	XML-1	16	3822
XML-1/alignment_XML1-2500-0.005-12E-5-50-7.fa	XML-1	7	3822
XML-1/alignment_XML1-2500-0.005-12E-5-50-8.fa	XML-1	9	3822
XML-1/alignment_XML1-2500-0.005-12E-5-50-9.fa	XML-1	12	3822
XML-1/alignment_XML1-2500-0.005-4E-5-100-1.fa	XML-1	15	3822
XML-1/alignment_XML1-2500-0.005-4E-5-100-10.fa	XML-1	10	3822
XML-1/alignment_XML1-2500-0.005-4E-5-100-11.fa	XML-1	11	3822
XML-1/alignment_XML1-2500-0.005-4E-5-100-12.fa	XML-1	16	3822
XML-1/alignment_XML1-2500-0.005-4E-5-100-13.fa	XML-1	8	3822
XML-1/alignment_XML1-2500-0.005-4E-5-100-14.fa	XML-1	9	3822
XML-1/alignment_XML1-2500-0.005-4E-5-100-15.fa	XML-1	16	3822
XML-1/alignment_XML1-2500-0.005-4E-5-100-2.fa	XML-1	10	3822
XML-1/alignment_XML1-2500-0.005-4E-5-100-3.fa	XML-1	9	3822
XML-1/alignment_XML1-2500-0.005-4E-5-100-4.fa	XML-1	4	3567
XML-1/alignment_XML1-2500-0.005-4E-5-100-5.fa	XML-1	19	3822
XML-1/alignment_XML1-2500-0.005-4E-5-100-6.fa	XML-1	8	3465
XML-1/alignment_XML1-2500-0.005-4E-5-100-7.fa	XML-1	8	3822
XML-1/alignment_XML1-2500-0.005-4E-5-100-8.fa	XML-1	11	3822
XML-1/alignment_XML1-2500-0.005-4E-5-100-9.fa	XML-1	13	3822
XML-1/alignment_XML1-2500-0.005-4E-5-200-1.fa	XML-1	17	3822
XML-1/alignment_XML1-2500-0.005-4E-5-200-10.fa	XML-1	15	3822
XML-1/alignment_XML1-2500-0.005-4E-5-200-11.fa	XML-1	10	3822
XML-1/alignment_XML1-2500-0.005-4E-5-200-12.fa	XML-1	14	3822
XML-1/alignment_XML1-2500-0.005-4E-5-200-13.fa	XML-1	21	3822
XML-1/alignment_XML1-2500-0.005-4E-5-200-14.fa	XML-1	17	3822
XML-1/alignment_XML1-2500-0.005-4E-5-200-15.fa	XML-1	19	3822
XML-1/alignment_XML1-2500-0.005-4E-5-200-2.fa	XML-1	15	3822
XML-1/alignment_XML1-2500-0.005-4E-5-200-3.fa	XML-1	18	3822
XML-1/alignment_XML1-2500-0.005-4E-5-200-4.fa	XML-1	12	3822
XML-1/alignment_XML1-2500-0.005-4E-5-200-5.fa	XML-1	16	3822
XML-1/alignment_XML1-2500-0.005-4E-5-200-6.fa	XML-1	18	3822
XML-1/alignment_XML1-2500-0.005-4E-5-200-7.fa	XML-1	12	3822
XML-1/alignment_XML1-2500-0.005-4E-5-200-8.fa	XML-1	9	3822
XML-1/alignment_XML1-2500-0.005-4E-5-200-9.fa	XML-1	10	3624
XML-1/alignment_XML1-2500-0.005-4E-5-50-1.fa	XML-1	13	3822
XML-1/alignment_XML1-2500-0.005-4E-5-50-10.fa	XML-1	8	3120
XML-1/alignment_XML1-2500-0.005-4E-5-50-11.fa	XML-1	6	3822
XML-1/alignment_XML1-2500-0.005-4E-5-50-12.fa	XML-1	11	3822
XML-1/alignment_XML1-2500-0.005-4E-5-50-13.fa	XML-1	4	3222
XML-1/alignment_XML1-2500-0.005-4E-5-50-14.fa	XML-1	10	3822
XML-1/alignment_XML1-2500-0.005-4E-5-50-15.fa	XML-1	9	3822
XML-1/alignment_XML1-2500-0.005-4E-5-50-2.fa	XML-1	14	3822
XML-1/alignment_XML1-2500-0.005-4E-5-50-3.fa	XML-1	6	3822
XML-1/alignment_XML1-2500-0.005-4E-5-50-4.fa	XML-1	11	3822
XML-1/alignment_XML1-2500-0.005-4E-5-50-5.fa	XML-1	16	3822
XML-1/alignment_XML1-2500-0.005-4E-5-50-6.fa	XML-1	10	3822
XML-1/alignment_XML1-2500-0.005-4E-5-50-7.fa	XML-1	18	3822
XML-1/alignment_XML1-2500-0.005-4E-5-50-8.fa	XML-1	9	3822
XML-1/alignment_XML1-2500-0.005-4E-5-50-9.fa	XML-1	7	3822
XML-1/alignment_XML1-2500-0.005-8E-5-100-1.fa	XML-1	10	3822
XML-1/alignment_XML1-2500-0.005-8E-5-100-10.fa	XML-1	12	3822
XML-1/alignment_XML1-2500-0.005-8E-5-100-11.fa	XML-1	14	3822
XML-1/alignment_XML1-2500-0.005-8E-5-100-12.fa	XML-1	6	3822
XML-1/alignment_XML1-2500-0.005-8E-5-100-13.fa	XML-1	12	3822
XML-1/alignment_XML1-2500-0.005-8E-5-100-14.fa	XML-1	14	3822
XML-1/alignment_XML1-2500-0.005-8E-5-100-15.fa	XML-1	9	3822
XML-1/alignment_XML1-2500-0.005-8E-5-100-2.fa	XML-1	7	3822
XML-1/alignment_XML1-2500-0.005-8E-5-100-3.fa	XML-1	15	3822
XML-1/alignment_XML1-2500-0.005-8E-5-100-4.fa	XML-1	7	3822
XML-1/alignment_XML1-2500-0.005-8E-5-100-5.fa	XML-1	9	3822
XML-1/alignment_XML1-2500-0.005-8E-5-100-6.fa	XML-1	13	3822
XML-1/alignment_XML1-2500-0.005-8E-5-100-7.fa	XML-1	14	3822
XML-1/alignment_XML1-2500-0.005-8E-5-100-8.fa	XML-1	9	3822
XML-1/alignment_XML1-2500-0.005-8E-5-100-9.fa	XML-1	10	3669
XML-1/alignment_XML1-2500-0.005-8E-5-200-1.fa	XML-1	14	3822
XML-1/alignment_XML1-2500-0.005-8E-5-200-10.fa	XML-1	13	3822
XML-1/alignment_XML1-2500-0.005-8E-5-200-11.fa	XML-1	14	3441
XML-1/alignment_XML1-2500-0.005-8E-5-200-12.fa	XML-1	14	3822
XML-1/alignment_XML1-2500-0.005-8E-5-200-13.fa	XML-1	14	3822
XML-1/alignment_XML1-2500-0.005-8E-5-200-14.fa	XML-1	11	3822
XML-1/alignment_XML1-2500-0.005-8E-5-200-15.fa	XML-1	9	3822
XML-1/alignment_XML1-2500-0.005-8E-5-200-2.fa	XML-1	18	3822
XML-1/alignment_XML1-2500-0.005-8E-5-200-3.fa	XML-1	20	3822
XML-1/alignment_XML1-2500-0.005-8E-5-200-4.fa	XML-1	7	3822
XML-1/alignment_XML1-2500-0.005-8E-5-200-5.fa	XML-1	23	3822
XML-1/alignment_XML1-2500-0.005-8E-5-200-6.fa	XML-1	13	3822
XML-1/alignment_XML1-2500-0.005-8E-5-200-7.fa	XML-1	15	3822
XML-1/alignment_XML1-2500-0.005-8E-5-200-8.fa	XML-1	12	3822
XML-1/alignment_XML1-2500-0.005-8E-5-200-9.fa	XML-1	14	3822
XML-1/alignment_XML1-2500-0.005-8E-5-50-1.fa	XML-1	7	3822
XML-1/alignment_XML1-2500-0.005-8E-5-50-10.fa	XML-1	6	3822
XML-1/alignment_XML1-2500-0.005-8E-5-50-11.fa	XML-1	10	3822
XML-1/alignment_XML1-2500-0.005-8E-5-50-12.fa	XML-1	10	3822
XML-1/alignment_XML1-2500-0.005-8E-5-50-13.fa	XML-1	13	3822
XML-1/alignment_XML1-2500-0.005-8E-5-50-14.fa	XML-1	7	3822
XML-1/alignment_XML1-2500-0.005-8E-5-50-15.fa	XML-1	7	3822
XML-1/alignment_XML1-2500-0.005-8E-5-50-2.fa	XML-1	13	3822
XML-1/alignment_XML1-2500-0.005-8E-5-50-3.fa	XML-1	11	3822
XML-1/alignment_XML1-2500-0.005-8E-5-50-4.fa	XML-1	12	3822
XML-1/alignment_XML1-2500-0.005-8E-5-50-5.fa	XML-1	6	3822
XML-1/alignment_XML1-2500-0.005-8E-5-50-6.fa	XML-1	6	3372
XML-1/alignment_XML1-2500-0.005-8E-5-50-7.fa	XML-1	10	3822
XML-1/alignment_XML1-2500-0.005-8E-5-50-8.fa	XML-1	6	3822
XML-1/alignment_XML1-2500-0.005-8E-5-50-9.fa	XML-1	9	3822
XML-1/alignment_XML1-2500-0.01-12E-5-100-1.fa	XML-1	29	3822
XML-1/alignment_XML1-2500-0.01-12E-5-100-10.fa	XML-1	26	3822
XML-1/alignment_XML1-2500-0.01-12E-5-100-11.fa	XML-1	31	3822
XML-1/alignment_XML1-2500-0.01-12E-5-100-12.fa	XML-1	21	3822
XML-1/alignment_XML1-2500-0.01-12E-5-100-13.fa	XML-1	21	3822
XML-1/alignment_XML1-2500-0.01-12E-5-100-14.fa	XML-1	25	3822
XML-1/alignment_XML1-2500-0.01-12E-5-100-15.fa	XML-1	19	3822
XML-1/alignment_XML1-2500-0.01-12E-5-100-2.fa	XML-1	18	3822
XML-1/alignment_XML1-2500-0.01-12E-5-100-3.fa	XML-1	20	3822
XML-1/alignment_XML1-2500-0.01-12E-5-100-4.fa	XML-1	21	3822
XML-1/alignment_XML1-2500-0.01-12E-5-100-5.fa	XML-1	26	3822
XML-1/alignment_XML1-2500-0.01-12E-5-100-6.fa	XML-1	23	3822
XML-1/alignment_XML1-2500-0.01-12E-5-100-7.fa	XML-1	37	3822
XML-1/alignment_XML1-2500-0.01-12E-5-100-8.fa	XML-1	29	3822
XML-1/alignment_XML1-2500-0.01-12E-5-100-9.fa	XML-1	21	3822
XML-1/alignment_XML1-2500-0.01-12E-5-200-1.fa	XML-1	34	3822
XML-1/alignment_XML1-2500-0.01-12E-5-200-10.fa	XML-1	41	3822
XML-1/alignment_XML1-2500-0.01-12E-5-200-11.fa	XML-1	20	3822
XML-1/alignment_XML1-2500-0.01-12E-5-200-12.fa	XML-1	25	3822
XML-1/alignment_XML1-2500-0.01-12E-5-200-13.fa	XML-1	23	3822
XML-1/alignment_XML1-2500-0.01-12E-5-200-14.fa	XML-1	39	3822
XML-1/alignment_XML1-2500-0.01-12E-5-200-15.fa	XML-1	22	3822
XML-1/alignment_XML1-2500-0.01-12E-5-200-2.fa	XML-1	26	3822
XML-1/alignment_XML1-2500-0.01-12E-5-200-3.fa	XML-1	21	3822
XML-1/alignment_XML1-2500-0.01-12E-5-200-4.fa	XML-1	34	3822
XML-1/alignment_XML1-2500-0.01-12E-5-200-5.fa	XML-1	29	3822
XML-1/alignment_XML1-2500-0.01-12E-5-200-6.fa	XML-1	22	3822
XML-1/alignment_XML1-2500-0.01-12E-5-200-7.fa	XML-1	23	3822
XML-1/alignment_XML1-2500-0.01-12E-5-200-8.fa	XML-1	18	3822
XML-1/alignment_XML1-2500-0.01-12E-5-200-9.fa	XML-1	29	3822
XML-1/alignment_XML1-2500-0.01-12E-5-50-1.fa	XML-1	16	3822
XML-1/alignment_XML1-2500-0.01-12E-5-50-10.fa	XML-1	22	3822
XML-1/alignment_XML1-2500-0.01-12E-5-50-11.fa	XML-1	11	3822
XML-1/alignment_XML1-2500-0.01-12E-5-50-12.fa	XML-1	15	3822
XML-1/alignment_XML1-2500-0.01-12E-5-50-13.fa	XML-1	15	3822
XML-1/alignment_XML1-2500-0.01-12E-5-50-14.fa	XML-1	13	3822
XML-1/alignment_XML1-2500-0.01-12E-5-50-15.fa	XML-1	14	3822
XML-1/alignment_XML1-2500-0.01-12E-5-50-2.fa	XML-1	13	3822
XML-1/alignment_XML1-2500-0.01-12E-5-50-3.fa	XML-1	20	3822
XML-1/alignment_XML1-2500-0.01-12E-5-50-4.fa	XML-1	18	3822
XML-1/alignment_XML1-2500-0.01-12E-5-50-5.fa	XML-1	13	3822
XML-1/alignment_XML1-2500-0.01-12E-5-50-6.fa	XML-1	17	3822
XML-1/alignment_XML1-2500-0.01-12E-5-50-7.fa	XML-1	18	3822
XML-1/alignment_XML1-2500-0.01-12E-5-50-8.fa	XML-1	12	3822
XML-1/alignment_XML1-2500-0.01-12E-5-50-9.fa	XML-1	20	3822
XML-1/alignment_XML1-2500-0.01-4E-5-100-1.fa	XML-1	30	3822
XML-1/alignment_XML1-2500-0.01-4E-5-100-10.fa	XML-1	22	3822
XML-1/alignment_XML1-2500-0.01-4E-5-100-11.fa	XML-1	24	3822
XML-1/alignment_XML1-2500-0.01-4E-5-100-12.fa	XML-1	23	3822
XML-1/alignment_XML1-2500-0.01-4E-5-100-13.fa	XML-1	26	3822
XML-1/alignment_XML1-2500-0.01-4E-5-100-14.fa	XML-1	24	3822
XML-1/alignment_XML1-2500-0.01-4E-5-100-15.fa	XML-1	19	3822
XML-1/alignment_XML1-2500-0.01-4E-5-100-2.fa	XML-1	28	3822
XML-1/alignment_XML1-2500-0.01-4E-5-100-3.fa	XML-1	20	3822
XML-1/alignment_XML1-2500-0.01-4E-5-100-4.fa	XML-1	20	3822
XML-1/alignment_XML1-2500-0.01-4E-5-100-5.fa	XML-1	20	3822
XML-1/alignment_XML1-2500-0.01-4E-5-100-6.fa	XML-1	34	3822
XML-1/alignment_XML1-2500-0.01-4E-5-100-7.fa	XML-1	20	3822
XML-1/alignment_XML1-2500-0.01-4E-5-100-8.fa	XML-1	18	3822
XML-1/alignment_XML1-2500-0.01-4E-5-100-9.fa	XML-1	26	3822
XML-1/alignment_XML1-2500-0.01-4E-5-200-1.fa	XML-1	24	3822
XML-1/alignment_XML1-2500-0.01-4E-5-200-10.fa	XML-1	25	3822
XML-1/alignment_XML1-2500-0.01-4E-5-200-11.fa	XML-1	34	3822
XML-1/alignment_XML1-2500-0.01-4E-5-200-12.fa	XML-1	31	3822
XML-1/alignment_XML1-2500-0.01-4E-5-200-13.fa	XML-1	31	3822
XML-1/alignment_XML1-2500-0.01-4E-5-200-14.fa	XML-1	30	3822
XML-1/alignment_XML1-2500-0.01-4E-5-200-15.fa	XML-1	26	3822
XML-1/alignment_XML1-2500-0.01-4E-5-200-2.fa	XML-1	28	3822
XML-1/alignment_XML1-2500-0.01-4E-5-200-3.fa	XML-1	26	3822
XML-1/alignment_XML1-2500-0.01-4E-5-200-4.fa	XML-1	26	3822
XML-1/alignment_XML1-2500-0.01-4E-5-200-5.fa	XML-1	43	3822
XML-1/alignment_XML1-2500-0.01-4E-5-200-6.fa	XML-1	30	3822
XML-1/alignment_XML1-2500-0.01-4E-5-200-7.fa	XML-1	28	3822
XML-1/alignment_XML1-2500-0.01-4E-5-200-8.fa	XML-1	32	3822
XML-1/alignment_XML1-2500-0.01-4E-5-200-9.fa	XML-1	29	3822
XML-1/alignment_XML1-2500-0.01-4E-5-50-1.fa	XML-1	8	3822
XML-1/alignment_XML1-2500-0.01-4E-5-50-10.fa	XML-1	16	3822
XML-1/alignment_XML1-2500-0.01-4E-5-50-11.fa	XML-1	15	3822
XML-1/alignment_XML1-2500-0.01-4E-5-50-12.fa	XML-1	10	3822
XML-1/alignment_XML1-2500-0.01-4E-5-50-13.fa	XML-1	14	3822
XML-1/alignment_XML1-2500-0.01-4E-5-50-14.fa	XML-1	19	3822
XML-1/alignment_XML1-2500-0.01-4E-5-50-15.fa	XML-1	11	3822
XML-1/alignment_XML1-2500-0.01-4E-5-50-2.fa	XML-1	15	3822
XML-1/alignment_XML1-2500-0.01-4E-5-50-3.fa	XML-1	14	3822
XML-1/alignment_XML1-2500-0.01-4E-5-50-4.fa	XML-1	8	3822
XML-1/alignment_XML1-2500-0.01-4E-5-50-5.fa	XML-1	17	3822
XML-1/alignment_XML1-2500-0.01-4E-5-50-6.fa	XML-1	17	3822
XML-1/alignment_XML1-2500-0.01-4E-5-50-7.fa	XML-1	17	3822
XML-1/alignment_XML1-2500-0.01-4E-5-50-8.fa	XML-1	13	3822
XML-1/alignment_XML1-2500-0.01-4E-5-50-9.fa	XML-1	12	3822
XML-1/alignment_XML1-2500-0.01-8E-5-100-1.fa	XML-1	29	3822
XML-1/alignment_XML1-2500-0.01-8E-5-100-10.fa	XML-1	24	3822
XML-1/alignment_XML1-2500-0.01-8E-5-100-11.fa	XML-1	30	3822
XML-1/alignment_XML1-2500-0.01-8E-5-100-12.fa	XML-1	12	3822
XML-1/alignment_XML1-2500-0.01-8E-5-100-13.fa	XML-1	25	3822
XML-1/alignment_XML1-2500-0.01-8E-5-100-14.fa	XML-1	24	3822
XML-1/alignment_XML1-2500-0.01-8E-5-100-15.fa	XML-1	26	3822
XML-1/alignment_XML1-2500-0.01-8E-5-100-2.fa	XML-1	18	3822
XML-1/alignment_XML1-2500-0.01-8E-5-100-3.fa	XML-1	15	3822
XML-1/alignment_XML1-2500-0.01-8E-5-100-4.fa	XML-1	21	3822
XML-1/alignment_XML1-2500-0.01-8E-5-100-5.fa	XML-1	26	3822
XML-1/alignment_XML1-2500-0.01-8E-5-100-6.fa	XML-1	20	3822
XML-1/alignment_XML1-2500-0.01-8E-5-100-7.fa	XML-1	23	3822
XML-1/alignment_XML1-2500-0.01-8E-5-100-8.fa	XML-1	21	3822
XML-1/alignment_XML1-2500-0.01-8E-5-100-9.fa	XML-1	25	3822
XML-1/alignment_XML1-2500-0.01-8E-5-200-1.fa	XML-1	34	3822
XML-1/alignment_XML1-2500-0.01-8E-5-200-10.fa	XML-1	35	3822
XML-1/alignment_XML1-2500-0.01-8E-5-200-11.fa	XML-1	17	3822
XML-1/alignment_XML1-2500-0.01-8E-5-200-12.fa	XML-1	37	3822
XML-1/alignment_XML1-2500-0.01-8E-5-200-13.fa	XML-1	36	3822
XML-1/alignment_XML1-2500-0.01-8E-5-200-14.fa	XML-1	30	3822
XML-1/alignment_XML1-2500-0.01-8E-5-200-15.fa	XML-1	19	3822
XML-1/alignment_XML1-2500-0.01-8E-5-200-2.fa	XML-1	32	3822
XML-1/alignment_XML1-2500-0.01-8E-5-200-3.fa	XML-1	25	3822
XML-1/alignment_XML1-2500-0.01-8E-5-200-4.fa	XML-1	25	3822
XML-1/alignment_XML1-2500-0.01-8E-5-200-5.fa	XML-1	23	3822
XML-1/alignment_XML1-2500-0.01-8E-5-200-6.fa	XML-1	32	3822
XML-1/alignment_XML1-2500-0.01-8E-5-200-7.fa	XML-1	38	3822
XML-1/alignment_XML1-2500-0.01-8E-5-200-8.fa	XML-1	31	3822
XML-1/alignment_XML1-2500-0.01-8E-5-200-9.fa	XML-1	31	3822
XML-1/alignment_XML1-2500-0.01-8E-5-50-1.fa	XML-1	15	3822
XML-1/alignment_XML1-2500-0.01-8E-5-50-10.fa	XML-1	15	3822
XML-1/alignment_XML1-2500-0.01-8E-5-50-11.fa	XML-1	14	3822
XML-1/alignment_XML1-2500-0.01-8E-5-50-12.fa	XML-1	17	3822
XML-1/alignment_XML1-2500-0.01-8E-5-50-13.fa	XML-1	24	3822
XML-1/alignment_XML1-2500-0.01-8E-5-50-14.fa	XML-1	20	3822
XML-1/alignment_XML1-2500-0.01-8E-5-50-15.fa	XML-1	17	3822
XML-1/alignment_XML1-2500-0.01-8E-5-50-2.fa	XML-1	14	3822
XML-1/alignment_XML1-2500-0.01-8E-5-50-3.fa	XML-1	15	3822
XML-1/alignment_XML1-2500-0.01-8E-5-50-4.fa	XML-1	17	3822
XML-1/alignment_XML1-2500-0.01-8E-5-50-5.fa	XML-1	13	3822
XML-1/alignment_XML1-2500-0.01-8E-5-50-6.fa	XML-1	14	3822
XML-1/alignment_XML1-2500-0.01-8E-5-50-7.fa	XML-1	22	3822
XML-1/alignment_XML1-2500-0.01-8E-5-50-8.fa	XML-1	10	3822
XML-1/alignment_XML1-2500-0.01-8E-5-50-9.fa	XML-1	13	3822
XML-1/alignment_XML1-2500-0.02-12E-5-100-1.fa	XML-1	37	3822
XML-1/alignment_XML1-2500-0.02-12E-5-100-10.fa	XML-1	43	3822
XML-1/alignment_XML1-2500-0.02-12E-5-100-11.fa	XML-1	36	3822
XML-1/alignment_XML1-2500-0.02-12E-5-100-12.fa	XML-1	37	3822
XML-1/alignment_XML1-2500-0.02-12E-5-100-13.fa	XML-1	35	3822
XML-1/alignment_XML1-2500-0.02-12E-5-100-14.fa	XML-1	42	3822
XML-1/alignment_XML1-2500-0.02-12E-5-100-15.fa	XML-1	45	3822
XML-1/alignment_XML1-2500-0.02-12E-5-100-2.fa	XML-1	49	3822
XML-1/alignment_XML1-2500-0.02-12E-5-100-3.fa	XML-1	52	3822
XML-1/alignment_XML1-2500-0.02-12E-5-100-4.fa	XML-1	46	3822
XML-1/alignment_XML1-2500-0.02-12E-5-100-5.fa	XML-1	30	3822
XML-1/alignment_XML1-2500-0.02-12E-5-100-6.fa	XML-1	47	3822
XML-1/alignment_XML1-2500-0.02-12E-5-100-7.fa	XML-1	43	3822
XML-1/alignment_XML1-2500-0.02-12E-5-100-8.fa	XML-1	40	3822
XML-1/alignment_XML1-2500-0.02-12E-5-100-9.fa	XML-1	42	3822
XML-1/alignment_XML1-2500-0.02-12E-5-200-1.fa	XML-1	56	3822
XML-1/alignment_XML1-2500-0.02-12E-5-200-10.fa	XML-1	60	3822
XML-1/alignment_XML1-2500-0.02-12E-5-200-11.fa	XML-1	59	3822
XML-1/alignment_XML1-2500-0.02-12E-5-200-12.fa	XML-1	83	3822
XML-1/alignment_XML1-2500-0.02-12E-5-200-13.fa	XML-1	61	3822
XML-1/alignment_XML1-2500-0.02-12E-5-200-14.fa	XML-1	59	3822
XML-1/alignment_XML1-2500-0.02-12E-5-200-15.fa	XML-1	46	3822
XML-1/alignment_XML1-2500-0.02-12E-5-200-2.fa	XML-1	67	3822
XML-1/alignment_XML1-2500-0.02-12E-5-200-3.fa	XML-1	69	3822
XML-1/alignment_XML1-2500-0.02-12E-5-200-4.fa	XML-1	43	3822
XML-1/alignment_XML1-2500-0.02-12E-5-200-5.fa	XML-1	67	3822
XML-1/alignment_XML1-2500-0.02-12E-5-200-6.fa	XML-1	60	3822
XML-1/alignment_XML1-2500-0.02-12E-5-200-7.fa	XML-1	58	3822
XML-1/alignment_XML1-2500-0.02-12E-5-200-8.fa	XML-1	59	3822
XML-1/alignment_XML1-2500-0.02-12E-5-200-9.fa	XML-1	63	3822
XML-1/alignment_XML1-2500-0.02-12E-5-50-1.fa	XML-1	32	3822
XML-1/alignment_XML1-2500-0.02-12E-5-50-10.fa	XML-1	24	3822
XML-1/alignment_XML1-2500-0.02-12E-5-50-11.fa	XML-1	26	3822
XML-1/alignment_XML1-2500-0.02-12E-5-50-12.fa	XML-1	35	3822
XML-1/alignment_XML1-2500-0.02-12E-5-50-13.fa	XML-1	33	3822
XML-1/alignment_XML1-2500-0.02-12E-5-50-14.fa	XML-1	31	3822
XML-1/alignment_XML1-2500-0.02-12E-5-50-15.fa	XML-1	25	3822
XML-1/alignment_XML1-2500-0.02-12E-5-50-2.fa	XML-1	23	3822
XML-1/alignment_XML1-2500-0.02-12E-5-50-3.fa	XML-1	25	3822
XML-1/alignment_XML1-2500-0.02-12E-5-50-4.fa	XML-1	26	3822
XML-1/alignment_XML1-2500-0.02-12E-5-50-5.fa	XML-1	26	3822
XML-1/alignment_XML1-2500-0.02-12E-5-50-6.fa	XML-1	17	3822
XML-1/alignment_XML1-2500-0.02-12E-5-50-7.fa	XML-1	25	3822
XML-1/alignment_XML1-2500-0.02-12E-5-50-8.fa	XML-1	32	3822
XML-1/alignment_XML1-2500-0.02-12E-5-50-9.fa	XML-1	25	3822
XML-1/alignment_XML1-2500-0.02-4E-5-100-1.fa	XML-1	45	3822
XML-1/alignment_XML1-2500-0.02-4E-5-100-10.fa	XML-1	28	3822
XML-1/alignment_XML1-2500-0.02-4E-5-100-11.fa	XML-1	41	3822
XML-1/alignment_XML1-2500-0.02-4E-5-100-12.fa	XML-1	47	3822
XML-1/alignment_XML1-2500-0.02-4E-5-100-13.fa	XML-1	36	3822
XML-1/alignment_XML1-2500-0.02-4E-5-100-14.fa	XML-1	34	3822
XML-1/alignment_XML1-2500-0.02-4E-5-100-15.fa	XML-1	48	3822
XML-1/alignment_XML1-2500-0.02-4E-5-100-2.fa	XML-1	43	3822
XML-1/alignment_XML1-2500-0.02-4E-5-100-3.fa	XML-1	36	3822
XML-1/alignment_XML1-2500-0.02-4E-5-100-4.fa	XML-1	44	3822
XML-1/alignment_XML1-2500-0.02-4E-5-100-5.fa	XML-1	38	3822
XML-1/alignment_XML1-2500-0.02-4E-5-100-6.fa	XML-1	33	3822
XML-1/alignment_XML1-2500-0.02-4E-5-100-7.fa	XML-1	29	3822
XML-1/alignment_XML1-2500-0.02-4E-5-100-8.fa	XML-1	53	3822
XML-1/alignment_XML1-2500-0.02-4E-5-100-9.fa	XML-1	27	3822
XML-1/alignment_XML1-2500-0.02-4E-5-200-1.fa	XML-1	50	3822
XML-1/alignment_XML1-2500-0.02-4E-5-200-10.fa	XML-1	57	3822
XML-1/alignment_XML1-2500-0.02-4E-5-200-11.fa	XML-1	42	3822
XML-1/alignment_XML1-2500-0.02-4E-5-200-12.fa	XML-1	54	3822
XML-1/alignment_XML1-2500-0.02-4E-5-200-13.fa	XML-1	50	3822
XML-1/alignment_XML1-2500-0.02-4E-5-200-14.fa	XML-1	52	3822
XML-1/alignment_XML1-2500-0.02-4E-5-200-15.fa	XML-1	52	3822
XML-1/alignment_XML1-2500-0.02-4E-5-200-2.fa	XML-1	61	3822
XML-1/alignment_XML1-2500-0.02-4E-5-200-3.fa	XML-1	48	3822
XML-1/alignment_XML1-2500-0.02-4E-5-200-4.fa	XML-1	49	3822
XML-1/alignment_XML1-2500-0.02-4E-5-200-5.fa	XML-1	54	3822
XML-1/alignment_XML1-2500-0.02-4E-5-200-6.fa	XML-1	50	3822
XML-1/alignment_XML1-2500-0.02-4E-5-200-7.fa	XML-1	53	3822
XML-1/alignment_XML1-2500-0.02-4E-5-200-8.fa	XML-1	57	3822
XML-1/alignment_XML1-2500-0.02-4E-5-200-9.fa	XML-1	53	3822
XML-1/alignment_XML1-2500-0.02-4E-5-50-1.fa	XML-1	30	3822
XML-1/alignment_XML1-2500-0.02-4E-5-50-10.fa	XML-1	25	3822
XML-1/alignment_XML1-2500-0.02-4E-5-50-11.fa	XML-1	27	3822
XML-1/alignment_XML1-2500-0.02-4E-5-50-12.fa	XML-1	30	3822
XML-1/alignment_XML1-2500-0.02-4E-5-50-13.fa	XML-1	28	3822
XML-1/alignment_XML1-2500-0.02-4E-5-50-14.fa	XML-1	23	3822
XML-1/alignment_XML1-2500-0.02-4E-5-50-15.fa	XML-1	27	3822
XML-1/alignment_XML1-2500-0.02-4E-5-50-2.fa	XML-1	24	3822
XML-1/alignment_XML1-2500-0.02-4E-5-50-3.fa	XML-1	33	3822
XML-1/alignment_XML1-2500-0.02-4E-5-50-4.fa	XML-1	25	3822
XML-1/alignment_XML1-2500-0.02-4E-5-50-5.fa	XML-1	17	3822
XML-1/alignment_XML1-2500-0.02-4E-5-50-6.fa	XML-1	21	3822
XML-1/alignment_XML1-2500-0.02-4E-5-50-7.fa	XML-1	25	3822
XML-1/alignment_XML1-2500-0.02-4E-5-50-8.fa	XML-1	23	3822
XML-1/alignment_XML1-2500-0.02-4E-5-50-9.fa	XML-1	25	3822
XML-1/alignment_XML1-2500-0.02-8E-5-100-1.fa	XML-1	38	3822
XML-1/alignment_XML1-2500-0.02-8E-5-100-10.fa	XML-1	31	3822
XML-1/alignment_XML1-2500-0.02-8E-5-100-11.fa	XML-1	49	3822
XML-1/alignment_XML1-2500-0.02-8E-5-100-12.fa	XML-1	37	3822
XML-1/alignment_XML1-2500-0.02-8E-5-100-13.fa	XML-1	57	3822
XML-1/alignment_XML1-2500-0.02-8E-5-100-14.fa	XML-1	43	3822
XML-1/alignment_XML1-2500-0.02-8E-5-100-15.fa	XML-1	38	3822
XML-1/alignment_XML1-2500-0.02-8E-5-100-2.fa	XML-1	56	3822
XML-1/alignment_XML1-2500-0.02-8E-5-100-3.fa	XML-1	50	3822
XML-1/alignment_XML1-2500-0.02-8E-5-100-4.fa	XML-1	43	3822
XML-1/alignment_XML1-2500-0.02-8E-5-100-5.fa	XML-1	35	3822
XML-1/alignment_XML1-2500-0.02-8E-5-100-6.fa	XML-1	39	3822
XML-1/alignment_XML1-2500-0.02-8E-5-100-7.fa	XML-1	36	3822
XML-1/alignment_XML1-2500-0.02-8E-5-100-8.fa	XML-1	29	3822
XML-1/alignment_XML1-2500-0.02-8E-5-100-9.fa	XML-1	42	3822
XML-1/alignment_XML1-2500-0.02-8E-5-200-1.fa	XML-1	74	3822
XML-1/alignment_XML1-2500-0.02-8E-5-200-10.fa	XML-1	51	3822
XML-1/alignment_XML1-2500-0.02-8E-5-200-11.fa	XML-1	46	3822
XML-1/alignment_XML1-2500-0.02-8E-5-200-12.fa	XML-1	49	3822
XML-1/alignment_XML1-2500-0.02-8E-5-200-13.fa	XML-1	59	3822
XML-1/alignment_XML1-2500-0.02-8E-5-200-14.fa	XML-1	61	3822
XML-1/alignment_XML1-2500-0.02-8E-5-200-15.fa	XML-1	58	3822
XML-1/alignment_XML1-2500-0.02-8E-5-200-2.fa	XML-1	74	3822
XML-1/alignment_XML1-2500-0.02-8E-5-200-3.fa	XML-1	60	3822
XML-1/alignment_XML1-2500-0.02-8E-5-200-4.fa	XML-1	56	3822
XML-1/alignment_XML1-2500-0.02-8E-5-200-5.fa	XML-1	61	3822
XML-1/alignment_XML1-2500-0.02-8E-5-200-6.fa	XML-1	51	3822
XML-1/alignment_XML1-2500-0.02-8E-5-200-7.fa	XML-1	62	3822
XML-1/alignment_XML1-2500-0.02-8E-5-200-8.fa	XML-1	61	3822
XML-1/alignment_XML1-2500-0.02-8E-5-200-9.fa	XML-1	47	3822
XML-1/alignment_XML1-2500-0.02-8E-5-50-1.fa	XML-1	33	3822
XML-1/alignment_XML1-2500-0.02-8E-5-50-10.fa	XML-1	29	3822
XML-1/alignment_XML1-2500-0.02-8E-5-50-11.fa	XML-1	35	3822
XML-1/alignment_XML1-2500-0.02-8E-5-50-12.fa	XML-1	20	3822
XML-1/alignment_XML1-2500-0.02-8E-5-50-13.fa	XML-1	36	3822
XML-1/alignment_XML1-2500-0.02-8E-5-50-14.fa	XML-1	28	3822
XML-1/alignment_XML1-2500-0.02-8E-5-50-15.fa	XML-1	28	3822
XML-1/alignment_XML1-2500-0.02-8E-5-50-2.fa	XML-1	35	3822
XML-1/alignment_XML1-2500-0.02-8E-5-50-3.fa	XML-1	27	3822
XML-1/alignment_XML1-2500-0.02-8E-5-50-4.fa	XML-1	24	3822
XML-1/alignment_XML1-2500-0.02-8E-5-50-5.fa	XML-1	27	3822
XML-1/alignment_XML1-2500-0.02-8E-5-50-6.fa	XML-1	34	3822
XML-1/alignment_XML1-2500-0.02-8E-5-50-7.fa	XML-1	30	3822
XML-1/alignment_XML1-2500-0.02-8E-5-50-8.fa	XML-1	35	3822
XML-1/alignment_XML1-2500-0.02-8E-5-50-9.fa	XML-1	21	3822
XML-1/alignment_XML1-3250-0.005-12E-5-100-1.fa	XML-1	17	3822
XML-1/alignment_XML1-3250-0.005-12E-5-100-10.fa	XML-1	6	3822
XML-1/alignment_XML1-3250-0.005-12E-5-100-11.fa	XML-1	9	3822
XML-1/alignment_XML1-3250-0.005-12E-5-100-12.fa	XML-1	20	3822
XML-1/alignment_XML1-3250-0.005-12E-5-100-13.fa	XML-1	10	3822
XML-1/alignment_XML1-3250-0.005-12E-5-100-14.fa	XML-1	9	3822
XML-1/alignment_XML1-3250-0.005-12E-5-100-15.fa	XML-1	15	3822
XML-1/alignment_XML1-3250-0.005-12E-5-100-2.fa	XML-1	13	3822
XML-1/alignment_XML1-3250-0.005-12E-5-100-3.fa	XML-1	11	3822
XML-1/alignment_XML1-3250-0.005-12E-5-100-4.fa	XML-1	7	3822
XML-1/alignment_XML1-3250-0.005-12E-5-100-5.fa	XML-1	19	3822
XML-1/alignment_XML1-3250-0.005-12E-5-100-6.fa	XML-1	10	3822
XML-1/alignment_XML1-3250-0.005-12E-5-100-7.fa	XML-1	8	3822
XML-1/alignment_XML1-3250-0.005-12E-5-100-8.fa	XML-1	11	3822
XML-1/alignment_XML1-3250-0.005-12E-5-100-9.fa	XML-1	12	3822
XML-1/alignment_XML1-3250-0.005-12E-5-200-1.fa	XML-1	23	3822
XML-1/alignment_XML1-3250-0.005-12E-5-200-10.fa	XML-1	17	3822
XML-1/alignment_XML1-3250-0.005-12E-5-200-11.fa	XML-1	9	3822
XML-1/alignment_XML1-3250-0.005-12E-5-200-12.fa	XML-1	14	3822
XML-1/alignment_XML1-3250-0.005-12E-5-200-13.fa	XML-1	21	3822
XML-1/alignment_XML1-3250-0.005-12E-5-200-14.fa	XML-1	17	3822
XML-1/alignment_XML1-3250-0.005-12E-5-200-15.fa	XML-1	19	3822
XML-1/alignment_XML1-3250-0.005-12E-5-200-2.fa	XML-1	15	3822
XML-1/alignment_XML1-3250-0.005-12E-5-200-3.fa	XML-1	18	3822
XML-1/alignment_XML1-3250-0.005-12E-5-200-4.fa	XML-1	24	3822
XML-1/alignment_XML1-3250-0.005-12E-5-200-5.fa	XML-1	12	3822
XML-1/alignment_XML1-3250-0.005-12E-5-200-6.fa	XML-1	16	3822
XML-1/alignment_XML1-3250-0.005-12E-5-200-7.fa	XML-1	16	3822
XML-1/alignment_XML1-3250-0.005-12E-5-200-8.fa	XML-1	24	3822
XML-1/alignment_XML1-3250-0.005-12E-5-200-9.fa	XML-1	17	3822
XML-1/alignment_XML1-3250-0.005-12E-5-50-1.fa	XML-1	11	3822
XML-1/alignment_XML1-3250-0.005-12E-5-50-10.fa	XML-1	8	3822
XML-1/alignment_XML1-3250-0.005-12E-5-50-11.fa	XML-1	8	3822
XML-1/alignment_XML1-3250-0.005-12E-5-50-12.fa	XML-1	20	3822
XML-1/alignment_XML1-3250-0.005-12E-5-50-13.fa	XML-1	17	3822
XML-1/alignment_XML1-3250-0.005-12E-5-50-14.fa	XML-1	6	3822
XML-1/alignment_XML1-3250-0.005-12E-5-50-15.fa	XML-1	17	3822
XML-1/alignment_XML1-3250-0.005-12E-5-50-2.fa	XML-1	10	3822
XML-1/alignment_XML1-3250-0.005-12E-5-50-3.fa	XML-1	12	3822
XML-1/alignment_XML1-3250-0.005-12E-5-50-4.fa	XML-1	6	3822
XML-1/alignment_XML1-3250-0.005-12E-5-50-5.fa	XML-1	9	3822
XML-1/alignment_XML1-3250-0.005-12E-5-50-6.fa	XML-1	7	3822
XML-1/alignment_XML1-3250-0.005-12E-5-50-7.fa	XML-1	14	3822
XML-1/alignment_XML1-3250-0.005-12E-5-50-8.fa	XML-1	10	3822
XML-1/alignment_XML1-3250-0.005-12E-5-50-9.fa	XML-1	11	3822
XML-1/alignment_XML1-3250-0.005-4E-5-100-1.fa	XML-1	15	3822
XML-1/alignment_XML1-3250-0.005-4E-5-100-10.fa	XML-1	11	3822
XML-1/alignment_XML1-3250-0.005-4E-5-100-11.fa	XML-1	16	3822
XML-1/alignment_XML1-3250-0.005-4E-5-100-12.fa	XML-1	8	3822
XML-1/alignment_XML1-3250-0.005-4E-5-100-13.fa	XML-1	11	3822
XML-1/alignment_XML1-3250-0.005-4E-5-100-14.fa	XML-1	12	3822
XML-1/alignment_XML1-3250-0.005-4E-5-100-15.fa	XML-1	13	3822
XML-1/alignment_XML1-3250-0.005-4E-5-100-2.fa	XML-1	13	3822
XML-1/alignment_XML1-3250-0.005-4E-5-100-3.fa	XML-1	5	3822
XML-1/alignment_XML1-3250-0.005-4E-5-100-4.fa	XML-1	12	3822
XML-1/alignment_XML1-3250-0.005-4E-5-100-5.fa	XML-1	8	3822
XML-1/alignment_XML1-3250-0.005-4E-5-100-6.fa	XML-1	20	3822
XML-1/alignment_XML1-3250-0.005-4E-5-100-7.fa	XML-1	14	3822
XML-1/alignment_XML1-3250-0.005-4E-5-100-8.fa	XML-1	5	1425
XML-1/alignment_XML1-3250-0.005-4E-5-100-9.fa	XML-1	22	3822
XML-1/alignment_XML1-3250-0.005-4E-5-200-1.fa	XML-1	12	3822
XML-1/alignment_XML1-3250-0.005-4E-5-200-10.fa	XML-1	21	3822
XML-1/alignment_XML1-3250-0.005-4E-5-200-11.fa	XML-1	20	3822
XML-1/alignment_XML1-3250-0.005-4E-5-200-12.fa	XML-1	18	3822
XML-1/alignment_XML1-3250-0.005-4E-5-200-13.fa	XML-1	20	3822
XML-1/alignment_XML1-3250-0.005-4E-5-200-14.fa	XML-1	11	3822
XML-1/alignment_XML1-3250-0.005-4E-5-200-15.fa	XML-1	11	3822
XML-1/alignment_XML1-3250-0.005-4E-5-200-2.fa	XML-1	27	3822
XML-1/alignment_XML1-3250-0.005-4E-5-200-3.fa	XML-1	15	3822
XML-1/alignment_XML1-3250-0.005-4E-5-200-4.fa	XML-1	21	3822
XML-1/alignment_XML1-3250-0.005-4E-5-200-5.fa	XML-1	23	3822
XML-1/alignment_XML1-3250-0.005-4E-5-200-6.fa	XML-1	18	3822
XML-1/alignment_XML1-3250-0.005-4E-5-200-7.fa	XML-1	25	3822
XML-1/alignment_XML1-3250-0.005-4E-5-200-8.fa	XML-1	16	3822
XML-1/alignment_XML1-3250-0.005-4E-5-200-9.fa	XML-1	16	3822
XML-1/alignment_XML1-3250-0.005-4E-5-50-1.fa	XML-1	8	3822
XML-1/alignment_XML1-3250-0.005-4E-5-50-10.fa	XML-1	13	3822
XML-1/alignment_XML1-3250-0.005-4E-5-50-11.fa	XML-1	12	3822
XML-1/alignment_XML1-3250-0.005-4E-5-50-12.fa	XML-1	7	3822
XML-1/alignment_XML1-3250-0.005-4E-5-50-13.fa	XML-1	7	3822
XML-1/alignment_XML1-3250-0.005-4E-5-50-14.fa	XML-1	10	3822
XML-1/alignment_XML1-3250-0.005-4E-5-50-15.fa	XML-1	6	3822
XML-1/alignment_XML1-3250-0.005-4E-5-50-2.fa	XML-1	5	3822
XML-1/alignment_XML1-3250-0.005-4E-5-50-3.fa	XML-1	7	3822
XML-1/alignment_XML1-3250-0.005-4E-5-50-4.fa	XML-1	7	3822
XML-1/alignment_XML1-3250-0.005-4E-5-50-5.fa	XML-1	9	3822
XML-1/alignment_XML1-3250-0.005-4E-5-50-6.fa	XML-1	8	3771
XML-1/alignment_XML1-3250-0.005-4E-5-50-7.fa	XML-1	6	3822
XML-1/alignment_XML1-3250-0.005-4E-5-50-8.fa	XML-1	9	3822
XML-1/alignment_XML1-3250-0.005-4E-5-50-9.fa	XML-1	10	3822
XML-1/alignment_XML1-3250-0.005-8E-5-100-1.fa	XML-1	13	3822
XML-1/alignment_XML1-3250-0.005-8E-5-100-10.fa	XML-1	7	3822
XML-1/alignment_XML1-3250-0.005-8E-5-100-11.fa	XML-1	6	2625
XML-1/alignment_XML1-3250-0.005-8E-5-100-12.fa	XML-1	11	3822
XML-1/alignment_XML1-3250-0.005-8E-5-100-13.fa	XML-1	9	3822
XML-1/alignment_XML1-3250-0.005-8E-5-100-14.fa	XML-1	12	3822
XML-1/alignment_XML1-3250-0.005-8E-5-100-15.fa	XML-1	8	3822
XML-1/alignment_XML1-3250-0.005-8E-5-100-2.fa	XML-1	14	3816
XML-1/alignment_XML1-3250-0.005-8E-5-100-3.fa	XML-1	14	3822
XML-1/alignment_XML1-3250-0.005-8E-5-100-4.fa	XML-1	13	3672
XML-1/alignment_XML1-3250-0.005-8E-5-100-5.fa	XML-1	22	3822
XML-1/alignment_XML1-3250-0.005-8E-5-100-6.fa	XML-1	16	3822
XML-1/alignment_XML1-3250-0.005-8E-5-100-7.fa	XML-1	12	3822
XML-1/alignment_XML1-3250-0.005-8E-5-100-8.fa	XML-1	16	3822
XML-1/alignment_XML1-3250-0.005-8E-5-100-9.fa	XML-1	9	3822
XML-1/alignment_XML1-3250-0.005-8E-5-200-1.fa	XML-1	8	3822
XML-1/alignment_XML1-3250-0.005-8E-5-200-10.fa	XML-1	11	3822
XML-1/alignment_XML1-3250-0.005-8E-5-200-11.fa	XML-1	29	3822
XML-1/alignment_XML1-3250-0.005-8E-5-200-12.fa	XML-1	8	3822
XML-1/alignment_XML1-3250-0.005-8E-5-200-13.fa	XML-1	9	3822
XML-1/alignment_XML1-3250-0.005-8E-5-200-14.fa	XML-1	27	3822
XML-1/alignment_XML1-3250-0.005-8E-5-200-15.fa	XML-1	17	3822
XML-1/alignment_XML1-3250-0.005-8E-5-200-2.fa	XML-1	24	3822
XML-1/alignment_XML1-3250-0.005-8E-5-200-3.fa	XML-1	18	3822
XML-1/alignment_XML1-3250-0.005-8E-5-200-4.fa	XML-1	17	3822
XML-1/alignment_XML1-3250-0.005-8E-5-200-5.fa	XML-1	12	3822
XML-1/alignment_XML1-3250-0.005-8E-5-200-6.fa	XML-1	6	3822
XML-1/alignment_XML1-3250-0.005-8E-5-200-7.fa	XML-1	20	3822
XML-1/alignment_XML1-3250-0.005-8E-5-200-8.fa	XML-1	30	3822
XML-1/alignment_XML1-3250-0.005-8E-5-200-9.fa	XML-1	15	3822
XML-1/alignment_XML1-3250-0.005-8E-5-50-1.fa	XML-1	18	3822
XML-1/alignment_XML1-3250-0.005-8E-5-50-10.fa	XML-1	9	3822
XML-1/alignment_XML1-3250-0.005-8E-5-50-11.fa	XML-1	7	3822
XML-1/alignment_XML1-3250-0.005-8E-5-50-12.fa	XML-1	9	3822
XML-1/alignment_XML1-3250-0.005-8E-5-50-13.fa	XML-1	7	3822
XML-1/alignment_XML1-3250-0.005-8E-5-50-14.fa	XML-1	9	3822
XML-1/alignment_XML1-3250-0.005-8E-5-50-15.fa	XML-1	5	3822
XML-1/alignment_XML1-3250-0.005-8E-5-50-2.fa	XML-1	11	3822
XML-1/alignment_XML1-3250-0.005-8E-5-50-3.fa	XML-1	9	3822
XML-1/alignment_XML1-3250-0.005-8E-5-50-4.fa	XML-1	6	3822
XML-1/alignment_XML1-3250-0.005-8E-5-50-5.fa	XML-1	13	3822
XML-1/alignment_XML1-3250-0.005-8E-5-50-6.fa	XML-1	20	3822
XML-1/alignment_XML1-3250-0.005-8E-5-50-7.fa	XML-1	8	3822
XML-1/alignment_XML1-3250-0.005-8E-5-50-8.fa	XML-1	8	3822
XML-1/alignment_XML1-3250-0.005-8E-5-50-9.fa	XML-1	15	3822
XML-1/alignment_XML1-3250-0.01-12E-5-100-1.fa	XML-1	31	3822
XML-1/alignment_XML1-3250-0.01-12E-5-100-10.fa	XML-1	21	3822
XML-1/alignment_XML1-3250-0.01-12E-5-100-11.fa	XML-1	22	3822
XML-1/alignment_XML1-3250-0.01-12E-5-100-12.fa	XML-1	28	3822
XML-1/alignment_XML1-3250-0.01-12E-5-100-13.fa	XML-1	19	3822
XML-1/alignment_XML1-3250-0.01-12E-5-100-14.fa	XML-1	29	3822
XML-1/alignment_XML1-3250-0.01-12E-5-100-15.fa	XML-1	30	3822
XML-1/alignment_XML1-3250-0.01-12E-5-100-2.fa	XML-1	20	3822
XML-1/alignment_XML1-3250-0.01-12E-5-100-3.fa	XML-1	29	3822
XML-1/alignment_XML1-3250-0.01-12E-5-100-4.fa	XML-1	14	3822
XML-1/alignment_XML1-3250-0.01-12E-5-100-5.fa	XML-1	16	3822
XML-1/alignment_XML1-3250-0.01-12E-5-100-6.fa	XML-1	27	3822
XML-1/alignment_XML1-3250-0.01-12E-5-100-7.fa	XML-1	19	3822
XML-1/alignment_XML1-3250-0.01-12E-5-100-8.fa	XML-1	26	3822
XML-1/alignment_XML1-3250-0.01-12E-5-100-9.fa	XML-1	23	3822
XML-1/alignment_XML1-3250-0.01-12E-5-200-1.fa	XML-1	33	3822
XML-1/alignment_XML1-3250-0.01-12E-5-200-10.fa	XML-1	23	3822
XML-1/alignment_XML1-3250-0.01-12E-5-200-11.fa	XML-1	33	3822
XML-1/alignment_XML1-3250-0.01-12E-5-200-12.fa	XML-1	33	3822
XML-1/alignment_XML1-3250-0.01-12E-5-200-13.fa	XML-1	37	3822
XML-1/alignment_XML1-3250-0.01-12E-5-200-14.fa	XML-1	35	3822
XML-1/alignment_XML1-3250-0.01-12E-5-200-15.fa	XML-1	28	3822
XML-1/alignment_XML1-3250-0.01-12E-5-200-2.fa	XML-1	41	3822
XML-1/alignment_XML1-3250-0.01-12E-5-200-3.fa	XML-1	24	3822
XML-1/alignment_XML1-3250-0.01-12E-5-200-4.fa	XML-1	36	3822
XML-1/alignment_XML1-3250-0.01-12E-5-200-5.fa	XML-1	36	3822
XML-1/alignment_XML1-3250-0.01-12E-5-200-6.fa	XML-1	33	3822
XML-1/alignment_XML1-3250-0.01-12E-5-200-7.fa	XML-1	44	3822
XML-1/alignment_XML1-3250-0.01-12E-5-200-8.fa	XML-1	39	3822
XML-1/alignment_XML1-3250-0.01-12E-5-200-9.fa	XML-1	38	3822
XML-1/alignment_XML1-3250-0.01-12E-5-50-1.fa	XML-1	13	3822
XML-1/alignment_XML1-3250-0.01-12E-5-50-10.fa	XML-1	14	3822
XML-1/alignment_XML1-3250-0.01-12E-5-50-11.fa	XML-1	10	3822
XML-1/alignment_XML1-3250-0.01-12E-5-50-12.fa	XML-1	29	3822
XML-1/alignment_XML1-3250-0.01-12E-5-50-13.fa	XML-1	13	3822
XML-1/alignment_XML1-3250-0.01-12E-5-50-14.fa	XML-1	17	3822
XML-1/alignment_XML1-3250-0.01-12E-5-50-15.fa	XML-1	11	3822
XML-1/alignment_XML1-3250-0.01-12E-5-50-2.fa	XML-1	16	3822
XML-1/alignment_XML1-3250-0.01-12E-5-50-3.fa	XML-1	9	3822
XML-1/alignment_XML1-3250-0.01-12E-5-50-4.fa	XML-1	14	3822
XML-1/alignment_XML1-3250-0.01-12E-5-50-5.fa	XML-1	17	3822
XML-1/alignment_XML1-3250-0.01-12E-5-50-6.fa	XML-1	14	3822
XML-1/alignment_XML1-3250-0.01-12E-5-50-7.fa	XML-1	17	3822
XML-1/alignment_XML1-3250-0.01-12E-5-50-8.fa	XML-1	12	3822
XML-1/alignment_XML1-3250-0.01-12E-5-50-9.fa	XML-1	24	3822
XML-1/alignment_XML1-3250-0.01-4E-5-100-1.fa	XML-1	14	3822
XML-1/alignment_XML1-3250-0.01-4E-5-100-10.fa	XML-1	25	3822
XML-1/alignment_XML1-3250-0.01-4E-5-100-11.fa	XML-1	18	3822
XML-1/alignment_XML1-3250-0.01-4E-5-100-12.fa	XML-1	28	3822
XML-1/alignment_XML1-3250-0.01-4E-5-100-13.fa	XML-1	23	3822
XML-1/alignment_XML1-3250-0.01-4E-5-100-14.fa	XML-1	22	3822
XML-1/alignment_XML1-3250-0.01-4E-5-100-15.fa	XML-1	26	3822
XML-1/alignment_XML1-3250-0.01-4E-5-100-2.fa	XML-1	16	3822
XML-1/alignment_XML1-3250-0.01-4E-5-100-3.fa	XML-1	27	3822
XML-1/alignment_XML1-3250-0.01-4E-5-100-4.fa	XML-1	21	3822
XML-1/alignment_XML1-3250-0.01-4E-5-100-5.fa	XML-1	24	3822
XML-1/alignment_XML1-3250-0.01-4E-5-100-6.fa	XML-1	35	3822
XML-1/alignment_XML1-3250-0.01-4E-5-100-7.fa	XML-1	22	3822
XML-1/alignment_XML1-3250-0.01-4E-5-100-8.fa	XML-1	16	3822
XML-1/alignment_XML1-3250-0.01-4E-5-100-9.fa	XML-1	22	3822
XML-1/alignment_XML1-3250-0.01-4E-5-200-1.fa	XML-1	37	3822
XML-1/alignment_XML1-3250-0.01-4E-5-200-10.fa	XML-1	32	3822
XML-1/alignment_XML1-3250-0.01-4E-5-200-11.fa	XML-1	37	3822
XML-1/alignment_XML1-3250-0.01-4E-5-200-12.fa	XML-1	32	3822
XML-1/alignment_XML1-3250-0.01-4E-5-200-13.fa	XML-1	28	3822
XML-1/alignment_XML1-3250-0.01-4E-5-200-14.fa	XML-1	18	3822
XML-1/alignment_XML1-3250-0.01-4E-5-200-15.fa	XML-1	24	3822
XML-1/alignment_XML1-3250-0.01-4E-5-200-2.fa	XML-1	30	3822
XML-1/alignment_XML1-3250-0.01-4E-5-200-3.fa	XML-1	26	3822
XML-1/alignment_XML1-3250-0.01-4E-5-200-4.fa	XML-1	27	3822
XML-1/alignment_XML1-3250-0.01-4E-5-200-5.fa	XML-1	30	3822
XML-1/alignment_XML1-3250-0.01-4E-5-200-6.fa	XML-1	30	3822
XML-1/alignment_XML1-3250-0.01-4E-5-200-7.fa	XML-1	36	3822
XML-1/alignment_XML1-3250-0.01-4E-5-200-8.fa	XML-1	39	3822
XML-1/alignment_XML1-3250-0.01-4E-5-200-9.fa	XML-1	17	3822
XML-1/alignment_XML1-3250-0.01-4E-5-50-1.fa	XML-1	11	3822
XML-1/alignment_XML1-3250-0.01-4E-5-50-10.fa	XML-1	20	3822
XML-1/alignment_XML1-3250-0.01-4E-5-50-11.fa	XML-1	9	3822
XML-1/alignment_XML1-3250-0.01-4E-5-50-12.fa	XML-1	26	3822
XML-1/alignment_XML1-3250-0.01-4E-5-50-13.fa	XML-1	22	3822
XML-1/alignment_XML1-3250-0.01-4E-5-50-14.fa	XML-1	16	3822
XML-1/alignment_XML1-3250-0.01-4E-5-50-15.fa	XML-1	15	3822
XML-1/alignment_XML1-3250-0.01-4E-5-50-2.fa	XML-1	25	3822
XML-1/alignment_XML1-3250-0.01-4E-5-50-3.fa	XML-1	20	3822
XML-1/alignment_XML1-3250-0.01-4E-5-50-4.fa	XML-1	13	3822
XML-1/alignment_XML1-3250-0.01-4E-5-50-5.fa	XML-1	17	3822
XML-1/alignment_XML1-3250-0.01-4E-5-50-6.fa	XML-1	15	3822
XML-1/alignment_XML1-3250-0.01-4E-5-50-7.fa	XML-1	16	3822
XML-1/alignment_XML1-3250-0.01-4E-5-50-8.fa	XML-1	10	3822
XML-1/alignment_XML1-3250-0.01-4E-5-50-9.fa	XML-1	9	3822
XML-1/alignment_XML1-3250-0.01-8E-5-100-1.fa	XML-1	27	3822
XML-1/alignment_XML1-3250-0.01-8E-5-100-10.fa	XML-1	24	3822
XML-1/alignment_XML1-3250-0.01-8E-5-100-11.fa	XML-1	26	3822
XML-1/alignment_XML1-3250-0.01-8E-5-100-12.fa	XML-1	28	3822
XML-1/alignment_XML1-3250-0.01-8E-5-100-13.fa	XML-1	29	3822
XML-1/alignment_XML1-3250-0.01-8E-5-100-14.fa	XML-1	14	3822
XML-1/alignment_XML1-3250-0.01-8E-5-100-15.fa	XML-1	36	3822
XML-1/alignment_XML1-3250-0.01-8E-5-100-2.fa	XML-1	33	3822
XML-1/alignment_XML1-3250-0.01-8E-5-100-3.fa	XML-1	25	3822
XML-1/alignment_XML1-3250-0.01-8E-5-100-4.fa	XML-1	30	3822
XML-1/alignment_XML1-3250-0.01-8E-5-100-5.fa	XML-1	35	3822
XML-1/alignment_XML1-3250-0.01-8E-5-100-6.fa	XML-1	18	3822
XML-1/alignment_XML1-3250-0.01-8E-5-100-7.fa	XML-1	17	3822
XML-1/alignment_XML1-3250-0.01-8E-5-100-8.fa	XML-1	22	3822
XML-1/alignment_XML1-3250-0.01-8E-5-100-9.fa	XML-1	30	3822
XML-1/alignment_XML1-3250-0.01-8E-5-200-1.fa	XML-1	44	3822
XML-1/alignment_XML1-3250-0.01-8E-5-200-10.fa	XML-1	41	3822
XML-1/alignment_XML1-3250-0.01-8E-5-200-11.fa	XML-1	46	3822
XML-1/alignment_XML1-3250-0.01-8E-5-200-12.fa	XML-1	45	3822
XML-1/alignment_XML1-3250-0.01-8E-5-200-13.fa	XML-1	49	3822
XML-1/alignment_XML1-3250-0.01-8E-5-200-14.fa	XML-1	24	3822
XML-1/alignment_XML1-3250-0.01-8E-5-200-15.fa	XML-1	21	3822
XML-1/alignment_XML1-3250-0.01-8E-5-200-2.fa	XML-1	32	3822
XML-1/alignment_XML1-3250-0.01-8E-5-200-3.fa	XML-1	32	3822
XML-1/alignment_XML1-3250-0.01-8E-5-200-4.fa	XML-1	20	3822
XML-1/alignment_XML1-3250-0.01-8E-5-200-5.fa	XML-1	24	3822
XML-1/alignment_XML1-3250-0.01-8E-5-200-6.fa	XML-1	24	3822
XML-1/alignment_XML1-3250-0.01-8E-5-200-7.fa	XML-1	41	3822
XML-1/alignment_XML1-3250-0.01-8E-5-200-8.fa	XML-1	43	3822
XML-1/alignment_XML1-3250-0.01-8E-5-200-9.fa	XML-1	29	3822
XML-1/alignment_XML1-3250-0.01-8E-5-50-1.fa	XML-1	19	3822
XML-1/alignment_XML1-3250-0.01-8E-5-50-10.fa	XML-1	28	3822
XML-1/alignment_XML1-3250-0.01-8E-5-50-11.fa	XML-1	17	3822
XML-1/alignment_XML1-3250-0.01-8E-5-50-12.fa	XML-1	19	3822
XML-1/alignment_XML1-3250-0.01-8E-5-50-13.fa	XML-1	22	3822
XML-1/alignment_XML1-3250-0.01-8E-5-50-14.fa	XML-1	21	3822
XML-1/alignment_XML1-3250-0.01-8E-5-50-15.fa	XML-1	20	3822
XML-1/alignment_XML1-3250-0.01-8E-5-50-2.fa	XML-1	11	3822
XML-1/alignment_XML1-3250-0.01-8E-5-50-3.fa	XML-1	22	3822
XML-1/alignment_XML1-3250-0.01-8E-5-50-4.fa	XML-1	12	3822
XML-1/alignment_XML1-3250-0.01-8E-5-50-5.fa	XML-1	25	3822
XML-1/alignment_XML1-3250-0.01-8E-5-50-6.fa	XML-1	18	3822
XML-1/alignment_XML1-3250-0.01-8E-5-50-7.fa	XML-1	15	3822
XML-1/alignment_XML1-3250-0.01-8E-5-50-8.fa	XML-1	15	3822
XML-1/alignment_XML1-3250-0.01-8E-5-50-9.fa	XML-1	16	3822
XML-1/alignment_XML1-3250-0.02-12E-5-100-1.fa	XML-1	50	3822
XML-1/alignment_XML1-3250-0.02-12E-5-100-10.fa	XML-1	32	3822
XML-1/alignment_XML1-3250-0.02-12E-5-100-11.fa	XML-1	54	3822
XML-1/alignment_XML1-3250-0.02-12E-5-100-12.fa	XML-1	48	3822
XML-1/alignment_XML1-3250-0.02-12E-5-100-13.fa	XML-1	49	3822
XML-1/alignment_XML1-3250-0.02-12E-5-100-14.fa	XML-1	31	3822
XML-1/alignment_XML1-3250-0.02-12E-5-100-15.fa	XML-1	36	3822
XML-1/alignment_XML1-3250-0.02-12E-5-100-2.fa	XML-1	52	3822
XML-1/alignment_XML1-3250-0.02-12E-5-100-3.fa	XML-1	53	3822
XML-1/alignment_XML1-3250-0.02-12E-5-100-4.fa	XML-1	38	3822
XML-1/alignment_XML1-3250-0.02-12E-5-100-5.fa	XML-1	53	3822
XML-1/alignment_XML1-3250-0.02-12E-5-100-6.fa	XML-1	31	3822
XML-1/alignment_XML1-3250-0.02-12E-5-100-7.fa	XML-1	53	3822
XML-1/alignment_XML1-3250-0.02-12E-5-100-8.fa	XML-1	49	3822
XML-1/alignment_XML1-3250-0.02-12E-5-100-9.fa	XML-1	52	3822
XML-1/alignment_XML1-3250-0.02-12E-5-200-1.fa	XML-1	49	3822
XML-1/alignment_XML1-3250-0.02-12E-5-200-10.fa	XML-1	62	3822
XML-1/alignment_XML1-3250-0.02-12E-5-200-11.fa	XML-1	83	3822
XML-1/alignment_XML1-3250-0.02-12E-5-200-12.fa	XML-1	62	3822
XML-1/alignment_XML1-3250-0.02-12E-5-200-13.fa	XML-1	90	3822
XML-1/alignment_XML1-3250-0.02-12E-5-200-14.fa	XML-1	76	3822
XML-1/alignment_XML1-3250-0.02-12E-5-200-15.fa	XML-1	62	3822
XML-1/alignment_XML1-3250-0.02-12E-5-200-2.fa	XML-1	54	3822
XML-1/alignment_XML1-3250-0.02-12E-5-200-3.fa	XML-1	53	3822
XML-1/alignment_XML1-3250-0.02-12E-5-200-4.fa	XML-1	60	3822
XML-1/alignment_XML1-3250-0.02-12E-5-200-5.fa	XML-1	85	3822
XML-1/alignment_XML1-3250-0.02-12E-5-200-6.fa	XML-1	64	3822
XML-1/alignment_XML1-3250-0.02-12E-5-200-7.fa	XML-1	51	3822
XML-1/alignment_XML1-3250-0.02-12E-5-200-8.fa	XML-1	64	3822
XML-1/alignment_XML1-3250-0.02-12E-5-200-9.fa	XML-1	72	3822
XML-1/alignment_XML1-3250-0.02-12E-5-50-1.fa	XML-1	30	3822
XML-1/alignment_XML1-3250-0.02-12E-5-50-10.fa	XML-1	34	3822
XML-1/alignment_XML1-3250-0.02-12E-5-50-11.fa	XML-1	25	3822
XML-1/alignment_XML1-3250-0.02-12E-5-50-12.fa	XML-1	27	3822
XML-1/alignment_XML1-3250-0.02-12E-5-50-13.fa	XML-1	33	3822
XML-1/alignment_XML1-3250-0.02-12E-5-50-14.fa	XML-1	37	3822
XML-1/alignment_XML1-3250-0.02-12E-5-50-15.fa	XML-1	32	3822
XML-1/alignment_XML1-3250-0.02-12E-5-50-2.fa	XML-1	39	3822
XML-1/alignment_XML1-3250-0.02-12E-5-50-3.fa	XML-1	29	3822
XML-1/alignment_XML1-3250-0.02-12E-5-50-4.fa	XML-1	18	3822
XML-1/alignment_XML1-3250-0.02-12E-5-50-5.fa	XML-1	37	3822
XML-1/alignment_XML1-3250-0.02-12E-5-50-6.fa	XML-1	25	3822
XML-1/alignment_XML1-3250-0.02-12E-5-50-7.fa	XML-1	36	3822
XML-1/alignment_XML1-3250-0.02-12E-5-50-8.fa	XML-1	28	3822
XML-1/alignment_XML1-3250-0.02-12E-5-50-9.fa	XML-1	28	3822
XML-1/alignment_XML1-3250-0.02-4E-5-100-1.fa	XML-1	46	3822
XML-1/alignment_XML1-3250-0.02-4E-5-100-10.fa	XML-1	60	3822
XML-1/alignment_XML1-3250-0.02-4E-5-100-11.fa	XML-1	38	3822
XML-1/alignment_XML1-3250-0.02-4E-5-100-12.fa	XML-1	38	3822
XML-1/alignment_XML1-3250-0.02-4E-5-100-13.fa	XML-1	38	3822
XML-1/alignment_XML1-3250-0.02-4E-5-100-14.fa	XML-1	26	3822
XML-1/alignment_XML1-3250-0.02-4E-5-100-15.fa	XML-1	41	3822
XML-1/alignment_XML1-3250-0.02-4E-5-100-2.fa	XML-1	37	3822
XML-1/alignment_XML1-3250-0.02-4E-5-100-3.fa	XML-1	50	3822
XML-1/alignment_XML1-3250-0.02-4E-5-100-4.fa	XML-1	50	3822
XML-1/alignment_XML1-3250-0.02-4E-5-100-5.fa	XML-1	64	3822
XML-1/alignment_XML1-3250-0.02-4E-5-100-6.fa	XML-1	40	3822
XML-1/alignment_XML1-3250-0.02-4E-5-100-7.fa	XML-1	47	3822
XML-1/alignment_XML1-3250-0.02-4E-5-100-8.fa	XML-1	45	3822
XML-1/alignment_XML1-3250-0.02-4E-5-100-9.fa	XML-1	35	3822
XML-1/alignment_XML1-3250-0.02-4E-5-200-1.fa	XML-1	56	3822
XML-1/alignment_XML1-3250-0.02-4E-5-200-10.fa	XML-1	43	3822
XML-1/alignment_XML1-3250-0.02-4E-5-200-11.fa	XML-1	42	3822
XML-1/alignment_XML1-3250-0.02-4E-5-200-12.fa	XML-1	67	3822
XML-1/alignment_XML1-3250-0.02-4E-5-200-13.fa	XML-1	42	3822
XML-1/alignment_XML1-3250-0.02-4E-5-200-14.fa	XML-1	56	3822
XML-1/alignment_XML1-3250-0.02-4E-5-200-15.fa	XML-1	66	3822
XML-1/alignment_XML1-3250-0.02-4E-5-200-2.fa	XML-1	54	3822
XML-1/alignment_XML1-3250-0.02-4E-5-200-3.fa	XML-1	52	3822
XML-1/alignment_XML1-3250-0.02-4E-5-200-4.fa	XML-1	59	3822
XML-1/alignment_XML1-3250-0.02-4E-5-200-5.fa	XML-1	49	3822
XML-1/alignment_XML1-3250-0.02-4E-5-200-6.fa	XML-1	57	3822
XML-1/alignment_XML1-3250-0.02-4E-5-200-7.fa	XML-1	51	3822
XML-1/alignment_XML1-3250-0.02-4E-5-200-8.fa	XML-1	76	3822
XML-1/alignment_XML1-3250-0.02-4E-5-200-9.fa	XML-1	63	3822
XML-1/alignment_XML1-3250-0.02-4E-5-50-1.fa	XML-1	24	3822
XML-1/alignment_XML1-3250-0.02-4E-5-50-10.fa	XML-1	22	3822
XML-1/alignment_XML1-3250-0.02-4E-5-50-11.fa	XML-1	26	3822
XML-1/alignment_XML1-3250-0.02-4E-5-50-12.fa	XML-1	23	3822
XML-1/alignment_XML1-3250-0.02-4E-5-50-13.fa	XML-1	26	3822
XML-1/alignment_XML1-3250-0.02-4E-5-50-14.fa	XML-1	16	3822
XML-1/alignment_XML1-3250-0.02-4E-5-50-15.fa	XML-1	23	3822
XML-1/alignment_XML1-3250-0.02-4E-5-50-2.fa	XML-1	41	3822
XML-1/alignment_XML1-3250-0.02-4E-5-50-3.fa	XML-1	24	3822
XML-1/alignment_XML1-3250-0.02-4E-5-50-4.fa	XML-1	34	3822
XML-1/alignment_XML1-3250-0.02-4E-5-50-5.fa	XML-1	28	3822
XML-1/alignment_XML1-3250-0.02-4E-5-50-6.fa	XML-1	36	3822
XML-1/alignment_XML1-3250-0.02-4E-5-50-7.fa	XML-1	17	3822
XML-1/alignment_XML1-3250-0.02-4E-5-50-8.fa	XML-1	24	3822
XML-1/alignment_XML1-3250-0.02-4E-5-50-9.fa	XML-1	22	3822
XML-1/alignment_XML1-3250-0.02-8E-5-100-1.fa	XML-1	48	3822
XML-1/alignment_XML1-3250-0.02-8E-5-100-10.fa	XML-1	56	3822
XML-1/alignment_XML1-3250-0.02-8E-5-100-11.fa	XML-1	32	3822
XML-1/alignment_XML1-3250-0.02-8E-5-100-12.fa	XML-1	49	3822
XML-1/alignment_XML1-3250-0.02-8E-5-100-13.fa	XML-1	40	3822
XML-1/alignment_XML1-3250-0.02-8E-5-100-14.fa	XML-1	46	3822
XML-1/alignment_XML1-3250-0.02-8E-5-100-15.fa	XML-1	43	3822
XML-1/alignment_XML1-3250-0.02-8E-5-100-2.fa	XML-1	46	3822
XML-1/alignment_XML1-3250-0.02-8E-5-100-3.fa	XML-1	38	3822
XML-1/alignment_XML1-3250-0.02-8E-5-100-4.fa	XML-1	51	3822
XML-1/alignment_XML1-3250-0.02-8E-5-100-5.fa	XML-1	33	3822
XML-1/alignment_XML1-3250-0.02-8E-5-100-6.fa	XML-1	44	3822
XML-1/alignment_XML1-3250-0.02-8E-5-100-7.fa	XML-1	48	3822
XML-1/alignment_XML1-3250-0.02-8E-5-100-8.fa	XML-1	54	3822
XML-1/alignment_XML1-3250-0.02-8E-5-100-9.fa	XML-1	53	3822
XML-1/alignment_XML1-3250-0.02-8E-5-200-1.fa	XML-1	61	3822
XML-1/alignment_XML1-3250-0.02-8E-5-200-10.fa	XML-1	61	3822
XML-1/alignment_XML1-3250-0.02-8E-5-200-11.fa	XML-1	72	3822
XML-1/alignment_XML1-3250-0.02-8E-5-200-12.fa	XML-1	59	3822
XML-1/alignment_XML1-3250-0.02-8E-5-200-13.fa	XML-1	71	3822
XML-1/alignment_XML1-3250-0.02-8E-5-200-14.fa	XML-1	63	3822
XML-1/alignment_XML1-3250-0.02-8E-5-200-15.fa	XML-1	64	3822
XML-1/alignment_XML1-3250-0.02-8E-5-200-2.fa	XML-1	53	3822
XML-1/alignment_XML1-3250-0.02-8E-5-200-3.fa	XML-1	67	3822
XML-1/alignment_XML1-3250-0.02-8E-5-200-4.fa	XML-1	72	3822
XML-1/alignment_XML1-3250-0.02-8E-5-200-5.fa	XML-1	55	3822
XML-1/alignment_XML1-3250-0.02-8E-5-200-6.fa	XML-1	67	3822
XML-1/alignment_XML1-3250-0.02-8E-5-200-7.fa	XML-1	59	3822
XML-1/alignment_XML1-3250-0.02-8E-5-200-8.fa	XML-1	51	3822
XML-1/alignment_XML1-3250-0.02-8E-5-200-9.fa	XML-1	57	3822
XML-1/alignment_XML1-3250-0.02-8E-5-50-1.fa	XML-1	26	3822
XML-1/alignment_XML1-3250-0.02-8E-5-50-10.fa	XML-1	20	3822
XML-1/alignment_XML1-3250-0.02-8E-5-50-11.fa	XML-1	36	3822
XML-1/alignment_XML1-3250-0.02-8E-5-50-12.fa	XML-1	34	3822
XML-1/alignment_XML1-3250-0.02-8E-5-50-13.fa	XML-1	24	3822
XML-1/alignment_XML1-3250-0.02-8E-5-50-14.fa	XML-1	32	3822
XML-1/alignment_XML1-3250-0.02-8E-5-50-15.fa	XML-1	21	3822
XML-1/alignment_XML1-3250-0.02-8E-5-50-2.fa	XML-1	25	3822
XML-1/alignment_XML1-3250-0.02-8E-5-50-3.fa	XML-1	30	3822
XML-1/alignment_XML1-3250-0.02-8E-5-50-4.fa	XML-1	32	3822
XML-1/alignment_XML1-3250-0.02-8E-5-50-5.fa	XML-1	30	3822
XML-1/alignment_XML1-3250-0.02-8E-5-50-6.fa	XML-1	31	3822
XML-1/alignment_XML1-3250-0.02-8E-5-50-7.fa	XML-1	36	3822
XML-1/alignment_XML1-3250-0.02-8E-5-50-8.fa	XML-1	30	3822
XML-1/alignment_XML1-3250-0.02-8E-5-50-9.fa	XML-1	34	3822
XML-1/alignment_XML1-4000-0.005-12E-5-100-1.fa	XML-1	20	3822
XML-1/alignment_XML1-4000-0.005-12E-5-100-10.fa	XML-1	14	3822
XML-1/alignment_XML1-4000-0.005-12E-5-100-11.fa	XML-1	14	3822
XML-1/alignment_XML1-4000-0.005-12E-5-100-12.fa	XML-1	12	3822
XML-1/alignment_XML1-4000-0.005-12E-5-100-13.fa	XML-1	16	3822
XML-1/alignment_XML1-4000-0.005-12E-5-100-14.fa	XML-1	14	3822
XML-1/alignment_XML1-4000-0.005-12E-5-100-15.fa	XML-1	15	3822
XML-1/alignment_XML1-4000-0.005-12E-5-100-2.fa	XML-1	13	3822
XML-1/alignment_XML1-4000-0.005-12E-5-100-3.fa	XML-1	12	3822
XML-1/alignment_XML1-4000-0.005-12E-5-100-4.fa	XML-1	16	3822
XML-1/alignment_XML1-4000-0.005-12E-5-100-5.fa	XML-1	9	3822
XML-1/alignment_XML1-4000-0.005-12E-5-100-6.fa	XML-1	5	3822
XML-1/alignment_XML1-4000-0.005-12E-5-100-7.fa	XML-1	11	3822
XML-1/alignment_XML1-4000-0.005-12E-5-100-8.fa	XML-1	14	3822
XML-1/alignment_XML1-4000-0.005-12E-5-100-9.fa	XML-1	11	3822
XML-1/alignment_XML1-4000-0.005-12E-5-200-1.fa	XML-1	15	3822
XML-1/alignment_XML1-4000-0.005-12E-5-200-10.fa	XML-1	23	3822
XML-1/alignment_XML1-4000-0.005-12E-5-200-11.fa	XML-1	10	3822
XML-1/alignment_XML1-4000-0.005-12E-5-200-12.fa	XML-1	13	3822
XML-1/alignment_XML1-4000-0.005-12E-5-200-13.fa	XML-1	17	3822
XML-1/alignment_XML1-4000-0.005-12E-5-200-14.fa	XML-1	20	3822
XML-1/alignment_XML1-4000-0.005-12E-5-200-15.fa	XML-1	16	3822
XML-1/alignment_XML1-4000-0.005-12E-5-200-2.fa	XML-1	22	3822
XML-1/alignment_XML1-4000-0.005-12E-5-200-3.fa	XML-1	15	3822
XML-1/alignment_XML1-4000-0.005-12E-5-200-4.fa	XML-1	16	3822
XML-1/alignment_XML1-4000-0.005-12E-5-200-5.fa	XML-1	23	3822
XML-1/alignment_XML1-4000-0.005-12E-5-200-6.fa	XML-1	15	3822
XML-1/alignment_XML1-4000-0.005-12E-5-200-7.fa	XML-1	13	3822
XML-1/alignment_XML1-4000-0.005-12E-5-200-8.fa	XML-1	23	3822
XML-1/alignment_XML1-4000-0.005-12E-5-200-9.fa	XML-1	16	3822
XML-1/alignment_XML1-4000-0.005-12E-5-50-1.fa	XML-1	11	3822
XML-1/alignment_XML1-4000-0.005-12E-5-50-10.fa	XML-1	7	3822
XML-1/alignment_XML1-4000-0.005-12E-5-50-11.fa	XML-1	5	3822
XML-1/alignment_XML1-4000-0.005-12E-5-50-12.fa	XML-1	14	3822
XML-1/alignment_XML1-4000-0.005-12E-5-50-13.fa	XML-1	6	3822
XML-1/alignment_XML1-4000-0.005-12E-5-50-14.fa	XML-1	11	3822
XML-1/alignment_XML1-4000-0.005-12E-5-50-15.fa	XML-1	8	3822
XML-1/alignment_XML1-4000-0.005-12E-5-50-2.fa	XML-1	17	3822
XML-1/alignment_XML1-4000-0.005-12E-5-50-3.fa	XML-1	13	3822
XML-1/alignment_XML1-4000-0.005-12E-5-50-4.fa	XML-1	13	3822
XML-1/alignment_XML1-4000-0.005-12E-5-50-5.fa	XML-1	1	2505
XML-1/alignment_XML1-4000-0.005-12E-5-50-6.fa	XML-1	7	3822
XML-1/alignment_XML1-4000-0.005-12E-5-50-7.fa	XML-1	10	3822
XML-1/alignment_XML1-4000-0.005-12E-5-50-8.fa	XML-1	12	3822
XML-1/alignment_XML1-4000-0.005-12E-5-50-9.fa	XML-1	10	3822
XML-1/alignment_XML1-4000-0.005-4E-5-100-1.fa	XML-1	6	3822
XML-1/alignment_XML1-4000-0.005-4E-5-100-10.fa	XML-1	9	3822
XML-1/alignment_XML1-4000-0.005-4E-5-100-11.fa	XML-1	16	3822
XML-1/alignment_XML1-4000-0.005-4E-5-100-12.fa	XML-1	20	3822
XML-1/alignment_XML1-4000-0.005-4E-5-100-13.fa	XML-1	11	3822
XML-1/alignment_XML1-4000-0.005-4E-5-100-14.fa	XML-1	12	3822
XML-1/alignment_XML1-4000-0.005-4E-5-100-15.fa	XML-1	10	3309
XML-1/alignment_XML1-4000-0.005-4E-5-100-2.fa	XML-1	12	3822
XML-1/alignment_XML1-4000-0.005-4E-5-100-3.fa	XML-1	8	3822
XML-1/alignment_XML1-4000-0.005-4E-5-100-4.fa	XML-1	11	3822
XML-1/alignment_XML1-4000-0.005-4E-5-100-5.fa	XML-1	10	3822
XML-1/alignment_XML1-4000-0.005-4E-5-100-6.fa	XML-1	11	3822
XML-1/alignment_XML1-4000-0.005-4E-5-100-7.fa	XML-1	15	3822
XML-1/alignment_XML1-4000-0.005-4E-5-100-8.fa	XML-1	13	3822
XML-1/alignment_XML1-4000-0.005-4E-5-100-9.fa	XML-1	3	3822
XML-1/alignment_XML1-4000-0.005-4E-5-200-1.fa	XML-1	14	3822
XML-1/alignment_XML1-4000-0.005-4E-5-200-10.fa	XML-1	17	3822
XML-1/alignment_XML1-4000-0.005-4E-5-200-11.fa	XML-1	13	3822
XML-1/alignment_XML1-4000-0.005-4E-5-200-12.fa	XML-1	11	3822
XML-1/alignment_XML1-4000-0.005-4E-5-200-13.fa	XML-1	23	3822
XML-1/alignment_XML1-4000-0.005-4E-5-200-14.fa	XML-1	13	3822
XML-1/alignment_XML1-4000-0.005-4E-5-200-15.fa	XML-1	14	3822
XML-1/alignment_XML1-4000-0.005-4E-5-200-2.fa	XML-1	26	3822
XML-1/alignment_XML1-4000-0.005-4E-5-200-3.fa	XML-1	17	3822
XML-1/alignment_XML1-4000-0.005-4E-5-200-4.fa	XML-1	20	3822
XML-1/alignment_XML1-4000-0.005-4E-5-200-5.fa	XML-1	16	3432
XML-1/alignment_XML1-4000-0.005-4E-5-200-6.fa	XML-1	25	3822
XML-1/alignment_XML1-4000-0.005-4E-5-200-7.fa	XML-1	15	3822
XML-1/alignment_XML1-4000-0.005-4E-5-200-8.fa	XML-1	18	3822
XML-1/alignment_XML1-4000-0.005-4E-5-200-9.fa	XML-1	18	3822
XML-1/alignment_XML1-4000-0.005-4E-5-50-1.fa	XML-1	8	3822
XML-1/alignment_XML1-4000-0.005-4E-5-50-10.fa	XML-1	6	3822
XML-1/alignment_XML1-4000-0.005-4E-5-50-11.fa	XML-1	9	3822
XML-1/alignment_XML1-4000-0.005-4E-5-50-12.fa	XML-1	8	3648
XML-1/alignment_XML1-4000-0.005-4E-5-50-13.fa	XML-1	7	3822
XML-1/alignment_XML1-4000-0.005-4E-5-50-14.fa	XML-1	7	3822
XML-1/alignment_XML1-4000-0.005-4E-5-50-15.fa	XML-1	10	3084
XML-1/alignment_XML1-4000-0.005-4E-5-50-2.fa	XML-1	8	3822
XML-1/alignment_XML1-4000-0.005-4E-5-50-3.fa	XML-1	17	3822
XML-1/alignment_XML1-4000-0.005-4E-5-50-4.fa	XML-1	6	3594
XML-1/alignment_XML1-4000-0.005-4E-5-50-5.fa	XML-1	14	3822
XML-1/alignment_XML1-4000-0.005-4E-5-50-6.fa	XML-1	14	3822
XML-1/alignment_XML1-4000-0.005-4E-5-50-7.fa	XML-1	12	3822
XML-1/alignment_XML1-4000-0.005-4E-5-50-8.fa	XML-1	14	3822
XML-1/alignment_XML1-4000-0.005-4E-5-50-9.fa	XML-1	6	3300
XML-1/alignment_XML1-4000-0.005-8E-5-100-1.fa	XML-1	11	3822
XML-1/alignment_XML1-4000-0.005-8E-5-100-10.fa	XML-1	18	3822
XML-1/alignment_XML1-4000-0.005-8E-5-100-11.fa	XML-1	9	3822
XML-1/alignment_XML1-4000-0.005-8E-5-100-12.fa	XML-1	13	3822
XML-1/alignment_XML1-4000-0.005-8E-5-100-13.fa	XML-1	12	3822
XML-1/alignment_XML1-4000-0.005-8E-5-100-14.fa	XML-1	13	3822
XML-1/alignment_XML1-4000-0.005-8E-5-100-15.fa	XML-1	15	3822
XML-1/alignment_XML1-4000-0.005-8E-5-100-2.fa	XML-1	7	3822
XML-1/alignment_XML1-4000-0.005-8E-5-100-3.fa	XML-1	12	3822
XML-1/alignment_XML1-4000-0.005-8E-5-100-4.fa	XML-1	17	3822
XML-1/alignment_XML1-4000-0.005-8E-5-100-5.fa	XML-1	19	3822
XML-1/alignment_XML1-4000-0.005-8E-5-100-6.fa	XML-1	11	3822
XML-1/alignment_XML1-4000-0.005-8E-5-100-7.fa	XML-1	9	3822
XML-1/alignment_XML1-4000-0.005-8E-5-100-8.fa	XML-1	14	3822
XML-1/alignment_XML1-4000-0.005-8E-5-100-9.fa	XML-1	10	3822
XML-1/alignment_XML1-4000-0.005-8E-5-200-1.fa	XML-1	13	3822
XML-1/alignment_XML1-4000-0.005-8E-5-200-10.fa	XML-1	13	3822
XML-1/alignment_XML1-4000-0.005-8E-5-200-11.fa	XML-1	13	3822
XML-1/alignment_XML1-4000-0.005-8E-5-200-12.fa	XML-1	19	3822
XML-1/alignment_XML1-4000-0.005-8E-5-200-13.fa	XML-1	15	3822
XML-1/alignment_XML1-4000-0.005-8E-5-200-14.fa	XML-1	17	3822
XML-1/alignment_XML1-4000-0.005-8E-5-200-15.fa	XML-1	14	3822
XML-1/alignment_XML1-4000-0.005-8E-5-200-2.fa	XML-1	18	3822
XML-1/alignment_XML1-4000-0.005-8E-5-200-3.fa	XML-1	18	3822
XML-1/alignment_XML1-4000-0.005-8E-5-200-4.fa	XML-1	21	3822
XML-1/alignment_XML1-4000-0.005-8E-5-200-5.fa	XML-1	13	3822
XML-1/alignment_XML1-4000-0.005-8E-5-200-6.fa	XML-1	24	3822
XML-1/alignment_XML1-4000-0.005-8E-5-200-7.fa	XML-1	29	3822
XML-1/alignment_XML1-4000-0.005-8E-5-200-8.fa	XML-1	21	3822
XML-1/alignment_XML1-4000-0.005-8E-5-200-9.fa	XML-1	18	3822
XML-1/alignment_XML1-4000-0.005-8E-5-50-1.fa	XML-1	12	3822
XML-1/alignment_XML1-4000-0.005-8E-5-50-10.fa	XML-1	5	3822
XML-1/alignment_XML1-4000-0.005-8E-5-50-11.fa	XML-1	15	3822
XML-1/alignment_XML1-4000-0.005-8E-5-50-12.fa	XML-1	9	3822
XML-1/alignment_XML1-4000-0.005-8E-5-50-13.fa	XML-1	14	3822
XML-1/alignment_XML1-4000-0.005-8E-5-50-14.fa	XML-1	10	3822
XML-1/alignment_XML1-4000-0.005-8E-5-50-15.fa	XML-1	24	3822
XML-1/alignment_XML1-4000-0.005-8E-5-50-2.fa	XML-1	5	3822
XML-1/alignment_XML1-4000-0.005-8E-5-50-3.fa	XML-1	8	3822
XML-1/alignment_XML1-4000-0.005-8E-5-50-4.fa	XML-1	11	3822
XML-1/alignment_XML1-4000-0.005-8E-5-50-5.fa	XML-1	8	3822
XML-1/alignment_XML1-4000-0.005-8E-5-50-6.fa	XML-1	10	3822
XML-1/alignment_XML1-4000-0.005-8E-5-50-7.fa	XML-1	6	3822
XML-1/alignment_XML1-4000-0.005-8E-5-50-8.fa	XML-1	10	3771
XML-1/alignment_XML1-4000-0.005-8E-5-50-9.fa	XML-1	12	3822
XML-1/alignment_XML1-4000-0.01-12E-5-100-1.fa	XML-1	21	3822
XML-1/alignment_XML1-4000-0.01-12E-5-100-10.fa	XML-1	23	3822
XML-1/alignment_XML1-4000-0.01-12E-5-100-11.fa	XML-1	21	3822
XML-1/alignment_XML1-4000-0.01-12E-5-100-12.fa	XML-1	16	3822
XML-1/alignment_XML1-4000-0.01-12E-5-100-13.fa	XML-1	17	3822
XML-1/alignment_XML1-4000-0.01-12E-5-100-14.fa	XML-1	25	3822
XML-1/alignment_XML1-4000-0.01-12E-5-100-15.fa	XML-1	18	3822
XML-1/alignment_XML1-4000-0.01-12E-5-100-2.fa	XML-1	18	3822
XML-1/alignment_XML1-4000-0.01-12E-5-100-3.fa	XML-1	29	3822
XML-1/alignment_XML1-4000-0.01-12E-5-100-4.fa	XML-1	26	3822
XML-1/alignment_XML1-4000-0.01-12E-5-100-5.fa	XML-1	23	3822
XML-1/alignment_XML1-4000-0.01-12E-5-100-6.fa	XML-1	30	3822
XML-1/alignment_XML1-4000-0.01-12E-5-100-7.fa	XML-1	33	3822
XML-1/alignment_XML1-4000-0.01-12E-5-100-8.fa	XML-1	25	3822
XML-1/alignment_XML1-4000-0.01-12E-5-100-9.fa	XML-1	22	3822
XML-1/alignment_XML1-4000-0.01-12E-5-200-1.fa	XML-1	36	3822
XML-1/alignment_XML1-4000-0.01-12E-5-200-10.fa	XML-1	26	3822
XML-1/alignment_XML1-4000-0.01-12E-5-200-11.fa	XML-1	38	3822
XML-1/alignment_XML1-4000-0.01-12E-5-200-12.fa	XML-1	52	3822
XML-1/alignment_XML1-4000-0.01-12E-5-200-13.fa	XML-1	27	3822
XML-1/alignment_XML1-4000-0.01-12E-5-200-14.fa	XML-1	32	3822
XML-1/alignment_XML1-4000-0.01-12E-5-200-15.fa	XML-1	27	3822
XML-1/alignment_XML1-4000-0.01-12E-5-200-2.fa	XML-1	39	3822
XML-1/alignment_XML1-4000-0.01-12E-5-200-3.fa	XML-1	22	3822
XML-1/alignment_XML1-4000-0.01-12E-5-200-4.fa	XML-1	31	3822
XML-1/alignment_XML1-4000-0.01-12E-5-200-5.fa	XML-1	38	3822
XML-1/alignment_XML1-4000-0.01-12E-5-200-6.fa	XML-1	35	3822
XML-1/alignment_XML1-4000-0.01-12E-5-200-7.fa	XML-1	37	3822
XML-1/alignment_XML1-4000-0.01-12E-5-200-8.fa	XML-1	38	3822
XML-1/alignment_XML1-4000-0.01-12E-5-200-9.fa	XML-1	43	3822
XML-1/alignment_XML1-4000-0.01-12E-5-50-1.fa	XML-1	23	3822
XML-1/alignment_XML1-4000-0.01-12E-5-50-10.fa	XML-1	15	3822
XML-1/alignment_XML1-4000-0.01-12E-5-50-11.fa	XML-1	12	3822
XML-1/alignment_XML1-4000-0.01-12E-5-50-12.fa	XML-1	12	3822
XML-1/alignment_XML1-4000-0.01-12E-5-50-13.fa	XML-1	14	3822
XML-1/alignment_XML1-4000-0.01-12E-5-50-14.fa	XML-1	12	3822
XML-1/alignment_XML1-4000-0.01-12E-5-50-15.fa	XML-1	22	3822
XML-1/alignment_XML1-4000-0.01-12E-5-50-2.fa	XML-1	20	3822
XML-1/alignment_XML1-4000-0.01-12E-5-50-3.fa	XML-1	19	3822
XML-1/alignment_XML1-4000-0.01-12E-5-50-4.fa	XML-1	25	3822
XML-1/alignment_XML1-4000-0.01-12E-5-50-5.fa	XML-1	22	3822
XML-1/alignment_XML1-4000-0.01-12E-5-50-6.fa	XML-1	17	3822
XML-1/alignment_XML1-4000-0.01-12E-5-50-7.fa	XML-1	21	3822
XML-1/alignment_XML1-4000-0.01-12E-5-50-8.fa	XML-1	21	3822
XML-1/alignment_XML1-4000-0.01-12E-5-50-9.fa	XML-1	13	3822
XML-1/alignment_XML1-4000-0.01-4E-5-100-1.fa	XML-1	24	3822
XML-1/alignment_XML1-4000-0.01-4E-5-100-10.fa	XML-1	30	3822
XML-1/alignment_XML1-4000-0.01-4E-5-100-11.fa	XML-1	33	3822
XML-1/alignment_XML1-4000-0.01-4E-5-100-12.fa	XML-1	22	3822
XML-1/alignment_XML1-4000-0.01-4E-5-100-13.fa	XML-1	11	3822
XML-1/alignment_XML1-4000-0.01-4E-5-100-14.fa	XML-1	21	3822
XML-1/alignment_XML1-4000-0.01-4E-5-100-15.fa	XML-1	29	3822
XML-1/alignment_XML1-4000-0.01-4E-5-100-2.fa	XML-1	19	3822
XML-1/alignment_XML1-4000-0.01-4E-5-100-3.fa	XML-1	25	3822
XML-1/alignment_XML1-4000-0.01-4E-5-100-4.fa	XML-1	25	3822
XML-1/alignment_XML1-4000-0.01-4E-5-100-5.fa	XML-1	20	3822
XML-1/alignment_XML1-4000-0.01-4E-5-100-6.fa	XML-1	21	3822
XML-1/alignment_XML1-4000-0.01-4E-5-100-7.fa	XML-1	28	3822
XML-1/alignment_XML1-4000-0.01-4E-5-100-8.fa	XML-1	22	3822
XML-1/alignment_XML1-4000-0.01-4E-5-100-9.fa	XML-1	25	3822
XML-1/alignment_XML1-4000-0.01-4E-5-200-1.fa	XML-1	32	3822
XML-1/alignment_XML1-4000-0.01-4E-5-200-10.fa	XML-1	36	3822
XML-1/alignment_XML1-4000-0.01-4E-5-200-11.fa	XML-1	45	3822
XML-1/alignment_XML1-4000-0.01-4E-5-200-12.fa	XML-1	43	3822
XML-1/alignment_XML1-4000-0.01-4E-5-200-13.fa	XML-1	26	3822
XML-1/alignment_XML1-4000-0.01-4E-5-200-14.fa	XML-1	36	3822
XML-1/alignment_XML1-4000-0.01-4E-5-200-15.fa	XML-1	28	3822
XML-1/alignment_XML1-4000-0.01-4E-5-200-2.fa	XML-1	34	3822
XML-1/alignment_XML1-4000-0.01-4E-5-200-3.fa	XML-1	40	3822
XML-1/alignment_XML1-4000-0.01-4E-5-200-4.fa	XML-1	37	3822
XML-1/alignment_XML1-4000-0.01-4E-5-200-5.fa	XML-1	32	3822
XML-1/alignment_XML1-4000-0.01-4E-5-200-6.fa	XML-1	28	3822
XML-1/alignment_XML1-4000-0.01-4E-5-200-7.fa	XML-1	22	3822
XML-1/alignment_XML1-4000-0.01-4E-5-200-8.fa	XML-1	27	3822
XML-1/alignment_XML1-4000-0.01-4E-5-200-9.fa	XML-1	38	3822
XML-1/alignment_XML1-4000-0.01-4E-5-50-1.fa	XML-1	27	3822
XML-1/alignment_XML1-4000-0.01-4E-5-50-10.fa	XML-1	14	3822
XML-1/alignment_XML1-4000-0.01-4E-5-50-11.fa	XML-1	9	3822
XML-1/alignment_XML1-4000-0.01-4E-5-50-12.fa	XML-1	28	3822
XML-1/alignment_XML1-4000-0.01-4E-5-50-13.fa	XML-1	14	3822
XML-1/alignment_XML1-4000-0.01-4E-5-50-14.fa	XML-1	13	3822
XML-1/alignment_XML1-4000-0.01-4E-5-50-15.fa	XML-1	12	3822
XML-1/alignment_XML1-4000-0.01-4E-5-50-2.fa	XML-1	21	3822
XML-1/alignment_XML1-4000-0.01-4E-5-50-3.fa	XML-1	15	3822
XML-1/alignment_XML1-4000-0.01-4E-5-50-4.fa	XML-1	21	3822
XML-1/alignment_XML1-4000-0.01-4E-5-50-5.fa	XML-1	18	3822
XML-1/alignment_XML1-4000-0.01-4E-5-50-6.fa	XML-1	17	3822
XML-1/alignment_XML1-4000-0.01-4E-5-50-7.fa	XML-1	20	3822
XML-1/alignment_XML1-4000-0.01-4E-5-50-8.fa	XML-1	15	3822
XML-1/alignment_XML1-4000-0.01-4E-5-50-9.fa	XML-1	14	3822
XML-1/alignment_XML1-4000-0.01-8E-5-100-1.fa	XML-1	17	3822
XML-1/alignment_XML1-4000-0.01-8E-5-100-10.fa	XML-1	35	3822
XML-1/alignment_XML1-4000-0.01-8E-5-100-11.fa	XML-1	27	3822
XML-1/alignment_XML1-4000-0.01-8E-5-100-12.fa	XML-1	35	3822
XML-1/alignment_XML1-4000-0.01-8E-5-100-13.fa	XML-1	38	3822
XML-1/alignment_XML1-4000-0.01-8E-5-100-14.fa	XML-1	20	3822
XML-1/alignment_XML1-4000-0.01-8E-5-100-15.fa	XML-1	26	3822
XML-1/alignment_XML1-4000-0.01-8E-5-100-2.fa	XML-1	20	3822
XML-1/alignment_XML1-4000-0.01-8E-5-100-3.fa	XML-1	32	3822
XML-1/alignment_XML1-4000-0.01-8E-5-100-4.fa	XML-1	18	3822
XML-1/alignment_XML1-4000-0.01-8E-5-100-5.fa	XML-1	15	3822
XML-1/alignment_XML1-4000-0.01-8E-5-100-6.fa	XML-1	45	3822
XML-1/alignment_XML1-4000-0.01-8E-5-100-7.fa	XML-1	26	3822
XML-1/alignment_XML1-4000-0.01-8E-5-100-8.fa	XML-1	20	3822
XML-1/alignment_XML1-4000-0.01-8E-5-100-9.fa	XML-1	17	3822
XML-1/alignment_XML1-4000-0.01-8E-5-200-1.fa	XML-1	30	3822
XML-1/alignment_XML1-4000-0.01-8E-5-200-10.fa	XML-1	30	3822
XML-1/alignment_XML1-4000-0.01-8E-5-200-11.fa	XML-1	29	3822
XML-1/alignment_XML1-4000-0.01-8E-5-200-12.fa	XML-1	38	3822
XML-1/alignment_XML1-4000-0.01-8E-5-200-13.fa	XML-1	39	3822
XML-1/alignment_XML1-4000-0.01-8E-5-200-14.fa	XML-1	36	3822
XML-1/alignment_XML1-4000-0.01-8E-5-200-15.fa	XML-1	25	3822
XML-1/alignment_XML1-4000-0.01-8E-5-200-2.fa	XML-1	39	3822
XML-1/alignment_XML1-4000-0.01-8E-5-200-3.fa	XML-1	49	3822
XML-1/alignment_XML1-4000-0.01-8E-5-200-4.fa	XML-1	47	3822
XML-1/alignment_XML1-4000-0.01-8E-5-200-5.fa	XML-1	39	3822
XML-1/alignment_XML1-4000-0.01-8E-5-200-6.fa	XML-1	37	3822
XML-1/alignment_XML1-4000-0.01-8E-5-200-7.fa	XML-1	39	3822
XML-1/alignment_XML1-4000-0.01-8E-5-200-8.fa	XML-1	41	3822
XML-1/alignment_XML1-4000-0.01-8E-5-200-9.fa	XML-1	26	3822
XML-1/alignment_XML1-4000-0.01-8E-5-50-1.fa	XML-1	19	3822
XML-1/alignment_XML1-4000-0.01-8E-5-50-10.fa	XML-1	13	3822
XML-1/alignment_XML1-4000-0.01-8E-5-50-11.fa	XML-1	22	3822
XML-1/alignment_XML1-4000-0.01-8E-5-50-12.fa	XML-1	19	3822
XML-1/alignment_XML1-4000-0.01-8E-5-50-13.fa	XML-1	16	3822
XML-1/alignment_XML1-4000-0.01-8E-5-50-14.fa	XML-1	17	3822
XML-1/alignment_XML1-4000-0.01-8E-5-50-15.fa	XML-1	25	3822
XML-1/alignment_XML1-4000-0.01-8E-5-50-2.fa	XML-1	16	3822
XML-1/alignment_XML1-4000-0.01-8E-5-50-3.fa	XML-1	18	3822
XML-1/alignment_XML1-4000-0.01-8E-5-50-4.fa	XML-1	15	3822
XML-1/alignment_XML1-4000-0.01-8E-5-50-5.fa	XML-1	13	3822
XML-1/alignment_XML1-4000-0.01-8E-5-50-6.fa	XML-1	13	3822
XML-1/alignment_XML1-4000-0.01-8E-5-50-7.fa	XML-1	13	3822
XML-1/alignment_XML1-4000-0.01-8E-5-50-8.fa	XML-1	19	3822
XML-1/alignment_XML1-4000-0.01-8E-5-50-9.fa	XML-1	13	3822
XML-1/alignment_XML1-4000-0.02-12E-5-100-1.fa	XML-1	44	3822
XML-1/alignment_XML1-4000-0.02-12E-5-100-10.fa	XML-1	37	3822
XML-1/alignment_XML1-4000-0.02-12E-5-100-11.fa	XML-1	42	3822
XML-1/alignment_XML1-4000-0.02-12E-5-100-12.fa	XML-1	36	3822
XML-1/alignment_XML1-4000-0.02-12E-5-100-13.fa	XML-1	51	3822
XML-1/alignment_XML1-4000-0.02-12E-5-100-14.fa	XML-1	43	3822
XML-1/alignment_XML1-4000-0.02-12E-5-100-15.fa	XML-1	50	3822
XML-1/alignment_XML1-4000-0.02-12E-5-100-2.fa	XML-1	33	3822
XML-1/alignment_XML1-4000-0.02-12E-5-100-3.fa	XML-1	44	3822
XML-1/alignment_XML1-4000-0.02-12E-5-100-4.fa	XML-1	48	3822
XML-1/alignment_XML1-4000-0.02-12E-5-100-5.fa	XML-1	60	3822
XML-1/alignment_XML1-4000-0.02-12E-5-100-6.fa	XML-1	41	3822
XML-1/alignment_XML1-4000-0.02-12E-5-100-7.fa	XML-1	50	3822
XML-1/alignment_XML1-4000-0.02-12E-5-100-8.fa	XML-1	31	3822
XML-1/alignment_XML1-4000-0.02-12E-5-100-9.fa	XML-1	39	3822
XML-1/alignment_XML1-4000-0.02-12E-5-200-1.fa	XML-1	65	3822
XML-1/alignment_XML1-4000-0.02-12E-5-200-10.fa	XML-1	65	3822
XML-1/alignment_XML1-4000-0.02-12E-5-200-11.fa	XML-1	58	3822
XML-1/alignment_XML1-4000-0.02-12E-5-200-12.fa	XML-1	73	3822
XML-1/alignment_XML1-4000-0.02-12E-5-200-13.fa	XML-1	49	3822
XML-1/alignment_XML1-4000-0.02-12E-5-200-14.fa	XML-1	78	3822
XML-1/alignment_XML1-4000-0.02-12E-5-200-15.fa	XML-1	62	3822
XML-1/alignment_XML1-4000-0.02-12E-5-200-2.fa	XML-1	81	3822
XML-1/alignment_XML1-4000-0.02-12E-5-200-3.fa	XML-1	73	3822
XML-1/alignment_XML1-4000-0.02-12E-5-200-4.fa	XML-1	74	3822
XML-1/alignment_XML1-4000-0.02-12E-5-200-5.fa	XML-1	91	3822
XML-1/alignment_XML1-4000-0.02-12E-5-200-6.fa	XML-1	54	3822
XML-1/alignment_XML1-4000-0.02-12E-5-200-7.fa	XML-1	71	3822
XML-1/alignment_XML1-4000-0.02-12E-5-200-8.fa	XML-1	65	3822
XML-1/alignment_XML1-4000-0.02-12E-5-200-9.fa	XML-1	55	3822
XML-1/alignment_XML1-4000-0.02-12E-5-50-1.fa	XML-1	42	3822
XML-1/alignment_XML1-4000-0.02-12E-5-50-10.fa	XML-1	28	3822
XML-1/alignment_XML1-4000-0.02-12E-5-50-11.fa	XML-1	30	3822
XML-1/alignment_XML1-4000-0.02-12E-5-50-12.fa	XML-1	24	3822
XML-1/alignment_XML1-4000-0.02-12E-5-50-13.fa	XML-1	41	3822
XML-1/alignment_XML1-4000-0.02-12E-5-50-14.fa	XML-1	33	3822
XML-1/alignment_XML1-4000-0.02-12E-5-50-15.fa	XML-1	19	3822
XML-1/alignment_XML1-4000-0.02-12E-5-50-2.fa	XML-1	22	3822
XML-1/alignment_XML1-4000-0.02-12E-5-50-3.fa	XML-1	24	3822
XML-1/alignment_XML1-4000-0.02-12E-5-50-4.fa	XML-1	29	3822
XML-1/alignment_XML1-4000-0.02-12E-5-50-5.fa	XML-1	21	3822
XML-1/alignment_XML1-4000-0.02-12E-5-50-6.fa	XML-1	22	3822
XML-1/alignment_XML1-4000-0.02-12E-5-50-7.fa	XML-1	30	3822
XML-1/alignment_XML1-4000-0.02-12E-5-50-8.fa	XML-1	38	3822
XML-1/alignment_XML1-4000-0.02-12E-5-50-9.fa	XML-1	35	3822
XML-1/alignment_XML1-4000-0.02-4E-5-100-1.fa	XML-1	40	3822
XML-1/alignment_XML1-4000-0.02-4E-5-100-10.fa	XML-1	45	3822
XML-1/alignment_XML1-4000-0.02-4E-5-100-11.fa	XML-1	37	3822
XML-1/alignment_XML1-4000-0.02-4E-5-100-12.fa	XML-1	34	3822
XML-1/alignment_XML1-4000-0.02-4E-5-100-13.fa	XML-1	40	3822
XML-1/alignment_XML1-4000-0.02-4E-5-100-14.fa	XML-1	40	3822
XML-1/alignment_XML1-4000-0.02-4E-5-100-15.fa	XML-1	45	3822
XML-1/alignment_XML1-4000-0.02-4E-5-100-2.fa	XML-1	40	3822
XML-1/alignment_XML1-4000-0.02-4E-5-100-3.fa	XML-1	43	3822
XML-1/alignment_XML1-4000-0.02-4E-5-100-4.fa	XML-1	53	3822
XML-1/alignment_XML1-4000-0.02-4E-5-100-5.fa	XML-1	45	3822
XML-1/alignment_XML1-4000-0.02-4E-5-100-6.fa	XML-1	62	3822
XML-1/alignment_XML1-4000-0.02-4E-5-100-7.fa	XML-1	41	3822
XML-1/alignment_XML1-4000-0.02-4E-5-100-8.fa	XML-1	33	3822
XML-1/alignment_XML1-4000-0.02-4E-5-100-9.fa	XML-1	50	3822
XML-1/alignment_XML1-4000-0.02-4E-5-200-1.fa	XML-1	62	3822
XML-1/alignment_XML1-4000-0.02-4E-5-200-10.fa	XML-1	63	3822
XML-1/alignment_XML1-4000-0.02-4E-5-200-11.fa	XML-1	72	3822
XML-1/alignment_XML1-4000-0.02-4E-5-200-12.fa	XML-1	56	3822
XML-1/alignment_XML1-4000-0.02-4E-5-200-13.fa	XML-1	68	3822
XML-1/alignment_XML1-4000-0.02-4E-5-200-14.fa	XML-1	50	3822
XML-1/alignment_XML1-4000-0.02-4E-5-200-15.fa	XML-1	45	3822
XML-1/alignment_XML1-4000-0.02-4E-5-200-2.fa	XML-1	82	3822
XML-1/alignment_XML1-4000-0.02-4E-5-200-3.fa	XML-1	49	3822
XML-1/alignment_XML1-4000-0.02-4E-5-200-4.fa	XML-1	39	3822
XML-1/alignment_XML1-4000-0.02-4E-5-200-5.fa	XML-1	79	3822
XML-1/alignment_XML1-4000-0.02-4E-5-200-6.fa	XML-1	51	3822
XML-1/alignment_XML1-4000-0.02-4E-5-200-7.fa	XML-1	59	3822
XML-1/alignment_XML1-4000-0.02-4E-5-200-8.fa	XML-1	62	3822
XML-1/alignment_XML1-4000-0.02-4E-5-200-9.fa	XML-1	40	3822
XML-1/alignment_XML1-4000-0.02-4E-5-50-1.fa	XML-1	30	3822
XML-1/alignment_XML1-4000-0.02-4E-5-50-10.fa	XML-1	24	3822
XML-1/alignment_XML1-4000-0.02-4E-5-50-11.fa	XML-1	20	3822
XML-1/alignment_XML1-4000-0.02-4E-5-50-12.fa	XML-1	27	3822
XML-1/alignment_XML1-4000-0.02-4E-5-50-13.fa	XML-1	26	3822
XML-1/alignment_XML1-4000-0.02-4E-5-50-14.fa	XML-1	25	3822
XML-1/alignment_XML1-4000-0.02-4E-5-50-15.fa	XML-1	29	3822
XML-1/alignment_XML1-4000-0.02-4E-5-50-2.fa	XML-1	31	3822
XML-1/alignment_XML1-4000-0.02-4E-5-50-3.fa	XML-1	23	3822
XML-1/alignment_XML1-4000-0.02-4E-5-50-4.fa	XML-1	34	3822
XML-1/alignment_XML1-4000-0.02-4E-5-50-5.fa	XML-1	24	3822
XML-1/alignment_XML1-4000-0.02-4E-5-50-6.fa	XML-1	23	3822
XML-1/alignment_XML1-4000-0.02-4E-5-50-7.fa	XML-1	37	3822
XML-1/alignment_XML1-4000-0.02-4E-5-50-8.fa	XML-1	24	3822
XML-1/alignment_XML1-4000-0.02-4E-5-50-9.fa	XML-1	16	3822
XML-1/alignment_XML1-4000-0.02-8E-5-100-1.fa	XML-1	51	3822
XML-1/alignment_XML1-4000-0.02-8E-5-100-10.fa	XML-1	39	3822
XML-1/alignment_XML1-4000-0.02-8E-5-100-11.fa	XML-1	49	3822
XML-1/alignment_XML1-4000-0.02-8E-5-100-12.fa	XML-1	35	3822
XML-1/alignment_XML1-4000-0.02-8E-5-100-13.fa	XML-1	41	3822
XML-1/alignment_XML1-4000-0.02-8E-5-100-14.fa	XML-1	45	3822
XML-1/alignment_XML1-4000-0.02-8E-5-100-15.fa	XML-1	40	3822
XML-1/alignment_XML1-4000-0.02-8E-5-100-2.fa	XML-1	39	3822
XML-1/alignment_XML1-4000-0.02-8E-5-100-3.fa	XML-1	53	3822
XML-1/alignment_XML1-4000-0.02-8E-5-100-4.fa	XML-1	40	3822
XML-1/alignment_XML1-4000-0.02-8E-5-100-5.fa	XML-1	30	3822
XML-1/alignment_XML1-4000-0.02-8E-5-100-6.fa	XML-1	35	3822
XML-1/alignment_XML1-4000-0.02-8E-5-100-7.fa	XML-1	54	3822
XML-1/alignment_XML1-4000-0.02-8E-5-100-8.fa	XML-1	35	3822
XML-1/alignment_XML1-4000-0.02-8E-5-100-9.fa	XML-1	54	3822
XML-1/alignment_XML1-4000-0.02-8E-5-200-1.fa	XML-1	80	3822
XML-1/alignment_XML1-4000-0.02-8E-5-200-10.fa	XML-1	59	3822
XML-1/alignment_XML1-4000-0.02-8E-5-200-11.fa	XML-1	65	3822
XML-1/alignment_XML1-4000-0.02-8E-5-200-12.fa	XML-1	58	3822
XML-1/alignment_XML1-4000-0.02-8E-5-200-13.fa	XML-1	40	3822
XML-1/alignment_XML1-4000-0.02-8E-5-200-14.fa	XML-1	66	3822
XML-1/alignment_XML1-4000-0.02-8E-5-200-15.fa	XML-1	52	3822
XML-1/alignment_XML1-4000-0.02-8E-5-200-2.fa	XML-1	53	3822
XML-1/alignment_XML1-4000-0.02-8E-5-200-3.fa	XML-1	63	3822
XML-1/alignment_XML1-4000-0.02-8E-5-200-4.fa	XML-1	105	3822
XML-1/alignment_XML1-4000-0.02-8E-5-200-5.fa	XML-1	57	3822
XML-1/alignment_XML1-4000-0.02-8E-5-200-6.fa	XML-1	57	3822
XML-1/alignment_XML1-4000-0.02-8E-5-200-7.fa	XML-1	40	3822
XML-1/alignment_XML1-4000-0.02-8E-5-200-8.fa	XML-1	57	3822
XML-1/alignment_XML1-4000-0.02-8E-5-200-9.fa	XML-1	58	3822
XML-1/alignment_XML1-4000-0.02-8E-5-50-1.fa	XML-1	35	3822
XML-1/alignment_XML1-4000-0.02-8E-5-50-10.fa	XML-1	23	3822
XML-1/alignment_XML1-4000-0.02-8E-5-50-11.fa	XML-1	17	3822
XML-1/alignment_XML1-4000-0.02-8E-5-50-12.fa	XML-1	24	3822
XML-1/alignment_XML1-4000-0.02-8E-5-50-13.fa	XML-1	24	3822
XML-1/alignment_XML1-4000-0.02-8E-5-50-14.fa	XML-1	25	3822
XML-1/alignment_XML1-4000-0.02-8E-5-50-15.fa	XML-1	24	3822
XML-1/alignment_XML1-4000-0.02-8E-5-50-2.fa	XML-1	33	3822
XML-1/alignment_XML1-4000-0.02-8E-5-50-3.fa	XML-1	30	3822
XML-1/alignment_XML1-4000-0.02-8E-5-50-4.fa	XML-1	27	3822
XML-1/alignment_XML1-4000-0.02-8E-5-50-5.fa	XML-1	25	3822
XML-1/alignment_XML1-4000-0.02-8E-5-50-6.fa	XML-1	29	3822
XML-1/alignment_XML1-4000-0.02-8E-5-50-7.fa	XML-1	30	3822
XML-1/alignment_XML1-4000-0.02-8E-5-50-8.fa	XML-1	29	3822
XML-1/alignment_XML1-4000-0.02-8E-5-50-9.fa	XML-1	31	3822
XML-2/alignment_XML2-2500-0.005-12E-5-100-1.fa	XML-2	18	9181
XML-2/alignment_XML2-2500-0.005-12E-5-100-10.fa	XML-2	14	9181
XML-2/alignment_XML2-2500-0.005-12E-5-100-11.fa	XML-2	23	9181
XML-2/alignment_XML2-2500-0.005-12E-5-100-12.fa	XML-2	18	9181
XML-2/alignment_XML2-2500-0.005-12E-5-100-13.fa	XML-2	19	9181
XML-2/alignment_XML2-2500-0.005-12E-5-100-14.fa	XML-2	26	9181
XML-2/alignment_XML2-2500-0.005-12E-5-100-15.fa	XML-2	20	9181
XML-2/alignment_XML2-2500-0.005-12E-5-100-2.fa	XML-2	21	9181
XML-2/alignment_XML2-2500-0.005-12E-5-100-3.fa	XML-2	21	9181
XML-2/alignment_XML2-2500-0.005-12E-5-100-4.fa	XML-2	22	9181
XML-2/alignment_XML2-2500-0.005-12E-5-100-5.fa	XML-2	25	9181
XML-2/alignment_XML2-2500-0.005-12E-5-100-6.fa	XML-2	27	9181
XML-2/alignment_XML2-2500-0.005-12E-5-100-7.fa	XML-2	18	9181
XML-2/alignment_XML2-2500-0.005-12E-5-100-8.fa	XML-2	17	9181
XML-2/alignment_XML2-2500-0.005-12E-5-100-9.fa	XML-2	16	9181
XML-2/alignment_XML2-2500-0.005-12E-5-200-1.fa	XML-2	19	9181
XML-2/alignment_XML2-2500-0.005-12E-5-200-10.fa	XML-2	18	9181
XML-2/alignment_XML2-2500-0.005-12E-5-200-11.fa	XML-2	17	9181
XML-2/alignment_XML2-2500-0.005-12E-5-200-12.fa	XML-2	16	9181
XML-2/alignment_XML2-2500-0.005-12E-5-200-13.fa	XML-2	16	9181
XML-2/alignment_XML2-2500-0.005-12E-5-200-14.fa	XML-2	25	9181
XML-2/alignment_XML2-2500-0.005-12E-5-200-15.fa	XML-2	37	9181
XML-2/alignment_XML2-2500-0.005-12E-5-200-2.fa	XML-2	22	9181
XML-2/alignment_XML2-2500-0.005-12E-5-200-3.fa	XML-2	23	9181
XML-2/alignment_XML2-2500-0.005-12E-5-200-4.fa	XML-2	25	9181
XML-2/alignment_XML2-2500-0.005-12E-5-200-5.fa	XML-2	37	9181
XML-2/alignment_XML2-2500-0.005-12E-5-200-6.fa	XML-2	24	9181
XML-2/alignment_XML2-2500-0.005-12E-5-200-7.fa	XML-2	30	9181
XML-2/alignment_XML2-2500-0.005-12E-5-200-8.fa	XML-2	18	9181
XML-2/alignment_XML2-2500-0.005-12E-5-200-9.fa	XML-2	33	9181
XML-2/alignment_XML2-2500-0.005-12E-5-50-1.fa	XML-2	8	9181
XML-2/alignment_XML2-2500-0.005-12E-5-50-10.fa	XML-2	17	9181
XML-2/alignment_XML2-2500-0.005-12E-5-50-11.fa	XML-2	11	9181
XML-2/alignment_XML2-2500-0.005-12E-5-50-12.fa	XML-2	14	9181
XML-2/alignment_XML2-2500-0.005-12E-5-50-13.fa	XML-2	19	9181
XML-2/alignment_XML2-2500-0.005-12E-5-50-14.fa	XML-2	8	9181
XML-2/alignment_XML2-2500-0.005-12E-5-50-15.fa	XML-2	20	9181
XML-2/alignment_XML2-2500-0.005-12E-5-50-2.fa	XML-2	11	9181
XML-2/alignment_XML2-2500-0.005-12E-5-50-3.fa	XML-2	10	9181
XML-2/alignment_XML2-2500-0.005-12E-5-50-4.fa	XML-2	15	9181
XML-2/alignment_XML2-2500-0.005-12E-5-50-5.fa	XML-2	16	9181
XML-2/alignment_XML2-2500-0.005-12E-5-50-6.fa	XML-2	8	9181
XML-2/alignment_XML2-2500-0.005-12E-5-50-7.fa	XML-2	14	9181
XML-2/alignment_XML2-2500-0.005-12E-5-50-8.fa	XML-2	13	9181
XML-2/alignment_XML2-2500-0.005-12E-5-50-9.fa	XML-2	10	9181
XML-2/alignment_XML2-2500-0.005-4E-5-100-1.fa	XML-2	25	9181
XML-2/alignment_XML2-2500-0.005-4E-5-100-10.fa	XML-2	26	9181
XML-2/alignment_XML2-2500-0.005-4E-5-100-11.fa	XML-2	19	9181
XML-2/alignment_XML2-2500-0.005-4E-5-100-12.fa	XML-2	32	9181
XML-2/alignment_XML2-2500-0.005-4E-5-100-13.fa	XML-2	21	9181
XML-2/alignment_XML2-2500-0.005-4E-5-100-14.fa	XML-2	24	9181
XML-2/alignment_XML2-2500-0.005-4E-5-100-15.fa	XML-2	27	9181
XML-2/alignment_XML2-2500-0.005-4E-5-100-2.fa	XML-2	22	9181
XML-2/alignment_XML2-2500-0.005-4E-5-100-3.fa	XML-2	27	9181
XML-2/alignment_XML2-2500-0.005-4E-5-100-4.fa	XML-2	21	9181
XML-2/alignment_XML2-2500-0.005-4E-5-100-5.fa	XML-2	16	9181
XML-2/alignment_XML2-2500-0.005-4E-5-100-6.fa	XML-2	16	9181
XML-2/alignment_XML2-2500-0.005-4E-5-100-7.fa	XML-2	20	9181
XML-2/alignment_XML2-2500-0.005-4E-5-100-8.fa	XML-2	20	9181
XML-2/alignment_XML2-2500-0.005-4E-5-100-9.fa	XML-2	21	9181
XML-2/alignment_XML2-2500-0.005-4E-5-200-1.fa	XML-2	28	9181
XML-2/alignment_XML2-2500-0.005-4E-5-200-10.fa	XML-2	39	9181
XML-2/alignment_XML2-2500-0.005-4E-5-200-11.fa	XML-2	25	9181
XML-2/alignment_XML2-2500-0.005-4E-5-200-12.fa	XML-2	39	9181
XML-2/alignment_XML2-2500-0.005-4E-5-200-13.fa	XML-2	36	9181
XML-2/alignment_XML2-2500-0.005-4E-5-200-14.fa	XML-2	34	9181
XML-2/alignment_XML2-2500-0.005-4E-5-200-15.fa	XML-2	21	9181
XML-2/alignment_XML2-2500-0.005-4E-5-200-2.fa	XML-2	31	9181
XML-2/alignment_XML2-2500-0.005-4E-5-200-3.fa	XML-2	27	9181
XML-2/alignment_XML2-2500-0.005-4E-5-200-4.fa	XML-2	32	9181
XML-2/alignment_XML2-2500-0.005-4E-5-200-5.fa	XML-2	26	9181
XML-2/alignment_XML2-2500-0.005-4E-5-200-6.fa	XML-2	37	9181
XML-2/alignment_XML2-2500-0.005-4E-5-200-7.fa	XML-2	25	9181
XML-2/alignment_XML2-2500-0.005-4E-5-200-8.fa	XML-2	23	9181
XML-2/alignment_XML2-2500-0.005-4E-5-200-9.fa	XML-2	41	9181
XML-2/alignment_XML2-2500-0.005-4E-5-50-1.fa	XML-2	22	9181
XML-2/alignment_XML2-2500-0.005-4E-5-50-10.fa	XML-2	21	9181
XML-2/alignment_XML2-2500-0.005-4E-5-50-11.fa	XML-2	11	9181
XML-2/alignment_XML2-2500-0.005-4E-5-50-12.fa	XML-2	19	9181
XML-2/alignment_XML2-2500-0.005-4E-5-50-13.fa	XML-2	23	9181
XML-2/alignment_XML2-2500-0.005-4E-5-50-14.fa	XML-2	19	9181
XML-2/alignment_XML2-2500-0.005-4E-5-50-15.fa	XML-2	23	9181
XML-2/alignment_XML2-2500-0.005-4E-5-50-2.fa	XML-2	15	9181
XML-2/alignment_XML2-2500-0.005-4E-5-50-3.fa	XML-2	16	9181
XML-2/alignment_XML2-2500-0.005-4E-5-50-4.fa	XML-2	17	9181
XML-2/alignment_XML2-2500-0.005-4E-5-50-5.fa	XML-2	23	9181
XML-2/alignment_XML2-2500-0.005-4E-5-50-6.fa	XML-2	17	9181
XML-2/alignment_XML2-2500-0.005-4E-5-50-7.fa	XML-2	33	9181
XML-2/alignment_XML2-2500-0.005-4E-5-50-8.fa	XML-2	19	9181
XML-2/alignment_XML2-2500-0.005-4E-5-50-9.fa	XML-2	12	9181
XML-2/alignment_XML2-2500-0.005-8E-5-100-1.fa	XML-2	18	9181
XML-2/alignment_XML2-2500-0.005-8E-5-100-10.fa	XML-2	16	9181
XML-2/alignment_XML2-2500-0.005-8E-5-100-11.fa	XML-2	22	9181
XML-2/alignment_XML2-2500-0.005-8E-5-100-12.fa	XML-2	21	9181
XML-2/alignment_XML2-2500-0.005-8E-5-100-13.fa	XML-2	17	9181
XML-2/alignment_XML2-2500-0.005-8E-5-100-14.fa	XML-2	19	9181
XML-2/alignment_XML2-2500-0.005-8E-5-100-15.fa	XML-2	21	9181
XML-2/alignment_XML2-2500-0.005-8E-5-100-2.fa	XML-2	17	9181
XML-2/alignment_XML2-2500-0.005-8E-5-100-3.fa	XML-2	15	9181
XML-2/alignment_XML2-2500-0.005-8E-5-100-4.fa	XML-2	25	9181
XML-2/alignment_XML2-2500-0.005-8E-5-100-5.fa	XML-2	31	9181
XML-2/alignment_XML2-2500-0.005-8E-5-100-6.fa	XML-2	22	9181
XML-2/alignment_XML2-2500-0.005-8E-5-100-7.fa	XML-2	16	9181
XML-2/alignment_XML2-2500-0.005-8E-5-100-8.fa	XML-2	21	9181
XML-2/alignment_XML2-2500-0.005-8E-5-100-9.fa	XML-2	25	9181
XML-2/alignment_XML2-2500-0.005-8E-5-200-1.fa	XML-2	27	9181
XML-2/alignment_XML2-2500-0.005-8E-5-200-10.fa	XML-2	30	9181
XML-2/alignment_XML2-2500-0.005-8E-5-200-11.fa	XML-2	22	9181
XML-2/alignment_XML2-2500-0.005-8E-5-200-12.fa	XML-2	30	9181
XML-2/alignment_XML2-2500-0.005-8E-5-200-13.fa	XML-2	39	9181
XML-2/alignment_XML2-2500-0.005-8E-5-200-14.fa	XML-2	32	9181
XML-2/alignment_XML2-2500-0.005-8E-5-200-15.fa	XML-2	37	9181
XML-2/alignment_XML2-2500-0.005-8E-5-200-2.fa	XML-2	23	9181
XML-2/alignment_XML2-2500-0.005-8E-5-200-3.fa	XML-2	36	9181
XML-2/alignment_XML2-2500-0.005-8E-5-200-4.fa	XML-2	24	9181
XML-2/alignment_XML2-2500-0.005-8E-5-200-5.fa	XML-2	17	9181
XML-2/alignment_XML2-2500-0.005-8E-5-200-6.fa	XML-2	26	9181
XML-2/alignment_XML2-2500-0.005-8E-5-200-7.fa	XML-2	12	9181
XML-2/alignment_XML2-2500-0.005-8E-5-200-8.fa	XML-2	22	9181
XML-2/alignment_XML2-2500-0.005-8E-5-200-9.fa	XML-2	26	9181
XML-2/alignment_XML2-2500-0.005-8E-5-50-1.fa	XML-2	10	9181
XML-2/alignment_XML2-2500-0.005-8E-5-50-10.fa	XML-2	19	9181
XML-2/alignment_XML2-2500-0.005-8E-5-50-11.fa	XML-2	14	9181
XML-2/alignment_XML2-2500-0.005-8E-5-50-12.fa	XML-2	21	9181
XML-2/alignment_XML2-2500-0.005-8E-5-50-13.fa	XML-2	15	9181
XML-2/alignment_XML2-2500-0.005-8E-5-50-14.fa	XML-2	18	9181
XML-2/alignment_XML2-2500-0.005-8E-5-50-15.fa	XML-2	13	9181
XML-2/alignment_XML2-2500-0.005-8E-5-50-2.fa	XML-2	17	9181
XML-2/alignment_XML2-2500-0.005-8E-5-50-3.fa	XML-2	15	9181
XML-2/alignment_XML2-2500-0.005-8E-5-50-4.fa	XML-2	16	9181
XML-2/alignment_XML2-2500-0.005-8E-5-50-5.fa	XML-2	14	9181
XML-2/alignment_XML2-2500-0.005-8E-5-50-6.fa	XML-2	13	9181
XML-2/alignment_XML2-2500-0.005-8E-5-50-7.fa	XML-2	21	9181
XML-2/alignment_XML2-2500-0.005-8E-5-50-8.fa	XML-2	16	9181
XML-2/alignment_XML2-2500-0.005-8E-5-50-9.fa	XML-2	15	9181
XML-2/alignment_XML2-2500-0.01-12E-5-100-1.fa	XML-2	24	9181
XML-2/alignment_XML2-2500-0.01-12E-5-100-10.fa	XML-2	34	9181
XML-2/alignment_XML2-2500-0.01-12E-5-100-11.fa	XML-2	30	9181
XML-2/alignment_XML2-2500-0.01-12E-5-100-12.fa	XML-2	27	9181
XML-2/alignment_XML2-2500-0.01-12E-5-100-13.fa	XML-2	24	9181
XML-2/alignment_XML2-2500-0.01-12E-5-100-14.fa	XML-2	19	9181
XML-2/alignment_XML2-2500-0.01-12E-5-100-15.fa	XML-2	27	9181
XML-2/alignment_XML2-2500-0.01-12E-5-100-2.fa	XML-2	34	9181
XML-2/alignment_XML2-2500-0.01-12E-5-100-3.fa	XML-2	29	9181
XML-2/alignment_XML2-2500-0.01-12E-5-100-4.fa	XML-2	30	9181
XML-2/alignment_XML2-2500-0.01-12E-5-100-5.fa	XML-2	37	9181
XML-2/alignment_XML2-2500-0.01-12E-5-100-6.fa	XML-2	23	9181
XML-2/alignment_XML2-2500-0.01-12E-5-100-7.fa	XML-2	27	9181
XML-2/alignment_XML2-2500-0.01-12E-5-100-8.fa	XML-2	36	9181
XML-2/alignment_XML2-2500-0.01-12E-5-100-9.fa	XML-2	27	9181
XML-2/alignment_XML2-2500-0.01-12E-5-200-1.fa	XML-2	47	9181
XML-2/alignment_XML2-2500-0.01-12E-5-200-10.fa	XML-2	46	9181
XML-2/alignment_XML2-2500-0.01-12E-5-200-11.fa	XML-2	48	9181
XML-2/alignment_XML2-2500-0.01-12E-5-200-12.fa	XML-2	28	9181
XML-2/alignment_XML2-2500-0.01-12E-5-200-13.fa	XML-2	40	9181
XML-2/alignment_XML2-2500-0.01-12E-5-200-14.fa	XML-2	30	9181
XML-2/alignment_XML2-2500-0.01-12E-5-200-15.fa	XML-2	34	9181
XML-2/alignment_XML2-2500-0.01-12E-5-200-2.fa	XML-2	46	9181
XML-2/alignment_XML2-2500-0.01-12E-5-200-3.fa	XML-2	34	9181
XML-2/alignment_XML2-2500-0.01-12E-5-200-4.fa	XML-2	51	9181
XML-2/alignment_XML2-2500-0.01-12E-5-200-5.fa	XML-2	40	9181
XML-2/alignment_XML2-2500-0.01-12E-5-200-6.fa	XML-2	44	9181
XML-2/alignment_XML2-2500-0.01-12E-5-200-7.fa	XML-2	43	9181
XML-2/alignment_XML2-2500-0.01-12E-5-200-8.fa	XML-2	48	9181
XML-2/alignment_XML2-2500-0.01-12E-5-200-9.fa	XML-2	45	9181
XML-2/alignment_XML2-2500-0.01-12E-5-50-1.fa	XML-2	19	9181
XML-2/alignment_XML2-2500-0.01-12E-5-50-10.fa	XML-2	18	9181
XML-2/alignment_XML2-2500-0.01-12E-5-50-11.fa	XML-2	13	9181
XML-2/alignment_XML2-2500-0.01-12E-5-50-12.fa	XML-2	30	9181
XML-2/alignment_XML2-2500-0.01-12E-5-50-13.fa	XML-2	20	9181
XML-2/alignment_XML2-2500-0.01-12E-5-50-14.fa	XML-2	24	9181
XML-2/alignment_XML2-2500-0.01-12E-5-50-15.fa	XML-2	17	9181
XML-2/alignment_XML2-2500-0.01-12E-5-50-2.fa	XML-2	25	9181
XML-2/alignment_XML2-2500-0.01-12E-5-50-3.fa	XML-2	16	9181
XML-2/alignment_XML2-2500-0.01-12E-5-50-4.fa	XML-2	21	9181
XML-2/alignment_XML2-2500-0.01-12E-5-50-5.fa	XML-2	24	9181
XML-2/alignment_XML2-2500-0.01-12E-5-50-6.fa	XML-2	28	9181
XML-2/alignment_XML2-2500-0.01-12E-5-50-7.fa	XML-2	18	9181
XML-2/alignment_XML2-2500-0.01-12E-5-50-8.fa	XML-2	15	9181
XML-2/alignment_XML2-2500-0.01-12E-5-50-9.fa	XML-2	23	9181
XML-2/alignment_XML2-2500-0.01-4E-5-100-1.fa	XML-2	44	9181
XML-2/alignment_XML2-2500-0.01-4E-5-100-10.fa	XML-2	37	9181
XML-2/alignment_XML2-2500-0.01-4E-5-100-11.fa	XML-2	39	9181
XML-2/alignment_XML2-2500-0.01-4E-5-100-12.fa	XML-2	36	9181
XML-2/alignment_XML2-2500-0.01-4E-5-100-13.fa	XML-2	56	9181
XML-2/alignment_XML2-2500-0.01-4E-5-100-14.fa	XML-2	48	9181
XML-2/alignment_XML2-2500-0.01-4E-5-100-15.fa	XML-2	35	9181
XML-2/alignment_XML2-2500-0.01-4E-5-100-2.fa	XML-2	24	9181
XML-2/alignment_XML2-2500-0.01-4E-5-100-3.fa	XML-2	30	9181
XML-2/alignment_XML2-2500-0.01-4E-5-100-4.fa	XML-2	34	9181
XML-2/alignment_XML2-2500-0.01-4E-5-100-5.fa	XML-2	37	9181
XML-2/alignment_XML2-2500-0.01-4E-5-100-6.fa	XML-2	40	9181
XML-2/alignment_XML2-2500-0.01-4E-5-100-7.fa	XML-2	54	9181
XML-2/alignment_XML2-2500-0.01-4E-5-100-8.fa	XML-2	32	9181
XML-2/alignment_XML2-2500-0.01-4E-5-100-9.fa	XML-2	38	9181
XML-2/alignment_XML2-2500-0.01-4E-5-200-1.fa	XML-2	66	9181
XML-2/alignment_XML2-2500-0.01-4E-5-200-10.fa	XML-2	62	9181
XML-2/alignment_XML2-2500-0.01-4E-5-200-11.fa	XML-2	50	9181
XML-2/alignment_XML2-2500-0.01-4E-5-200-12.fa	XML-2	60	9181
XML-2/alignment_XML2-2500-0.01-4E-5-200-13.fa	XML-2	43	9181
XML-2/alignment_XML2-2500-0.01-4E-5-200-14.fa	XML-2	58	9181
XML-2/alignment_XML2-2500-0.01-4E-5-200-15.fa	XML-2	58	9181
XML-2/alignment_XML2-2500-0.01-4E-5-200-2.fa	XML-2	63	9181
XML-2/alignment_XML2-2500-0.01-4E-5-200-3.fa	XML-2	57	9181
XML-2/alignment_XML2-2500-0.01-4E-5-200-4.fa	XML-2	61	9181
XML-2/alignment_XML2-2500-0.01-4E-5-200-5.fa	XML-2	58	9181
XML-2/alignment_XML2-2500-0.01-4E-5-200-6.fa	XML-2	54	9181
XML-2/alignment_XML2-2500-0.01-4E-5-200-7.fa	XML-2	49	9181
XML-2/alignment_XML2-2500-0.01-4E-5-200-8.fa	XML-2	56	9181
XML-2/alignment_XML2-2500-0.01-4E-5-200-9.fa	XML-2	72	9181
XML-2/alignment_XML2-2500-0.01-4E-5-50-1.fa	XML-2	22	9181
XML-2/alignment_XML2-2500-0.01-4E-5-50-10.fa	XML-2	29	9181
XML-2/alignment_XML2-2500-0.01-4E-5-50-11.fa	XML-2	27	9181
XML-2/alignment_XML2-2500-0.01-4E-5-50-12.fa	XML-2	27	9181
XML-2/alignment_XML2-2500-0.01-4E-5-50-13.fa	XML-2	33	9181
XML-2/alignment_XML2-2500-0.01-4E-5-50-14.fa	XML-2	27	9181
XML-2/alignment_XML2-2500-0.01-4E-5-50-15.fa	XML-2	18	9181
XML-2/alignment_XML2-2500-0.01-4E-5-50-2.fa	XML-2	21	9181
XML-2/alignment_XML2-2500-0.01-4E-5-50-3.fa	XML-2	28	9181
XML-2/alignment_XML2-2500-0.01-4E-5-50-4.fa	XML-2	27	9181
XML-2/alignment_XML2-2500-0.01-4E-5-50-5.fa	XML-2	34	9181
XML-2/alignment_XML2-2500-0.01-4E-5-50-6.fa	XML-2	30	9181
XML-2/alignment_XML2-2500-0.01-4E-5-50-7.fa	XML-2	27	9181
XML-2/alignment_XML2-2500-0.01-4E-5-50-8.fa	XML-2	24	9181
XML-2/alignment_XML2-2500-0.01-4E-5-50-9.fa	XML-2	29	9181
XML-2/alignment_XML2-2500-0.01-8E-5-100-1.fa	XML-2	18	9181
XML-2/alignment_XML2-2500-0.01-8E-5-100-10.fa	XML-2	31	9181
XML-2/alignment_XML2-2500-0.01-8E-5-100-11.fa	XML-2	27	9181
XML-2/alignment_XML2-2500-0.01-8E-5-100-12.fa	XML-2	41	9181
XML-2/alignment_XML2-2500-0.01-8E-5-100-13.fa	XML-2	36	9181
XML-2/alignment_XML2-2500-0.01-8E-5-100-14.fa	XML-2	26	9181
XML-2/alignment_XML2-2500-0.01-8E-5-100-15.fa	XML-2	35	9181
XML-2/alignment_XML2-2500-0.01-8E-5-100-2.fa	XML-2	36	9181
XML-2/alignment_XML2-2500-0.01-8E-5-100-3.fa	XML-2	25	9181
XML-2/alignment_XML2-2500-0.01-8E-5-100-4.fa	XML-2	31	9181
XML-2/alignment_XML2-2500-0.01-8E-5-100-5.fa	XML-2	36	9181
XML-2/alignment_XML2-2500-0.01-8E-5-100-6.fa	XML-2	34	9181
XML-2/alignment_XML2-2500-0.01-8E-5-100-7.fa	XML-2	31	9181
XML-2/alignment_XML2-2500-0.01-8E-5-100-8.fa	XML-2	46	9181
XML-2/alignment_XML2-2500-0.01-8E-5-100-9.fa	XML-2	31	9181
XML-2/alignment_XML2-2500-0.01-8E-5-200-1.fa	XML-2	42	9181
XML-2/alignment_XML2-2500-0.01-8E-5-200-10.fa	XML-2	45	9181
XML-2/alignment_XML2-2500-0.01-8E-5-200-11.fa	XML-2	53	9181
XML-2/alignment_XML2-2500-0.01-8E-5-200-12.fa	XML-2	54	9181
XML-2/alignment_XML2-2500-0.01-8E-5-200-13.fa	XML-2	40	9181
XML-2/alignment_XML2-2500-0.01-8E-5-200-14.fa	XML-2	54	9181
XML-2/alignment_XML2-2500-0.01-8E-5-200-15.fa	XML-2	34	9181
XML-2/alignment_XML2-2500-0.01-8E-5-200-2.fa	XML-2	55	9181
XML-2/alignment_XML2-2500-0.01-8E-5-200-3.fa	XML-2	41	9181
XML-2/alignment_XML2-2500-0.01-8E-5-200-4.fa	XML-2	55	9181
XML-2/alignment_XML2-2500-0.01-8E-5-200-5.fa	XML-2	46	9181
XML-2/alignment_XML2-2500-0.01-8E-5-200-6.fa	XML-2	54	9181
XML-2/alignment_XML2-2500-0.01-8E-5-200-7.fa	XML-2	65	9181
XML-2/alignment_XML2-2500-0.01-8E-5-200-8.fa	XML-2	27	9181
XML-2/alignment_XML2-2500-0.01-8E-5-200-9.fa	XML-2	46	9181
XML-2/alignment_XML2-2500-0.01-8E-5-50-1.fa	XML-2	28	9181
XML-2/alignment_XML2-2500-0.01-8E-5-50-10.fa	XML-2	25	9181
XML-2/alignment_XML2-2500-0.01-8E-5-50-11.fa	XML-2	24	9181
XML-2/alignment_XML2-2500-0.01-8E-5-50-12.fa	XML-2	26	9181
XML-2/alignment_XML2-2500-0.01-8E-5-50-13.fa	XML-2	24	9181
XML-2/alignment_XML2-2500-0.01-8E-5-50-14.fa	XML-2	22	9181
XML-2/alignment_XML2-2500-0.01-8E-5-50-15.fa	XML-2	18	9181
XML-2/alignment_XML2-2500-0.01-8E-5-50-2.fa	XML-2	18	9181
XML-2/alignment_XML2-2500-0.01-8E-5-50-3.fa	XML-2	33	9181
XML-2/alignment_XML2-2500-0.01-8E-5-50-4.fa	XML-2	20	9181
XML-2/alignment_XML2-2500-0.01-8E-5-50-5.fa	XML-2	19	9181
XML-2/alignment_XML2-2500-0.01-8E-5-50-6.fa	XML-2	33	9181
XML-2/alignment_XML2-2500-0.01-8E-5-50-7.fa	XML-2	22	9181
XML-2/alignment_XML2-2500-0.01-8E-5-50-8.fa	XML-2	32	9181
XML-2/alignment_XML2-2500-0.01-8E-5-50-9.fa	XML-2	22	9181
XML-2/alignment_XML2-2500-0.02-12E-5-100-1.fa	XML-2	34	9181
XML-2/alignment_XML2-2500-0.02-12E-5-100-10.fa	XML-2	62	9181
XML-2/alignment_XML2-2500-0.02-12E-5-100-11.fa	XML-2	47	9181
XML-2/alignment_XML2-2500-0.02-12E-5-100-12.fa	XML-2	38	9181
XML-2/alignment_XML2-2500-0.02-12E-5-100-13.fa	XML-2	56	9181
XML-2/alignment_XML2-2500-0.02-12E-5-100-14.fa	XML-2	50	9181
XML-2/alignment_XML2-2500-0.02-12E-5-100-15.fa	XML-2	41	9181
XML-2/alignment_XML2-2500-0.02-12E-5-100-2.fa	XML-2	45	9181
XML-2/alignment_XML2-2500-0.02-12E-5-100-3.fa	XML-2	49	9181
XML-2/alignment_XML2-2500-0.02-12E-5-100-4.fa	XML-2	63	9181
XML-2/alignment_XML2-2500-0.02-12E-5-100-5.fa	XML-2	36	9181
XML-2/alignment_XML2-2500-0.02-12E-5-100-6.fa	XML-2	33	9181
XML-2/alignment_XML2-2500-0.02-12E-5-100-7.fa	XML-2	52	9181
XML-2/alignment_XML2-2500-0.02-12E-5-100-8.fa	XML-2	48	9181
XML-2/alignment_XML2-2500-0.02-12E-5-100-9.fa	XML-2	51	9181
XML-2/alignment_XML2-2500-0.02-12E-5-200-1.fa	XML-2	78	9181
XML-2/alignment_XML2-2500-0.02-12E-5-200-10.fa	XML-2	90	9181
XML-2/alignment_XML2-2500-0.02-12E-5-200-11.fa	XML-2	90	9181
XML-2/alignment_XML2-2500-0.02-12E-5-200-12.fa	XML-2	72	9181
XML-2/alignment_XML2-2500-0.02-12E-5-200-13.fa	XML-2	78	9181
XML-2/alignment_XML2-2500-0.02-12E-5-200-14.fa	XML-2	68	9181
XML-2/alignment_XML2-2500-0.02-12E-5-200-15.fa	XML-2	61	9181
XML-2/alignment_XML2-2500-0.02-12E-5-200-2.fa	XML-2	71	9181
XML-2/alignment_XML2-2500-0.02-12E-5-200-3.fa	XML-2	72	9181
XML-2/alignment_XML2-2500-0.02-12E-5-200-4.fa	XML-2	64	9181
XML-2/alignment_XML2-2500-0.02-12E-5-200-5.fa	XML-2	78	9181
XML-2/alignment_XML2-2500-0.02-12E-5-200-6.fa	XML-2	70	9181
XML-2/alignment_XML2-2500-0.02-12E-5-200-7.fa	XML-2	80	9181
XML-2/alignment_XML2-2500-0.02-12E-5-200-8.fa	XML-2	79	9181
XML-2/alignment_XML2-2500-0.02-12E-5-200-9.fa	XML-2	77	9181
XML-2/alignment_XML2-2500-0.02-12E-5-50-1.fa	XML-2	30	9181
XML-2/alignment_XML2-2500-0.02-12E-5-50-10.fa	XML-2	40	9181
XML-2/alignment_XML2-2500-0.02-12E-5-50-11.fa	XML-2	27	9181
XML-2/alignment_XML2-2500-0.02-12E-5-50-12.fa	XML-2	29	9181
XML-2/alignment_XML2-2500-0.02-12E-5-50-13.fa	XML-2	27	9181
XML-2/alignment_XML2-2500-0.02-12E-5-50-14.fa	XML-2	33	9181
XML-2/alignment_XML2-2500-0.02-12E-5-50-15.fa	XML-2	27	9181
XML-2/alignment_XML2-2500-0.02-12E-5-50-2.fa	XML-2	31	9181
XML-2/alignment_XML2-2500-0.02-12E-5-50-3.fa	XML-2	29	9181
XML-2/alignment_XML2-2500-0.02-12E-5-50-4.fa	XML-2	37	9181
XML-2/alignment_XML2-2500-0.02-12E-5-50-5.fa	XML-2	37	9181
XML-2/alignment_XML2-2500-0.02-12E-5-50-6.fa	XML-2	38	9181
XML-2/alignment_XML2-2500-0.02-12E-5-50-7.fa	XML-2	28	9181
XML-2/alignment_XML2-2500-0.02-12E-5-50-8.fa	XML-2	41	9181
XML-2/alignment_XML2-2500-0.02-12E-5-50-9.fa	XML-2	29	9181
XML-2/alignment_XML2-2500-0.02-4E-5-100-1.fa	XML-2	53	9181
XML-2/alignment_XML2-2500-0.02-4E-5-100-10.fa	XML-2	43	9181
XML-2/alignment_XML2-2500-0.02-4E-5-100-11.fa	XML-2	50	9181
XML-2/alignment_XML2-2500-0.02-4E-5-100-12.fa	XML-2	57	9181
XML-2/alignment_XML2-2500-0.02-4E-5-100-13.fa	XML-2	60	9181
XML-2/alignment_XML2-2500-0.02-4E-5-100-14.fa	XML-2	51	9181
XML-2/alignment_XML2-2500-0.02-4E-5-100-15.fa	XML-2	48	9181
XML-2/alignment_XML2-2500-0.02-4E-5-100-2.fa	XML-2	36	9181
XML-2/alignment_XML2-2500-0.02-4E-5-100-3.fa	XML-2	53	9181
XML-2/alignment_XML2-2500-0.02-4E-5-100-4.fa	XML-2	49	9181
XML-2/alignment_XML2-2500-0.02-4E-5-100-5.fa	XML-2	56	9181
XML-2/alignment_XML2-2500-0.02-4E-5-100-6.fa	XML-2	62	9181
XML-2/alignment_XML2-2500-0.02-4E-5-100-7.fa	XML-2	64	9181
XML-2/alignment_XML2-2500-0.02-4E-5-100-8.fa	XML-2	55	9181
XML-2/alignment_XML2-2500-0.02-4E-5-100-9.fa	XML-2	52	9181
XML-2/alignment_XML2-2500-0.02-4E-5-200-1.fa	XML-2	70	9181
XML-2/alignment_XML2-2500-0.02-4E-5-200-10.fa	XML-2	80	9181
XML-2/alignment_XML2-2500-0.02-4E-5-200-11.fa	XML-2	61	9181
XML-2/alignment_XML2-2500-0.02-4E-5-200-12.fa	XML-2	69	9181
XML-2/alignment_XML2-2500-0.02-4E-5-200-13.fa	XML-2	82	9181
XML-2/alignment_XML2-2500-0.02-4E-5-200-14.fa	XML-2	82	9181
XML-2/alignment_XML2-2500-0.02-4E-5-200-15.fa	XML-2	85	9181
XML-2/alignment_XML2-2500-0.02-4E-5-200-2.fa	XML-2	88	9181
XML-2/alignment_XML2-2500-0.02-4E-5-200-3.fa	XML-2	74	9181
XML-2/alignment_XML2-2500-0.02-4E-5-200-4.fa	XML-2	92	9181
XML-2/alignment_XML2-2500-0.02-4E-5-200-5.fa	XML-2	77	9181
XML-2/alignment_XML2-2500-0.02-4E-5-200-6.fa	XML-2	66	9181
XML-2/alignment_XML2-2500-0.02-4E-5-200-7.fa	XML-2	73	9181
XML-2/alignment_XML2-2500-0.02-4E-5-200-8.fa	XML-2	57	9181
XML-2/alignment_XML2-2500-0.02-4E-5-200-9.fa	XML-2	74	9181
XML-2/alignment_XML2-2500-0.02-4E-5-50-1.fa	XML-2	26	9181
XML-2/alignment_XML2-2500-0.02-4E-5-50-10.fa	XML-2	43	9181
XML-2/alignment_XML2-2500-0.02-4E-5-50-11.fa	XML-2	28	9181
XML-2/alignment_XML2-2500-0.02-4E-5-50-12.fa	XML-2	27	9181
XML-2/alignment_XML2-2500-0.02-4E-5-50-13.fa	XML-2	39	9181
XML-2/alignment_XML2-2500-0.02-4E-5-50-14.fa	XML-2	31	9181
XML-2/alignment_XML2-2500-0.02-4E-5-50-15.fa	XML-2	48	9181
XML-2/alignment_XML2-2500-0.02-4E-5-50-2.fa	XML-2	39	9181
XML-2/alignment_XML2-2500-0.02-4E-5-50-3.fa	XML-2	40	9181
XML-2/alignment_XML2-2500-0.02-4E-5-50-4.fa	XML-2	28	9181
XML-2/alignment_XML2-2500-0.02-4E-5-50-5.fa	XML-2	42	9181
XML-2/alignment_XML2-2500-0.02-4E-5-50-6.fa	XML-2	35	9181
XML-2/alignment_XML2-2500-0.02-4E-5-50-7.fa	XML-2	25	9181
XML-2/alignment_XML2-2500-0.02-4E-5-50-8.fa	XML-2	34	9181
XML-2/alignment_XML2-2500-0.02-4E-5-50-9.fa	XML-2	32	9181
XML-2/alignment_XML2-2500-0.02-8E-5-100-1.fa	XML-2	61	9181
XML-2/alignment_XML2-2500-0.02-8E-5-100-10.fa	XML-2	56	9181
XML-2/alignment_XML2-2500-0.02-8E-5-100-11.fa	XML-2	49	9181
XML-2/alignment_XML2-2500-0.02-8E-5-100-12.fa	XML-2	51	9181
XML-2/alignment_XML2-2500-0.02-8E-5-100-13.fa	XML-2	57	9181
XML-2/alignment_XML2-2500-0.02-8E-5-100-14.fa	XML-2	55	9181
XML-2/alignment_XML2-2500-0.02-8E-5-100-15.fa	XML-2	68	9181
XML-2/alignment_XML2-2500-0.02-8E-5-100-2.fa	XML-2	50	9181
XML-2/alignment_XML2-2500-0.02-8E-5-100-3.fa	XML-2	48	9181
XML-2/alignment_XML2-2500-0.02-8E-5-100-4.fa	XML-2	42	9181
XML-2/alignment_XML2-2500-0.02-8E-5-100-5.fa	XML-2	57	9181
XML-2/alignment_XML2-2500-0.02-8E-5-100-6.fa	XML-2	43	9181
XML-2/alignment_XML2-2500-0.02-8E-5-100-7.fa	XML-2	39	9181
XML-2/alignment_XML2-2500-0.02-8E-5-100-8.fa	XML-2	47	9181
XML-2/alignment_XML2-2500-0.02-8E-5-100-9.fa	XML-2	62	9181
XML-2/alignment_XML2-2500-0.02-8E-5-200-1.fa	XML-2	62	9181
XML-2/alignment_XML2-2500-0.02-8E-5-200-10.fa	XML-2	76	9181
XML-2/alignment_XML2-2500-0.02-8E-5-200-11.fa	XML-2	78	9181
XML-2/alignment_XML2-2500-0.02-8E-5-200-12.fa	XML-2	73	9181
XML-2/alignment_XML2-2500-0.02-8E-5-200-13.fa	XML-2	79	9181
XML-2/alignment_XML2-2500-0.02-8E-5-200-14.fa	XML-2	71	9181
XML-2/alignment_XML2-2500-0.02-8E-5-200-15.fa	XML-2	105	9181
XML-2/alignment_XML2-2500-0.02-8E-5-200-2.fa	XML-2	73	9181
XML-2/alignment_XML2-2500-0.02-8E-5-200-3.fa	XML-2	93	9181
XML-2/alignment_XML2-2500-0.02-8E-5-200-4.fa	XML-2	83	9181
XML-2/alignment_XML2-2500-0.02-8E-5-200-5.fa	XML-2	93	9181
XML-2/alignment_XML2-2500-0.02-8E-5-200-6.fa	XML-2	88	9181
XML-2/alignment_XML2-2500-0.02-8E-5-200-7.fa	XML-2	64	9181
XML-2/alignment_XML2-2500-0.02-8E-5-200-8.fa	XML-2	87	9181
XML-2/alignment_XML2-2500-0.02-8E-5-200-9.fa	XML-2	70	9181
XML-2/alignment_XML2-2500-0.02-8E-5-50-1.fa	XML-2	29	9181
XML-2/alignment_XML2-2500-0.02-8E-5-50-10.fa	XML-2	33	9181
XML-2/alignment_XML2-2500-0.02-8E-5-50-11.fa	XML-2	28	9181
XML-2/alignment_XML2-2500-0.02-8E-5-50-12.fa	XML-2	37	9181
XML-2/alignment_XML2-2500-0.02-8E-5-50-13.fa	XML-2	35	9181
XML-2/alignment_XML2-2500-0.02-8E-5-50-14.fa	XML-2	38	9181
XML-2/alignment_XML2-2500-0.02-8E-5-50-15.fa	XML-2	35	9181
XML-2/alignment_XML2-2500-0.02-8E-5-50-2.fa	XML-2	29	9181
XML-2/alignment_XML2-2500-0.02-8E-5-50-3.fa	XML-2	32	9181
XML-2/alignment_XML2-2500-0.02-8E-5-50-4.fa	XML-2	17	9181
XML-2/alignment_XML2-2500-0.02-8E-5-50-5.fa	XML-2	30	9181
XML-2/alignment_XML2-2500-0.02-8E-5-50-6.fa	XML-2	39	9181
XML-2/alignment_XML2-2500-0.02-8E-5-50-7.fa	XML-2	30	9181
XML-2/alignment_XML2-2500-0.02-8E-5-50-8.fa	XML-2	23	9181
XML-2/alignment_XML2-2500-0.02-8E-5-50-9.fa	XML-2	34	9181
XML-2/alignment_XML2-3250-0.005-12E-5-100-1.fa	XML-2	23	9181
XML-2/alignment_XML2-3250-0.005-12E-5-100-10.fa	XML-2	26	9181
XML-2/alignment_XML2-3250-0.005-12E-5-100-11.fa	XML-2	13	9181
XML-2/alignment_XML2-3250-0.005-12E-5-100-12.fa	XML-2	29	9181
XML-2/alignment_XML2-3250-0.005-12E-5-100-13.fa	XML-2	15	9181
XML-2/alignment_XML2-3250-0.005-12E-5-100-14.fa	XML-2	19	9181
XML-2/alignment_XML2-3250-0.005-12E-5-100-15.fa	XML-2	18	9181
XML-2/alignment_XML2-3250-0.005-12E-5-100-2.fa	XML-2	19	9181
XML-2/alignment_XML2-3250-0.005-12E-5-100-3.fa	XML-2	21	9181
XML-2/alignment_XML2-3250-0.005-12E-5-100-4.fa	XML-2	15	9181
XML-2/alignment_XML2-3250-0.005-12E-5-100-5.fa	XML-2	17	9181
XML-2/alignment_XML2-3250-0.005-12E-5-100-6.fa	XML-2	18	9181
XML-2/alignment_XML2-3250-0.005-12E-5-100-7.fa	XML-2	17	9181
XML-2/alignment_XML2-3250-0.005-12E-5-100-8.fa	XML-2	19	9181
XML-2/alignment_XML2-3250-0.005-12E-5-100-9.fa	XML-2	17	9181
XML-2/alignment_XML2-3250-0.005-12E-5-200-1.fa	XML-2	30	9181
XML-2/alignment_XML2-3250-0.005-12E-5-200-10.fa	XML-2	27	9181
XML-2/alignment_XML2-3250-0.005-12E-5-200-11.fa	XML-2	24	9181
XML-2/alignment_XML2-3250-0.005-12E-5-200-12.fa	XML-2	23	9181
XML-2/alignment_XML2-3250-0.005-12E-5-200-13.fa	XML-2	22	9181
XML-2/alignment_XML2-3250-0.005-12E-5-200-14.fa	XML-2	12	9181
XML-2/alignment_XML2-3250-0.005-12E-5-200-15.fa	XML-2	30	9181
XML-2/alignment_XML2-3250-0.005-12E-5-200-2.fa	XML-2	23	9181
XML-2/alignment_XML2-3250-0.005-12E-5-200-3.fa	XML-2	28	9181
XML-2/alignment_XML2-3250-0.005-12E-5-200-4.fa	XML-2	26	9181
XML-2/alignment_XML2-3250-0.005-12E-5-200-5.fa	XML-2	22	9181
XML-2/alignment_XML2-3250-0.005-12E-5-200-6.fa	XML-2	21	9181
XML-2/alignment_XML2-3250-0.005-12E-5-200-7.fa	XML-2	19	9181
XML-2/alignment_XML2-3250-0.005-12E-5-200-8.fa	XML-2	13	9181
XML-2/alignment_XML2-3250-0.005-12E-5-200-9.fa	XML-2	13	9181
XML-2/alignment_XML2-3250-0.005-12E-5-50-1.fa	XML-2	13	9181
XML-2/alignment_XML2-3250-0.005-12E-5-50-10.fa	XML-2	15	9181
XML-2/alignment_XML2-3250-0.005-12E-5-50-11.fa	XML-2	15	9181
XML-2/alignment_XML2-3250-0.005-12E-5-50-12.fa	XML-2	18	9181
XML-2/alignment_XML2-3250-0.005-12E-5-50-13.fa	XML-2	15	9181
XML-2/alignment_XML2-3250-0.005-12E-5-50-14.fa	XML-2	9	9181
XML-2/alignment_XML2-3250-0.005-12E-5-50-15.fa	XML-2	13	9181
XML-2/alignment_XML2-3250-0.005-12E-5-50-2.fa	XML-2	15	9181
XML-2/alignment_XML2-3250-0.005-12E-5-50-3.fa	XML-2	17	9181
XML-2/alignment_XML2-3250-0.005-12E-5-50-4.fa	XML-2	17	9181
XML-2/alignment_XML2-3250-0.005-12E-5-50-5.fa	XML-2	13	9181
XML-2/alignment_XML2-3250-0.005-12E-5-50-6.fa	XML-2	9	9181
XML-2/alignment_XML2-3250-0.005-12E-5-50-7.fa	XML-2	11	9181
XML-2/alignment_XML2-3250-0.005-12E-5-50-8.fa	XML-2	11	9181
XML-2/alignment_XML2-3250-0.005-12E-5-50-9.fa	XML-2	14	9181
XML-2/alignment_XML2-3250-0.005-4E-5-100-1.fa	XML-2	23	9181
XML-2/alignment_XML2-3250-0.005-4E-5-100-10.fa	XML-2	32	9181
XML-2/alignment_XML2-3250-0.005-4E-5-100-11.fa	XML-2	30	9181
XML-2/alignment_XML2-3250-0.005-4E-5-100-12.fa	XML-2	19	9181
XML-2/alignment_XML2-3250-0.005-4E-5-100-13.fa	XML-2	21	9181
XML-2/alignment_XML2-3250-0.005-4E-5-100-14.fa	XML-2	30	9181
XML-2/alignment_XML2-3250-0.005-4E-5-100-15.fa	XML-2	21	9181
XML-2/alignment_XML2-3250-0.005-4E-5-100-2.fa	XML-2	25	9181
XML-2/alignment_XML2-3250-0.005-4E-5-100-3.fa	XML-2	26	9181
XML-2/alignment_XML2-3250-0.005-4E-5-100-4.fa	XML-2	26	9181
XML-2/alignment_XML2-3250-0.005-4E-5-100-5.fa	XML-2	28	9181
XML-2/alignment_XML2-3250-0.005-4E-5-100-6.fa	XML-2	30	9181
XML-2/alignment_XML2-3250-0.005-4E-5-100-7.fa	XML-2	28	9181
XML-2/alignment_XML2-3250-0.005-4E-5-100-8.fa	XML-2	31	9181
XML-2/alignment_XML2-3250-0.005-4E-5-100-9.fa	XML-2	24	9181
XML-2/alignment_XML2-3250-0.005-4E-5-200-1.fa	XML-2	43	9181
XML-2/alignment_XML2-3250-0.005-4E-5-200-10.fa	XML-2	38	9181
XML-2/alignment_XML2-3250-0.005-4E-5-200-11.fa	XML-2	32	9181
XML-2/alignment_XML2-3250-0.005-4E-5-200-12.fa	XML-2	34	9181
XML-2/alignment_XML2-3250-0.005-4E-5-200-13.fa	XML-2	31	9181
XML-2/alignment_XML2-3250-0.005-4E-5-200-14.fa	XML-2	19	9181
XML-2/alignment_XML2-3250-0.005-4E-5-200-15.fa	XML-2	42	9181
XML-2/alignment_XML2-3250-0.005-4E-5-200-2.fa	XML-2	28	9181
XML-2/alignment_XML2-3250-0.005-4E-5-200-3.fa	XML-2	25	9181
XML-2/alignment_XML2-3250-0.005-4E-5-200-4.fa	XML-2	27	9181
XML-2/alignment_XML2-3250-0.005-4E-5-200-5.fa	XML-2	35	9181
XML-2/alignment_XML2-3250-0.005-4E-5-200-6.fa	XML-2	23	9181
XML-2/alignment_XML2-3250-0.005-4E-5-200-7.fa	XML-2	45	9181
XML-2/alignment_XML2-3250-0.005-4E-5-200-8.fa	XML-2	25	9181
XML-2/alignment_XML2-3250-0.005-4E-5-200-9.fa	XML-2	18	9181
XML-2/alignment_XML2-3250-0.005-4E-5-50-1.fa	XML-2	15	9181
XML-2/alignment_XML2-3250-0.005-4E-5-50-10.fa	XML-2	18	9181
XML-2/alignment_XML2-3250-0.005-4E-5-50-11.fa	XML-2	11	9181
XML-2/alignment_XML2-3250-0.005-4E-5-50-12.fa	XML-2	14	9181
XML-2/alignment_XML2-3250-0.005-4E-5-50-13.fa	XML-2	19	9181
XML-2/alignment_XML2-3250-0.005-4E-5-50-14.fa	XML-2	16	9181
XML-2/alignment_XML2-3250-0.005-4E-5-50-15.fa	XML-2	20	9181
XML-2/alignment_XML2-3250-0.005-4E-5-50-2.fa	XML-2	17	9181
XML-2/alignment_XML2-3250-0.005-4E-5-50-3.fa	XML-2	25	9181
XML-2/alignment_XML2-3250-0.005-4E-5-50-4.fa	XML-2	23	9181
XML-2/alignment_XML2-3250-0.005-4E-5-50-5.fa	XML-2	16	9181
XML-2/alignment_XML2-3250-0.005-4E-5-50-6.fa	XML-2	10	9181
XML-2/alignment_XML2-3250-0.005-4E-5-50-7.fa	XML-2	25	9181
XML-2/alignment_XML2-3250-0.005-4E-5-50-8.fa	XML-2	17	9181
XML-2/alignment_XML2-3250-0.005-4E-5-50-9.fa	XML-2	10	9181
XML-2/alignment_XML2-3250-0.005-8E-5-100-1.fa	XML-2	23	9181
XML-2/alignment_XML2-3250-0.005-8E-5-100-10.fa	XML-2	27	9181
XML-2/alignment_XML2-3250-0.005-8E-5-100-11.fa	XML-2	18	9181
XML-2/alignment_XML2-3250-0.005-8E-5-100-12.fa	XML-2	20	9181
XML-2/alignment_XML2-3250-0.005-8E-5-100-13.fa	XML-2	23	9181
XML-2/alignment_XML2-3250-0.005-8E-5-100-14.fa	XML-2	22	9181
XML-2/alignment_XML2-3250-0.005-8E-5-100-15.fa	XML-2	20	9181
XML-2/alignment_XML2-3250-0.005-8E-5-100-2.fa	XML-2	27	9181
XML-2/alignment_XML2-3250-0.005-8E-5-100-3.fa	XML-2	24	9181
XML-2/alignment_XML2-3250-0.005-8E-5-100-4.fa	XML-2	13	9181
XML-2/alignment_XML2-3250-0.005-8E-5-100-5.fa	XML-2	24	9181
XML-2/alignment_XML2-3250-0.005-8E-5-100-6.fa	XML-2	26	9181
XML-2/alignment_XML2-3250-0.005-8E-5-100-7.fa	XML-2	22	9181
XML-2/alignment_XML2-3250-0.005-8E-5-100-8.fa	XML-2	26	9181
XML-2/alignment_XML2-3250-0.005-8E-5-100-9.fa	XML-2	37	9181
XML-2/alignment_XML2-3250-0.005-8E-5-200-1.fa	XML-2	35	9181
XML-2/alignment_XML2-3250-0.005-8E-5-200-10.fa	XML-2	17	9181
XML-2/alignment_XML2-3250-0.005-8E-5-200-11.fa	XML-2	26	9181
XML-2/alignment_XML2-3250-0.005-8E-5-200-12.fa	XML-2	42	9181
XML-2/alignment_XML2-3250-0.005-8E-5-200-13.fa	XML-2	28	9181
XML-2/alignment_XML2-3250-0.005-8E-5-200-14.fa	XML-2	17	9181
XML-2/alignment_XML2-3250-0.005-8E-5-200-15.fa	XML-2	28	9181
XML-2/alignment_XML2-3250-0.005-8E-5-200-2.fa	XML-2	39	9181
XML-2/alignment_XML2-3250-0.005-8E-5-200-3.fa	XML-2	26	9181
XML-2/alignment_XML2-3250-0.005-8E-5-200-4.fa	XML-2	24	9181
XML-2/alignment_XML2-3250-0.005-8E-5-200-5.fa	XML-2	24	9181
XML-2/alignment_XML2-3250-0.005-8E-5-200-6.fa	XML-2	51	9181
XML-2/alignment_XML2-3250-0.005-8E-5-200-7.fa	XML-2	38	9181
XML-2/alignment_XML2-3250-0.005-8E-5-200-8.fa	XML-2	23	9181
XML-2/alignment_XML2-3250-0.005-8E-5-200-9.fa	XML-2	40	9181
XML-2/alignment_XML2-3250-0.005-8E-5-50-1.fa	XML-2	14	9181
XML-2/alignment_XML2-3250-0.005-8E-5-50-10.fa	XML-2	21	9181
XML-2/alignment_XML2-3250-0.005-8E-5-50-11.fa	XML-2	15	9181
XML-2/alignment_XML2-3250-0.005-8E-5-50-12.fa	XML-2	11	9181
XML-2/alignment_XML2-3250-0.005-8E-5-50-13.fa	XML-2	16	9181
XML-2/alignment_XML2-3250-0.005-8E-5-50-14.fa	XML-2	10	9181
XML-2/alignment_XML2-3250-0.005-8E-5-50-15.fa	XML-2	11	9181
XML-2/alignment_XML2-3250-0.005-8E-5-50-2.fa	XML-2	9	9181
XML-2/alignment_XML2-3250-0.005-8E-5-50-3.fa	XML-2	19	9181
XML-2/alignment_XML2-3250-0.005-8E-5-50-4.fa	XML-2	11	9181
XML-2/alignment_XML2-3250-0.005-8E-5-50-5.fa	XML-2	16	9181
XML-2/alignment_XML2-3250-0.005-8E-5-50-6.fa	XML-2	15	9181
XML-2/alignment_XML2-3250-0.005-8E-5-50-7.fa	XML-2	14	9181
XML-2/alignment_XML2-3250-0.005-8E-5-50-8.fa	XML-2	19	9181
XML-2/alignment_XML2-3250-0.005-8E-5-50-9.fa	XML-2	25	9181
XML-2/alignment_XML2-3250-0.01-12E-5-100-1.fa	XML-2	34	9181
XML-2/alignment_XML2-3250-0.01-12E-5-100-10.fa	XML-2	28	9181
XML-2/alignment_XML2-3250-0.01-12E-5-100-11.fa	XML-2	49	9181
XML-2/alignment_XML2-3250-0.01-12E-5-100-12.fa	XML-2	34	9181
XML-2/alignment_XML2-3250-0.01-12E-5-100-13.fa	XML-2	27	9181
XML-2/alignment_XML2-3250-0.01-12E-5-100-14.fa	XML-2	32	9181
XML-2/alignment_XML2-3250-0.01-12E-5-100-15.fa	XML-2	30	9181
XML-2/alignment_XML2-3250-0.01-12E-5-100-2.fa	XML-2	27	9181
XML-2/alignment_XML2-3250-0.01-12E-5-100-3.fa	XML-2	28	9181
XML-2/alignment_XML2-3250-0.01-12E-5-100-4.fa	XML-2	43	9181
XML-2/alignment_XML2-3250-0.01-12E-5-100-5.fa	XML-2	40	9181
XML-2/alignment_XML2-3250-0.01-12E-5-100-6.fa	XML-2	27	9181
XML-2/alignment_XML2-3250-0.01-12E-5-100-7.fa	XML-2	27	9181
XML-2/alignment_XML2-3250-0.01-12E-5-100-8.fa	XML-2	35	9181
XML-2/alignment_XML2-3250-0.01-12E-5-100-9.fa	XML-2	37	9181
XML-2/alignment_XML2-3250-0.01-12E-5-200-1.fa	XML-2	53	9181
XML-2/alignment_XML2-3250-0.01-12E-5-200-10.fa	XML-2	55	9181
XML-2/alignment_XML2-3250-0.01-12E-5-200-11.fa	XML-2	50	9181
XML-2/alignment_XML2-3250-0.01-12E-5-200-12.fa	XML-2	33	9181
XML-2/alignment_XML2-3250-0.01-12E-5-200-13.fa	XML-2	37	9181
XML-2/alignment_XML2-3250-0.01-12E-5-200-14.fa	XML-2	40	9181
XML-2/alignment_XML2-3250-0.01-12E-5-200-15.fa	XML-2	50	9181
XML-2/alignment_XML2-3250-0.01-12E-5-200-2.fa	XML-2	45	9181
XML-2/alignment_XML2-3250-0.01-12E-5-200-3.fa	XML-2	37	9181
XML-2/alignment_XML2-3250-0.01-12E-5-200-4.fa	XML-2	41	9181
XML-2/alignment_XML2-3250-0.01-12E-5-200-5.fa	XML-2	67	9181
XML-2/alignment_XML2-3250-0.01-12E-5-200-6.fa	XML-2	55	9181
XML-2/alignment_XML2-3250-0.01-12E-5-200-7.fa	XML-2	50	9181
XML-2/alignment_XML2-3250-0.01-12E-5-200-8.fa	XML-2	52	9181
XML-2/alignment_XML2-3250-0.01-12E-5-200-9.fa	XML-2	41	9181
XML-2/alignment_XML2-3250-0.01-12E-5-50-1.fa	XML-2	9	9181
XML-2/alignment_XML2-3250-0.01-12E-5-50-10.fa	XML-2	27	9181
XML-2/alignment_XML2-3250-0.01-12E-5-50-11.fa	XML-2	24	9181
XML-2/alignment_XML2-3250-0.01-12E-5-50-12.fa	XML-2	14	9181
XML-2/alignment_XML2-3250-0.01-12E-5-50-13.fa	XML-2	27	9181
XML-2/alignment_XML2-3250-0.01-12E-5-50-14.fa	XML-2	29	9181
XML-2/alignment_XML2-3250-0.01-12E-5-50-15.fa	XML-2	22	9181
XML-2/alignment_XML2-3250-0.01-12E-5-50-2.fa	XML-2	26	9181
XML-2/alignment_XML2-3250-0.01-12E-5-50-3.fa	XML-2	16	9181
XML-2/alignment_XML2-3250-0.01-12E-5-50-4.fa	XML-2	28	9181
XML-2/alignment_XML2-3250-0.01-12E-5-50-5.fa	XML-2	27	9181
XML-2/alignment_XML2-3250-0.01-12E-5-50-6.fa	XML-2	24	9181
XML-2/alignment_XML2-3250-0.01-12E-5-50-7.fa	XML-2	25	9181
XML-2/alignment_XML2-3250-0.01-12E-5-50-8.fa	XML-2	22	9181
XML-2/alignment_XML2-3250-0.01-12E-5-50-9.fa	XML-2	16	9181
XML-2/alignment_XML2-3250-0.01-4E-5-100-1.fa	XML-2	45	9181
XML-2/alignment_XML2-3250-0.01-4E-5-100-10.fa	XML-2	22	9181
XML-2/alignment_XML2-3250-0.01-4E-5-100-11.fa	XML-2	64	9181
XML-2/alignment_XML2-3250-0.01-4E-5-100-12.fa	XML-2	45	9181
XML-2/alignment_XML2-3250-0.01-4E-5-100-13.fa	XML-2	44	9181
XML-2/alignment_XML2-3250-0.01-4E-5-100-14.fa	XML-2	32	9181
XML-2/alignment_XML2-3250-0.01-4E-5-100-15.fa	XML-2	39	9181
XML-2/alignment_XML2-3250-0.01-4E-5-100-2.fa	XML-2	34	9181
XML-2/alignment_XML2-3250-0.01-4E-5-100-3.fa	XML-2	40	9181
XML-2/alignment_XML2-3250-0.01-4E-5-100-4.fa	XML-2	31	9181
XML-2/alignment_XML2-3250-0.01-4E-5-100-5.fa	XML-2	42	9181
XML-2/alignment_XML2-3250-0.01-4E-5-100-6.fa	XML-2	53	9181
XML-2/alignment_XML2-3250-0.01-4E-5-100-7.fa	XML-2	43	9181
XML-2/alignment_XML2-3250-0.01-4E-5-100-8.fa	XML-2	35	9181
XML-2/alignment_XML2-3250-0.01-4E-5-100-9.fa	XML-2	41	9181
XML-2/alignment_XML2-3250-0.01-4E-5-200-1.fa	XML-2	56	9181
XML-2/alignment_XML2-3250-0.01-4E-5-200-10.fa	XML-2	59	9181
XML-2/alignment_XML2-3250-0.01-4E-5-200-11.fa	XML-2	45	9181
XML-2/alignment_XML2-3250-0.01-4E-5-200-12.fa	XML-2	42	9181
XML-2/alignment_XML2-3250-0.01-4E-5-200-13.fa	XML-2	51	9181
XML-2/alignment_XML2-3250-0.01-4E-5-200-14.fa	XML-2	72	9181
XML-2/alignment_XML2-3250-0.01-4E-5-200-15.fa	XML-2	48	9181
XML-2/alignment_XML2-3250-0.01-4E-5-200-2.fa	XML-2	55	9181
XML-2/alignment_XML2-3250-0.01-4E-5-200-3.fa	XML-2	48	9181
XML-2/alignment_XML2-3250-0.01-4E-5-200-4.fa	XML-2	43	9181
XML-2/alignment_XML2-3250-0.01-4E-5-200-5.fa	XML-2	56	9181
XML-2/alignment_XML2-3250-0.01-4E-5-200-6.fa	XML-2	74	9181
XML-2/alignment_XML2-3250-0.01-4E-5-200-7.fa	XML-2	68	9181
XML-2/alignment_XML2-3250-0.01-4E-5-200-8.fa	XML-2	49	9181
XML-2/alignment_XML2-3250-0.01-4E-5-200-9.fa	XML-2	64	9181
XML-2/alignment_XML2-3250-0.01-4E-5-50-1.fa	XML-2	33	9181
XML-2/alignment_XML2-3250-0.01-4E-5-50-10.fa	XML-2	27	9181
XML-2/alignment_XML2-3250-0.01-4E-5-50-11.fa	XML-2	28	9181
XML-2/alignment_XML2-3250-0.01-4E-5-50-12.fa	XML-2	37	9181
XML-2/alignment_XML2-3250-0.01-4E-5-50-13.fa	XML-2	30	9181
XML-2/alignment_XML2-3250-0.01-4E-5-50-14.fa	XML-2	26	9181
XML-2/alignment_XML2-3250-0.01-4E-5-50-15.fa	XML-2	19	9181
XML-2/alignment_XML2-3250-0.01-4E-5-50-2.fa	XML-2	35	9181
XML-2/alignment_XML2-3250-0.01-4E-5-50-3.fa	XML-2	31	9181
XML-2/alignment_XML2-3250-0.01-4E-5-50-4.fa	XML-2	31	9181
XML-2/alignment_XML2-3250-0.01-4E-5-50-5.fa	XML-2	30	9181
XML-2/alignment_XML2-3250-0.01-4E-5-50-6.fa	XML-2	25	9181
XML-2/alignment_XML2-3250-0.01-4E-5-50-7.fa	XML-2	29	9181
XML-2/alignment_XML2-3250-0.01-4E-5-50-8.fa	XML-2	26	9181
XML-2/alignment_XML2-3250-0.01-4E-5-50-9.fa	XML-2	22	9181
XML-2/alignment_XML2-3250-0.01-8E-5-100-1.fa	XML-2	39	9181
XML-2/alignment_XML2-3250-0.01-8E-5-100-10.fa	XML-2	30	9181
XML-2/alignment_XML2-3250-0.01-8E-5-100-11.fa	XML-2	34	9181
XML-2/alignment_XML2-3250-0.01-8E-5-100-12.fa	XML-2	41	9181
XML-2/alignment_XML2-3250-0.01-8E-5-100-13.fa	XML-2	34	9181
XML-2/alignment_XML2-3250-0.01-8E-5-100-14.fa	XML-2	35	9181
XML-2/alignment_XML2-3250-0.01-8E-5-100-15.fa	XML-2	24	9181
XML-2/alignment_XML2-3250-0.01-8E-5-100-2.fa	XML-2	34	9181
XML-2/alignment_XML2-3250-0.01-8E-5-100-3.fa	XML-2	47	9181
XML-2/alignment_XML2-3250-0.01-8E-5-100-4.fa	XML-2	29	9181
XML-2/alignment_XML2-3250-0.01-8E-5-100-5.fa	XML-2	43	9181
XML-2/alignment_XML2-3250-0.01-8E-5-100-6.fa	XML-2	39	9181
XML-2/alignment_XML2-3250-0.01-8E-5-100-7.fa	XML-2	37	9181
XML-2/alignment_XML2-3250-0.01-8E-5-100-8.fa	XML-2	32	9181
XML-2/alignment_XML2-3250-0.01-8E-5-100-9.fa	XML-2	29	9181
XML-2/alignment_XML2-3250-0.01-8E-5-200-1.fa	XML-2	44	9181
XML-2/alignment_XML2-3250-0.01-8E-5-200-10.fa	XML-2	35	9181
XML-2/alignment_XML2-3250-0.01-8E-5-200-11.fa	XML-2	56	9181
XML-2/alignment_XML2-3250-0.01-8E-5-200-12.fa	XML-2	36	9181
XML-2/alignment_XML2-3250-0.01-8E-5-200-13.fa	XML-2	36	9181
XML-2/alignment_XML2-3250-0.01-8E-5-200-14.fa	XML-2	60	9181
XML-2/alignment_XML2-3250-0.01-8E-5-200-15.fa	XML-2	47	9181
XML-2/alignment_XML2-3250-0.01-8E-5-200-2.fa	XML-2	43	9181
XML-2/alignment_XML2-3250-0.01-8E-5-200-3.fa	XML-2	38	9181
XML-2/alignment_XML2-3250-0.01-8E-5-200-4.fa	XML-2	42	9181
XML-2/alignment_XML2-3250-0.01-8E-5-200-5.fa	XML-2	47	9181
XML-2/alignment_XML2-3250-0.01-8E-5-200-6.fa	XML-2	46	9181
XML-2/alignment_XML2-3250-0.01-8E-5-200-7.fa	XML-2	43	9181
XML-2/alignment_XML2-3250-0.01-8E-5-200-8.fa	XML-2	39	9181
XML-2/alignment_XML2-3250-0.01-8E-5-200-9.fa	XML-2	49	9181
XML-2/alignment_XML2-3250-0.01-8E-5-50-1.fa	XML-2	19	9181
XML-2/alignment_XML2-3250-0.01-8E-5-50-10.fa	XML-2	29	9181
XML-2/alignment_XML2-3250-0.01-8E-5-50-11.fa	XML-2	31	9181
XML-2/alignment_XML2-3250-0.01-8E-5-50-12.fa	XML-2	23	9181
XML-2/alignment_XML2-3250-0.01-8E-5-50-13.fa	XML-2	31	9181
XML-2/alignment_XML2-3250-0.01-8E-5-50-14.fa	XML-2	19	9181
XML-2/alignment_XML2-3250-0.01-8E-5-50-15.fa	XML-2	16	9181
XML-2/alignment_XML2-3250-0.01-8E-5-50-2.fa	XML-2	26	9181
XML-2/alignment_XML2-3250-0.01-8E-5-50-3.fa	XML-2	19	9181
XML-2/alignment_XML2-3250-0.01-8E-5-50-4.fa	XML-2	25	9181
XML-2/alignment_XML2-3250-0.01-8E-5-50-5.fa	XML-2	24	9181
XML-2/alignment_XML2-3250-0.01-8E-5-50-6.fa	XML-2	38	9181
XML-2/alignment_XML2-3250-0.01-8E-5-50-7.fa	XML-2	19	9181
XML-2/alignment_XML2-3250-0.01-8E-5-50-8.fa	XML-2	22	9181
XML-2/alignment_XML2-3250-0.01-8E-5-50-9.fa	XML-2	22	9181
XML-2/alignment_XML2-3250-0.02-12E-5-100-1.fa	XML-2	59	9181
XML-2/alignment_XML2-3250-0.02-12E-5-100-10.fa	XML-2	62	9181
XML-2/alignment_XML2-3250-0.02-12E-5-100-11.fa	XML-2	46	9181
XML-2/alignment_XML2-3250-0.02-12E-5-100-12.fa	XML-2	49	9181
XML-2/alignment_XML2-3250-0.02-12E-5-100-13.fa	XML-2	36	9181
XML-2/alignment_XML2-3250-0.02-12E-5-100-14.fa	XML-2	52	9181
XML-2/alignment_XML2-3250-0.02-12E-5-100-15.fa	XML-2	47	9181
XML-2/alignment_XML2-3250-0.02-12E-5-100-2.fa	XML-2	57	9181
XML-2/alignment_XML2-3250-0.02-12E-5-100-3.fa	XML-2	42	9181
XML-2/alignment_XML2-3250-0.02-12E-5-100-4.fa	XML-2	62	9181
XML-2/alignment_XML2-3250-0.02-12E-5-100-5.fa	XML-2	52	9181
XML-2/alignment_XML2-3250-0.02-12E-5-100-6.fa	XML-2	36	9181
XML-2/alignment_XML2-3250-0.02-12E-5-100-7.fa	XML-2	44	9181
XML-2/alignment_XML2-3250-0.02-12E-5-100-8.fa	XML-2	56	9181
XML-2/alignment_XML2-3250-0.02-12E-5-100-9.fa	XML-2	55	9181
XML-2/alignment_XML2-3250-0.02-12E-5-200-1.fa	XML-2	101	9181
XML-2/alignment_XML2-3250-0.02-12E-5-200-10.fa	XML-2	73	9181
XML-2/alignment_XML2-3250-0.02-12E-5-200-11.fa	XML-2	72	9181
XML-2/alignment_XML2-3250-0.02-12E-5-200-12.fa	XML-2	86	9181
XML-2/alignment_XML2-3250-0.02-12E-5-200-13.fa	XML-2	90	9181
XML-2/alignment_XML2-3250-0.02-12E-5-200-14.fa	XML-2	72	9181
XML-2/alignment_XML2-3250-0.02-12E-5-200-15.fa	XML-2	62	9181
XML-2/alignment_XML2-3250-0.02-12E-5-200-2.fa	XML-2	82	9181
XML-2/alignment_XML2-3250-0.02-12E-5-200-3.fa	XML-2	66	9181
XML-2/alignment_XML2-3250-0.02-12E-5-200-4.fa	XML-2	103	9181
XML-2/alignment_XML2-3250-0.02-12E-5-200-5.fa	XML-2	74	9181
XML-2/alignment_XML2-3250-0.02-12E-5-200-6.fa	XML-2	83	9181
XML-2/alignment_XML2-3250-0.02-12E-5-200-7.fa	XML-2	48	9181
XML-2/alignment_XML2-3250-0.02-12E-5-200-8.fa	XML-2	87	9181
XML-2/alignment_XML2-3250-0.02-12E-5-200-9.fa	XML-2	67	9181
XML-2/alignment_XML2-3250-0.02-12E-5-50-1.fa	XML-2	38	9181
XML-2/alignment_XML2-3250-0.02-12E-5-50-10.fa	XML-2	40	9181
XML-2/alignment_XML2-3250-0.02-12E-5-50-11.fa	XML-2	37	9181
XML-2/alignment_XML2-3250-0.02-12E-5-50-12.fa	XML-2	28	9181
XML-2/alignment_XML2-3250-0.02-12E-5-50-13.fa	XML-2	48	9181
XML-2/alignment_XML2-3250-0.02-12E-5-50-14.fa	XML-2	40	9181
XML-2/alignment_XML2-3250-0.02-12E-5-50-15.fa	XML-2	33	9181
XML-2/alignment_XML2-3250-0.02-12E-5-50-2.fa	XML-2	38	9181
XML-2/alignment_XML2-3250-0.02-12E-5-50-3.fa	XML-2	33	9181
XML-2/alignment_XML2-3250-0.02-12E-5-50-4.fa	XML-2	34	9181
XML-2/alignment_XML2-3250-0.02-12E-5-50-5.fa	XML-2	22	9181
XML-2/alignment_XML2-3250-0.02-12E-5-50-6.fa	XML-2	29	9181
XML-2/alignment_XML2-3250-0.02-12E-5-50-7.fa	XML-2	38	9181
XML-2/alignment_XML2-3250-0.02-12E-5-50-8.fa	XML-2	31	9181
XML-2/alignment_XML2-3250-0.02-12E-5-50-9.fa	XML-2	32	9181
XML-2/alignment_XML2-3250-0.02-4E-5-100-1.fa	XML-2	52	9181
XML-2/alignment_XML2-3250-0.02-4E-5-100-10.fa	XML-2	56	9181
XML-2/alignment_XML2-3250-0.02-4E-5-100-11.fa	XML-2	55	9181
XML-2/alignment_XML2-3250-0.02-4E-5-100-12.fa	XML-2	81	9181
XML-2/alignment_XML2-3250-0.02-4E-5-100-13.fa	XML-2	65	9181
XML-2/alignment_XML2-3250-0.02-4E-5-100-14.fa	XML-2	47	9181
XML-2/alignment_XML2-3250-0.02-4E-5-100-15.fa	XML-2	52	9181
XML-2/alignment_XML2-3250-0.02-4E-5-100-2.fa	XML-2	45	9181
XML-2/alignment_XML2-3250-0.02-4E-5-100-3.fa	XML-2	46	9181
XML-2/alignment_XML2-3250-0.02-4E-5-100-4.fa	XML-2	53	9181
XML-2/alignment_XML2-3250-0.02-4E-5-100-5.fa	XML-2	50	9181
XML-2/alignment_XML2-3250-0.02-4E-5-100-6.fa	XML-2	53	9181
XML-2/alignment_XML2-3250-0.02-4E-5-100-7.fa	XML-2	48	9181
XML-2/alignment_XML2-3250-0.02-4E-5-100-8.fa	XML-2	56	9181
XML-2/alignment_XML2-3250-0.02-4E-5-100-9.fa	XML-2	61	9181
XML-2/alignment_XML2-3250-0.02-4E-5-200-1.fa	XML-2	57	9181
XML-2/alignment_XML2-3250-0.02-4E-5-200-10.fa	XML-2	89	9181
XML-2/alignment_XML2-3250-0.02-4E-5-200-11.fa	XML-2	75	9181
XML-2/alignment_XML2-3250-0.02-4E-5-200-12.fa	XML-2	94	9181
XML-2/alignment_XML2-3250-0.02-4E-5-200-13.fa	XML-2	77	9181
XML-2/alignment_XML2-3250-0.02-4E-5-200-14.fa	XML-2	83	9181
XML-2/alignment_XML2-3250-0.02-4E-5-200-15.fa	XML-2	87	9181
XML-2/alignment_XML2-3250-0.02-4E-5-200-2.fa	XML-2	69	9181
XML-2/alignment_XML2-3250-0.02-4E-5-200-3.fa	XML-2	75	9181
XML-2/alignment_XML2-3250-0.02-4E-5-200-4.fa	XML-2	64	9181
XML-2/alignment_XML2-3250-0.02-4E-5-200-5.fa	XML-2	69	9181
XML-2/alignment_XML2-3250-0.02-4E-5-200-6.fa	XML-2	64	9181
XML-2/alignment_XML2-3250-0.02-4E-5-200-7.fa	XML-2	104	9181
XML-2/alignment_XML2-3250-0.02-4E-5-200-8.fa	XML-2	66	9181
XML-2/alignment_XML2-3250-0.02-4E-5-200-9.fa	XML-2	89	9181
XML-2/alignment_XML2-3250-0.02-4E-5-50-1.fa	XML-2	32	9181
XML-2/alignment_XML2-3250-0.02-4E-5-50-10.fa	XML-2	33	9181
XML-2/alignment_XML2-3250-0.02-4E-5-50-11.fa	XML-2	36	9181
XML-2/alignment_XML2-3250-0.02-4E-5-50-12.fa	XML-2	41	9181
XML-2/alignment_XML2-3250-0.02-4E-5-50-13.fa	XML-2	34	9181
XML-2/alignment_XML2-3250-0.02-4E-5-50-14.fa	XML-2	50	9181
XML-2/alignment_XML2-3250-0.02-4E-5-50-15.fa	XML-2	31	9181
XML-2/alignment_XML2-3250-0.02-4E-5-50-2.fa	XML-2	22	9181
XML-2/alignment_XML2-3250-0.02-4E-5-50-3.fa	XML-2	37	9181
XML-2/alignment_XML2-3250-0.02-4E-5-50-4.fa	XML-2	45	9181
XML-2/alignment_XML2-3250-0.02-4E-5-50-5.fa	XML-2	32	9181
XML-2/alignment_XML2-3250-0.02-4E-5-50-6.fa	XML-2	34	9181
XML-2/alignment_XML2-3250-0.02-4E-5-50-7.fa	XML-2	34	9181
XML-2/alignment_XML2-3250-0.02-4E-5-50-8.fa	XML-2	30	9181
XML-2/alignment_XML2-3250-0.02-4E-5-50-9.fa	XML-2	45	9181
XML-2/alignment_XML2-3250-0.02-8E-5-100-1.fa	XML-2	49	9181
XML-2/alignment_XML2-3250-0.02-8E-5-100-10.fa	XML-2	68	9181
XML-2/alignment_XML2-3250-0.02-8E-5-100-11.fa	XML-2	53	9181
XML-2/alignment_XML2-3250-0.02-8E-5-100-12.fa	XML-2	51	9181
XML-2/alignment_XML2-3250-0.02-8E-5-100-13.fa	XML-2	54	9181
XML-2/alignment_XML2-3250-0.02-8E-5-100-14.fa	XML-2	42	9181
XML-2/alignment_XML2-3250-0.02-8E-5-100-15.fa	XML-2	52	9181
XML-2/alignment_XML2-3250-0.02-8E-5-100-2.fa	XML-2	37	9181
XML-2/alignment_XML2-3250-0.02-8E-5-100-3.fa	XML-2	54	9181
XML-2/alignment_XML2-3250-0.02-8E-5-100-4.fa	XML-2	70	9181
XML-2/alignment_XML2-3250-0.02-8E-5-100-5.fa	XML-2	56	9181
XML-2/alignment_XML2-3250-0.02-8E-5-100-6.fa	XML-2	37	9181
XML-2/alignment_XML2-3250-0.02-8E-5-100-7.fa	XML-2	45	9181
XML-2/alignment_XML2-3250-0.02-8E-5-100-8.fa	XML-2	63	9181
XML-2/alignment_XML2-3250-0.02-8E-5-100-9.fa	XML-2	62	9181
XML-2/alignment_XML2-3250-0.02-8E-5-200-1.fa	XML-2	89	9181
XML-2/alignment_XML2-3250-0.02-8E-5-200-10.fa	XML-2	73	9181
XML-2/alignment_XML2-3250-0.02-8E-5-200-11.fa	XML-2	91	9181
XML-2/alignment_XML2-3250-0.02-8E-5-200-12.fa	XML-2	87	9181
XML-2/alignment_XML2-3250-0.02-8E-5-200-13.fa	XML-2	74	9181
XML-2/alignment_XML2-3250-0.02-8E-5-200-14.fa	XML-2	83	9181
XML-2/alignment_XML2-3250-0.02-8E-5-200-15.fa	XML-2	100	9181
XML-2/alignment_XML2-3250-0.02-8E-5-200-2.fa	XML-2	71	9181
XML-2/alignment_XML2-3250-0.02-8E-5-200-3.fa	XML-2	81	9181
XML-2/alignment_XML2-3250-0.02-8E-5-200-4.fa	XML-2	78	9181
XML-2/alignment_XML2-3250-0.02-8E-5-200-5.fa	XML-2	80	9181
XML-2/alignment_XML2-3250-0.02-8E-5-200-6.fa	XML-2	78	9181
XML-2/alignment_XML2-3250-0.02-8E-5-200-7.fa	XML-2	69	9181
XML-2/alignment_XML2-3250-0.02-8E-5-200-8.fa	XML-2	87	9181
XML-2/alignment_XML2-3250-0.02-8E-5-200-9.fa	XML-2	92	9181
XML-2/alignment_XML2-3250-0.02-8E-5-50-1.fa	XML-2	39	9181
XML-2/alignment_XML2-3250-0.02-8E-5-50-10.fa	XML-2	17	9181
XML-2/alignment_XML2-3250-0.02-8E-5-50-11.fa	XML-2	39	9181
XML-2/alignment_XML2-3250-0.02-8E-5-50-12.fa	XML-2	29	9181
XML-2/alignment_XML2-3250-0.02-8E-5-50-13.fa	XML-2	23	9181
XML-2/alignment_XML2-3250-0.02-8E-5-50-14.fa	XML-2	39	9181
XML-2/alignment_XML2-3250-0.02-8E-5-50-15.fa	XML-2	35	9181
XML-2/alignment_XML2-3250-0.02-8E-5-50-2.fa	XML-2	31	9181
XML-2/alignment_XML2-3250-0.02-8E-5-50-3.fa	XML-2	45	9181
XML-2/alignment_XML2-3250-0.02-8E-5-50-4.fa	XML-2	34	9181
XML-2/alignment_XML2-3250-0.02-8E-5-50-5.fa	XML-2	28	9181
XML-2/alignment_XML2-3250-0.02-8E-5-50-6.fa	XML-2	33	9181
XML-2/alignment_XML2-3250-0.02-8E-5-50-7.fa	XML-2	37	9181
XML-2/alignment_XML2-3250-0.02-8E-5-50-8.fa	XML-2	37	9181
XML-2/alignment_XML2-3250-0.02-8E-5-50-9.fa	XML-2	31	9181
XML-2/alignment_XML2-4000-0.005-12E-5-100-1.fa	XML-2	21	9181
XML-2/alignment_XML2-4000-0.005-12E-5-100-10.fa	XML-2	16	9181
XML-2/alignment_XML2-4000-0.005-12E-5-100-11.fa	XML-2	22	9181
XML-2/alignment_XML2-4000-0.005-12E-5-100-12.fa	XML-2	27	9181
XML-2/alignment_XML2-4000-0.005-12E-5-100-13.fa	XML-2	24	9181
XML-2/alignment_XML2-4000-0.005-12E-5-100-14.fa	XML-2	24	9181
XML-2/alignment_XML2-4000-0.005-12E-5-100-15.fa	XML-2	27	9181
XML-2/alignment_XML2-4000-0.005-12E-5-100-2.fa	XML-2	13	9181
XML-2/alignment_XML2-4000-0.005-12E-5-100-3.fa	XML-2	18	9181
XML-2/alignment_XML2-4000-0.005-12E-5-100-4.fa	XML-2	16	9181
XML-2/alignment_XML2-4000-0.005-12E-5-100-5.fa	XML-2	11	9181
XML-2/alignment_XML2-4000-0.005-12E-5-100-6.fa	XML-2	25	9181
XML-2/alignment_XML2-4000-0.005-12E-5-100-7.fa	XML-2	24	9181
XML-2/alignment_XML2-4000-0.005-12E-5-100-8.fa	XML-2	26	9181
XML-2/alignment_XML2-4000-0.005-12E-5-100-9.fa	XML-2	15	9181
XML-2/alignment_XML2-4000-0.005-12E-5-200-1.fa	XML-2	37	9181
XML-2/alignment_XML2-4000-0.005-12E-5-200-10.fa	XML-2	25	9181
XML-2/alignment_XML2-4000-0.005-12E-5-200-11.fa	XML-2	28	9181
XML-2/alignment_XML2-4000-0.005-12E-5-200-12.fa	XML-2	24	9181
XML-2/alignment_XML2-4000-0.005-12E-5-200-13.fa	XML-2	27	9181
XML-2/alignment_XML2-4000-0.005-12E-5-200-14.fa	XML-2	21	9181
XML-2/alignment_XML2-4000-0.005-12E-5-200-15.fa	XML-2	23	9181
XML-2/alignment_XML2-4000-0.005-12E-5-200-2.fa	XML-2	24	9181
XML-2/alignment_XML2-4000-0.005-12E-5-200-3.fa	XML-2	29	9181
XML-2/alignment_XML2-4000-0.005-12E-5-200-4.fa	XML-2	17	9181
XML-2/alignment_XML2-4000-0.005-12E-5-200-5.fa	XML-2	24	9181
XML-2/alignment_XML2-4000-0.005-12E-5-200-6.fa	XML-2	28	9181
XML-2/alignment_XML2-4000-0.005-12E-5-200-7.fa	XML-2	19	9181
XML-2/alignment_XML2-4000-0.005-12E-5-200-8.fa	XML-2	26	9181
XML-2/alignment_XML2-4000-0.005-12E-5-200-9.fa	XML-2	23	9181
XML-2/alignment_XML2-4000-0.005-12E-5-50-1.fa	XML-2	8	9096
XML-2/alignment_XML2-4000-0.005-12E-5-50-10.fa	XML-2	12	9181
XML-2/alignment_XML2-4000-0.005-12E-5-50-11.fa	XML-2	10	9181
XML-2/alignment_XML2-4000-0.005-12E-5-50-12.fa	XML-2	14	9181
XML-2/alignment_XML2-4000-0.005-12E-5-50-13.fa	XML-2	21	9181
XML-2/alignment_XML2-4000-0.005-12E-5-50-14.fa	XML-2	13	9181
XML-2/alignment_XML2-4000-0.005-12E-5-50-15.fa	XML-2	16	9181
XML-2/alignment_XML2-4000-0.005-12E-5-50-2.fa	XML-2	9	9181
XML-2/alignment_XML2-4000-0.005-12E-5-50-3.fa	XML-2	16	9181
XML-2/alignment_XML2-4000-0.005-12E-5-50-4.fa	XML-2	8	9181
XML-2/alignment_XML2-4000-0.005-12E-5-50-5.fa	XML-2	19	9181
XML-2/alignment_XML2-4000-0.005-12E-5-50-6.fa	XML-2	9	9181
XML-2/alignment_XML2-4000-0.005-12E-5-50-7.fa	XML-2	9	9181
XML-2/alignment_XML2-4000-0.005-12E-5-50-8.fa	XML-2	13	9181
XML-2/alignment_XML2-4000-0.005-12E-5-50-9.fa	XML-2	15	9181
XML-2/alignment_XML2-4000-0.005-4E-5-100-1.fa	XML-2	21	9181
XML-2/alignment_XML2-4000-0.005-4E-5-100-10.fa	XML-2	24	9181
XML-2/alignment_XML2-4000-0.005-4E-5-100-11.fa	XML-2	23	9181
XML-2/alignment_XML2-4000-0.005-4E-5-100-12.fa	XML-2	21	9181
XML-2/alignment_XML2-4000-0.005-4E-5-100-13.fa	XML-2	22	9181
XML-2/alignment_XML2-4000-0.005-4E-5-100-14.fa	XML-2	19	9181
XML-2/alignment_XML2-4000-0.005-4E-5-100-15.fa	XML-2	23	9181
XML-2/alignment_XML2-4000-0.005-4E-5-100-2.fa	XML-2	37	9181
XML-2/alignment_XML2-4000-0.005-4E-5-100-3.fa	XML-2	29	9181
XML-2/alignment_XML2-4000-0.005-4E-5-100-4.fa	XML-2	27	9181
XML-2/alignment_XML2-4000-0.005-4E-5-100-5.fa	XML-2	21	9181
XML-2/alignment_XML2-4000-0.005-4E-5-100-6.fa	XML-2	25	9181
XML-2/alignment_XML2-4000-0.005-4E-5-100-7.fa	XML-2	29	9181
XML-2/alignment_XML2-4000-0.005-4E-5-100-8.fa	XML-2	29	9181
XML-2/alignment_XML2-4000-0.005-4E-5-100-9.fa	XML-2	22	9181
XML-2/alignment_XML2-4000-0.005-4E-5-200-1.fa	XML-2	30	9181
XML-2/alignment_XML2-4000-0.005-4E-5-200-10.fa	XML-2	25	9181
XML-2/alignment_XML2-4000-0.005-4E-5-200-11.fa	XML-2	29	9181
XML-2/alignment_XML2-4000-0.005-4E-5-200-12.fa	XML-2	24	9181
XML-2/alignment_XML2-4000-0.005-4E-5-200-13.fa	XML-2	52	9181
XML-2/alignment_XML2-4000-0.005-4E-5-200-14.fa	XML-2	41	9181
XML-2/alignment_XML2-4000-0.005-4E-5-200-15.fa	XML-2	31	9181
XML-2/alignment_XML2-4000-0.005-4E-5-200-2.fa	XML-2	40	9181
XML-2/alignment_XML2-4000-0.005-4E-5-200-3.fa	XML-2	31	9181
XML-2/alignment_XML2-4000-0.005-4E-5-200-4.fa	XML-2	29	9181
XML-2/alignment_XML2-4000-0.005-4E-5-200-5.fa	XML-2	51	9181
XML-2/alignment_XML2-4000-0.005-4E-5-200-6.fa	XML-2	31	9181
XML-2/alignment_XML2-4000-0.005-4E-5-200-7.fa	XML-2	26	9181
XML-2/alignment_XML2-4000-0.005-4E-5-200-8.fa	XML-2	34	9181
XML-2/alignment_XML2-4000-0.005-4E-5-200-9.fa	XML-2	19	9181
XML-2/alignment_XML2-4000-0.005-4E-5-50-1.fa	XML-2	23	9181
XML-2/alignment_XML2-4000-0.005-4E-5-50-10.fa	XML-2	13	9181
XML-2/alignment_XML2-4000-0.005-4E-5-50-11.fa	XML-2	20	9181
XML-2/alignment_XML2-4000-0.005-4E-5-50-12.fa	XML-2	20	9181
XML-2/alignment_XML2-4000-0.005-4E-5-50-13.fa	XML-2	17	9181
XML-2/alignment_XML2-4000-0.005-4E-5-50-14.fa	XML-2	25	9181
XML-2/alignment_XML2-4000-0.005-4E-5-50-15.fa	XML-2	19	9181
XML-2/alignment_XML2-4000-0.005-4E-5-50-2.fa	XML-2	20	9181
XML-2/alignment_XML2-4000-0.005-4E-5-50-3.fa	XML-2	14	9181
XML-2/alignment_XML2-4000-0.005-4E-5-50-4.fa	XML-2	19	9181
XML-2/alignment_XML2-4000-0.005-4E-5-50-5.fa	XML-2	25	9181
XML-2/alignment_XML2-4000-0.005-4E-5-50-6.fa	XML-2	27	9181
XML-2/alignment_XML2-4000-0.005-4E-5-50-7.fa	XML-2	25	9181
XML-2/alignment_XML2-4000-0.005-4E-5-50-8.fa	XML-2	21	9181
XML-2/alignment_XML2-4000-0.005-4E-5-50-9.fa	XML-2	18	9181
XML-2/alignment_XML2-4000-0.005-8E-5-100-1.fa	XML-2	19	9181
XML-2/alignment_XML2-4000-0.005-8E-5-100-10.fa	XML-2	24	9181
XML-2/alignment_XML2-4000-0.005-8E-5-100-11.fa	XML-2	21	9181
XML-2/alignment_XML2-4000-0.005-8E-5-100-12.fa	XML-2	23	9181
XML-2/alignment_XML2-4000-0.005-8E-5-100-13.fa	XML-2	23	9181
XML-2/alignment_XML2-4000-0.005-8E-5-100-14.fa	XML-2	19	9181
XML-2/alignment_XML2-4000-0.005-8E-5-100-15.fa	XML-2	20	9181
XML-2/alignment_XML2-4000-0.005-8E-5-100-2.fa	XML-2	17	9181
XML-2/alignment_XML2-4000-0.005-8E-5-100-3.fa	XML-2	16	9181
XML-2/alignment_XML2-4000-0.005-8E-5-100-4.fa	XML-2	26	9181
XML-2/alignment_XML2-4000-0.005-8E-5-100-5.fa	XML-2	28	9181
XML-2/alignment_XML2-4000-0.005-8E-5-100-6.fa	XML-2	18	9181
XML-2/alignment_XML2-4000-0.005-8E-5-100-7.fa	XML-2	19	9181
XML-2/alignment_XML2-4000-0.005-8E-5-100-8.fa	XML-2	21	9181
XML-2/alignment_XML2-4000-0.005-8E-5-100-9.fa	XML-2	26	9181
XML-2/alignment_XML2-4000-0.005-8E-5-200-1.fa	XML-2	28	9181
XML-2/alignment_XML2-4000-0.005-8E-5-200-10.fa	XML-2	24	9181
XML-2/alignment_XML2-4000-0.005-8E-5-200-11.fa	XML-2	23	9181
XML-2/alignment_XML2-4000-0.005-8E-5-200-12.fa	XML-2	35	9181
XML-2/alignment_XML2-4000-0.005-8E-5-200-13.fa	XML-2	32	9181
XML-2/alignment_XML2-4000-0.005-8E-5-200-14.fa	XML-2	29	9181
XML-2/alignment_XML2-4000-0.005-8E-5-200-15.fa	XML-2	25	9181
XML-2/alignment_XML2-4000-0.005-8E-5-200-2.fa	XML-2	38	9181
XML-2/alignment_XML2-4000-0.005-8E-5-200-3.fa	XML-2	32	9181
XML-2/alignment_XML2-4000-0.005-8E-5-200-4.fa	XML-2	25	9181
XML-2/alignment_XML2-4000-0.005-8E-5-200-5.fa	XML-2	34	9181
XML-2/alignment_XML2-4000-0.005-8E-5-200-6.fa	XML-2	33	9181
XML-2/alignment_XML2-4000-0.005-8E-5-200-7.fa	XML-2	29	9181
XML-2/alignment_XML2-4000-0.005-8E-5-200-8.fa	XML-2	17	9181
XML-2/alignment_XML2-4000-0.005-8E-5-200-9.fa	XML-2	29	9181
XML-2/alignment_XML2-4000-0.005-8E-5-50-1.fa	XML-2	17	9181
XML-2/alignment_XML2-4000-0.005-8E-5-50-10.fa	XML-2	20	9181
XML-2/alignment_XML2-4000-0.005-8E-5-50-11.fa	XML-2	20	9181
XML-2/alignment_XML2-4000-0.005-8E-5-50-12.fa	XML-2	16	9181
XML-2/alignment_XML2-4000-0.005-8E-5-50-13.fa	XML-2	19	9181
XML-2/alignment_XML2-4000-0.005-8E-5-50-14.fa	XML-2	13	9181
XML-2/alignment_XML2-4000-0.005-8E-5-50-15.fa	XML-2	19	9181
XML-2/alignment_XML2-4000-0.005-8E-5-50-2.fa	XML-2	18	9181
XML-2/alignment_XML2-4000-0.005-8E-5-50-3.fa	XML-2	13	9181
XML-2/alignment_XML2-4000-0.005-8E-5-50-4.fa	XML-2	18	9181
XML-2/alignment_XML2-4000-0.005-8E-5-50-5.fa	XML-2	21	9181
XML-2/alignment_XML2-4000-0.005-8E-5-50-6.fa	XML-2	25	9181
XML-2/alignment_XML2-4000-0.005-8E-5-50-7.fa	XML-2	22	9181
XML-2/alignment_XML2-4000-0.005-8E-5-50-8.fa	XML-2	20	9181
XML-2/alignment_XML2-4000-0.005-8E-5-50-9.fa	XML-2	14	9181
XML-2/alignment_XML2-4000-0.01-12E-5-100-1.fa	XML-2	36	9181
XML-2/alignment_XML2-4000-0.01-12E-5-100-10.fa	XML-2	32	9181
XML-2/alignment_XML2-4000-0.01-12E-5-100-11.fa	XML-2	34	9181
XML-2/alignment_XML2-4000-0.01-12E-5-100-12.fa	XML-2	26	9181
XML-2/alignment_XML2-4000-0.01-12E-5-100-13.fa	XML-2	46	9181
XML-2/alignment_XML2-4000-0.01-12E-5-100-14.fa	XML-2	46	9181
XML-2/alignment_XML2-4000-0.01-12E-5-100-15.fa	XML-2	33	9181
XML-2/alignment_XML2-4000-0.01-12E-5-100-2.fa	XML-2	29	9181
XML-2/alignment_XML2-4000-0.01-12E-5-100-3.fa	XML-2	33	9181
XML-2/alignment_XML2-4000-0.01-12E-5-100-4.fa	XML-2	32	9181
XML-2/alignment_XML2-4000-0.01-12E-5-100-5.fa	XML-2	35	9181
XML-2/alignment_XML2-4000-0.01-12E-5-100-6.fa	XML-2	34	9181
XML-2/alignment_XML2-4000-0.01-12E-5-100-7.fa	XML-2	31	9181
XML-2/alignment_XML2-4000-0.01-12E-5-100-8.fa	XML-2	33	9181
XML-2/alignment_XML2-4000-0.01-12E-5-100-9.fa	XML-2	47	9181
XML-2/alignment_XML2-4000-0.01-12E-5-200-1.fa	XML-2	34	9181
XML-2/alignment_XML2-4000-0.01-12E-5-200-10.fa	XML-2	49	9181
XML-2/alignment_XML2-4000-0.01-12E-5-200-11.fa	XML-2	55	9181
XML-2/alignment_XML2-4000-0.01-12E-5-200-12.fa	XML-2	29	9181
XML-2/alignment_XML2-4000-0.01-12E-5-200-13.fa	XML-2	42	9181
XML-2/alignment_XML2-4000-0.01-12E-5-200-14.fa	XML-2	42	9181
XML-2/alignment_XML2-4000-0.01-12E-5-200-15.fa	XML-2	37	9181
XML-2/alignment_XML2-4000-0.01-12E-5-200-2.fa	XML-2	53	9181
XML-2/alignment_XML2-4000-0.01-12E-5-200-3.fa	XML-2	24	9181
XML-2/alignment_XML2-4000-0.01-12E-5-200-4.fa	XML-2	47	9181
XML-2/alignment_XML2-4000-0.01-12E-5-200-5.fa	XML-2	44	9181
XML-2/alignment_XML2-4000-0.01-12E-5-200-6.fa	XML-2	62	9181
XML-2/alignment_XML2-4000-0.01-12E-5-200-7.fa	XML-2	51	9181
XML-2/alignment_XML2-4000-0.01-12E-5-200-8.fa	XML-2	40	9181
XML-2/alignment_XML2-4000-0.01-12E-5-200-9.fa	XML-2	39	9181
XML-2/alignment_XML2-4000-0.01-12E-5-50-1.fa	XML-2	29	9181
XML-2/alignment_XML2-4000-0.01-12E-5-50-10.fa	XML-2	21	9181
XML-2/alignment_XML2-4000-0.01-12E-5-50-11.fa	XML-2	31	9181
XML-2/alignment_XML2-4000-0.01-12E-5-50-12.fa	XML-2	24	9181
XML-2/alignment_XML2-4000-0.01-12E-5-50-13.fa	XML-2	23	9181
XML-2/alignment_XML2-4000-0.01-12E-5-50-14.fa	XML-2	24	9181
XML-2/alignment_XML2-4000-0.01-12E-5-50-15.fa	XML-2	16	9181
XML-2/alignment_XML2-4000-0.01-12E-5-50-2.fa	XML-2	27	9181
XML-2/alignment_XML2-4000-0.01-12E-5-50-3.fa	XML-2	26	9181
XML-2/alignment_XML2-4000-0.01-12E-5-50-4.fa	XML-2	18	9181
XML-2/alignment_XML2-4000-0.01-12E-5-50-5.fa	XML-2	21	9181
XML-2/alignment_XML2-4000-0.01-12E-5-50-6.fa	XML-2	27	9181
XML-2/alignment_XML2-4000-0.01-12E-5-50-7.fa	XML-2	26	9181
XML-2/alignment_XML2-4000-0.01-12E-5-50-8.fa	XML-2	20	9181
XML-2/alignment_XML2-4000-0.01-12E-5-50-9.fa	XML-2	21	9181
XML-2/alignment_XML2-4000-0.01-4E-5-100-1.fa	XML-2	35	9181
XML-2/alignment_XML2-4000-0.01-4E-5-100-10.fa	XML-2	44	9181
XML-2/alignment_XML2-4000-0.01-4E-5-100-11.fa	XML-2	44	9181
XML-2/alignment_XML2-4000-0.01-4E-5-100-12.fa	XML-2	44	9181
XML-2/alignment_XML2-4000-0.01-4E-5-100-13.fa	XML-2	40	9181
XML-2/alignment_XML2-4000-0.01-4E-5-100-14.fa	XML-2	39	9181
XML-2/alignment_XML2-4000-0.01-4E-5-100-15.fa	XML-2	43	9181
XML-2/alignment_XML2-4000-0.01-4E-5-100-2.fa	XML-2	47	9181
XML-2/alignment_XML2-4000-0.01-4E-5-100-3.fa	XML-2	37	9181
XML-2/alignment_XML2-4000-0.01-4E-5-100-4.fa	XML-2	40	9181
XML-2/alignment_XML2-4000-0.01-4E-5-100-5.fa	XML-2	51	9181
XML-2/alignment_XML2-4000-0.01-4E-5-100-6.fa	XML-2	46	9181
XML-2/alignment_XML2-4000-0.01-4E-5-100-7.fa	XML-2	36	9181
XML-2/alignment_XML2-4000-0.01-4E-5-100-8.fa	XML-2	36	9181
XML-2/alignment_XML2-4000-0.01-4E-5-100-9.fa	XML-2	44	9181
XML-2/alignment_XML2-4000-0.01-4E-5-200-1.fa	XML-2	38	9181
XML-2/alignment_XML2-4000-0.01-4E-5-200-10.fa	XML-2	59	9181
XML-2/alignment_XML2-4000-0.01-4E-5-200-11.fa	XML-2	56	9181
XML-2/alignment_XML2-4000-0.01-4E-5-200-12.fa	XML-2	56	9181
XML-2/alignment_XML2-4000-0.01-4E-5-200-13.fa	XML-2	45	9181
XML-2/alignment_XML2-4000-0.01-4E-5-200-14.fa	XML-2	56	9181
XML-2/alignment_XML2-4000-0.01-4E-5-200-15.fa	XML-2	56	9181
XML-2/alignment_XML2-4000-0.01-4E-5-200-2.fa	XML-2	44	9181
XML-2/alignment_XML2-4000-0.01-4E-5-200-3.fa	XML-2	59	9181
XML-2/alignment_XML2-4000-0.01-4E-5-200-4.fa	XML-2	69	9181
XML-2/alignment_XML2-4000-0.01-4E-5-200-5.fa	XML-2	55	9181
XML-2/alignment_XML2-4000-0.01-4E-5-200-6.fa	XML-2	38	9181
XML-2/alignment_XML2-4000-0.01-4E-5-200-7.fa	XML-2	41	9181
XML-2/alignment_XML2-4000-0.01-4E-5-200-8.fa	XML-2	61	9181
XML-2/alignment_XML2-4000-0.01-4E-5-200-9.fa	XML-2	59	9181
XML-2/alignment_XML2-4000-0.01-4E-5-50-1.fa	XML-2	29	9181
XML-2/alignment_XML2-4000-0.01-4E-5-50-10.fa	XML-2	34	9181
XML-2/alignment_XML2-4000-0.01-4E-5-50-11.fa	XML-2	19	9181
XML-2/alignment_XML2-4000-0.01-4E-5-50-12.fa	XML-2	17	9181
XML-2/alignment_XML2-4000-0.01-4E-5-50-13.fa	XML-2	26	9181
XML-2/alignment_XML2-4000-0.01-4E-5-50-14.fa	XML-2	23	9181
XML-2/alignment_XML2-4000-0.01-4E-5-50-15.fa	XML-2	26	9181
XML-2/alignment_XML2-4000-0.01-4E-5-50-2.fa	XML-2	24	9181
XML-2/alignment_XML2-4000-0.01-4E-5-50-3.fa	XML-2	34	9181
XML-2/alignment_XML2-4000-0.01-4E-5-50-4.fa	XML-2	33	9181
XML-2/alignment_XML2-4000-0.01-4E-5-50-5.fa	XML-2	29	9181
XML-2/alignment_XML2-4000-0.01-4E-5-50-6.fa	XML-2	25	9181
XML-2/alignment_XML2-4000-0.01-4E-5-50-7.fa	XML-2	32	9181
XML-2/alignment_XML2-4000-0.01-4E-5-50-8.fa	XML-2	25	9181
XML-2/alignment_XML2-4000-0.01-4E-5-50-9.fa	XML-2	23	9181
XML-2/alignment_XML2-4000-0.01-8E-5-100-1.fa	XML-2	53	9181
XML-2/alignment_XML2-4000-0.01-8E-5-100-10.fa	XML-2	28	9181
XML-2/alignment_XML2-4000-0.01-8E-5-100-11.fa	XML-2	39	9181
XML-2/alignment_XML2-4000-0.01-8E-5-100-12.fa	XML-2	48	9181
XML-2/alignment_XML2-4000-0.01-8E-5-100-13.fa	XML-2	40	9181
XML-2/alignment_XML2-4000-0.01-8E-5-100-14.fa	XML-2	36	9181
XML-2/alignment_XML2-4000-0.01-8E-5-100-15.fa	XML-2	49	9181
XML-2/alignment_XML2-4000-0.01-8E-5-100-2.fa	XML-2	28	9181
XML-2/alignment_XML2-4000-0.01-8E-5-100-3.fa	XML-2	36	9181
XML-2/alignment_XML2-4000-0.01-8E-5-100-4.fa	XML-2	36	9181
XML-2/alignment_XML2-4000-0.01-8E-5-100-5.fa	XML-2	36	9181
XML-2/alignment_XML2-4000-0.01-8E-5-100-6.fa	XML-2	32	9181
XML-2/alignment_XML2-4000-0.01-8E-5-100-7.fa	XML-2	31	9181
XML-2/alignment_XML2-4000-0.01-8E-5-100-8.fa	XML-2	37	9181
XML-2/alignment_XML2-4000-0.01-8E-5-100-9.fa	XML-2	24	9181
XML-2/alignment_XML2-4000-0.01-8E-5-200-1.fa	XML-2	51	9181
XML-2/alignment_XML2-4000-0.01-8E-5-200-10.fa	XML-2	46	9181
XML-2/alignment_XML2-4000-0.01-8E-5-200-11.fa	XML-2	56	9181
XML-2/alignment_XML2-4000-0.01-8E-5-200-12.fa	XML-2	46	9181
XML-2/alignment_XML2-4000-0.01-8E-5-200-13.fa	XML-2	37	9181
XML-2/alignment_XML2-4000-0.01-8E-5-200-14.fa	XML-2	58	9181
XML-2/alignment_XML2-4000-0.01-8E-5-200-15.fa	XML-2	60	9181
XML-2/alignment_XML2-4000-0.01-8E-5-200-2.fa	XML-2	47	9181
XML-2/alignment_XML2-4000-0.01-8E-5-200-3.fa	XML-2	55	9181
XML-2/alignment_XML2-4000-0.01-8E-5-200-4.fa	XML-2	41	9181
XML-2/alignment_XML2-4000-0.01-8E-5-200-5.fa	XML-2	62	9181
XML-2/alignment_XML2-4000-0.01-8E-5-200-6.fa	XML-2	32	9181
XML-2/alignment_XML2-4000-0.01-8E-5-200-7.fa	XML-2	48	9181
XML-2/alignment_XML2-4000-0.01-8E-5-200-8.fa	XML-2	33	9181
XML-2/alignment_XML2-4000-0.01-8E-5-200-9.fa	XML-2	48	9181
XML-2/alignment_XML2-4000-0.01-8E-5-50-1.fa	XML-2	21	9181
XML-2/alignment_XML2-4000-0.01-8E-5-50-10.fa	XML-2	22	9181
XML-2/alignment_XML2-4000-0.01-8E-5-50-11.fa	XML-2	24	9181
XML-2/alignment_XML2-4000-0.01-8E-5-50-12.fa	XML-2	28	9181
XML-2/alignment_XML2-4000-0.01-8E-5-50-13.fa	XML-2	13	9181
XML-2/alignment_XML2-4000-0.01-8E-5-50-14.fa	XML-2	32	9181
XML-2/alignment_XML2-4000-0.01-8E-5-50-15.fa	XML-2	26	9181
XML-2/alignment_XML2-4000-0.01-8E-5-50-2.fa	XML-2	21	9181
XML-2/alignment_XML2-4000-0.01-8E-5-50-3.fa	XML-2	31	9181
XML-2/alignment_XML2-4000-0.01-8E-5-50-4.fa	XML-2	27	9181
XML-2/alignment_XML2-4000-0.01-8E-5-50-5.fa	XML-2	29	9181
XML-2/alignment_XML2-4000-0.01-8E-5-50-6.fa	XML-2	23	9181
XML-2/alignment_XML2-4000-0.01-8E-5-50-7.fa	XML-2	27	9181
XML-2/alignment_XML2-4000-0.01-8E-5-50-8.fa	XML-2	26	9181
XML-2/alignment_XML2-4000-0.01-8E-5-50-9.fa	XML-2	25	9181
XML-2/alignment_XML2-4000-0.02-4E-5-100-1.fa	XML-2	52	9181
XML-2/alignment_XML2-4000-0.02-4E-5-100-10.fa	XML-2	60	9181
XML-2/alignment_XML2-4000-0.02-4E-5-100-11.fa	XML-2	59	9181
XML-2/alignment_XML2-4000-0.02-4E-5-100-12.fa	XML-2	48	9181
XML-2/alignment_XML2-4000-0.02-4E-5-100-13.fa	XML-2	54	9181
XML-2/alignment_XML2-4000-0.02-4E-5-100-14.fa	XML-2	60	9181
XML-2/alignment_XML2-4000-0.02-4E-5-100-15.fa	XML-2	44	9181
XML-2/alignment_XML2-4000-0.02-4E-5-100-2.fa	XML-2	54	9181
XML-2/alignment_XML2-4000-0.02-4E-5-100-3.fa	XML-2	62	9181
XML-2/alignment_XML2-4000-0.02-4E-5-100-4.fa	XML-2	78	9181
XML-2/alignment_XML2-4000-0.02-4E-5-100-5.fa	XML-2	61	9181
XML-2/alignment_XML2-4000-0.02-4E-5-100-6.fa	XML-2	55	9181
XML-2/alignment_XML2-4000-0.02-4E-5-100-7.fa	XML-2	58	9181
XML-2/alignment_XML2-4000-0.02-4E-5-100-8.fa	XML-2	68	9181
XML-2/alignment_XML2-4000-0.02-4E-5-100-9.fa	XML-2	60	9181
XML-2/alignment_XML2-4000-0.02-4E-5-50-1.fa	XML-2	36	9181
XML-2/alignment_XML2-4000-0.02-4E-5-50-10.fa	XML-2	29	9181
XML-2/alignment_XML2-4000-0.02-4E-5-50-11.fa	XML-2	35	9181
XML-2/alignment_XML2-4000-0.02-4E-5-50-12.fa	XML-2	38	9181
XML-2/alignment_XML2-4000-0.02-4E-5-50-13.fa	XML-2	31	9181
XML-2/alignment_XML2-4000-0.02-4E-5-50-14.fa	XML-2	28	9181
XML-2/alignment_XML2-4000-0.02-4E-5-50-15.fa	XML-2	33	9181
XML-2/alignment_XML2-4000-0.02-4E-5-50-2.fa	XML-2	31	9181
XML-2/alignment_XML2-4000-0.02-4E-5-50-3.fa	XML-2	41	9181
XML-2/alignment_XML2-4000-0.02-4E-5-50-4.fa	XML-2	42	9181
XML-2/alignment_XML2-4000-0.02-4E-5-50-5.fa	XML-2	30	9181
XML-2/alignment_XML2-4000-0.02-4E-5-50-6.fa	XML-2	31	9181
XML-2/alignment_XML2-4000-0.02-4E-5-50-7.fa	XML-2	24	9181
XML-2/alignment_XML2-4000-0.02-4E-5-50-8.fa	XML-2	31	9181
XML-2/alignment_XML2-4000-0.02-4E-5-50-9.fa	XML-2	36	9181
XML-3/alignment_XML3-2500-0.005-12E-5-100-1.fa	XML-3	27	5800
XML-3/alignment_XML3-2500-0.005-12E-5-100-10.fa	XML-3	32	5800
XML-3/alignment_XML3-2500-0.005-12E-5-100-2.fa	XML-3	29	5800
XML-3/alignment_XML3-2500-0.005-12E-5-100-3.fa	XML-3	21	5800
XML-3/alignment_XML3-2500-0.005-12E-5-100-4.fa	XML-3	26	5800
XML-3/alignment_XML3-2500-0.005-12E-5-100-5.fa	XML-3	20	5800
XML-3/alignment_XML3-2500-0.005-12E-5-100-6.fa	XML-3	21	5800
XML-3/alignment_XML3-2500-0.005-12E-5-100-7.fa	XML-3	23	5800
XML-3/alignment_XML3-2500-0.005-12E-5-100-8.fa	XML-3	18	5800
XML-3/alignment_XML3-2500-0.005-12E-5-100-9.fa	XML-3	25	5800
XML-3/alignment_XML3-2500-0.005-12E-5-200-1.fa	XML-3	31	5800
XML-3/alignment_XML3-2500-0.005-12E-5-200-10.fa	XML-3	39	5800
XML-3/alignment_XML3-2500-0.005-12E-5-200-2.fa	XML-3	40	5800
XML-3/alignment_XML3-2500-0.005-12E-5-200-3.fa	XML-3	32	5800
XML-3/alignment_XML3-2500-0.005-12E-5-200-4.fa	XML-3	35	5800
XML-3/alignment_XML3-2500-0.005-12E-5-200-5.fa	XML-3	37	5800
XML-3/alignment_XML3-2500-0.005-12E-5-200-6.fa	XML-3	21	5800
XML-3/alignment_XML3-2500-0.005-12E-5-200-7.fa	XML-3	46	5800
XML-3/alignment_XML3-2500-0.005-12E-5-200-8.fa	XML-3	39	5800
XML-3/alignment_XML3-2500-0.005-12E-5-200-9.fa	XML-3	25	5800
XML-3/alignment_XML3-2500-0.005-12E-5-50-1.fa	XML-3	16	5800
XML-3/alignment_XML3-2500-0.005-12E-5-50-10.fa	XML-3	9	5800
XML-3/alignment_XML3-2500-0.005-12E-5-50-2.fa	XML-3	22	5800
XML-3/alignment_XML3-2500-0.005-12E-5-50-3.fa	XML-3	15	5800
XML-3/alignment_XML3-2500-0.005-12E-5-50-4.fa	XML-3	13	5800
XML-3/alignment_XML3-2500-0.005-12E-5-50-5.fa	XML-3	35	5800
XML-3/alignment_XML3-2500-0.005-12E-5-50-6.fa	XML-3	16	5800
XML-3/alignment_XML3-2500-0.005-12E-5-50-7.fa	XML-3	19	5800
XML-3/alignment_XML3-2500-0.005-12E-5-50-8.fa	XML-3	12	5800
XML-3/alignment_XML3-2500-0.005-12E-5-50-9.fa	XML-3	14	5800
XML-3/alignment_XML3-2500-0.005-4E-5-100-1.fa	XML-3	41	5800
XML-3/alignment_XML3-2500-0.005-4E-5-100-10.fa	XML-3	32	5800
XML-3/alignment_XML3-2500-0.005-4E-5-100-2.fa	XML-3	36	5800
XML-3/alignment_XML3-2500-0.005-4E-5-100-3.fa	XML-3	37	5800
XML-3/alignment_XML3-2500-0.005-4E-5-100-4.fa	XML-3	29	5800
XML-3/alignment_XML3-2500-0.005-4E-5-100-5.fa	XML-3	36	5800
XML-3/alignment_XML3-2500-0.005-4E-5-100-6.fa	XML-3	45	5800
XML-3/alignment_XML3-2500-0.005-4E-5-100-7.fa	XML-3	38	5800
XML-3/alignment_XML3-2500-0.005-4E-5-100-8.fa	XML-3	36	5800
XML-3/alignment_XML3-2500-0.005-4E-5-100-9.fa	XML-3	39	5800
XML-3/alignment_XML3-2500-0.005-4E-5-200-1.fa	XML-3	66	5800
XML-3/alignment_XML3-2500-0.005-4E-5-200-10.fa	XML-3	63	5800
XML-3/alignment_XML3-2500-0.005-4E-5-200-2.fa	XML-3	37	5800
XML-3/alignment_XML3-2500-0.005-4E-5-200-3.fa	XML-3	40	5800
XML-3/alignment_XML3-2500-0.005-4E-5-200-4.fa	XML-3	67	5800
XML-3/alignment_XML3-2500-0.005-4E-5-200-5.fa	XML-3	48	5800
XML-3/alignment_XML3-2500-0.005-4E-5-200-6.fa	XML-3	46	5800
XML-3/alignment_XML3-2500-0.005-4E-5-200-7.fa	XML-3	52	5800
XML-3/alignment_XML3-2500-0.005-4E-5-200-8.fa	XML-3	44	5800
XML-3/alignment_XML3-2500-0.005-4E-5-200-9.fa	XML-3	40	5800
XML-3/alignment_XML3-2500-0.005-4E-5-50-1.fa	XML-3	20	5800
XML-3/alignment_XML3-2500-0.005-4E-5-50-10.fa	XML-3	22	5800
XML-3/alignment_XML3-2500-0.005-4E-5-50-2.fa	XML-3	16	5800
XML-3/alignment_XML3-2500-0.005-4E-5-50-3.fa	XML-3	24	5800
XML-3/alignment_XML3-2500-0.005-4E-5-50-4.fa	XML-3	23	5800
XML-3/alignment_XML3-2500-0.005-4E-5-50-5.fa	XML-3	18	5800
XML-3/alignment_XML3-2500-0.005-4E-5-50-6.fa	XML-3	18	5800
XML-3/alignment_XML3-2500-0.005-4E-5-50-7.fa	XML-3	24	5800
XML-3/alignment_XML3-2500-0.005-4E-5-50-8.fa	XML-3	14	5800
XML-3/alignment_XML3-2500-0.005-4E-5-50-9.fa	XML-3	26	5800
XML-3/alignment_XML3-2500-0.005-8E-5-100-1.fa	XML-3	17	5800
XML-3/alignment_XML3-2500-0.005-8E-5-100-10.fa	XML-3	36	5800
XML-3/alignment_XML3-2500-0.005-8E-5-100-2.fa	XML-3	29	5800
XML-3/alignment_XML3-2500-0.005-8E-5-100-3.fa	XML-3	32	5800
XML-3/alignment_XML3-2500-0.005-8E-5-100-4.fa	XML-3	29	5800
XML-3/alignment_XML3-2500-0.005-8E-5-100-5.fa	XML-3	32	5800
XML-3/alignment_XML3-2500-0.005-8E-5-100-6.fa	XML-3	28	5800
XML-3/alignment_XML3-2500-0.005-8E-5-100-7.fa	XML-3	22	5800
XML-3/alignment_XML3-2500-0.005-8E-5-100-8.fa	XML-3	32	5800
XML-3/alignment_XML3-2500-0.005-8E-5-100-9.fa	XML-3	31	5800
XML-3/alignment_XML3-2500-0.005-8E-5-200-1.fa	XML-3	39	5800
XML-3/alignment_XML3-2500-0.005-8E-5-200-10.fa	XML-3	27	5800
XML-3/alignment_XML3-2500-0.005-8E-5-200-2.fa	XML-3	49	5800
XML-3/alignment_XML3-2500-0.005-8E-5-200-3.fa	XML-3	41	5800
XML-3/alignment_XML3-2500-0.005-8E-5-200-4.fa	XML-3	41	5800
XML-3/alignment_XML3-2500-0.005-8E-5-200-5.fa	XML-3	34	5800
XML-3/alignment_XML3-2500-0.005-8E-5-200-6.fa	XML-3	44	5800
XML-3/alignment_XML3-2500-0.005-8E-5-200-7.fa	XML-3	29	5800
XML-3/alignment_XML3-2500-0.005-8E-5-200-8.fa	XML-3	42	5800
XML-3/alignment_XML3-2500-0.005-8E-5-200-9.fa	XML-3	34	5800
XML-3/alignment_XML3-2500-0.005-8E-5-50-1.fa	XML-3	20	5800
XML-3/alignment_XML3-2500-0.005-8E-5-50-10.fa	XML-3	13	5800
XML-3/alignment_XML3-2500-0.005-8E-5-50-2.fa	XML-3	12	5800
XML-3/alignment_XML3-2500-0.005-8E-5-50-3.fa	XML-3	19	5800
XML-3/alignment_XML3-2500-0.005-8E-5-50-4.fa	XML-3	15	5800
XML-3/alignment_XML3-2500-0.005-8E-5-50-5.fa	XML-3	21	5800
XML-3/alignment_XML3-2500-0.005-8E-5-50-6.fa	XML-3	19	5800
XML-3/alignment_XML3-2500-0.005-8E-5-50-7.fa	XML-3	14	5800
XML-3/alignment_XML3-2500-0.005-8E-5-50-8.fa	XML-3	16	5800
XML-3/alignment_XML3-2500-0.005-8E-5-50-9.fa	XML-3	29	5800
XML-3/alignment_XML3-2500-0.01-12E-5-100-1.fa	XML-3	47	5800
XML-3/alignment_XML3-2500-0.01-12E-5-100-10.fa	XML-3	46	5800
XML-3/alignment_XML3-2500-0.01-12E-5-100-2.fa	XML-3	43	5800
XML-3/alignment_XML3-2500-0.01-12E-5-100-3.fa	XML-3	47	5800
XML-3/alignment_XML3-2500-0.01-12E-5-100-4.fa	XML-3	44	5800
XML-3/alignment_XML3-2500-0.01-12E-5-100-5.fa	XML-3	53	5800
XML-3/alignment_XML3-2500-0.01-12E-5-100-6.fa	XML-3	55	5800
XML-3/alignment_XML3-2500-0.01-12E-5-100-7.fa	XML-3	49	5800
XML-3/alignment_XML3-2500-0.01-12E-5-100-8.fa	XML-3	48	5800
XML-3/alignment_XML3-2500-0.01-12E-5-100-9.fa	XML-3	38	5800
XML-3/alignment_XML3-2500-0.01-12E-5-200-1.fa	XML-3	52	5800
XML-3/alignment_XML3-2500-0.01-12E-5-200-10.fa	XML-3	61	5800
XML-3/alignment_XML3-2500-0.01-12E-5-200-2.fa	XML-3	60	5800
XML-3/alignment_XML3-2500-0.01-12E-5-200-3.fa	XML-3	65	5800
XML-3/alignment_XML3-2500-0.01-12E-5-200-4.fa	XML-3	63	5800
XML-3/alignment_XML3-2500-0.01-12E-5-200-5.fa	XML-3	65	5800
XML-3/alignment_XML3-2500-0.01-12E-5-200-6.fa	XML-3	51	5800
XML-3/alignment_XML3-2500-0.01-12E-5-200-7.fa	XML-3	65	5800
XML-3/alignment_XML3-2500-0.01-12E-5-200-8.fa	XML-3	86	5800
XML-3/alignment_XML3-2500-0.01-12E-5-200-9.fa	XML-3	70	5800
XML-3/alignment_XML3-2500-0.01-12E-5-50-1.fa	XML-3	30	5800
XML-3/alignment_XML3-2500-0.01-12E-5-50-10.fa	XML-3	26	5800
XML-3/alignment_XML3-2500-0.01-12E-5-50-2.fa	XML-3	28	5800
XML-3/alignment_XML3-2500-0.01-12E-5-50-3.fa	XML-3	29	5800
XML-3/alignment_XML3-2500-0.01-12E-5-50-4.fa	XML-3	41	5800
XML-3/alignment_XML3-2500-0.01-12E-5-50-5.fa	XML-3	24	5800
XML-3/alignment_XML3-2500-0.01-12E-5-50-6.fa	XML-3	31	5800
XML-3/alignment_XML3-2500-0.01-12E-5-50-7.fa	XML-3	36	5800
XML-3/alignment_XML3-2500-0.01-12E-5-50-8.fa	XML-3	41	5800
XML-3/alignment_XML3-2500-0.01-12E-5-50-9.fa	XML-3	22	5800
XML-3/alignment_XML3-2500-0.01-4E-5-100-1.fa	XML-3	58	5800
XML-3/alignment_XML3-2500-0.01-4E-5-100-10.fa	XML-3	52	5800
XML-3/alignment_XML3-2500-0.01-4E-5-100-2.fa	XML-3	59	5800
XML-3/alignment_XML3-2500-0.01-4E-5-100-3.fa	XML-3	44	5800
XML-3/alignment_XML3-2500-0.01-4E-5-100-4.fa	XML-3	55	5800
XML-3/alignment_XML3-2500-0.01-4E-5-100-5.fa	XML-3	57	5800
XML-3/alignment_XML3-2500-0.01-4E-5-100-6.fa	XML-3	63	5800
XML-3/alignment_XML3-2500-0.01-4E-5-100-7.fa	XML-3	53	5800
XML-3/alignment_XML3-2500-0.01-4E-5-100-8.fa	XML-3	61	5800
XML-3/alignment_XML3-2500-0.01-4E-5-100-9.fa	XML-3	64	5800
XML-3/alignment_XML3-2500-0.01-4E-5-200-1.fa	XML-3	91	5800
XML-3/alignment_XML3-2500-0.01-4E-5-200-10.fa	XML-3	84	5800
XML-3/alignment_XML3-2500-0.01-4E-5-200-2.fa	XML-3	82	5800
XML-3/alignment_XML3-2500-0.01-4E-5-200-3.fa	XML-3	66	5800
XML-3/alignment_XML3-2500-0.01-4E-5-200-4.fa	XML-3	80	5800
XML-3/alignment_XML3-2500-0.01-4E-5-200-5.fa	XML-3	88	5800
XML-3/alignment_XML3-2500-0.01-4E-5-200-6.fa	XML-3	77	5800
XML-3/alignment_XML3-2500-0.01-4E-5-200-7.fa	XML-3	80	5800
XML-3/alignment_XML3-2500-0.01-4E-5-200-8.fa	XML-3	80	5800
XML-3/alignment_XML3-2500-0.01-4E-5-200-9.fa	XML-3	88	5800
XML-3/alignment_XML3-2500-0.01-4E-5-50-1.fa	XML-3	37	5800
XML-3/alignment_XML3-2500-0.01-4E-5-50-10.fa	XML-3	36	5800
XML-3/alignment_XML3-2500-0.01-4E-5-50-2.fa	XML-3	39	5800
XML-3/alignment_XML3-2500-0.01-4E-5-50-3.fa	XML-3	35	5800
XML-3/alignment_XML3-2500-0.01-4E-5-50-4.fa	XML-3	38	5800
XML-3/alignment_XML3-2500-0.01-4E-5-50-5.fa	XML-3	35	5800
XML-3/alignment_XML3-2500-0.01-4E-5-50-6.fa	XML-3	39	5800
XML-3/alignment_XML3-2500-0.01-4E-5-50-7.fa	XML-3	39	5800
XML-3/alignment_XML3-2500-0.01-4E-5-50-8.fa	XML-3	27	5800
XML-3/alignment_XML3-2500-0.01-4E-5-50-9.fa	XML-3	34	5800
XML-3/alignment_XML3-2500-0.01-8E-5-100-1.fa	XML-3	43	5800
XML-3/alignment_XML3-2500-0.01-8E-5-100-10.fa	XML-3	58	5800
XML-3/alignment_XML3-2500-0.01-8E-5-100-2.fa	XML-3	56	5800
XML-3/alignment_XML3-2500-0.01-8E-5-100-3.fa	XML-3	63	5800
XML-3/alignment_XML3-2500-0.01-8E-5-100-4.fa	XML-3	58	5800
XML-3/alignment_XML3-2500-0.01-8E-5-100-5.fa	XML-3	41	5800
XML-3/alignment_XML3-2500-0.01-8E-5-100-6.fa	XML-3	57	5800
XML-3/alignment_XML3-2500-0.01-8E-5-100-7.fa	XML-3	62	5800
XML-3/alignment_XML3-2500-0.01-8E-5-100-8.fa	XML-3	49	5800
XML-3/alignment_XML3-2500-0.01-8E-5-100-9.fa	XML-3	45	5800
XML-3/alignment_XML3-2500-0.01-8E-5-200-1.fa	XML-3	88	5800
XML-3/alignment_XML3-2500-0.01-8E-5-200-10.fa	XML-3	49	5800
XML-3/alignment_XML3-2500-0.01-8E-5-200-2.fa	XML-3	81	5800
XML-3/alignment_XML3-2500-0.01-8E-5-200-3.fa	XML-3	81	5800
XML-3/alignment_XML3-2500-0.01-8E-5-200-4.fa	XML-3	58	5800
XML-3/alignment_XML3-2500-0.01-8E-5-200-5.fa	XML-3	82	5800
XML-3/alignment_XML3-2500-0.01-8E-5-200-6.fa	XML-3	70	5800
XML-3/alignment_XML3-2500-0.01-8E-5-200-7.fa	XML-3	80	5800
XML-3/alignment_XML3-2500-0.01-8E-5-200-8.fa	XML-3	69	5800
XML-3/alignment_XML3-2500-0.01-8E-5-200-9.fa	XML-3	75	5800
XML-3/alignment_XML3-2500-0.01-8E-5-50-1.fa	XML-3	28	5800
XML-3/alignment_XML3-2500-0.01-8E-5-50-10.fa	XML-3	35	5800
XML-3/alignment_XML3-2500-0.01-8E-5-50-2.fa	XML-3	31	5800
XML-3/alignment_XML3-2500-0.01-8E-5-50-3.fa	XML-3	41	5800
XML-3/alignment_XML3-2500-0.01-8E-5-50-4.fa	XML-3	36	5800
XML-3/alignment_XML3-2500-0.01-8E-5-50-5.fa	XML-3	42	5800
XML-3/alignment_XML3-2500-0.01-8E-5-50-6.fa	XML-3	29	5800
XML-3/alignment_XML3-2500-0.01-8E-5-50-7.fa	XML-3	40	5800
XML-3/alignment_XML3-2500-0.01-8E-5-50-8.fa	XML-3	27	5800
XML-3/alignment_XML3-2500-0.01-8E-5-50-9.fa	XML-3	35	5800
XML-3/alignment_XML3-2500-0.02-12E-5-100-1.fa	XML-3	71	5800
XML-3/alignment_XML3-2500-0.02-12E-5-100-10.fa	XML-3	87	5800
XML-3/alignment_XML3-2500-0.02-12E-5-100-2.fa	XML-3	93	5800
XML-3/alignment_XML3-2500-0.02-12E-5-100-3.fa	XML-3	86	5800
XML-3/alignment_XML3-2500-0.02-12E-5-100-4.fa	XML-3	65	5800
XML-3/alignment_XML3-2500-0.02-12E-5-100-5.fa	XML-3	67	5800
XML-3/alignment_XML3-2500-0.02-12E-5-100-6.fa	XML-3	67	5800
XML-3/alignment_XML3-2500-0.02-12E-5-100-7.fa	XML-3	72	5800
XML-3/alignment_XML3-2500-0.02-12E-5-100-8.fa	XML-3	67	5800
XML-3/alignment_XML3-2500-0.02-12E-5-100-9.fa	XML-3	79	5800
XML-3/alignment_XML3-2500-0.02-12E-5-200-1.fa	XML-3	110	5800
XML-3/alignment_XML3-2500-0.02-12E-5-200-10.fa	XML-3	119	5800
XML-3/alignment_XML3-2500-0.02-12E-5-200-2.fa	XML-3	104	5800
XML-3/alignment_XML3-2500-0.02-12E-5-200-3.fa	XML-3	110	5800
XML-3/alignment_XML3-2500-0.02-12E-5-200-4.fa	XML-3	119	5800
XML-3/alignment_XML3-2500-0.02-12E-5-200-5.fa	XML-3	119	5800
XML-3/alignment_XML3-2500-0.02-12E-5-200-6.fa	XML-3	95	5800
XML-3/alignment_XML3-2500-0.02-12E-5-200-7.fa	XML-3	100	5800
XML-3/alignment_XML3-2500-0.02-12E-5-200-8.fa	XML-3	129	5800
XML-3/alignment_XML3-2500-0.02-12E-5-200-9.fa	XML-3	98	5800
XML-3/alignment_XML3-2500-0.02-12E-5-50-1.fa	XML-3	39	5800
XML-3/alignment_XML3-2500-0.02-12E-5-50-10.fa	XML-3	44	5800
XML-3/alignment_XML3-2500-0.02-12E-5-50-2.fa	XML-3	36	5800
XML-3/alignment_XML3-2500-0.02-12E-5-50-3.fa	XML-3	31	5800
XML-3/alignment_XML3-2500-0.02-12E-5-50-4.fa	XML-3	40	5800
XML-3/alignment_XML3-2500-0.02-12E-5-50-5.fa	XML-3	50	5800
XML-3/alignment_XML3-2500-0.02-12E-5-50-6.fa	XML-3	47	5800
XML-3/alignment_XML3-2500-0.02-12E-5-50-7.fa	XML-3	40	5800
XML-3/alignment_XML3-2500-0.02-12E-5-50-8.fa	XML-3	48	5800
XML-3/alignment_XML3-2500-0.02-12E-5-50-9.fa	XML-3	38	5800
XML-3/alignment_XML3-2500-0.02-4E-5-100-1.fa	XML-3	96	5800
XML-3/alignment_XML3-2500-0.02-4E-5-100-10.fa	XML-3	70	5800
XML-3/alignment_XML3-2500-0.02-4E-5-100-2.fa	XML-3	84	5800
XML-3/alignment_XML3-2500-0.02-4E-5-100-4.fa	XML-3	94	5800
XML-3/alignment_XML3-2500-0.02-4E-5-100-5.fa	XML-3	84	5800
XML-3/alignment_XML3-2500-0.02-4E-5-100-6.fa	XML-3	65	5800
XML-3/alignment_XML3-2500-0.02-4E-5-100-7.fa	XML-3	87	5800
XML-3/alignment_XML3-2500-0.02-4E-5-100-8.fa	XML-3	86	5800
XML-3/alignment_XML3-2500-0.02-4E-5-100-9.fa	XML-3	85	5800
XML-3/alignment_XML3-2500-0.02-4E-5-200-1.fa	XML-3	121	5800
XML-3/alignment_XML3-2500-0.02-4E-5-200-10.fa	XML-3	118	5800
XML-3/alignment_XML3-2500-0.02-4E-5-200-2.fa	XML-3	108	5800
XML-3/alignment_XML3-2500-0.02-4E-5-200-3.fa	XML-3	137	5800
XML-3/alignment_XML3-2500-0.02-4E-5-200-5.fa	XML-3	125	5800
XML-3/alignment_XML3-2500-0.02-4E-5-200-6.fa	XML-3	124	5800
XML-3/alignment_XML3-2500-0.02-4E-5-200-8.fa	XML-3	110	5800
XML-3/alignment_XML3-2500-0.02-4E-5-200-9.fa	XML-3	103	5800
XML-3/alignment_XML3-2500-0.02-4E-5-50-1.fa	XML-3	43	5800
XML-3/alignment_XML3-2500-0.02-4E-5-50-10.fa	XML-3	49	5800
XML-3/alignment_XML3-2500-0.02-4E-5-50-2.fa	XML-3	47	5800
XML-3/alignment_XML3-2500-0.02-4E-5-50-3.fa	XML-3	42	5800
XML-3/alignment_XML3-2500-0.02-4E-5-50-4.fa	XML-3	53	5800
XML-3/alignment_XML3-2500-0.02-4E-5-50-5.fa	XML-3	36	5800
XML-3/alignment_XML3-2500-0.02-4E-5-50-6.fa	XML-3	38	5800
XML-3/alignment_XML3-2500-0.02-4E-5-50-8.fa	XML-3	48	5800
XML-3/alignment_XML3-2500-0.02-4E-5-50-9.fa	XML-3	45	5800
XML-3/alignment_XML3-2500-0.02-8E-5-100-1.fa	XML-3	96	5800
XML-3/alignment_XML3-2500-0.02-8E-5-100-10.fa	XML-3	88	5800
XML-3/alignment_XML3-2500-0.02-8E-5-100-2.fa	XML-3	63	5800
XML-3/alignment_XML3-2500-0.02-8E-5-100-3.fa	XML-3	60	5800
XML-3/alignment_XML3-2500-0.02-8E-5-100-4.fa	XML-3	74	5800
XML-3/alignment_XML3-2500-0.02-8E-5-100-5.fa	XML-3	72	5800
XML-3/alignment_XML3-2500-0.02-8E-5-100-6.fa	XML-3	72	5800
XML-3/alignment_XML3-2500-0.02-8E-5-100-7.fa	XML-3	87	5800
XML-3/alignment_XML3-2500-0.02-8E-5-100-8.fa	XML-3	81	5800
XML-3/alignment_XML3-2500-0.02-8E-5-100-9.fa	XML-3	79	5800
XML-3/alignment_XML3-2500-0.02-8E-5-200-1.fa	XML-3	125	5800
XML-3/alignment_XML3-2500-0.02-8E-5-200-10.fa	XML-3	128	5800
XML-3/alignment_XML3-2500-0.02-8E-5-200-2.fa	XML-3	132	5800
XML-3/alignment_XML3-2500-0.02-8E-5-200-3.fa	XML-3	124	5800
XML-3/alignment_XML3-2500-0.02-8E-5-200-4.fa	XML-3	130	5800
XML-3/alignment_XML3-2500-0.02-8E-5-200-5.fa	XML-3	122	5800
XML-3/alignment_XML3-2500-0.02-8E-5-200-6.fa	XML-3	124	5800
XML-3/alignment_XML3-2500-0.02-8E-5-200-7.fa	XML-3	130	5800
XML-3/alignment_XML3-2500-0.02-8E-5-200-8.fa	XML-3	95	5800
XML-3/alignment_XML3-2500-0.02-8E-5-200-9.fa	XML-3	111	5800
XML-3/alignment_XML3-2500-0.02-8E-5-50-1.fa	XML-3	36	5800
XML-3/alignment_XML3-2500-0.02-8E-5-50-10.fa	XML-3	50	5800
XML-3/alignment_XML3-2500-0.02-8E-5-50-2.fa	XML-3	43	5800
XML-3/alignment_XML3-2500-0.02-8E-5-50-3.fa	XML-3	36	5800
XML-3/alignment_XML3-2500-0.02-8E-5-50-4.fa	XML-3	31	5800
XML-3/alignment_XML3-2500-0.02-8E-5-50-5.fa	XML-3	54	5800
XML-3/alignment_XML3-2500-0.02-8E-5-50-6.fa	XML-3	41	5800
XML-3/alignment_XML3-2500-0.02-8E-5-50-7.fa	XML-3	35	5800
XML-3/alignment_XML3-2500-0.02-8E-5-50-8.fa	XML-3	45	5800
XML-3/alignment_XML3-2500-0.02-8E-5-50-9.fa	XML-3	39	5800
XML-3/alignment_XML3-3250-0.005-12E-5-100-1.fa	XML-3	27	5800
XML-3/alignment_XML3-3250-0.005-12E-5-100-10.fa	XML-3	35	5800
XML-3/alignment_XML3-3250-0.005-12E-5-100-2.fa	XML-3	26	5800
XML-3/alignment_XML3-3250-0.005-12E-5-100-3.fa	XML-3	31	5800
XML-3/alignment_XML3-3250-0.005-12E-5-100-4.fa	XML-3	31	5800
XML-3/alignment_XML3-3250-0.005-12E-5-100-5.fa	XML-3	31	5800
XML-3/alignment_XML3-3250-0.005-12E-5-100-6.fa	XML-3	28	5800
XML-3/alignment_XML3-3250-0.005-12E-5-100-7.fa	XML-3	28	5800
XML-3/alignment_XML3-3250-0.005-12E-5-100-8.fa	XML-3	34	5800
XML-3/alignment_XML3-3250-0.005-12E-5-100-9.fa	XML-3	30	5800
XML-3/alignment_XML3-3250-0.005-12E-5-200-1.fa	XML-3	42	5800
XML-3/alignment_XML3-3250-0.005-12E-5-200-10.fa	XML-3	41	5800
XML-3/alignment_XML3-3250-0.005-12E-5-200-2.fa	XML-3	32	5800
XML-3/alignment_XML3-3250-0.005-12E-5-200-3.fa	XML-3	38	5800
XML-3/alignment_XML3-3250-0.005-12E-5-200-4.fa	XML-3	28	5800
XML-3/alignment_XML3-3250-0.005-12E-5-200-5.fa	XML-3	35	5800
XML-3/alignment_XML3-3250-0.005-12E-5-200-6.fa	XML-3	36	5800
XML-3/alignment_XML3-3250-0.005-12E-5-200-7.fa	XML-3	27	5800
XML-3/alignment_XML3-3250-0.005-12E-5-200-8.fa	XML-3	40	5800
XML-3/alignment_XML3-3250-0.005-12E-5-200-9.fa	XML-3	31	5800
XML-3/alignment_XML3-3250-0.005-12E-5-50-1.fa	XML-3	16	5800
XML-3/alignment_XML3-3250-0.005-12E-5-50-10.fa	XML-3	20	5800
XML-3/alignment_XML3-3250-0.005-12E-5-50-2.fa	XML-3	16	5800
XML-3/alignment_XML3-3250-0.005-12E-5-50-3.fa	XML-3	16	5800
XML-3/alignment_XML3-3250-0.005-12E-5-50-4.fa	XML-3	23	5800
XML-3/alignment_XML3-3250-0.005-12E-5-50-5.fa	XML-3	17	5800
XML-3/alignment_XML3-3250-0.005-12E-5-50-6.fa	XML-3	13	5800
XML-3/alignment_XML3-3250-0.005-12E-5-50-7.fa	XML-3	26	5800
XML-3/alignment_XML3-3250-0.005-12E-5-50-8.fa	XML-3	19	5800
XML-3/alignment_XML3-3250-0.005-12E-5-50-9.fa	XML-3	17	5800
XML-3/alignment_XML3-3250-0.005-4E-5-100-1.fa	XML-3	48	5800
XML-3/alignment_XML3-3250-0.005-4E-5-100-10.fa	XML-3	29	5800
XML-3/alignment_XML3-3250-0.005-4E-5-100-2.fa	XML-3	43	5800
XML-3/alignment_XML3-3250-0.005-4E-5-100-3.fa	XML-3	36	5800
XML-3/alignment_XML3-3250-0.005-4E-5-100-4.fa	XML-3	35	5800
XML-3/alignment_XML3-3250-0.005-4E-5-100-5.fa	XML-3	42	5800
XML-3/alignment_XML3-3250-0.005-4E-5-100-6.fa	XML-3	39	5800
XML-3/alignment_XML3-3250-0.005-4E-5-100-7.fa	XML-3	59	5800
XML-3/alignment_XML3-3250-0.005-4E-5-100-8.fa	XML-3	39	5800
XML-3/alignment_XML3-3250-0.005-4E-5-100-9.fa	XML-3	41	5800
XML-3/alignment_XML3-3250-0.005-4E-5-200-1.fa	XML-3	47	5800
XML-3/alignment_XML3-3250-0.005-4E-5-200-10.fa	XML-3	58	5800
XML-3/alignment_XML3-3250-0.005-4E-5-200-2.fa	XML-3	48	5800
XML-3/alignment_XML3-3250-0.005-4E-5-200-3.fa	XML-3	54	5800
XML-3/alignment_XML3-3250-0.005-4E-5-200-4.fa	XML-3	59	5800
XML-3/alignment_XML3-3250-0.005-4E-5-200-5.fa	XML-3	64	5800
XML-3/alignment_XML3-3250-0.005-4E-5-200-6.fa	XML-3	56	5800
XML-3/alignment_XML3-3250-0.005-4E-5-200-7.fa	XML-3	57	5800
XML-3/alignment_XML3-3250-0.005-4E-5-200-8.fa	XML-3	50	5800
XML-3/alignment_XML3-3250-0.005-4E-5-200-9.fa	XML-3	58	5800
XML-3/alignment_XML3-3250-0.005-4E-5-50-1.fa	XML-3	23	5800
XML-3/alignment_XML3-3250-0.005-4E-5-50-10.fa	XML-3	18	5800
XML-3/alignment_XML3-3250-0.005-4E-5-50-2.fa	XML-3	34	5800
XML-3/alignment_XML3-3250-0.005-4E-5-50-3.fa	XML-3	23	5800
XML-3/alignment_XML3-3250-0.005-4E-5-50-4.fa	XML-3	27	5800
XML-3/alignment_XML3-3250-0.005-4E-5-50-5.fa	XML-3	30	5800
XML-3/alignment_XML3-3250-0.005-4E-5-50-6.fa	XML-3	23	5800
XML-3/alignment_XML3-3250-0.005-4E-5-50-7.fa	XML-3	26	5800
XML-3/alignment_XML3-3250-0.005-4E-5-50-8.fa	XML-3	27	5800
XML-3/alignment_XML3-3250-0.005-4E-5-50-9.fa	XML-3	18	5800
XML-3/alignment_XML3-3250-0.005-8E-5-100-1.fa	XML-3	33	5800
XML-3/alignment_XML3-3250-0.005-8E-5-100-10.fa	XML-3	33	5800
XML-3/alignment_XML3-3250-0.005-8E-5-100-2.fa	XML-3	27	5800
XML-3/alignment_XML3-3250-0.005-8E-5-100-3.fa	XML-3	47	5800
XML-3/alignment_XML3-3250-0.005-8E-5-100-4.fa	XML-3	29	5800
XML-3/alignment_XML3-3250-0.005-8E-5-100-5.fa	XML-3	30	5800
XML-3/alignment_XML3-3250-0.005-8E-5-100-6.fa	XML-3	43	5800
XML-3/alignment_XML3-3250-0.005-8E-5-100-7.fa	XML-3	26	5800
XML-3/alignment_XML3-3250-0.005-8E-5-100-8.fa	XML-3	31	5800
XML-3/alignment_XML3-3250-0.005-8E-5-100-9.fa	XML-3	40	5800
XML-3/alignment_XML3-3250-0.005-8E-5-200-1.fa	XML-3	36	5800
XML-3/alignment_XML3-3250-0.005-8E-5-200-10.fa	XML-3	44	5800
XML-3/alignment_XML3-3250-0.005-8E-5-200-2.fa	XML-3	36	5800
XML-3/alignment_XML3-3250-0.005-8E-5-200-3.fa	XML-3	48	5800
XML-3/alignment_XML3-3250-0.005-8E-5-200-4.fa	XML-3	52	5800
XML-3/alignment_XML3-3250-0.005-8E-5-200-5.fa	XML-3	47	5800
XML-3/alignment_XML3-3250-0.005-8E-5-200-6.fa	XML-3	48	5800
XML-3/alignment_XML3-3250-0.005-8E-5-200-7.fa	XML-3	45	5800
XML-3/alignment_XML3-3250-0.005-8E-5-200-8.fa	XML-3	36	5800
XML-3/alignment_XML3-3250-0.005-8E-5-200-9.fa	XML-3	32	5800
XML-3/alignment_XML3-3250-0.005-8E-5-50-1.fa	XML-3	22	5800
XML-3/alignment_XML3-3250-0.005-8E-5-50-10.fa	XML-3	23	5800
XML-3/alignment_XML3-3250-0.005-8E-5-50-2.fa	XML-3	25	5800
XML-3/alignment_XML3-3250-0.005-8E-5-50-3.fa	XML-3	23	5800
XML-3/alignment_XML3-3250-0.005-8E-5-50-4.fa	XML-3	17	5800
XML-3/alignment_XML3-3250-0.005-8E-5-50-5.fa	XML-3	19	5800
XML-3/alignment_XML3-3250-0.005-8E-5-50-6.fa	XML-3	17	5800
XML-3/alignment_XML3-3250-0.005-8E-5-50-7.fa	XML-3	18	5800
XML-3/alignment_XML3-3250-0.005-8E-5-50-8.fa	XML-3	29	5800
XML-3/alignment_XML3-3250-0.005-8E-5-50-9.fa	XML-3	30	5800
XML-3/alignment_XML3-3250-0.01-12E-5-100-1.fa	XML-3	56	5800
XML-3/alignment_XML3-3250-0.01-12E-5-100-10.fa	XML-3	51	5800
XML-3/alignment_XML3-3250-0.01-12E-5-100-2.fa	XML-3	50	5800
XML-3/alignment_XML3-3250-0.01-12E-5-100-3.fa	XML-3	41	5800
XML-3/alignment_XML3-3250-0.01-12E-5-100-4.fa	XML-3	56	5800
XML-3/alignment_XML3-3250-0.01-12E-5-100-5.fa	XML-3	50	5800
XML-3/alignment_XML3-3250-0.01-12E-5-100-6.fa	XML-3	55	5800
XML-3/alignment_XML3-3250-0.01-12E-5-100-7.fa	XML-3	53	5800
XML-3/alignment_XML3-3250-0.01-12E-5-100-8.fa	XML-3	51	5800
XML-3/alignment_XML3-3250-0.01-12E-5-100-9.fa	XML-3	43	5800
XML-3/alignment_XML3-3250-0.01-12E-5-200-1.fa	XML-3	73	5800
XML-3/alignment_XML3-3250-0.01-12E-5-200-10.fa	XML-3	78	5800
XML-3/alignment_XML3-3250-0.01-12E-5-200-2.fa	XML-3	67	5800
XML-3/alignment_XML3-3250-0.01-12E-5-200-3.fa	XML-3	69	5800
XML-3/alignment_XML3-3250-0.01-12E-5-200-4.fa	XML-3	84	5800
XML-3/alignment_XML3-3250-0.01-12E-5-200-5.fa	XML-3	71	5800
XML-3/alignment_XML3-3250-0.01-12E-5-200-6.fa	XML-3	75	5800
XML-3/alignment_XML3-3250-0.01-12E-5-200-7.fa	XML-3	54	5800
XML-3/alignment_XML3-3250-0.01-12E-5-200-8.fa	XML-3	81	5800
XML-3/alignment_XML3-3250-0.01-12E-5-200-9.fa	XML-3	64	5800
XML-3/alignment_XML3-3250-0.01-12E-5-50-1.fa	XML-3	33	5800
XML-3/alignment_XML3-3250-0.01-12E-5-50-10.fa	XML-3	30	5800
XML-3/alignment_XML3-3250-0.01-12E-5-50-2.fa	XML-3	32	5800
XML-3/alignment_XML3-3250-0.01-12E-5-50-3.fa	XML-3	34	5800
XML-3/alignment_XML3-3250-0.01-12E-5-50-4.fa	XML-3	29	5800
XML-3/alignment_XML3-3250-0.01-12E-5-50-5.fa	XML-3	39	5800
XML-3/alignment_XML3-3250-0.01-12E-5-50-6.fa	XML-3	37	5800
XML-3/alignment_XML3-3250-0.01-12E-5-50-7.fa	XML-3	27	5800
XML-3/alignment_XML3-3250-0.01-12E-5-50-8.fa	XML-3	27	5800
XML-3/alignment_XML3-3250-0.01-12E-5-50-9.fa	XML-3	34	5800
XML-3/alignment_XML3-3250-0.01-4E-5-100-1.fa	XML-3	59	5800
XML-3/alignment_XML3-3250-0.01-4E-5-100-10.fa	XML-3	63	5800
XML-3/alignment_XML3-3250-0.01-4E-5-100-2.fa	XML-3	69	5800
XML-3/alignment_XML3-3250-0.01-4E-5-100-3.fa	XML-3	63	5800
XML-3/alignment_XML3-3250-0.01-4E-5-100-4.fa	XML-3	72	5800
XML-3/alignment_XML3-3250-0.01-4E-5-100-5.fa	XML-3	70	5800
XML-3/alignment_XML3-3250-0.01-4E-5-100-6.fa	XML-3	75	5800
XML-3/alignment_XML3-3250-0.01-4E-5-100-7.fa	XML-3	52	5800
XML-3/alignment_XML3-3250-0.01-4E-5-100-8.fa	XML-3	70	5800
XML-3/alignment_XML3-3250-0.01-4E-5-100-9.fa	XML-3	60	5800
XML-3/alignment_XML3-3250-0.01-4E-5-200-1.fa	XML-3	113	5800
XML-3/alignment_XML3-3250-0.01-4E-5-200-10.fa	XML-3	96	5800
XML-3/alignment_XML3-3250-0.01-4E-5-200-2.fa	XML-3	89	5800
XML-3/alignment_XML3-3250-0.01-4E-5-200-3.fa	XML-3	99	5800
XML-3/alignment_XML3-3250-0.01-4E-5-200-4.fa	XML-3	106	5800
XML-3/alignment_XML3-3250-0.01-4E-5-200-5.fa	XML-3	97	5800
XML-3/alignment_XML3-3250-0.01-4E-5-200-6.fa	XML-3	83	5800
XML-3/alignment_XML3-3250-0.01-4E-5-200-7.fa	XML-3	84	5800
XML-3/alignment_XML3-3250-0.01-4E-5-200-8.fa	XML-3	99	5800
XML-3/alignment_XML3-3250-0.01-4E-5-200-9.fa	XML-3	92	5800
XML-3/alignment_XML3-3250-0.01-4E-5-50-1.fa	XML-3	47	5800
XML-3/alignment_XML3-3250-0.01-4E-5-50-10.fa	XML-3	38	5800
XML-3/alignment_XML3-3250-0.01-4E-5-50-2.fa	XML-3	45	5800
XML-3/alignment_XML3-3250-0.01-4E-5-50-3.fa	XML-3	43	5800
XML-3/alignment_XML3-3250-0.01-4E-5-50-4.fa	XML-3	44	5800
XML-3/alignment_XML3-3250-0.01-4E-5-50-5.fa	XML-3	41	5800
XML-3/alignment_XML3-3250-0.01-4E-5-50-6.fa	XML-3	40	5800
XML-3/alignment_XML3-3250-0.01-4E-5-50-7.fa	XML-3	41	5800
XML-3/alignment_XML3-3250-0.01-4E-5-50-8.fa	XML-3	38	5800
XML-3/alignment_XML3-3250-0.01-4E-5-50-9.fa	XML-3	44	5800
XML-3/alignment_XML3-3250-0.01-8E-5-100-1.fa	XML-3	58	5800
XML-3/alignment_XML3-3250-0.01-8E-5-100-10.fa	XML-3	46	5800
XML-3/alignment_XML3-3250-0.01-8E-5-100-2.fa	XML-3	67	5800
XML-3/alignment_XML3-3250-0.01-8E-5-100-3.fa	XML-3	61	5800
XML-3/alignment_XML3-3250-0.01-8E-5-100-4.fa	XML-3	64	5800
XML-3/alignment_XML3-3250-0.01-8E-5-100-5.fa	XML-3	70	5800
XML-3/alignment_XML3-3250-0.01-8E-5-100-6.fa	XML-3	52	5800
XML-3/alignment_XML3-3250-0.01-8E-5-100-7.fa	XML-3	59	5800
XML-3/alignment_XML3-3250-0.01-8E-5-100-8.fa	XML-3	55	5800
XML-3/alignment_XML3-3250-0.01-8E-5-100-9.fa	XML-3	56	5800
XML-3/alignment_XML3-3250-0.01-8E-5-200-1.fa	XML-3	86	5800
XML-3/alignment_XML3-3250-0.01-8E-5-200-10.fa	XML-3	86	5800
XML-3/alignment_XML3-3250-0.01-8E-5-200-2.fa	XML-3	78	5800
XML-3/alignment_XML3-3250-0.01-8E-5-200-3.fa	XML-3	113	5800
XML-3/alignment_XML3-3250-0.01-8E-5-200-4.fa	XML-3	80	5800
XML-3/alignment_XML3-3250-0.01-8E-5-200-5.fa	XML-3	100	5800
XML-3/alignment_XML3-3250-0.01-8E-5-200-6.fa	XML-3	73	5800
XML-3/alignment_XML3-3250-0.01-8E-5-200-7.fa	XML-3	85	5800
XML-3/alignment_XML3-3250-0.01-8E-5-200-8.fa	XML-3	82	5800
XML-3/alignment_XML3-3250-0.01-8E-5-200-9.fa	XML-3	81	5800
XML-3/alignment_XML3-3250-0.01-8E-5-50-1.fa	XML-3	42	5800
XML-3/alignment_XML3-3250-0.01-8E-5-50-10.fa	XML-3	34	5800
XML-3/alignment_XML3-3250-0.01-8E-5-50-2.fa	XML-3	35	5800
XML-3/alignment_XML3-3250-0.01-8E-5-50-3.fa	XML-3	34	5800
XML-3/alignment_XML3-3250-0.01-8E-5-50-4.fa	XML-3	38	5800
XML-3/alignment_XML3-3250-0.01-8E-5-50-5.fa	XML-3	31	5800
XML-3/alignment_XML3-3250-0.01-8E-5-50-6.fa	XML-3	31	5800
XML-3/alignment_XML3-3250-0.01-8E-5-50-7.fa	XML-3	41	5800
XML-3/alignment_XML3-3250-0.01-8E-5-50-8.fa	XML-3	23	5800
XML-3/alignment_XML3-3250-0.01-8E-5-50-9.fa	XML-3	34	5800
XML-3/alignment_XML3-3250-0.02-12E-5-100-1.fa	XML-3	77	5800
XML-3/alignment_XML3-3250-0.02-12E-5-100-10.fa	XML-3	76	5800
XML-3/alignment_XML3-3250-0.02-12E-5-100-2.fa	XML-3	73	5800
XML-3/alignment_XML3-3250-0.02-12E-5-100-3.fa	XML-3	74	5800
XML-3/alignment_XML3-3250-0.02-12E-5-100-4.fa	XML-3	79	5800
XML-3/alignment_XML3-3250-0.02-12E-5-100-5.fa	XML-3	69	5800
XML-3/alignment_XML3-3250-0.02-12E-5-100-6.fa	XML-3	83	5800
XML-3/alignment_XML3-3250-0.02-12E-5-100-7.fa	XML-3	53	5800
XML-3/alignment_XML3-3250-0.02-12E-5-100-9.fa	XML-3	78	5800
XML-3/alignment_XML3-3250-0.02-12E-5-200-1.fa	XML-3	106	5800
XML-3/alignment_XML3-3250-0.02-12E-5-200-10.fa	XML-3	129	5800
XML-3/alignment_XML3-3250-0.02-12E-5-200-2.fa	XML-3	121	5800
XML-3/alignment_XML3-3250-0.02-12E-5-200-3.fa	XML-3	103	5800
XML-3/alignment_XML3-3250-0.02-12E-5-200-5.fa	XML-3	133	5800
XML-3/alignment_XML3-3250-0.02-12E-5-200-6.fa	XML-3	133	5800
XML-3/alignment_XML3-3250-0.02-12E-5-200-8.fa	XML-3	122	5800
XML-3/alignment_XML3-3250-0.02-12E-5-200-9.fa	XML-3	89	5800
XML-3/alignment_XML3-3250-0.02-12E-5-50-1.fa	XML-3	53	5800
XML-3/alignment_XML3-3250-0.02-12E-5-50-10.fa	XML-3	42	5800
XML-3/alignment_XML3-3250-0.02-12E-5-50-2.fa	XML-3	43	5800
XML-3/alignment_XML3-3250-0.02-12E-5-50-3.fa	XML-3	44	5800
XML-3/alignment_XML3-3250-0.02-12E-5-50-4.fa	XML-3	43	5800
XML-3/alignment_XML3-3250-0.02-12E-5-50-5.fa	XML-3	28	5800
XML-3/alignment_XML3-3250-0.02-12E-5-50-6.fa	XML-3	46	5800
XML-3/alignment_XML3-3250-0.02-12E-5-50-7.fa	XML-3	40	5800
XML-3/alignment_XML3-3250-0.02-12E-5-50-9.fa	XML-3	38	5800
XML-3/alignment_XML3-3250-0.02-4E-5-100-3.fa	XML-3	95	5800
XML-3/alignment_XML3-3250-0.02-4E-5-100-5.fa	XML-3	75	5800
XML-3/alignment_XML3-3250-0.02-4E-5-100-8.fa	XML-3	83	5800
XML-3/alignment_XML3-3250-0.02-4E-5-100-9.fa	XML-3	85	5800
XML-3/alignment_XML3-3250-0.02-4E-5-200-1.fa	XML-3	134	5800
XML-3/alignment_XML3-3250-0.02-4E-5-200-10.fa	XML-3	141	5800
XML-3/alignment_XML3-3250-0.02-4E-5-200-6.fa	XML-3	144	5800
XML-3/alignment_XML3-3250-0.02-4E-5-200-8.fa	XML-3	127	5800
XML-3/alignment_XML3-3250-0.02-4E-5-50-10.fa	XML-3	46	5800
XML-3/alignment_XML3-3250-0.02-4E-5-50-2.fa	XML-3	42	5800
XML-3/alignment_XML3-3250-0.02-4E-5-50-4.fa	XML-3	55	5800
XML-3/alignment_XML3-3250-0.02-4E-5-50-6.fa	XML-3	52	5800
XML-3/alignment_XML3-3250-0.02-8E-5-100-1.fa	XML-3	78	5800
XML-3/alignment_XML3-3250-0.02-8E-5-100-10.fa	XML-3	79	5800
XML-3/alignment_XML3-3250-0.02-8E-5-100-2.fa	XML-3	79	5800
XML-3/alignment_XML3-3250-0.02-8E-5-100-5.fa	XML-3	75	5800
XML-3/alignment_XML3-3250-0.02-8E-5-100-6.fa	XML-3	77	5800
XML-3/alignment_XML3-3250-0.02-8E-5-100-8.fa	XML-3	79	5800
XML-3/alignment_XML3-3250-0.02-8E-5-200-10.fa	XML-3	111	5800
XML-3/alignment_XML3-3250-0.02-8E-5-200-2.fa	XML-3	117	5800
XML-3/alignment_XML3-3250-0.02-8E-5-200-3.fa	XML-3	139	5800
XML-3/alignment_XML3-3250-0.02-8E-5-200-4.fa	XML-3	121	5800
XML-3/alignment_XML3-3250-0.02-8E-5-200-5.fa	XML-3	122	5800
XML-3/alignment_XML3-3250-0.02-8E-5-50-2.fa	XML-3	54	5800
XML-3/alignment_XML3-3250-0.02-8E-5-50-4.fa	XML-3	47	5800
XML-3/alignment_XML3-3250-0.02-8E-5-50-6.fa	XML-3	43	5800
XML-3/alignment_XML3-3250-0.02-8E-5-50-7.fa	XML-3	47	5800
XML-3/alignment_XML3-3250-0.02-8E-5-50-9.fa	XML-3	36	5800
XML-3/alignment_XML3-4000-0.005-12E-5-100-1.fa	XML-3	17	5800
XML-3/alignment_XML3-4000-0.005-12E-5-100-10.fa	XML-3	17	4905
XML-3/alignment_XML3-4000-0.005-12E-5-100-2.fa	XML-3	35	5800
XML-3/alignment_XML3-4000-0.005-12E-5-100-3.fa	XML-3	39	5800
XML-3/alignment_XML3-4000-0.005-12E-5-100-4.fa	XML-3	31	5800
XML-3/alignment_XML3-4000-0.005-12E-5-100-5.fa	XML-3	27	5800
XML-3/alignment_XML3-4000-0.005-12E-5-100-6.fa	XML-3	30	5800
XML-3/alignment_XML3-4000-0.005-12E-5-100-7.fa	XML-3	25	5800
XML-3/alignment_XML3-4000-0.005-12E-5-100-8.fa	XML-3	27	5800
XML-3/alignment_XML3-4000-0.005-12E-5-100-9.fa	XML-3	35	5800
XML-3/alignment_XML3-4000-0.005-12E-5-200-1.fa	XML-3	49	5800
XML-3/alignment_XML3-4000-0.005-12E-5-200-10.fa	XML-3	35	5800
XML-3/alignment_XML3-4000-0.005-12E-5-200-2.fa	XML-3	41	5800
XML-3/alignment_XML3-4000-0.005-12E-5-200-3.fa	XML-3	46	5800
XML-3/alignment_XML3-4000-0.005-12E-5-200-4.fa	XML-3	41	5800
XML-3/alignment_XML3-4000-0.005-12E-5-200-5.fa	XML-3	35	5800
XML-3/alignment_XML3-4000-0.005-12E-5-200-6.fa	XML-3	51	5800
XML-3/alignment_XML3-4000-0.005-12E-5-200-7.fa	XML-3	42	5800
XML-3/alignment_XML3-4000-0.005-12E-5-200-8.fa	XML-3	39	5800
XML-3/alignment_XML3-4000-0.005-12E-5-200-9.fa	XML-3	48	5800
XML-3/alignment_XML3-4000-0.005-12E-5-50-1.fa	XML-3	23	5800
XML-3/alignment_XML3-4000-0.005-12E-5-50-10.fa	XML-3	19	5800
XML-3/alignment_XML3-4000-0.005-12E-5-50-2.fa	XML-3	20	5800
XML-3/alignment_XML3-4000-0.005-12E-5-50-3.fa	XML-3	22	5800
XML-3/alignment_XML3-4000-0.005-12E-5-50-4.fa	XML-3	12	5800
XML-3/alignment_XML3-4000-0.005-12E-5-50-5.fa	XML-3	18	5800
XML-3/alignment_XML3-4000-0.005-12E-5-50-6.fa	XML-3	22	5800
XML-3/alignment_XML3-4000-0.005-12E-5-50-7.fa	XML-3	24	5800
XML-3/alignment_XML3-4000-0.005-12E-5-50-8.fa	XML-3	13	5800
XML-3/alignment_XML3-4000-0.005-12E-5-50-9.fa	XML-3	21	5800
XML-3/alignment_XML3-4000-0.005-4E-5-100-1.fa	XML-3	35	5800
XML-3/alignment_XML3-4000-0.005-4E-5-100-10.fa	XML-3	36	5800
XML-3/alignment_XML3-4000-0.005-4E-5-100-2.fa	XML-3	39	5800
XML-3/alignment_XML3-4000-0.005-4E-5-100-3.fa	XML-3	53	5800
XML-3/alignment_XML3-4000-0.005-4E-5-100-4.fa	XML-3	36	5800
XML-3/alignment_XML3-4000-0.005-4E-5-100-5.fa	XML-3	43	5800
XML-3/alignment_XML3-4000-0.005-4E-5-100-6.fa	XML-3	50	5800
XML-3/alignment_XML3-4000-0.005-4E-5-100-7.fa	XML-3	54	5800
XML-3/alignment_XML3-4000-0.005-4E-5-100-8.fa	XML-3	51	5800
XML-3/alignment_XML3-4000-0.005-4E-5-100-9.fa	XML-3	50	5800
XML-3/alignment_XML3-4000-0.005-4E-5-200-1.fa	XML-3	65	5800
XML-3/alignment_XML3-4000-0.005-4E-5-200-10.fa	XML-3	74	5800
XML-3/alignment_XML3-4000-0.005-4E-5-200-2.fa	XML-3	69	5800
XML-3/alignment_XML3-4000-0.005-4E-5-200-3.fa	XML-3	63	5800
XML-3/alignment_XML3-4000-0.005-4E-5-200-4.fa	XML-3	54	5800
XML-3/alignment_XML3-4000-0.005-4E-5-200-5.fa	XML-3	59	5800
XML-3/alignment_XML3-4000-0.005-4E-5-200-6.fa	XML-3	66	5800
XML-3/alignment_XML3-4000-0.005-4E-5-200-7.fa	XML-3	57	5800
XML-3/alignment_XML3-4000-0.005-4E-5-200-8.fa	XML-3	65	5800
XML-3/alignment_XML3-4000-0.005-4E-5-200-9.fa	XML-3	51	5800
XML-3/alignment_XML3-4000-0.005-4E-5-50-1.fa	XML-3	27	5800
XML-3/alignment_XML3-4000-0.005-4E-5-50-10.fa	XML-3	31	5800
XML-3/alignment_XML3-4000-0.005-4E-5-50-2.fa	XML-3	28	5800
XML-3/alignment_XML3-4000-0.005-4E-5-50-3.fa	XML-3	25	5800
XML-3/alignment_XML3-4000-0.005-4E-5-50-4.fa	XML-3	23	5800
XML-3/alignment_XML3-4000-0.005-4E-5-50-5.fa	XML-3	34	5800
XML-3/alignment_XML3-4000-0.005-4E-5-50-6.fa	XML-3	33	5800
XML-3/alignment_XML3-4000-0.005-4E-5-50-7.fa	XML-3	28	5800
XML-3/alignment_XML3-4000-0.005-4E-5-50-8.fa	XML-3	26	5800
XML-3/alignment_XML3-4000-0.005-4E-5-50-9.fa	XML-3	33	5800
XML-3/alignment_XML3-4000-0.005-8E-5-100-1.fa	XML-3	41	5800
XML-3/alignment_XML3-4000-0.005-8E-5-100-10.fa	XML-3	29	5800
XML-3/alignment_XML3-4000-0.005-8E-5-100-2.fa	XML-3	31	5800
XML-3/alignment_XML3-4000-0.005-8E-5-100-3.fa	XML-3	45	5800
XML-3/alignment_XML3-4000-0.005-8E-5-100-4.fa	XML-3	27	5800
XML-3/alignment_XML3-4000-0.005-8E-5-100-5.fa	XML-3	41	5800
XML-3/alignment_XML3-4000-0.005-8E-5-100-6.fa	XML-3	19	5800
XML-3/alignment_XML3-4000-0.005-8E-5-100-7.fa	XML-3	21	5800
XML-3/alignment_XML3-4000-0.005-8E-5-100-8.fa	XML-3	42	5800
XML-3/alignment_XML3-4000-0.005-8E-5-100-9.fa	XML-3	47	5800
XML-3/alignment_XML3-4000-0.005-8E-5-200-1.fa	XML-3	45	5800
XML-3/alignment_XML3-4000-0.005-8E-5-200-10.fa	XML-3	36	5800
XML-3/alignment_XML3-4000-0.005-8E-5-200-2.fa	XML-3	52	5800
XML-3/alignment_XML3-4000-0.005-8E-5-200-3.fa	XML-3	51	5800
XML-3/alignment_XML3-4000-0.005-8E-5-200-4.fa	XML-3	37	5800
XML-3/alignment_XML3-4000-0.005-8E-5-200-5.fa	XML-3	55	5800
XML-3/alignment_XML3-4000-0.005-8E-5-200-6.fa	XML-3	33	5800
XML-3/alignment_XML3-4000-0.005-8E-5-200-7.fa	XML-3	37	5800
XML-3/alignment_XML3-4000-0.005-8E-5-200-8.fa	XML-3	69	5800
XML-3/alignment_XML3-4000-0.005-8E-5-200-9.fa	XML-3	51	5800
XML-3/alignment_XML3-4000-0.005-8E-5-50-1.fa	XML-3	21	5800
XML-3/alignment_XML3-4000-0.005-8E-5-50-10.fa	XML-3	19	5800
XML-3/alignment_XML3-4000-0.005-8E-5-50-2.fa	XML-3	14	5800
XML-3/alignment_XML3-4000-0.005-8E-5-50-3.fa	XML-3	31	5800
XML-3/alignment_XML3-4000-0.005-8E-5-50-4.fa	XML-3	22	5800
XML-3/alignment_XML3-4000-0.005-8E-5-50-5.fa	XML-3	23	5800
XML-3/alignment_XML3-4000-0.005-8E-5-50-6.fa	XML-3	24	5800
XML-3/alignment_XML3-4000-0.005-8E-5-50-7.fa	XML-3	26	5800
XML-3/alignment_XML3-4000-0.005-8E-5-50-8.fa	XML-3	28	5800
XML-3/alignment_XML3-4000-0.005-8E-5-50-9.fa	XML-3	25	5800
XML-3/alignment_XML3-4000-0.01-12E-5-100-1.fa	XML-3	34	5800
XML-3/alignment_XML3-4000-0.01-12E-5-100-10.fa	XML-3	41	5800
XML-3/alignment_XML3-4000-0.01-12E-5-100-2.fa	XML-3	47	5800
XML-3/alignment_XML3-4000-0.01-12E-5-100-3.fa	XML-3	62	5800
XML-3/alignment_XML3-4000-0.01-12E-5-100-4.fa	XML-3	53	5800
XML-3/alignment_XML3-4000-0.01-12E-5-100-5.fa	XML-3	58	5800
XML-3/alignment_XML3-4000-0.01-12E-5-100-6.fa	XML-3	53	5800
XML-3/alignment_XML3-4000-0.01-12E-5-100-7.fa	XML-3	52	5800
XML-3/alignment_XML3-4000-0.01-12E-5-100-8.fa	XML-3	53	5800
XML-3/alignment_XML3-4000-0.01-12E-5-100-9.fa	XML-3	51	5800
XML-3/alignment_XML3-4000-0.01-12E-5-200-1.fa	XML-3	83	5800
XML-3/alignment_XML3-4000-0.01-12E-5-200-10.fa	XML-3	87	5800
XML-3/alignment_XML3-4000-0.01-12E-5-200-2.fa	XML-3	88	5800
XML-3/alignment_XML3-4000-0.01-12E-5-200-3.fa	XML-3	60	5800
XML-3/alignment_XML3-4000-0.01-12E-5-200-4.fa	XML-3	100	5800
XML-3/alignment_XML3-4000-0.01-12E-5-200-5.fa	XML-3	68	5800
XML-3/alignment_XML3-4000-0.01-12E-5-200-6.fa	XML-3	68	5800
XML-3/alignment_XML3-4000-0.01-12E-5-200-7.fa	XML-3	64	5800
XML-3/alignment_XML3-4000-0.01-12E-5-200-8.fa	XML-3	80	5800
XML-3/alignment_XML3-4000-0.01-12E-5-200-9.fa	XML-3	75	5800
XML-3/alignment_XML3-4000-0.01-12E-5-50-1.fa	XML-3	33	5800
XML-3/alignment_XML3-4000-0.01-12E-5-50-10.fa	XML-3	38	5800
XML-3/alignment_XML3-4000-0.01-12E-5-50-2.fa	XML-3	36	5800
XML-3/alignment_XML3-4000-0.01-12E-5-50-3.fa	XML-3	38	5800
XML-3/alignment_XML3-4000-0.01-12E-5-50-4.fa	XML-3	38	5800
XML-3/alignment_XML3-4000-0.01-12E-5-50-5.fa	XML-3	37	5800
XML-3/alignment_XML3-4000-0.01-12E-5-50-6.fa	XML-3	40	5800
XML-3/alignment_XML3-4000-0.01-12E-5-50-7.fa	XML-3	35	5800
XML-3/alignment_XML3-4000-0.01-12E-5-50-8.fa	XML-3	31	5800
XML-3/alignment_XML3-4000-0.01-12E-5-50-9.fa	XML-3	34	5800
XML-3/alignment_XML3-4000-0.01-4E-5-100-1.fa	XML-3	76	5800
XML-3/alignment_XML3-4000-0.01-4E-5-100-10.fa	XML-3	80	5800
XML-3/alignment_XML3-4000-0.01-4E-5-100-2.fa	XML-3	62	5800
XML-3/alignment_XML3-4000-0.01-4E-5-100-3.fa	XML-3	73	5800
XML-3/alignment_XML3-4000-0.01-4E-5-100-4.fa	XML-3	61	5800
XML-3/alignment_XML3-4000-0.01-4E-5-100-5.fa	XML-3	72	5800
XML-3/alignment_XML3-4000-0.01-4E-5-100-6.fa	XML-3	77	5800
XML-3/alignment_XML3-4000-0.01-4E-5-100-7.fa	XML-3	71	5800
XML-3/alignment_XML3-4000-0.01-4E-5-100-8.fa	XML-3	59	5800
XML-3/alignment_XML3-4000-0.01-4E-5-100-9.fa	XML-3	78	5800
XML-3/alignment_XML3-4000-0.01-4E-5-200-1.fa	XML-3	99	5800
XML-3/alignment_XML3-4000-0.01-4E-5-200-10.fa	XML-3	75	5800
XML-3/alignment_XML3-4000-0.01-4E-5-200-2.fa	XML-3	84	5800
XML-3/alignment_XML3-4000-0.01-4E-5-200-3.fa	XML-3	91	5800
XML-3/alignment_XML3-4000-0.01-4E-5-200-4.fa	XML-3	96	5800
XML-3/alignment_XML3-4000-0.01-4E-5-200-5.fa	XML-3	105	5800
XML-3/alignment_XML3-4000-0.01-4E-5-200-6.fa	XML-3	95	5800
XML-3/alignment_XML3-4000-0.01-4E-5-200-7.fa	XML-3	104	5800
XML-3/alignment_XML3-4000-0.01-4E-5-200-8.fa	XML-3	122	5800
XML-3/alignment_XML3-4000-0.01-4E-5-200-9.fa	XML-3	94	5800
XML-3/alignment_XML3-4000-0.01-4E-5-50-1.fa	XML-3	30	5800
XML-3/alignment_XML3-4000-0.01-4E-5-50-10.fa	XML-3	38	5800
XML-3/alignment_XML3-4000-0.01-4E-5-50-2.fa	XML-3	38	5800
XML-3/alignment_XML3-4000-0.01-4E-5-50-3.fa	XML-3	51	5800
XML-3/alignment_XML3-4000-0.01-4E-5-50-4.fa	XML-3	52	5800
XML-3/alignment_XML3-4000-0.01-4E-5-50-5.fa	XML-3	44	5800
XML-3/alignment_XML3-4000-0.01-4E-5-50-6.fa	XML-3	37	5800
XML-3/alignment_XML3-4000-0.01-4E-5-50-7.fa	XML-3	50	5800
XML-3/alignment_XML3-4000-0.01-4E-5-50-8.fa	XML-3	40	5800
XML-3/alignment_XML3-4000-0.01-4E-5-50-9.fa	XML-3	42	5800
XML-3/alignment_XML3-4000-0.01-8E-5-100-1.fa	XML-3	54	5800
XML-3/alignment_XML3-4000-0.01-8E-5-100-10.fa	XML-3	64	5800
XML-3/alignment_XML3-4000-0.01-8E-5-100-2.fa	XML-3	70	5800
XML-3/alignment_XML3-4000-0.01-8E-5-100-3.fa	XML-3	60	5800
XML-3/alignment_XML3-4000-0.01-8E-5-100-4.fa	XML-3	65	5800
XML-3/alignment_XML3-4000-0.01-8E-5-100-5.fa	XML-3	44	5800
XML-3/alignment_XML3-4000-0.01-8E-5-100-6.fa	XML-3	64	5800
XML-3/alignment_XML3-4000-0.01-8E-5-100-7.fa	XML-3	39	5800
XML-3/alignment_XML3-4000-0.01-8E-5-100-8.fa	XML-3	57	5800
XML-3/alignment_XML3-4000-0.01-8E-5-100-9.fa	XML-3	58	5800
XML-3/alignment_XML3-4000-0.01-8E-5-200-1.fa	XML-3	102	5800
XML-3/alignment_XML3-4000-0.01-8E-5-200-10.fa	XML-3	77	5800
XML-3/alignment_XML3-4000-0.01-8E-5-200-2.fa	XML-3	72	5800
XML-3/alignment_XML3-4000-0.01-8E-5-200-3.fa	XML-3	92	5800
XML-3/alignment_XML3-4000-0.01-8E-5-200-4.fa	XML-3	90	5800
XML-3/alignment_XML3-4000-0.01-8E-5-200-5.fa	XML-3	81	5800
XML-3/alignment_XML3-4000-0.01-8E-5-200-6.fa	XML-3	91	5800
XML-3/alignment_XML3-4000-0.01-8E-5-200-7.fa	XML-3	67	5800
XML-3/alignment_XML3-4000-0.01-8E-5-200-8.fa	XML-3	75	5800
XML-3/alignment_XML3-4000-0.01-8E-5-200-9.fa	XML-3	59	5800
XML-3/alignment_XML3-4000-0.01-8E-5-50-1.fa	XML-3	37	5800
XML-3/alignment_XML3-4000-0.01-8E-5-50-10.fa	XML-3	39	5800
XML-3/alignment_XML3-4000-0.01-8E-5-50-2.fa	XML-3	33	5800
XML-3/alignment_XML3-4000-0.01-8E-5-50-3.fa	XML-3	30	5800
XML-3/alignment_XML3-4000-0.01-8E-5-50-4.fa	XML-3	40	5800
XML-3/alignment_XML3-4000-0.01-8E-5-50-5.fa	XML-3	37	5800
XML-3/alignment_XML3-4000-0.01-8E-5-50-6.fa	XML-3	46	5800
XML-3/alignment_XML3-4000-0.01-8E-5-50-7.fa	XML-3	31	5800
XML-3/alignment_XML3-4000-0.01-8E-5-50-8.fa	XML-3	39	5800
XML-3/alignment_XML3-4000-0.01-8E-5-50-9.fa	XML-3	42	5800
XML-3/alignment_XML3-4000-0.02-12E-5-100-2.fa	XML-3	96	5800
XML-3/alignment_XML3-4000-0.02-12E-5-100-5.fa	XML-3	99	5800
XML-3/alignment_XML3-4000-0.02-12E-5-100-6.fa	XML-3	79	5800
XML-3/alignment_XML3-4000-0.02-12E-5-100-7.fa	XML-3	67	5800
XML-3/alignment_XML3-4000-0.02-12E-5-100-9.fa	XML-3	76	5800
XML-3/alignment_XML3-4000-0.02-12E-5-200-1.fa	XML-3	139	5800
XML-3/alignment_XML3-4000-0.02-12E-5-200-2.fa	XML-3	118	5800
XML-3/alignment_XML3-4000-0.02-12E-5-200-4.fa	XML-3	112	5800
XML-3/alignment_XML3-4000-0.02-12E-5-200-8.fa	XML-3	117	5800
XML-3/alignment_XML3-4000-0.02-12E-5-200-9.fa	XML-3	125	5800
XML-3/alignment_XML3-4000-0.02-12E-5-50-3.fa	XML-3	46	5800
XML-3/alignment_XML3-4000-0.02-12E-5-50-4.fa	XML-3	62	5800
XML-3/alignment_XML3-4000-0.02-12E-5-50-5.fa	XML-3	50	5800
XML-3/alignment_XML3-4000-0.02-12E-5-50-9.fa	XML-3	52	5800
XML-3/alignment_XML3-4000-0.02-4E-5-100-10.fa	XML-3	98	5800
XML-3/alignment_XML3-4000-0.02-4E-5-100-4.fa	XML-3	88	5800
XML-3/alignment_XML3-4000-0.02-4E-5-100-5.fa	XML-3	80	5800
XML-3/alignment_XML3-4000-0.02-4E-5-100-6.fa	XML-3	101	5800
XML-3/alignment_XML3-4000-0.02-4E-5-200-4.fa	XML-3	146	5800
XML-3/alignment_XML3-4000-0.02-4E-5-200-5.fa	XML-3	143	5800
XML-3/alignment_XML3-4000-0.02-4E-5-200-6.fa	XML-3	114	5800
XML-3/alignment_XML3-4000-0.02-4E-5-200-9.fa	XML-3	156	5800
XML-3/alignment_XML3-4000-0.02-4E-5-50-10.fa	XML-3	58	5800
XML-3/alignment_XML3-4000-0.02-4E-5-50-4.fa	XML-3	61	5800
XML-3/alignment_XML3-4000-0.02-4E-5-50-5.fa	XML-3	51	5800
XML-3/alignment_XML3-4000-0.02-4E-5-50-8.fa	XML-3	57	5800
XML-3/alignment_XML3-4000-0.02-8E-5-100-3.fa	XML-3	102	5800
XML-3/alignment_XML3-4000-0.02-8E-5-100-4.fa	XML-3	84	5800
XML-3/alignment_XML3-4000-0.02-8E-5-100-5.fa	XML-3	87	5800
XML-3/alignment_XML3-4000-0.02-8E-5-100-7.fa	XML-3	74	5800
XML-3/alignment_XML3-4000-0.02-8E-5-200-10.fa	XML-3	159	5800
XML-3/alignment_XML3-4000-0.02-8E-5-200-3.fa	XML-3	139	5800
XML-3/alignment_XML3-4000-0.02-8E-5-200-5.fa	XML-3	151	5800
XML-3/alignment_XML3-4000-0.02-8E-5-200-6.fa	XML-3	137	5800
XML-3/alignment_XML3-4000-0.02-8E-5-50-3.fa	XML-3	53	5800
XML-3/alignment_XML3-4000-0.02-8E-5-50-4.fa	XML-3	41	5800
XML-3/alignment_XML3-4000-0.02-8E-5-50-5.fa	XML-3	46	5800
XML-3/alignment_XML3-4000-0.02-8E-5-50-7.fa	XML-3	65	5800
XML-4/alignment_XML4-2500-0.005-12E-5-100-1-1.fa	XML-4	13	19025
XML-4/alignment_XML4-2500-0.005-12E-5-100-1-2.fa	XML-4	10	19025
XML-4/alignment_XML4-2500-0.005-12E-5-100-2-1.fa	XML-4	6	19025
XML-4/alignment_XML4-2500-0.005-12E-5-100-2-2.fa	XML-4	10	19025
XML-4/alignment_XML4-2500-0.005-12E-5-100-3-1.fa	XML-4	7	18225
XML-4/alignment_XML4-2500-0.005-12E-5-100-3-2.fa	XML-4	15	19025
XML-4/alignment_XML4-2500-0.005-12E-5-100-4-1.fa	XML-4	17	19025
XML-4/alignment_XML4-2500-0.005-12E-5-100-4-2.fa	XML-4	8	19025
XML-4/alignment_XML4-2500-0.005-12E-5-100-5-1.fa	XML-4	14	19025
XML-4/alignment_XML4-2500-0.005-12E-5-100-5-2.fa	XML-4	11	19025
XML-4/alignment_XML4-2500-0.005-12E-5-200-1-1.fa	XML-4	11	19025
XML-4/alignment_XML4-2500-0.005-12E-5-200-1-2.fa	XML-4	9	19025
XML-4/alignment_XML4-2500-0.005-12E-5-200-2-1.fa	XML-4	5	19025
XML-4/alignment_XML4-2500-0.005-12E-5-200-2-2.fa	XML-4	9	19025
XML-4/alignment_XML4-2500-0.005-12E-5-200-3-1.fa	XML-4	15	19025
XML-4/alignment_XML4-2500-0.005-12E-5-200-3-2.fa	XML-4	15	19025
XML-4/alignment_XML4-2500-0.005-12E-5-200-4-1.fa	XML-4	9	19025
XML-4/alignment_XML4-2500-0.005-12E-5-200-4-2.fa	XML-4	9	19025
XML-4/alignment_XML4-2500-0.005-12E-5-200-5-1.fa	XML-4	17	19025
XML-4/alignment_XML4-2500-0.005-12E-5-200-5-2.fa	XML-4	14	19025
XML-4/alignment_XML4-2500-0.005-12E-5-50-1-1.fa	XML-4	8	19025
XML-4/alignment_XML4-2500-0.005-12E-5-50-1-2.fa	XML-4	8	19025
XML-4/alignment_XML4-2500-0.005-12E-5-50-2-1.fa	XML-4	11	19025
XML-4/alignment_XML4-2500-0.005-12E-5-50-2-2.fa	XML-4	11	19025
XML-4/alignment_XML4-2500-0.005-12E-5-50-3-1.fa	XML-4	5	19025
XML-4/alignment_XML4-2500-0.005-12E-5-50-3-2.fa	XML-4	6	19025
XML-4/alignment_XML4-2500-0.005-12E-5-50-4-1.fa	XML-4	10	19025
XML-4/alignment_XML4-2500-0.005-12E-5-50-4-2.fa	XML-4	8	19025
XML-4/alignment_XML4-2500-0.005-12E-5-50-5-1.fa	XML-4	11	19025
XML-4/alignment_XML4-2500-0.005-12E-5-50-5-2.fa	XML-4	8	19025
XML-4/alignment_XML4-2500-0.005-4E-5-100-1-1.fa	XML-4	11	19025
XML-4/alignment_XML4-2500-0.005-4E-5-100-1-2.fa	XML-4	14	19025
XML-4/alignment_XML4-2500-0.005-4E-5-100-2-1.fa	XML-4	15	19025
XML-4/alignment_XML4-2500-0.005-4E-5-100-2-2.fa	XML-4	5	18144
XML-4/alignment_XML4-2500-0.005-4E-5-100-3-1.fa	XML-4	9	19025
XML-4/alignment_XML4-2500-0.005-4E-5-100-3-2.fa	XML-4	9	19025
XML-4/alignment_XML4-2500-0.005-4E-5-100-4-1.fa	XML-4	6	19025
XML-4/alignment_XML4-2500-0.005-4E-5-100-4-2.fa	XML-4	14	19025
XML-4/alignment_XML4-2500-0.005-4E-5-100-5-1.fa	XML-4	10	19025
XML-4/alignment_XML4-2500-0.005-4E-5-100-5-2.fa	XML-4	3	19025
XML-4/alignment_XML4-2500-0.005-4E-5-200-1-1.fa	XML-4	11	19025
XML-4/alignment_XML4-2500-0.005-4E-5-200-1-2.fa	XML-4	11	19025
XML-4/alignment_XML4-2500-0.005-4E-5-200-2-1.fa	XML-4	9	19025
XML-4/alignment_XML4-2500-0.005-4E-5-200-2-2.fa	XML-4	7	19025
XML-4/alignment_XML4-2500-0.005-4E-5-200-3-1.fa	XML-4	18	19025
XML-4/alignment_XML4-2500-0.005-4E-5-200-3-2.fa	XML-4	4	9108
XML-4/alignment_XML4-2500-0.005-4E-5-200-4-1.fa	XML-4	11	19025
XML-4/alignment_XML4-2500-0.005-4E-5-200-4-2.fa	XML-4	11	19025
XML-4/alignment_XML4-2500-0.005-4E-5-200-5-1.fa	XML-4	11	19025
XML-4/alignment_XML4-2500-0.005-4E-5-200-5-2.fa	XML-4	7	19025
XML-4/alignment_XML4-2500-0.005-4E-5-50-1-1.fa	XML-4	7	19025
XML-4/alignment_XML4-2500-0.005-4E-5-50-1-2.fa	XML-4	8	19025
XML-4/alignment_XML4-2500-0.005-4E-5-50-2-1.fa	XML-4	9	19025
XML-4/alignment_XML4-2500-0.005-4E-5-50-2-2.fa	XML-4	6	19025
XML-4/alignment_XML4-2500-0.005-4E-5-50-3-1.fa	XML-4	6	14490
XML-4/alignment_XML4-2500-0.005-4E-5-50-3-2.fa	XML-4	4	19025
XML-4/alignment_XML4-2500-0.005-4E-5-50-4-1.fa	XML-4	8	19025
XML-4/alignment_XML4-2500-0.005-4E-5-50-4-2.fa	XML-4	14	19025
XML-4/alignment_XML4-2500-0.005-4E-5-50-5-1.fa	XML-4	7	19025
XML-4/alignment_XML4-2500-0.005-4E-5-50-5-2.fa	XML-4	10	19025
XML-4/alignment_XML4-2500-0.005-8E-5-100-1-1.fa	XML-4	11	19025
XML-4/alignment_XML4-2500-0.005-8E-5-100-1-2.fa	XML-4	14	19025
XML-4/alignment_XML4-2500-0.005-8E-5-100-2-1.fa	XML-4	5	18396
XML-4/alignment_XML4-2500-0.005-8E-5-100-2-2.fa	XML-4	12	19025
XML-4/alignment_XML4-2500-0.005-8E-5-100-3-1.fa	XML-4	11	19025
XML-4/alignment_XML4-2500-0.005-8E-5-100-3-2.fa	XML-4	11	19025
XML-4/alignment_XML4-2500-0.005-8E-5-100-4-1.fa	XML-4	12	19025
XML-4/alignment_XML4-2500-0.005-8E-5-100-4-2.fa	XML-4	13	19025
XML-4/alignment_XML4-2500-0.005-8E-5-100-5-1.fa	XML-4	13	19025
XML-4/alignment_XML4-2500-0.005-8E-5-100-5-2.fa	XML-4	16	19025
XML-4/alignment_XML4-2500-0.005-8E-5-200-1-1.fa	XML-4	11	19025
XML-4/alignment_XML4-2500-0.005-8E-5-200-1-2.fa	XML-4	11	19025
XML-4/alignment_XML4-2500-0.005-8E-5-200-2-1.fa	XML-4	25	19025
XML-4/alignment_XML4-2500-0.005-8E-5-200-2-2.fa	XML-4	9	19025
XML-4/alignment_XML4-2500-0.005-8E-5-200-3-1.fa	XML-4	13	19025
XML-4/alignment_XML4-2500-0.005-8E-5-200-3-2.fa	XML-4	5	19025
XML-4/alignment_XML4-2500-0.005-8E-5-200-4-1.fa	XML-4	13	19025
XML-4/alignment_XML4-2500-0.005-8E-5-200-4-2.fa	XML-4	14	19025
XML-4/alignment_XML4-2500-0.005-8E-5-200-5-1.fa	XML-4	11	19025
XML-4/alignment_XML4-2500-0.005-8E-5-200-5-2.fa	XML-4	6	19025
XML-4/alignment_XML4-2500-0.005-8E-5-50-1-1.fa	XML-4	9	19025
XML-4/alignment_XML4-2500-0.005-8E-5-50-1-2.fa	XML-4	5	19025
XML-4/alignment_XML4-2500-0.005-8E-5-50-2-1.fa	XML-4	7	19025
XML-4/alignment_XML4-2500-0.005-8E-5-50-2-2.fa	XML-4	7	19025
XML-4/alignment_XML4-2500-0.005-8E-5-50-3-1.fa	XML-4	4	15054
XML-4/alignment_XML4-2500-0.005-8E-5-50-3-2.fa	XML-4	12	19025
XML-4/alignment_XML4-2500-0.005-8E-5-50-4-2.fa	XML-4	12	19025
XML-4/alignment_XML4-2500-0.005-8E-5-50-5-1.fa	XML-4	9	18183
XML-4/alignment_XML4-2500-0.005-8E-5-50-5-2.fa	XML-4	11	19025
XML-4/alignment_XML4-2500-0.01-12E-5-100-1-1.fa	XML-4	19	19025
XML-4/alignment_XML4-2500-0.01-12E-5-100-1-2.fa	XML-4	32	19025
XML-4/alignment_XML4-2500-0.01-12E-5-100-2-1.fa	XML-4	14	18351
XML-4/alignment_XML4-2500-0.01-12E-5-100-2-2.fa	XML-4	22	19025
XML-4/alignment_XML4-2500-0.01-12E-5-100-3-1.fa	XML-4	22	19025
XML-4/alignment_XML4-2500-0.01-12E-5-100-3-2.fa	XML-4	18	19025
XML-4/alignment_XML4-2500-0.01-12E-5-100-4-1.fa	XML-4	18	19025
XML-4/alignment_XML4-2500-0.01-12E-5-100-4-2.fa	XML-4	20	19025
XML-4/alignment_XML4-2500-0.01-12E-5-100-5-1.fa	XML-4	13	19025
XML-4/alignment_XML4-2500-0.01-12E-5-100-5-2.fa	XML-4	16	19025
XML-4/alignment_XML4-2500-0.01-12E-5-200-1-1.fa	XML-4	17	19025
XML-4/alignment_XML4-2500-0.01-12E-5-200-1-2.fa	XML-4	15	19025
XML-4/alignment_XML4-2500-0.01-12E-5-200-2-1.fa	XML-4	26	19025
XML-4/alignment_XML4-2500-0.01-12E-5-200-2-2.fa	XML-4	25	19025
XML-4/alignment_XML4-2500-0.01-12E-5-200-3-1.fa	XML-4	20	19025
XML-4/alignment_XML4-2500-0.01-12E-5-200-3-2.fa	XML-4	22	19025
XML-4/alignment_XML4-2500-0.01-12E-5-200-4-1.fa	XML-4	21	19025
XML-4/alignment_XML4-2500-0.01-12E-5-200-4-2.fa	XML-4	26	19025
XML-4/alignment_XML4-2500-0.01-12E-5-200-5-1.fa	XML-4	21	19025
XML-4/alignment_XML4-2500-0.01-12E-5-200-5-2.fa	XML-4	21	19025
XML-4/alignment_XML4-2500-0.01-12E-5-50-1-1.fa	XML-4	11	19025
XML-4/alignment_XML4-2500-0.01-12E-5-50-1-2.fa	XML-4	20	19025
XML-4/alignment_XML4-2500-0.01-12E-5-50-2-1.fa	XML-4	13	19025
XML-4/alignment_XML4-2500-0.01-12E-5-50-2-2.fa	XML-4	11	19025
XML-4/alignment_XML4-2500-0.01-12E-5-50-3-1.fa	XML-4	4	17520
XML-4/alignment_XML4-2500-0.01-12E-5-50-3-2.fa	XML-4	11	19025
XML-4/alignment_XML4-2500-0.01-12E-5-50-4-1.fa	XML-4	8	19025
XML-4/alignment_XML4-2500-0.01-12E-5-50-4-2.fa	XML-4	8	19025
XML-4/alignment_XML4-2500-0.01-12E-5-50-5-1.fa	XML-4	13	18534
XML-4/alignment_XML4-2500-0.01-12E-5-50-5-2.fa	XML-4	13	19025
XML-4/alignment_XML4-2500-0.01-4E-5-100-1-1.fa	XML-4	17	19025
XML-4/alignment_XML4-2500-0.01-4E-5-100-1-2.fa	XML-4	13	19025
XML-4/alignment_XML4-2500-0.01-4E-5-100-2-1.fa	XML-4	11	19025
XML-4/alignment_XML4-2500-0.01-4E-5-100-2-2.fa	XML-4	15	19025
XML-4/alignment_XML4-2500-0.01-4E-5-100-3-1.fa	XML-4	13	19025
XML-4/alignment_XML4-2500-0.01-4E-5-100-3-2.fa	XML-4	8	19025
XML-4/alignment_XML4-2500-0.01-4E-5-100-4-1.fa	XML-4	17	19025
XML-4/alignment_XML4-2500-0.01-4E-5-100-4-2.fa	XML-4	18	19025
XML-4/alignment_XML4-2500-0.01-4E-5-100-5-1.fa	XML-4	11	19025
XML-4/alignment_XML4-2500-0.01-4E-5-100-5-2.fa	XML-4	6	19025
XML-4/alignment_XML4-2500-0.01-4E-5-200-1-1.fa	XML-4	10	19025
XML-4/alignment_XML4-2500-0.01-4E-5-200-1-2.fa	XML-4	21	19025
XML-4/alignment_XML4-2500-0.01-4E-5-200-2-1.fa	XML-4	21	19025
XML-4/alignment_XML4-2500-0.01-4E-5-200-2-2.fa	XML-4	17	19025
XML-4/alignment_XML4-2500-0.01-4E-5-200-3-1.fa	XML-4	17	19025
XML-4/alignment_XML4-2500-0.01-4E-5-200-3-2.fa	XML-4	8	18930
XML-4/alignment_XML4-2500-0.01-4E-5-200-4-1.fa	XML-4	14	19025
XML-4/alignment_XML4-2500-0.01-4E-5-200-4-2.fa	XML-4	7	19025
XML-4/alignment_XML4-2500-0.01-4E-5-200-5-1.fa	XML-4	22	19025
XML-4/alignment_XML4-2500-0.01-4E-5-200-5-2.fa	XML-4	26	19025
XML-4/alignment_XML4-2500-0.01-4E-5-50-1-1.fa	XML-4	11	19025
XML-4/alignment_XML4-2500-0.01-4E-5-50-1-2.fa	XML-4	12	19025
XML-4/alignment_XML4-2500-0.01-4E-5-50-2-1.fa	XML-4	22	19025
XML-4/alignment_XML4-2500-0.01-4E-5-50-2-2.fa	XML-4	9	19025
XML-4/alignment_XML4-2500-0.01-4E-5-50-3-1.fa	XML-4	11	19025
XML-4/alignment_XML4-2500-0.01-4E-5-50-3-2.fa	XML-4	13	19025
XML-4/alignment_XML4-2500-0.01-4E-5-50-4-1.fa	XML-4	9	19025
XML-4/alignment_XML4-2500-0.01-4E-5-50-4-2.fa	XML-4	7	18387
XML-4/alignment_XML4-2500-0.01-4E-5-50-5-1.fa	XML-4	8	19025
XML-4/alignment_XML4-2500-0.01-4E-5-50-5-2.fa	XML-4	20	19025
XML-4/alignment_XML4-2500-0.01-8E-5-100-1-1.fa	XML-4	20	19025
XML-4/alignment_XML4-2500-0.01-8E-5-100-1-2.fa	XML-4	25	19025
XML-4/alignment_XML4-2500-0.01-8E-5-100-2-1.fa	XML-4	13	19025
XML-4/alignment_XML4-2500-0.01-8E-5-100-2-2.fa	XML-4	26	19025
XML-4/alignment_XML4-2500-0.01-8E-5-100-3-1.fa	XML-4	10	19025
XML-4/alignment_XML4-2500-0.01-8E-5-100-3-2.fa	XML-4	31	19025
XML-4/alignment_XML4-2500-0.01-8E-5-100-4-1.fa	XML-4	18	19025
XML-4/alignment_XML4-2500-0.01-8E-5-100-4-2.fa	XML-4	22	19025
XML-4/alignment_XML4-2500-0.01-8E-5-100-5-1.fa	XML-4	11	18291
XML-4/alignment_XML4-2500-0.01-8E-5-100-5-2.fa	XML-4	20	19025
XML-4/alignment_XML4-2500-0.01-8E-5-200-1-1.fa	XML-4	25	19025
XML-4/alignment_XML4-2500-0.01-8E-5-200-1-2.fa	XML-4	25	19025
XML-4/alignment_XML4-2500-0.01-8E-5-200-2-1.fa	XML-4	16	19025
XML-4/alignment_XML4-2500-0.01-8E-5-200-2-2.fa	XML-4	12	19025
XML-4/alignment_XML4-2500-0.01-8E-5-200-3-1.fa	XML-4	18	19025
XML-4/alignment_XML4-2500-0.01-8E-5-200-3-2.fa	XML-4	13	19025
XML-4/alignment_XML4-2500-0.01-8E-5-200-4-1.fa	XML-4	18	19025
XML-4/alignment_XML4-2500-0.01-8E-5-200-4-2.fa	XML-4	21	19025
XML-4/alignment_XML4-2500-0.01-8E-5-200-5-1.fa	XML-4	40	19025
XML-4/alignment_XML4-2500-0.01-8E-5-200-5-2.fa	XML-4	20	19025
XML-4/alignment_XML4-2500-0.01-8E-5-50-1-1.fa	XML-4	16	19025
XML-4/alignment_XML4-2500-0.01-8E-5-50-1-2.fa	XML-4	10	19025
XML-4/alignment_XML4-2500-0.01-8E-5-50-2-1.fa	XML-4	15	19025
XML-4/alignment_XML4-2500-0.01-8E-5-50-2-2.fa	XML-4	8	19025
XML-4/alignment_XML4-2500-0.01-8E-5-50-3-1.fa	XML-4	17	19025
XML-4/alignment_XML4-2500-0.01-8E-5-50-3-2.fa	XML-4	15	19025
XML-4/alignment_XML4-2500-0.01-8E-5-50-4-1.fa	XML-4	19	19025
XML-4/alignment_XML4-2500-0.01-8E-5-50-4-2.fa	XML-4	18	19025
XML-4/alignment_XML4-2500-0.01-8E-5-50-5-1.fa	XML-4	13	19025
XML-4/alignment_XML4-2500-0.01-8E-5-50-5-2.fa	XML-4	13	19025
XML-4/alignment_XML4-2500-0.02-12E-5-100-1-1.fa	XML-4	28	19025
XML-4/alignment_XML4-2500-0.02-12E-5-100-1-2.fa	XML-4	24	19025
XML-4/alignment_XML4-2500-0.02-12E-5-100-2-1.fa	XML-4	41	19025
XML-4/alignment_XML4-2500-0.02-12E-5-100-2-2.fa	XML-4	25	19025
XML-4/alignment_XML4-2500-0.02-12E-5-100-3-1.fa	XML-4	23	19025
XML-4/alignment_XML4-2500-0.02-12E-5-100-3-2.fa	XML-4	33	19025
XML-4/alignment_XML4-2500-0.02-12E-5-100-4-1.fa	XML-4	33	19025
XML-4/alignment_XML4-2500-0.02-12E-5-100-4-2.fa	XML-4	26	19025
XML-4/alignment_XML4-2500-0.02-12E-5-100-5-1.fa	XML-4	22	19025
XML-4/alignment_XML4-2500-0.02-12E-5-100-5-2.fa	XML-4	28	19025
XML-4/alignment_XML4-2500-0.02-12E-5-200-1-1.fa	XML-4	38	19025
XML-4/alignment_XML4-2500-0.02-12E-5-200-1-2.fa	XML-4	46	19025
XML-4/alignment_XML4-2500-0.02-12E-5-200-2-1.fa	XML-4	26	19025
XML-4/alignment_XML4-2500-0.02-12E-5-200-2-2.fa	XML-4	37	19025
XML-4/alignment_XML4-2500-0.02-12E-5-200-3-1.fa	XML-4	42	19025
XML-4/alignment_XML4-2500-0.02-12E-5-200-3-2.fa	XML-4	21	19025
XML-4/alignment_XML4-2500-0.02-12E-5-200-4-1.fa	XML-4	38	19025
XML-4/alignment_XML4-2500-0.02-12E-5-200-4-2.fa	XML-4	44	19025
XML-4/alignment_XML4-2500-0.02-12E-5-200-5-1.fa	XML-4	51	19025
XML-4/alignment_XML4-2500-0.02-12E-5-200-5-2.fa	XML-4	34	19025
XML-4/alignment_XML4-2500-0.02-12E-5-50-1-1.fa	XML-4	23	19025
XML-4/alignment_XML4-2500-0.02-12E-5-50-1-2.fa	XML-4	17	19025
XML-4/alignment_XML4-2500-0.02-12E-5-50-2-1.fa	XML-4	44	19025
XML-4/alignment_XML4-2500-0.02-12E-5-50-2-2.fa	XML-4	19	19025
XML-4/alignment_XML4-2500-0.02-12E-5-50-3-1.fa	XML-4	17	19025
XML-4/alignment_XML4-2500-0.02-12E-5-50-3-2.fa	XML-4	24	19025
XML-4/alignment_XML4-2500-0.02-12E-5-50-4-1.fa	XML-4	18	19025
XML-4/alignment_XML4-2500-0.02-12E-5-50-4-2.fa	XML-4	20	19025
XML-4/alignment_XML4-2500-0.02-12E-5-50-5-1.fa	XML-4	18	19025
XML-4/alignment_XML4-2500-0.02-12E-5-50-5-2.fa	XML-4	28	19025
XML-4/alignment_XML4-2500-0.02-4E-5-100-1-1.fa	XML-4	27	19025
XML-4/alignment_XML4-2500-0.02-4E-5-100-1-2.fa	XML-4	17	19025
XML-4/alignment_XML4-2500-0.02-4E-5-100-2-1.fa	XML-4	29	19025
XML-4/alignment_XML4-2500-0.02-4E-5-100-2-2.fa	XML-4	24	19025
XML-4/alignment_XML4-2500-0.02-4E-5-100-3-1.fa	XML-4	27	19025
XML-4/alignment_XML4-2500-0.02-4E-5-100-3-2.fa	XML-4	21	19025
XML-4/alignment_XML4-2500-0.02-4E-5-100-4-1.fa	XML-4	14	19025
XML-4/alignment_XML4-2500-0.02-4E-5-100-4-2.fa	XML-4	30	19025
XML-4/alignment_XML4-2500-0.02-4E-5-100-5-1.fa	XML-4	24	19025
XML-4/alignment_XML4-2500-0.02-4E-5-100-5-2.fa	XML-4	18	19025
XML-4/alignment_XML4-2500-0.02-4E-5-200-1-1.fa	XML-4	29	19025
XML-4/alignment_XML4-2500-0.02-4E-5-200-1-2.fa	XML-4	49	19025
XML-4/alignment_XML4-2500-0.02-4E-5-200-2-1.fa	XML-4	32	19025
XML-4/alignment_XML4-2500-0.02-4E-5-200-2-2.fa	XML-4	32	19025
XML-4/alignment_XML4-2500-0.02-4E-5-200-3-1.fa	XML-4	45	19025
XML-4/alignment_XML4-2500-0.02-4E-5-200-3-2.fa	XML-4	28	19025
XML-4/alignment_XML4-2500-0.02-4E-5-200-4-1.fa	XML-4	25	19025
XML-4/alignment_XML4-2500-0.02-4E-5-200-4-2.fa	XML-4	26	19025
XML-4/alignment_XML4-2500-0.02-4E-5-200-5-1.fa	XML-4	35	19025
XML-4/alignment_XML4-2500-0.02-4E-5-200-5-2.fa	XML-4	32	19025
XML-4/alignment_XML4-2500-0.02-4E-5-50-1-1.fa	XML-4	8	19025
XML-4/alignment_XML4-2500-0.02-4E-5-50-1-2.fa	XML-4	21	19025
XML-4/alignment_XML4-2500-0.02-4E-5-50-2-1.fa	XML-4	13	19025
XML-4/alignment_XML4-2500-0.02-4E-5-50-2-2.fa	XML-4	12	19025
XML-4/alignment_XML4-2500-0.02-4E-5-50-3-1.fa	XML-4	10	19025
XML-4/alignment_XML4-2500-0.02-4E-5-50-3-2.fa	XML-4	23	19025
XML-4/alignment_XML4-2500-0.02-4E-5-50-4-1.fa	XML-4	14	19025
XML-4/alignment_XML4-2500-0.02-4E-5-50-4-2.fa	XML-4	16	19025
XML-4/alignment_XML4-2500-0.02-4E-5-50-5-1.fa	XML-4	15	19025
XML-4/alignment_XML4-2500-0.02-4E-5-50-5-2.fa	XML-4	14	19025
XML-4/alignment_XML4-2500-0.02-8E-5-100-1-1.fa	XML-4	28	19025
XML-4/alignment_XML4-2500-0.02-8E-5-100-1-2.fa	XML-4	15	19025
XML-4/alignment_XML4-2500-0.02-8E-5-100-2-1.fa	XML-4	18	19025
XML-4/alignment_XML4-2500-0.02-8E-5-100-2-2.fa	XML-4	21	19025
XML-4/alignment_XML4-2500-0.02-8E-5-100-3-1.fa	XML-4	23	19025
XML-4/alignment_XML4-2500-0.02-8E-5-100-3-2.fa	XML-4	18	19025
XML-4/alignment_XML4-2500-0.02-8E-5-100-4-1.fa	XML-4	23	19025
XML-4/alignment_XML4-2500-0.02-8E-5-100-4-2.fa	XML-4	17	19025
XML-4/alignment_XML4-2500-0.02-8E-5-100-5-1.fa	XML-4	26	19025
XML-4/alignment_XML4-2500-0.02-8E-5-100-5-2.fa	XML-4	30	19025
XML-4/alignment_XML4-2500-0.02-8E-5-200-1-1.fa	XML-4	32	19025
XML-4/alignment_XML4-2500-0.02-8E-5-200-1-2.fa	XML-4	42	19025
XML-4/alignment_XML4-2500-0.02-8E-5-200-2-1.fa	XML-4	30	19025
XML-4/alignment_XML4-2500-0.02-8E-5-200-2-2.fa	XML-4	44	19025
XML-4/alignment_XML4-2500-0.02-8E-5-200-3-1.fa	XML-4	41	19025
XML-4/alignment_XML4-2500-0.02-8E-5-200-3-2.fa	XML-4	39	19025
XML-4/alignment_XML4-2500-0.02-8E-5-200-4-1.fa	XML-4	49	19025
XML-4/alignment_XML4-2500-0.02-8E-5-200-4-2.fa	XML-4	39	19025
XML-4/alignment_XML4-2500-0.02-8E-5-200-5-1.fa	XML-4	26	19025
XML-4/alignment_XML4-2500-0.02-8E-5-200-5-2.fa	XML-4	43	19025
XML-4/alignment_XML4-2500-0.02-8E-5-50-1-1.fa	XML-4	22	19025
XML-4/alignment_XML4-2500-0.02-8E-5-50-1-2.fa	XML-4	15	19025
XML-4/alignment_XML4-2500-0.02-8E-5-50-2-1.fa	XML-4	22	19025
XML-4/alignment_XML4-2500-0.02-8E-5-50-2-2.fa	XML-4	14	19025
XML-4/alignment_XML4-2500-0.02-8E-5-50-3-1.fa	XML-4	19	19025
XML-4/alignment_XML4-2500-0.02-8E-5-50-3-2.fa	XML-4	11	19025
XML-4/alignment_XML4-2500-0.02-8E-5-50-4-1.fa	XML-4	18	19025
XML-4/alignment_XML4-2500-0.02-8E-5-50-4-2.fa	XML-4	21	19025
XML-4/alignment_XML4-2500-0.02-8E-5-50-5-1.fa	XML-4	14	19025
XML-4/alignment_XML4-2500-0.02-8E-5-50-5-2.fa	XML-4	14	19025
XML-4/alignment_XML4-3250-0.005-12E-5-100-1-1.fa	XML-4	9	17988
XML-4/alignment_XML4-3250-0.005-12E-5-100-1-2.fa	XML-4	13	19025
XML-4/alignment_XML4-3250-0.005-12E-5-100-1-3.fa	XML-4	15	19025
XML-4/alignment_XML4-3250-0.005-12E-5-100-2-1.fa	XML-4	12	19025
XML-4/alignment_XML4-3250-0.005-12E-5-100-2-2.fa	XML-4	7	19025
XML-4/alignment_XML4-3250-0.005-12E-5-100-2-3.fa	XML-4	12	19025
XML-4/alignment_XML4-3250-0.005-12E-5-100-3-1.fa	XML-4	8	19025
XML-4/alignment_XML4-3250-0.005-12E-5-100-3-2.fa	XML-4	18	19025
XML-4/alignment_XML4-3250-0.005-12E-5-100-3-3.fa	XML-4	9	19025
XML-4/alignment_XML4-3250-0.005-12E-5-100-4-1.fa	XML-4	8	19025
XML-4/alignment_XML4-3250-0.005-12E-5-100-4-2.fa	XML-4	10	19025
XML-4/alignment_XML4-3250-0.005-12E-5-100-4-3.fa	XML-4	7	19025
XML-4/alignment_XML4-3250-0.005-12E-5-100-5-1.fa	XML-4	15	19025
XML-4/alignment_XML4-3250-0.005-12E-5-100-5-2.fa	XML-4	7	19025
XML-4/alignment_XML4-3250-0.005-12E-5-100-5-3.fa	XML-4	13	19025
XML-4/alignment_XML4-3250-0.005-12E-5-200-1-1.fa	XML-4	11	18792
XML-4/alignment_XML4-3250-0.005-12E-5-200-1-2.fa	XML-4	18	19025
XML-4/alignment_XML4-3250-0.005-12E-5-200-1-3.fa	XML-4	7	18504
XML-4/alignment_XML4-3250-0.005-12E-5-200-2-1.fa	XML-4	14	19025
XML-4/alignment_XML4-3250-0.005-12E-5-200-2-2.fa	XML-4	8	19025
XML-4/alignment_XML4-3250-0.005-12E-5-200-2-3.fa	XML-4	15	19025
XML-4/alignment_XML4-3250-0.005-12E-5-200-3-1.fa	XML-4	18	19025
XML-4/alignment_XML4-3250-0.005-12E-5-200-3-2.fa	XML-4	10	19025
XML-4/alignment_XML4-3250-0.005-12E-5-200-3-3.fa	XML-4	5	19025
XML-4/alignment_XML4-3250-0.005-12E-5-200-4-1.fa	XML-4	11	19025
XML-4/alignment_XML4-3250-0.005-12E-5-200-4-2.fa	XML-4	16	19025
XML-4/alignment_XML4-3250-0.005-12E-5-200-4-3.fa	XML-4	7	19025
XML-4/alignment_XML4-3250-0.005-12E-5-200-5-1.fa	XML-4	10	19025
XML-4/alignment_XML4-3250-0.005-12E-5-200-5-2.fa	XML-4	19	19025
XML-4/alignment_XML4-3250-0.005-12E-5-200-5-3.fa	XML-4	22	19025
XML-4/alignment_XML4-3250-0.005-12E-5-50-1-1.fa	XML-4	7	19025
XML-4/alignment_XML4-3250-0.005-12E-5-50-1-2.fa	XML-4	9	19025
XML-4/alignment_XML4-3250-0.005-12E-5-50-1-3.fa	XML-4	11	19025
XML-4/alignment_XML4-3250-0.005-12E-5-50-2-1.fa	XML-4	9	19025
XML-4/alignment_XML4-3250-0.005-12E-5-50-2-2.fa	XML-4	6	19025
XML-4/alignment_XML4-3250-0.005-12E-5-50-2-3.fa	XML-4	6	19025
XML-4/alignment_XML4-3250-0.005-12E-5-50-3-1.fa	XML-4	7	19025
XML-4/alignment_XML4-3250-0.005-12E-5-50-3-2.fa	XML-4	4	15585
XML-4/alignment_XML4-3250-0.005-12E-5-50-3-3.fa	XML-4	11	19025
XML-4/alignment_XML4-3250-0.005-12E-5-50-4-1.fa	XML-4	10	19025
XML-4/alignment_XML4-3250-0.005-12E-5-50-4-2.fa	XML-4	14	19025
XML-4/alignment_XML4-3250-0.005-12E-5-50-4-3.fa	XML-4	11	19025
XML-4/alignment_XML4-3250-0.005-12E-5-50-5-1.fa	XML-4	16	19025
XML-4/alignment_XML4-3250-0.005-12E-5-50-5-2.fa	XML-4	6	16401
XML-4/alignment_XML4-3250-0.005-12E-5-50-5-3.fa	XML-4	10	19025
XML-4/alignment_XML4-3250-0.005-4E-5-100-1-1.fa	XML-4	8	19025
XML-4/alignment_XML4-3250-0.005-4E-5-100-1-2.fa	XML-4	11	19025
XML-4/alignment_XML4-3250-0.005-4E-5-100-1-3.fa	XML-4	15	19025
XML-4/alignment_XML4-3250-0.005-4E-5-100-2-1.fa	XML-4	5	19025
XML-4/alignment_XML4-3250-0.005-4E-5-100-2-2.fa	XML-4	12	19025
XML-4/alignment_XML4-3250-0.005-4E-5-100-2-3.fa	XML-4	9	19025
XML-4/alignment_XML4-3250-0.005-4E-5-100-3-1.fa	XML-4	6	18768
XML-4/alignment_XML4-3250-0.005-4E-5-100-3-2.fa	XML-4	6	19025
XML-4/alignment_XML4-3250-0.005-4E-5-100-3-3.fa	XML-4	14	19025
XML-4/alignment_XML4-3250-0.005-4E-5-100-4-1.fa	XML-4	17	19025
XML-4/alignment_XML4-3250-0.005-4E-5-100-4-2.fa	XML-4	9	19025
XML-4/alignment_XML4-3250-0.005-4E-5-100-4-3.fa	XML-4	5	19025
XML-4/alignment_XML4-3250-0.005-4E-5-100-5-1.fa	XML-4	5	19025
XML-4/alignment_XML4-3250-0.005-4E-5-100-5-2.fa	XML-4	7	19025
XML-4/alignment_XML4-3250-0.005-4E-5-100-5-3.fa	XML-4	6	19025
XML-4/alignment_XML4-3250-0.005-4E-5-200-1-1.fa	XML-4	10	19025
XML-4/alignment_XML4-3250-0.005-4E-5-200-1-2.fa	XML-4	24	19025
XML-4/alignment_XML4-3250-0.005-4E-5-200-1-3.fa	XML-4	11	19025
XML-4/alignment_XML4-3250-0.005-4E-5-200-2-1.fa	XML-4	7	19025
XML-4/alignment_XML4-3250-0.005-4E-5-200-2-2.fa	XML-4	16	19025
XML-4/alignment_XML4-3250-0.005-4E-5-200-2-3.fa	XML-4	10	19025
XML-4/alignment_XML4-3250-0.005-4E-5-200-3-1.fa	XML-4	7	19025
XML-4/alignment_XML4-3250-0.005-4E-5-200-3-2.fa	XML-4	14	19025
XML-4/alignment_XML4-3250-0.005-4E-5-200-3-3.fa	XML-4	6	19025
XML-4/alignment_XML4-3250-0.005-4E-5-200-4-1.fa	XML-4	2	18585
XML-4/alignment_XML4-3250-0.005-4E-5-200-4-2.fa	XML-4	13	19025
XML-4/alignment_XML4-3250-0.005-4E-5-200-4-3.fa	XML-4	10	18138
XML-4/alignment_XML4-3250-0.005-4E-5-200-5-1.fa	XML-4	5	19025
XML-4/alignment_XML4-3250-0.005-4E-5-200-5-2.fa	XML-4	15	19025
XML-4/alignment_XML4-3250-0.005-4E-5-200-5-3.fa	XML-4	6	19025
XML-4/alignment_XML4-3250-0.005-4E-5-50-1-1.fa	XML-4	8	19025
XML-4/alignment_XML4-3250-0.005-4E-5-50-1-2.fa	XML-4	9	19025
XML-4/alignment_XML4-3250-0.005-4E-5-50-1-3.fa	XML-4	8	19025
XML-4/alignment_XML4-3250-0.005-4E-5-50-2-1.fa	XML-4	5	19025
XML-4/alignment_XML4-3250-0.005-4E-5-50-2-2.fa	XML-4	7	19025
XML-4/alignment_XML4-3250-0.005-4E-5-50-2-3.fa	XML-4	1	5565
XML-4/alignment_XML4-3250-0.005-4E-5-50-3-1.fa	XML-4	5	17313
XML-4/alignment_XML4-3250-0.005-4E-5-50-3-2.fa	XML-4	6	19025
XML-4/alignment_XML4-3250-0.005-4E-5-50-3-3.fa	XML-4	15	19025
XML-4/alignment_XML4-3250-0.005-4E-5-50-4-1.fa	XML-4	8	19025
XML-4/alignment_XML4-3250-0.005-4E-5-50-4-2.fa	XML-4	9	19025
XML-4/alignment_XML4-3250-0.005-4E-5-50-4-3.fa	XML-4	2	18039
XML-4/alignment_XML4-3250-0.005-4E-5-50-5-1.fa	XML-4	8	19025
XML-4/alignment_XML4-3250-0.005-4E-5-50-5-2.fa	XML-4	11	19025
XML-4/alignment_XML4-3250-0.005-4E-5-50-5-3.fa	XML-4	2	19025
XML-4/alignment_XML4-3250-0.005-8E-5-100-1-1.fa	XML-4	7	19025
XML-4/alignment_XML4-3250-0.005-8E-5-100-1-2.fa	XML-4	3	19025
XML-4/alignment_XML4-3250-0.005-8E-5-100-1-3.fa	XML-4	9	17331
XML-4/alignment_XML4-3250-0.005-8E-5-100-2-1.fa	XML-4	9	19025
XML-4/alignment_XML4-3250-0.005-8E-5-100-2-2.fa	XML-4	9	19025
XML-4/alignment_XML4-3250-0.005-8E-5-100-2-3.fa	XML-4	9	17349
XML-4/alignment_XML4-3250-0.005-8E-5-100-3-1.fa	XML-4	12	19025
XML-4/alignment_XML4-3250-0.005-8E-5-100-3-2.fa	XML-4	3	13653
XML-4/alignment_XML4-3250-0.005-8E-5-100-3-3.fa	XML-4	8	19025
XML-4/alignment_XML4-3250-0.005-8E-5-100-4-1.fa	XML-4	15	19025
XML-4/alignment_XML4-3250-0.005-8E-5-100-4-2.fa	XML-4	15	19025
XML-4/alignment_XML4-3250-0.005-8E-5-100-4-3.fa	XML-4	8	19025
XML-4/alignment_XML4-3250-0.005-8E-5-100-5-1.fa	XML-4	10	19025
XML-4/alignment_XML4-3250-0.005-8E-5-100-5-2.fa	XML-4	15	19025
XML-4/alignment_XML4-3250-0.005-8E-5-100-5-3.fa	XML-4	11	19025
XML-4/alignment_XML4-3250-0.005-8E-5-200-1-1.fa	XML-4	15	19025
XML-4/alignment_XML4-3250-0.005-8E-5-200-1-2.fa	XML-4	7	16275
XML-4/alignment_XML4-3250-0.005-8E-5-200-1-3.fa	XML-4	19	19025
XML-4/alignment_XML4-3250-0.005-8E-5-200-2-1.fa	XML-4	9	19025
XML-4/alignment_XML4-3250-0.005-8E-5-200-2-2.fa	XML-4	16	19025
XML-4/alignment_XML4-3250-0.005-8E-5-200-2-3.fa	XML-4	18	19025
XML-4/alignment_XML4-3250-0.005-8E-5-200-3-1.fa	XML-4	12	19025
XML-4/alignment_XML4-3250-0.005-8E-5-200-3-2.fa	XML-4	10	19025
XML-4/alignment_XML4-3250-0.005-8E-5-200-3-3.fa	XML-4	6	19025
XML-4/alignment_XML4-3250-0.005-8E-5-200-4-1.fa	XML-4	5	19025
XML-4/alignment_XML4-3250-0.005-8E-5-200-4-2.fa	XML-4	4	18312
XML-4/alignment_XML4-3250-0.005-8E-5-200-4-3.fa	XML-4	13	19025
XML-4/alignment_XML4-3250-0.005-8E-5-200-5-1.fa	XML-4	7	19025
XML-4/alignment_XML4-3250-0.005-8E-5-200-5-2.fa	XML-4	10	19025
XML-4/alignment_XML4-3250-0.005-8E-5-200-5-3.fa	XML-4	9	18903
XML-4/alignment_XML4-3250-0.005-8E-5-50-1-1.fa	XML-4	2	19025
XML-4/alignment_XML4-3250-0.005-8E-5-50-1-2.fa	XML-4	8	19025
XML-4/alignment_XML4-3250-0.005-8E-5-50-1-3.fa	XML-4	12	19025
XML-4/alignment_XML4-3250-0.005-8E-5-50-2-1.fa	XML-4	14	19025
XML-4/alignment_XML4-3250-0.005-8E-5-50-2-2.fa	XML-4	6	19025
XML-4/alignment_XML4-3250-0.005-8E-5-50-2-3.fa	XML-4	9	19025
XML-4/alignment_XML4-3250-0.005-8E-5-50-3-1.fa	XML-4	9	19025
XML-4/alignment_XML4-3250-0.005-8E-5-50-3-2.fa	XML-4	7	19025
XML-4/alignment_XML4-3250-0.005-8E-5-50-3-3.fa	XML-4	9	19025
XML-4/alignment_XML4-3250-0.005-8E-5-50-4-1.fa	XML-4	10	19025
XML-4/alignment_XML4-3250-0.005-8E-5-50-4-2.fa	XML-4	11	19025
XML-4/alignment_XML4-3250-0.005-8E-5-50-4-3.fa	XML-4	10	16785
XML-4/alignment_XML4-3250-0.005-8E-5-50-5-1.fa	XML-4	12	19025
XML-4/alignment_XML4-3250-0.005-8E-5-50-5-2.fa	XML-4	8	19025
XML-4/alignment_XML4-3250-0.005-8E-5-50-5-3.fa	XML-4	13	19025
XML-4/alignment_XML4-3250-0.01-12E-5-100-1-1.fa	XML-4	18	19025
XML-4/alignment_XML4-3250-0.01-12E-5-100-1-2.fa	XML-4	15	19025
XML-4/alignment_XML4-3250-0.01-12E-5-100-1-3.fa	XML-4	17	19025
XML-4/alignment_XML4-3250-0.01-12E-5-100-2-1.fa	XML-4	12	19025
XML-4/alignment_XML4-3250-0.01-12E-5-100-2-2.fa	XML-4	19	19025
XML-4/alignment_XML4-3250-0.01-12E-5-100-2-3.fa	XML-4	12	19025
XML-4/alignment_XML4-3250-0.01-12E-5-100-3-1.fa	XML-4	24	19025
XML-4/alignment_XML4-3250-0.01-12E-5-100-3-2.fa	XML-4	12	19025
XML-4/alignment_XML4-3250-0.01-12E-5-100-3-3.fa	XML-4	15	19025
XML-4/alignment_XML4-3250-0.01-12E-5-100-4-1.fa	XML-4	22	19025
XML-4/alignment_XML4-3250-0.01-12E-5-100-4-2.fa	XML-4	15	19025
XML-4/alignment_XML4-3250-0.01-12E-5-100-4-3.fa	XML-4	26	19025
XML-4/alignment_XML4-3250-0.01-12E-5-100-5-1.fa	XML-4	16	19025
XML-4/alignment_XML4-3250-0.01-12E-5-100-5-2.fa	XML-4	12	19025
XML-4/alignment_XML4-3250-0.01-12E-5-100-5-3.fa	XML-4	17	19025
XML-4/alignment_XML4-3250-0.01-12E-5-200-1-1.fa	XML-4	23	19025
XML-4/alignment_XML4-3250-0.01-12E-5-200-1-2.fa	XML-4	25	19025
XML-4/alignment_XML4-3250-0.01-12E-5-200-1-3.fa	XML-4	34	19025
XML-4/alignment_XML4-3250-0.01-12E-5-200-2-1.fa	XML-4	17	19025
XML-4/alignment_XML4-3250-0.01-12E-5-200-2-2.fa	XML-4	22	19025
XML-4/alignment_XML4-3250-0.01-12E-5-200-2-3.fa	XML-4	20	19025
XML-4/alignment_XML4-3250-0.01-12E-5-200-3-1.fa	XML-4	22	19025
XML-4/alignment_XML4-3250-0.01-12E-5-200-3-2.fa	XML-4	50	19025
XML-4/alignment_XML4-3250-0.01-12E-5-200-3-3.fa	XML-4	24	19025
XML-4/alignment_XML4-3250-0.01-12E-5-200-4-1.fa	XML-4	23	19025
XML-4/alignment_XML4-3250-0.01-12E-5-200-4-2.fa	XML-4	23	19025
XML-4/alignment_XML4-3250-0.01-12E-5-200-4-3.fa	XML-4	26	19025
XML-4/alignment_XML4-3250-0.01-12E-5-200-5-1.fa	XML-4	19	19025
XML-4/alignment_XML4-3250-0.01-12E-5-200-5-2.fa	XML-4	29	19025
XML-4/alignment_XML4-3250-0.01-12E-5-200-5-3.fa	XML-4	19	19025
XML-4/alignment_XML4-3250-0.01-12E-5-50-1-1.fa	XML-4	11	19025
XML-4/alignment_XML4-3250-0.01-12E-5-50-1-2.fa	XML-4	15	19025
XML-4/alignment_XML4-3250-0.01-12E-5-50-1-3.fa	XML-4	19	19025
XML-4/alignment_XML4-3250-0.01-12E-5-50-2-1.fa	XML-4	15	19025
XML-4/alignment_XML4-3250-0.01-12E-5-50-2-2.fa	XML-4	12	19025
XML-4/alignment_XML4-3250-0.01-12E-5-50-2-3.fa	XML-4	16	19025
XML-4/alignment_XML4-3250-0.01-12E-5-50-3-1.fa	XML-4	13	19025
XML-4/alignment_XML4-3250-0.01-12E-5-50-3-2.fa	XML-4	16	19025
XML-4/alignment_XML4-3250-0.01-12E-5-50-3-3.fa	XML-4	13	19025
XML-4/alignment_XML4-3250-0.01-12E-5-50-4-1.fa	XML-4	7	19025
XML-4/alignment_XML4-3250-0.01-12E-5-50-4-2.fa	XML-4	10	19025
XML-4/alignment_XML4-3250-0.01-12E-5-50-4-3.fa	XML-4	12	19023
XML-4/alignment_XML4-3250-0.01-12E-5-50-5-1.fa	XML-4	12	19025
XML-4/alignment_XML4-3250-0.01-12E-5-50-5-2.fa	XML-4	19	19025
XML-4/alignment_XML4-3250-0.01-12E-5-50-5-3.fa	XML-4	19	19025
XML-4/alignment_XML4-3250-0.01-4E-5-100-1-1.fa	XML-4	14	19025
XML-4/alignment_XML4-3250-0.01-4E-5-100-1-2.fa	XML-4	13	19025
XML-4/alignment_XML4-3250-0.01-4E-5-100-1-3.fa	XML-4	7	19025
XML-4/alignment_XML4-3250-0.01-4E-5-100-2-1.fa	XML-4	19	19025
XML-4/alignment_XML4-3250-0.01-4E-5-100-2-2.fa	XML-4	8	19025
XML-4/alignment_XML4-3250-0.01-4E-5-100-2-3.fa	XML-4	22	19025
XML-4/alignment_XML4-3250-0.01-4E-5-100-3-1.fa	XML-4	15	14409
XML-4/alignment_XML4-3250-0.01-4E-5-100-3-2.fa	XML-4	25	19025
XML-4/alignment_XML4-3250-0.01-4E-5-100-3-3.fa	XML-4	11	19025
XML-4/alignment_XML4-3250-0.01-4E-5-100-4-1.fa	XML-4	14	19025
XML-4/alignment_XML4-3250-0.01-4E-5-100-4-2.fa	XML-4	8	17985
XML-4/alignment_XML4-3250-0.01-4E-5-100-4-3.fa	XML-4	13	19025
XML-4/alignment_XML4-3250-0.01-4E-5-100-5-1.fa	XML-4	16	19025
XML-4/alignment_XML4-3250-0.01-4E-5-100-5-2.fa	XML-4	18	19025
XML-4/alignment_XML4-3250-0.01-4E-5-100-5-3.fa	XML-4	10	19025
XML-4/alignment_XML4-3250-0.01-4E-5-200-1-1.fa	XML-4	9	19025
XML-4/alignment_XML4-3250-0.01-4E-5-200-1-2.fa	XML-4	19	19025
XML-4/alignment_XML4-3250-0.01-4E-5-200-1-3.fa	XML-4	16	19025
XML-4/alignment_XML4-3250-0.01-4E-5-200-2-1.fa	XML-4	9	19025
XML-4/alignment_XML4-3250-0.01-4E-5-200-2-2.fa	XML-4	13	19025
XML-4/alignment_XML4-3250-0.01-4E-5-200-2-3.fa	XML-4	15	19025
XML-4/alignment_XML4-3250-0.01-4E-5-200-3-1.fa	XML-4	18	19025
XML-4/alignment_XML4-3250-0.01-4E-5-200-3-2.fa	XML-4	19	19025
XML-4/alignment_XML4-3250-0.01-4E-5-200-3-3.fa	XML-4	19	19025
XML-4/alignment_XML4-3250-0.01-4E-5-200-4-1.fa	XML-4	20	19025
XML-4/alignment_XML4-3250-0.01-4E-5-200-4-2.fa	XML-4	15	19025
XML-4/alignment_XML4-3250-0.01-4E-5-200-4-3.fa	XML-4	17	19025
XML-4/alignment_XML4-3250-0.01-4E-5-200-5-1.fa	XML-4	12	19025
XML-4/alignment_XML4-3250-0.01-4E-5-200-5-2.fa	XML-4	21	19025
XML-4/alignment_XML4-3250-0.01-4E-5-200-5-3.fa	XML-4	16	19025
XML-4/alignment_XML4-3250-0.01-4E-5-50-1-1.fa	XML-4	6	19025
XML-4/alignment_XML4-3250-0.01-4E-5-50-1-2.fa	XML-4	10	19025
XML-4/alignment_XML4-3250-0.01-4E-5-50-1-3.fa	XML-4	10	19025
XML-4/alignment_XML4-3250-0.01-4E-5-50-2-1.fa	XML-4	16	19025
XML-4/alignment_XML4-3250-0.01-4E-5-50-2-2.fa	XML-4	13	19025
XML-4/alignment_XML4-3250-0.01-4E-5-50-2-3.fa	XML-4	10	19025
XML-4/alignment_XML4-3250-0.01-4E-5-50-3-1.fa	XML-4	11	19025
XML-4/alignment_XML4-3250-0.01-4E-5-50-3-2.fa	XML-4	7	19025
XML-4/alignment_XML4-3250-0.01-4E-5-50-3-3.fa	XML-4	9	19025
XML-4/alignment_XML4-3250-0.01-4E-5-50-4-1.fa	XML-4	3	19025
XML-4/alignment_XML4-3250-0.01-4E-5-50-4-2.fa	XML-4	12	19025
XML-4/alignment_XML4-3250-0.01-4E-5-50-4-3.fa	XML-4	10	19025
XML-4/alignment_XML4-3250-0.01-4E-5-50-5-1.fa	XML-4	9	19025
XML-4/alignment_XML4-3250-0.01-4E-5-50-5-2.fa	XML-4	4	19025
XML-4/alignment_XML4-3250-0.01-4E-5-50-5-3.fa	XML-4	10	19025
XML-4/alignment_XML4-3250-0.01-8E-5-100-1-1.fa	XML-4	15	19025
XML-4/alignment_XML4-3250-0.01-8E-5-100-1-2.fa	XML-4	21	19025
XML-4/alignment_XML4-3250-0.01-8E-5-100-1-3.fa	XML-4	10	19025
XML-4/alignment_XML4-3250-0.01-8E-5-100-2-1.fa	XML-4	18	19025
XML-4/alignment_XML4-3250-0.01-8E-5-100-2-2.fa	XML-4	12	19025
XML-4/alignment_XML4-3250-0.01-8E-5-100-2-3.fa	XML-4	14	19025
XML-4/alignment_XML4-3250-0.01-8E-5-100-3-1.fa	XML-4	17	19025
XML-4/alignment_XML4-3250-0.01-8E-5-100-3-2.fa	XML-4	9	19025
XML-4/alignment_XML4-3250-0.01-8E-5-100-3-3.fa	XML-4	18	19025
XML-4/alignment_XML4-3250-0.01-8E-5-100-4-1.fa	XML-4	10	14922
XML-4/alignment_XML4-3250-0.01-8E-5-100-4-2.fa	XML-4	23	19025
XML-4/alignment_XML4-3250-0.01-8E-5-100-4-3.fa	XML-4	16	19025
XML-4/alignment_XML4-3250-0.01-8E-5-100-5-1.fa	XML-4	19	19025
XML-4/alignment_XML4-3250-0.01-8E-5-100-5-2.fa	XML-4	11	19025
XML-4/alignment_XML4-3250-0.01-8E-5-100-5-3.fa	XML-4	25	19025
XML-4/alignment_XML4-3250-0.01-8E-5-200-1-1.fa	XML-4	25	19025
XML-4/alignment_XML4-3250-0.01-8E-5-200-1-2.fa	XML-4	15	19025
XML-4/alignment_XML4-3250-0.01-8E-5-200-1-3.fa	XML-4	26	19025
XML-4/alignment_XML4-3250-0.01-8E-5-200-2-1.fa	XML-4	20	19025
XML-4/alignment_XML4-3250-0.01-8E-5-200-2-2.fa	XML-4	25	19025
XML-4/alignment_XML4-3250-0.01-8E-5-200-2-3.fa	XML-4	18	19025
XML-4/alignment_XML4-3250-0.01-8E-5-200-3-1.fa	XML-4	19	19025
XML-4/alignment_XML4-3250-0.01-8E-5-200-3-2.fa	XML-4	25	19025
XML-4/alignment_XML4-3250-0.01-8E-5-200-3-3.fa	XML-4	29	19025
XML-4/alignment_XML4-3250-0.01-8E-5-200-4-1.fa	XML-4	24	19025
XML-4/alignment_XML4-3250-0.01-8E-5-200-4-2.fa	XML-4	21	19025
XML-4/alignment_XML4-3250-0.01-8E-5-200-4-3.fa	XML-4	19	19025
XML-4/alignment_XML4-3250-0.01-8E-5-200-5-1.fa	XML-4	17	19025
XML-4/alignment_XML4-3250-0.01-8E-5-200-5-2.fa	XML-4	14	19025
XML-4/alignment_XML4-3250-0.01-8E-5-200-5-3.fa	XML-4	32	19025
XML-4/alignment_XML4-3250-0.01-8E-5-50-1-1.fa	XML-4	14	19025
XML-4/alignment_XML4-3250-0.01-8E-5-50-1-2.fa	XML-4	13	19025
XML-4/alignment_XML4-3250-0.01-8E-5-50-1-3.fa	XML-4	15	19025
XML-4/alignment_XML4-3250-0.01-8E-5-50-2-1.fa	XML-4	13	19025
XML-4/alignment_XML4-3250-0.01-8E-5-50-2-2.fa	XML-4	13	19025
XML-4/alignment_XML4-3250-0.01-8E-5-50-2-3.fa	XML-4	12	19025
XML-4/alignment_XML4-3250-0.01-8E-5-50-3-1.fa	XML-4	6	19025
XML-4/alignment_XML4-3250-0.01-8E-5-50-3-2.fa	XML-4	14	19025
XML-4/alignment_XML4-3250-0.01-8E-5-50-3-3.fa	XML-4	11	18690
XML-4/alignment_XML4-3250-0.01-8E-5-50-4-1.fa	XML-4	12	19025
XML-4/alignment_XML4-3250-0.01-8E-5-50-4-2.fa	XML-4	11	19025
XML-4/alignment_XML4-3250-0.01-8E-5-50-4-3.fa	XML-4	8	16059
XML-4/alignment_XML4-3250-0.01-8E-5-50-5-1.fa	XML-4	15	19025
XML-4/alignment_XML4-3250-0.01-8E-5-50-5-2.fa	XML-4	15	19025
XML-4/alignment_XML4-3250-0.01-8E-5-50-5-3.fa	XML-4	19	19025
XML-4/alignment_XML4-3250-0.02-12E-5-100-1-1.fa	XML-4	20	19025
XML-4/alignment_XML4-3250-0.02-12E-5-100-1-2.fa	XML-4	24	19025
XML-4/alignment_XML4-3250-0.02-12E-5-100-1-3.fa	XML-4	28	19025
XML-4/alignment_XML4-3250-0.02-12E-5-100-2-1.fa	XML-4	28	19025
XML-4/alignment_XML4-3250-0.02-12E-5-100-2-2.fa	XML-4	41	19025
XML-4/alignment_XML4-3250-0.02-12E-5-100-2-3.fa	XML-4	15	19025
XML-4/alignment_XML4-3250-0.02-12E-5-100-3-1.fa	XML-4	25	19025
XML-4/alignment_XML4-3250-0.02-12E-5-100-3-2.fa	XML-4	24	19025
XML-4/alignment_XML4-3250-0.02-12E-5-100-3-3.fa	XML-4	23	19025
XML-4/alignment_XML4-3250-0.02-12E-5-100-4-1.fa	XML-4	48	19025
XML-4/alignment_XML4-3250-0.02-12E-5-100-4-2.fa	XML-4	34	19025
XML-4/alignment_XML4-3250-0.02-12E-5-100-4-3.fa	XML-4	23	19025
XML-4/alignment_XML4-3250-0.02-12E-5-100-5-1.fa	XML-4	27	19025
XML-4/alignment_XML4-3250-0.02-12E-5-100-5-2.fa	XML-4	32	19025
XML-4/alignment_XML4-3250-0.02-12E-5-100-5-3.fa	XML-4	33	19025
XML-4/alignment_XML4-3250-0.02-12E-5-200-1-1.fa	XML-4	31	19025
XML-4/alignment_XML4-3250-0.02-12E-5-200-1-2.fa	XML-4	27	19025
XML-4/alignment_XML4-3250-0.02-12E-5-200-1-3.fa	XML-4	46	19025
XML-4/alignment_XML4-3250-0.02-12E-5-200-2-1.fa	XML-4	33	19025
XML-4/alignment_XML4-3250-0.02-12E-5-200-2-2.fa	XML-4	52	19025
XML-4/alignment_XML4-3250-0.02-12E-5-200-2-3.fa	XML-4	49	19025
XML-4/alignment_XML4-3250-0.02-12E-5-200-3-1.fa	XML-4	44	19025
XML-4/alignment_XML4-3250-0.02-12E-5-200-3-2.fa	XML-4	41	19025
XML-4/alignment_XML4-3250-0.02-12E-5-200-3-3.fa	XML-4	41	19025
XML-4/alignment_XML4-3250-0.02-12E-5-200-4-1.fa	XML-4	42	19025
XML-4/alignment_XML4-3250-0.02-12E-5-200-4-2.fa	XML-4	37	19025
XML-4/alignment_XML4-3250-0.02-12E-5-200-4-3.fa	XML-4	43	19025
XML-4/alignment_XML4-3250-0.02-12E-5-200-5-1.fa	XML-4	38	19025
XML-4/alignment_XML4-3250-0.02-12E-5-200-5-2.fa	XML-4	49	19025
XML-4/alignment_XML4-3250-0.02-12E-5-200-5-3.fa	XML-4	34	19025
XML-4/alignment_XML4-3250-0.02-12E-5-50-1-1.fa	XML-4	19	19025
XML-4/alignment_XML4-3250-0.02-12E-5-50-1-2.fa	XML-4	21	19025
XML-4/alignment_XML4-3250-0.02-12E-5-50-1-3.fa	XML-4	23	19025
XML-4/alignment_XML4-3250-0.02-12E-5-50-2-1.fa	XML-4	18	19025
XML-4/alignment_XML4-3250-0.02-12E-5-50-2-2.fa	XML-4	26	19025
XML-4/alignment_XML4-3250-0.02-12E-5-50-2-3.fa	XML-4	18	19025
XML-4/alignment_XML4-3250-0.02-12E-5-50-3-1.fa	XML-4	9	19025
XML-4/alignment_XML4-3250-0.02-12E-5-50-3-2.fa	XML-4	16	19025
XML-4/alignment_XML4-3250-0.02-12E-5-50-3-3.fa	XML-4	16	19025
XML-4/alignment_XML4-3250-0.02-12E-5-50-4-1.fa	XML-4	16	19025
XML-4/alignment_XML4-3250-0.02-12E-5-50-4-2.fa	XML-4	9	19025
XML-4/alignment_XML4-3250-0.02-12E-5-50-4-3.fa	XML-4	18	19025
XML-4/alignment_XML4-3250-0.02-12E-5-50-5-1.fa	XML-4	16	19025
XML-4/alignment_XML4-3250-0.02-12E-5-50-5-2.fa	XML-4	18	19025
XML-4/alignment_XML4-3250-0.02-12E-5-50-5-3.fa	XML-4	15	19025
XML-4/alignment_XML4-3250-0.02-4E-5-100-1-1.fa	XML-4	37	19025
XML-4/alignment_XML4-3250-0.02-4E-5-100-1-2.fa	XML-4	15	19025
XML-4/alignment_XML4-3250-0.02-4E-5-100-1-3.fa	XML-4	12	19025
XML-4/alignment_XML4-3250-0.02-4E-5-100-2-1.fa	XML-4	29	19025
XML-4/alignment_XML4-3250-0.02-4E-5-100-2-2.fa	XML-4	16	19025
XML-4/alignment_XML4-3250-0.02-4E-5-100-2-3.fa	XML-4	28	19025
XML-4/alignment_XML4-3250-0.02-4E-5-100-3-1.fa	XML-4	26	19025
XML-4/alignment_XML4-3250-0.02-4E-5-100-3-2.fa	XML-4	19	19025
XML-4/alignment_XML4-3250-0.02-4E-5-100-3-3.fa	XML-4	26	19025
XML-4/alignment_XML4-3250-0.02-4E-5-100-4-1.fa	XML-4	19	19025
XML-4/alignment_XML4-3250-0.02-4E-5-100-4-2.fa	XML-4	26	19025
XML-4/alignment_XML4-3250-0.02-4E-5-100-4-3.fa	XML-4	30	19025
XML-4/alignment_XML4-3250-0.02-4E-5-100-5-1.fa	XML-4	29	19025
XML-4/alignment_XML4-3250-0.02-4E-5-100-5-2.fa	XML-4	14	19025
XML-4/alignment_XML4-3250-0.02-4E-5-100-5-3.fa	XML-4	24	19025
XML-4/alignment_XML4-3250-0.02-4E-5-200-1-1.fa	XML-4	33	19025
XML-4/alignment_XML4-3250-0.02-4E-5-200-1-2.fa	XML-4	34	19025
XML-4/alignment_XML4-3250-0.02-4E-5-200-1-3.fa	XML-4	21	19025
XML-4/alignment_XML4-3250-0.02-4E-5-200-2-1.fa	XML-4	30	19025
XML-4/alignment_XML4-3250-0.02-4E-5-200-2-2.fa	XML-4	24	19025
XML-4/alignment_XML4-3250-0.02-4E-5-200-2-3.fa	XML-4	34	19025
XML-4/alignment_XML4-3250-0.02-4E-5-200-3-1.fa	XML-4	27	19025
XML-4/alignment_XML4-3250-0.02-4E-5-200-3-2.fa	XML-4	55	19025
XML-4/alignment_XML4-3250-0.02-4E-5-200-3-3.fa	XML-4	25	19025
XML-4/alignment_XML4-3250-0.02-4E-5-200-4-1.fa	XML-4	24	19025
XML-4/alignment_XML4-3250-0.02-4E-5-200-4-2.fa	XML-4	29	19025
XML-4/alignment_XML4-3250-0.02-4E-5-200-4-3.fa	XML-4	36	19025
XML-4/alignment_XML4-3250-0.02-4E-5-200-5-1.fa	XML-4	28	19025
XML-4/alignment_XML4-3250-0.02-4E-5-200-5-2.fa	XML-4	24	19025
XML-4/alignment_XML4-3250-0.02-4E-5-200-5-3.fa	XML-4	39	19025
XML-4/alignment_XML4-3250-0.02-4E-5-50-1-1.fa	XML-4	16	19025
XML-4/alignment_XML4-3250-0.02-4E-5-50-1-2.fa	XML-4	19	19025
XML-4/alignment_XML4-3250-0.02-4E-5-50-1-3.fa	XML-4	17	19025
XML-4/alignment_XML4-3250-0.02-4E-5-50-2-1.fa	XML-4	20	19025
XML-4/alignment_XML4-3250-0.02-4E-5-50-2-2.fa	XML-4	19	19025
XML-4/alignment_XML4-3250-0.02-4E-5-50-2-3.fa	XML-4	23	19025
XML-4/alignment_XML4-3250-0.02-4E-5-50-3-1.fa	XML-4	10	19025
XML-4/alignment_XML4-3250-0.02-4E-5-50-3-2.fa	XML-4	15	19025
XML-4/alignment_XML4-3250-0.02-4E-5-50-3-3.fa	XML-4	18	19025
XML-4/alignment_XML4-3250-0.02-4E-5-50-4-1.fa	XML-4	20	19025
XML-4/alignment_XML4-3250-0.02-4E-5-50-4-2.fa	XML-4	15	19025
XML-4/alignment_XML4-3250-0.02-4E-5-50-4-3.fa	XML-4	5	19025
XML-4/alignment_XML4-3250-0.02-4E-5-50-5-1.fa	XML-4	9	19025
XML-4/alignment_XML4-3250-0.02-4E-5-50-5-2.fa	XML-4	12	19025
XML-4/alignment_XML4-3250-0.02-4E-5-50-5-3.fa	XML-4	14	19025
XML-4/alignment_XML4-3250-0.02-8E-5-100-1-1.fa	XML-4	18	19025
XML-4/alignment_XML4-3250-0.02-8E-5-100-1-2.fa	XML-4	16	19025
XML-4/alignment_XML4-3250-0.02-8E-5-100-1-3.fa	XML-4	19	19025
XML-4/alignment_XML4-3250-0.02-8E-5-100-2-1.fa	XML-4	36	19025
XML-4/alignment_XML4-3250-0.02-8E-5-100-2-2.fa	XML-4	35	19025
XML-4/alignment_XML4-3250-0.02-8E-5-100-2-3.fa	XML-4	28	19025
XML-4/alignment_XML4-3250-0.02-8E-5-100-3-1.fa	XML-4	30	19025
XML-4/alignment_XML4-3250-0.02-8E-5-100-3-2.fa	XML-4	22	19025
XML-4/alignment_XML4-3250-0.02-8E-5-100-3-3.fa	XML-4	19	19025
XML-4/alignment_XML4-3250-0.02-8E-5-100-4-1.fa	XML-4	19	19025
XML-4/alignment_XML4-3250-0.02-8E-5-100-4-2.fa	XML-4	27	19025
XML-4/alignment_XML4-3250-0.02-8E-5-100-4-3.fa	XML-4	25	19025
XML-4/alignment_XML4-3250-0.02-8E-5-100-5-1.fa	XML-4	34	19025
XML-4/alignment_XML4-3250-0.02-8E-5-100-5-2.fa	XML-4	22	19025
XML-4/alignment_XML4-3250-0.02-8E-5-100-5-3.fa	XML-4	31	19025
XML-4/alignment_XML4-3250-0.02-8E-5-200-1-1.fa	XML-4	52	19025
XML-4/alignment_XML4-3250-0.02-8E-5-200-1-2.fa	XML-4	54	19025
XML-4/alignment_XML4-3250-0.02-8E-5-200-1-3.fa	XML-4	37	19025
XML-4/alignment_XML4-3250-0.02-8E-5-200-2-1.fa	XML-4	44	19025
XML-4/alignment_XML4-3250-0.02-8E-5-200-2-2.fa	XML-4	46	19025
XML-4/alignment_XML4-3250-0.02-8E-5-200-2-3.fa	XML-4	41	19025
XML-4/alignment_XML4-3250-0.02-8E-5-200-3-1.fa	XML-4	35	19025
XML-4/alignment_XML4-3250-0.02-8E-5-200-3-2.fa	XML-4	39	19025
XML-4/alignment_XML4-3250-0.02-8E-5-200-3-3.fa	XML-4	41	19025
XML-4/alignment_XML4-3250-0.02-8E-5-200-4-1.fa	XML-4	42	19025
XML-4/alignment_XML4-3250-0.02-8E-5-200-4-2.fa	XML-4	41	19025
XML-4/alignment_XML4-3250-0.02-8E-5-200-4-3.fa	XML-4	34	19025
XML-4/alignment_XML4-3250-0.02-8E-5-200-5-1.fa	XML-4	40	19025
XML-4/alignment_XML4-3250-0.02-8E-5-200-5-2.fa	XML-4	31	19025
XML-4/alignment_XML4-3250-0.02-8E-5-200-5-3.fa	XML-4	47	19025
XML-4/alignment_XML4-3250-0.02-8E-5-50-1-1.fa	XML-4	20	19025
XML-4/alignment_XML4-3250-0.02-8E-5-50-1-2.fa	XML-4	28	19025
XML-4/alignment_XML4-3250-0.02-8E-5-50-1-3.fa	XML-4	17	19025
XML-4/alignment_XML4-3250-0.02-8E-5-50-2-1.fa	XML-4	20	19025
XML-4/alignment_XML4-3250-0.02-8E-5-50-2-2.fa	XML-4	15	19025
XML-4/alignment_XML4-3250-0.02-8E-5-50-2-3.fa	XML-4	16	19025
XML-4/alignment_XML4-3250-0.02-8E-5-50-3-1.fa	XML-4	33	19025
XML-4/alignment_XML4-3250-0.02-8E-5-50-3-2.fa	XML-4	14	19025
XML-4/alignment_XML4-3250-0.02-8E-5-50-3-3.fa	XML-4	24	19025
XML-4/alignment_XML4-3250-0.02-8E-5-50-4-1.fa	XML-4	16	19025
XML-4/alignment_XML4-3250-0.02-8E-5-50-4-2.fa	XML-4	22	19025
XML-4/alignment_XML4-3250-0.02-8E-5-50-4-3.fa	XML-4	18	19025
XML-4/alignment_XML4-3250-0.02-8E-5-50-5-1.fa	XML-4	13	19025
XML-4/alignment_XML4-3250-0.02-8E-5-50-5-2.fa	XML-4	20	19025
XML-4/alignment_XML4-3250-0.02-8E-5-50-5-3.fa	XML-4	17	19025
XML-4/alignment_XML4-4000-0.005-12E-5-100-1-1.fa	XML-4	7	19025
XML-4/alignment_XML4-4000-0.005-12E-5-100-1-2.fa	XML-4	7	19025
XML-4/alignment_XML4-4000-0.005-12E-5-100-1-3.fa	XML-4	10	19025
XML-4/alignment_XML4-4000-0.005-12E-5-100-2-1.fa	XML-4	8	19025
XML-4/alignment_XML4-4000-0.005-12E-5-100-2-2.fa	XML-4	10	19025
XML-4/alignment_XML4-4000-0.005-12E-5-100-2-3.fa	XML-4	11	19025
XML-4/alignment_XML4-4000-0.005-12E-5-100-3-1.fa	XML-4	13	19025
XML-4/alignment_XML4-4000-0.005-12E-5-100-3-2.fa	XML-4	14	19025
XML-4/alignment_XML4-4000-0.005-12E-5-100-3-3.fa	XML-4	4	19025
XML-4/alignment_XML4-4000-0.005-12E-5-100-4-1.fa	XML-4	4	19025
XML-4/alignment_XML4-4000-0.005-12E-5-100-4-2.fa	XML-4	5	14307
XML-4/alignment_XML4-4000-0.005-12E-5-100-4-3.fa	XML-4	8	19025
XML-4/alignment_XML4-4000-0.005-12E-5-100-5-1.fa	XML-4	14	19025
XML-4/alignment_XML4-4000-0.005-12E-5-100-5-2.fa	XML-4	7	19025
XML-4/alignment_XML4-4000-0.005-12E-5-100-5-3.fa	XML-4	10	19025
XML-4/alignment_XML4-4000-0.005-12E-5-200-1-1.fa	XML-4	10	19025
XML-4/alignment_XML4-4000-0.005-12E-5-200-1-2.fa	XML-4	10	19025
XML-4/alignment_XML4-4000-0.005-12E-5-200-1-3.fa	XML-4	17	19025
XML-4/alignment_XML4-4000-0.005-12E-5-200-2-1.fa	XML-4	13	19025
XML-4/alignment_XML4-4000-0.005-12E-5-200-2-2.fa	XML-4	8	19025
XML-4/alignment_XML4-4000-0.005-12E-5-200-2-3.fa	XML-4	16	19025
XML-4/alignment_XML4-4000-0.005-12E-5-200-3-1.fa	XML-4	12	19025
XML-4/alignment_XML4-4000-0.005-12E-5-200-3-2.fa	XML-4	9	19025
XML-4/alignment_XML4-4000-0.005-12E-5-200-3-3.fa	XML-4	9	19025
XML-4/alignment_XML4-4000-0.005-12E-5-200-4-1.fa	XML-4	7	19025
XML-4/alignment_XML4-4000-0.005-12E-5-200-4-2.fa	XML-4	13	19025
XML-4/alignment_XML4-4000-0.005-12E-5-200-4-3.fa	XML-4	17	19025
XML-4/alignment_XML4-4000-0.005-12E-5-200-5-1.fa	XML-4	15	19025
XML-4/alignment_XML4-4000-0.005-12E-5-200-5-2.fa	XML-4	10	19025
XML-4/alignment_XML4-4000-0.005-12E-5-200-5-3.fa	XML-4	26	19025
XML-4/alignment_XML4-4000-0.005-12E-5-50-1-1.fa	XML-4	5	18273
XML-4/alignment_XML4-4000-0.005-12E-5-50-1-2.fa	XML-4	9	19025
XML-4/alignment_XML4-4000-0.005-12E-5-50-1-3.fa	XML-4	10	19025
XML-4/alignment_XML4-4000-0.005-12E-5-50-2-1.fa	XML-4	8	19025
XML-4/alignment_XML4-4000-0.005-12E-5-50-2-2.fa	XML-4	2	19025
XML-4/alignment_XML4-4000-0.005-12E-5-50-2-3.fa	XML-4	5	19025
XML-4/alignment_XML4-4000-0.005-12E-5-50-3-1.fa	XML-4	10	19025
XML-4/alignment_XML4-4000-0.005-12E-5-50-3-2.fa	XML-4	4	17700
XML-4/alignment_XML4-4000-0.005-12E-5-50-3-3.fa	XML-4	9	19025
XML-4/alignment_XML4-4000-0.005-12E-5-50-4-1.fa	XML-4	10	19025
XML-4/alignment_XML4-4000-0.005-12E-5-50-4-2.fa	XML-4	10	19025
XML-4/alignment_XML4-4000-0.005-12E-5-50-4-3.fa	XML-4	7	19025
XML-4/alignment_XML4-4000-0.005-12E-5-50-5-1.fa	XML-4	14	19025
XML-4/alignment_XML4-4000-0.005-12E-5-50-5-2.fa	XML-4	15	19025
XML-4/alignment_XML4-4000-0.005-12E-5-50-5-3.fa	XML-4	5	19025
XML-4/alignment_XML4-4000-0.005-4E-5-100-1-1.fa	XML-4	3	9312
XML-4/alignment_XML4-4000-0.005-4E-5-100-1-2.fa	XML-4	5	17493
XML-4/alignment_XML4-4000-0.005-4E-5-100-1-3.fa	XML-4	14	19025
XML-4/alignment_XML4-4000-0.005-4E-5-100-2-1.fa	XML-4	7	19025
XML-4/alignment_XML4-4000-0.005-4E-5-100-2-2.fa	XML-4	8	16596
XML-4/alignment_XML4-4000-0.005-4E-5-100-2-3.fa	XML-4	9	19025
XML-4/alignment_XML4-4000-0.005-4E-5-100-3-1.fa	XML-4	7	17478
XML-4/alignment_XML4-4000-0.005-4E-5-100-3-2.fa	XML-4	9	19025
XML-4/alignment_XML4-4000-0.005-4E-5-100-3-3.fa	XML-4	9	19025
XML-4/alignment_XML4-4000-0.005-4E-5-100-4-1.fa	XML-4	4	15876
XML-4/alignment_XML4-4000-0.005-4E-5-100-4-2.fa	XML-4	12	19025
XML-4/alignment_XML4-4000-0.005-4E-5-100-4-3.fa	XML-4	11	19025
XML-4/alignment_XML4-4000-0.005-4E-5-100-5-1.fa	XML-4	3	17706
XML-4/alignment_XML4-4000-0.005-4E-5-100-5-2.fa	XML-4	7	19025
XML-4/alignment_XML4-4000-0.005-4E-5-100-5-3.fa	XML-4	8	19025
XML-4/alignment_XML4-4000-0.005-4E-5-200-1-1.fa	XML-4	6	19025
XML-4/alignment_XML4-4000-0.005-4E-5-200-1-2.fa	XML-4	5	19025
XML-4/alignment_XML4-4000-0.005-4E-5-200-1-3.fa	XML-4	18	19025
XML-4/alignment_XML4-4000-0.005-4E-5-200-2-1.fa	XML-4	16	19025
XML-4/alignment_XML4-4000-0.005-4E-5-200-2-2.fa	XML-4	6	19025
XML-4/alignment_XML4-4000-0.005-4E-5-200-2-3.fa	XML-4	15	19025
XML-4/alignment_XML4-4000-0.005-4E-5-200-3-1.fa	XML-4	7	18498
XML-4/alignment_XML4-4000-0.005-4E-5-200-3-2.fa	XML-4	8	19025
XML-4/alignment_XML4-4000-0.005-4E-5-200-3-3.fa	XML-4	8	19025
XML-4/alignment_XML4-4000-0.005-4E-5-200-4-1.fa	XML-4	11	19025
XML-4/alignment_XML4-4000-0.005-4E-5-200-4-2.fa	XML-4	13	19025
XML-4/alignment_XML4-4000-0.005-4E-5-200-4-3.fa	XML-4	7	19025
XML-4/alignment_XML4-4000-0.005-4E-5-200-5-1.fa	XML-4	14	19025
XML-4/alignment_XML4-4000-0.005-4E-5-200-5-2.fa	XML-4	11	19025
XML-4/alignment_XML4-4000-0.005-4E-5-200-5-3.fa	XML-4	11	19025
XML-4/alignment_XML4-4000-0.005-4E-5-50-1-1.fa	XML-4	6	17025
XML-4/alignment_XML4-4000-0.005-4E-5-50-1-2.fa	XML-4	9	19025
XML-4/alignment_XML4-4000-0.005-4E-5-50-1-3.fa	XML-4	4	19025
XML-4/alignment_XML4-4000-0.005-4E-5-50-2-1.fa	XML-4	5	18165
XML-4/alignment_XML4-4000-0.005-4E-5-50-2-2.fa	XML-4	3	19025
XML-4/alignment_XML4-4000-0.005-4E-5-50-2-3.fa	XML-4	9	19025
XML-4/alignment_XML4-4000-0.005-4E-5-50-3-1.fa	XML-4	3	16164
XML-4/alignment_XML4-4000-0.005-4E-5-50-3-2.fa	XML-4	6	19025
XML-4/alignment_XML4-4000-0.005-4E-5-50-3-3.fa	XML-4	9	19025
XML-4/alignment_XML4-4000-0.005-4E-5-50-4-1.fa	XML-4	10	19025
XML-4/alignment_XML4-4000-0.005-4E-5-50-4-2.fa	XML-4	7	19025
XML-4/alignment_XML4-4000-0.005-4E-5-50-4-3.fa	XML-4	5	19025
XML-4/alignment_XML4-4000-0.005-4E-5-50-5-1.fa	XML-4	3	19025
XML-4/alignment_XML4-4000-0.005-4E-5-50-5-2.fa	XML-4	4	7671
XML-4/alignment_XML4-4000-0.005-4E-5-50-5-3.fa	XML-4	4	17937
XML-4/alignment_XML4-4000-0.005-8E-5-100-1-1.fa	XML-4	7	19025
XML-4/alignment_XML4-4000-0.005-8E-5-100-1-2.fa	XML-4	8	19025
XML-4/alignment_XML4-4000-0.005-8E-5-100-1-3.fa	XML-4	7	19025
XML-4/alignment_XML4-4000-0.005-8E-5-100-2-1.fa	XML-4	13	19025
XML-4/alignment_XML4-4000-0.005-8E-5-100-2-2.fa	XML-4	9	15957
XML-4/alignment_XML4-4000-0.005-8E-5-100-2-3.fa	XML-4	13	19025
XML-4/alignment_XML4-4000-0.005-8E-5-100-3-1.fa	XML-4	10	19025
XML-4/alignment_XML4-4000-0.005-8E-5-100-3-2.fa	XML-4	5	19025
XML-4/alignment_XML4-4000-0.005-8E-5-100-3-3.fa	XML-4	8	19025
XML-4/alignment_XML4-4000-0.005-8E-5-100-4-1.fa	XML-4	11	19025
XML-4/alignment_XML4-4000-0.005-8E-5-100-4-2.fa	XML-4	7	18498
XML-4/alignment_XML4-4000-0.005-8E-5-100-4-3.fa	XML-4	11	19025
XML-4/alignment_XML4-4000-0.005-8E-5-100-5-1.fa	XML-4	18	19025
XML-4/alignment_XML4-4000-0.005-8E-5-100-5-2.fa	XML-4	9	19025
XML-4/alignment_XML4-4000-0.005-8E-5-100-5-3.fa	XML-4	11	19025
XML-4/alignment_XML4-4000-0.005-8E-5-200-1-1.fa	XML-4	17	19025
XML-4/alignment_XML4-4000-0.005-8E-5-200-1-2.fa	XML-4	19	19025
XML-4/alignment_XML4-4000-0.005-8E-5-200-1-3.fa	XML-4	13	19025
XML-4/alignment_XML4-4000-0.005-8E-5-200-2-1.fa	XML-4	19	19025
XML-4/alignment_XML4-4000-0.005-8E-5-200-2-2.fa	XML-4	8	19025
XML-4/alignment_XML4-4000-0.005-8E-5-200-2-3.fa	XML-4	14	19025
XML-4/alignment_XML4-4000-0.005-8E-5-200-3-1.fa	XML-4	10	19025
XML-4/alignment_XML4-4000-0.005-8E-5-200-3-2.fa	XML-4	17	19025
XML-4/alignment_XML4-4000-0.005-8E-5-200-3-3.fa	XML-4	4	18945
XML-4/alignment_XML4-4000-0.005-8E-5-200-4-1.fa	XML-4	8	19025
XML-4/alignment_XML4-4000-0.005-8E-5-200-4-2.fa	XML-4	15	19025
XML-4/alignment_XML4-4000-0.005-8E-5-200-4-3.fa	XML-4	2	17571
XML-4/alignment_XML4-4000-0.005-8E-5-200-5-1.fa	XML-4	8	19025
XML-4/alignment_XML4-4000-0.005-8E-5-200-5-2.fa	XML-4	8	19025
XML-4/alignment_XML4-4000-0.005-8E-5-200-5-3.fa	XML-4	13	19025
XML-4/alignment_XML4-4000-0.005-8E-5-50-1-1.fa	XML-4	8	19002
XML-4/alignment_XML4-4000-0.005-8E-5-50-1-2.fa	XML-4	2	19025
XML-4/alignment_XML4-4000-0.005-8E-5-50-1-3.fa	XML-4	2	19025
XML-4/alignment_XML4-4000-0.005-8E-5-50-2-1.fa	XML-4	9	19025
XML-4/alignment_XML4-4000-0.005-8E-5-50-2-2.fa	XML-4	11	19025
XML-4/alignment_XML4-4000-0.005-8E-5-50-2-3.fa	XML-4	8	19025
XML-4/alignment_XML4-4000-0.005-8E-5-50-3-1.fa	XML-4	7	19025
XML-4/alignment_XML4-4000-0.005-8E-5-50-3-2.fa	XML-4	9	19025
XML-4/alignment_XML4-4000-0.005-8E-5-50-3-3.fa	XML-4	13	19025
XML-4/alignment_XML4-4000-0.005-8E-5-50-4-1.fa	XML-4	10	19025
XML-4/alignment_XML4-4000-0.005-8E-5-50-4-2.fa	XML-4	3	15591
XML-4/alignment_XML4-4000-0.005-8E-5-50-4-3.fa	XML-4	5	18381
XML-4/alignment_XML4-4000-0.005-8E-5-50-5-1.fa	XML-4	8	19025
XML-4/alignment_XML4-4000-0.005-8E-5-50-5-2.fa	XML-4	7	19025
XML-4/alignment_XML4-4000-0.005-8E-5-50-5-3.fa	XML-4	15	19025
XML-4/alignment_XML4-4000-0.01-12E-5-100-1-1.fa	XML-4	12	19025
XML-4/alignment_XML4-4000-0.01-12E-5-100-1-2.fa	XML-4	8	19025
XML-4/alignment_XML4-4000-0.01-12E-5-100-1-3.fa	XML-4	16	19025
XML-4/alignment_XML4-4000-0.01-12E-5-100-2-1.fa	XML-4	15	19025
XML-4/alignment_XML4-4000-0.01-12E-5-100-2-2.fa	XML-4	16	19025
XML-4/alignment_XML4-4000-0.01-12E-5-100-2-3.fa	XML-4	20	19025
XML-4/alignment_XML4-4000-0.01-12E-5-100-3-1.fa	XML-4	17	19025
XML-4/alignment_XML4-4000-0.01-12E-5-100-3-2.fa	XML-4	17	19025
XML-4/alignment_XML4-4000-0.01-12E-5-100-3-3.fa	XML-4	13	19025
XML-4/alignment_XML4-4000-0.01-12E-5-100-4-1.fa	XML-4	12	19025
XML-4/alignment_XML4-4000-0.01-12E-5-100-4-2.fa	XML-4	11	19025
XML-4/alignment_XML4-4000-0.01-12E-5-100-4-3.fa	XML-4	21	19025
XML-4/alignment_XML4-4000-0.01-12E-5-100-5-1.fa	XML-4	23	19025
XML-4/alignment_XML4-4000-0.01-12E-5-100-5-2.fa	XML-4	21	19025
XML-4/alignment_XML4-4000-0.01-12E-5-100-5-3.fa	XML-4	14	19025
XML-4/alignment_XML4-4000-0.01-12E-5-200-1-1.fa	XML-4	12	19025
XML-4/alignment_XML4-4000-0.01-12E-5-200-1-2.fa	XML-4	16	19025
XML-4/alignment_XML4-4000-0.01-12E-5-200-1-3.fa	XML-4	34	19025
XML-4/alignment_XML4-4000-0.01-12E-5-200-2-1.fa	XML-4	15	19025
XML-4/alignment_XML4-4000-0.01-12E-5-200-2-2.fa	XML-4	19	18864
XML-4/alignment_XML4-4000-0.01-12E-5-200-2-3.fa	XML-4	32	19025
XML-4/alignment_XML4-4000-0.01-12E-5-200-3-1.fa	XML-4	21	19025
XML-4/alignment_XML4-4000-0.01-12E-5-200-3-2.fa	XML-4	23	19025
XML-4/alignment_XML4-4000-0.01-12E-5-200-3-3.fa	XML-4	14	16611
XML-4/alignment_XML4-4000-0.01-12E-5-200-4-1.fa	XML-4	19	19025
XML-4/alignment_XML4-4000-0.01-12E-5-200-4-2.fa	XML-4	29	19025
XML-4/alignment_XML4-4000-0.01-12E-5-200-4-3.fa	XML-4	19	19025
XML-4/alignment_XML4-4000-0.01-12E-5-200-5-1.fa	XML-4	37	19025
XML-4/alignment_XML4-4000-0.01-12E-5-200-5-2.fa	XML-4	29	19025
XML-4/alignment_XML4-4000-0.01-12E-5-200-5-3.fa	XML-4	23	19025
XML-4/alignment_XML4-4000-0.01-12E-5-50-1-1.fa	XML-4	16	19025
XML-4/alignment_XML4-4000-0.01-12E-5-50-1-2.fa	XML-4	19	19025
XML-4/alignment_XML4-4000-0.01-12E-5-50-1-3.fa	XML-4	14	17334
XML-4/alignment_XML4-4000-0.01-12E-5-50-2-1.fa	XML-4	11	19025
XML-4/alignment_XML4-4000-0.01-12E-5-50-2-2.fa	XML-4	9	19025
XML-4/alignment_XML4-4000-0.01-12E-5-50-2-3.fa	XML-4	12	19025
XML-4/alignment_XML4-4000-0.01-12E-5-50-3-1.fa	XML-4	9	19025
XML-4/alignment_XML4-4000-0.01-12E-5-50-3-2.fa	XML-4	28	19025
XML-4/alignment_XML4-4000-0.01-12E-5-50-3-3.fa	XML-4	9	19025
XML-4/alignment_XML4-4000-0.01-12E-5-50-4-1.fa	XML-4	19	19025
XML-4/alignment_XML4-4000-0.01-12E-5-50-4-2.fa	XML-4	15	19025
XML-4/alignment_XML4-4000-0.01-12E-5-50-4-3.fa	XML-4	10	18141
XML-4/alignment_XML4-4000-0.01-12E-5-50-5-1.fa	XML-4	8	19025
XML-4/alignment_XML4-4000-0.01-12E-5-50-5-2.fa	XML-4	20	19025
XML-4/alignment_XML4-4000-0.01-12E-5-50-5-3.fa	XML-4	16	19025
XML-4/alignment_XML4-4000-0.01-4E-5-100-1-1.fa	XML-4	10	19025
XML-4/alignment_XML4-4000-0.01-4E-5-100-1-2.fa	XML-4	10	19025
XML-4/alignment_XML4-4000-0.01-4E-5-100-1-3.fa	XML-4	17	19025
XML-4/alignment_XML4-4000-0.01-4E-5-100-2-1.fa	XML-4	16	19025
XML-4/alignment_XML4-4000-0.01-4E-5-100-2-2.fa	XML-4	9	19025
XML-4/alignment_XML4-4000-0.01-4E-5-100-2-3.fa	XML-4	15	19025
XML-4/alignment_XML4-4000-0.01-4E-5-100-3-1.fa	XML-4	12	19025
XML-4/alignment_XML4-4000-0.01-4E-5-100-3-2.fa	XML-4	23	19025
XML-4/alignment_XML4-4000-0.01-4E-5-100-3-3.fa	XML-4	6	19025
XML-4/alignment_XML4-4000-0.01-4E-5-100-4-1.fa	XML-4	12	19025
XML-4/alignment_XML4-4000-0.01-4E-5-100-4-2.fa	XML-4	18	19025
XML-4/alignment_XML4-4000-0.01-4E-5-100-4-3.fa	XML-4	16	19025
XML-4/alignment_XML4-4000-0.01-4E-5-100-5-1.fa	XML-4	14	19025
XML-4/alignment_XML4-4000-0.01-4E-5-100-5-2.fa	XML-4	22	19025
XML-4/alignment_XML4-4000-0.01-4E-5-100-5-3.fa	XML-4	18	19025
XML-4/alignment_XML4-4000-0.01-4E-5-200-1-1.fa	XML-4	20	19025
XML-4/alignment_XML4-4000-0.01-4E-5-200-1-2.fa	XML-4	19	19025
XML-4/alignment_XML4-4000-0.01-4E-5-200-1-3.fa	XML-4	17	19025
XML-4/alignment_XML4-4000-0.01-4E-5-200-2-1.fa	XML-4	13	19025
XML-4/alignment_XML4-4000-0.01-4E-5-200-2-2.fa	XML-4	21	19025
XML-4/alignment_XML4-4000-0.01-4E-5-200-2-3.fa	XML-4	19	19025
XML-4/alignment_XML4-4000-0.01-4E-5-200-3-1.fa	XML-4	20	19025
XML-4/alignment_XML4-4000-0.01-4E-5-200-3-2.fa	XML-4	16	19025
XML-4/alignment_XML4-4000-0.01-4E-5-200-3-3.fa	XML-4	17	19025
XML-4/alignment_XML4-4000-0.01-4E-5-200-4-1.fa	XML-4	20	19025
XML-4/alignment_XML4-4000-0.01-4E-5-200-4-2.fa	XML-4	14	19025
XML-4/alignment_XML4-4000-0.01-4E-5-200-4-3.fa	XML-4	15	19025
XML-4/alignment_XML4-4000-0.01-4E-5-200-5-1.fa	XML-4	21	19025
XML-4/alignment_XML4-4000-0.01-4E-5-200-5-2.fa	XML-4	25	19025
XML-4/alignment_XML4-4000-0.01-4E-5-200-5-3.fa	XML-4	19	19025
XML-4/alignment_XML4-4000-0.01-4E-5-50-1-1.fa	XML-4	10	19025
XML-4/alignment_XML4-4000-0.01-4E-5-50-1-2.fa	XML-4	11	19025
XML-4/alignment_XML4-4000-0.01-4E-5-50-1-3.fa	XML-4	11	19025
XML-4/alignment_XML4-4000-0.01-4E-5-50-2-1.fa	XML-4	5	16824
XML-4/alignment_XML4-4000-0.01-4E-5-50-2-2.fa	XML-4	14	19025
XML-4/alignment_XML4-4000-0.01-4E-5-50-2-3.fa	XML-4	16	19025
XML-4/alignment_XML4-4000-0.01-4E-5-50-3-1.fa	XML-4	7	19025
XML-4/alignment_XML4-4000-0.01-4E-5-50-3-2.fa	XML-4	7	19025
XML-4/alignment_XML4-4000-0.01-4E-5-50-3-3.fa	XML-4	10	19025
XML-4/alignment_XML4-4000-0.01-4E-5-50-4-1.fa	XML-4	11	19025
XML-4/alignment_XML4-4000-0.01-4E-5-50-4-2.fa	XML-4	9	16728
XML-4/alignment_XML4-4000-0.01-4E-5-50-4-3.fa	XML-4	17	19025
XML-4/alignment_XML4-4000-0.01-4E-5-50-5-1.fa	XML-4	15	19025
XML-4/alignment_XML4-4000-0.01-4E-5-50-5-2.fa	XML-4	9	19025
XML-4/alignment_XML4-4000-0.01-4E-5-50-5-3.fa	XML-4	9	19025
XML-4/alignment_XML4-4000-0.01-8E-5-100-1-1.fa	XML-4	31	19025
XML-4/alignment_XML4-4000-0.01-8E-5-100-1-2.fa	XML-4	21	19025
XML-4/alignment_XML4-4000-0.01-8E-5-100-1-3.fa	XML-4	24	19025
XML-4/alignment_XML4-4000-0.01-8E-5-100-2-1.fa	XML-4	19	19025
XML-4/alignment_XML4-4000-0.01-8E-5-100-2-2.fa	XML-4	21	19025
XML-4/alignment_XML4-4000-0.01-8E-5-100-2-3.fa	XML-4	21	19025
XML-4/alignment_XML4-4000-0.01-8E-5-100-3-1.fa	XML-4	13	19025
XML-4/alignment_XML4-4000-0.01-8E-5-100-3-2.fa	XML-4	17	19025
XML-4/alignment_XML4-4000-0.01-8E-5-100-3-3.fa	XML-4	8	18942
XML-4/alignment_XML4-4000-0.01-8E-5-100-4-1.fa	XML-4	12	19025
XML-4/alignment_XML4-4000-0.01-8E-5-100-4-2.fa	XML-4	16	19025
XML-4/alignment_XML4-4000-0.01-8E-5-100-4-3.fa	XML-4	20	19025
XML-4/alignment_XML4-4000-0.01-8E-5-100-5-1.fa	XML-4	21	19025
XML-4/alignment_XML4-4000-0.01-8E-5-100-5-2.fa	XML-4	21	19025
XML-4/alignment_XML4-4000-0.01-8E-5-100-5-3.fa	XML-4	17	18189
XML-4/alignment_XML4-4000-0.01-8E-5-200-1-1.fa	XML-4	29	19025
XML-4/alignment_XML4-4000-0.01-8E-5-200-1-2.fa	XML-4	24	19025
XML-4/alignment_XML4-4000-0.01-8E-5-200-1-3.fa	XML-4	27	19025
XML-4/alignment_XML4-4000-0.01-8E-5-200-2-1.fa	XML-4	20	19025
XML-4/alignment_XML4-4000-0.01-8E-5-200-2-2.fa	XML-4	21	19025
XML-4/alignment_XML4-4000-0.01-8E-5-200-2-3.fa	XML-4	22	19025
XML-4/alignment_XML4-4000-0.01-8E-5-200-3-1.fa	XML-4	13	19025
XML-4/alignment_XML4-4000-0.01-8E-5-200-3-2.fa	XML-4	13	19025
XML-4/alignment_XML4-4000-0.01-8E-5-200-3-3.fa	XML-4	22	19025
XML-4/alignment_XML4-4000-0.01-8E-5-200-4-1.fa	XML-4	22	19025
XML-4/alignment_XML4-4000-0.01-8E-5-200-4-2.fa	XML-4	22	19025
XML-4/alignment_XML4-4000-0.01-8E-5-200-4-3.fa	XML-4	24	19025
XML-4/alignment_XML4-4000-0.01-8E-5-200-5-1.fa	XML-4	17	19025
XML-4/alignment_XML4-4000-0.01-8E-5-200-5-2.fa	XML-4	21	19025
XML-4/alignment_XML4-4000-0.01-8E-5-200-5-3.fa	XML-4	21	19025
XML-4/alignment_XML4-4000-0.01-8E-5-50-1-1.fa	XML-4	8	19025
XML-4/alignment_XML4-4000-0.01-8E-5-50-1-2.fa	XML-4	18	19025
XML-4/alignment_XML4-4000-0.01-8E-5-50-1-3.fa	XML-4	24	19025
XML-4/alignment_XML4-4000-0.01-8E-5-50-2-1.fa	XML-4	14	19025
XML-4/alignment_XML4-4000-0.01-8E-5-50-2-2.fa	XML-4	11	19025
XML-4/alignment_XML4-4000-0.01-8E-5-50-2-3.fa	XML-4	8	19025
XML-4/alignment_XML4-4000-0.01-8E-5-50-3-1.fa	XML-4	10	19025
XML-4/alignment_XML4-4000-0.01-8E-5-50-3-2.fa	XML-4	18	19025
XML-4/alignment_XML4-4000-0.01-8E-5-50-3-3.fa	XML-4	7	18267
XML-4/alignment_XML4-4000-0.01-8E-5-50-4-1.fa	XML-4	16	19025
XML-4/alignment_XML4-4000-0.01-8E-5-50-4-2.fa	XML-4	14	19025
XML-4/alignment_XML4-4000-0.01-8E-5-50-4-3.fa	XML-4	18	19025
XML-4/alignment_XML4-4000-0.01-8E-5-50-5-1.fa	XML-4	10	19025
XML-4/alignment_XML4-4000-0.01-8E-5-50-5-2.fa	XML-4	15	19025
XML-4/alignment_XML4-4000-0.01-8E-5-50-5-3.fa	XML-4	9	19025
XML-4/alignment_XML4-4000-0.02-12E-5-100-1-1.fa	XML-4	21	19025
XML-4/alignment_XML4-4000-0.02-12E-5-100-1-2.fa	XML-4	40	19025
XML-4/alignment_XML4-4000-0.02-12E-5-100-1-3.fa	XML-4	33	19025
XML-4/alignment_XML4-4000-0.02-12E-5-100-2-1.fa	XML-4	32	19025
XML-4/alignment_XML4-4000-0.02-12E-5-100-2-2.fa	XML-4	30	19025
XML-4/alignment_XML4-4000-0.02-12E-5-100-2-3.fa	XML-4	32	19025
XML-4/alignment_XML4-4000-0.02-12E-5-100-3-1.fa	XML-4	31	19025
XML-4/alignment_XML4-4000-0.02-12E-5-100-3-2.fa	XML-4	35	19025
XML-4/alignment_XML4-4000-0.02-12E-5-100-3-3.fa	XML-4	23	19025
XML-4/alignment_XML4-4000-0.02-12E-5-100-4-1.fa	XML-4	24	19025
XML-4/alignment_XML4-4000-0.02-12E-5-100-4-2.fa	XML-4	30	19025
XML-4/alignment_XML4-4000-0.02-12E-5-100-4-3.fa	XML-4	27	19025
XML-4/alignment_XML4-4000-0.02-12E-5-100-5-1.fa	XML-4	12	19025
XML-4/alignment_XML4-4000-0.02-12E-5-100-5-2.fa	XML-4	27	19025
XML-4/alignment_XML4-4000-0.02-12E-5-100-5-3.fa	XML-4	49	19025
XML-4/alignment_XML4-4000-0.02-12E-5-200-1-1.fa	XML-4	44	19025
XML-4/alignment_XML4-4000-0.02-12E-5-200-1-2.fa	XML-4	32	19025
XML-4/alignment_XML4-4000-0.02-12E-5-200-1-3.fa	XML-4	33	19025
XML-4/alignment_XML4-4000-0.02-12E-5-200-2-1.fa	XML-4	58	19025
XML-4/alignment_XML4-4000-0.02-12E-5-200-2-2.fa	XML-4	42	19025
XML-4/alignment_XML4-4000-0.02-12E-5-200-2-3.fa	XML-4	35	19025
XML-4/alignment_XML4-4000-0.02-12E-5-200-3-1.fa	XML-4	34	19025
XML-4/alignment_XML4-4000-0.02-12E-5-200-3-2.fa	XML-4	39	19025
XML-4/alignment_XML4-4000-0.02-12E-5-200-3-3.fa	XML-4	60	19025
XML-4/alignment_XML4-4000-0.02-12E-5-200-4-1.fa	XML-4	49	19025
XML-4/alignment_XML4-4000-0.02-12E-5-200-4-2.fa	XML-4	39	19025
XML-4/alignment_XML4-4000-0.02-12E-5-200-4-3.fa	XML-4	74	19025
XML-4/alignment_XML4-4000-0.02-12E-5-200-5-1.fa	XML-4	36	19025
XML-4/alignment_XML4-4000-0.02-12E-5-200-5-2.fa	XML-4	48	19025
XML-4/alignment_XML4-4000-0.02-12E-5-200-5-3.fa	XML-4	49	19025
XML-4/alignment_XML4-4000-0.02-12E-5-50-1-1.fa	XML-4	18	19025
XML-4/alignment_XML4-4000-0.02-12E-5-50-1-2.fa	XML-4	30	19025
XML-4/alignment_XML4-4000-0.02-12E-5-50-1-3.fa	XML-4	19	19025
XML-4/alignment_XML4-4000-0.02-12E-5-50-2-1.fa	XML-4	21	19025
XML-4/alignment_XML4-4000-0.02-12E-5-50-2-2.fa	XML-4	28	19025
XML-4/alignment_XML4-4000-0.02-12E-5-50-2-3.fa	XML-4	16	19025
XML-4/alignment_XML4-4000-0.02-12E-5-50-3-1.fa	XML-4	19	19025
XML-4/alignment_XML4-4000-0.02-12E-5-50-3-2.fa	XML-4	16	19025
XML-4/alignment_XML4-4000-0.02-12E-5-50-3-3.fa	XML-4	26	19025
XML-4/alignment_XML4-4000-0.02-12E-5-50-4-1.fa	XML-4	10	19025
XML-4/alignment_XML4-4000-0.02-12E-5-50-4-2.fa	XML-4	17	19025
XML-4/alignment_XML4-4000-0.02-12E-5-50-4-3.fa	XML-4	23	19025
XML-4/alignment_XML4-4000-0.02-12E-5-50-5-1.fa	XML-4	25	19025
XML-4/alignment_XML4-4000-0.02-12E-5-50-5-2.fa	XML-4	17	19025
XML-4/alignment_XML4-4000-0.02-12E-5-50-5-3.fa	XML-4	15	19025
XML-4/alignment_XML4-4000-0.02-4E-5-100-1-1.fa	XML-4	32	19025
XML-4/alignment_XML4-4000-0.02-4E-5-100-1-2.fa	XML-4	19	19025
XML-4/alignment_XML4-4000-0.02-4E-5-100-1-3.fa	XML-4	19	19025
XML-4/alignment_XML4-4000-0.02-4E-5-100-2-1.fa	XML-4	21	19025
XML-4/alignment_XML4-4000-0.02-4E-5-100-2-2.fa	XML-4	30	19025
XML-4/alignment_XML4-4000-0.02-4E-5-100-2-3.fa	XML-4	25	19025
XML-4/alignment_XML4-4000-0.02-4E-5-100-3-1.fa	XML-4	19	19025
XML-4/alignment_XML4-4000-0.02-4E-5-100-3-2.fa	XML-4	28	19025
XML-4/alignment_XML4-4000-0.02-4E-5-100-3-3.fa	XML-4	19	19025
XML-4/alignment_XML4-4000-0.02-4E-5-100-4-1.fa	XML-4	15	19025
XML-4/alignment_XML4-4000-0.02-4E-5-100-4-2.fa	XML-4	12	19025
XML-4/alignment_XML4-4000-0.02-4E-5-100-4-3.fa	XML-4	33	19025
XML-4/alignment_XML4-4000-0.02-4E-5-100-5-1.fa	XML-4	25	19025
XML-4/alignment_XML4-4000-0.02-4E-5-100-5-2.fa	XML-4	21	19025
XML-4/alignment_XML4-4000-0.02-4E-5-100-5-3.fa	XML-4	16	19025
XML-4/alignment_XML4-4000-0.02-4E-5-200-1-1.fa	XML-4	33	19025
XML-4/alignment_XML4-4000-0.02-4E-5-200-1-2.fa	XML-4	44	19025
XML-4/alignment_XML4-4000-0.02-4E-5-200-1-3.fa	XML-4	34	19025
XML-4/alignment_XML4-4000-0.02-4E-5-200-2-1.fa	XML-4	31	19025
XML-4/alignment_XML4-4000-0.02-4E-5-200-2-2.fa	XML-4	33	19025
XML-4/alignment_XML4-4000-0.02-4E-5-200-2-3.fa	XML-4	24	19025
XML-4/alignment_XML4-4000-0.02-4E-5-200-3-1.fa	XML-4	33	19025
XML-4/alignment_XML4-4000-0.02-4E-5-200-3-2.fa	XML-4	41	19025
XML-4/alignment_XML4-4000-0.02-4E-5-200-3-3.fa	XML-4	32	19025
XML-4/alignment_XML4-4000-0.02-4E-5-200-4-1.fa	XML-4	22	19025
XML-4/alignment_XML4-4000-0.02-4E-5-200-4-2.fa	XML-4	40	19025
XML-4/alignment_XML4-4000-0.02-4E-5-200-4-3.fa	XML-4	27	19025
XML-4/alignment_XML4-4000-0.02-4E-5-200-5-1.fa	XML-4	31	19025
XML-4/alignment_XML4-4000-0.02-4E-5-200-5-2.fa	XML-4	16	19025
XML-4/alignment_XML4-4000-0.02-4E-5-200-5-3.fa	XML-4	28	19025
XML-4/alignment_XML4-4000-0.02-4E-5-50-1-1.fa	XML-4	15	19025
XML-4/alignment_XML4-4000-0.02-4E-5-50-1-2.fa	XML-4	19	19025
XML-4/alignment_XML4-4000-0.02-4E-5-50-1-3.fa	XML-4	13	19025
XML-4/alignment_XML4-4000-0.02-4E-5-50-2-1.fa	XML-4	9	19025
XML-4/alignment_XML4-4000-0.02-4E-5-50-2-2.fa	XML-4	9	19025
XML-4/alignment_XML4-4000-0.02-4E-5-50-2-3.fa	XML-4	14	19025
XML-4/alignment_XML4-4000-0.02-4E-5-50-3-1.fa	XML-4	24	19025
XML-4/alignment_XML4-4000-0.02-4E-5-50-3-2.fa	XML-4	13	19025
XML-4/alignment_XML4-4000-0.02-4E-5-50-3-3.fa	XML-4	12	19025
XML-4/alignment_XML4-4000-0.02-4E-5-50-4-1.fa	XML-4	22	19025
XML-4/alignment_XML4-4000-0.02-4E-5-50-4-2.fa	XML-4	17	19025
XML-4/alignment_XML4-4000-0.02-4E-5-50-4-3.fa	XML-4	9	19025
XML-4/alignment_XML4-4000-0.02-4E-5-50-5-1.fa	XML-4	17	19025
XML-4/alignment_XML4-4000-0.02-4E-5-50-5-2.fa	XML-4	13	19025
XML-4/alignment_XML4-4000-0.02-4E-5-50-5-3.fa	XML-4	17	19025
XML-4/alignment_XML4-4000-0.02-8E-5-100-1-1.fa	XML-4	22	19025
XML-4/alignment_XML4-4000-0.02-8E-5-100-1-2.fa	XML-4	16	19025
XML-4/alignment_XML4-4000-0.02-8E-5-100-1-3.fa	XML-4	35	19025
XML-4/alignment_XML4-4000-0.02-8E-5-100-2-1.fa	XML-4	23	19025
XML-4/alignment_XML4-4000-0.02-8E-5-100-2-2.fa	XML-4	20	19025
XML-4/alignment_XML4-4000-0.02-8E-5-100-2-3.fa	XML-4	18	19025
XML-4/alignment_XML4-4000-0.02-8E-5-100-3-1.fa	XML-4	22	19025
XML-4/alignment_XML4-4000-0.02-8E-5-100-3-2.fa	XML-4	28	19025
XML-4/alignment_XML4-4000-0.02-8E-5-100-3-3.fa	XML-4	28	19025
XML-4/alignment_XML4-4000-0.02-8E-5-100-4-1.fa	XML-4	18	19025
XML-4/alignment_XML4-4000-0.02-8E-5-100-4-2.fa	XML-4	20	19025
XML-4/alignment_XML4-4000-0.02-8E-5-100-4-3.fa	XML-4	39	19025
XML-4/alignment_XML4-4000-0.02-8E-5-100-5-1.fa	XML-4	31	19025
XML-4/alignment_XML4-4000-0.02-8E-5-100-5-2.fa	XML-4	33	19025
XML-4/alignment_XML4-4000-0.02-8E-5-100-5-3.fa	XML-4	29	19025
XML-4/alignment_XML4-4000-0.02-8E-5-200-1-1.fa	XML-4	18	19025
XML-4/alignment_XML4-4000-0.02-8E-5-200-1-2.fa	XML-4	39	19025
XML-4/alignment_XML4-4000-0.02-8E-5-200-1-3.fa	XML-4	35	19025
XML-4/alignment_XML4-4000-0.02-8E-5-200-2-1.fa	XML-4	38	19025
XML-4/alignment_XML4-4000-0.02-8E-5-200-2-2.fa	XML-4	35	19025
XML-4/alignment_XML4-4000-0.02-8E-5-200-2-3.fa	XML-4	25	19025
XML-4/alignment_XML4-4000-0.02-8E-5-200-3-1.fa	XML-4	31	19025
XML-4/alignment_XML4-4000-0.02-8E-5-200-3-2.fa	XML-4	20	19025
XML-4/alignment_XML4-4000-0.02-8E-5-200-3-3.fa	XML-4	32	19025
XML-4/alignment_XML4-4000-0.02-8E-5-200-4-1.fa	XML-4	40	19025
XML-4/alignment_XML4-4000-0.02-8E-5-200-4-2.fa	XML-4	52	19025
XML-4/alignment_XML4-4000-0.02-8E-5-200-4-3.fa	XML-4	53	19025
XML-4/alignment_XML4-4000-0.02-8E-5-200-5-1.fa	XML-4	29	19025
XML-4/alignment_XML4-4000-0.02-8E-5-200-5-2.fa	XML-4	51	19025
XML-4/alignment_XML4-4000-0.02-8E-5-200-5-3.fa	XML-4	32	19025
XML-4/alignment_XML4-4000-0.02-8E-5-50-1-1.fa	XML-4	14	19025
XML-4/alignment_XML4-4000-0.02-8E-5-50-1-2.fa	XML-4	22	19025
XML-4/alignment_XML4-4000-0.02-8E-5-50-1-3.fa	XML-4	16	19025
XML-4/alignment_XML4-4000-0.02-8E-5-50-2-1.fa	XML-4	20	19025
XML-4/alignment_XML4-4000-0.02-8E-5-50-2-2.fa	XML-4	22	19025
XML-4/alignment_XML4-4000-0.02-8E-5-50-2-3.fa	XML-4	23	19025
XML-4/alignment_XML4-4000-0.02-8E-5-50-3-1.fa	XML-4	20	19025
XML-4/alignment_XML4-4000-0.02-8E-5-50-3-2.fa	XML-4	12	19025
XML-4/alignment_XML4-4000-0.02-8E-5-50-3-3.fa	XML-4	18	19025
XML-4/alignment_XML4-4000-0.02-8E-5-50-4-1.fa	XML-4	17	19025
XML-4/alignment_XML4-4000-0.02-8E-5-50-4-2.fa	XML-4	20	19025
XML-4/alignment_XML4-4000-0.02-8E-5-50-4-3.fa	XML-4	20	19025
XML-4/alignment_XML4-4000-0.02-8E-5-50-5-1.fa	XML-4	21	19025
XML-4/alignment_XML4-4000-0.02-8E-5-50-5-2.fa	XML-4	22	19025
XML-4/alignment_XML4-4000-0.02-8E-5-50-5-3.fa	XML-4	14	19025
XML-5/alignment_XML5-2500-0.005-12E-5-100-1-1.fa	XML-5	10	10775
XML-5/alignment_XML5-2500-0.005-12E-5-100-1-2.fa	XML-5	11	10754
XML-5/alignment_XML5-2500-0.005-12E-5-100-2-1.fa	XML-5	17	10775
XML-5/alignment_XML5-2500-0.005-12E-5-100-2-2.fa	XML-5	11	10772
XML-5/alignment_XML5-2500-0.005-12E-5-100-3-1.fa	XML-5	14	10781
XML-5/alignment_XML5-2500-0.005-12E-5-100-3-2.fa	XML-5	15	10754
XML-5/alignment_XML5-2500-0.005-12E-5-100-4-1.fa	XML-5	16	10751
XML-5/alignment_XML5-2500-0.005-12E-5-100-4-2.fa	XML-5	11	10766
XML-5/alignment_XML5-2500-0.005-12E-5-100-5-1.fa	XML-5	9	10769
XML-5/alignment_XML5-2500-0.005-12E-5-100-5-2.fa	XML-5	14	10775
XML-5/alignment_XML5-2500-0.005-12E-5-100-6-1.fa	XML-5	4	9225
XML-5/alignment_XML5-2500-0.005-12E-5-100-6-2.fa	XML-5	10	10751
XML-5/alignment_XML5-2500-0.005-12E-5-200-1-1.fa	XML-5	7	10811
XML-5/alignment_XML5-2500-0.005-12E-5-200-1-2.fa	XML-5	10	10763
XML-5/alignment_XML5-2500-0.005-12E-5-200-2-1.fa	XML-5	23	9534
XML-5/alignment_XML5-2500-0.005-12E-5-200-2-2.fa	XML-5	9	10760
XML-5/alignment_XML5-2500-0.005-12E-5-200-3-1.fa	XML-5	18	10790
XML-5/alignment_XML5-2500-0.005-12E-5-200-3-2.fa	XML-5	12	10611
XML-5/alignment_XML5-2500-0.005-12E-5-200-4-1.fa	XML-5	18	10817
XML-5/alignment_XML5-2500-0.005-12E-5-200-4-2.fa	XML-5	31	10772
XML-5/alignment_XML5-2500-0.005-12E-5-200-5-1.fa	XML-5	16	10704
XML-5/alignment_XML5-2500-0.005-12E-5-200-5-2.fa	XML-5	8	10778
XML-5/alignment_XML5-2500-0.005-12E-5-200-6-1.fa	XML-5	12	10787
XML-5/alignment_XML5-2500-0.005-12E-5-200-6-2.fa	XML-5	12	10790
XML-5/alignment_XML5-2500-0.005-12E-5-50-1-1.fa	XML-5	5	10769
XML-5/alignment_XML5-2500-0.005-12E-5-50-1-2.fa	XML-5	10	10757
XML-5/alignment_XML5-2500-0.005-12E-5-50-2-1.fa	XML-5	7	10760
XML-5/alignment_XML5-2500-0.005-12E-5-50-2-2.fa	XML-5	10	10739
XML-5/alignment_XML5-2500-0.005-12E-5-50-3-1.fa	XML-5	3	9708
XML-5/alignment_XML5-2500-0.005-12E-5-50-4-1.fa	XML-5	8	10751
XML-5/alignment_XML5-2500-0.005-12E-5-50-4-2.fa	XML-5	6	6252
XML-5/alignment_XML5-2500-0.005-12E-5-50-5-1.fa	XML-5	5	10763
XML-5/alignment_XML5-2500-0.005-12E-5-50-5-2.fa	XML-5	5	10605
XML-5/alignment_XML5-2500-0.005-12E-5-50-6-1.fa	XML-5	12	10754
XML-5/alignment_XML5-2500-0.005-12E-5-50-6-2.fa	XML-5	6	10742
XML-5/alignment_XML5-2500-0.005-4E-5-100-1-1.fa	XML-5	11	10763
XML-5/alignment_XML5-2500-0.005-4E-5-100-1-2.fa	XML-5	14	10757
XML-5/alignment_XML5-2500-0.005-4E-5-100-2-1.fa	XML-5	12	10757
XML-5/alignment_XML5-2500-0.005-4E-5-100-2-2.fa	XML-5	11	10757
XML-5/alignment_XML5-2500-0.005-4E-5-100-3-1.fa	XML-5	12	10742
XML-5/alignment_XML5-2500-0.005-4E-5-100-3-2.fa	XML-5	6	8046
XML-5/alignment_XML5-2500-0.005-4E-5-100-4-1.fa	XML-5	7	10781
XML-5/alignment_XML5-2500-0.005-4E-5-100-4-2.fa	XML-5	7	10760
XML-5/alignment_XML5-2500-0.005-4E-5-100-5-1.fa	XML-5	10	10772
XML-5/alignment_XML5-2500-0.005-4E-5-100-5-2.fa	XML-5	5	10551
XML-5/alignment_XML5-2500-0.005-4E-5-100-6-1.fa	XML-5	8	10766
XML-5/alignment_XML5-2500-0.005-4E-5-100-6-2.fa	XML-5	11	10757
XML-5/alignment_XML5-2500-0.005-4E-5-200-1-1.fa	XML-5	13	10781
XML-5/alignment_XML5-2500-0.005-4E-5-200-1-2.fa	XML-5	16	10775
XML-5/alignment_XML5-2500-0.005-4E-5-200-2-1.fa	XML-5	17	10787
XML-5/alignment_XML5-2500-0.005-4E-5-200-2-2.fa	XML-5	10	10811
XML-5/alignment_XML5-2500-0.005-4E-5-200-3-1.fa	XML-5	23	10808
XML-5/alignment_XML5-2500-0.005-4E-5-200-3-2.fa	XML-5	12	10775
XML-5/alignment_XML5-2500-0.005-4E-5-200-4-1.fa	XML-5	14	10784
XML-5/alignment_XML5-2500-0.005-4E-5-200-4-2.fa	XML-5	12	10826
XML-5/alignment_XML5-2500-0.005-4E-5-200-5-1.fa	XML-5	21	10790
XML-5/alignment_XML5-2500-0.005-4E-5-200-5-2.fa	XML-5	15	10781
XML-5/alignment_XML5-2500-0.005-4E-5-200-6-1.fa	XML-5	8	10802
XML-5/alignment_XML5-2500-0.005-4E-5-200-6-2.fa	XML-5	16	10775
XML-5/alignment_XML5-2500-0.005-4E-5-50-1-1.fa	XML-5	7	10748
XML-5/alignment_XML5-2500-0.005-4E-5-50-1-2.fa	XML-5	9	10751
XML-5/alignment_XML5-2500-0.005-4E-5-50-2-1.fa	XML-5	6	10772
XML-5/alignment_XML5-2500-0.005-4E-5-50-2-2.fa	XML-5	3	2661
XML-5/alignment_XML5-2500-0.005-4E-5-50-3-1.fa	XML-5	7	10763
XML-5/alignment_XML5-2500-0.005-4E-5-50-3-2.fa	XML-5	10	10784
XML-5/alignment_XML5-2500-0.005-4E-5-50-4-1.fa	XML-5	12	10757
XML-5/alignment_XML5-2500-0.005-4E-5-50-4-2.fa	XML-5	9	10760
XML-5/alignment_XML5-2500-0.005-4E-5-50-5-1.fa	XML-5	9	10751
XML-5/alignment_XML5-2500-0.005-4E-5-50-5-2.fa	XML-5	8	10760
XML-5/alignment_XML5-2500-0.005-4E-5-50-6-1.fa	XML-5	9	10754
XML-5/alignment_XML5-2500-0.005-4E-5-50-6-2.fa	XML-5	9	10742
XML-5/alignment_XML5-2500-0.005-8E-5-100-1-1.fa	XML-5	8	10754
XML-5/alignment_XML5-2500-0.005-8E-5-100-1-2.fa	XML-5	14	10757
XML-5/alignment_XML5-2500-0.005-8E-5-100-2-1.fa	XML-5	12	10766
XML-5/alignment_XML5-2500-0.005-8E-5-100-2-2.fa	XML-5	6	10793
XML-5/alignment_XML5-2500-0.005-8E-5-100-3-1.fa	XML-5	10	10778
XML-5/alignment_XML5-2500-0.005-8E-5-100-3-2.fa	XML-5	14	10766
XML-5/alignment_XML5-2500-0.005-8E-5-100-4-1.fa	XML-5	12	10757
XML-5/alignment_XML5-2500-0.005-8E-5-100-4-2.fa	XML-5	13	10784
XML-5/alignment_XML5-2500-0.005-8E-5-100-5-1.fa	XML-5	10	10772
XML-5/alignment_XML5-2500-0.005-8E-5-100-5-2.fa	XML-5	8	10763
XML-5/alignment_XML5-2500-0.005-8E-5-100-6-1.fa	XML-5	11	10748
XML-5/alignment_XML5-2500-0.005-8E-5-100-6-2.fa	XML-5	16	10784
XML-5/alignment_XML5-2500-0.005-8E-5-200-1-1.fa	XML-5	12	10799
XML-5/alignment_XML5-2500-0.005-8E-5-200-1-2.fa	XML-5	18	10787
XML-5/alignment_XML5-2500-0.005-8E-5-200-2-1.fa	XML-5	14	10778
XML-5/alignment_XML5-2500-0.005-8E-5-200-2-2.fa	XML-5	8	10775
XML-5/alignment_XML5-2500-0.005-8E-5-200-3-1.fa	XML-5	7	10772
XML-5/alignment_XML5-2500-0.005-8E-5-200-3-2.fa	XML-5	15	10775
XML-5/alignment_XML5-2500-0.005-8E-5-200-4-1.fa	XML-5	9	10775
XML-5/alignment_XML5-2500-0.005-8E-5-200-4-2.fa	XML-5	15	10781
XML-5/alignment_XML5-2500-0.005-8E-5-200-5-1.fa	XML-5	19	10784
XML-5/alignment_XML5-2500-0.005-8E-5-200-5-2.fa	XML-5	11	10766
XML-5/alignment_XML5-2500-0.005-8E-5-200-6-1.fa	XML-5	11	10799
XML-5/alignment_XML5-2500-0.005-8E-5-200-6-2.fa	XML-5	6	10805
XML-5/alignment_XML5-2500-0.005-8E-5-50-1-1.fa	XML-5	2	10742
XML-5/alignment_XML5-2500-0.005-8E-5-50-1-2.fa	XML-5	7	10763
XML-5/alignment_XML5-2500-0.005-8E-5-50-2-1.fa	XML-5	6	10742
XML-5/alignment_XML5-2500-0.005-8E-5-50-2-2.fa	XML-5	8	10754
XML-5/alignment_XML5-2500-0.005-8E-5-50-3-1.fa	XML-5	4	9975
XML-5/alignment_XML5-2500-0.005-8E-5-50-3-2.fa	XML-5	7	10763
XML-5/alignment_XML5-2500-0.005-8E-5-50-4-1.fa	XML-5	9	10769
XML-5/alignment_XML5-2500-0.005-8E-5-50-4-2.fa	XML-5	4	10751
XML-5/alignment_XML5-2500-0.005-8E-5-50-5-1.fa	XML-5	7	10760
XML-5/alignment_XML5-2500-0.005-8E-5-50-5-2.fa	XML-5	7	10748
XML-5/alignment_XML5-2500-0.005-8E-5-50-6-1.fa	XML-5	13	10754
XML-5/alignment_XML5-2500-0.005-8E-5-50-6-2.fa	XML-5	6	10745
XML-5/alignment_XML5-2500-0.01-12E-5-100-1-1.fa	XML-5	17	10763
XML-5/alignment_XML5-2500-0.01-12E-5-100-1-2.fa	XML-5	23	10766
XML-5/alignment_XML5-2500-0.01-12E-5-100-2-1.fa	XML-5	29	10757
XML-5/alignment_XML5-2500-0.01-12E-5-100-2-2.fa	XML-5	11	10763
XML-5/alignment_XML5-2500-0.01-12E-5-100-3-1.fa	XML-5	18	10751
XML-5/alignment_XML5-2500-0.01-12E-5-100-3-2.fa	XML-5	9	10787
XML-5/alignment_XML5-2500-0.01-12E-5-100-4-1.fa	XML-5	10	10128
XML-5/alignment_XML5-2500-0.01-12E-5-100-4-2.fa	XML-5	12	10745
XML-5/alignment_XML5-2500-0.01-12E-5-100-5-1.fa	XML-5	17	10787
XML-5/alignment_XML5-2500-0.01-12E-5-100-5-2.fa	XML-5	25	10784
XML-5/alignment_XML5-2500-0.01-12E-5-100-6-1.fa	XML-5	23	10787
XML-5/alignment_XML5-2500-0.01-12E-5-100-6-2.fa	XML-5	18	10766
XML-5/alignment_XML5-2500-0.01-12E-5-200-1-1.fa	XML-5	24	10823
XML-5/alignment_XML5-2500-0.01-12E-5-200-1-2.fa	XML-5	25	10790
XML-5/alignment_XML5-2500-0.01-12E-5-200-2-1.fa	XML-5	34	10793
XML-5/alignment_XML5-2500-0.01-12E-5-200-2-2.fa	XML-5	27	10778
XML-5/alignment_XML5-2500-0.01-12E-5-200-3-1.fa	XML-5	38	10811
XML-5/alignment_XML5-2500-0.01-12E-5-200-3-2.fa	XML-5	14	10775
XML-5/alignment_XML5-2500-0.01-12E-5-200-4-1.fa	XML-5	30	10799
XML-5/alignment_XML5-2500-0.01-12E-5-200-4-2.fa	XML-5	30	10784
XML-5/alignment_XML5-2500-0.01-12E-5-200-5-1.fa	XML-5	28	10795
XML-5/alignment_XML5-2500-0.01-12E-5-200-5-2.fa	XML-5	21	10805
XML-5/alignment_XML5-2500-0.01-12E-5-200-6-1.fa	XML-5	23	10778
XML-5/alignment_XML5-2500-0.01-12E-5-200-6-2.fa	XML-5	20	10775
XML-5/alignment_XML5-2500-0.01-12E-5-50-1-1.fa	XML-5	10	10751
XML-5/alignment_XML5-2500-0.01-12E-5-50-1-2.fa	XML-5	11	10736
XML-5/alignment_XML5-2500-0.01-12E-5-50-2-1.fa	XML-5	11	10751
XML-5/alignment_XML5-2500-0.01-12E-5-50-2-2.fa	XML-5	13	10763
XML-5/alignment_XML5-2500-0.01-12E-5-50-3-1.fa	XML-5	11	10769
XML-5/alignment_XML5-2500-0.01-12E-5-50-3-2.fa	XML-5	16	10778
XML-5/alignment_XML5-2500-0.01-12E-5-50-4-1.fa	XML-5	13	10772
XML-5/alignment_XML5-2500-0.01-12E-5-50-4-2.fa	XML-5	19	10763
XML-5/alignment_XML5-2500-0.01-12E-5-50-5-1.fa	XML-5	11	10751
XML-5/alignment_XML5-2500-0.01-12E-5-50-5-2.fa	XML-5	18	10766
XML-5/alignment_XML5-2500-0.01-12E-5-50-6-1.fa	XML-5	11	10754
XML-5/alignment_XML5-2500-0.01-12E-5-50-6-2.fa	XML-5	17	10745
XML-5/alignment_XML5-2500-0.01-4E-5-100-1-1.fa	XML-5	20	10760
XML-5/alignment_XML5-2500-0.01-4E-5-100-1-2.fa	XML-5	13	10769
XML-5/alignment_XML5-2500-0.01-4E-5-100-2-1.fa	XML-5	13	10751
XML-5/alignment_XML5-2500-0.01-4E-5-100-2-2.fa	XML-5	20	10775
XML-5/alignment_XML5-2500-0.01-4E-5-100-3-1.fa	XML-5	21	10775
XML-5/alignment_XML5-2500-0.01-4E-5-100-3-2.fa	XML-5	16	10754
XML-5/alignment_XML5-2500-0.01-4E-5-100-4-1.fa	XML-5	17	10778
XML-5/alignment_XML5-2500-0.01-4E-5-100-4-2.fa	XML-5	19	10757
XML-5/alignment_XML5-2500-0.01-4E-5-100-5-1.fa	XML-5	21	10796
XML-5/alignment_XML5-2500-0.01-4E-5-100-5-2.fa	XML-5	11	10751
XML-5/alignment_XML5-2500-0.01-4E-5-100-6-1.fa	XML-5	25	10772
XML-5/alignment_XML5-2500-0.01-4E-5-100-6-2.fa	XML-5	17	10787
XML-5/alignment_XML5-2500-0.01-4E-5-200-1-1.fa	XML-5	19	10799
XML-5/alignment_XML5-2500-0.01-4E-5-200-1-2.fa	XML-5	20	10811
XML-5/alignment_XML5-2500-0.01-4E-5-200-2-1.fa	XML-5	22	10823
XML-5/alignment_XML5-2500-0.01-4E-5-200-2-2.fa	XML-5	27	10796
XML-5/alignment_XML5-2500-0.01-4E-5-200-3-1.fa	XML-5	31	10838
XML-5/alignment_XML5-2500-0.01-4E-5-200-3-2.fa	XML-5	25	10763
XML-5/alignment_XML5-2500-0.01-4E-5-200-4-1.fa	XML-5	23	10811
XML-5/alignment_XML5-2500-0.01-4E-5-200-4-2.fa	XML-5	29	10808
XML-5/alignment_XML5-2500-0.01-4E-5-200-5-2.fa	XML-5	34	10808
XML-5/alignment_XML5-2500-0.01-4E-5-200-6-1.fa	XML-5	26	10793
XML-5/alignment_XML5-2500-0.01-4E-5-200-6-2.fa	XML-5	24	10787
XML-5/alignment_XML5-2500-0.01-4E-5-50-1-1.fa	XML-5	15	10772
XML-5/alignment_XML5-2500-0.01-4E-5-50-1-2.fa	XML-5	10	10757
XML-5/alignment_XML5-2500-0.01-4E-5-50-2-1.fa	XML-5	14	10760
XML-5/alignment_XML5-2500-0.01-4E-5-50-2-2.fa	XML-5	19	10793
XML-5/alignment_XML5-2500-0.01-4E-5-50-3-1.fa	XML-5	12	10760
XML-5/alignment_XML5-2500-0.01-4E-5-50-3-2.fa	XML-5	20	10784
XML-5/alignment_XML5-2500-0.01-4E-5-50-4-1.fa	XML-5	10	10754
XML-5/alignment_XML5-2500-0.01-4E-5-50-4-2.fa	XML-5	11	10745
XML-5/alignment_XML5-2500-0.01-4E-5-50-5-1.fa	XML-5	13	10784
XML-5/alignment_XML5-2500-0.01-4E-5-50-5-2.fa	XML-5	14	10757
XML-5/alignment_XML5-2500-0.01-4E-5-50-6-1.fa	XML-5	10	10769
XML-5/alignment_XML5-2500-0.01-4E-5-50-6-2.fa	XML-5	15	10763
XML-5/alignment_XML5-2500-0.01-8E-5-100-1-1.fa	XML-5	25	10766
XML-5/alignment_XML5-2500-0.01-8E-5-100-1-2.fa	XML-5	23	10775
XML-5/alignment_XML5-2500-0.01-8E-5-100-2-1.fa	XML-5	11	10781
XML-5/alignment_XML5-2500-0.01-8E-5-100-2-2.fa	XML-5	17	10784
XML-5/alignment_XML5-2500-0.01-8E-5-100-3-1.fa	XML-5	26	10778
XML-5/alignment_XML5-2500-0.01-8E-5-100-3-2.fa	XML-5	19	10781
XML-5/alignment_XML5-2500-0.01-8E-5-100-4-1.fa	XML-5	23	10754
XML-5/alignment_XML5-2500-0.01-8E-5-100-4-2.fa	XML-5	16	10775
XML-5/alignment_XML5-2500-0.01-8E-5-100-5-1.fa	XML-5	22	10790
XML-5/alignment_XML5-2500-0.01-8E-5-100-5-2.fa	XML-5	19	10748
XML-5/alignment_XML5-2500-0.01-8E-5-100-6-1.fa	XML-5	22	10784
XML-5/alignment_XML5-2500-0.01-8E-5-100-6-2.fa	XML-5	14	10772
XML-5/alignment_XML5-2500-0.01-8E-5-200-1-1.fa	XML-5	44	10793
XML-5/alignment_XML5-2500-0.01-8E-5-200-1-2.fa	XML-5	27	10784
XML-5/alignment_XML5-2500-0.01-8E-5-200-2-2.fa	XML-5	33	10793
XML-5/alignment_XML5-2500-0.01-8E-5-200-3-1.fa	XML-5	26	10787
XML-5/alignment_XML5-2500-0.01-8E-5-200-3-2.fa	XML-5	32	10790
XML-5/alignment_XML5-2500-0.01-8E-5-200-4-1.fa	XML-5	21	10781
XML-5/alignment_XML5-2500-0.01-8E-5-200-4-2.fa	XML-5	26	10808
XML-5/alignment_XML5-2500-0.01-8E-5-200-5-1.fa	XML-5	34	10772
XML-5/alignment_XML5-2500-0.01-8E-5-200-5-2.fa	XML-5	20	10778
XML-5/alignment_XML5-2500-0.01-8E-5-200-6-1.fa	XML-5	29	10766
XML-5/alignment_XML5-2500-0.01-8E-5-200-6-2.fa	XML-5	24	10793
XML-5/alignment_XML5-2500-0.01-8E-5-50-1-1.fa	XML-5	11	10745
XML-5/alignment_XML5-2500-0.01-8E-5-50-1-2.fa	XML-5	19	10760
XML-5/alignment_XML5-2500-0.01-8E-5-50-2-1.fa	XML-5	13	10626
XML-5/alignment_XML5-2500-0.01-8E-5-50-2-2.fa	XML-5	15	10760
XML-5/alignment_XML5-2500-0.01-8E-5-50-3-1.fa	XML-5	11	10751
XML-5/alignment_XML5-2500-0.01-8E-5-50-3-2.fa	XML-5	9	10739
XML-5/alignment_XML5-2500-0.01-8E-5-50-4-1.fa	XML-5	14	10317
XML-5/alignment_XML5-2500-0.01-8E-5-50-4-2.fa	XML-5	13	10742
XML-5/alignment_XML5-2500-0.01-8E-5-50-5-1.fa	XML-5	16	10739
XML-5/alignment_XML5-2500-0.01-8E-5-50-5-2.fa	XML-5	13	10772
XML-5/alignment_XML5-2500-0.01-8E-5-50-6-1.fa	XML-5	9	10763
XML-5/alignment_XML5-2500-0.01-8E-5-50-6-2.fa	XML-5	18	10784
XML-5/alignment_XML5-2500-0.02-12E-5-100-1-1.fa	XML-5	23	10775
XML-5/alignment_XML5-2500-0.02-12E-5-100-1-2.fa	XML-5	51	10793
XML-5/alignment_XML5-2500-0.02-12E-5-100-2-2.fa	XML-5	33	10781
XML-5/alignment_XML5-2500-0.02-12E-5-100-3-1.fa	XML-5	34	10763
XML-5/alignment_XML5-2500-0.02-12E-5-100-3-2.fa	XML-5	40	10781
XML-5/alignment_XML5-2500-0.02-12E-5-100-4-1.fa	XML-5	32	10772
XML-5/alignment_XML5-2500-0.02-12E-5-100-4-2.fa	XML-5	33	10769
XML-5/alignment_XML5-2500-0.02-12E-5-100-5-1.fa	XML-5	41	10781
XML-5/alignment_XML5-2500-0.02-12E-5-100-5-2.fa	XML-5	35	10781
XML-5/alignment_XML5-2500-0.02-12E-5-100-6-1.fa	XML-5	34	10784
XML-5/alignment_XML5-2500-0.02-12E-5-100-6-2.fa	XML-5	40	10787
XML-5/alignment_XML5-2500-0.02-12E-5-200-1-1.fa	XML-5	47	10829
XML-5/alignment_XML5-2500-0.02-12E-5-200-1-2.fa	XML-5	47	10799
XML-5/alignment_XML5-2500-0.02-12E-5-200-2-1.fa	XML-5	45	10793
XML-5/alignment_XML5-2500-0.02-12E-5-200-2-2.fa	XML-5	43	10775
XML-5/alignment_XML5-2500-0.02-12E-5-200-3-1.fa	XML-5	55	10826
XML-5/alignment_XML5-2500-0.02-12E-5-200-3-2.fa	XML-5	48	10838
XML-5/alignment_XML5-2500-0.02-12E-5-200-4-1.fa	XML-5	69	10778
XML-5/alignment_XML5-2500-0.02-12E-5-200-4-2.fa	XML-5	43	10808
XML-5/alignment_XML5-2500-0.02-12E-5-200-5-1.fa	XML-5	46	10793
XML-5/alignment_XML5-2500-0.02-12E-5-200-5-2.fa	XML-5	57	10841
XML-5/alignment_XML5-2500-0.02-12E-5-200-6-1.fa	XML-5	58	10844
XML-5/alignment_XML5-2500-0.02-12E-5-200-6-2.fa	XML-5	42	10769
XML-5/alignment_XML5-2500-0.02-12E-5-50-1-1.fa	XML-5	23	10736
XML-5/alignment_XML5-2500-0.02-12E-5-50-1-2.fa	XML-5	24	10781
XML-5/alignment_XML5-2500-0.02-12E-5-50-2-1.fa	XML-5	18	10763
XML-5/alignment_XML5-2500-0.02-12E-5-50-2-2.fa	XML-5	33	10781
XML-5/alignment_XML5-2500-0.02-12E-5-50-3-1.fa	XML-5	30	10757
XML-5/alignment_XML5-2500-0.02-12E-5-50-3-2.fa	XML-5	27	10757
XML-5/alignment_XML5-2500-0.02-12E-5-50-4-1.fa	XML-5	24	10772
XML-5/alignment_XML5-2500-0.02-12E-5-50-4-2.fa	XML-5	19	10745
XML-5/alignment_XML5-2500-0.02-12E-5-50-5-1.fa	XML-5	22	10769
XML-5/alignment_XML5-2500-0.02-12E-5-50-5-2.fa	XML-5	21	10784
XML-5/alignment_XML5-2500-0.02-12E-5-50-6-1.fa	XML-5	21	10742
XML-5/alignment_XML5-2500-0.02-12E-5-50-6-2.fa	XML-5	18	10769
XML-5/alignment_XML5-2500-0.02-4E-5-100-1-1.fa	XML-5	46	10796
XML-5/alignment_XML5-2500-0.02-4E-5-100-1-2.fa	XML-5	33	10784
XML-5/alignment_XML5-2500-0.02-4E-5-100-2-1.fa	XML-5	39	10811
XML-5/alignment_XML5-2500-0.02-4E-5-100-2-2.fa	XML-5	33	10793
XML-5/alignment_XML5-2500-0.02-4E-5-100-3-2.fa	XML-5	31	10772
XML-5/alignment_XML5-2500-0.02-4E-5-100-4-1.fa	XML-5	36	10769
XML-5/alignment_XML5-2500-0.02-4E-5-100-4-2.fa	XML-5	34	10772
XML-5/alignment_XML5-2500-0.02-4E-5-100-5-1.fa	XML-5	41	10775
XML-5/alignment_XML5-2500-0.02-4E-5-100-5-2.fa	XML-5	40	10757
XML-5/alignment_XML5-2500-0.02-4E-5-100-6-1.fa	XML-5	24	10796
XML-5/alignment_XML5-2500-0.02-4E-5-100-6-2.fa	XML-5	26	10805
XML-5/alignment_XML5-2500-0.02-4E-5-200-1-1.fa	XML-5	39	10784
XML-5/alignment_XML5-2500-0.02-4E-5-200-1-2.fa	XML-5	54	10835
XML-5/alignment_XML5-2500-0.02-4E-5-200-2-1.fa	XML-5	46	10823
XML-5/alignment_XML5-2500-0.02-4E-5-200-2-2.fa	XML-5	45	10826
XML-5/alignment_XML5-2500-0.02-4E-5-200-3-1.fa	XML-5	45	10805
XML-5/alignment_XML5-2500-0.02-4E-5-200-3-2.fa	XML-5	41	10826
XML-5/alignment_XML5-2500-0.02-4E-5-200-4-1.fa	XML-5	39	10802
XML-5/alignment_XML5-2500-0.02-4E-5-200-4-2.fa	XML-5	48	10769
XML-5/alignment_XML5-2500-0.02-4E-5-200-5-1.fa	XML-5	43	10796
XML-5/alignment_XML5-2500-0.02-4E-5-200-5-2.fa	XML-5	36	10814
XML-5/alignment_XML5-2500-0.02-4E-5-200-6-1.fa	XML-5	41	10805
XML-5/alignment_XML5-2500-0.02-4E-5-200-6-2.fa	XML-5	56	10805
XML-5/alignment_XML5-2500-0.02-4E-5-50-1-1.fa	XML-5	23	10751
XML-5/alignment_XML5-2500-0.02-4E-5-50-1-2.fa	XML-5	29	10769
XML-5/alignment_XML5-2500-0.02-4E-5-50-2-1.fa	XML-5	27	10775
XML-5/alignment_XML5-2500-0.02-4E-5-50-2-2.fa	XML-5	24	10763
XML-5/alignment_XML5-2500-0.02-4E-5-50-3-1.fa	XML-5	20	10754
XML-5/alignment_XML5-2500-0.02-4E-5-50-3-2.fa	XML-5	25	10757
XML-5/alignment_XML5-2500-0.02-4E-5-50-4-1.fa	XML-5	16	10769
XML-5/alignment_XML5-2500-0.02-4E-5-50-4-2.fa	XML-5	26	10763
XML-5/alignment_XML5-2500-0.02-4E-5-50-5-1.fa	XML-5	25	10769
XML-5/alignment_XML5-2500-0.02-4E-5-50-5-2.fa	XML-5	24	10751
XML-5/alignment_XML5-2500-0.02-4E-5-50-6-1.fa	XML-5	29	10766
XML-5/alignment_XML5-2500-0.02-4E-5-50-6-2.fa	XML-5	17	10775
XML-5/alignment_XML5-2500-0.02-8E-5-100-1-1.fa	XML-5	41	10790
XML-5/alignment_XML5-2500-0.02-8E-5-100-1-2.fa	XML-5	43	10793
XML-5/alignment_XML5-2500-0.02-8E-5-100-2-1.fa	XML-5	39	10781
XML-5/alignment_XML5-2500-0.02-8E-5-100-3-1.fa	XML-5	27	10781
XML-5/alignment_XML5-2500-0.02-8E-5-100-3-2.fa	XML-5	43	10793
XML-5/alignment_XML5-2500-0.02-8E-5-100-4-1.fa	XML-5	45	10778
XML-5/alignment_XML5-2500-0.02-8E-5-100-4-2.fa	XML-5	19	10769
XML-5/alignment_XML5-2500-0.02-8E-5-100-5-1.fa	XML-5	31	10778
XML-5/alignment_XML5-2500-0.02-8E-5-100-5-2.fa	XML-5	37	10817
XML-5/alignment_XML5-2500-0.02-8E-5-100-6-1.fa	XML-5	30	10811
XML-5/alignment_XML5-2500-0.02-8E-5-100-6-2.fa	XML-5	40	10793
XML-5/alignment_XML5-2500-0.02-8E-5-200-1-2.fa	XML-5	49	10832
XML-5/alignment_XML5-2500-0.02-8E-5-200-2-1.fa	XML-5	48	10766
XML-5/alignment_XML5-2500-0.02-8E-5-200-2-2.fa	XML-5	39	10805
XML-5/alignment_XML5-2500-0.02-8E-5-200-3-1.fa	XML-5	53	10796
XML-5/alignment_XML5-2500-0.02-8E-5-200-3-2.fa	XML-5	50	10841
XML-5/alignment_XML5-2500-0.02-8E-5-200-4-1.fa	XML-5	52	10772
XML-5/alignment_XML5-2500-0.02-8E-5-200-4-2.fa	XML-5	41	10808
XML-5/alignment_XML5-2500-0.02-8E-5-200-5-1.fa	XML-5	60	10805
XML-5/alignment_XML5-2500-0.02-8E-5-200-5-2.fa	XML-5	47	10811
XML-5/alignment_XML5-2500-0.02-8E-5-200-6-1.fa	XML-5	37	10793
XML-5/alignment_XML5-2500-0.02-8E-5-200-6-2.fa	XML-5	37	10781
XML-5/alignment_XML5-2500-0.02-8E-5-50-1-1.fa	XML-5	21	10781
XML-5/alignment_XML5-2500-0.02-8E-5-50-1-2.fa	XML-5	25	10766
XML-5/alignment_XML5-2500-0.02-8E-5-50-2-1.fa	XML-5	25	10760
XML-5/alignment_XML5-2500-0.02-8E-5-50-2-2.fa	XML-5	28	10763
XML-5/alignment_XML5-2500-0.02-8E-5-50-3-1.fa	XML-5	25	10751
XML-5/alignment_XML5-2500-0.02-8E-5-50-3-2.fa	XML-5	24	10778
XML-5/alignment_XML5-2500-0.02-8E-5-50-4-1.fa	XML-5	9	10745
XML-5/alignment_XML5-2500-0.02-8E-5-50-4-2.fa	XML-5	24	10769
XML-5/alignment_XML5-2500-0.02-8E-5-50-5-1.fa	XML-5	30	10778
XML-5/alignment_XML5-2500-0.02-8E-5-50-5-2.fa	XML-5	29	10763
XML-5/alignment_XML5-2500-0.02-8E-5-50-6-1.fa	XML-5	24	10781
XML-5/alignment_XML5-2500-0.02-8E-5-50-6-2.fa	XML-5	14	10757
XML-5/alignment_XML5-3250-0.005-12E-5-100-1-1.fa	XML-5	8	10787
XML-5/alignment_XML5-3250-0.005-12E-5-100-1-2.fa	XML-5	12	10757
XML-5/alignment_XML5-3250-0.005-12E-5-100-1-3.fa	XML-5	14	10284
XML-5/alignment_XML5-3250-0.005-12E-5-100-2-1.fa	XML-5	10	10766
XML-5/alignment_XML5-3250-0.005-12E-5-100-2-2.fa	XML-5	12	10787
XML-5/alignment_XML5-3250-0.005-12E-5-100-2-3.fa	XML-5	12	10784
XML-5/alignment_XML5-3250-0.005-12E-5-100-3-1.fa	XML-5	5	10769
XML-5/alignment_XML5-3250-0.005-12E-5-100-3-2.fa	XML-5	7	10751
XML-5/alignment_XML5-3250-0.005-12E-5-100-3-3.fa	XML-5	12	10784
XML-5/alignment_XML5-3250-0.005-12E-5-100-4-1.fa	XML-5	10	10763
XML-5/alignment_XML5-3250-0.005-12E-5-100-4-2.fa	XML-5	13	10786
XML-5/alignment_XML5-3250-0.005-12E-5-100-4-3.fa	XML-5	8	10775
XML-5/alignment_XML5-3250-0.005-12E-5-100-5-1.fa	XML-5	13	10772
XML-5/alignment_XML5-3250-0.005-12E-5-100-5-2.fa	XML-5	9	10760
XML-5/alignment_XML5-3250-0.005-12E-5-100-5-3.fa	XML-5	11	10760
XML-5/alignment_XML5-3250-0.005-12E-5-100-6-1.fa	XML-5	9	10790
XML-5/alignment_XML5-3250-0.005-12E-5-100-6-2.fa	XML-5	7	10781
XML-5/alignment_XML5-3250-0.005-12E-5-100-6-3.fa	XML-5	8	10793
XML-5/alignment_XML5-3250-0.005-12E-5-200-1-1.fa	XML-5	12	10811
XML-5/alignment_XML5-3250-0.005-12E-5-200-1-2.fa	XML-5	12	10778
XML-5/alignment_XML5-3250-0.005-12E-5-200-1-3.fa	XML-5	8	10781
XML-5/alignment_XML5-3250-0.005-12E-5-200-2-1.fa	XML-5	15	10811
XML-5/alignment_XML5-3250-0.005-12E-5-200-2-2.fa	XML-5	17	10790
XML-5/alignment_XML5-3250-0.005-12E-5-200-2-3.fa	XML-5	15	10814
XML-5/alignment_XML5-3250-0.005-12E-5-200-3-1.fa	XML-5	12	10784
XML-5/alignment_XML5-3250-0.005-12E-5-200-3-2.fa	XML-5	10	10775
XML-5/alignment_XML5-3250-0.005-12E-5-200-3-3.fa	XML-5	16	10841
XML-5/alignment_XML5-3250-0.005-12E-5-200-4-1.fa	XML-5	14	10820
XML-5/alignment_XML5-3250-0.005-12E-5-200-4-2.fa	XML-5	21	10796
XML-5/alignment_XML5-3250-0.005-12E-5-200-4-3.fa	XML-5	16	10781
XML-5/alignment_XML5-3250-0.005-12E-5-200-5-1.fa	XML-5	9	10829
XML-5/alignment_XML5-3250-0.005-12E-5-200-5-2.fa	XML-5	15	10766
XML-5/alignment_XML5-3250-0.005-12E-5-200-5-3.fa	XML-5	22	10781
XML-5/alignment_XML5-3250-0.005-12E-5-200-6-1.fa	XML-5	17	10838
XML-5/alignment_XML5-3250-0.005-12E-5-200-6-2.fa	XML-5	9	10781
XML-5/alignment_XML5-3250-0.005-12E-5-200-6-3.fa	XML-5	8	10772
XML-5/alignment_XML5-3250-0.005-12E-5-50-1-1.fa	XML-5	8	10763
XML-5/alignment_XML5-3250-0.005-12E-5-50-1-2.fa	XML-5	7	10757
XML-5/alignment_XML5-3250-0.005-12E-5-50-1-3.fa	XML-5	7	10754
XML-5/alignment_XML5-3250-0.005-12E-5-50-2-1.fa	XML-5	7	10748
XML-5/alignment_XML5-3250-0.005-12E-5-50-2-2.fa	XML-5	5	10763
XML-5/alignment_XML5-3250-0.005-12E-5-50-2-3.fa	XML-5	10	10748
XML-5/alignment_XML5-3250-0.005-12E-5-50-3-1.fa	XML-5	6	10763
XML-5/alignment_XML5-3250-0.005-12E-5-50-3-2.fa	XML-5	7	10314
XML-5/alignment_XML5-3250-0.005-12E-5-50-3-3.fa	XML-5	6	10659
XML-5/alignment_XML5-3250-0.005-12E-5-50-4-1.fa	XML-5	8	10763
XML-5/alignment_XML5-3250-0.005-12E-5-50-4-2.fa	XML-5	7	10766
XML-5/alignment_XML5-3250-0.005-12E-5-50-4-3.fa	XML-5	8	10754
XML-5/alignment_XML5-3250-0.005-12E-5-50-5-1.fa	XML-5	7	10680
XML-5/alignment_XML5-3250-0.005-12E-5-50-5-2.fa	XML-5	11	10781
XML-5/alignment_XML5-3250-0.005-12E-5-50-5-3.fa	XML-5	3	10766
XML-5/alignment_XML5-3250-0.005-12E-5-50-6-1.fa	XML-5	3	10146
XML-5/alignment_XML5-3250-0.005-12E-5-50-6-3.fa	XML-5	12	10784
XML-5/alignment_XML5-3250-0.005-4E-5-100-1-1.fa	XML-5	11	10778
XML-5/alignment_XML5-3250-0.005-4E-5-100-1-2.fa	XML-5	7	10769
XML-5/alignment_XML5-3250-0.005-4E-5-100-1-3.fa	XML-5	16	10772
XML-5/alignment_XML5-3250-0.005-4E-5-100-2-1.fa	XML-5	10	10757
XML-5/alignment_XML5-3250-0.005-4E-5-100-2-2.fa	XML-5	13	10784
XML-5/alignment_XML5-3250-0.005-4E-5-100-2-3.fa	XML-5	8	10787
XML-5/alignment_XML5-3250-0.005-4E-5-100-3-1.fa	XML-5	6	10760
XML-5/alignment_XML5-3250-0.005-4E-5-100-3-2.fa	XML-5	7	10754
XML-5/alignment_XML5-3250-0.005-4E-5-100-3-3.fa	XML-5	8	10763
XML-5/alignment_XML5-3250-0.005-4E-5-100-4-1.fa	XML-5	7	10769
XML-5/alignment_XML5-3250-0.005-4E-5-100-4-2.fa	XML-5	11	10775
XML-5/alignment_XML5-3250-0.005-4E-5-100-4-3.fa	XML-5	8	10748
XML-5/alignment_XML5-3250-0.005-4E-5-100-5-1.fa	XML-5	15	10769
XML-5/alignment_XML5-3250-0.005-4E-5-100-5-2.fa	XML-5	13	10784
XML-5/alignment_XML5-3250-0.005-4E-5-100-5-3.fa	XML-5	8	10748
XML-5/alignment_XML5-3250-0.005-4E-5-100-6-1.fa	XML-5	6	10778
XML-5/alignment_XML5-3250-0.005-4E-5-100-6-2.fa	XML-5	10	10778
XML-5/alignment_XML5-3250-0.005-4E-5-100-6-3.fa	XML-5	13	10805
XML-5/alignment_XML5-3250-0.005-4E-5-200-1-1.fa	XML-5	7	10787
XML-5/alignment_XML5-3250-0.005-4E-5-200-1-2.fa	XML-5	13	10793
XML-5/alignment_XML5-3250-0.005-4E-5-200-2-1.fa	XML-5	12	10832
XML-5/alignment_XML5-3250-0.005-4E-5-200-2-2.fa	XML-5	17	10823
XML-5/alignment_XML5-3250-0.005-4E-5-200-2-3.fa	XML-5	13	10787
XML-5/alignment_XML5-3250-0.005-4E-5-200-3-1.fa	XML-5	11	10781
XML-5/alignment_XML5-3250-0.005-4E-5-200-3-2.fa	XML-5	14	10781
XML-5/alignment_XML5-3250-0.005-4E-5-200-3-3.fa	XML-5	12	10796
XML-5/alignment_XML5-3250-0.005-4E-5-200-4-1.fa	XML-5	16	10772
XML-5/alignment_XML5-3250-0.005-4E-5-200-4-2.fa	XML-5	10	10760
XML-5/alignment_XML5-3250-0.005-4E-5-200-4-3.fa	XML-5	15	10796
XML-5/alignment_XML5-3250-0.005-4E-5-200-5-1.fa	XML-5	17	10787
XML-5/alignment_XML5-3250-0.005-4E-5-200-5-2.fa	XML-5	20	10808
XML-5/alignment_XML5-3250-0.005-4E-5-200-5-3.fa	XML-5	7	10781
XML-5/alignment_XML5-3250-0.005-4E-5-200-6-1.fa	XML-5	13	10814
XML-5/alignment_XML5-3250-0.005-4E-5-200-6-2.fa	XML-5	16	10820
XML-5/alignment_XML5-3250-0.005-4E-5-200-6-3.fa	XML-5	22	10802
XML-5/alignment_XML5-3250-0.005-4E-5-50-1-1.fa	XML-5	9	10799
XML-5/alignment_XML5-3250-0.005-4E-5-50-1-2.fa	XML-5	5	10617
XML-5/alignment_XML5-3250-0.005-4E-5-50-1-3.fa	XML-5	10	10757
XML-5/alignment_XML5-3250-0.005-4E-5-50-2-1.fa	XML-5	11	10754
XML-5/alignment_XML5-3250-0.005-4E-5-50-2-2.fa	XML-5	6	10772
XML-5/alignment_XML5-3250-0.005-4E-5-50-2-3.fa	XML-5	6	10763
XML-5/alignment_XML5-3250-0.005-4E-5-50-3-1.fa	XML-5	6	10769
XML-5/alignment_XML5-3250-0.005-4E-5-50-3-2.fa	XML-5	6	10754
XML-5/alignment_XML5-3250-0.005-4E-5-50-3-3.fa	XML-5	3	10739
XML-5/alignment_XML5-3250-0.005-4E-5-50-4-1.fa	XML-5	6	10754
XML-5/alignment_XML5-3250-0.005-4E-5-50-4-2.fa	XML-5	6	10754
XML-5/alignment_XML5-3250-0.005-4E-5-50-4-3.fa	XML-5	7	10775
XML-5/alignment_XML5-3250-0.005-4E-5-50-5-1.fa	XML-5	12	10772
XML-5/alignment_XML5-3250-0.005-4E-5-50-5-2.fa	XML-5	10	10748
XML-5/alignment_XML5-3250-0.005-4E-5-50-5-3.fa	XML-5	10	9693
XML-5/alignment_XML5-3250-0.005-4E-5-50-6-1.fa	XML-5	5	10757
XML-5/alignment_XML5-3250-0.005-4E-5-50-6-2.fa	XML-5	10	9879
XML-5/alignment_XML5-3250-0.005-4E-5-50-6-3.fa	XML-5	9	10757
XML-5/alignment_XML5-3250-0.005-8E-5-100-1-1.fa	XML-5	15	10748
XML-5/alignment_XML5-3250-0.005-8E-5-100-1-2.fa	XML-5	5	10793
XML-5/alignment_XML5-3250-0.005-8E-5-100-1-3.fa	XML-5	10	10778
XML-5/alignment_XML5-3250-0.005-8E-5-100-2-1.fa	XML-5	6	10754
XML-5/alignment_XML5-3250-0.005-8E-5-100-2-2.fa	XML-5	16	10775
XML-5/alignment_XML5-3250-0.005-8E-5-100-2-3.fa	XML-5	12	10781
XML-5/alignment_XML5-3250-0.005-8E-5-100-3-1.fa	XML-5	13	10748
XML-5/alignment_XML5-3250-0.005-8E-5-100-3-2.fa	XML-5	25	10790
XML-5/alignment_XML5-3250-0.005-8E-5-100-3-3.fa	XML-5	15	10766
XML-5/alignment_XML5-3250-0.005-8E-5-100-4-1.fa	XML-5	11	10751
XML-5/alignment_XML5-3250-0.005-8E-5-100-4-2.fa	XML-5	13	10775
XML-5/alignment_XML5-3250-0.005-8E-5-100-4-3.fa	XML-5	10	10787
XML-5/alignment_XML5-3250-0.005-8E-5-100-5-1.fa	XML-5	11	10757
XML-5/alignment_XML5-3250-0.005-8E-5-100-5-2.fa	XML-5	8	10775
XML-5/alignment_XML5-3250-0.005-8E-5-100-5-3.fa	XML-5	13	10754
XML-5/alignment_XML5-3250-0.005-8E-5-100-6-1.fa	XML-5	10	10760
XML-5/alignment_XML5-3250-0.005-8E-5-100-6-2.fa	XML-5	12	10775
XML-5/alignment_XML5-3250-0.005-8E-5-100-6-3.fa	XML-5	10	10772
XML-5/alignment_XML5-3250-0.005-8E-5-200-1-1.fa	XML-5	11	10799
XML-5/alignment_XML5-3250-0.005-8E-5-200-1-2.fa	XML-5	10	10787
XML-5/alignment_XML5-3250-0.005-8E-5-200-1-3.fa	XML-5	12	10781
XML-5/alignment_XML5-3250-0.005-8E-5-200-2-1.fa	XML-5	12	10796
XML-5/alignment_XML5-3250-0.005-8E-5-200-2-2.fa	XML-5	13	10790
XML-5/alignment_XML5-3250-0.005-8E-5-200-2-3.fa	XML-5	14	10766
XML-5/alignment_XML5-3250-0.005-8E-5-200-3-1.fa	XML-5	10	10566
XML-5/alignment_XML5-3250-0.005-8E-5-200-3-2.fa	XML-5	23	10766
XML-5/alignment_XML5-3250-0.005-8E-5-200-3-3.fa	XML-5	12	10808
XML-5/alignment_XML5-3250-0.005-8E-5-200-4-1.fa	XML-5	9	10772
XML-5/alignment_XML5-3250-0.005-8E-5-200-4-2.fa	XML-5	20	10778
XML-5/alignment_XML5-3250-0.005-8E-5-200-4-3.fa	XML-5	17	10772
XML-5/alignment_XML5-3250-0.005-8E-5-200-5-1.fa	XML-5	19	10802
XML-5/alignment_XML5-3250-0.005-8E-5-200-5-2.fa	XML-5	21	10790
XML-5/alignment_XML5-3250-0.005-8E-5-200-5-3.fa	XML-5	15	10754
XML-5/alignment_XML5-3250-0.005-8E-5-200-6-1.fa	XML-5	19	10778
XML-5/alignment_XML5-3250-0.005-8E-5-200-6-2.fa	XML-5	11	10778
XML-5/alignment_XML5-3250-0.005-8E-5-200-6-3.fa	XML-5	9	10793
XML-5/alignment_XML5-3250-0.005-8E-5-50-1-1.fa	XML-5	2	10763
XML-5/alignment_XML5-3250-0.005-8E-5-50-1-2.fa	XML-5	4	10772
XML-5/alignment_XML5-3250-0.005-8E-5-50-1-3.fa	XML-5	9	10769
XML-5/alignment_XML5-3250-0.005-8E-5-50-2-1.fa	XML-5	11	10763
XML-5/alignment_XML5-3250-0.005-8E-5-50-2-2.fa	XML-5	10	10760
XML-5/alignment_XML5-3250-0.005-8E-5-50-2-3.fa	XML-5	3	10751
XML-5/alignment_XML5-3250-0.005-8E-5-50-3-1.fa	XML-5	6	10742
XML-5/alignment_XML5-3250-0.005-8E-5-50-3-2.fa	XML-5	6	10766
XML-5/alignment_XML5-3250-0.005-8E-5-50-3-3.fa	XML-5	9	10757
XML-5/alignment_XML5-3250-0.005-8E-5-50-4-1.fa	XML-5	7	10757
XML-5/alignment_XML5-3250-0.005-8E-5-50-4-2.fa	XML-5	4	10745
XML-5/alignment_XML5-3250-0.005-8E-5-50-4-3.fa	XML-5	7	10760
XML-5/alignment_XML5-3250-0.005-8E-5-50-5-1.fa	XML-5	11	10754
XML-5/alignment_XML5-3250-0.005-8E-5-50-5-2.fa	XML-5	12	10754
XML-5/alignment_XML5-3250-0.005-8E-5-50-5-3.fa	XML-5	5	10742
XML-5/alignment_XML5-3250-0.005-8E-5-50-6-1.fa	XML-5	9	10757
XML-5/alignment_XML5-3250-0.005-8E-5-50-6-2.fa	XML-5	7	10769
XML-5/alignment_XML5-3250-0.005-8E-5-50-6-3.fa	XML-5	10	10775
XML-5/alignment_XML5-3250-0.01-12E-5-100-1-1.fa	XML-5	19	10784
XML-5/alignment_XML5-3250-0.01-12E-5-100-1-2.fa	XML-5	21	10781
XML-5/alignment_XML5-3250-0.01-12E-5-100-1-3.fa	XML-5	25	10763
XML-5/alignment_XML5-3250-0.01-12E-5-100-2-1.fa	XML-5	18	10781
XML-5/alignment_XML5-3250-0.01-12E-5-100-2-2.fa	XML-5	23	10769
XML-5/alignment_XML5-3250-0.01-12E-5-100-2-3.fa	XML-5	11	10778
XML-5/alignment_XML5-3250-0.01-12E-5-100-3-1.fa	XML-5	21	10760
XML-5/alignment_XML5-3250-0.01-12E-5-100-3-2.fa	XML-5	19	10781
XML-5/alignment_XML5-3250-0.01-12E-5-100-3-3.fa	XML-5	16	10802
XML-5/alignment_XML5-3250-0.01-12E-5-100-4-1.fa	XML-5	18	10775
XML-5/alignment_XML5-3250-0.01-12E-5-100-4-2.fa	XML-5	25	10763
XML-5/alignment_XML5-3250-0.01-12E-5-100-4-3.fa	XML-5	11	10793
XML-5/alignment_XML5-3250-0.01-12E-5-100-5-1.fa	XML-5	25	10790
XML-5/alignment_XML5-3250-0.01-12E-5-100-5-2.fa	XML-5	25	10787
XML-5/alignment_XML5-3250-0.01-12E-5-100-5-3.fa	XML-5	23	10814
XML-5/alignment_XML5-3250-0.01-12E-5-100-6-2.fa	XML-5	17	10799
XML-5/alignment_XML5-3250-0.01-12E-5-100-6-3.fa	XML-5	20	10814
XML-5/alignment_XML5-3250-0.01-12E-5-200-1-1.fa	XML-5	31	10790
XML-5/alignment_XML5-3250-0.01-12E-5-200-1-2.fa	XML-5	38	10793
XML-5/alignment_XML5-3250-0.01-12E-5-200-1-3.fa	XML-5	25	10781
XML-5/alignment_XML5-3250-0.01-12E-5-200-2-1.fa	XML-5	23	10793
XML-5/alignment_XML5-3250-0.01-12E-5-200-2-2.fa	XML-5	22	10832
XML-5/alignment_XML5-3250-0.01-12E-5-200-2-3.fa	XML-5	34	10796
XML-5/alignment_XML5-3250-0.01-12E-5-200-3-1.fa	XML-5	26	10823
XML-5/alignment_XML5-3250-0.01-12E-5-200-3-2.fa	XML-5	26	10789
XML-5/alignment_XML5-3250-0.01-12E-5-200-3-3.fa	XML-5	19	10790
XML-5/alignment_XML5-3250-0.01-12E-5-200-4-1.fa	XML-5	20	10808
XML-5/alignment_XML5-3250-0.01-12E-5-200-4-2.fa	XML-5	30	10778
XML-5/alignment_XML5-3250-0.01-12E-5-200-4-3.fa	XML-5	37	10814
XML-5/alignment_XML5-3250-0.01-12E-5-200-5-1.fa	XML-5	32	10802
XML-5/alignment_XML5-3250-0.01-12E-5-200-5-2.fa	XML-5	29	10805
XML-5/alignment_XML5-3250-0.01-12E-5-200-5-3.fa	XML-5	23	10766
XML-5/alignment_XML5-3250-0.01-12E-5-200-6-1.fa	XML-5	46	10793
XML-5/alignment_XML5-3250-0.01-12E-5-200-6-2.fa	XML-5	49	10793
XML-5/alignment_XML5-3250-0.01-12E-5-200-6-3.fa	XML-5	35	10778
XML-5/alignment_XML5-3250-0.01-12E-5-50-1-1.fa	XML-5	16	10772
XML-5/alignment_XML5-3250-0.01-12E-5-50-1-2.fa	XML-5	15	10760
XML-5/alignment_XML5-3250-0.01-12E-5-50-1-3.fa	XML-5	12	10778
XML-5/alignment_XML5-3250-0.01-12E-5-50-2-1.fa	XML-5	16	10763
XML-5/alignment_XML5-3250-0.01-12E-5-50-2-2.fa	XML-5	25	10751
XML-5/alignment_XML5-3250-0.01-12E-5-50-2-3.fa	XML-5	26	10766
XML-5/alignment_XML5-3250-0.01-12E-5-50-3-1.fa	XML-5	22	10760
XML-5/alignment_XML5-3250-0.01-12E-5-50-3-2.fa	XML-5	17	10760
XML-5/alignment_XML5-3250-0.01-12E-5-50-3-3.fa	XML-5	14	10757
XML-5/alignment_XML5-3250-0.01-12E-5-50-4-1.fa	XML-5	15	10754
XML-5/alignment_XML5-3250-0.01-12E-5-50-4-2.fa	XML-5	9	10742
XML-5/alignment_XML5-3250-0.01-12E-5-50-4-3.fa	XML-5	13	10787
XML-5/alignment_XML5-3250-0.01-12E-5-50-5-1.fa	XML-5	20	10745
XML-5/alignment_XML5-3250-0.01-12E-5-50-5-2.fa	XML-5	20	10757
XML-5/alignment_XML5-3250-0.01-12E-5-50-5-3.fa	XML-5	22	10757
XML-5/alignment_XML5-3250-0.01-12E-5-50-6-1.fa	XML-5	19	10754
XML-5/alignment_XML5-3250-0.01-12E-5-50-6-2.fa	XML-5	13	10769
XML-5/alignment_XML5-3250-0.01-12E-5-50-6-3.fa	XML-5	15	10742
XML-5/alignment_XML5-3250-0.01-4E-5-100-1-1.fa	XML-5	22	10772
XML-5/alignment_XML5-3250-0.01-4E-5-100-1-2.fa	XML-5	22	10751
XML-5/alignment_XML5-3250-0.01-4E-5-100-1-3.fa	XML-5	28	10763
XML-5/alignment_XML5-3250-0.01-4E-5-100-2-1.fa	XML-5	15	10772
XML-5/alignment_XML5-3250-0.01-4E-5-100-2-2.fa	XML-5	17	10778
XML-5/alignment_XML5-3250-0.01-4E-5-100-2-3.fa	XML-5	17	10799
XML-5/alignment_XML5-3250-0.01-4E-5-100-3-1.fa	XML-5	15	10772
XML-5/alignment_XML5-3250-0.01-4E-5-100-3-2.fa	XML-5	23	10775
XML-5/alignment_XML5-3250-0.01-4E-5-100-3-3.fa	XML-5	17	10757
XML-5/alignment_XML5-3250-0.01-4E-5-100-4-1.fa	XML-5	19	10772
XML-5/alignment_XML5-3250-0.01-4E-5-100-4-2.fa	XML-5	15	10763
XML-5/alignment_XML5-3250-0.01-4E-5-100-4-3.fa	XML-5	15	10766
XML-5/alignment_XML5-3250-0.01-4E-5-100-5-1.fa	XML-5	25	10793
XML-5/alignment_XML5-3250-0.01-4E-5-100-5-2.fa	XML-5	17	10787
XML-5/alignment_XML5-3250-0.01-4E-5-100-5-3.fa	XML-5	22	10763
XML-5/alignment_XML5-3250-0.01-4E-5-100-6-1.fa	XML-5	14	10751
XML-5/alignment_XML5-3250-0.01-4E-5-100-6-2.fa	XML-5	24	10760
XML-5/alignment_XML5-3250-0.01-4E-5-100-6-3.fa	XML-5	14	10530
XML-5/alignment_XML5-3250-0.01-4E-5-200-1-1.fa	XML-5	34	10781
XML-5/alignment_XML5-3250-0.01-4E-5-200-1-2.fa	XML-5	36	10790
XML-5/alignment_XML5-3250-0.01-4E-5-200-1-3.fa	XML-5	21	10838
XML-5/alignment_XML5-3250-0.01-4E-5-200-2-1.fa	XML-5	41	10775
XML-5/alignment_XML5-3250-0.01-4E-5-200-2-2.fa	XML-5	35	10802
XML-5/alignment_XML5-3250-0.01-4E-5-200-2-3.fa	XML-5	22	10811
XML-5/alignment_XML5-3250-0.01-4E-5-200-3-1.fa	XML-5	33	10802
XML-5/alignment_XML5-3250-0.01-4E-5-200-3-2.fa	XML-5	22	10784
XML-5/alignment_XML5-3250-0.01-4E-5-200-3-3.fa	XML-5	31	10802
XML-5/alignment_XML5-3250-0.01-4E-5-200-4-1.fa	XML-5	19	10763
XML-5/alignment_XML5-3250-0.01-4E-5-200-4-2.fa	XML-5	24	10796
XML-5/alignment_XML5-3250-0.01-4E-5-200-4-3.fa	XML-5	19	10793
XML-5/alignment_XML5-3250-0.01-4E-5-200-5-1.fa	XML-5	29	10817
XML-5/alignment_XML5-3250-0.01-4E-5-200-5-2.fa	XML-5	25	10775
XML-5/alignment_XML5-3250-0.01-4E-5-200-5-3.fa	XML-5	26	10775
XML-5/alignment_XML5-3250-0.01-4E-5-200-6-1.fa	XML-5	25	10835
XML-5/alignment_XML5-3250-0.01-4E-5-200-6-2.fa	XML-5	31	10784
XML-5/alignment_XML5-3250-0.01-4E-5-200-6-3.fa	XML-5	34	10802
XML-5/alignment_XML5-3250-0.01-4E-5-50-1-1.fa	XML-5	16	10763
XML-5/alignment_XML5-3250-0.01-4E-5-50-1-2.fa	XML-5	13	10766
XML-5/alignment_XML5-3250-0.01-4E-5-50-1-3.fa	XML-5	21	10760
XML-5/alignment_XML5-3250-0.01-4E-5-50-2-1.fa	XML-5	18	10772
XML-5/alignment_XML5-3250-0.01-4E-5-50-2-2.fa	XML-5	17	10781
XML-5/alignment_XML5-3250-0.01-4E-5-50-2-3.fa	XML-5	8	10769
XML-5/alignment_XML5-3250-0.01-4E-5-50-3-1.fa	XML-5	13	10751
XML-5/alignment_XML5-3250-0.01-4E-5-50-3-2.fa	XML-5	17	10769
XML-5/alignment_XML5-3250-0.01-4E-5-50-3-3.fa	XML-5	12	10739
XML-5/alignment_XML5-3250-0.01-4E-5-50-4-1.fa	XML-5	15	10775
XML-5/alignment_XML5-3250-0.01-4E-5-50-4-2.fa	XML-5	12	10745
XML-5/alignment_XML5-3250-0.01-4E-5-50-4-3.fa	XML-5	18	10772
XML-5/alignment_XML5-3250-0.01-4E-5-50-5-1.fa	XML-5	21	10772
XML-5/alignment_XML5-3250-0.01-4E-5-50-5-2.fa	XML-5	8	10751
XML-5/alignment_XML5-3250-0.01-4E-5-50-5-3.fa	XML-5	20	10751
XML-5/alignment_XML5-3250-0.01-4E-5-50-6-1.fa	XML-5	15	10766
XML-5/alignment_XML5-3250-0.01-4E-5-50-6-2.fa	XML-5	25	10757
XML-5/alignment_XML5-3250-0.01-4E-5-50-6-3.fa	XML-5	12	10775
XML-5/alignment_XML5-3250-0.01-8E-5-100-1-1.fa	XML-5	15	10772
XML-5/alignment_XML5-3250-0.01-8E-5-100-1-2.fa	XML-5	22	10799
XML-5/alignment_XML5-3250-0.01-8E-5-100-1-3.fa	XML-5	17	10763
XML-5/alignment_XML5-3250-0.01-8E-5-100-2-1.fa	XML-5	22	10662
XML-5/alignment_XML5-3250-0.01-8E-5-100-2-2.fa	XML-5	15	10814
XML-5/alignment_XML5-3250-0.01-8E-5-100-2-3.fa	XML-5	19	10778
XML-5/alignment_XML5-3250-0.01-8E-5-100-3-1.fa	XML-5	25	10775
XML-5/alignment_XML5-3250-0.01-8E-5-100-3-2.fa	XML-5	19	10805
XML-5/alignment_XML5-3250-0.01-8E-5-100-3-3.fa	XML-5	18	10769
XML-5/alignment_XML5-3250-0.01-8E-5-100-4-1.fa	XML-5	19	10784
XML-5/alignment_XML5-3250-0.01-8E-5-100-4-2.fa	XML-5	19	10805
XML-5/alignment_XML5-3250-0.01-8E-5-100-4-3.fa	XML-5	25	10772
XML-5/alignment_XML5-3250-0.01-8E-5-100-5-1.fa	XML-5	25	10769
XML-5/alignment_XML5-3250-0.01-8E-5-100-5-2.fa	XML-5	18	10787
XML-5/alignment_XML5-3250-0.01-8E-5-100-5-3.fa	XML-5	28	10793
XML-5/alignment_XML5-3250-0.01-8E-5-100-6-1.fa	XML-5	22	10769
XML-5/alignment_XML5-3250-0.01-8E-5-100-6-2.fa	XML-5	23	10811
XML-5/alignment_XML5-3250-0.01-8E-5-100-6-3.fa	XML-5	20	10784
XML-5/alignment_XML5-3250-0.01-8E-5-200-1-1.fa	XML-5	30	10781
XML-5/alignment_XML5-3250-0.01-8E-5-200-1-2.fa	XML-5	15	10778
XML-5/alignment_XML5-3250-0.01-8E-5-200-1-3.fa	XML-5	37	10817
XML-5/alignment_XML5-3250-0.01-8E-5-200-2-1.fa	XML-5	19	10817
XML-5/alignment_XML5-3250-0.01-8E-5-200-2-2.fa	XML-5	29	10826
XML-5/alignment_XML5-3250-0.01-8E-5-200-2-3.fa	XML-5	30	10802
XML-5/alignment_XML5-3250-0.01-8E-5-200-3-1.fa	XML-5	21	10805
XML-5/alignment_XML5-3250-0.01-8E-5-200-3-2.fa	XML-5	22	10805
XML-5/alignment_XML5-3250-0.01-8E-5-200-3-3.fa	XML-5	24	10811
XML-5/alignment_XML5-3250-0.01-8E-5-200-4-1.fa	XML-5	38	10805
XML-5/alignment_XML5-3250-0.01-8E-5-200-4-2.fa	XML-5	23	10832
XML-5/alignment_XML5-3250-0.01-8E-5-200-4-3.fa	XML-5	43	10787
XML-5/alignment_XML5-3250-0.01-8E-5-200-5-1.fa	XML-5	22	10772
XML-5/alignment_XML5-3250-0.01-8E-5-200-5-2.fa	XML-5	11	10796
XML-5/alignment_XML5-3250-0.01-8E-5-200-5-3.fa	XML-5	37	10754
XML-5/alignment_XML5-3250-0.01-8E-5-200-6-1.fa	XML-5	15	10805
XML-5/alignment_XML5-3250-0.01-8E-5-200-6-2.fa	XML-5	27	10769
XML-5/alignment_XML5-3250-0.01-8E-5-200-6-3.fa	XML-5	23	10823
XML-5/alignment_XML5-3250-0.01-8E-5-50-1-1.fa	XML-5	12	10751
XML-5/alignment_XML5-3250-0.01-8E-5-50-1-2.fa	XML-5	10	10754
XML-5/alignment_XML5-3250-0.01-8E-5-50-1-3.fa	XML-5	12	10745
XML-5/alignment_XML5-3250-0.01-8E-5-50-2-1.fa	XML-5	10	10787
XML-5/alignment_XML5-3250-0.01-8E-5-50-2-2.fa	XML-5	15	10763
XML-5/alignment_XML5-3250-0.01-8E-5-50-2-3.fa	XML-5	13	10742
XML-5/alignment_XML5-3250-0.01-8E-5-50-3-1.fa	XML-5	13	10748
XML-5/alignment_XML5-3250-0.01-8E-5-50-3-2.fa	XML-5	17	10757
XML-5/alignment_XML5-3250-0.01-8E-5-50-3-3.fa	XML-5	16	10769
XML-5/alignment_XML5-3250-0.01-8E-5-50-4-1.fa	XML-5	22	10769
XML-5/alignment_XML5-3250-0.01-8E-5-50-4-2.fa	XML-5	23	10775
XML-5/alignment_XML5-3250-0.01-8E-5-50-4-3.fa	XML-5	15	10763
XML-5/alignment_XML5-3250-0.01-8E-5-50-5-1.fa	XML-5	12	10754
XML-5/alignment_XML5-3250-0.01-8E-5-50-5-2.fa	XML-5	15	10745
XML-5/alignment_XML5-3250-0.01-8E-5-50-5-3.fa	XML-5	14	10769
XML-5/alignment_XML5-3250-0.01-8E-5-50-6-1.fa	XML-5	25	10787
XML-5/alignment_XML5-3250-0.01-8E-5-50-6-2.fa	XML-5	19	10760
XML-5/alignment_XML5-3250-0.01-8E-5-50-6-3.fa	XML-5	15	10760
XML-5/alignment_XML5-3250-0.02-12E-5-100-1-1.fa	XML-5	48	10790
XML-5/alignment_XML5-3250-0.02-12E-5-100-1-2.fa	XML-5	44	10799
XML-5/alignment_XML5-3250-0.02-12E-5-100-1-3.fa	XML-5	42	10757
XML-5/alignment_XML5-3250-0.02-12E-5-100-2-1.fa	XML-5	27	10763
XML-5/alignment_XML5-3250-0.02-12E-5-100-2-2.fa	XML-5	50	10790
XML-5/alignment_XML5-3250-0.02-12E-5-100-2-3.fa	XML-5	41	10757
XML-5/alignment_XML5-3250-0.02-12E-5-100-3-1.fa	XML-5	31	10772
XML-5/alignment_XML5-3250-0.02-12E-5-100-3-2.fa	XML-5	26	10784
XML-5/alignment_XML5-3250-0.02-12E-5-100-3-3.fa	XML-5	47	10763
XML-5/alignment_XML5-3250-0.02-12E-5-100-4-1.fa	XML-5	19	10793
XML-5/alignment_XML5-3250-0.02-12E-5-100-4-3.fa	XML-5	50	10796
XML-5/alignment_XML5-3250-0.02-12E-5-100-5-2.fa	XML-5	37	10814
XML-5/alignment_XML5-3250-0.02-12E-5-100-5-3.fa	XML-5	38	10772
XML-5/alignment_XML5-3250-0.02-12E-5-100-6-1.fa	XML-5	46	10787
XML-5/alignment_XML5-3250-0.02-12E-5-100-6-2.fa	XML-5	38	10787
XML-5/alignment_XML5-3250-0.02-12E-5-100-6-3.fa	XML-5	53	10772
XML-5/alignment_XML5-3250-0.02-12E-5-200-1-1.fa	XML-5	64	10793
XML-5/alignment_XML5-3250-0.02-12E-5-200-1-2.fa	XML-5	55	10839
XML-5/alignment_XML5-3250-0.02-12E-5-200-1-3.fa	XML-5	60	10805
XML-5/alignment_XML5-3250-0.02-12E-5-200-2-1.fa	XML-5	45	10781
XML-5/alignment_XML5-3250-0.02-12E-5-200-2-2.fa	XML-5	54	10841
XML-5/alignment_XML5-3250-0.02-12E-5-200-2-3.fa	XML-5	54	10790
XML-5/alignment_XML5-3250-0.02-12E-5-200-3-1.fa	XML-5	57	10841
XML-5/alignment_XML5-3250-0.02-12E-5-200-3-2.fa	XML-5	41	10778
XML-5/alignment_XML5-3250-0.02-12E-5-200-3-3.fa	XML-5	36	10796
XML-5/alignment_XML5-3250-0.02-12E-5-200-4-1.fa	XML-5	51	10802
XML-5/alignment_XML5-3250-0.02-12E-5-200-4-3.fa	XML-5	37	10874
XML-5/alignment_XML5-3250-0.02-12E-5-200-5-1.fa	XML-5	56	10805
XML-5/alignment_XML5-3250-0.02-12E-5-200-5-2.fa	XML-5	48	10817
XML-5/alignment_XML5-3250-0.02-12E-5-200-5-3.fa	XML-5	67	10760
XML-5/alignment_XML5-3250-0.02-12E-5-200-6-1.fa	XML-5	68	10799
XML-5/alignment_XML5-3250-0.02-12E-5-200-6-2.fa	XML-5	54	10814
XML-5/alignment_XML5-3250-0.02-12E-5-200-6-3.fa	XML-5	61	10796
XML-5/alignment_XML5-3250-0.02-12E-5-50-1-1.fa	XML-5	32	10751
XML-5/alignment_XML5-3250-0.02-12E-5-50-1-2.fa	XML-5	29	10757
XML-5/alignment_XML5-3250-0.02-12E-5-50-1-3.fa	XML-5	30	10757
XML-5/alignment_XML5-3250-0.02-12E-5-50-2-1.fa	XML-5	35	10769
XML-5/alignment_XML5-3250-0.02-12E-5-50-2-2.fa	XML-5	24	10790
XML-5/alignment_XML5-3250-0.02-12E-5-50-2-3.fa	XML-5	25	10790
XML-5/alignment_XML5-3250-0.02-12E-5-50-3-1.fa	XML-5	12	10787
XML-5/alignment_XML5-3250-0.02-12E-5-50-3-2.fa	XML-5	25	10766
XML-5/alignment_XML5-3250-0.02-12E-5-50-3-3.fa	XML-5	27	10754
XML-5/alignment_XML5-3250-0.02-12E-5-50-4-1.fa	XML-5	32	10772
XML-5/alignment_XML5-3250-0.02-12E-5-50-4-2.fa	XML-5	27	10766
XML-5/alignment_XML5-3250-0.02-12E-5-50-4-3.fa	XML-5	23	10781
XML-5/alignment_XML5-3250-0.02-12E-5-50-5-1.fa	XML-5	21	10748
XML-5/alignment_XML5-3250-0.02-12E-5-50-5-2.fa	XML-5	21	10766
XML-5/alignment_XML5-3250-0.02-12E-5-50-5-3.fa	XML-5	35	10760
XML-5/alignment_XML5-3250-0.02-12E-5-50-6-1.fa	XML-5	34	10832
XML-5/alignment_XML5-3250-0.02-12E-5-50-6-2.fa	XML-5	27	10772
XML-5/alignment_XML5-3250-0.02-12E-5-50-6-3.fa	XML-5	33	10784
XML-5/alignment_XML5-3250-0.02-4E-5-100-1-1.fa	XML-5	26	10775
XML-5/alignment_XML5-3250-0.02-4E-5-100-1-2.fa	XML-5	33	10787
XML-5/alignment_XML5-3250-0.02-4E-5-100-1-3.fa	XML-5	27	10766
XML-5/alignment_XML5-3250-0.02-4E-5-100-2-1.fa	XML-5	46	10832
XML-5/alignment_XML5-3250-0.02-4E-5-100-2-2.fa	XML-5	40	10769
XML-5/alignment_XML5-3250-0.02-4E-5-100-2-3.fa	XML-5	37	10769
XML-5/alignment_XML5-3250-0.02-4E-5-100-3-1.fa	XML-5	35	10799
XML-5/alignment_XML5-3250-0.02-4E-5-100-3-2.fa	XML-5	36	10769
XML-5/alignment_XML5-3250-0.02-4E-5-100-3-3.fa	XML-5	43	10775
XML-5/alignment_XML5-3250-0.02-4E-5-100-4-1.fa	XML-5	33	10757
XML-5/alignment_XML5-3250-0.02-4E-5-100-4-2.fa	XML-5	28	10763
XML-5/alignment_XML5-3250-0.02-4E-5-100-4-3.fa	XML-5	24	10766
XML-5/alignment_XML5-3250-0.02-4E-5-100-5-1.fa	XML-5	37	10781
XML-5/alignment_XML5-3250-0.02-4E-5-100-5-2.fa	XML-5	38	10787
XML-5/alignment_XML5-3250-0.02-4E-5-100-5-3.fa	XML-5	33	10754
XML-5/alignment_XML5-3250-0.02-4E-5-100-6-1.fa	XML-5	36	10793
XML-5/alignment_XML5-3250-0.02-4E-5-100-6-2.fa	XML-5	26	10784
XML-5/alignment_XML5-3250-0.02-4E-5-100-6-3.fa	XML-5	32	10799
XML-5/alignment_XML5-3250-0.02-4E-5-200-1-1.fa	XML-5	51	10772
XML-5/alignment_XML5-3250-0.02-4E-5-200-1-2.fa	XML-5	47	10838
XML-5/alignment_XML5-3250-0.02-4E-5-200-1-3.fa	XML-5	42	10817
XML-5/alignment_XML5-3250-0.02-4E-5-200-2-2.fa	XML-5	46	10835
XML-5/alignment_XML5-3250-0.02-4E-5-200-2-3.fa	XML-5	41	10832
XML-5/alignment_XML5-3250-0.02-4E-5-200-3-1.fa	XML-5	54	10841
XML-5/alignment_XML5-3250-0.02-4E-5-200-3-2.fa	XML-5	74	10826
XML-5/alignment_XML5-3250-0.02-4E-5-200-3-3.fa	XML-5	44	10835
XML-5/alignment_XML5-3250-0.02-4E-5-200-4-1.fa	XML-5	50	10775
XML-5/alignment_XML5-3250-0.02-4E-5-200-4-2.fa	XML-5	42	10838
XML-5/alignment_XML5-3250-0.02-4E-5-200-4-3.fa	XML-5	43	10817
XML-5/alignment_XML5-3250-0.02-4E-5-200-5-1.fa	XML-5	56	10838
XML-5/alignment_XML5-3250-0.02-4E-5-200-5-2.fa	XML-5	59	10802
XML-5/alignment_XML5-3250-0.02-4E-5-200-5-3.fa	XML-5	34	10811
XML-5/alignment_XML5-3250-0.02-4E-5-200-6-1.fa	XML-5	65	10814
XML-5/alignment_XML5-3250-0.02-4E-5-200-6-2.fa	XML-5	55	10805
XML-5/alignment_XML5-3250-0.02-4E-5-200-6-3.fa	XML-5	48	10835
XML-5/alignment_XML5-3250-0.02-4E-5-50-1-1.fa	XML-5	16	10760
XML-5/alignment_XML5-3250-0.02-4E-5-50-1-2.fa	XML-5	20	10781
XML-5/alignment_XML5-3250-0.02-4E-5-50-1-3.fa	XML-5	24	10772
XML-5/alignment_XML5-3250-0.02-4E-5-50-2-1.fa	XML-5	29	10775
XML-5/alignment_XML5-3250-0.02-4E-5-50-2-2.fa	XML-5	23	10763
XML-5/alignment_XML5-3250-0.02-4E-5-50-2-3.fa	XML-5	24	10736
XML-5/alignment_XML5-3250-0.02-4E-5-50-3-1.fa	XML-5	23	10760
XML-5/alignment_XML5-3250-0.02-4E-5-50-3-2.fa	XML-5	22	10781
XML-5/alignment_XML5-3250-0.02-4E-5-50-3-3.fa	XML-5	25	10745
XML-5/alignment_XML5-3250-0.02-4E-5-50-4-1.fa	XML-5	34	10787
XML-5/alignment_XML5-3250-0.02-4E-5-50-4-2.fa	XML-5	29	10781
XML-5/alignment_XML5-3250-0.02-4E-5-50-4-3.fa	XML-5	20	10751
XML-5/alignment_XML5-3250-0.02-4E-5-50-5-1.fa	XML-5	29	10751
XML-5/alignment_XML5-3250-0.02-4E-5-50-5-2.fa	XML-5	29	10769
XML-5/alignment_XML5-3250-0.02-4E-5-50-5-3.fa	XML-5	19	10748
XML-5/alignment_XML5-3250-0.02-4E-5-50-6-1.fa	XML-5	15	10760
XML-5/alignment_XML5-3250-0.02-4E-5-50-6-2.fa	XML-5	23	10775
XML-5/alignment_XML5-3250-0.02-4E-5-50-6-3.fa	XML-5	39	10763
XML-5/alignment_XML5-3250-0.02-8E-5-100-1-1.fa	XML-5	46	10796
XML-5/alignment_XML5-3250-0.02-8E-5-100-1-2.fa	XML-5	34	10763
XML-5/alignment_XML5-3250-0.02-8E-5-100-1-3.fa	XML-5	50	10781
XML-5/alignment_XML5-3250-0.02-8E-5-100-2-1.fa	XML-5	35	10769
XML-5/alignment_XML5-3250-0.02-8E-5-100-2-2.fa	XML-5	35	10802
XML-5/alignment_XML5-3250-0.02-8E-5-100-2-3.fa	XML-5	42	10775
XML-5/alignment_XML5-3250-0.02-8E-5-100-3-1.fa	XML-5	33	10790
XML-5/alignment_XML5-3250-0.02-8E-5-100-3-2.fa	XML-5	30	10784
XML-5/alignment_XML5-3250-0.02-8E-5-100-3-3.fa	XML-5	35	10805
XML-5/alignment_XML5-3250-0.02-8E-5-100-4-1.fa	XML-5	52	10796
XML-5/alignment_XML5-3250-0.02-8E-5-100-4-2.fa	XML-5	26	10775
XML-5/alignment_XML5-3250-0.02-8E-5-100-4-3.fa	XML-5	41	10772
XML-5/alignment_XML5-3250-0.02-8E-5-100-5-1.fa	XML-5	35	10823
XML-5/alignment_XML5-3250-0.02-8E-5-100-5-2.fa	XML-5	44	10769
XML-5/alignment_XML5-3250-0.02-8E-5-100-5-3.fa	XML-5	39	10790
XML-5/alignment_XML5-3250-0.02-8E-5-100-6-1.fa	XML-5	26	10820
XML-5/alignment_XML5-3250-0.02-8E-5-100-6-2.fa	XML-5	38	10769
XML-5/alignment_XML5-3250-0.02-8E-5-100-6-3.fa	XML-5	37	10829
XML-5/alignment_XML5-3250-0.02-8E-5-200-1-2.fa	XML-5	33	10808
XML-5/alignment_XML5-3250-0.02-8E-5-200-1-3.fa	XML-5	48	10772
XML-5/alignment_XML5-3250-0.02-8E-5-200-2-1.fa	XML-5	68	10844
XML-5/alignment_XML5-3250-0.02-8E-5-200-2-3.fa	XML-5	49	10814
XML-5/alignment_XML5-3250-0.02-8E-5-200-3-1.fa	XML-5	46	10805
XML-5/alignment_XML5-3250-0.02-8E-5-200-3-2.fa	XML-5	54	10829
XML-5/alignment_XML5-3250-0.02-8E-5-200-3-3.fa	XML-5	44	10841
XML-5/alignment_XML5-3250-0.02-8E-5-200-4-1.fa	XML-5	38	10778
XML-5/alignment_XML5-3250-0.02-8E-5-200-4-2.fa	XML-5	60	10865
XML-5/alignment_XML5-3250-0.02-8E-5-200-4-3.fa	XML-5	48	10820
XML-5/alignment_XML5-3250-0.02-8E-5-200-5-1.fa	XML-5	56	10826
XML-5/alignment_XML5-3250-0.02-8E-5-200-5-2.fa	XML-5	52	10787
XML-5/alignment_XML5-3250-0.02-8E-5-200-5-3.fa	XML-5	45	10787
XML-5/alignment_XML5-3250-0.02-8E-5-200-6-1.fa	XML-5	31	10781
XML-5/alignment_XML5-3250-0.02-8E-5-200-6-2.fa	XML-5	60	10853
XML-5/alignment_XML5-3250-0.02-8E-5-200-6-3.fa	XML-5	73	10865
XML-5/alignment_XML5-3250-0.02-8E-5-50-1-1.fa	XML-5	17	10763
XML-5/alignment_XML5-3250-0.02-8E-5-50-1-2.fa	XML-5	27	10775
XML-5/alignment_XML5-3250-0.02-8E-5-50-1-3.fa	XML-5	25	10757
XML-5/alignment_XML5-3250-0.02-8E-5-50-2-1.fa	XML-5	21	10799
XML-5/alignment_XML5-3250-0.02-8E-5-50-2-2.fa	XML-5	25	10754
XML-5/alignment_XML5-3250-0.02-8E-5-50-2-3.fa	XML-5	26	10811
XML-5/alignment_XML5-3250-0.02-8E-5-50-3-1.fa	XML-5	20	10760
XML-5/alignment_XML5-3250-0.02-8E-5-50-3-2.fa	XML-5	28	10778
XML-5/alignment_XML5-3250-0.02-8E-5-50-3-3.fa	XML-5	29	10808
XML-5/alignment_XML5-3250-0.02-8E-5-50-4-1.fa	XML-5	14	10769
XML-5/alignment_XML5-3250-0.02-8E-5-50-4-2.fa	XML-5	22	10751
XML-5/alignment_XML5-3250-0.02-8E-5-50-4-3.fa	XML-5	31	10778
XML-5/alignment_XML5-3250-0.02-8E-5-50-5-1.fa	XML-5	22	10784
XML-5/alignment_XML5-3250-0.02-8E-5-50-5-2.fa	XML-5	29	10781
XML-5/alignment_XML5-3250-0.02-8E-5-50-5-3.fa	XML-5	25	10760
XML-5/alignment_XML5-3250-0.02-8E-5-50-6-1.fa	XML-5	33	10775
XML-5/alignment_XML5-3250-0.02-8E-5-50-6-2.fa	XML-5	26	10778
XML-5/alignment_XML5-3250-0.02-8E-5-50-6-3.fa	XML-5	35	10781
XML-5/alignment_XML5-4000-0.005-12E-5-100-1-1.fa	XML-5	12	10772
XML-5/alignment_XML5-4000-0.005-12E-5-100-1-2.fa	XML-5	16	10754
XML-5/alignment_XML5-4000-0.005-12E-5-100-1-3.fa	XML-5	16	10793
XML-5/alignment_XML5-4000-0.005-12E-5-100-2-1.fa	XML-5	9	10775
XML-5/alignment_XML5-4000-0.005-12E-5-100-2-2.fa	XML-5	9	10772
XML-5/alignment_XML5-4000-0.005-12E-5-100-2-3.fa	XML-5	11	10772
XML-5/alignment_XML5-4000-0.005-12E-5-100-3-1.fa	XML-5	13	10772
XML-5/alignment_XML5-4000-0.005-12E-5-100-3-2.fa	XML-5	8	10781
XML-5/alignment_XML5-4000-0.005-12E-5-100-3-3.fa	XML-5	9	10781
XML-5/alignment_XML5-4000-0.005-12E-5-100-4-1.fa	XML-5	14	10781
XML-5/alignment_XML5-4000-0.005-12E-5-100-4-2.fa	XML-5	8	10769
XML-5/alignment_XML5-4000-0.005-12E-5-100-4-3.fa	XML-5	13	10766
XML-5/alignment_XML5-4000-0.005-12E-5-100-5-1.fa	XML-5	8	10775
XML-5/alignment_XML5-4000-0.005-12E-5-100-5-2.fa	XML-5	12	10796
XML-5/alignment_XML5-4000-0.005-12E-5-100-5-3.fa	XML-5	16	10772
XML-5/alignment_XML5-4000-0.005-12E-5-100-6-1.fa	XML-5	15	10772
XML-5/alignment_XML5-4000-0.005-12E-5-100-6-2.fa	XML-5	9	10377
XML-5/alignment_XML5-4000-0.005-12E-5-100-6-3.fa	XML-5	17	10760
XML-5/alignment_XML5-4000-0.005-12E-5-200-1-1.fa	XML-5	23	10799
XML-5/alignment_XML5-4000-0.005-12E-5-200-1-2.fa	XML-5	14	10817
XML-5/alignment_XML5-4000-0.005-12E-5-200-1-3.fa	XML-5	18	10796
XML-5/alignment_XML5-4000-0.005-12E-5-200-2-1.fa	XML-5	13	10817
XML-5/alignment_XML5-4000-0.005-12E-5-200-2-2.fa	XML-5	19	10778
XML-5/alignment_XML5-4000-0.005-12E-5-200-2-3.fa	XML-5	19	10796
XML-5/alignment_XML5-4000-0.005-12E-5-200-3-1.fa	XML-5	7	10808
XML-5/alignment_XML5-4000-0.005-12E-5-200-3-2.fa	XML-5	11	10814
XML-5/alignment_XML5-4000-0.005-12E-5-200-3-3.fa	XML-5	20	10814
XML-5/alignment_XML5-4000-0.005-12E-5-200-4-1.fa	XML-5	14	10799
XML-5/alignment_XML5-4000-0.005-12E-5-200-4-2.fa	XML-5	21	10796
XML-5/alignment_XML5-4000-0.005-12E-5-200-4-3.fa	XML-5	16	10751
XML-5/alignment_XML5-4000-0.005-12E-5-200-5-1.fa	XML-5	14	10784
XML-5/alignment_XML5-4000-0.005-12E-5-200-5-2.fa	XML-5	14	10772
XML-5/alignment_XML5-4000-0.005-12E-5-200-5-3.fa	XML-5	14	10796
XML-5/alignment_XML5-4000-0.005-12E-5-200-6-1.fa	XML-5	17	10802
XML-5/alignment_XML5-4000-0.005-12E-5-200-6-2.fa	XML-5	10	10805
XML-5/alignment_XML5-4000-0.005-12E-5-200-6-3.fa	XML-5	22	10790
XML-5/alignment_XML5-4000-0.005-12E-5-50-1-1.fa	XML-5	11	10760
XML-5/alignment_XML5-4000-0.005-12E-5-50-1-2.fa	XML-5	13	10766
XML-5/alignment_XML5-4000-0.005-12E-5-50-1-3.fa	XML-5	2	10751
XML-5/alignment_XML5-4000-0.005-12E-5-50-2-1.fa	XML-5	5	10757
XML-5/alignment_XML5-4000-0.005-12E-5-50-2-2.fa	XML-5	7	10707
XML-5/alignment_XML5-4000-0.005-12E-5-50-2-3.fa	XML-5	5	10742
XML-5/alignment_XML5-4000-0.005-12E-5-50-3-2.fa	XML-5	11	10778
XML-5/alignment_XML5-4000-0.005-12E-5-50-3-3.fa	XML-5	8	10760
XML-5/alignment_XML5-4000-0.005-12E-5-50-4-1.fa	XML-5	7	10760
XML-5/alignment_XML5-4000-0.005-12E-5-50-4-2.fa	XML-5	7	10766
XML-5/alignment_XML5-4000-0.005-12E-5-50-4-3.fa	XML-5	8	10757
XML-5/alignment_XML5-4000-0.005-12E-5-50-5-1.fa	XML-5	10	10760
XML-5/alignment_XML5-4000-0.005-12E-5-50-5-2.fa	XML-5	8	7497
XML-5/alignment_XML5-4000-0.005-12E-5-50-5-3.fa	XML-5	9	10760
XML-5/alignment_XML5-4000-0.005-12E-5-50-6-1.fa	XML-5	15	10766
XML-5/alignment_XML5-4000-0.005-12E-5-50-6-2.fa	XML-5	12	10760
XML-5/alignment_XML5-4000-0.005-12E-5-50-6-3.fa	XML-5	6	10763
XML-5/alignment_XML5-4000-0.005-4E-5-100-1-1.fa	XML-5	7	10781
XML-5/alignment_XML5-4000-0.005-4E-5-100-1-2.fa	XML-5	5	10775
XML-5/alignment_XML5-4000-0.005-4E-5-100-1-3.fa	XML-5	13	10775
XML-5/alignment_XML5-4000-0.005-4E-5-100-2-1.fa	XML-5	13	10769
XML-5/alignment_XML5-4000-0.005-4E-5-100-2-2.fa	XML-5	7	10763
XML-5/alignment_XML5-4000-0.005-4E-5-100-2-3.fa	XML-5	9	10769
XML-5/alignment_XML5-4000-0.005-4E-5-100-3-1.fa	XML-5	15	10769
XML-5/alignment_XML5-4000-0.005-4E-5-100-3-2.fa	XML-5	17	10784
XML-5/alignment_XML5-4000-0.005-4E-5-100-3-3.fa	XML-5	10	10787
XML-5/alignment_XML5-4000-0.005-4E-5-100-4-1.fa	XML-5	11	10787
XML-5/alignment_XML5-4000-0.005-4E-5-100-4-2.fa	XML-5	10	10814
XML-5/alignment_XML5-4000-0.005-4E-5-100-4-3.fa	XML-5	10	10754
XML-5/alignment_XML5-4000-0.005-4E-5-100-5-1.fa	XML-5	11	10781
XML-5/alignment_XML5-4000-0.005-4E-5-100-5-2.fa	XML-5	10	10772
XML-5/alignment_XML5-4000-0.005-4E-5-100-5-3.fa	XML-5	11	10781
XML-5/alignment_XML5-4000-0.005-4E-5-100-6-1.fa	XML-5	10	10751
XML-5/alignment_XML5-4000-0.005-4E-5-100-6-2.fa	XML-5	8	10769
XML-5/alignment_XML5-4000-0.005-4E-5-100-6-3.fa	XML-5	11	10829
XML-5/alignment_XML5-4000-0.005-4E-5-200-1-1.fa	XML-5	12	10790
XML-5/alignment_XML5-4000-0.005-4E-5-200-1-2.fa	XML-5	11	10820
XML-5/alignment_XML5-4000-0.005-4E-5-200-1-3.fa	XML-5	9	10808
XML-5/alignment_XML5-4000-0.005-4E-5-200-2-1.fa	XML-5	10	10778
XML-5/alignment_XML5-4000-0.005-4E-5-200-2-2.fa	XML-5	15	10793
XML-5/alignment_XML5-4000-0.005-4E-5-200-2-3.fa	XML-5	19	10422
XML-5/alignment_XML5-4000-0.005-4E-5-200-3-1.fa	XML-5	19	10799
XML-5/alignment_XML5-4000-0.005-4E-5-200-3-2.fa	XML-5	9	10817
XML-5/alignment_XML5-4000-0.005-4E-5-200-3-3.fa	XML-5	15	10808
XML-5/alignment_XML5-4000-0.005-4E-5-200-4-1.fa	XML-5	9	10811
XML-5/alignment_XML5-4000-0.005-4E-5-200-4-2.fa	XML-5	8	10772
XML-5/alignment_XML5-4000-0.005-4E-5-200-4-3.fa	XML-5	15	10775
XML-5/alignment_XML5-4000-0.005-4E-5-200-5-1.fa	XML-5	16	10781
XML-5/alignment_XML5-4000-0.005-4E-5-200-5-2.fa	XML-5	11	10796
XML-5/alignment_XML5-4000-0.005-4E-5-200-5-3.fa	XML-5	15	10811
XML-5/alignment_XML5-4000-0.005-4E-5-200-6-1.fa	XML-5	12	10790
XML-5/alignment_XML5-4000-0.005-4E-5-200-6-2.fa	XML-5	17	10808
XML-5/alignment_XML5-4000-0.005-4E-5-200-6-3.fa	XML-5	16	10787
XML-5/alignment_XML5-4000-0.005-4E-5-50-1-1.fa	XML-5	10	10751
XML-5/alignment_XML5-4000-0.005-4E-5-50-1-2.fa	XML-5	8	10790
XML-5/alignment_XML5-4000-0.005-4E-5-50-1-3.fa	XML-5	10	10748
XML-5/alignment_XML5-4000-0.005-4E-5-50-2-1.fa	XML-5	5	10766
XML-5/alignment_XML5-4000-0.005-4E-5-50-2-2.fa	XML-5	5	10766
XML-5/alignment_XML5-4000-0.005-4E-5-50-2-3.fa	XML-5	6	10754
XML-5/alignment_XML5-4000-0.005-4E-5-50-3-1.fa	XML-5	10	10766
XML-5/alignment_XML5-4000-0.005-4E-5-50-3-2.fa	XML-5	10	10775
XML-5/alignment_XML5-4000-0.005-4E-5-50-3-3.fa	XML-5	9	10751
XML-5/alignment_XML5-4000-0.005-4E-5-50-4-1.fa	XML-5	7	10757
XML-5/alignment_XML5-4000-0.005-4E-5-50-4-2.fa	XML-5	9	10476
XML-5/alignment_XML5-4000-0.005-4E-5-50-4-3.fa	XML-5	14	10766
XML-5/alignment_XML5-4000-0.005-4E-5-50-5-1.fa	XML-5	9	10766
XML-5/alignment_XML5-4000-0.005-4E-5-50-5-2.fa	XML-5	10	10757
XML-5/alignment_XML5-4000-0.005-4E-5-50-5-3.fa	XML-5	2	10754
XML-5/alignment_XML5-4000-0.005-4E-5-50-6-1.fa	XML-5	4	10748
XML-5/alignment_XML5-4000-0.005-4E-5-50-6-2.fa	XML-5	7	10751
XML-5/alignment_XML5-4000-0.005-4E-5-50-6-3.fa	XML-5	4	9825
XML-5/alignment_XML5-4000-0.005-8E-5-100-1-1.fa	XML-5	9	10805
XML-5/alignment_XML5-4000-0.005-8E-5-100-1-2.fa	XML-5	10	10218
XML-5/alignment_XML5-4000-0.005-8E-5-100-1-3.fa	XML-5	8	10760
XML-5/alignment_XML5-4000-0.005-8E-5-100-2-1.fa	XML-5	9	10775
XML-5/alignment_XML5-4000-0.005-8E-5-100-2-2.fa	XML-5	14	10769
XML-5/alignment_XML5-4000-0.005-8E-5-100-2-3.fa	XML-5	8	10757
XML-5/alignment_XML5-4000-0.005-8E-5-100-3-1.fa	XML-5	7	7554
XML-5/alignment_XML5-4000-0.005-8E-5-100-3-2.fa	XML-5	9	9963
XML-5/alignment_XML5-4000-0.005-8E-5-100-3-3.fa	XML-5	5	10778
XML-5/alignment_XML5-4000-0.005-8E-5-100-4-1.fa	XML-5	12	10814
XML-5/alignment_XML5-4000-0.005-8E-5-100-4-2.fa	XML-5	8	10772
XML-5/alignment_XML5-4000-0.005-8E-5-100-4-3.fa	XML-5	8	10769
XML-5/alignment_XML5-4000-0.005-8E-5-100-5-1.fa	XML-5	11	10772
XML-5/alignment_XML5-4000-0.005-8E-5-100-5-2.fa	XML-5	16	10772
XML-5/alignment_XML5-4000-0.005-8E-5-100-5-3.fa	XML-5	9	10766
XML-5/alignment_XML5-4000-0.005-8E-5-100-6-1.fa	XML-5	12	10754
XML-5/alignment_XML5-4000-0.005-8E-5-100-6-2.fa	XML-5	16	10799
XML-5/alignment_XML5-4000-0.005-8E-5-100-6-3.fa	XML-5	14	10781
XML-5/alignment_XML5-4000-0.005-8E-5-200-1-1.fa	XML-5	19	10790
XML-5/alignment_XML5-4000-0.005-8E-5-200-1-2.fa	XML-5	18	10808
XML-5/alignment_XML5-4000-0.005-8E-5-200-1-3.fa	XML-5	11	10365
XML-5/alignment_XML5-4000-0.005-8E-5-200-2-1.fa	XML-5	8	10781
XML-5/alignment_XML5-4000-0.005-8E-5-200-2-2.fa	XML-5	15	10790
XML-5/alignment_XML5-4000-0.005-8E-5-200-2-3.fa	XML-5	12	10811
XML-5/alignment_XML5-4000-0.005-8E-5-200-3-1.fa	XML-5	14	10781
XML-5/alignment_XML5-4000-0.005-8E-5-200-3-2.fa	XML-5	12	10805
XML-5/alignment_XML5-4000-0.005-8E-5-200-3-3.fa	XML-5	15	10802
XML-5/alignment_XML5-4000-0.005-8E-5-200-4-1.fa	XML-5	12	10799
XML-5/alignment_XML5-4000-0.005-8E-5-200-4-2.fa	XML-5	7	10790
XML-5/alignment_XML5-4000-0.005-8E-5-200-4-3.fa	XML-5	10	10787
XML-5/alignment_XML5-4000-0.005-8E-5-200-5-1.fa	XML-5	22	10811
XML-5/alignment_XML5-4000-0.005-8E-5-200-5-2.fa	XML-5	9	10790
XML-5/alignment_XML5-4000-0.005-8E-5-200-5-3.fa	XML-5	12	10844
XML-5/alignment_XML5-4000-0.005-8E-5-200-6-1.fa	XML-5	11	10790
XML-5/alignment_XML5-4000-0.005-8E-5-200-6-2.fa	XML-5	17	10805
XML-5/alignment_XML5-4000-0.005-8E-5-200-6-3.fa	XML-5	14	10787
XML-5/alignment_XML5-4000-0.005-8E-5-50-1-1.fa	XML-5	12	10772
XML-5/alignment_XML5-4000-0.005-8E-5-50-1-2.fa	XML-5	7	10739
XML-5/alignment_XML5-4000-0.005-8E-5-50-1-3.fa	XML-5	9	10710
XML-5/alignment_XML5-4000-0.005-8E-5-50-2-1.fa	XML-5	5	8958
XML-5/alignment_XML5-4000-0.005-8E-5-50-2-2.fa	XML-5	8	10781
XML-5/alignment_XML5-4000-0.005-8E-5-50-2-3.fa	XML-5	7	10772
XML-5/alignment_XML5-4000-0.005-8E-5-50-3-1.fa	XML-5	6	10668
XML-5/alignment_XML5-4000-0.005-8E-5-50-3-2.fa	XML-5	12	10751
XML-5/alignment_XML5-4000-0.005-8E-5-50-3-3.fa	XML-5	5	10778
XML-5/alignment_XML5-4000-0.005-8E-5-50-4-1.fa	XML-5	7	10769
XML-5/alignment_XML5-4000-0.005-8E-5-50-4-2.fa	XML-5	10	10671
XML-5/alignment_XML5-4000-0.005-8E-5-50-4-3.fa	XML-5	4	10766
XML-5/alignment_XML5-4000-0.005-8E-5-50-5-1.fa	XML-5	10	10763
XML-5/alignment_XML5-4000-0.005-8E-5-50-5-2.fa	XML-5	12	10754
XML-5/alignment_XML5-4000-0.005-8E-5-50-5-3.fa	XML-5	4	10757
XML-5/alignment_XML5-4000-0.005-8E-5-50-6-1.fa	XML-5	8	10769
XML-5/alignment_XML5-4000-0.005-8E-5-50-6-2.fa	XML-5	7	10769
XML-5/alignment_XML5-4000-0.005-8E-5-50-6-3.fa	XML-5	6	10766
XML-5/alignment_XML5-4000-0.01-12E-5-100-1-1.fa	XML-5	22	10796
XML-5/alignment_XML5-4000-0.01-12E-5-100-1-2.fa	XML-5	18	10778
XML-5/alignment_XML5-4000-0.01-12E-5-100-1-3.fa	XML-5	29	10811
XML-5/alignment_XML5-4000-0.01-12E-5-100-2-1.fa	XML-5	21	10769
XML-5/alignment_XML5-4000-0.01-12E-5-100-2-2.fa	XML-5	20	10784
XML-5/alignment_XML5-4000-0.01-12E-5-100-2-3.fa	XML-5	16	10775
XML-5/alignment_XML5-4000-0.01-12E-5-100-3-1.fa	XML-5	16	10787
XML-5/alignment_XML5-4000-0.01-12E-5-100-3-3.fa	XML-5	25	10781
XML-5/alignment_XML5-4000-0.01-12E-5-100-4-1.fa	XML-5	26	10754
XML-5/alignment_XML5-4000-0.01-12E-5-100-4-2.fa	XML-5	22	10793
XML-5/alignment_XML5-4000-0.01-12E-5-100-4-3.fa	XML-5	26	10763
XML-5/alignment_XML5-4000-0.01-12E-5-100-5-1.fa	XML-5	17	10790
XML-5/alignment_XML5-4000-0.01-12E-5-100-5-2.fa	XML-5	24	10778
XML-5/alignment_XML5-4000-0.01-12E-5-100-5-3.fa	XML-5	19	10769
XML-5/alignment_XML5-4000-0.01-12E-5-100-6-1.fa	XML-5	21	10772
XML-5/alignment_XML5-4000-0.01-12E-5-100-6-2.fa	XML-5	18	10769
XML-5/alignment_XML5-4000-0.01-12E-5-100-6-3.fa	XML-5	16	10751
XML-5/alignment_XML5-4000-0.01-12E-5-200-1-1.fa	XML-5	22	10763
XML-5/alignment_XML5-4000-0.01-12E-5-200-1-2.fa	XML-5	24	10820
XML-5/alignment_XML5-4000-0.01-12E-5-200-1-3.fa	XML-5	28	10796
XML-5/alignment_XML5-4000-0.01-12E-5-200-2-1.fa	XML-5	31	10853
XML-5/alignment_XML5-4000-0.01-12E-5-200-2-2.fa	XML-5	41	10787
XML-5/alignment_XML5-4000-0.01-12E-5-200-2-3.fa	XML-5	38	10829
XML-5/alignment_XML5-4000-0.01-12E-5-200-3-1.fa	XML-5	32	10811
XML-5/alignment_XML5-4000-0.01-12E-5-200-3-2.fa	XML-5	23	10787
XML-5/alignment_XML5-4000-0.01-12E-5-200-3-3.fa	XML-5	42	10817
XML-5/alignment_XML5-4000-0.01-12E-5-200-4-1.fa	XML-5	27	10763
XML-5/alignment_XML5-4000-0.01-12E-5-200-4-2.fa	XML-5	28	10778
XML-5/alignment_XML5-4000-0.01-12E-5-200-4-3.fa	XML-5	29	10796
XML-5/alignment_XML5-4000-0.01-12E-5-200-5-1.fa	XML-5	18	10799
XML-5/alignment_XML5-4000-0.01-12E-5-200-5-2.fa	XML-5	27	10796
XML-5/alignment_XML5-4000-0.01-12E-5-200-5-3.fa	XML-5	24	10769
XML-5/alignment_XML5-4000-0.01-12E-5-200-6-1.fa	XML-5	39	10778
XML-5/alignment_XML5-4000-0.01-12E-5-200-6-2.fa	XML-5	22	10802
XML-5/alignment_XML5-4000-0.01-12E-5-200-6-3.fa	XML-5	31	10808
XML-5/alignment_XML5-4000-0.01-12E-5-50-1-1.fa	XML-5	23	10778
XML-5/alignment_XML5-4000-0.01-12E-5-50-1-2.fa	XML-5	12	10748
XML-5/alignment_XML5-4000-0.01-12E-5-50-1-3.fa	XML-5	8	10224
XML-5/alignment_XML5-4000-0.01-12E-5-50-2-1.fa	XML-5	21	10772
XML-5/alignment_XML5-4000-0.01-12E-5-50-2-2.fa	XML-5	12	10760
XML-5/alignment_XML5-4000-0.01-12E-5-50-2-3.fa	XML-5	19	10760
XML-5/alignment_XML5-4000-0.01-12E-5-50-3-1.fa	XML-5	17	10763
XML-5/alignment_XML5-4000-0.01-12E-5-50-3-2.fa	XML-5	13	10796
XML-5/alignment_XML5-4000-0.01-12E-5-50-3-3.fa	XML-5	13	10748
XML-5/alignment_XML5-4000-0.01-12E-5-50-4-1.fa	XML-5	15	10784
XML-5/alignment_XML5-4000-0.01-12E-5-50-4-2.fa	XML-5	20	10754
XML-5/alignment_XML5-4000-0.01-12E-5-50-4-3.fa	XML-5	21	10775
XML-5/alignment_XML5-4000-0.01-12E-5-50-5-1.fa	XML-5	13	10757
XML-5/alignment_XML5-4000-0.01-12E-5-50-5-2.fa	XML-5	14	10781
XML-5/alignment_XML5-4000-0.01-12E-5-50-5-3.fa	XML-5	11	10754
XML-5/alignment_XML5-4000-0.01-12E-5-50-6-1.fa	XML-5	18	10751
XML-5/alignment_XML5-4000-0.01-12E-5-50-6-2.fa	XML-5	20	10760
XML-5/alignment_XML5-4000-0.01-12E-5-50-6-3.fa	XML-5	28	10808
XML-5/alignment_XML5-4000-0.01-4E-5-100-1-1.fa	XML-5	19	10787
XML-5/alignment_XML5-4000-0.01-4E-5-100-1-2.fa	XML-5	30	10800
XML-5/alignment_XML5-4000-0.01-4E-5-100-1-3.fa	XML-5	20	10790
XML-5/alignment_XML5-4000-0.01-4E-5-100-2-1.fa	XML-5	25	10772
XML-5/alignment_XML5-4000-0.01-4E-5-100-2-2.fa	XML-5	23	10811
XML-5/alignment_XML5-4000-0.01-4E-5-100-2-3.fa	XML-5	22	10805
XML-5/alignment_XML5-4000-0.01-4E-5-100-3-1.fa	XML-5	25	10763
XML-5/alignment_XML5-4000-0.01-4E-5-100-3-2.fa	XML-5	19	10778
XML-5/alignment_XML5-4000-0.01-4E-5-100-3-3.fa	XML-5	32	10796
XML-5/alignment_XML5-4000-0.01-4E-5-100-4-1.fa	XML-5	19	10799
XML-5/alignment_XML5-4000-0.01-4E-5-100-4-2.fa	XML-5	27	10796
XML-5/alignment_XML5-4000-0.01-4E-5-100-4-3.fa	XML-5	30	10790
XML-5/alignment_XML5-4000-0.01-4E-5-100-5-1.fa	XML-5	28	10763
XML-5/alignment_XML5-4000-0.01-4E-5-100-5-2.fa	XML-5	12	10760
XML-5/alignment_XML5-4000-0.01-4E-5-100-5-3.fa	XML-5	14	10802
XML-5/alignment_XML5-4000-0.01-4E-5-100-6-1.fa	XML-5	27	10781
XML-5/alignment_XML5-4000-0.01-4E-5-100-6-2.fa	XML-5	10	10793
XML-5/alignment_XML5-4000-0.01-4E-5-100-6-3.fa	XML-5	21	10778
XML-5/alignment_XML5-4000-0.01-4E-5-200-1-1.fa	XML-5	42	10814
XML-5/alignment_XML5-4000-0.01-4E-5-200-1-2.fa	XML-5	29	10769
XML-5/alignment_XML5-4000-0.01-4E-5-200-1-3.fa	XML-5	25	10808
XML-5/alignment_XML5-4000-0.01-4E-5-200-2-1.fa	XML-5	29	10811
XML-5/alignment_XML5-4000-0.01-4E-5-200-2-2.fa	XML-5	36	10808
XML-5/alignment_XML5-4000-0.01-4E-5-200-2-3.fa	XML-5	24	10802
XML-5/alignment_XML5-4000-0.01-4E-5-200-3-1.fa	XML-5	17	10817
XML-5/alignment_XML5-4000-0.01-4E-5-200-3-2.fa	XML-5	26	10793
XML-5/alignment_XML5-4000-0.01-4E-5-200-3-3.fa	XML-5	31	10781
XML-5/alignment_XML5-4000-0.01-4E-5-200-4-1.fa	XML-5	30	10784
XML-5/alignment_XML5-4000-0.01-4E-5-200-4-2.fa	XML-5	42	10751
XML-5/alignment_XML5-4000-0.01-4E-5-200-4-3.fa	XML-5	32	10811
XML-5/alignment_XML5-4000-0.01-4E-5-200-5-1.fa	XML-5	27	10796
XML-5/alignment_XML5-4000-0.01-4E-5-200-5-2.fa	XML-5	29	10775
XML-5/alignment_XML5-4000-0.01-4E-5-200-5-3.fa	XML-5	29	10793
XML-5/alignment_XML5-4000-0.01-4E-5-200-6-1.fa	XML-5	25	10781
XML-5/alignment_XML5-4000-0.01-4E-5-200-6-2.fa	XML-5	30	10814
XML-5/alignment_XML5-4000-0.01-4E-5-200-6-3.fa	XML-5	31	10796
XML-5/alignment_XML5-4000-0.01-4E-5-50-1-1.fa	XML-5	15	10757
XML-5/alignment_XML5-4000-0.01-4E-5-50-1-2.fa	XML-5	21	10760
XML-5/alignment_XML5-4000-0.01-4E-5-50-1-3.fa	XML-5	16	10769
XML-5/alignment_XML5-4000-0.01-4E-5-50-2-1.fa	XML-5	19	10781
XML-5/alignment_XML5-4000-0.01-4E-5-50-2-2.fa	XML-5	21	10757
XML-5/alignment_XML5-4000-0.01-4E-5-50-2-3.fa	XML-5	17	10763
XML-5/alignment_XML5-4000-0.01-4E-5-50-3-1.fa	XML-5	17	10748
XML-5/alignment_XML5-4000-0.01-4E-5-50-3-2.fa	XML-5	15	10757
XML-5/alignment_XML5-4000-0.01-4E-5-50-3-3.fa	XML-5	16	10787
XML-5/alignment_XML5-4000-0.01-4E-5-50-4-1.fa	XML-5	15	10775
XML-5/alignment_XML5-4000-0.01-4E-5-50-4-2.fa	XML-5	16	10760
XML-5/alignment_XML5-4000-0.01-4E-5-50-4-3.fa	XML-5	13	10677
XML-5/alignment_XML5-4000-0.01-4E-5-50-5-1.fa	XML-5	12	10754
XML-5/alignment_XML5-4000-0.01-4E-5-50-5-2.fa	XML-5	19	10760
XML-5/alignment_XML5-4000-0.01-4E-5-50-5-3.fa	XML-5	18	10814
XML-5/alignment_XML5-4000-0.01-4E-5-50-6-1.fa	XML-5	17	10775
XML-5/alignment_XML5-4000-0.01-4E-5-50-6-2.fa	XML-5	11	10751
XML-5/alignment_XML5-4000-0.01-4E-5-50-6-3.fa	XML-5	18	10761
XML-5/alignment_XML5-4000-0.01-8E-5-100-1-1.fa	XML-5	23	10778
XML-5/alignment_XML5-4000-0.01-8E-5-100-1-2.fa	XML-5	22	10775
XML-5/alignment_XML5-4000-0.01-8E-5-100-1-3.fa	XML-5	19	10772
XML-5/alignment_XML5-4000-0.01-8E-5-100-2-1.fa	XML-5	16	10766
XML-5/alignment_XML5-4000-0.01-8E-5-100-2-2.fa	XML-5	34	10814
XML-5/alignment_XML5-4000-0.01-8E-5-100-2-3.fa	XML-5	17	10797
XML-5/alignment_XML5-4000-0.01-8E-5-100-3-1.fa	XML-5	20	10763
XML-5/alignment_XML5-4000-0.01-8E-5-100-3-2.fa	XML-5	23	10760
XML-5/alignment_XML5-4000-0.01-8E-5-100-3-3.fa	XML-5	24	10787
XML-5/alignment_XML5-4000-0.01-8E-5-100-4-1.fa	XML-5	20	10769
XML-5/alignment_XML5-4000-0.01-8E-5-100-4-2.fa	XML-5	16	10787
XML-5/alignment_XML5-4000-0.01-8E-5-100-4-3.fa	XML-5	19	10781
XML-5/alignment_XML5-4000-0.01-8E-5-100-5-1.fa	XML-5	30	10799
XML-5/alignment_XML5-4000-0.01-8E-5-100-5-2.fa	XML-5	20	10784
XML-5/alignment_XML5-4000-0.01-8E-5-100-5-3.fa	XML-5	16	10769
XML-5/alignment_XML5-4000-0.01-8E-5-100-6-1.fa	XML-5	18	10754
XML-5/alignment_XML5-4000-0.01-8E-5-100-6-2.fa	XML-5	20	10811
XML-5/alignment_XML5-4000-0.01-8E-5-100-6-3.fa	XML-5	21	10790
XML-5/alignment_XML5-4000-0.01-8E-5-200-1-1.fa	XML-5	29	10799
XML-5/alignment_XML5-4000-0.01-8E-5-200-1-2.fa	XML-5	27	10817
XML-5/alignment_XML5-4000-0.01-8E-5-200-1-3.fa	XML-5	32	10829
XML-5/alignment_XML5-4000-0.01-8E-5-200-2-1.fa	XML-5	22	10796
XML-5/alignment_XML5-4000-0.01-8E-5-200-2-2.fa	XML-5	29	10817
XML-5/alignment_XML5-4000-0.01-8E-5-200-2-3.fa	XML-5	31	10811
XML-5/alignment_XML5-4000-0.01-8E-5-200-3-1.fa	XML-5	36	10838
XML-5/alignment_XML5-4000-0.01-8E-5-200-3-2.fa	XML-5	33	10808
XML-5/alignment_XML5-4000-0.01-8E-5-200-3-3.fa	XML-5	36	10799
XML-5/alignment_XML5-4000-0.01-8E-5-200-4-1.fa	XML-5	32	10808
XML-5/alignment_XML5-4000-0.01-8E-5-200-4-2.fa	XML-5	21	10796
XML-5/alignment_XML5-4000-0.01-8E-5-200-4-3.fa	XML-5	15	10796
XML-5/alignment_XML5-4000-0.01-8E-5-200-5-1.fa	XML-5	25	10772
XML-5/alignment_XML5-4000-0.01-8E-5-200-5-2.fa	XML-5	28	10835
XML-5/alignment_XML5-4000-0.01-8E-5-200-5-3.fa	XML-5	23	10796
XML-5/alignment_XML5-4000-0.01-8E-5-200-6-1.fa	XML-5	25	10811
XML-5/alignment_XML5-4000-0.01-8E-5-200-6-2.fa	XML-5	42	10844
XML-5/alignment_XML5-4000-0.01-8E-5-200-6-3.fa	XML-5	33	10811
XML-5/alignment_XML5-4000-0.01-8E-5-50-1-1.fa	XML-5	18	10778
XML-5/alignment_XML5-4000-0.01-8E-5-50-1-2.fa	XML-5	16	10814
XML-5/alignment_XML5-4000-0.01-8E-5-50-1-3.fa	XML-5	15	10760
XML-5/alignment_XML5-4000-0.01-8E-5-50-2-1.fa	XML-5	12	10763
XML-5/alignment_XML5-4000-0.01-8E-5-50-2-2.fa	XML-5	10	10775
XML-5/alignment_XML5-4000-0.01-8E-5-50-2-3.fa	XML-5	13	10763
XML-5/alignment_XML5-4000-0.01-8E-5-50-3-1.fa	XML-5	15	10772
XML-5/alignment_XML5-4000-0.01-8E-5-50-3-2.fa	XML-5	14	10754
XML-5/alignment_XML5-4000-0.01-8E-5-50-3-3.fa	XML-5	15	10769
XML-5/alignment_XML5-4000-0.01-8E-5-50-4-1.fa	XML-5	14	10772
XML-5/alignment_XML5-4000-0.01-8E-5-50-4-2.fa	XML-5	16	10790
XML-5/alignment_XML5-4000-0.01-8E-5-50-4-3.fa	XML-5	14	10769
XML-5/alignment_XML5-4000-0.01-8E-5-50-5-1.fa	XML-5	17	10754
XML-5/alignment_XML5-4000-0.01-8E-5-50-5-2.fa	XML-5	24	10784
XML-5/alignment_XML5-4000-0.01-8E-5-50-5-3.fa	XML-5	15	10763
XML-5/alignment_XML5-4000-0.01-8E-5-50-6-1.fa	XML-5	10	10763
XML-5/alignment_XML5-4000-0.01-8E-5-50-6-2.fa	XML-5	25	10775
XML-5/alignment_XML5-4000-0.01-8E-5-50-6-3.fa	XML-5	18	10754
XML-5/alignment_XML5-4000-0.02-12E-5-100-1-2.fa	XML-5	47	10790
XML-5/alignment_XML5-4000-0.02-12E-5-100-1-3.fa	XML-5	34	10769
XML-5/alignment_XML5-4000-0.02-12E-5-100-2-1.fa	XML-5	36	10808
XML-5/alignment_XML5-4000-0.02-12E-5-100-2-3.fa	XML-5	45	10790
XML-5/alignment_XML5-4000-0.02-12E-5-100-3-1.fa	XML-5	38	10808
XML-5/alignment_XML5-4000-0.02-12E-5-100-3-2.fa	XML-5	30	10832
XML-5/alignment_XML5-4000-0.02-12E-5-100-3-3.fa	XML-5	44	10769
XML-5/alignment_XML5-4000-0.02-12E-5-100-4-1.fa	XML-5	44	10787
XML-5/alignment_XML5-4000-0.02-12E-5-100-4-2.fa	XML-5	36	10793
XML-5/alignment_XML5-4000-0.02-12E-5-100-4-3.fa	XML-5	43	10802
XML-5/alignment_XML5-4000-0.02-12E-5-100-5-1.fa	XML-5	48	10811
XML-5/alignment_XML5-4000-0.02-12E-5-100-5-2.fa	XML-5	49	10778
XML-5/alignment_XML5-4000-0.02-12E-5-100-5-3.fa	XML-5	33	10775
XML-5/alignment_XML5-4000-0.02-12E-5-100-6-1.fa	XML-5	46	10832
XML-5/alignment_XML5-4000-0.02-12E-5-100-6-2.fa	XML-5	41	10775
XML-5/alignment_XML5-4000-0.02-12E-5-100-6-3.fa	XML-5	39	10793
XML-5/alignment_XML5-4000-0.02-12E-5-200-1-1.fa	XML-5	42	10874
XML-5/alignment_XML5-4000-0.02-12E-5-200-1-2.fa	XML-5	60	10805
XML-5/alignment_XML5-4000-0.02-12E-5-200-1-3.fa	XML-5	53	10862
XML-5/alignment_XML5-4000-0.02-12E-5-200-2-1.fa	XML-5	45	10781
XML-5/alignment_XML5-4000-0.02-12E-5-200-2-2.fa	XML-5	54	10829
XML-5/alignment_XML5-4000-0.02-12E-5-200-2-3.fa	XML-5	37	10835
XML-5/alignment_XML5-4000-0.02-12E-5-200-3-1.fa	XML-5	40	10829
XML-5/alignment_XML5-4000-0.02-12E-5-200-3-2.fa	XML-5	61	10817
XML-5/alignment_XML5-4000-0.02-12E-5-200-3-3.fa	XML-5	61	10835
XML-5/alignment_XML5-4000-0.02-12E-5-200-4-1.fa	XML-5	63	10808
XML-5/alignment_XML5-4000-0.02-12E-5-200-4-2.fa	XML-5	52	10832
XML-5/alignment_XML5-4000-0.02-12E-5-200-4-3.fa	XML-5	60	10802
XML-5/alignment_XML5-4000-0.02-12E-5-200-5-1.fa	XML-5	55	10805
XML-5/alignment_XML5-4000-0.02-12E-5-200-5-2.fa	XML-5	56	10820
XML-5/alignment_XML5-4000-0.02-12E-5-200-5-3.fa	XML-5	43	10805
XML-5/alignment_XML5-4000-0.02-12E-5-200-6-1.fa	XML-5	54	10817
XML-5/alignment_XML5-4000-0.02-12E-5-200-6-2.fa	XML-5	49	10835
XML-5/alignment_XML5-4000-0.02-12E-5-200-6-3.fa	XML-5	49	10835
XML-5/alignment_XML5-4000-0.02-12E-5-50-1-1.fa	XML-5	30	10766
XML-5/alignment_XML5-4000-0.02-12E-5-50-1-2.fa	XML-5	19	10754
XML-5/alignment_XML5-4000-0.02-12E-5-50-1-3.fa	XML-5	24	10790
XML-5/alignment_XML5-4000-0.02-12E-5-50-2-1.fa	XML-5	20	10772
XML-5/alignment_XML5-4000-0.02-12E-5-50-2-2.fa	XML-5	28	10796
XML-5/alignment_XML5-4000-0.02-12E-5-50-2-3.fa	XML-5	27	10748
XML-5/alignment_XML5-4000-0.02-12E-5-50-3-1.fa	XML-5	32	10805
XML-5/alignment_XML5-4000-0.02-12E-5-50-3-2.fa	XML-5	17	10784
XML-5/alignment_XML5-4000-0.02-12E-5-50-3-3.fa	XML-5	16	10763
XML-5/alignment_XML5-4000-0.02-12E-5-50-4-1.fa	XML-5	28	10781
XML-5/alignment_XML5-4000-0.02-12E-5-50-4-2.fa	XML-5	24	10766
XML-5/alignment_XML5-4000-0.02-12E-5-50-4-3.fa	XML-5	25	10808
XML-5/alignment_XML5-4000-0.02-12E-5-50-5-1.fa	XML-5	23	10781
XML-5/alignment_XML5-4000-0.02-12E-5-50-5-2.fa	XML-5	18	10784
XML-5/alignment_XML5-4000-0.02-12E-5-50-5-3.fa	XML-5	32	10790
XML-5/alignment_XML5-4000-0.02-12E-5-50-6-1.fa	XML-5	17	10790
XML-5/alignment_XML5-4000-0.02-12E-5-50-6-2.fa	XML-5	27	10796
XML-5/alignment_XML5-4000-0.02-12E-5-50-6-3.fa	XML-5	21	10757
XML-5/alignment_XML5-4000-0.02-4E-5-100-1-1.fa	XML-5	32	10820
XML-5/alignment_XML5-4000-0.02-4E-5-100-1-2.fa	XML-5	48	10823
XML-5/alignment_XML5-4000-0.02-4E-5-100-1-3.fa	XML-5	41	10835
XML-5/alignment_XML5-4000-0.02-4E-5-100-2-1.fa	XML-5	31	10829
XML-5/alignment_XML5-4000-0.02-4E-5-100-2-2.fa	XML-5	37	10775
XML-5/alignment_XML5-4000-0.02-4E-5-100-3-1.fa	XML-5	39	10814
XML-5/alignment_XML5-4000-0.02-4E-5-100-3-2.fa	XML-5	27	10772
XML-5/alignment_XML5-4000-0.02-4E-5-100-3-3.fa	XML-5	35	10784
XML-5/alignment_XML5-4000-0.02-4E-5-100-4-1.fa	XML-5	33	10787
XML-5/alignment_XML5-4000-0.02-4E-5-100-4-2.fa	XML-5	34	10793
XML-5/alignment_XML5-4000-0.02-4E-5-100-4-3.fa	XML-5	40	10835
XML-5/alignment_XML5-4000-0.02-4E-5-100-5-1.fa	XML-5	35	10760
XML-5/alignment_XML5-4000-0.02-4E-5-100-5-2.fa	XML-5	34	10780
XML-5/alignment_XML5-4000-0.02-4E-5-100-5-3.fa	XML-5	42	10802
XML-5/alignment_XML5-4000-0.02-4E-5-100-6-1.fa	XML-5	34	10781
XML-5/alignment_XML5-4000-0.02-4E-5-100-6-2.fa	XML-5	35	10799
XML-5/alignment_XML5-4000-0.02-4E-5-100-6-3.fa	XML-5	33	10805
XML-5/alignment_XML5-4000-0.02-4E-5-200-1-1.fa	XML-5	44	10826
XML-5/alignment_XML5-4000-0.02-4E-5-200-1-2.fa	XML-5	61	10808
XML-5/alignment_XML5-4000-0.02-4E-5-200-1-3.fa	XML-5	52	10859
XML-5/alignment_XML5-4000-0.02-4E-5-200-2-1.fa	XML-5	56	10781
XML-5/alignment_XML5-4000-0.02-4E-5-200-2-2.fa	XML-5	41	10790
XML-5/alignment_XML5-4000-0.02-4E-5-200-2-3.fa	XML-5	53	10781
XML-5/alignment_XML5-4000-0.02-4E-5-200-3-1.fa	XML-5	39	10799
XML-5/alignment_XML5-4000-0.02-4E-5-200-3-2.fa	XML-5	54	10832
XML-5/alignment_XML5-4000-0.02-4E-5-200-3-3.fa	XML-5	51	10838
XML-5/alignment_XML5-4000-0.02-4E-5-200-4-1.fa	XML-5	57	10814
XML-5/alignment_XML5-4000-0.02-4E-5-200-4-2.fa	XML-5	57	10796
XML-5/alignment_XML5-4000-0.02-4E-5-200-4-3.fa	XML-5	55	10823
XML-5/alignment_XML5-4000-0.02-4E-5-200-5-1.fa	XML-5	47	10829
XML-5/alignment_XML5-4000-0.02-4E-5-200-5-2.fa	XML-5	48	10799
XML-5/alignment_XML5-4000-0.02-4E-5-200-5-3.fa	XML-5	52	10832
XML-5/alignment_XML5-4000-0.02-4E-5-200-6-1.fa	XML-5	49	10811
XML-5/alignment_XML5-4000-0.02-4E-5-200-6-2.fa	XML-5	56	10841
XML-5/alignment_XML5-4000-0.02-4E-5-50-1-1.fa	XML-5	22	10796
XML-5/alignment_XML5-4000-0.02-4E-5-50-1-2.fa	XML-5	34	10793
XML-5/alignment_XML5-4000-0.02-4E-5-50-2-1.fa	XML-5	12	10748
XML-5/alignment_XML5-4000-0.02-4E-5-50-2-2.fa	XML-5	30	10760
XML-5/alignment_XML5-4000-0.02-4E-5-50-2-3.fa	XML-5	34	10763
XML-5/alignment_XML5-4000-0.02-4E-5-50-3-1.fa	XML-5	28	10799
XML-5/alignment_XML5-4000-0.02-4E-5-50-3-2.fa	XML-5	31	10835
XML-5/alignment_XML5-4000-0.02-4E-5-50-3-3.fa	XML-5	13	10817
XML-5/alignment_XML5-4000-0.02-4E-5-50-4-1.fa	XML-5	17	10766
XML-5/alignment_XML5-4000-0.02-4E-5-50-4-2.fa	XML-5	19	10805
XML-5/alignment_XML5-4000-0.02-4E-5-50-4-3.fa	XML-5	30	10781
XML-5/alignment_XML5-4000-0.02-4E-5-50-5-1.fa	XML-5	34	10757
XML-5/alignment_XML5-4000-0.02-4E-5-50-5-2.fa	XML-5	22	10772
XML-5/alignment_XML5-4000-0.02-4E-5-50-5-3.fa	XML-5	22	10778
XML-5/alignment_XML5-4000-0.02-4E-5-50-6-1.fa	XML-5	23	10802
XML-5/alignment_XML5-4000-0.02-4E-5-50-6-2.fa	XML-5	18	10769
XML-5/alignment_XML5-4000-0.02-4E-5-50-6-3.fa	XML-5	33	10766
XML-5/alignment_XML5-4000-0.02-8E-5-100-1-1.fa	XML-5	49	10799
XML-5/alignment_XML5-4000-0.02-8E-5-100-1-2.fa	XML-5	25	10760
XML-5/alignment_XML5-4000-0.02-8E-5-100-1-3.fa	XML-5	43	10802
XML-5/alignment_XML5-4000-0.02-8E-5-100-2-1.fa	XML-5	32	10787
XML-5/alignment_XML5-4000-0.02-8E-5-100-2-3.fa	XML-5	37	10802
XML-5/alignment_XML5-4000-0.02-8E-5-100-3-1.fa	XML-5	38	10796
XML-5/alignment_XML5-4000-0.02-8E-5-100-3-2.fa	XML-5	36	10775
XML-5/alignment_XML5-4000-0.02-8E-5-100-3-3.fa	XML-5	38	10820
XML-5/alignment_XML5-4000-0.02-8E-5-100-4-1.fa	XML-5	31	10814
XML-5/alignment_XML5-4000-0.02-8E-5-100-4-2.fa	XML-5	36	10790
XML-5/alignment_XML5-4000-0.02-8E-5-100-4-3.fa	XML-5	42	10811
XML-5/alignment_XML5-4000-0.02-8E-5-100-5-1.fa	XML-5	35	10790
XML-5/alignment_XML5-4000-0.02-8E-5-100-5-2.fa	XML-5	40	10778
XML-5/alignment_XML5-4000-0.02-8E-5-100-5-3.fa	XML-5	41	10808
XML-5/alignment_XML5-4000-0.02-8E-5-100-6-1.fa	XML-5	43	10784
XML-5/alignment_XML5-4000-0.02-8E-5-100-6-2.fa	XML-5	36	10772
XML-5/alignment_XML5-4000-0.02-8E-5-100-6-3.fa	XML-5	37	10790
XML-5/alignment_XML5-4000-0.02-8E-5-200-1-1.fa	XML-5	51	10814
XML-5/alignment_XML5-4000-0.02-8E-5-200-1-2.fa	XML-5	50	10850
XML-5/alignment_XML5-4000-0.02-8E-5-200-1-3.fa	XML-5	77	10835
XML-5/alignment_XML5-4000-0.02-8E-5-200-2-1.fa	XML-5	56	10844
XML-5/alignment_XML5-4000-0.02-8E-5-200-2-2.fa	XML-5	27	10805
XML-5/alignment_XML5-4000-0.02-8E-5-200-2-3.fa	XML-5	54	10823
XML-5/alignment_XML5-4000-0.02-8E-5-200-3-1.fa	XML-5	62	10796
XML-5/alignment_XML5-4000-0.02-8E-5-200-3-2.fa	XML-5	34	10853
XML-5/alignment_XML5-4000-0.02-8E-5-200-3-3.fa	XML-5	42	10868
XML-5/alignment_XML5-4000-0.02-8E-5-200-4-1.fa	XML-5	61	10835
XML-5/alignment_XML5-4000-0.02-8E-5-200-4-2.fa	XML-5	49	10805
XML-5/alignment_XML5-4000-0.02-8E-5-200-4-3.fa	XML-5	43	10874
XML-5/alignment_XML5-4000-0.02-8E-5-200-5-1.fa	XML-5	69	10835
XML-5/alignment_XML5-4000-0.02-8E-5-200-5-2.fa	XML-5	41	10805
XML-5/alignment_XML5-4000-0.02-8E-5-200-5-3.fa	XML-5	66	10832
XML-5/alignment_XML5-4000-0.02-8E-5-200-6-1.fa	XML-5	62	10796
XML-5/alignment_XML5-4000-0.02-8E-5-200-6-2.fa	XML-5	72	10790
XML-5/alignment_XML5-4000-0.02-8E-5-200-6-3.fa	XML-5	45	10832
XML-5/alignment_XML5-4000-0.02-8E-5-50-1-1.fa	XML-5	33	10769
XML-5/alignment_XML5-4000-0.02-8E-5-50-1-2.fa	XML-5	26	10757
XML-5/alignment_XML5-4000-0.02-8E-5-50-1-3.fa	XML-5	23	10778
XML-5/alignment_XML5-4000-0.02-8E-5-50-2-1.fa	XML-5	20	10814
XML-5/alignment_XML5-4000-0.02-8E-5-50-2-2.fa	XML-5	27	10766
XML-5/alignment_XML5-4000-0.02-8E-5-50-2-3.fa	XML-5	23	10775
XML-5/alignment_XML5-4000-0.02-8E-5-50-3-1.fa	XML-5	23	10739
XML-5/alignment_XML5-4000-0.02-8E-5-50-3-2.fa	XML-5	27	10784
XML-5/alignment_XML5-4000-0.02-8E-5-50-3-3.fa	XML-5	20	10811
XML-5/alignment_XML5-4000-0.02-8E-5-50-4-1.fa	XML-5	28	10784
XML-5/alignment_XML5-4000-0.02-8E-5-50-4-3.fa	XML-5	29	10820
XML-5/alignment_XML5-4000-0.02-8E-5-50-5-1.fa	XML-5	29	10760
XML-5/alignment_XML5-4000-0.02-8E-5-50-5-2.fa	XML-5	24	10742
XML-5/alignment_XML5-4000-0.02-8E-5-50-5-3.fa	XML-5	39	10820
XML-5/alignment_XML5-4000-0.02-8E-5-50-6-1.fa	XML-5	30	10763
XML-5/alignment_XML5-4000-0.02-8E-5-50-6-2.fa	XML-5	25	10805
XML-5/alignment_XML5-4000-0.02-8E-5-50-6-3.fa	XML-5	19	10778
XML-6/mut2e4_rec0p005_001.fa	XML-6	142	10000
XML-6/mut2e4_rec0p005_002.fa	XML-6	344	10000
XML-6/mut2e4_rec0p005_003.fa	XML-6	125	10000
XML-6/mut2e4_rec0p005_004.fa	XML-6	304	10000
XML-6/mut2e4_rec0p005_005.fa	XML-6	116	10000
XML-6/mut2e4_rec0p005_006.fa	XML-6	233	9759
XML-6/mut2e4_rec0p005_007.fa	XML-6	293	10000
XML-6/mut2e4_rec0p005_008.fa	XML-6	69	8910
XML-6/mut2e4_rec0p005_009.fa	XML-6	303	10000
XML-6/mut2e4_rec0p005_010.fa	XML-6	177	9786
XML-6/mut2e4_rec0p005_011.fa	XML-6	363	10000
XML-6/mut2e4_rec0p005_012.fa	XML-6	141	10000
XML-6/mut2e4_rec0p005_013.fa	XML-6	224	10000
XML-6/mut2e4_rec0p005_014.fa	XML-6	181	10000
XML-6/mut2e4_rec0p005_015.fa	XML-6	252	10000
XML-6/mut2e4_rec0p005_016.fa	XML-6	338	10000
XML-6/mut2e4_rec0p005_017.fa	XML-6	13	9987
XML-6/mut2e4_rec0p005_018.fa	XML-6	375	10000
XML-6/mut2e4_rec0p005_019.fa	XML-6	97	10000
XML-6/mut2e4_rec0p005_020.fa	XML-6	87	10000
XML-6/mut2e4_rec0p005_021.fa	XML-6	506	10000
XML-6/mut2e4_rec0p005_022.fa	XML-6	62	10000
XML-6/mut2e4_rec0p005_023.fa	XML-6	294	10000
XML-6/mut2e4_rec0p005_024.fa	XML-6	194	10000
XML-6/mut2e4_rec0p005_025.fa	XML-6	381	10000
XML-6/mut2e4_rec0p005_026.fa	XML-6	122	7926
XML-6/mut2e4_rec0p005_027.fa	XML-6	252	10000
XML-6/mut2e4_rec0p005_028.fa	XML-6	88	10000
XML-6/mut2e4_rec0p005_029.fa	XML-6	203	10000
XML-6/mut2e4_rec0p005_030.fa	XML-6	156	10000
XML-6/mut2e4_rec0p005_031.fa	XML-6	36	10000
XML-6/mut2e4_rec0p005_032.fa	XML-6	196	10000
XML-6/mut2e4_rec0p005_033.fa	XML-6	51	8814
XML-6/mut2e4_rec0p005_034.fa	XML-6	384	10000
XML-6/mut2e4_rec0p005_035.fa	XML-6	228	10000
XML-6/mut2e4_rec0p005_036.fa	XML-6	69	10000
XML-6/mut2e4_rec0p005_037.fa	XML-6	204	10000
XML-6/mut2e4_rec0p005_038.fa	XML-6	228	10000
XML-6/mut2e4_rec0p005_039.fa	XML-6	205	10000
XML-6/mut2e4_rec0p005_040.fa	XML-6	53	9687
XML-6/mut2e4_rec0p005_041.fa	XML-6	408	10000
XML-6/mut2e4_rec0p005_042.fa	XML-6	239	10000
XML-6/mut2e4_rec0p005_043.fa	XML-6	143	10000
XML-6/mut2e4_rec0p005_044.fa	XML-6	291	8862
XML-6/mut2e4_rec0p005_045.fa	XML-6	322	10000
XML-6/mut2e4_rec0p005_046.fa	XML-6	156	10000
XML-6/mut2e4_rec0p005_047.fa	XML-6	200	10000
XML-6/mut2e4_rec0p005_048.fa	XML-6	70	7074
XML-6/mut2e4_rec0p005_049.fa	XML-6	254	10000
XML-6/mut2e4_rec0p005_050.fa	XML-6	69	10000
XML-6/mut2e4_rec0p005_051.fa	XML-6	341	10000
XML-6/mut2e4_rec0p005_052.fa	XML-6	290	10000
XML-6/mut2e4_rec0p005_053.fa	XML-6	171	10000
XML-6/mut2e4_rec0p005_054.fa	XML-6	76	10000
XML-6/mut2e4_rec0p005_055.fa	XML-6	151	10000
XML-6/mut2e4_rec0p005_056.fa	XML-6	132	10000
XML-6/mut2e4_rec0p005_057.fa	XML-6	347	9120
XML-6/mut2e4_rec0p005_058.fa	XML-6	138	10000
XML-6/mut2e4_rec0p005_059.fa	XML-6	306	10000
XML-6/mut2e4_rec0p005_060.fa	XML-6	158	10000
XML-6/mut2e4_rec0p005_061.fa	XML-6	229	10000
XML-6/mut2e4_rec0p005_062.fa	XML-6	165	10000
XML-6/mut2e4_rec0p005_063.fa	XML-6	455	10000
XML-6/mut2e4_rec0p005_064.fa	XML-6	338	10000
XML-6/mut2e4_rec0p005_065.fa	XML-6	40	10000
XML-6/mut2e4_rec0p005_066.fa	XML-6	412	10000
XML-6/mut2e4_rec0p005_067.fa	XML-6	246	10000
XML-6/mut2e4_rec0p005_068.fa	XML-6	127	10000
XML-6/mut2e4_rec0p005_069.fa	XML-6	453	10000
XML-6/mut2e4_rec0p005_070.fa	XML-6	110	9309
XML-6/mut2e4_rec0p005_071.fa	XML-6	106	6348
XML-6/mut2e4_rec0p005_072.fa	XML-6	467	10000
XML-6/mut2e4_rec0p005_073.fa	XML-6	92	8157
XML-6/mut2e4_rec0p005_074.fa	XML-6	324	10000
XML-6/mut2e4_rec0p005_075.fa	XML-6	120	10000
XML-6/mut2e4_rec0p005_076.fa	XML-6	317	10000
XML-6/mut2e4_rec0p005_077.fa	XML-6	97	10000
XML-6/mut2e4_rec0p005_078.fa	XML-6	149	10000
XML-6/mut2e4_rec0p005_079.fa	XML-6	56	3723
XML-6/mut2e4_rec0p005_080.fa	XML-6	342	10000
XML-6/mut2e4_rec0p005_081.fa	XML-6	247	6684
XML-6/mut2e4_rec0p005_082.fa	XML-6	150	10000
XML-6/mut2e4_rec0p005_083.fa	XML-6	86	10000
XML-6/mut2e4_rec0p005_084.fa	XML-6	157	4743
XML-6/mut2e4_rec0p005_085.fa	XML-6	101	10000
XML-6/mut2e4_rec0p005_086.fa	XML-6	218	10000
XML-6/mut2e4_rec0p005_087.fa	XML-6	283	10000
XML-6/mut2e4_rec0p005_088.fa	XML-6	180	10000
XML-6/mut2e4_rec0p005_089.fa	XML-6	249	10000
XML-6/mut2e4_rec0p005_090.fa	XML-6	137	10000
XML-6/mut2e4_rec0p005_091.fa	XML-6	129	10000
XML-6/mut2e4_rec0p005_092.fa	XML-6	245	10000
XML-6/mut2e4_rec0p005_093.fa	XML-6	204	10000
XML-6/mut2e4_rec0p005_094.fa	XML-6	234	10000
XML-6/mut2e4_rec0p005_095.fa	XML-6	150	7833
XML-6/mut2e4_rec0p005_096.fa	XML-6	52	10000
XML-6/mut2e4_rec0p005_097.fa	XML-6	131	10000
XML-6/mut2e4_rec0p005_098.fa	XML-6	123	10000
XML-6/mut2e4_rec0p005_099.fa	XML-6	133	7122
XML-6/mut2e4_rec0p005_100.fa	XML-6	234	10000
XML-6/mut2e4_rec0p01_001.fa	XML-6	587	10000
XML-6/mut2e4_rec0p01_002.fa	XML-6	338	10000
XML-6/mut2e4_rec0p01_003.fa	XML-6	530	10000
XML-6/mut2e4_rec0p01_004.fa	XML-6	261	10000
XML-6/mut2e4_rec0p01_005.fa	XML-6	411	10000
XML-6/mut2e4_rec0p01_006.fa	XML-6	143	10000
XML-6/mut2e4_rec0p01_007.fa	XML-6	830	10000
XML-6/mut2e4_rec0p01_008.fa	XML-6	1204	10000
XML-6/mut2e4_rec0p01_009.fa	XML-6	711	10000
XML-6/mut2e4_rec0p01_010.fa	XML-6	904	10000
XML-6/mut2e4_rec0p01_011.fa	XML-6	681	10000
XML-6/mut2e4_rec0p01_012.fa	XML-6	377	10000
XML-6/mut2e4_rec0p01_013.fa	XML-6	596	10000
XML-6/mut2e4_rec0p01_014.fa	XML-6	181	10000
XML-6/mut2e4_rec0p01_015.fa	XML-6	666	10000
XML-6/mut2e4_rec0p01_016.fa	XML-6	372	10000
XML-6/mut2e4_rec0p01_017.fa	XML-6	502	10000
XML-6/mut2e4_rec0p01_018.fa	XML-6	904	10000
XML-6/mut2e4_rec0p01_019.fa	XML-6	496	10000
XML-6/mut2e4_rec0p01_020.fa	XML-6	216	10000
XML-6/mut2e4_rec0p01_021.fa	XML-6	343	10000
XML-6/mut2e4_rec0p01_022.fa	XML-6	185	10000
XML-6/mut2e4_rec0p01_023.fa	XML-6	821	10000
XML-6/mut2e4_rec0p01_024.fa	XML-6	832	10000
XML-6/mut2e4_rec0p01_025.fa	XML-6	661	10000
XML-6/mut2e4_rec0p01_026.fa	XML-6	861	10000
XML-6/mut2e4_rec0p01_027.fa	XML-6	513	10000
XML-6/mut2e4_rec0p01_028.fa	XML-6	333	10000
XML-6/mut2e4_rec0p01_029.fa	XML-6	406	10000
XML-6/mut2e4_rec0p01_030.fa	XML-6	372	10000
XML-6/mut2e4_rec0p01_031.fa	XML-6	759	10000
XML-6/mut2e4_rec0p01_032.fa	XML-6	527	10000
XML-6/mut2e4_rec0p01_033.fa	XML-6	1208	10000
XML-6/mut2e4_rec0p01_034.fa	XML-6	541	10000
XML-6/mut2e4_rec0p01_035.fa	XML-6	552	10000
XML-6/mut2e4_rec0p01_036.fa	XML-6	247	10000
XML-6/mut2e4_rec0p01_037.fa	XML-6	621	10000
XML-6/mut2e4_rec0p01_038.fa	XML-6	453	10000
XML-6/mut2e4_rec0p01_039.fa	XML-6	620	10000
XML-6/mut2e4_rec0p01_040.fa	XML-6	482	10000
XML-6/mut2e4_rec0p01_041.fa	XML-6	435	10000
XML-6/mut2e4_rec0p01_042.fa	XML-6	762	10000
XML-6/mut2e4_rec0p01_043.fa	XML-6	306	10000
XML-6/mut2e4_rec0p01_044.fa	XML-6	369	10000
XML-6/mut2e4_rec0p01_045.fa	XML-6	284	10000
XML-6/mut2e4_rec0p01_046.fa	XML-6	602	10000
XML-6/mut2e4_rec0p01_047.fa	XML-6	618	10000
XML-6/mut2e4_rec0p01_048.fa	XML-6	295	9594
XML-6/mut2e4_rec0p01_049.fa	XML-6	866	10000
XML-6/mut2e4_rec0p01_050.fa	XML-6	388	10000
XML-6/mut2e4_rec0p01_051.fa	XML-6	477	10000
XML-6/mut2e4_rec0p01_052.fa	XML-6	617	10000
XML-6/mut2e4_rec0p01_053.fa	XML-6	598	10000
XML-6/mut2e4_rec0p01_054.fa	XML-6	713	10000
XML-6/mut2e4_rec0p01_055.fa	XML-6	931	10000
XML-6/mut2e4_rec0p01_056.fa	XML-6	492	10000
XML-6/mut2e4_rec0p01_057.fa	XML-6	393	10000
XML-6/mut2e4_rec0p01_058.fa	XML-6	203	10000
XML-6/mut2e4_rec0p01_059.fa	XML-6	235	10000
XML-6/mut2e4_rec0p01_060.fa	XML-6	372	10000
XML-6/mut2e4_rec0p01_061.fa	XML-6	71	3495
XML-6/mut2e4_rec0p01_062.fa	XML-6	229	10000
XML-6/mut2e4_rec0p01_063.fa	XML-6	541	10000
XML-6/mut2e4_rec0p01_064.fa	XML-6	505	9912
XML-6/mut2e4_rec0p01_065.fa	XML-6	12	8346
XML-6/mut2e4_rec0p01_066.fa	XML-6	936	10000
XML-6/mut2e4_rec0p01_067.fa	XML-6	338	10000
XML-6/mut2e4_rec0p01_068.fa	XML-6	573	10000
XML-6/mut2e4_rec0p01_069.fa	XML-6	289	10000
XML-6/mut2e4_rec0p01_070.fa	XML-6	424	10000
XML-6/mut2e4_rec0p01_071.fa	XML-6	480	10000
XML-6/mut2e4_rec0p01_072.fa	XML-6	363	10000
XML-6/mut2e4_rec0p01_073.fa	XML-6	939	10000
XML-6/mut2e4_rec0p01_074.fa	XML-6	552	10000
XML-6/mut2e4_rec0p01_075.fa	XML-6	664	10000
XML-6/mut2e4_rec0p01_076.fa	XML-6	438	10000
XML-6/mut2e4_rec0p01_077.fa	XML-6	167	10000
XML-6/mut2e4_rec0p01_078.fa	XML-6	348	10000
XML-6/mut2e4_rec0p01_079.fa	XML-6	662	10000
XML-6/mut2e4_rec0p01_080.fa	XML-6	916	10000
XML-6/mut2e4_rec0p01_081.fa	XML-6	486	10000
XML-6/mut2e4_rec0p01_082.fa	XML-6	596	10000
XML-6/mut2e4_rec0p01_083.fa	XML-6	992	10000
XML-6/mut2e4_rec0p01_084.fa	XML-6	854	10000
XML-6/mut2e4_rec0p01_085.fa	XML-6	573	10000
XML-6/mut2e4_rec0p01_086.fa	XML-6	245	10000
XML-6/mut2e4_rec0p01_087.fa	XML-6	750	10000
XML-6/mut2e4_rec0p01_088.fa	XML-6	570	10000
XML-6/mut2e4_rec0p01_089.fa	XML-6	221	9273
XML-6/mut2e4_rec0p01_090.fa	XML-6	159	10000
XML-6/mut2e4_rec0p01_091.fa	XML-6	377	10000
XML-6/mut2e4_rec0p01_092.fa	XML-6	383	10000
XML-6/mut2e4_rec0p01_093.fa	XML-6	1266	10000
XML-6/mut2e4_rec0p01_094.fa	XML-6	199	10000
XML-6/mut2e4_rec0p01_095.fa	XML-6	488	10000
XML-6/mut2e4_rec0p01_096.fa	XML-6	229	10000
XML-6/mut2e4_rec0p01_097.fa	XML-6	606	10000
XML-6/mut2e4_rec0p01_098.fa	XML-6	281	10000
XML-6/mut2e4_rec0p01_099.fa	XML-6	422	10000
XML-6/mut2e4_rec0p01_100.fa	XML-6	894	10000
XML-6/mut2p5e5_rec0p005_001.fa	XML-6	76	10000
XML-6/mut2p5e5_rec0p005_002.fa	XML-6	409	10000
XML-6/mut2p5e5_rec0p005_003.fa	XML-6	222	8088
XML-6/mut2p5e5_rec0p005_004.fa	XML-6	176	10000
XML-6/mut2p5e5_rec0p005_005.fa	XML-6	186	10000
XML-6/mut2p5e5_rec0p005_006.fa	XML-6	207	10000
XML-6/mut2p5e5_rec0p005_007.fa	XML-6	151	10000
XML-6/mut2p5e5_rec0p005_008.fa	XML-6	96	10000
XML-6/mut2p5e5_rec0p005_009.fa	XML-6	122	10000
XML-6/mut2p5e5_rec0p005_010.fa	XML-6	285	10000
XML-6/mut2p5e5_rec0p005_011.fa	XML-6	129	10000
XML-6/mut2p5e5_rec0p005_012.fa	XML-6	387	10000
XML-6/mut2p5e5_rec0p005_013.fa	XML-6	112	9468
XML-6/mut2p5e5_rec0p005_014.fa	XML-6	121	10000
XML-6/mut2p5e5_rec0p005_015.fa	XML-6	243	10000
XML-6/mut2p5e5_rec0p005_016.fa	XML-6	193	10000
XML-6/mut2p5e5_rec0p005_017.fa	XML-6	274	10000
XML-6/mut2p5e5_rec0p005_018.fa	XML-6	149	8457
XML-6/mut2p5e5_rec0p005_019.fa	XML-6	104	10000
XML-6/mut2p5e5_rec0p005_020.fa	XML-6	222	10000
XML-6/mut2p5e5_rec0p005_021.fa	XML-6	204	8811
XML-6/mut2p5e5_rec0p005_022.fa	XML-6	37	10000
XML-6/mut2p5e5_rec0p005_023.fa	XML-6	90	10000
XML-6/mut2p5e5_rec0p005_024.fa	XML-6	176	10000
XML-6/mut2p5e5_rec0p005_025.fa	XML-6	95	10000
XML-6/mut2p5e5_rec0p005_026.fa	XML-6	451	10000
XML-6/mut2p5e5_rec0p005_027.fa	XML-6	176	10000
XML-6/mut2p5e5_rec0p005_028.fa	XML-6	161	10000
XML-6/mut2p5e5_rec0p005_029.fa	XML-6	157	10000
XML-6/mut2p5e5_rec0p005_030.fa	XML-6	60	10000
XML-6/mut2p5e5_rec0p005_031.fa	XML-6	131	10000
XML-6/mut2p5e5_rec0p005_032.fa	XML-6	257	10000
XML-6/mut2p5e5_rec0p005_033.fa	XML-6	182	10000
XML-6/mut2p5e5_rec0p005_034.fa	XML-6	262	10000
XML-6/mut2p5e5_rec0p005_035.fa	XML-6	337	10000
XML-6/mut2p5e5_rec0p005_036.fa	XML-6	103	10000
XML-6/mut2p5e5_rec0p005_037.fa	XML-6	105	10000
XML-6/mut2p5e5_rec0p005_038.fa	XML-6	30	10000
XML-6/mut2p5e5_rec0p005_039.fa	XML-6	46	10000
XML-6/mut2p5e5_rec0p005_040.fa	XML-6	251	10000
XML-6/mut2p5e5_rec0p005_041.fa	XML-6	56	10000
XML-6/mut2p5e5_rec0p005_042.fa	XML-6	326	10000
XML-6/mut2p5e5_rec0p005_043.fa	XML-6	290	10000
XML-6/mut2p5e5_rec0p005_044.fa	XML-6	279	10000
XML-6/mut2p5e5_rec0p005_045.fa	XML-6	314	10000
XML-6/mut2p5e5_rec0p005_046.fa	XML-6	123	10000
XML-6/mut2p5e5_rec0p005_047.fa	XML-6	159	9714
XML-6/mut2p5e5_rec0p005_048.fa	XML-6	93	10000
XML-6/mut2p5e5_rec0p005_049.fa	XML-6	290	10000
XML-6/mut2p5e5_rec0p005_050.fa	XML-6	163	10000
XML-6/mut2p5e5_rec0p005_051.fa	XML-6	232	10000
XML-6/mut2p5e5_rec0p005_053.fa	XML-6	99	10000
XML-6/mut2p5e5_rec0p005_054.fa	XML-6	152	10000
XML-6/mut2p5e5_rec0p005_055.fa	XML-6	148	10000
XML-6/mut2p5e5_rec0p005_056.fa	XML-6	172	10000
XML-6/mut2p5e5_rec0p005_057.fa	XML-6	101	10000
XML-6/mut2p5e5_rec0p005_058.fa	XML-6	102	10000
XML-6/mut2p5e5_rec0p005_059.fa	XML-6	132	10000
XML-6/mut2p5e5_rec0p005_060.fa	XML-6	166	10000
XML-6/mut2p5e5_rec0p005_061.fa	XML-6	71	10000
XML-6/mut2p5e5_rec0p005_062.fa	XML-6	57	10000
XML-6/mut2p5e5_rec0p005_063.fa	XML-6	283	10000
XML-6/mut2p5e5_rec0p005_064.fa	XML-6	334	10000
XML-6/mut2p5e5_rec0p005_065.fa	XML-6	385	10000
XML-6/mut2p5e5_rec0p005_066.fa	XML-6	59	10000
XML-6/mut2p5e5_rec0p005_067.fa	XML-6	37	10000
XML-6/mut2p5e5_rec0p005_068.fa	XML-6	104	10000
XML-6/mut2p5e5_rec0p005_069.fa	XML-6	133	10000
XML-6/mut2p5e5_rec0p005_070.fa	XML-6	4	9252
XML-6/mut2p5e5_rec0p005_071.fa	XML-6	252	10000
XML-6/mut2p5e5_rec0p005_072.fa	XML-6	106	10000
XML-6/mut2p5e5_rec0p005_073.fa	XML-6	155	6879
XML-6/mut2p5e5_rec0p005_074.fa	XML-6	231	10000
XML-6/mut2p5e5_rec0p005_075.fa	XML-6	153	6063
XML-6/mut2p5e5_rec0p005_076.fa	XML-6	443	9492
XML-6/mut2p5e5_rec0p005_077.fa	XML-6	60	8172
XML-6/mut2p5e5_rec0p005_078.fa	XML-6	386	10000
XML-6/mut2p5e5_rec0p005_079.fa	XML-6	148	8277
XML-6/mut2p5e5_rec0p005_080.fa	XML-6	112	10000
XML-6/mut2p5e5_rec0p005_081.fa	XML-6	53	8109
XML-6/mut2p5e5_rec0p005_082.fa	XML-6	230	10000
XML-6/mut2p5e5_rec0p005_083.fa	XML-6	59	10000
XML-6/mut2p5e5_rec0p005_084.fa	XML-6	189	9972
XML-6/mut2p5e5_rec0p005_085.fa	XML-6	19	9678
XML-6/mut2p5e5_rec0p005_086.fa	XML-6	227	10000
XML-6/mut2p5e5_rec0p005_087.fa	XML-6	232	10000
XML-6/mut2p5e5_rec0p005_089.fa	XML-6	125	10000
XML-6/mut2p5e5_rec0p005_090.fa	XML-6	26	10000
XML-6/mut2p5e5_rec0p005_091.fa	XML-6	475	10000
XML-6/mut2p5e5_rec0p005_092.fa	XML-6	226	10000
XML-6/mut2p5e5_rec0p005_093.fa	XML-6	350	10000
XML-6/mut2p5e5_rec0p005_094.fa	XML-6	58	7575
XML-6/mut2p5e5_rec0p005_095.fa	XML-6	140	10000
XML-6/mut2p5e5_rec0p005_096.fa	XML-6	93	10000
XML-6/mut2p5e5_rec0p005_097.fa	XML-6	259	10000
XML-6/mut2p5e5_rec0p005_098.fa	XML-6	333	10000
XML-6/mut2p5e5_rec0p005_099.fa	XML-6	101	7863
XML-6/mut2p5e5_rec0p005_100.fa	XML-6	79	10000
XML-6/mut2p5e5_rec0p01_001.fa	XML-6	212	10000
XML-6/mut2p5e5_rec0p01_002.fa	XML-6	216	10000
XML-6/mut2p5e5_rec0p01_003.fa	XML-6	680	10000
XML-6/mut2p5e5_rec0p01_004.fa	XML-6	142	10000
XML-6/mut2p5e5_rec0p01_005.fa	XML-6	217	10000
XML-6/mut2p5e5_rec0p01_006.fa	XML-6	515	10000
XML-6/mut2p5e5_rec0p01_007.fa	XML-6	364	10000
XML-6/mut2p5e5_rec0p01_008.fa	XML-6	1043	10000
XML-6/mut2p5e5_rec0p01_009.fa	XML-6	605	10000
XML-6/mut2p5e5_rec0p01_010.fa	XML-6	465	10000
XML-6/mut2p5e5_rec0p01_011.fa	XML-6	349	10000
XML-6/mut2p5e5_rec0p01_012.fa	XML-6	267	10000
XML-6/mut2p5e5_rec0p01_013.fa	XML-6	340	10000
XML-6/mut2p5e5_rec0p01_014.fa	XML-6	826	10000
XML-6/mut2p5e5_rec0p01_015.fa	XML-6	233	10000
XML-6/mut2p5e5_rec0p01_016.fa	XML-6	567	10000
XML-6/mut2p5e5_rec0p01_017.fa	XML-6	439	10000
XML-6/mut2p5e5_rec0p01_018.fa	XML-6	763	10000
XML-6/mut2p5e5_rec0p01_019.fa	XML-6	365	10000
XML-6/mut2p5e5_rec0p01_020.fa	XML-6	314	10000
XML-6/mut2p5e5_rec0p01_021.fa	XML-6	588	10000
XML-6/mut2p5e5_rec0p01_022.fa	XML-6	687	10000
XML-6/mut2p5e5_rec0p01_023.fa	XML-6	466	10000
XML-6/mut2p5e5_rec0p01_024.fa	XML-6	1055	10000
XML-6/mut2p5e5_rec0p01_025.fa	XML-6	506	10000
XML-6/mut2p5e5_rec0p01_026.fa	XML-6	784	10000
XML-6/mut2p5e5_rec0p01_027.fa	XML-6	516	10000
XML-6/mut2p5e5_rec0p01_028.fa	XML-6	314	10000
XML-6/mut2p5e5_rec0p01_029.fa	XML-6	549	10000
XML-6/mut2p5e5_rec0p01_030.fa	XML-6	151	10000
XML-6/mut2p5e5_rec0p01_031.fa	XML-6	284	10000
XML-6/mut2p5e5_rec0p01_032.fa	XML-6	471	10000
XML-6/mut2p5e5_rec0p01_033.fa	XML-6	497	10000
XML-6/mut2p5e5_rec0p01_034.fa	XML-6	443	10000
XML-6/mut2p5e5_rec0p01_035.fa	XML-6	254	10000
XML-6/mut2p5e5_rec0p01_036.fa	XML-6	669	10000
XML-6/mut2p5e5_rec0p01_037.fa	XML-6	334	10000
XML-6/mut2p5e5_rec0p01_038.fa	XML-6	992	10000
XML-6/mut2p5e5_rec0p01_039.fa	XML-6	376	10000
XML-6/mut2p5e5_rec0p01_040.fa	XML-6	398	10000
XML-6/mut2p5e5_rec0p01_041.fa	XML-6	625	10000
XML-6/mut2p5e5_rec0p01_042.fa	XML-6	433	10000
XML-6/mut2p5e5_rec0p01_043.fa	XML-6	111	10000
XML-6/mut2p5e5_rec0p01_044.fa	XML-6	628	10000
XML-6/mut2p5e5_rec0p01_045.fa	XML-6	777	10000
XML-6/mut2p5e5_rec0p01_046.fa	XML-6	245	10000
XML-6/mut2p5e5_rec0p01_047.fa	XML-6	545	10000
XML-6/mut2p5e5_rec0p01_048.fa	XML-6	768	10000
XML-6/mut2p5e5_rec0p01_049.fa	XML-6	101	10000
XML-6/mut2p5e5_rec0p01_050.fa	XML-6	460	10000
XML-6/mut2p5e5_rec0p01_051.fa	XML-6	302	10000
XML-6/mut2p5e5_rec0p01_052.fa	XML-6	308	10000
XML-6/mut2p5e5_rec0p01_053.fa	XML-6	468	10000
XML-6/mut2p5e5_rec0p01_054.fa	XML-6	528	10000
XML-6/mut2p5e5_rec0p01_055.fa	XML-6	787	10000
XML-6/mut2p5e5_rec0p01_056.fa	XML-6	920	10000
XML-6/mut2p5e5_rec0p01_057.fa	XML-6	979	10000
XML-6/mut2p5e5_rec0p01_058.fa	XML-6	348	10000
XML-6/mut2p5e5_rec0p01_059.fa	XML-6	395	10000
XML-6/mut2p5e5_rec0p01_060.fa	XML-6	417	10000
XML-6/mut2p5e5_rec0p01_061.fa	XML-6	516	10000
XML-6/mut2p5e5_rec0p01_062.fa	XML-6	196	10000
XML-6/mut2p5e5_rec0p01_063.fa	XML-6	473	10000
XML-6/mut2p5e5_rec0p01_064.fa	XML-6	366	10000
XML-6/mut2p5e5_rec0p01_065.fa	XML-6	257	10000
XML-6/mut2p5e5_rec0p01_066.fa	XML-6	582	10000
XML-6/mut2p5e5_rec0p01_067.fa	XML-6	508	8940
XML-6/mut2p5e5_rec0p01_068.fa	XML-6	528	10000
XML-6/mut2p5e5_rec0p01_069.fa	XML-6	274	10000
XML-6/mut2p5e5_rec0p01_070.fa	XML-6	578	10000
XML-6/mut2p5e5_rec0p01_071.fa	XML-6	337	10000
XML-6/mut2p5e5_rec0p01_072.fa	XML-6	380	10000
XML-6/mut2p5e5_rec0p01_073.fa	XML-6	143	10000
XML-6/mut2p5e5_rec0p01_074.fa	XML-6	882	10000
XML-6/mut2p5e5_rec0p01_075.fa	XML-6	409	10000
XML-6/mut2p5e5_rec0p01_076.fa	XML-6	715	10000
XML-6/mut2p5e5_rec0p01_077.fa	XML-6	513	10000
XML-6/mut2p5e5_rec0p01_078.fa	XML-6	803	10000
XML-6/mut2p5e5_rec0p01_079.fa	XML-6	416	10000
XML-6/mut2p5e5_rec0p01_080.fa	XML-6	314	10000
XML-6/mut2p5e5_rec0p01_081.fa	XML-6	367	10000
XML-6/mut2p5e5_rec0p01_082.fa	XML-6	353	8706
XML-6/mut2p5e5_rec0p01_083.fa	XML-6	526	10000
XML-6/mut2p5e5_rec0p01_084.fa	XML-6	361	10000
XML-6/mut2p5e5_rec0p01_085.fa	XML-6	548	10000
XML-6/mut2p5e5_rec0p01_086.fa	XML-6	668	10000
XML-6/mut2p5e5_rec0p01_087.fa	XML-6	693	10000
XML-6/mut2p5e5_rec0p01_088.fa	XML-6	171	10000
XML-6/mut2p5e5_rec0p01_089.fa	XML-6	253	10000
XML-6/mut2p5e5_rec0p01_090.fa	XML-6	500	10000
XML-6/mut2p5e5_rec0p01_091.fa	XML-6	419	10000
XML-6/mut2p5e5_rec0p01_092.fa	XML-6	311	10000
XML-6/mut2p5e5_rec0p01_093.fa	XML-6	277	10000
XML-6/mut2p5e5_rec0p01_094.fa	XML-6	588	10000
XML-6/mut2p5e5_rec0p01_095.fa	XML-6	720	10000
XML-6/mut2p5e5_rec0p01_096.fa	XML-6	842	10000
XML-6/mut2p5e5_rec0p01_097.fa	XML-6	648	10000
XML-6/mut2p5e5_rec0p01_098.fa	XML-6	676	10000
XML-6/mut2p5e5_rec0p01_099.fa	XML-6	570	10000
XML-6/mut2p5e5_rec0p01_100.fa	XML-6	405	10000
XML-6/results_001.fa	XML-6	291	10000
XML-6/results_002.fa	XML-6	265	10000
XML-6/results_003.fa	XML-6	219	10000
XML-6/results_004.fa	XML-6	67	10000
XML-6/results_005.fa	XML-6	14	4566
XML-6/results_006.fa	XML-6	105	10000
XML-6/results_007.fa	XML-6	115	10000
XML-6/results_008.fa	XML-6	136	10000
XML-6/results_009.fa	XML-6	228	10000
XML-6/results_010.fa	XML-6	498	10000
XML-6/results_011.fa	XML-6	229	10000
XML-6/results_012.fa	XML-6	147	10000
XML-6/results_013.fa	XML-6	116	8544
XML-6/results_014.fa	XML-6	461	10000
XML-6/results_015.fa	XML-6	350	10000
XML-6/results_016.fa	XML-6	475	10000
XML-6/results_017.fa	XML-6	21	10000
XML-6/results_018.fa	XML-6	19	9951
XML-6/results_019.fa	XML-6	271	10000
XML-6/results_020.fa	XML-6	158	10000
XML-6/results_021.fa	XML-6	52	10000
XML-6/results_022.fa	XML-6	120	9777
XML-6/results_023.fa	XML-6	52	10000
XML-6/results_024.fa	XML-6	329	10000
XML-6/results_025.fa	XML-6	408	10000
XML-6/results_026.fa	XML-6	360	10000
XML-6/results_027.fa	XML-6	157	10000
XML-6/results_028.fa	XML-6	252	9795
XML-6/results_029.fa	XML-6	305	10000
XML-6/results_030.fa	XML-6	497	10000
XML-6/results_031.fa	XML-6	313	7470
XML-6/results_032.fa	XML-6	153	10000
XML-6/results_033.fa	XML-6	60	10000
XML-6/results_034.fa	XML-6	66	10000
XML-6/results_035.fa	XML-6	161	10000
XML-6/results_036.fa	XML-6	232	10000
XML-6/results_037.fa	XML-6	361	10000
XML-6/results_038.fa	XML-6	266	10000
XML-6/results_039.fa	XML-6	226	10000
XML-6/results_040.fa	XML-6	173	10000
XML-6/results_041.fa	XML-6	50	7968
XML-6/results_042.fa	XML-6	250	10000
XML-6/results_043.fa	XML-6	433	10000
XML-6/results_044.fa	XML-6	137	10000
XML-6/results_045.fa	XML-6	155	10000
XML-6/results_046.fa	XML-6	310	10000
XML-6/results_047.fa	XML-6	205	9858
XML-6/results_048.fa	XML-6	219	10000
XML-6/results_049.fa	XML-6	273	10000
XML-6/results_050.fa	XML-6	167	10000
XML-6/results_051.fa	XML-6	232	10000
XML-6/results_052.fa	XML-6	107	10000
XML-6/results_053.fa	XML-6	314	10000
XML-6/results_054.fa	XML-6	36	9189
XML-6/results_055.fa	XML-6	225	5913
XML-6/results_056.fa	XML-6	265	10000
XML-6/results_057.fa	XML-6	364	10000
XML-6/results_058.fa	XML-6	293	10000
XML-6/results_059.fa	XML-6	243	10000
XML-6/results_060.fa	XML-6	101	7320
XML-6/results_061.fa	XML-6	323	10000
XML-6/results_062.fa	XML-6	156	10000
XML-6/results_063.fa	XML-6	450	10000
XML-6/results_064.fa	XML-6	72	10000
XML-6/results_065.fa	XML-6	261	10000
XML-6/results_066.fa	XML-6	21	10000
XML-6/results_067.fa	XML-6	198	10000
XML-6/results_068.fa	XML-6	353	10000
XML-6/results_069.fa	XML-6	222	10000
XML-6/results_070.fa	XML-6	173	10000
XML-6/results_071.fa	XML-6	255	10000
XML-6/results_072.fa	XML-6	137	10000
XML-6/results_073.fa	XML-6	265	10000
XML-6/results_074.fa	XML-6	227	10000
XML-6/results_075.fa	XML-6	19	10000
XML-6/results_076.fa	XML-6	161	10000
XML-6/results_077.fa	XML-6	101	9474
XML-6/results_078.fa	XML-6	272	10000
XML-6/results_079.fa	XML-6	153	7998
XML-6/results_080.fa	XML-6	357	10000
XML-6/results_081.fa	XML-6	100	2433
XML-6/results_082.fa	XML-6	103	8775
XML-6/results_083.fa	XML-6	376	10000
XML-6/results_084.fa	XML-6	192	10000
XML-6/results_085.fa	XML-6	210	10000
XML-6/results_086.fa	XML-6	62	7824
XML-6/results_087.fa	XML-6	113	10000
XML-6/results_088.fa	XML-6	309	10000
XML-6/results_089.fa	XML-6	206	10000
XML-6/results_091.fa	XML-6	174	10000
XML-6/results_092.fa	XML-6	242	10000
XML-6/results_093.fa	XML-6	328	10000
XML-6/results_094.fa	XML-6	266	10000
XML-6/results_095.fa	XML-6	178	10000
XML-6/results_096.fa	XML-6	383	10000
XML-6/results_097.fa	XML-6	135	10000
XML-6/results_098.fa	XML-6	55	10000
XML-6/results_099.fa	XML-6	122	10000
XML-6/results_100.fa	XML-6	115	10000
XML-6/results_101.fa	XML-6	451	10000
XML-6/results_102.fa	XML-6	225	10000
XML-6/results_103.fa	XML-6	986	10000
XML-6/results_104.fa	XML-6	618	10000
XML-6/results_105.fa	XML-6	564	10000
XML-6/results_106.fa	XML-6	816	10000
XML-6/results_107.fa	XML-6	443	10000
XML-6/results_108.fa	XML-6	772	10000
XML-6/results_109.fa	XML-6	379	9630
XML-6/results_110.fa	XML-6	552	10000
XML-6/results_111.fa	XML-6	304	10000
XML-6/results_112.fa	XML-6	228	10000
XML-6/results_113.fa	XML-6	777	10000
XML-6/results_114.fa	XML-6	403	10000
XML-6/results_115.fa	XML-6	802	10000
XML-6/results_116.fa	XML-6	420	10000
XML-6/results_117.fa	XML-6	342	10000
XML-6/results_118.fa	XML-6	274	10000
XML-6/results_119.fa	XML-6	574	10000
XML-6/results_120.fa	XML-6	316	10000
XML-6/results_121.fa	XML-6	101	10000
XML-6/results_122.fa	XML-6	497	10000
XML-6/results_123.fa	XML-6	428	10000
XML-6/results_124.fa	XML-6	836	10000
XML-6/results_125.fa	XML-6	601	10000
XML-6/results_126.fa	XML-6	507	10000
XML-6/results_127.fa	XML-6	611	10000
XML-6/results_128.fa	XML-6	560	10000
XML-6/results_129.fa	XML-6	555	10000
XML-6/results_130.fa	XML-6	309	10000
XML-6/results_131.fa	XML-6	970	10000
XML-6/results_132.fa	XML-6	226	10000
XML-6/results_133.fa	XML-6	268	10000
XML-6/results_134.fa	XML-6	707	10000
XML-6/results_135.fa	XML-6	181	10000
XML-6/results_136.fa	XML-6	416	10000
XML-6/results_137.fa	XML-6	821	10000
XML-6/results_138.fa	XML-6	730	10000
XML-6/results_139.fa	XML-6	700	10000
XML-6/results_140.fa	XML-6	636	10000
XML-6/results_141.fa	XML-6	543	10000
XML-6/results_142.fa	XML-6	339	10000
XML-6/results_143.fa	XML-6	228	10000
XML-6/results_144.fa	XML-6	479	10000
XML-6/results_145.fa	XML-6	390	10000
XML-6/results_146.fa	XML-6	165	10000
XML-6/results_147.fa	XML-6	102	10000
XML-6/results_148.fa	XML-6	431	10000
XML-6/results_149.fa	XML-6	565	10000
XML-6/results_150.fa	XML-6	334	10000
XML-6/results_151.fa	XML-6	442	10000
XML-6/results_152.fa	XML-6	316	10000
XML-6/results_153.fa	XML-6	179	10000
XML-6/results_154.fa	XML-6	964	10000
XML-6/results_155.fa	XML-6	244	10000
XML-6/results_156.fa	XML-6	303	10000
XML-6/results_157.fa	XML-6	125	10000
XML-6/results_158.fa	XML-6	372	10000
XML-6/results_159.fa	XML-6	930	10000
XML-6/results_160.fa	XML-6	235	10000
XML-6/results_161.fa	XML-6	659	10000
XML-6/results_162.fa	XML-6	515	10000
XML-6/results_163.fa	XML-6	65	10000
XML-6/results_164.fa	XML-6	675	10000
XML-6/results_165.fa	XML-6	171	10000
XML-6/results_166.fa	XML-6	81	10000
XML-6/results_167.fa	XML-6	94	7875
XML-6/results_168.fa	XML-6	611	10000
XML-6/results_169.fa	XML-6	557	10000
XML-6/results_170.fa	XML-6	168	10000
XML-6/results_171.fa	XML-6	265	10000
XML-6/results_172.fa	XML-6	726	10000
XML-6/results_173.fa	XML-6	614	10000
XML-6/results_174.fa	XML-6	587	10000
XML-6/results_175.fa	XML-6	318	9546
XML-6/results_176.fa	XML-6	380	10000
XML-6/results_177.fa	XML-6	374	10000
XML-6/results_178.fa	XML-6	970	10000
XML-6/results_179.fa	XML-6	590	10000
XML-6/results_180.fa	XML-6	416	10000
XML-6/results_181.fa	XML-6	456	10000
XML-6/results_182.fa	XML-6	484	10000
XML-6/results_183.fa	XML-6	703	10000
XML-6/results_184.fa	XML-6	614	10000
XML-6/results_185.fa	XML-6	231	10000
XML-6/results_186.fa	XML-6	349	10000
XML-6/results_187.fa	XML-6	199	10000
XML-6/results_188.fa	XML-6	393	10000
XML-6/results_189.fa	XML-6	243	10000
XML-6/results_190.fa	XML-6	823	10000
XML-6/results_191.fa	XML-6	455	10000
XML-6/results_192.fa	XML-6	572	10000
XML-6/results_193.fa	XML-6	267	9834
XML-6/results_194.fa	XML-6	246	10000
XML-6/results_195.fa	XML-6	612	10000
XML-6/results_196.fa	XML-6	164	10000
XML-6/results_197.fa	XML-6	696	10000
XML-6/results_198.fa	XML-6	194	10000
XML-6/results_199.fa	XML-6	386	10000
XML-6/results_200.fa	XML-6	156	10000
XML-6/results_201.fa	XML-6	542	10000
XML-6/results_202.fa	XML-6	1448	10000
XML-6/results_203.fa	XML-6	1357	10000
XML-6/results_204.fa	XML-6	1382	10000
XML-6/results_205.fa	XML-6	1119	10000
XML-6/results_206.fa	XML-6	1696	10000
XML-6/results_207.fa	XML-6	1381	10000
XML-6/results_208.fa	XML-6	972	10000
XML-6/results_209.fa	XML-6	2104	10000
XML-6/results_210.fa	XML-6	1733	10000
XML-6/results_211.fa	XML-6	722	10000
XML-6/results_212.fa	XML-6	1474	10000
XML-6/results_213.fa	XML-6	1105	10000
XML-6/results_214.fa	XML-6	1716	10000
XML-6/results_215.fa	XML-6	1329	10000
XML-6/results_216.fa	XML-6	1390	10000
XML-6/results_217.fa	XML-6	1370	10000
XML-6/results_218.fa	XML-6	1405	10000
XML-6/results_219.fa	XML-6	1920	10000
XML-6/results_220.fa	XML-6	1435	10000
XML-6/results_221.fa	XML-6	1457	10000
XML-6/results_222.fa	XML-6	1989	10000
XML-6/results_223.fa	XML-6	1295	10000
XML-6/results_224.fa	XML-6	987	10000
XML-6/results_225.fa	XML-6	583	10000
XML-6/results_226.fa	XML-6	1796	10000
XML-6/results_227.fa	XML-6	1725	10000
XML-6/results_228.fa	XML-6	846	10000
XML-6/results_229.fa	XML-6	440	10000
XML-6/results_230.fa	XML-6	788	10000
XML-6/results_231.fa	XML-6	1226	10000
XML-6/results_232.fa	XML-6	1323	10000
XML-6/results_233.fa	XML-6	1289	10000
XML-6/results_234.fa	XML-6	2069	10000
XML-6/results_235.fa	XML-6	851	10000
XML-6/results_236.fa	XML-6	1440	10000
XML-6/results_237.fa	XML-6	739	10000
XML-6/results_238.fa	XML-6	1338	10000
XML-6/results_239.fa	XML-6	998	10000
XML-6/results_240.fa	XML-6	434	10000
XML-6/results_241.fa	XML-6	1370	10000
XML-6/results_242.fa	XML-6	1543	10000
XML-6/results_243.fa	XML-6	1129	10000
XML-6/results_244.fa	XML-6	1198	10000
XML-6/results_245.fa	XML-6	502	10000
XML-6/results_246.fa	XML-6	1436	10000
XML-6/results_247.fa	XML-6	1115	10000
XML-6/results_248.fa	XML-6	1997	10000
XML-6/results_249.fa	XML-6	1278	10000
XML-6/results_250.fa	XML-6	1457	10000
XML-6/results_251.fa	XML-6	2192	10000
XML-6/results_252.fa	XML-6	1337	10000
XML-6/results_253.fa	XML-6	1574	10000
XML-6/results_254.fa	XML-6	2412	10000
XML-6/results_255.fa	XML-6	1408	10000
XML-6/results_256.fa	XML-6	1882	10000
XML-6/results_257.fa	XML-6	988	10000
XML-6/results_258.fa	XML-6	1410	10000
XML-6/results_259.fa	XML-6	1257	10000
XML-6/results_260.fa	XML-6	1885	10000
XML-6/results_261.fa	XML-6	588	10000
XML-6/results_262.fa	XML-6	1526	10000
XML-6/results_263.fa	XML-6	1689	10000
XML-6/results_264.fa	XML-6	1250	10000
XML-6/results_265.fa	XML-6	1461	10000
XML-6/results_266.fa	XML-6	1667	10000
XML-6/results_267.fa	XML-6	1361	10000
XML-6/results_268.fa	XML-6	1601	10000
XML-6/results_269.fa	XML-6	962	10000
XML-6/results_270.fa	XML-6	1159	10000
XML-6/results_271.fa	XML-6	558	10000
XML-6/results_272.fa	XML-6	667	10000
XML-6/results_273.fa	XML-6	936	10000
XML-6/results_274.fa	XML-6	1169	10000
XML-6/results_275.fa	XML-6	1919	10000
XML-6/results_276.fa	XML-6	1560	10000
XML-6/results_277.fa	XML-6	1647	10000
XML-6/results_278.fa	XML-6	2048	10000
XML-6/results_279.fa	XML-6	1755	10000
XML-6/results_280.fa	XML-6	1343	10000
XML-6/results_281.fa	XML-6	936	10000
XML-6/results_282.fa	XML-6	971	10000
XML-6/results_283.fa	XML-6	929	10000
XML-6/results_284.fa	XML-6	1513	10000
XML-6/results_285.fa	XML-6	1653	10000
XML-6/results_286.fa	XML-6	1636	10000
XML-6/results_287.fa	XML-6	1616	10000
XML-6/results_288.fa	XML-6	1571	10000
XML-6/results_289.fa	XML-6	2073	10000
XML-6/results_290.fa	XML-6	1704	10000
XML-6/results_291.fa	XML-6	1526	10000
XML-6/results_292.fa	XML-6	810	10000
XML-6/results_293.fa	XML-6	1404	10000
XML-6/results_294.fa	XML-6	554	10000
XML-6/results_295.fa	XML-6	2051	10000
XML-6/results_296.fa	XML-6	1233	10000
XML-6/results_297.fa	XML-6	1397	10000
XML-6/results_298.fa	XML-6	1420	10000
XML-6/results_299.fa	XML-6	1827	10000
XML-6/results_300.fa	XML-6	1805	10000
XML-6/results_301.fa	XML-6	1865	10000
XML-6/results_302.fa	XML-6	1479	10000
XML-6/results_303.fa	XML-6	779	10000
XML-6/results_304.fa	XML-6	1413	10000
XML-6/results_305.fa	XML-6	1364	10000
XML-6/results_306.fa	XML-6	878	10000
XML-6/results_307.fa	XML-6	610	10000
XML-6/results_308.fa	XML-6	2186	10000
XML-6/results_309.fa	XML-6	1944	10000
XML-6/results_310.fa	XML-6	1785	10000
XML-6/results_311.fa	XML-6	1781	10000
XML-6/results_312.fa	XML-6	951	10000
XML-6/results_313.fa	XML-6	1772	10000
XML-6/results_314.fa	XML-6	1901	10000
XML-6/results_315.fa	XML-6	750	10000
XML-6/results_316.fa	XML-6	1077	10000
XML-6/results_317.fa	XML-6	860	10000
XML-6/results_318.fa	XML-6	1081	10000
XML-6/results_319.fa	XML-6	1591	10000
XML-6/results_320.fa	XML-6	1045	10000
XML-6/results_321.fa	XML-6	725	10000
XML-6/results_322.fa	XML-6	1004	10000
XML-6/results_323.fa	XML-6	1169	10000
XML-6/results_324.fa	XML-6	2120	10000
XML-6/results_325.fa	XML-6	891	10000
XML-6/results_326.fa	XML-6	1642	10000
XML-6/results_327.fa	XML-6	1393	10000
XML-6/results_328.fa	XML-6	1368	10000
XML-6/results_329.fa	XML-6	1614	10000
XML-6/results_330.fa	XML-6	1624	10000
XML-6/results_331.fa	XML-6	857	10000
XML-6/results_332.fa	XML-6	1620	10000
XML-6/results_333.fa	XML-6	629	10000
XML-6/results_334.fa	XML-6	1323	10000
XML-6/results_335.fa	XML-6	1948	10000
XML-6/results_336.fa	XML-6	2025	10000
XML-6/results_337.fa	XML-6	1731	10000
XML-6/results_338.fa	XML-6	32	10000
XML-6/results_339.fa	XML-6	1165	10000
XML-6/results_340.fa	XML-6	1121	10000
XML-6/results_341.fa	XML-6	797	10000
XML-6/results_342.fa	XML-6	1479	10000
XML-6/results_343.fa	XML-6	1744	10000
XML-6/results_344.fa	XML-6	944	10000
XML-6/results_345.fa	XML-6	1586	10000
XML-6/results_346.fa	XML-6	304	10000
XML-6/results_347.fa	XML-6	1560	10000
XML-6/results_348.fa	XML-6	1131	10000
XML-6/results_349.fa	XML-6	1581	10000
XML-6/results_350.fa	XML-6	1349	10000
XML-6/results_351.fa	XML-6	1052	10000
XML-6/results_352.fa	XML-6	1252	10000
XML-6/results_353.fa	XML-6	2217	10000
XML-6/results_354.fa	XML-6	1895	10000
XML-6/results_355.fa	XML-6	1537	10000
XML-6/results_356.fa	XML-6	2547	10000
XML-6/results_357.fa	XML-6	2185	10000
XML-6/results_358.fa	XML-6	989	10000
XML-6/results_359.fa	XML-6	1027	10000
XML-6/results_360.fa	XML-6	1304	10000
XML-6/results_361.fa	XML-6	2147	10000
XML-6/results_362.fa	XML-6	492	10000
XML-6/results_363.fa	XML-6	1968	10000
XML-6/results_364.fa	XML-6	2224	10000
XML-6/results_365.fa	XML-6	1236	10000
XML-6/results_366.fa	XML-6	2124	10000
XML-6/results_367.fa	XML-6	1299	10000
XML-6/results_368.fa	XML-6	2143	10000
XML-6/results_369.fa	XML-6	1582	10000
XML-6/results_370.fa	XML-6	1531	10000
XML-6/results_371.fa	XML-6	576	10000
XML-6/results_372.fa	XML-6	1731	10000
XML-6/results_373.fa	XML-6	1026	10000
XML-6/results_374.fa	XML-6	1412	10000
XML-6/results_375.fa	XML-6	1607	10000
XML-6/results_376.fa	XML-6	958	10000
XML-6/results_377.fa	XML-6	1291	10000
XML-6/results_378.fa	XML-6	1472	10000
XML-6/results_379.fa	XML-6	2533	10000
XML-6/results_380.fa	XML-6	1421	10000
XML-6/results_381.fa	XML-6	1790	10000
XML-6/results_382.fa	XML-6	868	10000
XML-6/results_383.fa	XML-6	1266	10000
XML-6/results_384.fa	XML-6	1662	10000
XML-6/results_385.fa	XML-6	1363	10000
XML-6/results_386.fa	XML-6	1016	10000
XML-6/results_387.fa	XML-6	1803	10000
XML-6/results_388.fa	XML-6	1101	10000
XML-6/results_389.fa	XML-6	1820	10000
XML-6/results_390.fa	XML-6	1040	10000
XML-6/results_391.fa	XML-6	943	10000
XML-6/results_392.fa	XML-6	1919	10000
XML-6/results_393.fa	XML-6	1565	10000
XML-6/results_394.fa	XML-6	1503	10000
XML-6/results_395.fa	XML-6	1725	10000
XML-6/results_396.fa	XML-6	1916	10000
XML-6/results_397.fa	XML-6	1435	10000
XML-6/results_398.fa	XML-6	1303	10000
XML-6/results_399.fa	XML-6	2904	10000
XML-6/results_400.fa	XML-6	2294	10000
XML-6/results_401.fa	XML-6	1310	10000
XML-6/results_402.fa	XML-6	2503	10000
XML-6/results_403.fa	XML-6	696	10000
XML-6/results_404.fa	XML-6	2008	10000
XML-6/results_405.fa	XML-6	1542	10000
XML-6/results_406.fa	XML-6	1145	10000
XML-6/results_407.fa	XML-6	1192	10000
XML-6/results_408.fa	XML-6	1487	10000
XML-6/results_409.fa	XML-6	1732	10000
XML-6/results_410.fa	XML-6	2173	10000
XML-6/results_411.fa	XML-6	1864	10000
XML-6/results_412.fa	XML-6	2170	10000
XML-6/results_413.fa	XML-6	1349	10000
XML-6/results_414.fa	XML-6	1690	10000
XML-6/results_415.fa	XML-6	2002	10000
XML-6/results_416.fa	XML-6	1167	10000
XML-6/results_417.fa	XML-6	2039	10000
XML-6/results_418.fa	XML-6	1206	10000
XML-6/results_419.fa	XML-6	1041	10000
XML-6/results_420.fa	XML-6	1959	10000
XML-6/results_421.fa	XML-6	1417	10000
XML-6/results_422.fa	XML-6	1807	10000
XML-6/results_423.fa	XML-6	1166	10000
XML-6/results_424.fa	XML-6	1620	10000
XML-6/results_425.fa	XML-6	1842	10000
XML-6/results_426.fa	XML-6	1167	10000
XML-6/results_427.fa	XML-6	2091	10000
XML-6/results_428.fa	XML-6	2590	10000
XML-6/results_429.fa	XML-6	939	10000
XML-6/results_430.fa	XML-6	1002	10000
XML-6/results_431.fa	XML-6	2300	10000
XML-6/results_432.fa	XML-6	1942	10000
XML-6/results_433.fa	XML-6	1811	10000
XML-6/results_434.fa	XML-6	1063	10000
XML-6/results_435.fa	XML-6	2488	10000
XML-6/results_436.fa	XML-6	1193	10000
XML-6/results_437.fa	XML-6	1196	10000
XML-6/results_438.fa	XML-6	844	10000
XML-6/results_439.fa	XML-6	1854	10000
XML-6/results_440.fa	XML-6	910	10000
XML-6/results_441.fa	XML-6	1630	10000
XML-6/results_442.fa	XML-6	1631	10000
XML-6/results_443.fa	XML-6	2969	10000
XML-6/results_444.fa	XML-6	780	10000
XML-6/results_445.fa	XML-6	1086	10000
XML-6/results_446.fa	XML-6	1234	10000
XML-6/results_447.fa	XML-6	1727	10000
XML-6/results_448.fa	XML-6	1484	10000
XML-6/results_449.fa	XML-6	1831	10000
XML-6/results_450.fa	XML-6	447	10000
XML-6/results_451.fa	XML-6	1426	10000
XML-6/results_452.fa	XML-6	1261	10000
XML-6/results_453.fa	XML-6	1805	10000
XML-6/results_454.fa	XML-6	1956	10000
XML-6/results_455.fa	XML-6	1847	10000
XML-6/results_456.fa	XML-6	1195	10000
XML-6/results_457.fa	XML-6	604	10000
XML-6/results_458.fa	XML-6	1849	10000
XML-6/results_459.fa	XML-6	1326	10000
XML-6/results_460.fa	XML-6	2314	10000
XML-6/results_461.fa	XML-6	1488	10000
XML-6/results_462.fa	XML-6	1331	10000
XML-6/results_463.fa	XML-6	1454	10000
XML-6/results_464.fa	XML-6	1897	10000
XML-6/results_465.fa	XML-6	1534	10000
XML-6/results_466.fa	XML-6	1437	10000
XML-6/results_467.fa	XML-6	1394	10000
XML-6/results_468.fa	XML-6	1451	10000
XML-6/results_469.fa	XML-6	861	10000
XML-6/results_470.fa	XML-6	2061	10000
XML-6/results_471.fa	XML-6	2719	10000
XML-6/results_472.fa	XML-6	2490	10000
XML-6/results_473.fa	XML-6	2326	10000
XML-6/results_474.fa	XML-6	1991	10000
XML-6/results_475.fa	XML-6	908	10000
XML-6/results_476.fa	XML-6	1319	10000
XML-6/results_477.fa	XML-6	1658	10000
XML-6/results_478.fa	XML-6	1331	10000
XML-6/results_479.fa	XML-6	1532	10000
XML-6/results_480.fa	XML-6	1140	10000
XML-6/results_481.fa	XML-6	1666	10000
XML-6/results_482.fa	XML-6	1236	10000
XML-6/results_483.fa	XML-6	1582	10000
XML-6/results_484.fa	XML-6	735	10000
XML-6/results_485.fa	XML-6	2322	10000
XML-6/results_486.fa	XML-6	599	10000
XML-6/results_487.fa	XML-6	1361	10000
XML-6/results_488.fa	XML-6	1568	10000
XML-6/results_489.fa	XML-6	1490	10000
XML-6/results_490.fa	XML-6	1344	10000
XML-6/results_491.fa	XML-6	1078	10000
XML-6/results_492.fa	XML-6	757	10000
XML-6/results_493.fa	XML-6	2056	10000
XML-6/results_494.fa	XML-6	1010	10000
XML-6/results_495.fa	XML-6	1783	10000
XML-6/results_496.fa	XML-6	1701	10000
XML-6/results_497.fa	XML-6	1183	10000
XML-6/results_498.fa	XML-6	1741	10000
XML-6/results_499.fa	XML-6	1226	10000
XML-6/results_500.fa	XML-6	2505	10000
UnseenTestSet/alignment_TestSet_2022-08-20-15_55_16_3300-0.07-0.000114-100.fa	UnseenTestSet	48	29878
UnseenTestSet/alignment_TestSet_2022-08-20-15_55_16_3300-0.07-0.000114-150.fa	UnseenTestSet	58	29983
UnseenTestSet/alignment_TestSet_2022-08-20-15_55_16_3300-0.07-0.000114-200.fa	UnseenTestSet	71	30142
UnseenTestSet/alignment_TestSet_2022-08-20-15_55_16_3300-0.07-0.000116-100.fa	UnseenTestSet	46	29968
UnseenTestSet/alignment_TestSet_2022-08-20-15_55_16_3300-0.07-0.000116-150.fa	UnseenTestSet	47	29923
UnseenTestSet/alignment_TestSet_2022-08-20-15_55_16_3300-0.07-0.000116-200.fa	UnseenTestSet	64	30046
UnseenTestSet/alignment_TestSet_2022-08-20-15_55_16_3300-0.07-0.000118-100.fa	UnseenTestSet	56	29926
UnseenTestSet/alignment_TestSet_2022-08-20-15_55_16_3300-0.07-0.000118-150.fa	UnseenTestSet	90	30082
UnseenTestSet/alignment_TestSet_2022-08-20-15_55_16_3300-0.07-0.000118-200.fa	UnseenTestSet	71	29944
UnseenTestSet/alignment_TestSet_2022-08-20-15_55_16_3300-0.075-0.000114-100.fa	UnseenTestSet	58	29971
UnseenTestSet/alignment_TestSet_2022-08-20-15_55_16_3300-0.075-0.000114-150.fa	UnseenTestSet	37	29992
UnseenTestSet/alignment_TestSet_2022-08-21-01_38_14_3300-0.07-0.000114-100.fa	UnseenTestSet	53	29959
UnseenTestSet/alignment_TestSet_2022-08-21-01_38_14_3300-0.07-0.000114-150.fa	UnseenTestSet	62	30058
UnseenTestSet/alignment_TestSet_2022-08-21-01_38_14_3300-0.07-0.000114-200.fa	UnseenTestSet	106	30121
UnseenTestSet/alignment_TestSet_2022-08-21-01_38_14_3300-0.07-0.000116-100.fa	UnseenTestSet	51	29944
UnseenTestSet/alignment_TestSet_2022-08-21-01_38_14_3300-0.07-0.000116-150.fa	UnseenTestSet	63	30070
UnseenTestSet/alignment_TestSet_2022-08-21-10_36_55_3300-0.07-0.000114-100.fa	UnseenTestSet	36	29857
UnseenTestSet/alignment_TestSet_2022-08-21-10_36_55_3300-0.07-0.000114-150.fa	UnseenTestSet	102	30122
UnseenTestSet/alignment_TestSet_2022-08-21-10_36_55_3300-0.07-0.000114-200.fa	UnseenTestSet	81	30112
UnseenTestSet/alignment_TestSet_2022-08-21-17_54_51_3300-0.07-0.000114-100.fa	UnseenTestSet	61	30013
UnseenTestSet/alignment_TestSet_2022-08-21-17_54_51_3300-0.07-0.000114-150.fa	UnseenTestSet	89	30136
UnseenTestSet/alignment_TestSet_2022-08-22-14_11_10_3300-0.065-0.000114-100.fa	UnseenTestSet	66	30049
UnseenTestSet/alignment_TestSet_2022-08-22-14_11_10_3300-0.065-0.000114-50.fa	UnseenTestSet	30	29830
UnseenTestSet/alignment_TestSet_2022-08-22-16_33_59_3300-0.065-0.000114-50.fa	UnseenTestSet	33	29884
UnseenTestSet/alignment_TestSet_2022-08-22-19_14_54_3300-0.065-0.000114-100.fa	UnseenTestSet	49	29986
UnseenTestSet/alignment_TestSet_2022-08-22-19_14_54_3300-0.065-0.000114-50.fa	UnseenTestSet	48	29917
UnseenTestSet/alignment_TestSet_2022-08-23-08_50_09_3300-0.065-0.000114-100.fa	UnseenTestSet	48	30049
UnseenTestSet/alignment_TestSet_2022-08-23-08_50_09_3300-0.065-0.000114-150.fa	UnseenTestSet	64	29980
UnseenTestSet/alignment_TestSet_2022-08-23-08_50_09_3300-0.065-0.000114-200.fa	UnseenTestSet	69	30112
UnseenTestSet/alignment_TestSet_2022-08-23-08_50_09_3300-0.065-0.000114-50.fa	UnseenTestSet	44	29955
UnseenTestSet/alignment_TestSet_2022-08-23-08_50_09_3300-0.065-0.000115-100.fa	UnseenTestSet	27	29857
UnseenTestSet/alignment_TestSet_2022-08-23-08_50_09_3300-0.065-0.000115-150.fa	UnseenTestSet	33	29923
UnseenTestSet/alignment_TestSet_2022-08-23-08_50_09_3300-0.065-0.000115-200.fa	UnseenTestSet	86	29969
UnseenTestSet/alignment_TestSet_2022-08-23-08_50_09_3300-0.065-0.000115-50.fa	UnseenTestSet	27	30001
UnseenTestSet/alignment_TestSet_2022-08-23-08_50_09_3300-0.065-0.000116-100.fa	UnseenTestSet	38	30073
UnseenTestSet/alignment_TestSet_2022-08-23-08_50_09_3300-0.065-0.000116-50.fa	UnseenTestSet	30	29995
UnseenTestSet/alignment_TestSet_2022-08-23-15_04_32_3300-0.065-0.000114-50.fa	UnseenTestSet	3	29881
UnseenTestSet/alignment_TestSet_2022-08-23-17_12_57_3300-0.065-0.000114-100.fa	UnseenTestSet	53	30106
UnseenTestSet/alignment_TestSet_2022-08-23-17_12_57_3300-0.065-0.000114-50.fa	UnseenTestSet	15	29980
UnseenTestSet/alignment_TestSet_2022-08-23-18_28_52_3300-0.065-0.000114-100.fa	UnseenTestSet	60	30054
UnseenTestSet/alignment_TestSet_2022-08-23-18_28_52_3300-0.065-0.000114-150.fa	UnseenTestSet	53	30055
UnseenTestSet/alignment_TestSet_2022-08-23-18_28_52_3300-0.065-0.000114-200.fa	UnseenTestSet	88	30028
UnseenTestSet/alignment_TestSet_2022-08-23-18_28_52_3300-0.065-0.000114-50.fa	UnseenTestSet	29	30016
UnseenTestSet/alignment_TestSet_2022-08-23-21_50_58_3300-0.07-0.000116-100.fa	UnseenTestSet	58	30031
UnseenTestSet/alignment_TestSet_2022-08-23-21_50_58_3300-0.07-0.000117-100.fa	UnseenTestSet	49	30022
UnseenTestSet/alignment_TestSet_2022-08-23-21_50_58_3300-0.07-0.000117-150.fa	UnseenTestSet	60	30104
UnseenTestSet/alignment_TestSet_2022-08-23-23_54_54_3300-0.07-0.000115-100.fa	UnseenTestSet	48	30028
UnseenTestSet/alignment_TestSet_2022-08-23-23_54_54_3300-0.07-0.000115-150.fa	UnseenTestSet	58	29890
UnseenTestSet/alignment_TestSet_2022-08-23-23_54_54_3300-0.07-0.000116-100.fa	UnseenTestSet	65	29965
UnseenTestSet/alignment_TestSet_2022-08-23-23_54_54_3300-0.07-0.000116-150.fa	UnseenTestSet	40	30040
UnseenTestSet/alignment_TestSet_2022-08-23-23_54_54_3300-0.07-0.000117-100.fa	UnseenTestSet	14	29902
UnseenTestSet/alignment_TestSet_2022-08-23-23_54_54_3300-0.07-0.000117-150.fa	UnseenTestSet	64	30064
UnseenTestSet/alignment_TestSet_2022-08-23-23_54_54_3300-0.075-0.000115-100.fa	UnseenTestSet	75	30016
UnseenTestSet/alignment_TestSet_2022-08-23-23_54_54_3300-0.075-0.000115-150.fa	UnseenTestSet	60	29993
UnseenTestSet/alignment_TestSet_2022-08-23-23_54_54_3300-0.075-0.000116-100.fa	UnseenTestSet	59	29971
UnseenTestSet/alignment_TestSet_2022-08-23-23_54_54_3300-0.075-0.000116-150.fa	UnseenTestSet	68	29968
UnseenTestSet/alignment_TestSet_2022-08-23-23_54_54_3300-0.075-0.000117-100.fa	UnseenTestSet	73	30005
UnseenTestSet/alignment_TestSet_2022-08-23-23_54_54_3300-0.075-0.000117-150.fa	UnseenTestSet	85	29950
UnseenTestSet/alignment_TestSet_2022-08-24-12_11_13_3300-0.07-0.000115-100.fa	UnseenTestSet	49	30067
UnseenTestSet/alignment_TestSet_2022-08-24-12_11_13_3300-0.07-0.000115-150.fa	UnseenTestSet	97	29955
UnseenTestSet/alignment_TestSet_2022-08-24-12_11_13_3300-0.07-0.000116-100.fa	UnseenTestSet	54	29896
UnseenTestSet/alignment_TestSet_2022-08-24-12_11_13_3300-0.07-0.000116-150.fa	UnseenTestSet	70	30073
UnseenTestSet/alignment_TestSet_2022-08-24-12_11_13_3300-0.07-0.000117-100.fa	UnseenTestSet	29	29905
UnseenTestSet/alignment_TestSet_2022-08-24-12_11_13_3300-0.07-0.000117-150.fa	UnseenTestSet	31	30025
UnseenTestSet/alignment_TestSet_2022-08-24-12_11_13_3300-0.075-0.000115-100.fa	UnseenTestSet	66	29923
UnseenTestSet/alignment_TestSet_2022-08-24-12_11_13_3300-0.075-0.000115-150.fa	UnseenTestSet	14	29923
UnseenTestSet/alignment_TestSet_2022-08-24-12_11_13_3300-0.075-0.000116-100.fa	UnseenTestSet	46	30238
UnseenTestSet/alignment_TestSet_2022-08-24-12_11_13_3300-0.075-0.000116-150.fa	UnseenTestSet	41	29905
UnseenTestSet/alignment_TestSet_2022-08-24-12_11_13_3300-0.075-0.000117-100.fa	UnseenTestSet	44	29923
UnseenTestSet/alignment_TestSet_2022-08-24-12_11_13_3300-0.075-0.000117-150.fa	UnseenTestSet	87	30010
UnseenTestSet/alignment_TestSet_2022-08-24-19_38_57_3300-0.07-0.000115-100.fa	UnseenTestSet	60	29968
UnseenTestSet/alignment_TestSet_2022-08-24-19_38_57_3300-0.07-0.000115-150.fa	UnseenTestSet	68	29974
UnseenTestSet/alignment_TestSet_2022-08-24-19_38_57_3300-0.07-0.000116-100.fa	UnseenTestSet	64	30002
UnseenTestSet/alignment_TestSet_2022-08-24-19_38_57_3300-0.07-0.000116-150.fa	UnseenTestSet	49	29989
UnseenTestSet/alignment_TestSet_2022-08-24-19_38_57_3300-0.07-0.000117-100.fa	UnseenTestSet	76	30076
UnseenTestSet/alignment_TestSet_2022-08-24-19_38_57_3300-0.07-0.000117-150.fa	UnseenTestSet	34	29985
UnseenTestSet/alignment_TestSet_2022-08-24-19_38_57_3300-0.075-0.000116-100.fa	UnseenTestSet	71	30028
UnseenTestSet/alignment_TestSet_2022-08-24-19_38_57_3300-0.075-0.000117-100.fa	UnseenTestSet	63	30110
UnseenTestSet/alignment_TestSet_2022-08-24-19_38_57_3300-0.075-0.000117-150.fa	UnseenTestSet	43	29845
UnseenTestSet/alignment_TestSet_3500-0.07-0.000114-100.fa	UnseenTestSet	78	29957
UnseenTestSet/alignment_TestSet_3500-0.07-0.000114-150.fa	UnseenTestSet	71	30157
UnseenTestSet/alignment_TestSet_3500-0.07-0.000114-200.fa	UnseenTestSet	42	29932
UnseenTestSet/alignment_TestSet_3500-0.07-0.000116-100.fa	UnseenTestSet	54	29989
UnseenTestSet/alignment_TestSet_3500-0.07-0.000116-150.fa	UnseenTestSet	82	30039
UnseenTestSet/alignment_TestSet_3500-0.07-0.000116-200.fa	UnseenTestSet	88	30143
UnseenTestSet/alignment_TestSet_3500-0.07-0.000118-100.fa	UnseenTestSet	54	30077
UnseenTestSet/alignment_TestSet_3500-0.07-0.000118-150.fa	UnseenTestSet	89	30004
UnseenTestSet/alignment_TestSet_3500-0.07-0.000118-200.fa	UnseenTestSet	83	30019
UnseenTestSet/alignment_TestSet_3500-0.075-0.000114-100.fa	UnseenTestSet	37	30208
UnseenTestSet/alignment_TestSet_3500-0.075-0.000114-150.fa	UnseenTestSet	77	30092
UnseenTestSet/alignment_TestSet_3500-0.075-0.000114-200.fa	UnseenTestSet	89	30028
UnseenTestSet/alignment_TestSet_3500-0.075-0.000116-100.fa	UnseenTestSet	50	29956
UnseenTestSet/alignment_TestSet_3500-0.075-0.000116-150.fa	UnseenTestSet	82	30058
UnseenTestSet/alignment_TestSet_3500-0.075-0.000116-200.fa	UnseenTestSet	69	30091
UnseenTestSet/alignment_TestSet_3500-0.075-0.000118-100.fa	UnseenTestSet	70	30040
UnseenTestSet/alignment_TestSet_3500-0.075-0.000118-150.fa	UnseenTestSet	71	29854
UnseenTestSet/alignment_TestSet_3500-0.075-0.000118-200.fa	UnseenTestSet	110	30085
