rel_path	dir	n_events	max_bp
XML-1/alignment_XML1-2500-0.005-12E-5-100-1.fa	XML-1	9	3822
XML-1/alignment_XML1-2500-0.005-12E-5-100-10.fa	XML-1	10	3822
XML-1/alignment_XML1-2500-0.005-12E-5-100-11.fa	XML-1	10	3822
XML-1/alignment_XML1-2500-0.005-12E-5-100-12.fa	XML-1	15	3822
XML-1/alignment_XML1-2500-0.005-12E-5-100-13.fa	XML-1	13	3822
XML-1/alignment_XML1-2500-0.005-12E-5-100-14.fa	XML-1	5	3018
XML-1/alignment_XML1-2500-0.005-12E-5-100-15.fa	XML-1	10	3822
XML-1/alignment_XML1-2500-0.005-12E-5-100-2.fa	XML-1	9	3822
XML-1/alignment_XML1-2500-0.005-12E-5-100-3.fa	XML-1	10	3822
XML-1/alignment_XML1-2500-0.005-12E-5-100-4.fa	XML-1	8	3822
XML-1/alignment_XML1-2500-0.005-12E-5-100-5.fa	XML-1	15	3822
XML-1/alignment_XML1-2500-0.005-12E-5-100-6.fa	XML-1	15	3822
XML-1/alignment_XML1-2500-0.005-12E-5-100-7.fa	XML-1	7	3822
XML-1/alignment_XML1-2500-0.005-12E-5-100-8.fa	XML-1	22	3822
XML-1/alignment_XML1-2500-0.005-12E-5-100-9.fa	XML-1	19	3822
XML-1/alignment_XML1-2500-0.005-12E-5-200-1.fa	XML-1	15	3654
XML-1/alignment_XML1-2500-0.005-12E-5-200-10.fa	XML-1	14	3822
XML-1/alignment_XML1-2500-0.005-12E-5-200-11.fa	XML-1	12	3822
XML-1/alignment_XML1-2500-0.005-12E-5-200-12.fa	XML-1	16	3822
XML-1/alignment_XML1-2500-0.005-12E-5-200-13.fa	XML-1	27	3822
XML-1/alignment_XML1-2500-0.005-12E-5-200-14.fa	XML-1	15	3822
XML-1/alignment_XML1-2500-0.005-12E-5-200-15.fa	XML-1	16	3822
XML-1/alignment_XML1-2500-0.005-12E-5-200-2.fa	XML-1	16	3822
XML-1/alignment_XML1-2500-0.005-12E-5-200-3.fa	XML-1	19	3822
XML-1/alignment_XML1-2500-0.005-12E-5-200-4.fa	XML-1	21	3822
XML-1/alignment_XML1-2500-0.005-12E-5-200-5.fa	XML-1	20	3822
XML-1/alignment_XML1-2500-0.005-12E-5-200-6.fa	XML-1	15	3822
XML-1/alignment_XML1-2500-0.005-12E-5-200-7.fa	XML-1	12	3822
XML-1/alignment_XML1-2500-0.005-12E-5-200-8.fa	XML-1	25	3822
XML-1/alignment_XML1-2500-0.005-12E-5-200-9.fa	XML-1	9	3822
XML-1/alignment_XML1-2500-0.005-12E-5-50-1.fa	XML-1	5	3822
XML-1/alignment_XML1-2500-0.005-12E-5-50-10.fa	XML-1	18	3822
XML-1/alignment_XML1-2500-0.005-12E-5-50-11.fa	XML-1	3	3822
XML-1/alignment_XML1-2500-0.005-12E-5-50-12.fa	XML-1	6	3822
XML-1/alignment_XML1-2500-0.005-12E-5-50-13.fa	XML-1	11	3822
XML-1/alignment_XML1-2500-0.005-12E-5-50-14.fa	XML-1	10	3822
XML-1/alignment_XML1-2500-0.005-12E-5-50-15.fa	XML-1	10	3822
XML-1/alignment_XML1-2500-0.005-12E-5-50-2.fa	XML-1	10	3822
XML-1/alignment_XML1-2500-0.005-12E-5-50-3.fa	XML-1	7	3822
XML-1/alignment_XML1-2500-0.005-12E-5-50-4.fa	XML-1	9	2523
XML-1/alignment_XML1-2500-0.005-12E-5-50-5.fa	XML-1	6	3132
XML-1/alignment_XML1-2500-0.005-12E-5-50-6.fa	XML-1	16	3822
XML-1/alignment_XML1-2500-0.005-12E-5-50-7.fa	XML-1	7	3822
XML-1/alignment_XML1-2500-0.005-12E-5-50-8.fa	XML-1	9	3822
XML-1/alignment_XML1-2500-0.005-12E-5-50-9.fa	XML-1	12	3822
XML-1/alignment_XML1-2500-0.005-4E-5-100-1.fa	XML-1	15	3822
XML-1/alignment_XML1-2500-0.005-4E-5-100-10.fa	XML-1	10	3822
XML-1/alignment_XML1-2500-0.005-4E-5-100-11.fa	XML-1	11	3822
XML-1/alignment_XML1-2500-0.005-4E-5-100-12.fa	XML-1	16	3822
XML-1/alignment_XML1-2500-0.005-4E-5-100-13.fa	XML-1	8	3822
XML-1/alignment_XML1-2500-0.005-4E-5-100-14.fa	XML-1	9	3822
XML-1/alignment_XML1-2500-0.005-4E-5-100-15.fa	XML-1	16	3822
XML-1/alignment_XML1-2500-0.005-4E-5-100-2.fa	XML-1	10	3822
XML-1/alignment_XML1-2500-0.005-4E-5-100-3.fa	XML-1	9	3822
XML-1/alignment_XML1-2500-0.005-4E-5-100-4.fa	XML-1	4	3567
XML-1/alignment_XML1-2500-0.005-4E-5-100-5.fa	XML-1	19	3822
XML-1/alignment_XML1-2500-0.005-4E-5-100-6.fa	XML-1	8	3465
XML-1/alignment_XML1-2500-0.005-4E-5-100-7.fa	XML-1	8	3822
XML-1/alignment_XML1-2500-0.005-4E-5-100-8.fa	XML-1	11	3822
XML-1/alignment_XML1-2500-0.005-4E-5-100-9.fa	XML-1	13	3822
XML-1/alignment_XML1-2500-0.005-4E-5-200-1.fa	XML-1	17	3822
XML-1/alignment_XML1-2500-0.005-4E-5-200-10.fa	XML-1	15	3822
XML-1/alignment_XML1-2500-0.005-4E-5-200-11.fa	XML-1	10	3822
XML-1/alignment_XML1-2500-0.005-4E-5-200-12.fa	XML-1	14	3822
XML-1/alignment_XML1-2500-0.005-4E-5-200-13.fa	XML-1	21	3822
XML-1/alignment_XML1-2500-0.005-4E-5-200-14.fa	XML-1	17	3822
XML-1/alignment_XML1-2500-0.005-4E-5-200-15.fa	XML-1	19	3822
XML-1/alignment_XML1-2500-0.005-4E-5-200-2.fa	XML-1	15	3822
XML-1/alignment_XML1-2500-0.005-4E-5-200-3.fa	XML-1	18	3822
XML-1/alignment_XML1-2500-0.005-4E-5-200-4.fa	XML-1	12	3822
XML-1/alignment_XML1-2500-0.005-4E-5-200-5.fa	XML-1	16	3822
XML-1/alignment_XML1-2500-0.005-4E-5-200-6.fa	XML-1	18	3822
XML-1/alignment_XML1-2500-0.005-4E-5-200-7.fa	XML-1	12	3822
XML-1/alignment_XML1-2500-0.005-4E-5-200-8.fa	XML-1	9	3822
XML-1/alignment_XML1-2500-0.005-4E-5-200-9.fa	XML-1	10	3624
XML-1/alignment_XML1-2500-0.005-4E-5-50-1.fa	XML-1	13	3822
XML-1/alignment_XML1-2500-0.005-4E-5-50-10.fa	XML-1	8	3120
XML-1/alignment_XML1-2500-0.005-4E-5-50-11.fa	XML-1	6	3822
XML-1/alignment_XML1-2500-0.005-4E-5-50-12.fa	XML-1	11	3822
XML-1/alignment_XML1-2500-0.005-4E-5-50-13.fa	XML-1	4	3222
XML-1/alignment_XML1-2500-0.005-4E-5-50-14.fa	XML-1	10	3822
XML-1/alignment_XML1-2500-0.005-4E-5-50-15.fa	XML-1	9	3822
XML-1/alignment_XML1-2500-0.005-4E-5-50-2.fa	XML-1	14	3822
XML-1/alignment_XML1-2500-0.005-4E-5-50-3.fa	XML-1	6	3822
XML-1/alignment_XML1-2500-0.005-4E-5-50-4.fa	XML-1	11	3822
XML-1/alignment_XML1-2500-0.005-4E-5-50-5.fa	XML-1	16	3822
XML-1/alignment_XML1-2500-0.005-4E-5-50-6.fa	XML-1	10	3822
XML-1/alignment_XML1-2500-0.005-4E-5-50-7.fa	XML-1	18	3822
XML-1/alignment_XML1-2500-0.005-4E-5-50-8.fa	XML-1	9	3822
XML-1/alignment_XML1-2500-0.005-4E-5-50-9.fa	XML-1	7	3822
XML-1/alignment_XML1-2500-0.005-8E-5-100-1.fa	XML-1	10	3822
XML-1/alignment_XML1-2500-0.005-8E-5-100-10.fa	XML-1	12	3822
XML-1/alignment_XML1-2500-0.005-8E-5-100-11.fa	XML-1	14	3822
XML-1/alignment_XML1-2500-0.005-8E-5-100-12.fa	XML-1	6	3822
XML-1/alignment_XML1-2500-0.005-8E-5-100-13.fa	XML-1	12	3822
XML-1/alignment_XML1-2500-0.005-8E-5-100-14.fa	XML-1	14	3822
XML-1/alignment_XML1-2500-0.005-8E-5-100-15.fa	XML-1	9	3822
XML-1/alignment_XML1-2500-0.005-8E-5-100-2.fa	XML-1	7	3822
XML-1/alignment_XML1-2500-0.005-8E-5-100-3.fa	XML-1	15	3822
XML-1/alignment_XML1-2500-0.005-8E-5-100-4.fa	XML-1	7	3822
XML-1/alignment_XML1-2500-0.005-8E-5-100-5.fa	XML-1	9	3822
XML-1/alignment_XML1-2500-0.005-8E-5-100-6.fa	XML-1	13	3822
XML-1/alignment_XML1-2500-0.005-8E-5-100-7.fa	XML-1	14	3822
XML-1/alignment_XML1-2500-0.005-8E-5-100-8.fa	XML-1	9	3822
XML-1/alignment_XML1-2500-0.005-8E-5-100-9.fa	XML-1	10	3669
XML-1/alignment_XML1-2500-0.005-8E-5-200-1.fa	XML-1	14	3822
XML-1/alignment_XML1-2500-0.005-8E-5-200-10.fa	XML-1	13	3822
XML-1/alignment_XML1-2500-0.005-8E-5-200-11.fa	XML-1	14	3441
XML-1/alignment_XML1-2500-0.005-8E-5-200-12.fa	XML-1	14	3822
XML-1/alignment_XML1-2500-0.005-8E-5-200-13.fa	XML-1	14	3822
XML-1/alignment_XML1-2500-0.005-8E-5-200-14.fa	XML-1	11	3822
XML-1/alignment_XML1-2500-0.005-8E-5-200-15.fa	XML-1	9	3822
XML-1/alignment_XML1-2500-0.005-8E-5-200-2.fa	XML-1	18	3822
XML-1/alignment_XML1-2500-0.005-8E-5-200-3.fa	XML-1	20	3822
XML-1/alignment_XML1-2500-0.005-8E-5-200-4.fa	XML-1	7	3822
XML-1/alignment_XML1-2500-0.005-8E-5-200-5.fa	XML-1	23	3822
XML-1/alignment_XML1-2500-0.005-8E-5-200-6.fa	XML-1	13	3822
XML-1/alignment_XML1-2500-0.005-8E-5-200-7.fa	XML-1	15	3822
XML-1/alignment_XML1-2500-0.005-8E-5-200-8.fa	XML-1	12	3822
XML-1/alignment_XML1-2500-0.005-8E-5-200-9.fa	XML-1	14	3822
XML-1/alignment_XML1-2500-0.005-8E-5-50-1.fa	XML-1	7	3822
XML-1/alignment_XML1-2500-0.005-8E-5-50-10.fa	XML-1	6	3822
XML-1/alignment_XML1-2500-0.005-8E-5-50-11.fa	XML-1	10	3822
XML-1/alignment_XML1-2500-0.005-8E-5-50-12.fa	XML-1	10	3822
XML-1/alignment_XML1-2500-0.005-8E-5-50-13.fa	XML-1	13	3822
XML-1/alignment_XML1-2500-0.005-8E-5-50-14.fa	XML-1	7	3822
XML-1/alignment_XML1-2500-0.005-8E-5-50-15.fa	XML-1	7	3822
XML-1/alignment_XML1-2500-0.005-8E-5-50-2.fa	XML-1	13	3822
XML-1/alignment_XML1-2500-0.005-8E-5-50-3.fa	XML-1	11	3822
XML-1/alignment_XML1-2500-0.005-8E-5-50-4.fa	XML-1	12	3822
XML-1/alignment_XML1-2500-0.005-8E-5-50-5.fa	XML-1	6	3822
XML-1/alignment_XML1-2500-0.005-8E-5-50-6.fa	XML-1	6	3372
XML-1/alignment_XML1-2500-0.005-8E-5-50-7.fa	XML-1	10	3822
XML-1/alignment_XML1-2500-0.005-8E-5-50-8.fa	XML-1	6	3822
XML-1/alignment_XML1-2500-0.005-8E-5-50-9.fa	XML-1	9	3822
XML-1/alignment_XML1-2500-0.01-12E-5-100-1.fa	XML-1	29	3822
XML-1/alignment_XML1-2500-0.01-12E-5-100-10.fa	XML-1	26	3822
XML-1/alignment_XML1-2500-0.01-12E-5-100-11.fa	XML-1	31	3822
XML-1/alignment_XML1-2500-0.01-12E-5-100-12.fa	XML-1	21	3822
XML-1/alignment_XML1-2500-0.01-12E-5-100-13.fa	XML-1	21	3822
XML-1/alignment_XML1-2500-0.01-12E-5-100-14.fa	XML-1	25	3822
XML-1/alignment_XML1-2500-0.01-12E-5-100-15.fa	XML-1	19	3822
XML-1/alignment_XML1-2500-0.01-12E-5-100-2.fa	XML-1	18	3822
XML-1/alignment_XML1-2500-0.01-12E-5-100-3.fa	XML-1	20	3822
XML-1/alignment_XML1-2500-0.01-12E-5-100-4.fa	XML-1	21	3822
XML-1/alignment_XML1-2500-0.01-12E-5-100-5.fa	XML-1	26	3822
XML-1/alignment_XML1-2500-0.01-12E-5-100-6.fa	XML-1	23	3822
XML-1/alignment_XML1-2500-0.01-12E-5-100-7.fa	XML-1	37	3822
XML-1/alignment_XML1-2500-0.01-12E-5-100-8.fa	XML-1	29	3822
XML-1/alignment_XML1-2500-0.01-12E-5-100-9.fa	XML-1	21	3822
XML-1/alignment_XML1-2500-0.01-12E-5-200-1.fa	XML-1	34	3822
XML-1/alignment_XML1-2500-0.01-12E-5-200-10.fa	XML-1	41	3822
XML-1/alignment_XML1-2500-0.01-12E-5-200-11.fa	XML-1	20	3822
XML-1/alignment_XML1-2500-0.01-12E-5-200-12.fa	XML-1	25	3822
XML-1/alignment_XML1-2500-0.01-12E-5-200-13.fa	XML-1	23	3822
XML-1/alignment_XML1-2500-0.01-12E-5-200-14.fa	XML-1	39	3822
XML-1/alignment_XML1-2500-0.01-12E-5-200-15.fa	XML-1	22	3822
XML-1/alignment_XML1-2500-0.01-12E-5-200-2.fa	XML-1	26	3822
XML-1/alignment_XML1-2500-0.01-12E-5-200-3.fa	XML-1	21	3822
XML-1/alignment_XML1-2500-0.01-12E-5-200-4.fa	XML-1	34	3822
XML-1/alignment_XML1-2500-0.01-12E-5-200-5.fa	XML-1	29	3822
XML-1/alignment_XML1-2500-0.01-12E-5-200-6.fa	XML-1	22	3822
XML-1/alignment_XML1-2500-0.01-12E-5-200-7.fa	XML-1	23	3822
XML-1/alignment_XML1-2500-0.01-12E-5-200-8.fa	XML-1	18	3822
XML-1/alignment_XML1-2500-0.01-12E-5-200-9.fa	XML-1	29	3822
XML-1/alignment_XML1-2500-0.01-12E-5-50-1.fa	XML-1	16	3822
XML-1/alignment_XML1-2500-0.01-12E-5-50-10.fa	XML-1	22	3822
XML-1/alignment_XML1-2500-0.01-12E-5-50-11.fa	XML-1	11	3822
XML-1/alignment_XML1-2500-0.01-12E-5-50-12.fa	XML-1	15	3822
XML-1/alignment_XML1-2500-0.01-12E-5-50-13.fa	XML-1	15	3822
XML-1/alignment_XML1-2500-0.01-12E-5-50-14.fa	XML-1	13	3822
XML-1/alignment_XML1-2500-0.01-12E-5-50-15.fa	XML-1	14	3822
XML-1/alignment_XML1-2500-0.01-12E-5-50-2.fa	XML-1	13	3822
XML-1/alignment_XML1-2500-0.01-12E-5-50-3.fa	XML-1	20	3822
XML-1/alignment_XML1-2500-0.01-12E-5-50-4.fa	XML-1	18	3822
XML-1/alignment_XML1-2500-0.01-12E-5-50-5.fa	XML-1	13	3822
XML-1/alignment_XML1-2500-0.01-12E-5-50-6.fa	XML-1	17	3822
XML-1/alignment_XML1-2500-0.01-12E-5-50-7.fa	XML-1	18	3822
XML-1/alignment_XML1-2500-0.01-12E-5-50-8.fa	XML-1	12	3822
XML-1/alignment_XML1-2500-0.01-12E-5-50-9.fa	XML-1	20	3822
XML-1/alignment_XML1-2500-0.01-4E-5-100-1.fa	XML-1	30	3822
XML-1/alignment_XML1-2500-0.01-4E-5-100-10.fa	XML-1	22	3822
XML-1/alignment_XML1-2500-0.01-4E-5-100-11.fa	XML-1	24	3822
XML-1/alignment_XML1-2500-0.01-4E-5-100-12.fa	XML-1	23	3822
XML-1/alignment_XML1-2500-0.01-4E-5-100-13.fa	XML-1	26	3822
XML-1/alignment_XML1-2500-0.01-4E-5-100-14.fa	XML-1	24	3822
XML-1/alignment_XML1-2500-0.01-4E-5-100-15.fa	XML-1	19	3822
XML-1/alignment_XML1-2500-0.01-4E-5-100-2.fa	XML-1	28	3822
XML-1/alignment_XML1-2500-0.01-4E-5-100-3.fa	XML-1	20	3822
XML-1/alignment_XML1-2500-0.01-4E-5-100-4.fa	XML-1	20	3822
XML-1/alignment_XML1-2500-0.01-4E-5-100-5.fa	XML-1	20	3822
XML-1/alignment_XML1-2500-0.01-4E-5-100-6.fa	XML-1	34	3822
XML-1/alignment_XML1-2500-0.01-4E-5-100-7.fa	XML-1	20	3822
XML-1/alignment_XML1-2500-0.01-4E-5-100-8.fa	XML-1	18	3822
XML-1/alignment_XML1-2500-0.01-4E-5-100-9.fa	XML-1	26	3822
XML-1/alignment_XML1-2500-0.01-4E-5-200-1.fa	XML-1	24	3822
XML-1/alignment_XML1-2500-0.01-4E-5-200-10.fa	XML-1	25	3822
XML-1/alignment_XML1-2500-0.01-4E-5-200-11.fa	XML-1	34	3822
XML-1/alignment_XML1-2500-0.01-4E-5-200-12.fa	XML-1	31	3822
XML-1/alignment_XML1-2500-0.01-4E-5-200-13.fa	XML-1	31	3822
XML-1/alignment_XML1-2500-0.01-4E-5-200-14.fa	XML-1	30	3822
XML-1/alignment_XML1-2500-0.01-4E-5-200-15.fa	XML-1	26	3822
XML-1/alignment_XML1-2500-0.01-4E-5-200-2.fa	XML-1	28	3822
XML-1/alignment_XML1-2500-0.01-4E-5-200-3.fa	XML-1	26	3822
XML-1/alignment_XML1-2500-0.01-4E-5-200-4.fa	XML-1	26	3822
XML-1/alignment_XML1-2500-0.01-4E-5-200-5.fa	XML-1	43	3822
XML-1/alignment_XML1-2500-0.01-4E-5-200-6.fa	XML-1	30	3822
XML-1/alignment_XML1-2500-0.01-4E-5-200-7.fa	XML-1	28	3822
XML-1/alignment_XML1-2500-0.01-4E-5-200-8.fa	XML-1	32	3822
XML-1/alignment_XML1-2500-0.01-4E-5-200-9.fa	XML-1	29	3822
XML-1/alignment_XML1-2500-0.01-4E-5-50-1.fa	XML-1	8	3822
XML-1/alignment_XML1-2500-0.01-4E-5-50-10.fa	XML-1	16	3822
XML-1/alignment_XML1-2500-0.01-4E-5-50-11.fa	XML-1	15	3822
XML-1/alignment_XML1-2500-0.01-4E-5-50-12.fa	XML-1	10	3822
XML-1/alignment_XML1-2500-0.01-4E-5-50-13.fa	XML-1	14	3822
XML-1/alignment_XML1-2500-0.01-4E-5-50-14.fa	XML-1	19	3822
XML-1/alignment_XML1-2500-0.01-4E-5-50-15.fa	XML-1	11	3822
XML-1/alignment_XML1-2500-0.01-4E-5-50-2.fa	XML-1	15	3822
XML-1/alignment_XML1-2500-0.01-4E-5-50-3.fa	XML-1	14	3822
XML-1/alignment_XML1-2500-0.01-4E-5-50-4.fa	XML-1	8	3822
XML-1/alignment_XML1-2500-0.01-4E-5-50-5.fa	XML-1	17	3822
XML-1/alignment_XML1-2500-0.01-4E-5-50-6.fa	XML-1	17	3822
XML-1/alignment_XML1-2500-0.01-4E-5-50-7.fa	XML-1	17	3822
XML-1/alignment_XML1-2500-0.01-4E-5-50-8.fa	XML-1	13	3822
XML-1/alignment_XML1-2500-0.01-4E-5-50-9.fa	XML-1	12	3822
XML-1/alignment_XML1-2500-0.01-8E-5-100-1.fa	XML-1	29	3822
XML-1/alignment_XML1-2500-0.01-8E-5-100-10.fa	XML-1	24	3822
XML-1/alignment_XML1-2500-0.01-8E-5-100-11.fa	XML-1	30	3822
XML-1/alignment_XML1-2500-0.01-8E-5-100-12.fa	XML-1	12	3822
XML-1/alignment_XML1-2500-0.01-8E-5-100-13.fa	XML-1	25	3822
XML-1/alignment_XML1-2500-0.01-8E-5-100-14.fa	XML-1	24	3822
XML-1/alignment_XML1-2500-0.01-8E-5-100-15.fa	XML-1	26	3822
XML-1/alignment_XML1-2500-0.01-8E-5-100-2.fa	XML-1	18	3822
XML-1/alignment_XML1-2500-0.01-8E-5-100-3.fa	XML-1	15	3822
XML-1/alignment_XML1-2500-0.01-8E-5-100-4.fa	XML-1	21	3822
XML-1/alignment_XML1-2500-0.01-8E-5-100-5.fa	XML-1	26	3822
XML-1/alignment_XML1-2500-0.01-8E-5-100-6.fa	XML-1	20	3822
XML-1/alignment_XML1-2500-0.01-8E-5-100-7.fa	XML-1	23	3822
XML-1/alignment_XML1-2500-0.01-8E-5-100-8.fa	XML-1	21	3822
XML-1/alignment_XML1-2500-0.01-8E-5-100-9.fa	XML-1	25	3822
XML-1/alignment_XML1-2500-0.01-8E-5-200-1.fa	XML-1	34	3822
XML-1/alignment_XML1-2500-0.01-8E-5-200-10.fa	XML-1	35	3822
XML-1/alignment_XML1-2500-0.01-8E-5-200-11.fa	XML-1	17	3822
XML-1/alignment_XML1-2500-0.01-8E-5-200-12.fa	XML-1	37	3822
XML-1/alignment_XML1-2500-0.01-8E-5-200-13.fa	XML-1	36	3822
XML-1/alignment_XML1-2500-0.01-8E-5-200-14.fa	XML-1	30	3822
XML-1/alignment_XML1-2500-0.01-8E-5-200-15.fa	XML-1	19	3822
XML-1/alignment_XML1-2500-0.01-8E-5-200-2.fa	XML-1	32	3822
XML-1/alignment_XML1-2500-0.01-8E-5-200-3.fa	XML-1	25	3822
XML-1/alignment_XML1-2500-0.01-8E-5-200-4.fa	XML-1	25	3822
XML-1/alignment_XML1-2500-0.01-8E-5-200-5.fa	XML-1	23	3822
XML-1/alignment_XML1-2500-0.01-8E-5-200-6.fa	XML-1	32	3822
XML-1/alignment_XML1-2500-0.01-8E-5-200-7.fa	XML-1	38	3822
XML-1/alignment_XML1-2500-0.01-8E-5-200-8.fa	XML-1	31	3822
XML-1/alignment_XML1-2500-0.01-8E-5-200-9.fa	XML-1	31	3822
XML-1/alignment_XML1-2500-0.01-8E-5-50-1.fa	XML-1	15	3822
XML-1/alignment_XML1-2500-0.01-8E-5-50-10.fa	XML-1	15	3822
XML-1/alignment_XML1-2500-0.01-8E-5-50-11.fa	XML-1	14	3822
XML-1/alignment_XML1-2500-0.01-8E-5-50-12.fa	XML-1	17	3822
XML-1/alignment_XML1-2500-0.01-8E-5-50-13.fa	XML-1	24	3822
XML-1/alignment_XML1-2500-0.01-8E-5-50-14.fa	XML-1	20	3822
XML-1/alignment_XML1-2500-0.01-8E-5-50-15.fa	XML-1	17	3822
XML-1/alignment_XML1-2500-0.01-8E-5-50-2.fa	XML-1	14	3822
XML-1/alignment_XML1-2500-0.01-8E-5-50-3.fa	XML-1	15	3822
XML-1/alignment_XML1-2500-0.01-8E-5-50-4.fa	XML-1	17	3822
XML-1/alignment_XML1-2500-0.01-8E-5-50-5.fa	XML-1	13	3822
XML-1/alignment_XML1-2500-0.01-8E-5-50-6.fa	XML-1	14	3822
XML-1/alignment_XML1-2500-0.01-8E-5-50-7.fa	XML-1	22	3822
XML-1/alignment_XML1-2500-0.01-8E-5-50-8.fa	XML-1	10	3822
XML-1/alignment_XML1-2500-0.01-8E-5-50-9.fa	XML-1	13	3822
XML-1/alignment_XML1-2500-0.02-12E-5-100-1.fa	XML-1	37	3822
XML-1/alignment_XML1-2500-0.02-12E-5-100-10.fa	XML-1	43	3822
XML-1/alignment_XML1-2500-0.02-12E-5-100-11.fa	XML-1	36	3822
XML-1/alignment_XML1-2500-0.02-12E-5-100-12.fa	XML-1	37	3822
XML-1/alignment_XML1-2500-0.02-12E-5-100-13.fa	XML-1	35	3822
XML-1/alignment_XML1-2500-0.02-12E-5-100-14.fa	XML-1	42	3822
XML-1/alignment_XML1-2500-0.02-12E-5-100-15.fa	XML-1	45	3822
XML-1/alignment_XML1-2500-0.02-12E-5-100-2.fa	XML-1	49	3822
XML-1/alignment_XML1-2500-0.02-12E-5-100-3.fa	XML-1	52	3822
XML-1/alignment_XML1-2500-0.02-12E-5-100-4.fa	XML-1	46	3822
XML-1/alignment_XML1-2500-0.02-12E-5-100-5.fa	XML-1	30	3822
XML-1/alignment_XML1-2500-0.02-12E-5-100-6.fa	XML-1	47	3822
XML-1/alignment_XML1-2500-0.02-12E-5-100-7.fa	XML-1	43	3822
XML-1/alignment_XML1-2500-0.02-12E-5-100-8.fa	XML-1	40	3822
XML-1/alignment_XML1-2500-0.02-12E-5-100-9.fa	XML-1	42	3822
XML-1/alignment_XML1-2500-0.02-12E-5-200-1.fa	XML-1	56	3822
XML-1/alignment_XML1-2500-0.02-12E-5-200-10.fa	XML-1	60	3822
XML-1/alignment_XML1-2500-0.02-12E-5-200-11.fa	XML-1	59	3822
XML-1/alignment_XML1-2500-0.02-12E-5-200-12.fa	XML-1	83	3822
XML-1/alignment_XML1-2500-0.02-12E-5-200-13.fa	XML-1	61	3822
XML-1/alignment_XML1-2500-0.02-12E-5-200-14.fa	XML-1	59	3822
XML-1/alignment_XML1-2500-0.02-12E-5-200-15.fa	XML-1	46	3822
XML-1/alignment_XML1-2500-0.02-12E-5-200-2.fa	XML-1	67	3822
XML-1/alignment_XML1-2500-0.02-12E-5-200-3.fa	XML-1	69	3822
XML-1/alignment_XML1-2500-0.02-12E-5-200-4.fa	XML-1	43	3822
XML-1/alignment_XML1-2500-0.02-12E-5-200-5.fa	XML-1	67	3822
XML-1/alignment_XML1-2500-0.02-12E-5-200-6.fa	XML-1	60	3822
XML-1/alignment_XML1-2500-0.02-12E-5-200-7.fa	XML-1	58	3822
XML-1/alignment_XML1-2500-0.02-12E-5-200-8.fa	XML-1	59	3822
XML-1/alignment_XML1-2500-0.02-12E-5-200-9.fa	XML-1	63	3822
XML-1/alignment_XML1-2500-0.02-12E-5-50-1.fa	XML-1	32	3822
XML-1/alignment_XML1-2500-0.02-12E-5-50-10.fa	XML-1	24	3822
XML-1/alignment_XML1-2500-0.02-12E-5-50-11.fa	XML-1	26	3822
XML-1/alignment_XML1-2500-0.02-12E-5-50-12.fa	XML-1	35	3822
XML-1/alignment_XML1-2500-0.02-12E-5-50-13.fa	XML-1	33	3822
XML-1/alignment_XML1-2500-0.02-12E-5-50-14.fa	XML-1	31	3822
XML-1/alignment_XML1-2500-0.02-12E-5-50-15.fa	XML-1	25	3822
XML-1/alignment_XML1-2500-0.02-12E-5-50-2.fa	XML-1	23	3822
XML-1/alignment_XML1-2500-0.02-12E-5-50-3.fa	XML-1	25	3822
XML-1/alignment_XML1-2500-0.02-12E-5-50-4.fa	XML-1	26	3822
XML-1/alignment_XML1-2500-0.02-12E-5-50-5.fa	XML-1	26	3822
XML-1/alignment_XML1-2500-0.02-12E-5-50-6.fa	XML-1	17	3822
XML-1/alignment_XML1-2500-0.02-12E-5-50-7.fa	XML-1	25	3822
XML-1/alignment_XML1-2500-0.02-12E-5-50-8.fa	XML-1	32	3822
XML-1/alignment_XML1-2500-0.02-12E-5-50-9.fa	XML-1	25	3822
XML-1/alignment_XML1-2500-0.02-4E-5-100-1.fa	XML-1	45	3822
XML-1/alignment_XML1-2500-0.02-4E-5-100-10.fa	XML-1	28	3822
XML-1/alignment_XML1-2500-0.02-4E-5-100-11.fa	XML-1	41	3822
XML-1/alignment_XML1-2500-0.02-4E-5-100-12.fa	XML-1	47	3822
XML-1/alignment_XML1-2500-0.02-4E-5-100-13.fa	XML-1	36	3822
XML-1/alignment_XML1-2500-0.02-4E-5-100-14.fa	XML-1	34	3822
XML-1/alignment_XML1-2500-0.02-4E-5-100-15.fa	XML-1	48	3822
XML-1/alignment_XML1-2500-0.02-4E-5-100-2.fa	XML-1	43	3822
XML-1/alignment_XML1-2500-0.02-4E-5-100-3.fa	XML-1	36	3822
XML-1/alignment_XML1-2500-0.02-4E-5-100-4.fa	XML-1	44	3822
XML-1/alignment_XML1-2500-0.02-4E-5-100-5.fa	XML-1	38	3822
XML-1/alignment_XML1-2500-0.02-4E-5-100-6.fa	XML-1	33	3822
XML-1/alignment_XML1-2500-0.02-4E-5-100-7.fa	XML-1	29	3822
XML-1/alignment_XML1-2500-0.02-4E-5-100-8.fa	XML-1	53	3822
XML-1/alignment_XML1-2500-0.02-4E-5-100-9.fa	XML-1	27	3822
XML-1/alignment_XML1-2500-0.02-4E-5-200-1.fa	XML-1	50	3822
XML-1/alignment_XML1-2500-0.02-4E-5-200-10.fa	XML-1	57	3822
XML-1/alignment_XML1-2500-0.02-4E-5-200-11.fa	XML-1	42	3822
XML-1/alignment_XML1-2500-0.02-4E-5-200-12.fa	XML-1	54	3822
XML-1/alignment_XML1-2500-0.02-4E-5-200-13.fa	XML-1	50	3822
XML-1/alignment_XML1-2500-0.02-4E-5-200-14.fa	XML-1	52	3822
XML-1/alignment_XML1-2500-0.02-4E-5-200-15.fa	XML-1	52	3822
XML-1/alignment_XML1-2500-0.02-4E-5-200-2.fa	XML-1	61	3822
XML-1/alignment_XML1-2500-0.02-4E-5-200-3.fa	XML-1	48	3822
XML-1/alignment_XML1-2500-0.02-4E-5-200-4.fa	XML-1	49	3822
XML-1/alignment_XML1-2500-0.02-4E-5-200-5.fa	XML-1	54	3822
XML-1/alignment_XML1-2500-0.02-4E-5-200-6.fa	XML-1	50	3822
XML-1/alignment_XML1-2500-0.02-4E-5-200-7.fa	XML-1	53	3822
XML-1/alignment_XML1-2500-0.02-4E-5-200-8.fa	XML-1	57	3822
XML-1/alignment_XML1-2500-0.02-4E-5-200-9.fa	XML-1	53	3822
XML-1/alignment_XML1-2500-0.02-4E-5-50-1.fa	XML-1	30	3822
XML-1/alignment_XML1-2500-0.02-4E-5-50-10.fa	XML-1	25	3822
XML-1/alignment_XML1-2500-0.02-4E-5-50-11.fa	XML-1	27	3822
XML-1/alignment_XML1-2500-0.02-4E-5-50-12.fa	XML-1	30	3822
XML-1/alignment_XML1-2500-0.02-4E-5-50-13.fa	XML-1	28	3822
XML-1/alignment_XML1-2500-0.02-4E-5-50-14.fa	XML-1	23	3822
XML-1/alignment_XML1-2500-0.02-4E-5-50-15.fa	XML-1	27	3822
XML-1/alignment_XML1-2500-0.02-4E-5-50-2.fa	XML-1	24	3822
XML-1/alignment_XML1-2500-0.02-4E-5-50-3.fa	XML-1	33	3822
XML-1/alignment_XML1-2500-0.02-4E-5-50-4.fa	XML-1	25	3822
XML-1/alignment_XML1-2500-0.02-4E-5-50-5.fa	XML-1	17	3822
XML-1/alignment_XML1-2500-0.02-4E-5-50-6.fa	XML-1	21	3822
XML-1/alignment_XML1-2500-0.02-4E-5-50-7.fa	XML-1	25	3822
XML-1/alignment_XML1-2500-0.02-4E-5-50-8.fa	XML-1	23	3822
XML-1/alignment_XML1-2500-0.02-4E-5-50-9.fa	XML-1	25	3822
XML-1/alignment_XML1-2500-0.02-8E-5-100-1.fa	XML-1	38	3822
XML-1/alignment_XML1-2500-0.02-8E-5-100-10.fa	XML-1	31	3822
XML-1/alignment_XML1-2500-0.02-8E-5-100-11.fa	XML-1	49	3822
XML-1/alignment_XML1-2500-0.02-8E-5-100-12.fa	XML-1	37	3822
XML-1/alignment_XML1-2500-0.02-8E-5-100-13.fa	XML-1	57	3822
XML-1/alignment_XML1-2500-0.02-8E-5-100-14.fa	XML-1	43	3822
XML-1/alignment_XML1-2500-0.02-8E-5-100-15.fa	XML-1	38	3822
XML-1/alignment_XML1-2500-0.02-8E-5-100-2.fa	XML-1	56	3822
XML-1/alignment_XML1-2500-0.02-8E-5-100-3.fa	XML-1	50	3822
XML-1/alignment_XML1-2500-0.02-8E-5-100-4.fa	XML-1	43	3822
XML-1/alignment_XML1-2500-0.02-8E-5-100-5.fa	XML-1	35	3822
XML-1/alignment_XML1-2500-0.02-8E-5-100-6.fa	XML-1	39	3822
XML-1/alignment_XML1-2500-0.02-8E-5-100-7.fa	XML-1	36	3822
XML-1/alignment_XML1-2500-0.02-8E-5-100-8.fa	XML-1	29	3822
XML-1/alignment_XML1-2500-0.02-8E-5-100-9.fa	XML-1	42	3822
XML-1/alignment_XML1-2500-0.02-8E-5-200-1.fa	XML-1	74	3822
XML-1/alignment_XML1-2500-0.02-8E-5-200-10.fa	XML-1	51	3822
XML-1/alignment_XML1-2500-0.02-8E-5-200-11.fa	XML-1	46	3822
XML-1/alignment_XML1-2500-0.02-8E-5-200-12.fa	XML-1	49	3822
XML-1/alignment_XML1-2500-0.02-8E-5-200-13.fa	XML-1	59	3822
XML-1/alignment_XML1-2500-0.02-8E-5-200-14.fa	XML-1	61	3822
XML-1/alignment_XML1-2500-0.02-8E-5-200-15.fa	XML-1	58	3822
XML-1/alignment_XML1-2500-0.02-8E-5-200-2.fa	XML-1	74	3822
XML-1/alignment_XML1-2500-0.02-8E-5-200-3.fa	XML-1	60	3822
XML-1/alignment_XML1-2500-0.02-8E-5-200-4.fa	XML-1	56	3822
XML-1/alignment_XML1-2500-0.02-8E-5-200-5.fa	XML-1	61	3822
XML-1/alignment_XML1-2500-0.02-8E-5-200-6.fa	XML-1	51	3822
XML-1/alignment_XML1-2500-0.02-8E-5-200-7.fa	XML-1	62	3822
XML-1/alignment_XML1-2500-0.02-8E-5-200-8.fa	XML-1	61	3822
XML-1/alignment_XML1-2500-0.02-8E-5-200-9.fa	XML-1	47	3822
XML-1/alignment_XML1-2500-0.02-8E-5-50-1.fa	XML-1	33	3822
XML-1/alignment_XML1-2500-0.02-8E-5-50-10.fa	XML-1	29	3822
XML-1/alignment_XML1-2500-0.02-8E-5-50-11.fa	XML-1	35	3822
XML-1/alignment_XML1-2500-0.02-8E-5-50-12.fa	XML-1	20	3822
XML-1/alignment_XML1-2500-0.02-8E-5-50-13.fa	XML-1	36	3822
XML-1/alignment_XML1-2500-0.02-8E-5-50-14.fa	XML-1	28	3822
XML-1/alignment_XML1-2500-0.02-8E-5-50-15.fa	XML-1	28	3822
XML-1/alignment_XML1-2500-0.02-8E-5-50-2.fa	XML-1	35	3822
XML-1/alignment_XML1-2500-0.02-8E-5-50-3.fa	XML-1	27	3822
XML-1/alignment_XML1-2500-0.02-8E-5-50-4.fa	XML-1	24	3822
XML-1/alignment_XML1-2500-0.02-8E-5-50-5.fa	XML-1	27	3822
XML-1/alignment_XML1-2500-0.02-8E-5-50-6.fa	XML-1	34	3822
XML-1/alignment_XML1-2500-0.02-8E-5-50-7.fa	XML-1	30	3822
XML-1/alignment_XML1-2500-0.02-8E-5-50-8.fa	XML-1	35	3822
XML-1/alignment_XML1-2500-0.02-8E-5-50-9.fa	XML-1	21	3822
XML-1/alignment_XML1-3250-0.005-12E-5-100-1.fa	XML-1	17	3822
XML-1/alignment_XML1-3250-0.005-12E-5-100-10.fa	XML-1	6	3822
XML-1/alignment_XML1-3250-0.005-12E-5-100-11.fa	XML-1	9	3822
XML-1/alignment_XML1-3250-0.005-12E-5-100-12.fa	XML-1	20	3822
XML-1/alignment_XML1-3250-0.005-12E-5-100-13.fa	XML-1	10	3822
XML-1/alignment_XML1-3250-0.005-12E-5-100-14.fa	XML-1	9	3822
XML-1/alignment_XML1-3250-0.005-12E-5-100-15.fa	XML-1	15	3822
XML-1/alignment_XML1-3250-0.005-12E-5-100-2.fa	XML-1	13	3822
XML-1/alignment_XML1-3250-0.005-12E-5-100-3.fa	XML-1	11	3822
XML-1/alignment_XML1-3250-0.005-12E-5-100-4.fa	XML-1	7	3822
XML-1/alignment_XML1-3250-0.005-12E-5-100-5.fa	XML-1	19	3822
XML-1/alignment_XML1-3250-0.005-12E-5-100-6.fa	XML-1	10	3822
XML-1/alignment_XML1-3250-0.005-12E-5-100-7.fa	XML-1	8	3822
XML-1/alignment_XML1-3250-0.005-12E-5-100-8.fa	XML-1	11	3822
XML-1/alignment_XML1-3250-0.005-12E-5-100-9.fa	XML-1	12	3822
XML-1/alignment_XML1-3250-0.005-12E-5-200-1.fa	XML-1	23	3822
XML-1/alignment_XML1-3250-0.005-12E-5-200-10.fa	XML-1	17	3822
XML-1/alignment_XML1-3250-0.005-12E-5-200-11.fa	XML-1	9	3822
XML-1/alignment_XML1-3250-0.005-12E-5-200-12.fa	XML-1	14	3822
XML-1/alignment_XML1-3250-0.005-12E-5-200-13.fa	XML-1	21	3822
XML-1/alignment_XML1-3250-0.005-12E-5-200-14.fa	XML-1	17	3822
XML-1/alignment_XML1-3250-0.005-12E-5-200-15.fa	XML-1	19	3822
XML-1/alignment_XML1-3250-0.005-12E-5-200-2.fa	XML-1	15	3822
XML-1/alignment_XML1-3250-0.005-12E-5-200-3.fa	XML-1	18	3822
XML-1/alignment_XML1-3250-0.005-12E-5-200-4.fa	XML-1	24	3822
XML-1/alignment_XML1-3250-0.005-12E-5-200-5.fa	XML-1	12	3822
XML-1/alignment_XML1-3250-0.005-12E-5-200-6.fa	XML-1	16	3822
XML-1/alignment_XML1-3250-0.005-12E-5-200-7.fa	XML-1	16	3822
XML-1/alignment_XML1-3250-0.005-12E-5-200-8.fa	XML-1	24	3822
XML-1/alignment_XML1-3250-0.005-12E-5-200-9.fa	XML-1	17	3822
XML-1/alignment_XML1-3250-0.005-12E-5-50-1.fa	XML-1	11	3822
XML-1/alignment_XML1-3250-0.005-12E-5-50-10.fa	XML-1	8	3822
XML-1/alignment_XML1-3250-0.005-12E-5-50-11.fa	XML-1	8	3822
XML-1/alignment_XML1-3250-0.005-12E-5-50-12.fa	XML-1	20	3822
XML-1/alignment_XML1-3250-0.005-12E-5-50-13.fa	XML-1	17	3822
XML-1/alignment_XML1-3250-0.005-12E-5-50-14.fa	XML-1	6	3822
XML-1/alignment_XML1-3250-0.005-12E-5-50-15.fa	XML-1	17	3822
XML-1/alignment_XML1-3250-0.005-12E-5-50-2.fa	XML-1	10	3822
XML-1/alignment_XML1-3250-0.005-12E-5-50-3.fa	XML-1	12	3822
XML-1/alignment_XML1-3250-0.005-12E-5-50-4.fa	XML-1	6	3822
XML-1/alignment_XML1-3250-0.005-12E-5-50-5.fa	XML-1	9	3822
XML-1/alignment_XML1-3250-0.005-12E-5-50-6.fa	XML-1	7	3822
XML-1/alignment_XML1-3250-0.005-12E-5-50-7.fa	XML-1	14	3822
XML-1/alignment_XML1-3250-0.005-12E-5-50-8.fa	XML-1	10	3822
XML-1/alignment_XML1-3250-0.005-12E-5-50-9.fa	XML-1	11	3822
XML-1/alignment_XML1-3250-0.005-4E-5-100-1.fa	XML-1	15	3822
XML-1/alignment_XML1-3250-0.005-4E-5-100-10.fa	XML-1	11	3822
XML-1/alignment_XML1-3250-0.005-4E-5-100-11.fa	XML-1	16	3822
XML-1/alignment_XML1-3250-0.005-4E-5-100-12.fa	XML-1	8	3822
XML-1/alignment_XML1-3250-0.005-4E-5-100-13.fa	XML-1	11	3822
XML-1/alignment_XML1-3250-0.005-4E-5-100-14.fa	XML-1	12	3822
XML-1/alignment_XML1-3250-0.005-4E-5-100-15.fa	XML-1	13	3822
XML-1/alignment_XML1-3250-0.005-4E-5-100-2.fa	XML-1	13	3822
XML-1/alignment_XML1-3250-0.005-4E-5-100-3.fa	XML-1	5	3822
XML-1/alignment_XML1-3250-0.005-4E-5-100-4.fa	XML-1	12	3822
XML-1/alignment_XML1-3250-0.005-4E-5-100-5.fa	XML-1	8	3822
XML-1/alignment_XML1-3250-0.005-4E-5-100-6.fa	XML-1	20	3822
XML-1/alignment_XML1-3250-0.005-4E-5-100-7.fa	XML-1	14	3822
XML-1/alignment_XML1-3250-0.005-4E-5-100-8.fa	XML-1	5	1425
XML-1/alignment_XML1-3250-0.005-4E-5-100-9.fa	XML-1	22	3822
XML-1/alignment_XML1-3250-0.005-4E-5-200-1.fa	XML-1	12	3822
XML-1/alignment_XML1-3250-0.005-4E-5-200-10.fa	XML-1	21	3822
XML-1/alignment_XML1-3250-0.005-4E-5-200-11.fa	XML-1	20	3822
XML-1/alignment_XML1-3250-0.005-4E-5-200-12.fa	XML-1	18	3822
XML-1/alignment_XML1-3250-0.005-4E-5-200-13.fa	XML-1	20	3822
XML-1/alignment_XML1-3250-0.005-4E-5-200-14.fa	XML-1	11	3822
XML-1/alignment_XML1-3250-0.005-4E-5-200-15.fa	XML-1	11	3822
XML-1/alignment_XML1-3250-0.005-4E-5-200-2.fa	XML-1	27	3822
XML-1/alignment_XML1-3250-0.005-4E-5-200-3.fa	XML-1	15	3822
XML-1/alignment_XML1-3250-0.005-4E-5-200-4.fa	XML-1	21	3822
XML-1/alignment_XML1-3250-0.005-4E-5-200-5.fa	XML-1	23	3822
XML-1/alignment_XML1-3250-0.005-4E-5-200-6.fa	XML-1	18	3822
XML-1/alignment_XML1-3250-0.005-4E-5-200-7.fa	XML-1	25	3822
XML-1/alignment_XML1-3250-0.005-4E-5-200-8.fa	XML-1	16	3822
XML-1/alignment_XML1-3250-0.005-4E-5-200-9.fa	XML-1	16	3822
XML-1/alignment_XML1-3250-0.005-4E-5-50-1.fa	XML-1	8	3822
XML-1/alignment_XML1-3250-0.005-4E-5-50-10.fa	XML-1	13	3822
XML-1/alignment_XML1-3250-0.005-4E-5-50-11.fa	XML-1	12	3822
XML-1/alignment_XML1-3250-0.005-4E-5-50-12.fa	XML-1	7	3822
XML-1/alignment_XML1-3250-0.005-4E-5-50-13.fa	XML-1	7	3822
XML-1/alignment_XML1-3250-0.005-4E-5-50-14.fa	XML-1	10	3822
XML-1/alignment_XML1-3250-0.005-4E-5-50-15.fa	XML-1	6	3822
XML-1/alignment_XML1-3250-0.005-4E-5-50-2.fa	XML-1	5	3822
XML-1/alignment_XML1-3250-0.005-4E-5-50-3.fa	XML-1	7	3822
XML-1/alignment_XML1-3250-0.005-4E-5-50-4.fa	XML-1	7	3822
XML-1/alignment_XML1-3250-0.005-4E-5-50-5.fa	XML-1	9	3822
XML-1/alignment_XML1-3250-0.005-4E-5-50-6.fa	XML-1	8	3771
XML-1/alignment_XML1-3250-0.005-4E-5-50-7.fa	XML-1	6	3822
XML-1/alignment_XML1-3250-0.005-4E-5-50-8.fa	XML-1	9	3822
XML-1/alignment_XML1-3250-0.005-4E-5-50-9.fa	XML-1	10	3822
XML-1/alignment_XML1-3250-0.005-8E-5-100-1.fa	XML-1	13	3822
XML-1/alignment_XML1-3250-0.005-8E-5-100-10.fa	XML-1	7	3822
XML-1/alignment_XML1-3250-0.005-8E-5-100-11.fa	XML-1	6	2625
XML-1/alignment_XML1-3250-0.005-8E-5-100-12.fa	XML-1	11	3822
XML-1/alignment_XML1-3250-0.005-8E-5-100-13.fa	XML-1	9	3822
XML-1/alignment_XML1-3250-0.005-8E-5-100-14.fa	XML-1	12	3822
XML-1/alignment_XML1-3250-0.005-8E-5-100-15.fa	XML-1	8	3822
XML-1/alignment_XML1-3250-0.005-8E-5-100-2.fa	XML-1	14	3816
XML-1/alignment_XML1-3250-0.005-8E-5-100-3.fa	XML-1	14	3822
XML-1/alignment_XML1-3250-0.005-8E-5-100-4.fa	XML-1	13	3672
XML-1/alignment_XML1-3250-0.005-8E-5-100-5.fa	XML-1	22	3822
XML-1/alignment_XML1-3250-0.005-8E-5-100-6.fa	XML-1	16	3822
XML-1/alignment_XML1-3250-0.005-8E-5-100-7.fa	XML-1	12	3822
XML-1/alignment_XML1-3250-0.005-8E-5-100-8.fa	XML-1	16	3822
XML-1/alignment_XML1-3250-0.005-8E-5-100-9.fa	XML-1	9	3822
XML-1/alignment_XML1-3250-0.005-8E-5-200-1.fa	XML-1	8	3822
XML-1/alignment_XML1-3250-0.005-8E-5-200-10.fa	XML-1	11	3822
XML-1/alignment_XML1-3250-0.005-8E-5-200-11.fa	XML-1	29	3822
XML-1/alignment_XML1-3250-0.005-8E-5-200-12.fa	XML-1	8	3822
XML-1/alignment_XML1-3250-0.005-8E-5-200-13.fa	XML-1	9	3822
XML-1/alignment_XML1-3250-0.005-8E-5-200-14.fa	XML-1	27	3822
XML-1/alignment_XML1-3250-0.005-8E-5-200-15.fa	XML-1	17	3822
XML-1/alignment_XML1-3250-0.005-8E-5-200-2.fa	XML-1	24	3822
XML-1/alignment_XML1-3250-0.005-8E-5-200-3.fa	XML-1	18	3822
XML-1/alignment_XML1-3250-0.005-8E-5-200-4.fa	XML-1	17	3822
XML-1/alignment_XML1-3250-0.005-8E-5-200-5.fa	XML-1	12	3822
XML-1/alignment_XML1-3250-0.005-8E-5-200-6.fa	XML-1	6	3822
XML-1/alignment_XML1-3250-0.005-8E-5-200-7.fa	XML-1	20	3822
XML-1/alignment_XML1-3250-0.005-8E-5-200-8.fa	XML-1	30	3822
XML-1/alignment_XML1-3250-0.005-8E-5-200-9.fa	XML-1	15	3822
XML-1/alignment_XML1-3250-0.005-8E-5-50-1.fa	XML-1	18	3822
XML-1/alignment_XML1-3250-0.005-8E-5-50-10.fa	XML-1	9	3822
XML-1/alignment_XML1-3250-0.005-8E-5-50-11.fa	XML-1	7	3822
XML-1/alignment_XML1-3250-0.005-8E-5-50-12.fa	XML-1	9	3822
XML-1/alignment_XML1-3250-0.005-8E-5-50-13.fa	XML-1	7	3822
XML-1/alignment_XML1-3250-0.005-8E-5-50-14.fa	XML-1	9	3822
XML-1/alignment_XML1-3250-0.005-8E-5-50-15.fa	XML-1	5	3822
XML-1/alignment_XML1-3250-0.005-8E-5-50-2.fa	XML-1	11	3822
XML-1/alignment_XML1-3250-0.005-8E-5-50-3.fa	XML-1	9	3822
XML-1/alignment_XML1-3250-0.005-8E-5-50-4.fa	XML-1	6	3822
XML-1/alignment_XML1-3250-0.005-8E-5-50-5.fa	XML-1	13	3822
XML-1/alignment_XML1-3250-0.005-8E-5-50-6.fa	XML-1	20	3822
XML-1/alignment_XML1-3250-0.005-8E-5-50-7.fa	XML-1	8	3822
XML-1/alignment_XML1-3250-0.005-8E-5-50-8.fa	XML-1	8	3822
XML-1/alignment_XML1-3250-0.005-8E-5-50-9.fa	XML-1	15	3822
XML-1/alignment_XML1-3250-0.01-12E-5-100-1.fa	XML-1	31	3822
XML-1/alignment_XML1-3250-0.01-12E-5-100-10.fa	XML-1	21	3822
XML-1/alignment_XML1-3250-0.01-12E-5-100-11.fa	XML-1	22	3822
XML-1/alignment_XML1-3250-0.01-12E-5-100-12.fa	XML-1	28	3822
XML-1/alignment_XML1-3250-0.01-12E-5-100-13.fa	XML-1	19	3822
XML-1/alignment_XML1-3250-0.01-12E-5-100-14.fa	XML-1	29	3822
XML-1/alignment_XML1-3250-0.01-12E-5-100-15.fa	XML-1	30	3822
XML-1/alignment_XML1-3250-0.01-12E-5-100-2.fa	XML-1	20	3822
XML-1/alignment_XML1-3250-0.01-12E-5-100-3.fa	XML-1	29	3822
XML-1/alignment_XML1-3250-0.01-12E-5-100-4.fa	XML-1	14	3822
XML-1/alignment_XML1-3250-0.01-12E-5-100-5.fa	XML-1	16	3822
XML-1/alignment_XML1-3250-0.01-12E-5-100-6.fa	XML-1	27	3822
XML-1/alignment_XML1-3250-0.01-12E-5-100-7.fa	XML-1	19	3822
XML-1/alignment_XML1-3250-0.01-12E-5-100-8.fa	XML-1	26	3822
XML-1/alignment_XML1-3250-0.01-12E-5-100-9.fa	XML-1	23	3822
XML-1/alignment_XML1-3250-0.01-12E-5-200-1.fa	XML-1	33	3822
XML-1/alignment_XML1-3250-0.01-12E-5-200-10.fa	XML-1	23	3822
XML-1/alignment_XML1-3250-0.01-12E-5-200-11.fa	XML-1	33	3822
XML-1/alignment_XML1-3250-0.01-12E-5-200-12.fa	XML-1	33	3822
XML-1/alignment_XML1-3250-0.01-12E-5-200-13.fa	XML-1	37	3822
XML-1/alignment_XML1-3250-0.01-12E-5-200-14.fa	XML-1	35	3822
XML-1/alignment_XML1-3250-0.01-12E-5-200-15.fa	XML-1	28	3822
XML-1/alignment_XML1-3250-0.01-12E-5-200-2.fa	XML-1	41	3822
XML-1/alignment_XML1-3250-0.01-12E-5-200-3.fa	XML-1	24	3822
XML-1/alignment_XML1-3250-0.01-12E-5-200-4.fa	XML-1	36	3822
XML-1/alignment_XML1-3250-0.01-12E-5-200-5.fa	XML-1	36	3822
XML-1/alignment_XML1-3250-0.01-12E-5-200-6.fa	XML-1	33	3822
XML-1/alignment_XML1-3250-0.01-12E-5-200-7.fa	XML-1	44	3822
XML-1/alignment_XML1-3250-0.01-12E-5-200-8.fa	XML-1	39	3822
XML-1/alignment_XML1-3250-0.01-12E-5-200-9.fa	XML-1	38	3822
XML-1/alignment_XML1-3250-0.01-12E-5-50-1.fa	XML-1	13	3822
XML-1/alignment_XML1-3250-0.01-12E-5-50-10.fa	XML-1	14	3822
XML-1/alignment_XML1-3250-0.01-12E-5-50-11.fa	XML-1	10	3822
XML-1/alignment_XML1-3250-0.01-12E-5-50-12.fa	XML-1	29	3822
XML-1/alignment_XML1-3250-0.01-12E-5-50-13.fa	XML-1	13	3822
XML-1/alignment_XML1-3250-0.01-12E-5-50-14.fa	XML-1	17	3822
XML-1/alignment_XML1-3250-0.01-12E-5-50-15.fa	XML-1	11	3822
XML-1/alignment_XML1-3250-0.01-12E-5-50-2.fa	XML-1	16	3822
XML-1/alignment_XML1-3250-0.01-12E-5-50-3.fa	XML-1	9	3822
XML-1/alignment_XML1-3250-0.01-12E-5-50-4.fa	XML-1	14	3822
XML-1/alignment_XML1-3250-0.01-12E-5-50-5.fa	XML-1	17	3822
XML-1/alignment_XML1-3250-0.01-12E-5-50-6.fa	XML-1	14	3822
XML-1/alignment_XML1-3250-0.01-12E-5-50-7.fa	XML-1	17	3822
XML-1/alignment_XML1-3250-0.01-12E-5-50-8.fa	XML-1	12	3822
XML-1/alignment_XML1-3250-0.01-12E-5-50-9.fa	XML-1	24	3822
XML-1/alignment_XML1-3250-0.01-4E-5-100-1.fa	XML-1	14	3822
XML-1/alignment_XML1-3250-0.01-4E-5-100-10.fa	XML-1	25	3822
XML-1/alignment_XML1-3250-0.01-4E-5-100-11.fa	XML-1	18	3822
XML-1/alignment_XML1-3250-0.01-4E-5-100-12.fa	XML-1	28	3822
XML-1/alignment_XML1-3250-0.01-4E-5-100-13.fa	XML-1	23	3822
XML-1/alignment_XML1-3250-0.01-4E-5-100-14.fa	XML-1	22	3822
XML-1/alignment_XML1-3250-0.01-4E-5-100-15.fa	XML-1	26	3822
XML-1/alignment_XML1-3250-0.01-4E-5-100-2.fa	XML-1	16	3822
XML-1/alignment_XML1-3250-0.01-4E-5-100-3.fa	XML-1	27	3822
XML-1/alignment_XML1-3250-0.01-4E-5-100-4.fa	XML-1	21	3822
XML-1/alignment_XML1-3250-0.01-4E-5-100-5.fa	XML-1	24	3822
XML-1/alignment_XML1-3250-0.01-4E-5-100-6.fa	XML-1	35	3822
XML-1/alignment_XML1-3250-0.01-4E-5-100-7.fa	XML-1	22	3822
XML-1/alignment_XML1-3250-0.01-4E-5-100-8.fa	XML-1	16	3822
XML-1/alignment_XML1-3250-0.01-4E-5-100-9.fa	XML-1	22	3822
XML-1/alignment_XML1-3250-0.01-4E-5-200-1.fa	XML-1	37	3822
XML-1/alignment_XML1-3250-0.01-4E-5-200-10.fa	XML-1	32	3822
XML-1/alignment_XML1-3250-0.01-4E-5-200-11.fa	XML-1	37	3822
XML-1/alignment_XML1-3250-0.01-4E-5-200-12.fa	XML-1	32	3822
XML-1/alignment_XML1-3250-0.01-4E-5-200-13.fa	XML-1	28	3822
XML-1/alignment_XML1-3250-0.01-4E-5-200-14.fa	XML-1	18	3822
XML-1/alignment_XML1-3250-0.01-4E-5-200-15.fa	XML-1	24	3822
XML-1/alignment_XML1-3250-0.01-4E-5-200-2.fa	XML-1	30	3822
XML-1/alignment_XML1-3250-0.01-4E-5-200-3.fa	XML-1	26	3822
XML-1/alignment_XML1-3250-0.01-4E-5-200-4.fa	XML-1	27	3822
XML-1/alignment_XML1-3250-0.01-4E-5-200-5.fa	XML-1	30	3822
XML-1/alignment_XML1-3250-0.01-4E-5-200-6.fa	XML-1	30	3822
XML-1/alignment_XML1-3250-0.01-4E-5-200-7.fa	XML-1	36	3822
XML-1/alignment_XML1-3250-0.01-4E-5-200-8.fa	XML-1	39	3822
XML-1/alignment_XML1-3250-0.01-4E-5-200-9.fa	XML-1	17	3822
XML-1/alignment_XML1-3250-0.01-4E-5-50-1.fa	XML-1	11	3822
XML-1/alignment_XML1-3250-0.01-4E-5-50-10.fa	XML-1	20	3822
XML-1/alignment_XML1-3250-0.01-4E-5-50-11.fa	XML-1	9	3822
XML-1/alignment_XML1-3250-0.01-4E-5-50-12.fa	XML-1	26	3822
XML-1/alignment_XML1-3250-0.01-4E-5-50-13.fa	XML-1	22	3822
XML-1/alignment_XML1-3250-0.01-4E-5-50-14.fa	XML-1	16	3822
XML-1/alignment_XML1-3250-0.01-4E-5-50-15.fa	XML-1	15	3822
XML-1/alignment_XML1-3250-0.01-4E-5-50-2.fa	XML-1	25	3822
XML-1/alignment_XML1-3250-0.01-4E-5-50-3.fa	XML-1	20	3822
XML-1/alignment_XML1-3250-0.01-4E-5-50-4.fa	XML-1	13	3822
XML-1/alignment_XML1-3250-0.01-4E-5-50-5.fa	XML-1	17	3822
XML-1/alignment_XML1-3250-0.01-4E-5-50-6.fa	XML-1	15	3822
XML-1/alignment_XML1-3250-0.01-4E-5-50-7.fa	XML-1	16	3822
XML-1/alignment_XML1-3250-0.01-4E-5-50-8.fa	XML-1	10	3822
XML-1/alignment_XML1-3250-0.01-4E-5-50-9.fa	XML-1	9	3822
XML-1/alignment_XML1-3250-0.01-8E-5-100-1.fa	XML-1	27	3822
XML-1/alignment_XML1-3250-0.01-8E-5-100-10.fa	XML-1	24	3822
XML-1/alignment_XML1-3250-0.01-8E-5-100-11.fa	XML-1	26	3822
XML-1/alignment_XML1-3250-0.01-8E-5-100-12.fa	XML-1	28	3822
XML-1/alignment_XML1-3250-0.01-8E-5-100-13.fa	XML-1	29	3822
XML-1/alignment_XML1-3250-0.01-8E-5-100-14.fa	XML-1	14	3822
XML-1/alignment_XML1-3250-0.01-8E-5-100-15.fa	XML-1	36	3822
XML-1/alignment_XML1-3250-0.01-8E-5-100-2.fa	XML-1	33	3822
XML-1/alignment_XML1-3250-0.01-8E-5-100-3.fa	XML-1	25	3822
XML-1/alignment_XML1-3250-0.01-8E-5-100-4.fa	XML-1	30	3822
XML-1/alignment_XML1-3250-0.01-8E-5-100-5.fa	XML-1	35	3822
XML-1/alignment_XML1-3250-0.01-8E-5-100-6.fa	XML-1	18	3822
XML-1/alignment_XML1-3250-0.01-8E-5-100-7.fa	XML-1	17	3822
XML-1/alignment_XML1-3250-0.01-8E-5-100-8.fa	XML-1	22	3822
XML-1/alignment_XML1-3250-0.01-8E-5-100-9.fa	XML-1	30	3822
XML-1/alignment_XML1-3250-0.01-8E-5-200-1.fa	XML-1	44	3822
XML-1/alignment_XML1-3250-0.01-8E-5-200-10.fa	XML-1	41	3822
XML-1/alignment_XML1-3250-0.01-8E-5-200-11.fa	XML-1	46	3822
XML-1/alignment_XML1-3250-0.01-8E-5-200-12.fa	XML-1	45	3822
XML-1/alignment_XML1-3250-0.01-8E-5-200-13.fa	XML-1	49	3822
XML-1/alignment_XML1-3250-0.01-8E-5-200-14.fa	XML-1	24	3822
XML-1/alignment_XML1-3250-0.01-8E-5-200-15.fa	XML-1	21	3822
XML-1/alignment_XML1-3250-0.01-8E-5-200-2.fa	XML-1	32	3822
XML-1/alignment_XML1-3250-0.01-8E-5-200-3.fa	XML-1	32	3822
XML-1/alignment_XML1-3250-0.01-8E-5-200-4.fa	XML-1	20	3822
XML-1/alignment_XML1-3250-0.01-8E-5-200-5.fa	XML-1	24	3822
XML-1/alignment_XML1-3250-0.01-8E-5-200-6.fa	XML-1	24	3822
XML-1/alignment_XML1-3250-0.01-8E-5-200-7.fa	XML-1	41	3822
XML-1/alignment_XML1-3250-0.01-8E-5-200-8.fa	XML-1	43	3822
XML-1/alignment_XML1-3250-0.01-8E-5-200-9.fa	XML-1	29	3822
XML-1/alignment_XML1-3250-0.01-8E-5-50-1.fa	XML-1	19	3822
XML-1/alignment_XML1-3250-0.01-8E-5-50-10.fa	XML-1	28	3822
XML-1/alignment_XML1-3250-0.01-8E-5-50-11.fa	XML-1	17	3822
XML-1/alignment_XML1-3250-0.01-8E-5-50-12.fa	XML-1	19	3822
XML-1/alignment_XML1-3250-0.01-8E-5-50-13.fa	XML-1	22	3822
XML-1/alignment_XML1-3250-0.01-8E-5-50-14.fa	XML-1	21	3822
XML-1/alignment_XML1-3250-0.01-8E-5-50-15.fa	XML-1	20	3822
XML-1/alignment_XML1-3250-0.01-8E-5-50-2.fa	XML-1	11	3822
XML-1/alignment_XML1-3250-0.01-8E-5-50-3.fa	XML-1	22	3822
XML-1/alignment_XML1-3250-0.01-8E-5-50-4.fa	XML-1	12	3822
XML-1/alignment_XML1-3250-0.01-8E-5-50-5.fa	XML-1	25	3822
XML-1/alignment_XML1-3250-0.01-8E-5-50-6.fa	XML-1	18	3822
XML-1/alignment_XML1-3250-0.01-8E-5-50-7.fa	XML-1	15	3822
XML-1/alignment_XML1-3250-0.01-8E-5-50-8.fa	XML-1	15	3822
XML-1/alignment_XML1-3250-0.01-8E-5-50-9.fa	XML-1	16	3822
XML-1/alignment_XML1-3250-0.02-12E-5-100-1.fa	XML-1	50	3822
XML-1/alignment_XML1-3250-0.02-12E-5-100-10.fa	XML-1	32	3822
XML-1/alignment_XML1-3250-0.02-12E-5-100-11.fa	XML-1	54	3822
XML-1/alignment_XML1-3250-0.02-12E-5-100-12.fa	XML-1	48	3822
XML-1/alignment_XML1-3250-0.02-12E-5-100-13.fa	XML-1	49	3822
XML-1/alignment_XML1-3250-0.02-12E-5-100-14.fa	XML-1	31	3822
XML-1/alignment_XML1-3250-0.02-12E-5-100-15.fa	XML-1	36	3822
XML-1/alignment_XML1-3250-0.02-12E-5-100-2.fa	XML-1	52	3822
XML-1/alignment_XML1-3250-0.02-12E-5-100-3.fa	XML-1	53	3822
XML-1/alignment_XML1-3250-0.02-12E-5-100-4.fa	XML-1	38	3822
XML-1/alignment_XML1-3250-0.02-12E-5-100-5.fa	XML-1	53	3822
XML-1/alignment_XML1-3250-0.02-12E-5-100-6.fa	XML-1	31	3822
XML-1/alignment_XML1-3250-0.02-12E-5-100-7.fa	XML-1	53	3822
XML-1/alignment_XML1-3250-0.02-12E-5-100-8.fa	XML-1	49	3822
XML-1/alignment_XML1-3250-0.02-12E-5-100-9.fa	XML-1	52	3822
XML-1/alignment_XML1-3250-0.02-12E-5-200-1.fa	XML-1	49	3822
XML-1/alignment_XML1-3250-0.02-12E-5-200-10.fa	XML-1	62	3822
XML-1/alignment_XML1-3250-0.02-12E-5-200-11.fa	XML-1	83	3822
XML-1/alignment_XML1-3250-0.02-12E-5-200-12.fa	XML-1	62	3822
XML-1/alignment_XML1-3250-0.02-12E-5-200-13.fa	XML-1	90	3822
XML-1/alignment_XML1-3250-0.02-12E-5-200-14.fa	XML-1	76	3822
XML-1/alignment_XML1-3250-0.02-12E-5-200-15.fa	XML-1	62	3822
XML-1/alignment_XML1-3250-0.02-12E-5-200-2.fa	XML-1	54	3822
XML-1/alignment_XML1-3250-0.02-12E-5-200-3.fa	XML-1	53	3822
XML-1/alignment_XML1-3250-0.02-12E-5-200-4.fa	XML-1	60	3822
XML-1/alignment_XML1-3250-0.02-12E-5-200-5.fa	XML-1	85	3822
XML-1/alignment_XML1-3250-0.02-12E-5-200-6.fa	XML-1	64	3822
XML-1/alignment_XML1-3250-0.02-12E-5-200-7.fa	XML-1	51	3822
XML-1/alignment_XML1-3250-0.02-12E-5-200-8.fa	XML-1	64	3822
XML-1/alignment_XML1-3250-0.02-12E-5-200-9.fa	XML-1	72	3822
XML-1/alignment_XML1-3250-0.02-12E-5-50-1.fa	XML-1	30	3822
XML-1/alignment_XML1-3250-0.02-12E-5-50-10.fa	XML-1	34	3822
XML-1/alignment_XML1-3250-0.02-12E-5-50-11.fa	XML-1	25	3822
XML-1/alignment_XML1-3250-0.02-12E-5-50-12.fa	XML-1	27	3822
XML-1/alignment_XML1-3250-0.02-12E-5-50-13.fa	XML-1	33	3822
XML-1/alignment_XML1-3250-0.02-12E-5-50-14.fa	XML-1	37	3822
XML-1/alignment_XML1-3250-0.02-12E-5-50-15.fa	XML-1	32	3822
XML-1/alignment_XML1-3250-0.02-12E-5-50-2.fa	XML-1	39	3822
XML-1/alignment_XML1-3250-0.02-12E-5-50-3.fa	XML-1	29	3822
XML-1/alignment_XML1-3250-0.02-12E-5-50-4.fa	XML-1	18	3822
XML-1/alignment_XML1-3250-0.02-12E-5-50-5.fa	XML-1	37	3822
XML-1/alignment_XML1-3250-0.02-12E-5-50-6.fa	XML-1	25	3822
XML-1/alignment_XML1-3250-0.02-12E-5-50-7.fa	XML-1	36	3822
XML-1/alignment_XML1-3250-0.02-12E-5-50-8.fa	XML-1	28	3822
XML-1/alignment_XML1-3250-0.02-12E-5-50-9.fa	XML-1	28	3822
XML-1/alignment_XML1-3250-0.02-4E-5-100-1.fa	XML-1	46	3822
XML-1/alignment_XML1-3250-0.02-4E-5-100-10.fa	XML-1	60	3822
XML-1/alignment_XML1-3250-0.02-4E-5-100-11.fa	XML-1	38	3822
XML-1/alignment_XML1-3250-0.02-4E-5-100-12.fa	XML-1	38	3822
XML-1/alignment_XML1-3250-0.02-4E-5-100-13.fa	XML-1	38	3822
XML-1/alignment_XML1-3250-0.02-4E-5-100-14.fa	XML-1	26	3822
XML-1/alignment_XML1-3250-0.02-4E-5-100-15.fa	XML-1	41	3822
XML-1/alignment_XML1-3250-0.02-4E-5-100-2.fa	XML-1	37	3822
XML-1/alignment_XML1-3250-0.02-4E-5-100-3.fa	XML-1	50	3822
XML-1/alignment_XML1-3250-0.02-4E-5-100-4.fa	XML-1	50	3822
XML-1/alignment_XML1-3250-0.02-4E-5-100-5.fa	XML-1	64	3822
XML-1/alignment_XML1-3250-0.02-4E-5-100-6.fa	XML-1	40	3822
XML-1/alignment_XML1-3250-0.02-4E-5-100-7.fa	XML-1	47	3822
XML-1/alignment_XML1-3250-0.02-4E-5-100-8.fa	XML-1	45	3822
XML-1/alignment_XML1-3250-0.02-4E-5-100-9.fa	XML-1	35	3822
XML-1/alignment_XML1-3250-0.02-4E-5-200-1.fa	XML-1	56	3822
XML-1/alignment_XML1-3250-0.02-4E-5-200-10.fa	XML-1	43	3822
XML-1/alignment_XML1-3250-0.02-4E-5-200-11.fa	XML-1	42	3822
XML-1/alignment_XML1-3250-0.02-4E-5-200-12.fa	XML-1	67	3822
XML-1/alignment_XML1-3250-0.02-4E-5-200-13.fa	XML-1	42	3822
XML-1/alignment_XML1-3250-0.02-4E-5-200-14.fa	XML-1	56	3822
XML-1/alignment_XML1-3250-0.02-4E-5-200-15.fa	XML-1	66	3822
XML-1/alignment_XML1-3250-0.02-4E-5-200-2.fa	XML-1	54	3822
XML-1/alignment_XML1-3250-0.02-4E-5-200-3.fa	XML-1	52	3822
XML-1/alignment_XML1-3250-0.02-4E-5-200-4.fa	XML-1	59	3822
XML-1/alignment_XML1-3250-0.02-4E-5-200-5.fa	XML-1	49	3822
XML-1/alignment_XML1-3250-0.02-4E-5-200-6.fa	XML-1	57	3822
XML-1/alignment_XML1-3250-0.02-4E-5-200-7.fa	XML-1	51	3822
XML-1/alignment_XML1-3250-0.02-4E-5-200-8.fa	XML-1	76	3822
XML-1/alignment_XML1-3250-0.02-4E-5-200-9.fa	XML-1	63	3822
XML-1/alignment_XML1-3250-0.02-4E-5-50-1.fa	XML-1	24	3822
XML-1/alignment_XML1-3250-0.02-4E-5-50-10.fa	XML-1	22	3822
XML-1/alignment_XML1-3250-0.02-4E-5-50-11.fa	XML-1	26	3822
XML-1/alignment_XML1-3250-0.02-4E-5-50-12.fa	XML-1	23	3822
XML-1/alignment_XML1-3250-0.02-4E-5-50-13.fa	XML-1	26	3822
XML-1/alignment_XML1-3250-0.02-4E-5-50-14.fa	XML-1	16	3822
XML-1/alignment_XML1-3250-0.02-4E-5-50-15.fa	XML-1	23	3822
XML-1/alignment_XML1-3250-0.02-4E-5-50-2.fa	XML-1	41	3822
XML-1/alignment_XML1-3250-0.02-4E-5-50-3.fa	XML-1	24	3822
XML-1/alignment_XML1-3250-0.02-4E-5-50-4.fa	XML-1	34	3822
XML-1/alignment_XML1-3250-0.02-4E-5-50-5.fa	XML-1	28	3822
XML-1/alignment_XML1-3250-0.02-4E-5-50-6.fa	XML-1	36	3822
XML-1/alignment_XML1-3250-0.02-4E-5-50-7.fa	XML-1	17	3822
XML-1/alignment_XML1-3250-0.02-4E-5-50-8.fa	XML-1	24	3822
XML-1/alignment_XML1-3250-0.02-4E-5-50-9.fa	XML-1	22	3822
XML-1/alignment_XML1-3250-0.02-8E-5-100-1.fa	XML-1	48	3822
XML-1/alignment_XML1-3250-0.02-8E-5-100-10.fa	XML-1	56	3822
XML-1/alignment_XML1-3250-0.02-8E-5-100-11.fa	XML-1	32	3822
XML-1/alignment_XML1-3250-0.02-8E-5-100-12.fa	XML-1	49	3822
XML-1/alignment_XML1-3250-0.02-8E-5-100-13.fa	XML-1	40	3822
XML-1/alignment_XML1-3250-0.02-8E-5-100-14.fa	XML-1	46	3822
XML-1/alignment_XML1-3250-0.02-8E-5-100-15.fa	XML-1	43	3822
XML-1/alignment_XML1-3250-0.02-8E-5-100-2.fa	XML-1	46	3822
XML-1/alignment_XML1-3250-0.02-8E-5-100-3.fa	XML-1	38	3822
XML-1/alignment_XML1-3250-0.02-8E-5-100-4.fa	XML-1	51	3822
XML-1/alignment_XML1-3250-0.02-8E-5-100-5.fa	XML-1	33	3822
XML-1/alignment_XML1-3250-0.02-8E-5-100-6.fa	XML-1	44	3822
XML-1/alignment_XML1-3250-0.02-8E-5-100-7.fa	XML-1	48	3822
XML-1/alignment_XML1-3250-0.02-8E-5-100-8.fa	XML-1	54	3822
XML-1/alignment_XML1-3250-0.02-8E-5-100-9.fa	XML-1	53	3822
XML-1/alignment_XML1-3250-0.02-8E-5-200-1.fa	XML-1	61	3822
XML-1/alignment_XML1-3250-0.02-8E-5-200-10.fa	XML-1	61	3822
XML-1/alignment_XML1-3250-0.02-8E-5-200-11.fa	XML-1	72	3822
XML-1/alignment_XML1-3250-0.02-8E-5-200-12.fa	XML-1	59	3822
XML-1/alignment_XML1-3250-0.02-8E-5-200-13.fa	XML-1	71	3822
XML-1/alignment_XML1-3250-0.02-8E-5-200-14.fa	XML-1	63	3822
XML-1/alignment_XML1-3250-0.02-8E-5-200-15.fa	XML-1	64	3822
XML-1/alignment_XML1-3250-0.02-8E-5-200-2.fa	XML-1	53	3822
XML-1/alignment_XML1-3250-0.02-8E-5-200-3.fa	XML-1	67	3822
XML-1/alignment_XML1-3250-0.02-8E-5-200-4.fa	XML-1	72	3822
XML-1/alignment_XML1-3250-0.02-8E-5-200-5.fa	XML-1	55	3822
XML-1/alignment_XML1-3250-0.02-8E-5-200-6.fa	XML-1	67	3822
XML-1/alignment_XML1-3250-0.02-8E-5-200-7.fa	XML-1	59	3822
XML-1/alignment_XML1-3250-0.02-8E-5-200-8.fa	XML-1	51	3822
XML-1/alignment_XML1-3250-0.02-8E-5-200-9.fa	XML-1	57	3822
XML-1/alignment_XML1-3250-0.02-8E-5-50-1.fa	XML-1	26	3822
XML-1/alignment_XML1-3250-0.02-8E-5-50-10.fa	XML-1	20	3822
XML-1/alignment_XML1-3250-0.02-8E-5-50-11.fa	XML-1	36	3822
XML-1/alignment_XML1-3250-0.02-8E-5-50-12.fa	XML-1	34	3822
XML-1/alignment_XML1-3250-0.02-8E-5-50-13.fa	XML-1	24	3822
XML-1/alignment_XML1-3250-0.02-8E-5-50-14.fa	XML-1	32	3822
XML-1/alignment_XML1-3250-0.02-8E-5-50-15.fa	XML-1	21	3822
XML-1/alignment_XML1-3250-0.02-8E-5-50-2.fa	XML-1	25	3822
XML-1/alignment_XML1-3250-0.02-8E-5-50-3.fa	XML-1	30	3822
XML-1/alignment_XML1-3250-0.02-8E-5-50-4.fa	XML-1	32	3822
XML-1/alignment_XML1-3250-0.02-8E-5-50-5.fa	XML-1	30	3822
XML-1/alignment_XML1-3250-0.02-8E-5-50-6.fa	XML-1	31	3822
XML-1/alignment_XML1-3250-0.02-8E-5-50-7.fa	XML-1	36	3822
XML-1/alignment_XML1-3250-0.02-8E-5-50-8.fa	XML-1	30	3822
XML-1/alignment_XML1-3250-0.02-8E-5-50-9.fa	XML-1	34	3822
XML-1/alignment_XML1-4000-0.005-12E-5-100-1.fa	XML-1	20	3822
XML-1/alignment_XML1-4000-0.005-12E-5-100-10.fa	XML-1	14	3822
XML-1/alignment_XML1-4000-0.005-12E-5-100-11.fa	XML-1	14	3822
XML-1/alignment_XML1-4000-0.005-12E-5-100-12.fa	XML-1	12	3822
XML-1/alignment_XML1-4000-0.005-12E-5-100-13.fa	XML-1	16	3822
XML-1/alignment_XML1-4000-0.005-12E-5-100-14.fa	XML-1	14	3822
XML-1/alignment_XML1-4000-0.005-12E-5-100-15.fa	XML-1	15	3822
XML-1/alignment_XML1-4000-0.005-12E-5-100-2.fa	XML-1	13	3822
XML-1/alignment_XML1-4000-0.005-12E-5-100-3.fa	XML-1	12	3822
XML-1/alignment_XML1-4000-0.005-12E-5-100-4.fa	XML-1	16	3822
XML-1/alignment_XML1-4000-0.005-12E-5-100-5.fa	XML-1	9	3822
XML-1/alignment_XML1-4000-0.005-12E-5-100-6.fa	XML-1	5	3822
XML-1/alignment_XML1-4000-0.005-12E-5-100-7.fa	XML-1	11	3822
XML-1/alignment_XML1-4000-0.005-12E-5-100-8.fa	XML-1	14	3822
XML-1/alignment_XML1-4000-0.005-12E-5-100-9.fa	XML-1	11	3822
XML-1/alignment_XML1-4000-0.005-12E-5-200-1.fa	XML-1	15	3822
XML-1/alignment_XML1-4000-0.005-12E-5-200-10.fa	XML-1	23	3822
XML-1/alignment_XML1-4000-0.005-12E-5-200-11.fa	XML-1	10	3822
XML-1/alignment_XML1-4000-0.005-12E-5-200-12.fa	XML-1	13	3822
XML-1/alignment_XML1-4000-0.005-12E-5-200-13.fa	XML-1	17	3822
XML-1/alignment_XML1-4000-0.005-12E-5-200-14.fa	XML-1	20	3822
XML-1/alignment_XML1-4000-0.005-12E-5-200-15.fa	XML-1	16	3822
XML-1/alignment_XML1-4000-0.005-12E-5-200-2.fa	XML-1	22	3822
XML-1/alignment_XML1-4000-0.005-12E-5-200-3.fa	XML-1	15	3822
XML-1/alignment_XML1-4000-0.005-12E-5-200-4.fa	XML-1	16	3822
XML-1/alignment_XML1-4000-0.005-12E-5-200-5.fa	XML-1	23	3822
XML-1/alignment_XML1-4000-0.005-12E-5-200-6.fa	XML-1	15	3822
XML-1/alignment_XML1-4000-0.005-12E-5-200-7.fa	XML-1	13	3822
XML-1/alignment_XML1-4000-0.005-12E-5-200-8.fa	XML-1	23	3822
XML-1/alignment_XML1-4000-0.005-12E-5-200-9.fa	XML-1	16	3822
XML-1/alignment_XML1-4000-0.005-12E-5-50-1.fa	XML-1	11	3822
XML-1/alignment_XML1-4000-0.005-12E-5-50-10.fa	XML-1	7	3822
XML-1/alignment_XML1-4000-0.005-12E-5-50-11.fa	XML-1	5	3822
XML-1/alignment_XML1-4000-0.005-12E-5-50-12.fa	XML-1	14	3822
XML-1/alignment_XML1-4000-0.005-12E-5-50-13.fa	XML-1	6	3822
XML-1/alignment_XML1-4000-0.005-12E-5-50-14.fa	XML-1	11	3822
XML-1/alignment_XML1-4000-0.005-12E-5-50-15.fa	XML-1	8	3822
XML-1/alignment_XML1-4000-0.005-12E-5-50-2.fa	XML-1	17	3822
XML-1/alignment_XML1-4000-0.005-12E-5-50-3.fa	XML-1	13	3822
XML-1/alignment_XML1-4000-0.005-12E-5-50-4.fa	XML-1	13	3822
XML-1/alignment_XML1-4000-0.005-12E-5-50-5.fa	XML-1	1	2505
XML-1/alignment_XML1-4000-0.005-12E-5-50-6.fa	XML-1	7	3822
XML-1/alignment_XML1-4000-0.005-12E-5-50-7.fa	XML-1	10	3822
XML-1/alignment_XML1-4000-0.005-12E-5-50-8.fa	XML-1	12	3822
XML-1/alignment_XML1-4000-0.005-12E-5-50-9.fa	XML-1	10	3822
XML-1/alignment_XML1-4000-0.005-4E-5-100-1.fa	XML-1	6	3822
XML-1/alignment_XML1-4000-0.005-4E-5-100-10.fa	XML-1	9	3822
XML-1/alignment_XML1-4000-0.005-4E-5-100-11.fa	XML-1	16	3822
XML-1/alignment_XML1-4000-0.005-4E-5-100-12.fa	XML-1	20	3822
XML-1/alignment_XML1-4000-0.005-4E-5-100-13.fa	XML-1	11	3822
XML-1/alignment_XML1-4000-0.005-4E-5-100-14.fa	XML-1	12	3822
XML-1/alignment_XML1-4000-0.005-4E-5-100-15.fa	XML-1	10	3309
XML-1/alignment_XML1-4000-0.005-4E-5-100-2.fa	XML-1	12	3822
XML-1/alignment_XML1-4000-0.005-4E-5-100-3.fa	XML-1	8	3822
XML-1/alignment_XML1-4000-0.005-4E-5-100-4.fa	XML-1	11	3822
XML-1/alignment_XML1-4000-0.005-4E-5-100-5.fa	XML-1	10	3822
XML-1/alignment_XML1-4000-0.005-4E-5-100-6.fa	XML-1	11	3822
XML-1/alignment_XML1-4000-0.005-4E-5-100-7.fa	XML-1	15	3822
XML-1/alignment_XML1-4000-0.005-4E-5-100-8.fa	XML-1	13	3822
XML-1/alignment_XML1-4000-0.005-4E-5-100-9.fa	XML-1	3	3822
XML-1/alignment_XML1-4000-0.005-4E-5-200-1.fa	XML-1	14	3822
XML-1/alignment_XML1-4000-0.005-4E-5-200-10.fa	XML-1	17	3822
XML-1/alignment_XML1-4000-0.005-4E-5-200-11.fa	XML-1	13	3822
XML-1/alignment_XML1-4000-0.005-4E-5-200-12.fa	XML-1	11	3822
XML-1/alignment_XML1-4000-0.005-4E-5-200-13.fa	XML-1	23	3822
XML-1/alignment_XML1-4000-0.005-4E-5-200-14.fa	XML-1	13	3822
XML-1/alignment_XML1-4000-0.005-4E-5-200-15.fa	XML-1	14	3822
XML-1/alignment_XML1-4000-0.005-4E-5-200-2.fa	XML-1	26	3822
XML-1/alignment_XML1-4000-0.005-4E-5-200-3.fa	XML-1	17	3822
XML-1/alignment_XML1-4000-0.005-4E-5-200-4.fa	XML-1	20	3822
XML-1/alignment_XML1-4000-0.005-4E-5-200-5.fa	XML-1	16	3432
XML-1/alignment_XML1-4000-0.005-4E-5-200-6.fa	XML-1	25	3822
XML-1/alignment_XML1-4000-0.005-4E-5-200-7.fa	XML-1	15	3822
XML-1/alignment_XML1-4000-0.005-4E-5-200-8.fa	XML-1	18	3822
XML-1/alignment_XML1-4000-0.005-4E-5-200-9.fa	XML-1	18	3822
XML-1/alignment_XML1-4000-0.005-4E-5-50-1.fa	XML-1	8	3822
XML-1/alignment_XML1-4000-0.005-4E-5-50-10.fa	XML-1	6	3822
XML-1/alignment_XML1-4000-0.005-4E-5-50-11.fa	XML-1	9	3822
XML-1/alignment_XML1-4000-0.005-4E-5-50-12.fa	XML-1	8	3648
XML-1/alignment_XML1-4000-0.005-4E-5-50-13.fa	XML-1	7	3822
XML-1/alignment_XML1-4000-0.005-4E-5-50-14.fa	XML-1	7	3822
XML-1/alignment_XML1-4000-0.005-4E-5-50-15.fa	XML-1	10	3084
XML-1/alignment_XML1-4000-0.005-4E-5-50-2.fa	XML-1	8	3822
XML-1/alignment_XML1-4000-0.005-4E-5-50-3.fa	XML-1	17	3822
XML-1/alignment_XML1-4000-0.005-4E-5-50-4.fa	XML-1	6	3594
XML-1/alignment_XML1-4000-0.005-4E-5-50-5.fa	XML-1	14	3822
XML-1/alignment_XML1-4000-0.005-4E-5-50-6.fa	XML-1	14	3822
XML-1/alignment_XML1-4000-0.005-4E-5-50-7.fa	XML-1	12	3822
XML-1/alignment_XML1-4000-0.005-4E-5-50-8.fa	XML-1	14	3822
XML-1/alignment_XML1-4000-0.005-4E-5-50-9.fa	XML-1	6	3300
XML-1/alignment_XML1-4000-0.005-8E-5-100-1.fa	XML-1	11	3822
XML-1/alignment_XML1-4000-0.005-8E-5-100-10.fa	XML-1	18	3822
XML-1/alignment_XML1-4000-0.005-8E-5-100-11.fa	XML-1	9	3822
XML-1/alignment_XML1-4000-0.005-8E-5-100-12.fa	XML-1	13	3822
XML-1/alignment_XML1-4000-0.005-8E-5-100-13.fa	XML-1	12	3822
XML-1/alignment_XML1-4000-0.005-8E-5-100-14.fa	XML-1	13	3822
XML-1/alignment_XML1-4000-0.005-8E-5-100-15.fa	XML-1	15	3822
XML-1/alignment_XML1-4000-0.005-8E-5-100-2.fa	XML-1	7	3822
XML-1/alignment_XML1-4000-0.005-8E-5-100-3.fa	XML-1	12	3822
XML-1/alignment_XML1-4000-0.005-8E-5-100-4.fa	XML-1	17	3822
XML-1/alignment_XML1-4000-0.005-8E-5-100-5.fa	XML-1	19	3822
XML-1/alignment_XML1-4000-0.005-8E-5-100-6.fa	XML-1	11	3822
XML-1/alignment_XML1-4000-0.005-8E-5-100-7.fa	XML-1	9	3822
XML-1/alignment_XML1-4000-0.005-8E-5-100-8.fa	XML-1	14	3822
XML-1/alignment_XML1-4000-0.005-8E-5-100-9.fa	XML-1	10	3822
XML-1/alignment_XML1-4000-0.005-8E-5-200-1.fa	XML-1	13	3822
XML-1/alignment_XML1-4000-0.005-8E-5-200-10.fa	XML-1	13	3822
XML-1/alignment_XML1-4000-0.005-8E-5-200-11.fa	XML-1	13	3822
XML-1/alignment_XML1-4000-0.005-8E-5-200-12.fa	XML-1	19	3822
XML-1/alignment_XML1-4000-0.005-8E-5-200-13.fa	XML-1	15	3822
XML-1/alignment_XML1-4000-0.005-8E-5-200-14.fa	XML-1	17	3822
XML-1/alignment_XML1-4000-0.005-8E-5-200-15.fa	XML-1	14	3822
XML-1/alignment_XML1-4000-0.005-8E-5-200-2.fa	XML-1	18	3822
XML-1/alignment_XML1-4000-0.005-8E-5-200-3.fa	XML-1	18	3822
XML-1/alignment_XML1-4000-0.005-8E-5-200-4.fa	XML-1	21	3822
XML-1/alignment_XML1-4000-0.005-8E-5-200-5.fa	XML-1	13	3822
XML-1/alignment_XML1-4000-0.005-8E-5-200-6.fa	XML-1	24	3822
XML-1/alignment_XML1-4000-0.005-8E-5-200-7.fa	XML-1	29	3822
XML-1/alignment_XML1-4000-0.005-8E-5-200-8.fa	XML-1	21	3822
XML-1/alignment_XML1-4000-0.005-8E-5-200-9.fa	XML-1	18	3822
XML-1/alignment_XML1-4000-0.005-8E-5-50-1.fa	XML-1	12	3822
XML-1/alignment_XML1-4000-0.005-8E-5-50-10.fa	XML-1	5	3822
XML-1/alignment_XML1-4000-0.005-8E-5-50-11.fa	XML-1	15	3822
XML-1/alignment_XML1-4000-0.005-8E-5-50-12.fa	XML-1	9	3822
XML-1/alignment_XML1-4000-0.005-8E-5-50-13.fa	XML-1	14	3822
XML-1/alignment_XML1-4000-0.005-8E-5-50-14.fa	XML-1	10	3822
XML-1/alignment_XML1-4000-0.005-8E-5-50-15.fa	XML-1	24	3822
XML-1/alignment_XML1-4000-0.005-8E-5-50-2.fa	XML-1	5	3822
XML-1/alignment_XML1-4000-0.005-8E-5-50-3.fa	XML-1	8	3822
XML-1/alignment_XML1-4000-0.005-8E-5-50-4.fa	XML-1	11	3822
XML-1/alignment_XML1-4000-0.005-8E-5-50-5.fa	XML-1	8	3822
XML-1/alignment_XML1-4000-0.005-8E-5-50-6.fa	XML-1	10	3822
XML-1/alignment_XML1-4000-0.005-8E-5-50-7.fa	XML-1	6	3822
XML-1/alignment_XML1-4000-0.005-8E-5-50-8.fa	XML-1	10	3771
XML-1/alignment_XML1-4000-0.005-8E-5-50-9.fa	XML-1	12	3822
XML-1/alignment_XML1-4000-0.01-12E-5-100-1.fa	XML-1	21	3822
XML-1/alignment_XML1-4000-0.01-12E-5-100-10.fa	XML-1	23	3822
XML-1/alignment_XML1-4000-0.01-12E-5-100-11.fa	XML-1	21	3822
XML-1/alignment_XML1-4000-0.01-12E-5-100-12.fa	XML-1	16	3822
XML-1/alignment_XML1-4000-0.01-12E-5-100-13.fa	XML-1	17	3822
XML-1/alignment_XML1-4000-0.01-12E-5-100-14.fa	XML-1	25	3822
XML-1/alignment_XML1-4000-0.01-12E-5-100-15.fa	XML-1	18	3822
XML-1/alignment_XML1-4000-0.01-12E-5-100-2.fa	XML-1	18	3822
XML-1/alignment_XML1-4000-0.01-12E-5-100-3.fa	XML-1	29	3822
XML-1/alignment_XML1-4000-0.01-12E-5-100-4.fa	XML-1	26	3822
XML-1/alignment_XML1-4000-0.01-12E-5-100-5.fa	XML-1	23	3822
XML-1/alignment_XML1-4000-0.01-12E-5-100-6.fa	XML-1	30	3822
XML-1/alignment_XML1-4000-0.01-12E-5-100-7.fa	XML-1	33	3822
XML-1/alignment_XML1-4000-0.01-12E-5-100-8.fa	XML-1	25	3822
XML-1/alignment_XML1-4000-0.01-12E-5-100-9.fa	XML-1	22	3822
XML-1/alignment_XML1-4000-0.01-12E-5-200-1.fa	XML-1	36	3822
XML-1/alignment_XML1-4000-0.01-12E-5-200-10.fa	XML-1	26	3822
XML-1/alignment_XML1-4000-0.01-12E-5-200-11.fa	XML-1	38	3822
XML-1/alignment_XML1-4000-0.01-12E-5-200-12.fa	XML-1	52	3822
XML-1/alignment_XML1-4000-0.01-12E-5-200-13.fa	XML-1	27	3822
XML-1/alignment_XML1-4000-0.01-12E-5-200-14.fa	XML-1	32	3822
XML-1/alignment_XML1-4000-0.01-12E-5-200-15.fa	XML-1	27	3822
XML-1/alignment_XML1-4000-0.01-12E-5-200-2.fa	XML-1	39	3822
XML-1/alignment_XML1-4000-0.01-12E-5-200-3.fa	XML-1	22	3822
XML-1/alignment_XML1-4000-0.01-12E-5-200-4.fa	XML-1	31	3822
XML-1/alignment_XML1-4000-0.01-12E-5-200-5.fa	XML-1	38	3822
XML-1/alignment_XML1-4000-0.01-12E-5-200-6.fa	XML-1	35	3822
XML-1/alignment_XML1-4000-0.01-12E-5-200-7.fa	XML-1	37	3822
XML-1/alignment_XML1-4000-0.01-12E-5-200-8.fa	XML-1	38	3822
XML-1/alignment_XML1-4000-0.01-12E-5-200-9.fa	XML-1	43	3822
XML-1/alignment_XML1-4000-0.01-12E-5-50-1.fa	XML-1	23	3822
XML-1/alignment_XML1-4000-0.01-12E-5-50-10.fa	XML-1	15	3822
XML-1/alignment_XML1-4000-0.01-12E-5-50-11.fa	XML-1	12	3822
XML-1/alignment_XML1-4000-0.01-12E-5-50-12.fa	XML-1	12	3822
XML-1/alignment_XML1-4000-0.01-12E-5-50-13.fa	XML-1	14	3822
XML-1/alignment_XML1-4000-0.01-12E-5-50-14.fa	XML-1	12	3822
XML-1/alignment_XML1-4000-0.01-12E-5-50-15.fa	XML-1	22	3822
XML-1/alignment_XML1-4000-0.01-12E-5-50-2.fa	XML-1	20	3822
XML-1/alignment_XML1-4000-0.01-12E-5-50-3.fa	XML-1	19	3822
XML-1/alignment_XML1-4000-0.01-12E-5-50-4.fa	XML-1	25	3822
XML-1/alignment_XML1-4000-0.01-12E-5-50-5.fa	XML-1	22	3822
XML-1/alignment_XML1-4000-0.01-12E-5-50-6.fa	XML-1	17	3822
XML-1/alignment_XML1-4000-0.01-12E-5-50-7.fa	XML-1	21	3822
XML-1/alignment_XML1-4000-0.01-12E-5-50-8.fa	XML-1	21	3822
XML-1/alignment_XML1-4000-0.01-12E-5-50-9.fa	XML-1	13	3822
XML-1/alignment_XML1-4000-0.01-4E-5-100-1.fa	XML-1	24	3822
XML-1/alignment_XML1-4000-0.01-4E-5-100-10.fa	XML-1	30	3822
XML-1/alignment_XML1-4000-0.01-4E-5-100-11.fa	XML-1	33	3822
XML-1/alignment_XML1-4000-0.01-4E-5-100-12.fa	XML-1	22	3822
XML-1/alignment_XML1-4000-0.01-4E-5-100-13.fa	XML-1	11	3822
XML-1/alignment_XML1-4000-0.01-4E-5-100-14.fa	XML-1	21	3822
XML-1/alignment_XML1-4000-0.01-4E-5-100-15.fa	XML-1	29	3822
XML-1/alignment_XML1-4000-0.01-4E-5-100-2.fa	XML-1	19	3822
XML-1/alignment_XML1-4000-0.01-4E-5-100-3.fa	XML-1	25	3822
XML-1/alignment_XML1-4000-0.01-4E-5-100-4.fa	XML-1	25	3822
XML-1/alignment_XML1-4000-0.01-4E-5-100-5.fa	XML-1	20	3822
XML-1/alignment_XML1-4000-0.01-4E-5-100-6.fa	XML-1	21	3822
XML-1/alignment_XML1-4000-0.01-4E-5-100-7.fa	XML-1	28	3822
XML-1/alignment_XML1-4000-0.01-4E-5-100-8.fa	XML-1	22	3822
XML-1/alignment_XML1-4000-0.01-4E-5-100-9.fa	XML-1	25	3822
XML-1/alignment_XML1-4000-0.01-4E-5-200-1.fa	XML-1	32	3822
XML-1/alignment_XML1-4000-0.01-4E-5-200-10.fa	XML-1	36	3822
XML-1/alignment_XML1-4000-0.01-4E-5-200-11.fa	XML-1	45	3822
XML-1/alignment_XML1-4000-0.01-4E-5-200-12.fa	XML-1	43	3822
XML-1/alignment_XML1-4000-0.01-4E-5-200-13.fa	XML-1	26	3822
XML-1/alignment_XML1-4000-0.01-4E-5-200-14.fa	XML-1	36	3822
XML-1/alignment_XML1-4000-0.01-4E-5-200-15.fa	XML-1	28	3822
XML-1/alignment_XML1-4000-0.01-4E-5-200-2.fa	XML-1	34	3822
XML-1/alignment_XML1-4000-0.01-4E-5-200-3.fa	XML-1	40	3822
XML-1/alignment_XML1-4000-0.01-4E-5-200-4.fa	XML-1	37	3822
XML-1/alignment_XML1-4000-0.01-4E-5-200-5.fa	XML-1	32	3822
XML-1/alignment_XML1-4000-0.01-4E-5-200-6.fa	XML-1	28	3822
XML-1/alignment_XML1-4000-0.01-4E-5-200-7.fa	XML-1	22	3822
XML-1/alignment_XML1-4000-0.01-4E-5-200-8.fa	XML-1	27	3822
XML-1/alignment_XML1-4000-0.01-4E-5-200-9.fa	XML-1	38	3822
XML-1/alignment_XML1-4000-0.01-4E-5-50-1.fa	XML-1	27	3822
XML-1/alignment_XML1-4000-0.01-4E-5-50-10.fa	XML-1	14	3822
XML-1/alignment_XML1-4000-0.01-4E-5-50-11.fa	XML-1	9	3822
XML-1/alignment_XML1-4000-0.01-4E-5-50-12.fa	XML-1	28	3822
XML-1/alignment_XML1-4000-0.01-4E-5-50-13.fa	XML-1	14	3822
XML-1/alignment_XML1-4000-0.01-4E-5-50-14.fa	XML-1	13	3822
XML-1/alignment_XML1-4000-0.01-4E-5-50-15.fa	XML-1	12	3822
XML-1/alignment_XML1-4000-0.01-4E-5-50-2.fa	XML-1	21	3822
XML-1/alignment_XML1-4000-0.01-4E-5-50-3.fa	XML-1	15	3822
XML-1/alignment_XML1-4000-0.01-4E-5-50-4.fa	XML-1	21	3822
XML-1/alignment_XML1-4000-0.01-4E-5-50-5.fa	XML-1	18	3822
XML-1/alignment_XML1-4000-0.01-4E-5-50-6.fa	XML-1	17	3822
XML-1/alignment_XML1-4000-0.01-4E-5-50-7.fa	XML-1	20	3822
XML-1/alignment_XML1-4000-0.01-4E-5-50-8.fa	XML-1	15	3822
XML-1/alignment_XML1-4000-0.01-4E-5-50-9.fa	XML-1	14	3822
XML-1/alignment_XML1-4000-0.01-8E-5-100-1.fa	XML-1	17	3822
XML-1/alignment_XML1-4000-0.01-8E-5-100-10.fa	XML-1	35	3822
XML-1/alignment_XML1-4000-0.01-8E-5-100-11.fa	XML-1	27	3822
XML-1/alignment_XML1-4000-0.01-8E-5-100-12.fa	XML-1	35	3822
XML-1/alignment_XML1-4000-0.01-8E-5-100-13.fa	XML-1	38	3822
XML-1/alignment_XML1-4000-0.01-8E-5-100-14.fa	XML-1	20	3822
XML-1/alignment_XML1-4000-0.01-8E-5-100-15.fa	XML-1	26	3822
XML-1/alignment_XML1-4000-0.01-8E-5-100-2.fa	XML-1	20	3822
XML-1/alignment_XML1-4000-0.01-8E-5-100-3.fa	XML-1	32	3822
XML-1/alignment_XML1-4000-0.01-8E-5-100-4.fa	XML-1	18	3822
XML-1/alignment_XML1-4000-0.01-8E-5-100-5.fa	XML-1	15	3822
XML-1/alignment_XML1-4000-0.01-8E-5-100-6.fa	XML-1	45	3822
XML-1/alignment_XML1-4000-0.01-8E-5-100-7.fa	XML-1	26	3822
XML-1/alignment_XML1-4000-0.01-8E-5-100-8.fa	XML-1	20	3822
XML-1/alignment_XML1-4000-0.01-8E-5-100-9.fa	XML-1	17	3822
XML-1/alignment_XML1-4000-0.01-8E-5-200-1.fa	XML-1	30	3822
XML-1/alignment_XML1-4000-0.01-8E-5-200-10.fa	XML-1	30	3822
XML-1/alignment_XML1-4000-0.01-8E-5-200-11.fa	XML-1	29	3822
XML-1/alignment_XML1-4000-0.01-8E-5-200-12.fa	XML-1	38	3822
XML-1/alignment_XML1-4000-0.01-8E-5-200-13.fa	XML-1	39	3822
XML-1/alignment_XML1-4000-0.01-8E-5-200-14.fa	XML-1	36	3822
XML-1/alignment_XML1-4000-0.01-8E-5-200-15.fa	XML-1	25	3822
XML-1/alignment_XML1-4000-0.01-8E-5-200-2.fa	XML-1	39	3822
XML-1/alignment_XML1-4000-0.01-8E-5-200-3.fa	XML-1	49	3822
XML-1/alignment_XML1-4000-0.01-8E-5-200-4.fa	XML-1	47	3822
XML-1/alignment_XML1-4000-0.01-8E-5-200-5.fa	XML-1	39	3822
XML-1/alignment_XML1-4000-0.01-8E-5-200-6.fa	XML-1	37	3822
XML-1/alignment_XML1-4000-0.01-8E-5-200-7.fa	XML-1	39	3822
XML-1/alignment_XML1-4000-0.01-8E-5-200-8.fa	XML-1	41	3822
XML-1/alignment_XML1-4000-0.01-8E-5-200-9.fa	XML-1	26	3822
XML-1/alignment_XML1-4000-0.01-8E-5-50-1.fa	XML-1	19	3822
XML-1/alignment_XML1-4000-0.01-8E-5-50-10.fa	XML-1	13	3822
XML-1/alignment_XML1-4000-0.01-8E-5-50-11.fa	XML-1	22	3822
XML-1/alignment_XML1-4000-0.01-8E-5-50-12.fa	XML-1	19	3822
XML-1/alignment_XML1-4000-0.01-8E-5-50-13.fa	XML-1	16	3822
XML-1/alignment_XML1-4000-0.01-8E-5-50-14.fa	XML-1	17	3822
XML-1/alignment_XML1-4000-0.01-8E-5-50-15.fa	XML-1	25	3822
XML-1/alignment_XML1-4000-0.01-8E-5-50-2.fa	XML-1	16	3822
XML-1/alignment_XML1-4000-0.01-8E-5-50-3.fa	XML-1	18	3822
XML-1/alignment_XML1-4000-0.01-8E-5-50-4.fa	XML-1	15	3822
XML-1/alignment_XML1-4000-0.01-8E-5-50-5.fa	XML-1	13	3822
XML-1/alignment_XML1-4000-0.01-8E-5-50-6.fa	XML-1	13	3822
XML-1/alignment_XML1-4000-0.01-8E-5-50-7.fa	XML-1	13	3822
XML-1/alignment_XML1-4000-0.01-8E-5-50-8.fa	XML-1	19	3822
XML-1/alignment_XML1-4000-0.01-8E-5-50-9.fa	XML-1	13	3822
XML-1/alignment_XML1-4000-0.02-12E-5-100-1.fa	XML-1	44	3822
XML-1/alignment_XML1-4000-0.02-12E-5-100-10.fa	XML-1	37	3822
XML-1/alignment_XML1-4000-0.02-12E-5-100-11.fa	XML-1	42	3822
XML-1/alignment_XML1-4000-0.02-12E-5-100-12.fa	XML-1	36	3822
XML-1/alignment_XML1-4000-0.02-12E-5-100-13.fa	XML-1	51	3822
XML-1/alignment_XML1-4000-0.02-12E-5-100-14.fa	XML-1	43	3822
XML-1/alignment_XML1-4000-0.02-12E-5-100-15.fa	XML-1	50	3822
XML-1/alignment_XML1-4000-0.02-12E-5-100-2.fa	XML-1	33	3822
XML-1/alignment_XML1-4000-0.02-12E-5-100-3.fa	XML-1	44	3822
XML-1/alignment_XML1-4000-0.02-12E-5-100-4.fa	XML-1	48	3822
XML-1/alignment_XML1-4000-0.02-12E-5-100-5.fa	XML-1	60	3822
XML-1/alignment_XML1-4000-0.02-12E-5-100-6.fa	XML-1	41	3822
XML-1/alignment_XML1-4000-0.02-12E-5-100-7.fa	XML-1	50	3822
XML-1/alignment_XML1-4000-0.02-12E-5-100-8.fa	XML-1	31	3822
XML-1/alignment_XML1-4000-0.02-12E-5-100-9.fa	XML-1	39	3822
XML-1/alignment_XML1-4000-0.02-12E-5-200-1.fa	XML-1	65	3822
XML-1/alignment_XML1-4000-0.02-12E-5-200-10.fa	XML-1	65	3822
XML-1/alignment_XML1-4000-0.02-12E-5-200-11.fa	XML-1	58	3822
XML-1/alignment_XML1-4000-0.02-12E-5-200-12.fa	XML-1	73	3822
XML-1/alignment_XML1-4000-0.02-12E-5-200-13.fa	XML-1	49	3822
XML-1/alignment_XML1-4000-0.02-12E-5-200-14.fa	XML-1	78	3822
XML-1/alignment_XML1-4000-0.02-12E-5-200-15.fa	XML-1	62	3822
XML-1/alignment_XML1-4000-0.02-12E-5-200-2.fa	XML-1	81	3822
XML-1/alignment_XML1-4000-0.02-12E-5-200-3.fa	XML-1	73	3822
XML-1/alignment_XML1-4000-0.02-12E-5-200-4.fa	XML-1	74	3822
XML-1/alignment_XML1-4000-0.02-12E-5-200-5.fa	XML-1	91	3822
XML-1/alignment_XML1-4000-0.02-12E-5-200-6.fa	XML-1	54	3822
XML-1/alignment_XML1-4000-0.02-12E-5-200-7.fa	XML-1	71	3822
XML-1/alignment_XML1-4000-0.02-12E-5-200-8.fa	XML-1	65	3822
XML-1/alignment_XML1-4000-0.02-12E-5-200-9.fa	XML-1	55	3822
XML-1/alignment_XML1-4000-0.02-12E-5-50-1.fa	XML-1	42	3822
XML-1/alignment_XML1-4000-0.02-12E-5-50-10.fa	XML-1	28	3822
XML-1/alignment_XML1-4000-0.02-12E-5-50-11.fa	XML-1	30	3822
XML-1/alignment_XML1-4000-0.02-12E-5-50-12.fa	XML-1	24	3822
XML-1/alignment_XML1-4000-0.02-12E-5-50-13.fa	XML-1	41	3822
XML-1/alignment_XML1-4000-0.02-12E-5-50-14.fa	XML-1	33	3822
XML-1/alignment_XML1-4000-0.02-12E-5-50-15.fa	XML-1	19	3822
XML-1/alignment_XML1-4000-0.02-12E-5-50-2.fa	XML-1	22	3822
XML-1/alignment_XML1-4000-0.02-12E-5-50-3.fa	XML-1	24	3822
XML-1/alignment_XML1-4000-0.02-12E-5-50-4.fa	XML-1	29	3822
XML-1/alignment_XML1-4000-0.02-12E-5-50-5.fa	XML-1	21	3822
XML-1/alignment_XML1-4000-0.02-12E-5-50-6.fa	XML-1	22	3822
XML-1/alignment_XML1-4000-0.02-12E-5-50-7.fa	XML-1	30	3822
XML-1/alignment_XML1-4000-0.02-12E-5-50-8.fa	XML-1	38	3822
XML-1/alignment_XML1-4000-0.02-12E-5-50-9.fa	XML-1	35	3822
XML-1/alignment_XML1-4000-0.02-4E-5-100-1.fa	XML-1	40	3822
XML-1/alignment_XML1-4000-0.02-4E-5-100-10.fa	XML-1	45	3822
XML-1/alignment_XML1-4000-0.02-4E-5-100-11.fa	XML-1	37	3822
XML-1/alignment_XML1-4000-0.02-4E-5-100-12.fa	XML-1	34	3822
XML-1/alignment_XML1-4000-0.02-4E-5-100-13.fa	XML-1	40	3822
XML-1/alignment_XML1-4000-0.02-4E-5-100-14.fa	XML-1	40	3822
XML-1/alignment_XML1-4000-0.02-4E-5-100-15.fa	XML-1	45	3822
XML-1/alignment_XML1-4000-0.02-4E-5-100-2.fa	XML-1	40	3822
XML-1/alignment_XML1-4000-0.02-4E-5-100-3.fa	XML-1	43	3822
XML-1/alignment_XML1-4000-0.02-4E-5-100-4.fa	XML-1	53	3822
XML-1/alignment_XML1-4000-0.02-4E-5-100-5.fa	XML-1	45	3822
XML-1/alignment_XML1-4000-0.02-4E-5-100-6.fa	XML-1	62	3822
XML-1/alignment_XML1-4000-0.02-4E-5-100-7.fa	XML-1	41	3822
XML-1/alignment_XML1-4000-0.02-4E-5-100-8.fa	XML-1	33	3822
XML-1/alignment_XML1-4000-0.02-4E-5-100-9.fa	XML-1	50	3822
XML-1/alignment_XML1-4000-0.02-4E-5-200-1.fa	XML-1	62	3822
XML-1/alignment_XML1-4000-0.02-4E-5-200-10.fa	XML-1	63	3822
XML-1/alignment_XML1-4000-0.02-4E-5-200-11.fa	XML-1	72	3822
XML-1/alignment_XML1-4000-0.02-4E-5-200-12.fa	XML-1	56	3822
XML-1/alignment_XML1-4000-0.02-4E-5-200-13.fa	XML-1	68	3822
XML-1/alignment_XML1-4000-0.02-4E-5-200-14.fa	XML-1	50	3822
XML-1/alignment_XML1-4000-0.02-4E-5-200-15.fa	XML-1	45	3822
XML-1/alignment_XML1-4000-0.02-4E-5-200-2.fa	XML-1	82	3822
XML-1/alignment_XML1-4000-0.02-4E-5-200-3.fa	XML-1	49	3822
XML-1/alignment_XML1-4000-0.02-4E-5-200-4.fa	XML-1	39	3822
XML-1/alignment_XML1-4000-0.02-4E-5-200-5.fa	XML-1	79	3822
XML-1/alignment_XML1-4000-0.02-4E-5-200-6.fa	XML-1	51	3822
XML-1/alignment_XML1-4000-0.02-4E-5-200-7.fa	XML-1	59	3822
XML-1/alignment_XML1-4000-0.02-4E-5-200-8.fa	XML-1	62	3822
XML-1/alignment_XML1-4000-0.02-4E-5-200-9.fa	XML-1	40	3822
XML-1/alignment_XML1-4000-0.02-4E-5-50-1.fa	XML-1	30	3822
XML-1/alignment_XML1-4000-0.02-4E-5-50-10.fa	XML-1	24	3822
XML-1/alignment_XML1-4000-0.02-4E-5-50-11.fa	XML-1	20	3822
XML-1/alignment_XML1-4000-0.02-4E-5-50-12.fa	XML-1	27	3822
XML-1/alignment_XML1-4000-0.02-4E-5-50-13.fa	XML-1	26	3822
XML-1/alignment_XML1-4000-0.02-4E-5-50-14.fa	XML-1	25	3822
XML-1/alignment_XML1-4000-0.02-4E-5-50-15.fa	XML-1	29	3822
XML-1/alignment_XML1-4000-0.02-4E-5-50-2.fa	XML-1	31	3822
XML-1/alignment_XML1-4000-0.02-4E-5-50-3.fa	XML-1	23	3822
XML-1/alignment_XML1-4000-0.02-4E-5-50-4.fa	XML-1	34	3822
XML-1/alignment_XML1-4000-0.02-4E-5-50-5.fa	XML-1	24	3822
XML-1/alignment_XML1-4000-0.02-4E-5-50-6.fa	XML-1	23	3822
XML-1/alignment_XML1-4000-0.02-4E-5-50-7.fa	XML-1	37	3822
XML-1/alignment_XML1-4000-0.02-4E-5-50-8.fa	XML-1	24	3822
XML-1/alignment_XML1-4000-0.02-4E-5-50-9.fa	XML-1	16	3822
XML-1/alignment_XML1-4000-0.02-8E-5-100-1.fa	XML-1	51	3822
XML-1/alignment_XML1-4000-0.02-8E-5-100-10.fa	XML-1	39	3822
XML-1/alignment_XML1-4000-0.02-8E-5-100-11.fa	XML-1	49	3822
XML-1/alignment_XML1-4000-0.02-8E-5-100-12.fa	XML-1	35	3822
XML-1/alignment_XML1-4000-0.02-8E-5-100-13.fa	XML-1	41	3822
XML-1/alignment_XML1-4000-0.02-8E-5-100-14.fa	XML-1	45	3822
XML-1/alignment_XML1-4000-0.02-8E-5-100-15.fa	XML-1	40	3822
XML-1/alignment_XML1-4000-0.02-8E-5-100-2.fa	XML-1	39	3822
XML-1/alignment_XML1-4000-0.02-8E-5-100-3.fa	XML-1	53	3822
XML-1/alignment_XML1-4000-0.02-8E-5-100-4.fa	XML-1	40	3822
XML-1/alignment_XML1-4000-0.02-8E-5-100-5.fa	XML-1	30	3822
XML-1/alignment_XML1-4000-0.02-8E-5-100-6.fa	XML-1	35	3822
XML-1/alignment_XML1-4000-0.02-8E-5-100-7.fa	XML-1	54	3822
XML-1/alignment_XML1-4000-0.02-8E-5-100-8.fa	XML-1	35	3822
XML-1/alignment_XML1-4000-0.02-8E-5-100-9.fa	XML-1	54	3822
XML-1/alignment_XML1-4000-0.02-8E-5-200-1.fa	XML-1	80	3822
XML-1/alignment_XML1-4000-0.02-8E-5-200-10.fa	XML-1	59	3822
XML-1/alignment_XML1-4000-0.02-8E-5-200-11.fa	XML-1	65	3822
XML-1/alignment_XML1-4000-0.02-8E-5-200-12.fa	XML-1	58	3822
XML-1/alignment_XML1-4000-0.02-8E-5-200-13.fa	XML-1	40	3822
XML-1/alignment_XML1-4000-0.02-8E-5-200-14.fa	XML-1	66	3822
XML-1/alignment_XML1-4000-0.02-8E-5-200-15.fa	XML-1	52	3822
XML-1/alignment_XML1-4000-0.02-8E-5-200-2.fa	XML-1	53	3822
XML-1/alignment_XML1-4000-0.02-8E-5-200-3.fa	XML-1	63	3822
XML-1/alignment_XML1-4000-0.02-8E-5-200-4.fa	XML-1	105	3822
XML-1/alignment_XML1-4000-0.02-8E-5-200-5.fa	XML-1	57	3822
XML-1/alignment_XML1-4000-0.02-8E-5-200-6.fa	XML-1	57	3822
XML-1/alignment_XML1-4000-0.02-8E-5-200-7.fa	XML-1	40	3822
XML-1/alignment_XML1-4000-0.02-8E-5-200-8.fa	XML-1	57	3822
XML-1/alignment_XML1-4000-0.02-8E-5-200-9.fa	XML-1	58	3822
XML-1/alignment_XML1-4000-0.02-8E-5-50-1.fa	XML-1	35	3822
XML-1/alignment_XML1-4000-0.02-8E-5-50-10.fa	XML-1	23	3822
XML-1/alignment_XML1-4000-0.02-8E-5-50-11.fa	XML-1	17	3822
XML-1/alignment_XML1-4000-0.02-8E-5-50-12.fa	XML-1	24	3822
XML-1/alignment_XML1-4000-0.02-8E-5-50-13.fa	XML-1	24	3822
XML-1/alignment_XML1-4000-0.02-8E-5-50-14.fa	XML-1	25	3822
XML-1/alignment_XML1-4000-0.02-8E-5-50-15.fa	XML-1	24	3822
XML-1/alignment_XML1-4000-0.02-8E-5-50-2.fa	XML-1	33	3822
XML-1/alignment_XML1-4000-0.02-8E-5-50-3.fa	XML-1	30	3822
XML-1/alignment_XML1-4000-0.02-8E-5-50-4.fa	XML-1	27	3822
XML-1/alignment_XML1-4000-0.02-8E-5-50-5.fa	XML-1	25	3822
XML-1/alignment_XML1-4000-0.02-8E-5-50-6.fa	XML-1	29	3822
XML-1/alignment_XML1-4000-0.02-8E-5-50-7.fa	XML-1	30	3822
XML-1/alignment_XML1-4000-0.02-8E-5-50-8.fa	XML-1	29	3822
XML-1/alignment_XML1-4000-0.02-8E-5-50-9.fa	XML-1	31	3822
XML-2/alignment_XML2-2500-0.005-12E-5-100-1.fa	XML-2	18	9181
XML-2/alignment_XML2-2500-0.005-12E-5-100-10.fa	XML-2	14	9181
XML-2/alignment_XML2-2500-0.005-12E-5-100-11.fa	XML-2	23	9181
XML-2/alignment_XML2-2500-0.005-12E-5-100-12.fa	XML-2	18	9181
XML-2/alignment_XML2-2500-0.005-12E-5-100-13.fa	XML-2	19	9181
XML-2/alignment_XML2-2500-0.005-12E-5-100-14.fa	XML-2	26	9181
XML-2/alignment_XML2-2500-0.005-12E-5-100-15.fa	XML-2	20	9181
XML-2/alignment_XML2-2500-0.005-12E-5-100-2.fa	XML-2	21	9181
XML-2/alignment_XML2-2500-0.005-12E-5-100-3.fa	XML-2	21	9181
XML-2/alignment_XML2-2500-0.005-12E-5-100-4.fa	XML-2	22	9181
XML-2/alignment_XML2-2500-0.005-12E-5-100-5.fa	XML-2	25	9181
XML-2/alignment_XML2-2500-0.005-12E-5-100-6.fa	XML-2	27	9181
XML-2/alignment_XML2-2500-0.005-12E-5-100-7.fa	XML-2	18	9181
XML-2/alignment_XML2-2500-0.005-12E-5-100-8.fa	XML-2	17	9181
XML-2/alignment_XML2-2500-0.005-12E-5-100-9.fa	XML-2	16	9181
XML-2/alignment_XML2-2500-0.005-12E-5-200-1.fa	XML-2	19	9181
XML-2/alignment_XML2-2500-0.005-12E-5-200-10.fa	XML-2	18	9181
XML-2/alignment_XML2-2500-0.005-12E-5-200-11.fa	XML-2	17	9181
XML-2/alignment_XML2-2500-0.005-12E-5-200-12.fa	XML-2	16	9181
XML-2/alignment_XML2-2500-0.005-12E-5-200-13.fa	XML-2	16	9181
XML-2/alignment_XML2-2500-0.005-12E-5-200-14.fa	XML-2	25	9181
XML-2/alignment_XML2-2500-0.005-12E-5-200-15.fa	XML-2	37	9181
XML-2/alignment_XML2-2500-0.005-12E-5-200-2.fa	XML-2	22	9181
XML-2/alignment_XML2-2500-0.005-12E-5-200-3.fa	XML-2	23	9181
XML-2/alignment_XML2-2500-0.005-12E-5-200-4.fa	XML-2	25	9181
XML-2/alignment_XML2-2500-0.005-12E-5-200-5.fa	XML-2	37	9181
XML-2/alignment_XML2-2500-0.005-12E-5-200-6.fa	XML-2	24	9181
XML-2/alignment_XML2-2500-0.005-12E-5-200-7.fa	XML-2	30	9181
XML-2/alignment_XML2-2500-0.005-12E-5-200-8.fa	XML-2	18	9181
XML-2/alignment_XML2-2500-0.005-12E-5-200-9.fa	XML-2	33	9181
XML-2/alignment_XML2-2500-0.005-12E-5-50-1.fa	XML-2	8	9181
XML-2/alignment_XML2-2500-0.005-12E-5-50-10.fa	XML-2	17	9181
XML-2/alignment_XML2-2500-0.005-12E-5-50-11.fa	XML-2	11	9181
XML-2/alignment_XML2-2500-0.005-12E-5-50-12.fa	XML-2	14	9181
XML-2/alignment_XML2-2500-0.005-12E-5-50-13.fa	XML-2	19	9181
XML-2/alignment_XML2-2500-0.005-12E-5-50-14.fa	XML-2	8	9181
XML-2/alignment_XML2-2500-0.005-12E-5-50-15.fa	XML-2	20	9181
XML-2/alignment_XML2-2500-0.005-12E-5-50-2.fa	XML-2	11	9181
XML-2/alignment_XML2-2500-0.005-12E-5-50-3.fa	XML-2	10	9181
XML-2/alignment_XML2-2500-0.005-12E-5-50-4.fa	XML-2	15	9181
XML-2/alignment_XML2-2500-0.005-12E-5-50-5.fa	XML-2	16	9181
XML-2/alignment_XML2-2500-0.005-12E-5-50-6.fa	XML-2	8	9181
XML-2/alignment_XML2-2500-0.005-12E-5-50-7.fa	XML-2	14	9181
XML-2/alignment_XML2-2500-0.005-12E-5-50-8.fa	XML-2	13	9181
XML-2/alignment_XML2-2500-0.005-12E-5-50-9.fa	XML-2	10	9181
XML-2/alignment_XML2-2500-0.005-4E-5-100-1.fa	XML-2	25	9181
XML-2/alignment_XML2-2500-0.005-4E-5-100-10.fa	XML-2	26	9181
XML-2/alignment_XML2-2500-0.005-4E-5-100-11.fa	XML-2	19	9181
XML-2/alignment_XML2-2500-0.005-4E-5-100-12.fa	XML-2	32	9181
XML-2/alignment_XML2-2500-0.005-4E-5-100-13.fa	XML-2	21	9181
XML-2/alignment_XML2-2500-0.005-4E-5-100-14.fa	XML-2	24	9181
XML-2/alignment_XML2-2500-0.005-4E-5-100-15.fa	XML-2	27	9181
XML-2/alignment_XML2-2500-0.005-4E-5-100-2.fa	XML-2	22	9181
XML-2/alignment_XML2-2500-0.005-4E-5-100-3.fa	XML-2	27	9181
XML-2/alignment_XML2-2500-0.005-4E-5-100-4.fa	XML-2	21	9181
XML-2/alignment_XML2-2500-0.005-4E-5-100-5.fa	XML-2	16	9181
XML-2/alignment_XML2-2500-0.005-4E-5-100-6.fa	XML-2	16	9181
XML-2/alignment_XML2-2500-0.005-4E-5-100-7.fa	XML-2	20	9181
XML-2/alignment_XML2-2500-0.005-4E-5-100-8.fa	XML-2	20	9181
XML-2/alignment_XML2-2500-0.005-4E-5-100-9.fa	XML-2	21	9181
XML-2/alignment_XML2-2500-0.005-4E-5-200-1.fa	XML-2	28	9181
XML-2/alignment_XML2-2500-0.005-4E-5-200-10.fa	XML-2	39	9181
XML-2/alignment_XML2-2500-0.005-4E-5-200-11.fa	XML-2	25	9181
XML-2/alignment_XML2-2500-0.005-4E-5-200-12.fa	XML-2	39	9181
XML-2/alignment_XML2-2500-0.005-4E-5-200-13.fa	XML-2	36	9181
XML-2/alignment_XML2-2500-0.005-4E-5-200-14.fa	XML-2	34	9181
XML-2/alignment_XML2-2500-0.005-4E-5-200-15.fa	XML-2	21	9181
XML-2/alignment_XML2-2500-0.005-4E-5-200-2.fa	XML-2	31	9181
XML-2/alignment_XML2-2500-0.005-4E-5-200-3.fa	XML-2	27	9181
XML-2/alignment_XML2-2500-0.005-4E-5-200-4.fa	XML-2	32	9181
XML-2/alignment_XML2-2500-0.005-4E-5-200-5.fa	XML-2	26	9181
XML-2/alignment_XML2-2500-0.005-4E-5-200-6.fa	XML-2	37	9181
XML-2/alignment_XML2-2500-0.005-4E-5-200-7.fa	XML-2	25	9181
XML-2/alignment_XML2-2500-0.005-4E-5-200-8.fa	XML-2	23	9181
XML-2/alignment_XML2-2500-0.005-4E-5-200-9.fa	XML-2	41	9181
XML-2/alignment_XML2-2500-0.005-4E-5-50-1.fa	XML-2	22	9181
XML-2/alignment_XML2-2500-0.005-4E-5-50-10.fa	XML-2	21	9181
XML-2/alignment_XML2-2500-0.005-4E-5-50-11.fa	XML-2	11	9181
XML-2/alignment_XML2-2500-0.005-4E-5-50-12.fa	XML-2	19	9181
XML-2/alignment_XML2-2500-0.005-4E-5-50-13.fa	XML-2	23	9181
XML-2/alignment_XML2-2500-0.005-4E-5-50-14.fa	XML-2	19	9181
XML-2/alignment_XML2-2500-0.005-4E-5-50-15.fa	XML-2	23	9181
XML-2/alignment_XML2-2500-0.005-4E-5-50-2.fa	XML-2	15	9181
XML-2/alignment_XML2-2500-0.005-4E-5-50-3.fa	XML-2	16	9181
XML-2/alignment_XML2-2500-0.005-4E-5-50-4.fa	XML-2	17	9181
XML-2/alignment_XML2-2500-0.005-4E-5-50-5.fa	XML-2	23	9181
XML-2/alignment_XML2-2500-0.005-4E-5-50-6.fa	XML-2	17	9181
XML-2/alignment_XML2-2500-0.005-4E-5-50-7.fa	XML-2	33	9181
XML-2/alignment_XML2-2500-0.005-4E-5-50-8.fa	XML-2	19	9181
XML-2/alignment_XML2-2500-0.005-4E-5-50-9.fa	XML-2	12	9181
XML-2/alignment_XML2-2500-0.005-8E-5-100-1.fa	XML-2	18	9181
XML-2/alignment_XML2-2500-0.005-8E-5-100-10.fa	XML-2	16	9181
XML-2/alignment_XML2-2500-0.005-8E-5-100-11.fa	XML-2	22	9181
XML-2/alignment_XML2-2500-0.005-8E-5-100-12.fa	XML-2	21	9181
XML-2/alignment_XML2-2500-0.005-8E-5-100-13.fa	XML-2	17	9181
XML-2/alignment_XML2-2500-0.005-8E-5-100-14.fa	XML-2	19	9181
XML-2/alignment_XML2-2500-0.005-8E-5-100-15.fa	XML-2	21	9181
XML-2/alignment_XML2-2500-0.005-8E-5-100-2.fa	XML-2	17	9181
XML-2/alignment_XML2-2500-0.005-8E-5-100-3.fa	XML-2	15	9181
XML-2/alignment_XML2-2500-0.005-8E-5-100-4.fa	XML-2	25	9181
XML-2/alignment_XML2-2500-0.005-8E-5-100-5.fa	XML-2	31	9181
XML-2/alignment_XML2-2500-0.005-8E-5-100-6.fa	XML-2	22	9181
XML-2/alignment_XML2-2500-0.005-8E-5-100-7.fa	XML-2	16	9181
XML-2/alignment_XML2-2500-0.005-8E-5-100-8.fa	XML-2	21	9181
XML-2/alignment_XML2-2500-0.005-8E-5-100-9.fa	XML-2	25	9181
XML-2/alignment_XML2-2500-0.005-8E-5-200-1.fa	XML-2	27	9181
XML-2/alignment_XML2-2500-0.005-8E-5-200-10.fa	XML-2	30	9181
XML-2/alignment_XML2-2500-0.005-8E-5-200-11.fa	XML-2	22	9181
XML-2/alignment_XML2-2500-0.005-8E-5-200-12.fa	XML-2	30	9181
XML-2/alignment_XML2-2500-0.005-8E-5-200-13.fa	XML-2	39	9181
XML-2/alignment_XML2-2500-0.005-8E-5-200-14.fa	XML-2	32	9181
XML-2/alignment_XML2-2500-0.005-8E-5-200-15.fa	XML-2	37	9181
XML-2/alignment_XML2-2500-0.005-8E-5-200-2.fa	XML-2	23	9181
XML-2/alignment_XML2-2500-0.005-8E-5-200-3.fa	XML-2	36	9181
XML-2/alignment_XML2-2500-0.005-8E-5-200-4.fa	XML-2	24	9181
XML-2/alignment_XML2-2500-0.005-8E-5-200-5.fa	XML-2	17	9181
XML-2/alignment_XML2-2500-0.005-8E-5-200-6.fa	XML-2	26	9181
XML-2/alignment_XML2-2500-0.005-8E-5-200-7.fa	XML-2	12	9181
XML-2/alignment_XML2-2500-0.005-8E-5-200-8.fa	XML-2	22	9181
XML-2/alignment_XML2-2500-0.005-8E-5-200-9.fa	XML-2	26	9181
XML-2/alignment_XML2-2500-0.005-8E-5-50-1.fa	XML-2	10	9181
XML-2/alignment_XML2-2500-0.005-8E-5-50-10.fa	XML-2	19	9181
XML-2/alignment_XML2-2500-0.005-8E-5-50-11.fa	XML-2	14	9181
XML-2/alignment_XML2-2500-0.005-8E-5-50-12.fa	XML-2	21	9181
XML-2/alignment_XML2-2500-0.005-8E-5-50-13.fa	XML-2	15	9181
XML-2/alignment_XML2-2500-0.005-8E-5-50-14.fa	XML-2	18	9181
XML-2/alignment_XML2-2500-0.005-8E-5-50-15.fa	XML-2	13	9181
XML-2/alignment_XML2-2500-0.005-8E-5-50-2.fa	XML-2	17	9181
XML-2/alignment_XML2-2500-0.005-8E-5-50-3.fa	XML-2	15	9181
XML-2/alignment_XML2-2500-0.005-8E-5-50-4.fa	XML-2	16	9181
XML-2/alignment_XML2-2500-0.005-8E-5-50-5.fa	XML-2	14	9181
XML-2/alignment_XML2-2500-0.005-8E-5-50-6.fa	XML-2	13	9181
XML-2/alignment_XML2-2500-0.005-8E-5-50-7.fa	XML-2	21	9181
XML-2/alignment_XML2-2500-0.005-8E-5-50-8.fa	XML-2	16	9181
XML-2/alignment_XML2-2500-0.005-8E-5-50-9.fa	XML-2	15	9181
XML-2/alignment_XML2-2500-0.01-12E-5-100-1.fa	XML-2	24	9181
XML-2/alignment_XML2-2500-0.01-12E-5-100-10.fa	XML-2	34	9181
XML-2/alignment_XML2-2500-0.01-12E-5-100-11.fa	XML-2	30	9181
XML-2/alignment_XML2-2500-0.01-12E-5-100-12.fa	XML-2	27	9181
XML-2/alignment_XML2-2500-0.01-12E-5-100-13.fa	XML-2	24	9181
XML-2/alignment_XML2-2500-0.01-12E-5-100-14.fa	XML-2	19	9181
XML-2/alignment_XML2-2500-0.01-12E-5-100-15.fa	XML-2	27	9181
XML-2/alignment_XML2-2500-0.01-12E-5-100-2.fa	XML-2	34	9181
XML-2/alignment_XML2-2500-0.01-12E-5-100-3.fa	XML-2	29	9181
XML-2/alignment_XML2-2500-0.01-12E-5-100-4.fa	XML-2	30	9181
XML-2/alignment_XML2-2500-0.01-12E-5-100-5.fa	XML-2	37	9181
XML-2/alignment_XML2-2500-0.01-12E-5-100-6.fa	XML-2	23	9181
XML-2/alignment_XML2-2500-0.01-12E-5-100-7.fa	XML-2	27	9181
XML-2/alignment_XML2-2500-0.01-12E-5-100-8.fa	XML-2	36	9181
XML-2/alignment_XML2-2500-0.01-12E-5-100-9.fa	XML-2	27	9181
XML-2/alignment_XML2-2500-0.01-12E-5-200-1.fa	XML-2	47	9181
XML-2/alignment_XML2-2500-0.01-12E-5-200-10.fa	XML-2	46	9181
XML-2/alignment_XML2-2500-0.01-12E-5-200-11.fa	XML-2	48	9181
XML-2/alignment_XML2-2500-0.01-12E-5-200-12.fa	XML-2	28	9181
XML-2/alignment_XML2-2500-0.01-12E-5-200-13.fa	XML-2	40	9181
XML-2/alignment_XML2-2500-0.01-12E-5-200-14.fa	XML-2	30	9181
XML-2/alignment_XML2-2500-0.01-12E-5-200-15.fa	XML-2	34	9181
XML-2/alignment_XML2-2500-0.01-12E-5-200-2.fa	XML-2	46	9181
XML-2/alignment_XML2-2500-0.01-12E-5-200-3.fa	XML-2	34	9181
XML-2/alignment_XML2-2500-0.01-12E-5-200-4.fa	XML-2	51	9181
XML-2/alignment_XML2-2500-0.01-12E-5-200-5.fa	XML-2	40	9181
XML-2/alignment_XML2-2500-0.01-12E-5-200-6.fa	XML-2	44	9181
XML-2/alignment_XML2-2500-0.01-12E-5-200-7.fa	XML-2	43	9181
XML-2/alignment_XML2-2500-0.01-12E-5-200-8.fa	XML-2	48	9181
XML-2/alignment_XML2-2500-0.01-12E-5-200-9.fa	XML-2	45	9181
XML-2/alignment_XML2-2500-0.01-12E-5-50-1.fa	XML-2	19	9181
XML-2/alignment_XML2-2500-0.01-12E-5-50-10.fa	XML-2	18	9181
XML-2/alignment_XML2-2500-0.01-12E-5-50-11.fa	XML-2	13	9181
XML-2/alignment_XML2-2500-0.01-12E-5-50-12.fa	XML-2	30	9181
XML-2/alignment_XML2-2500-0.01-12E-5-50-13.fa	XML-2	20	9181
XML-2/alignment_XML2-2500-0.01-12E-5-50-14.fa	XML-2	24	9181
XML-2/alignment_XML2-2500-0.01-12E-5-50-15.fa	XML-2	17	9181
XML-2/alignment_XML2-2500-0.01-12E-5-50-2.fa	XML-2	25	9181
XML-2/alignment_XML2-2500-0.01-12E-5-50-3.fa	XML-2	16	9181
XML-2/alignment_XML2-2500-0.01-12E-5-50-4.fa	XML-2	21	9181
XML-2/alignment_XML2-2500-0.01-12E-5-50-5.fa	XML-2	24	9181
XML-2/alignment_XML2-2500-0.01-12E-5-50-6.fa	XML-2	28	9181
XML-2/alignment_XML2-2500-0.01-12E-5-50-7.fa	XML-2	18	9181
XML-2/alignment_XML2-2500-0.01-12E-5-50-8.fa	XML-2	15	9181
XML-2/alignment_XML2-2500-0.01-12E-5-50-9.fa	XML-2	23	9181
XML-2/alignment_XML2-2500-0.01-4E-5-100-1.fa	XML-2	44	9181
XML-2/alignment_XML2-2500-0.01-4E-5-100-10.fa	XML-2	37	9181
XML-2/alignment_XML2-2500-0.01-4E-5-100-11.fa	XML-2	39	9181
XML-2/alignment_XML2-2500-0.01-4E-5-100-12.fa	XML-2	36	9181
XML-2/alignment_XML2-2500-0.01-4E-5-100-13.fa	XML-2	56	9181
XML-2/alignment_XML2-2500-0.01-4E-5-100-14.fa	XML-2	48	9181
XML-2/alignment_XML2-2500-0.01-4E-5-100-15.fa	XML-2	35	9181
XML-2/alignment_XML2-2500-0.01-4E-5-100-2.fa	XML-2	24	9181
XML-2/alignment_XML2-2500-0.01-4E-5-100-3.fa	XML-2	30	9181
XML-2/alignment_XML2-2500-0.01-4E-5-100-4.fa	XML-2	34	9181
XML-2/alignment_XML2-2500-0.01-4E-5-100-5.fa	XML-2	37	9181
XML-2/alignment_XML2-2500-0.01-4E-5-100-6.fa	XML-2	40	9181
XML-2/alignment_XML2-2500-0.01-4E-5-100-7.fa	XML-2	54	9181
XML-2/alignment_XML2-2500-0.01-4E-5-100-8.fa	XML-2	32	9181
XML-2/alignment_XML2-2500-0.01-4E-5-100-9.fa	XML-2	38	9181
XML-2/alignment_XML2-2500-0.01-4E-5-200-1.fa	XML-2	66	9181
XML-2/alignment_XML2-2500-0.01-4E-5-200-10.fa	XML-2	62	9181
XML-2/alignment_XML2-2500-0.01-4E-5-200-11.fa	XML-2	50	9181
XML-2/alignment_XML2-2500-0.01-4E-5-200-12.fa	XML-2	60	9181
XML-2/alignment_XML2-2500-0.01-4E-5-200-13.fa	XML-2	43	9181
XML-2/alignment_XML2-2500-0.01-4E-5-200-14.fa	XML-2	58	9181
XML-2/alignment_XML2-2500-0.01-4E-5-200-15.fa	XML-2	58	9181
XML-2/alignment_XML2-2500-0.01-4E-5-200-2.fa	XML-2	63	9181
XML-2/alignment_XML2-2500-0.01-4E-5-200-3.fa	XML-2	57	9181
XML-2/alignment_XML2-2500-0.01-4E-5-200-4.fa	XML-2	61	9181
XML-2/alignment_XML2-2500-0.01-4E-5-200-5.fa	XML-2	58	9181
XML-2/alignment_XML2-2500-0.01-4E-5-200-6.fa	XML-2	54	9181
XML-2/alignment_XML2-2500-0.01-4E-5-200-7.fa	XML-2	49	9181
XML-2/alignment_XML2-2500-0.01-4E-5-200-8.fa	XML-2	56	9181
XML-2/alignment_XML2-2500-0.01-4E-5-200-9.fa	XML-2	72	9181
XML-2/alignment_XML2-2500-0.01-4E-5-50-1.fa	XML-2	22	9181
XML-2/alignment_XML2-2500-0.01-4E-5-50-10.fa	XML-2	29	9181
XML-2/alignment_XML2-2500-0.01-4E-5-50-11.fa	XML-2	27	9181
XML-2/alignment_XML2-2500-0.01-4E-5-50-12.fa	XML-2	27	9181
XML-2/alignment_XML2-2500-0.01-4E-5-50-13.fa	XML-2	33	9181
XML-2/alignment_XML2-2500-0.01-4E-5-50-14.fa	XML-2	27	9181
XML-2/alignment_XML2-2500-0.01-4E-5-50-15.fa	XML-2	18	9181
XML-2/alignment_XML2-2500-0.01-4E-5-50-2.fa	XML-2	21	9181
XML-2/alignment_XML2-2500-0.01-4E-5-50-3.fa	XML-2	28	9181
XML-2/alignment_XML2-2500-0.01-4E-5-50-4.fa	XML-2	27	9181
XML-2/alignment_XML2-2500-0.01-4E-5-50-5.fa	XML-2	34	9181
XML-2/alignment_XML2-2500-0.01-4E-5-50-6.fa	XML-2	30	9181
XML-2/alignment_XML2-2500-0.01-4E-5-50-7.fa	XML-2	27	9181
XML-2/alignment_XML2-2500-0.01-4E-5-50-8.fa	XML-2	24	9181
XML-2/alignment_XML2-2500-0.01-4E-5-50-9.fa	XML-2	29	9181
XML-2/alignment_XML2-2500-0.01-8E-5-100-1.fa	XML-2	18	9181
XML-2/alignment_XML2-2500-0.01-8E-5-100-10.fa	XML-2	31	9181
XML-2/alignment_XML2-2500-0.01-8E-5-100-11.fa	XML-2	27	9181
XML-2/alignment_XML2-2500-0.01-8E-5-100-12.fa	XML-2	41	9181
XML-2/alignment_XML2-2500-0.01-8E-5-100-13.fa	XML-2	36	9181
XML-2/alignment_XML2-2500-0.01-8E-5-100-14.fa	XML-2	26	9181
XML-2/alignment_XML2-2500-0.01-8E-5-100-15.fa	XML-2	35	9181
XML-2/alignment_XML2-2500-0.01-8E-5-100-2.fa	XML-2	36	9181
XML-2/alignment_XML2-2500-0.01-8E-5-100-3.fa	XML-2	25	9181
XML-2/alignment_XML2-2500-0.01-8E-5-100-4.fa	XML-2	31	9181
XML-2/alignment_XML2-2500-0.01-8E-5-100-5.fa	XML-2	36	9181
XML-2/alignment_XML2-2500-0.01-8E-5-100-6.fa	XML-2	34	9181
XML-2/alignment_XML2-2500-0.01-8E-5-100-7.fa	XML-2	31	9181
XML-2/alignment_XML2-2500-0.01-8E-5-100-8.fa	XML-2	46	9181
XML-2/alignment_XML2-2500-0.01-8E-5-100-9.fa	XML-2	31	9181
XML-2/alignment_XML2-2500-0.01-8E-5-200-1.fa	XML-2	42	9181
XML-2/alignment_XML2-2500-0.01-8E-5-200-10.fa	XML-2	45	9181
XML-2/alignment_XML2-2500-0.01-8E-5-200-11.fa	XML-2	53	9181
XML-2/alignment_XML2-2500-0.01-8E-5-200-12.fa	XML-2	54	9181
XML-2/alignment_XML2-2500-0.01-8E-5-200-13.fa	XML-2	40	9181
XML-2/alignment_XML2-2500-0.01-8E-5-200-14.fa	XML-2	54	9181
XML-2/alignment_XML2-2500-0.01-8E-5-200-15.fa	XML-2	34	9181
XML-2/alignment_XML2-2500-0.01-8E-5-200-2.fa	XML-2	55	9181
XML-2/alignment_XML2-2500-0.01-8E-5-200-3.fa	XML-2	41	9181
XML-2/alignment_XML2-2500-0.01-8E-5-200-4.fa	XML-2	55	9181
XML-2/alignment_XML2-2500-0.01-8E-5-200-5.fa	XML-2	46	9181
XML-2/alignment_XML2-2500-0.01-8E-5-200-6.fa	XML-2	54	9181
XML-2/alignment_XML2-2500-0.01-8E-5-200-7.fa	XML-2	65	9181
XML-2/alignment_XML2-2500-0.01-8E-5-200-8.fa	XML-2	27	9181
XML-2/alignment_XML2-2500-0.01-8E-5-200-9.fa	XML-2	46	9181
XML-2/alignment_XML2-2500-0.01-8E-5-50-1.fa	XML-2	28	9181
XML-2/alignment_XML2-2500-0.01-8E-5-50-10.fa	XML-2	25	9181
XML-2/alignment_XML2-2500-0.01-8E-5-50-11.fa	XML-2	24	9181
XML-2/alignment_XML2-2500-0.01-8E-5-50-12.fa	XML-2	26	9181
XML-2/alignment_XML2-2500-0.01-8E-5-50-13.fa	XML-2	24	9181
XML-2/alignment_XML2-2500-0.01-8E-5-50-14.fa	XML-2	22	9181
XML-2/alignment_XML2-2500-0.01-8E-5-50-15.fa	XML-2	18	9181
XML-2/alignment_XML2-2500-0.01-8E-5-50-2.fa	XML-2	18	9181
XML-2/alignment_XML2-2500-0.01-8E-5-50-3.fa	XML-2	33	9181
XML-2/alignment_XML2-2500-0.01-8E-5-50-4.fa	XML-2	20	9181
XML-2/alignment_XML2-2500-0.01-8E-5-50-5.fa	XML-2	19	9181
XML-2/alignment_XML2-2500-0.01-8E-5-50-6.fa	XML-2	33	9181
XML-2/alignment_XML2-2500-0.01-8E-5-50-7.fa	XML-2	22	9181
XML-2/alignment_XML2-2500-0.01-8E-5-50-8.fa	XML-2	32	9181
XML-2/alignment_XML2-2500-0.01-8E-5-50-9.fa	XML-2	22	9181
XML-2/alignment_XML2-2500-0.02-12E-5-100-1.fa	XML-2	34	9181
XML-2/alignment_XML2-2500-0.02-12E-5-100-10.fa	XML-2	62	9181
XML-2/alignment_XML2-2500-0.02-12E-5-100-11.fa	XML-2	47	9181
XML-2/alignment_XML2-2500-0.02-12E-5-100-12.fa	XML-2	38	9181
XML-2/alignment_XML2-2500-0.02-12E-5-100-13.fa	XML-2	56	9181
XML-2/alignment_XML2-2500-0.02-12E-5-100-14.fa	XML-2	50	9181
XML-2/alignment_XML2-2500-0.02-12E-5-100-15.fa	XML-2	41	9181
XML-2/alignment_XML2-2500-0.02-12E-5-100-2.fa	XML-2	45	9181
XML-2/alignment_XML2-2500-0.02-12E-5-100-3.fa	XML-2	49	9181
XML-2/alignment_XML2-2500-0.02-12E-5-100-4.fa	XML-2	63	9181
XML-2/alignment_XML2-2500-0.02-12E-5-100-5.fa	XML-2	36	9181
XML-2/alignment_XML2-2500-0.02-12E-5-100-6.fa	XML-2	33	9181
XML-2/alignment_XML2-2500-0.02-12E-5-100-7.fa	XML-2	52	9181
XML-2/alignment_XML2-2500-0.02-12E-5-100-8.fa	XML-2	48	9181
XML-2/alignment_XML2-2500-0.02-12E-5-100-9.fa	XML-2	51	9181
XML-2/alignment_XML2-2500-0.02-12E-5-200-1.fa	XML-2	78	9181
XML-2/alignment_XML2-2500-0.02-12E-5-200-10.fa	XML-2	90	9181
XML-2/alignment_XML2-2500-0.02-12E-5-200-11.fa	XML-2	90	9181
XML-2/alignment_XML2-2500-0.02-12E-5-200-12.fa	XML-2	72	9181
XML-2/alignment_XML2-2500-0.02-12E-5-200-13.fa	XML-2	78	9181
XML-2/alignment_XML2-2500-0.02-12E-5-200-14.fa	XML-2	68	9181
XML-2/alignment_XML2-2500-0.02-12E-5-200-15.fa	XML-2	61	9181
XML-2/alignment_XML2-2500-0.02-12E-5-200-2.fa	XML-2	71	9181
XML-2/alignment_XML2-2500-0.02-12E-5-200-3.fa	XML-2	72	9181
XML-2/alignment_XML2-2500-0.02-12E-5-200-4.fa	XML-2	64	9181
XML-2/alignment_XML2-2500-0.02-12E-5-200-5.fa	XML-2	78	9181
XML-2/alignment_XML2-2500-0.02-12E-5-200-6.fa	XML-2	70	9181
XML-2/alignment_XML2-2500-0.02-12E-5-200-7.fa	XML-2	80	9181
XML-2/alignment_XML2-2500-0.02-12E-5-200-8.fa	XML-2	79	9181
XML-2/alignment_XML2-2500-0.02-12E-5-200-9.fa	XML-2	77	9181
XML-2/alignment_XML2-2500-0.02-12E-5-50-1.fa	XML-2	30	9181
XML-2/alignment_XML2-2500-0.02-12E-5-50-10.fa	XML-2	40	9181
XML-2/alignment_XML2-2500-0.02-12E-5-50-11.fa	XML-2	27	9181
XML-2/alignment_XML2-2500-0.02-12E-5-50-12.fa	XML-2	29	9181
XML-2/alignment_XML2-2500-0.02-12E-5-50-13.fa	XML-2	27	9181
XML-2/alignment_XML2-2500-0.02-12E-5-50-14.fa	XML-2	33	9181
XML-2/alignment_XML2-2500-0.02-12E-5-50-15.fa	XML-2	27	9181
XML-2/alignment_XML2-2500-0.02-12E-5-50-2.fa	XML-2	31	9181
XML-2/alignment_XML2-2500-0.02-12E-5-50-3.fa	XML-2	29	9181
XML-2/alignment_XML2-2500-0.02-12E-5-50-4.fa	XML-2	37	9181
XML-2/alignment_XML2-2500-0.02-12E-5-50-5.fa	XML-2	37	9181
XML-2/alignment_XML2-2500-0.02-12E-5-50-6.fa	XML-2	38	9181
XML-2/alignment_XML2-2500-0.02-12E-5-50-7.fa	XML-2	28	9181
XML-2/alignment_XML2-2500-0.02-12E-5-50-8.fa	XML-2	41	9181
XML-2/alignment_XML2-2500-0.02-12E-5-50-9.fa	XML-2	29	9181
XML-2/alignment_XML2-2500-0.02-4E-5-100-1.fa	XML-2	53	9181
XML-2/alignment_XML2-2500-0.02-4E-5-100-10.fa	XML-2	43	9181
XML-2/alignment_XML2-2500-0.02-4E-5-100-11.fa	XML-2	50	9181
XML-2/alignment_XML2-2500-0.02-4E-5-100-12.fa	XML-2	57	9181
XML-2/alignment_XML2-2500-0.02-4E-5-100-13.fa	XML-2	60	9181
XML-2/alignment_XML2-2500-0.02-4E-5-100-14.fa	XML-2	51	9181
XML-2/alignment_XML2-2500-0.02-4E-5-100-15.fa	XML-2	48	9181
XML-2/alignment_XML2-2500-0.02-4E-5-100-2.fa	XML-2	36	9181
XML-2/alignment_XML2-2500-0.02-4E-5-100-3.fa	XML-2	53	9181
XML-2/alignment_XML2-2500-0.02-4E-5-100-4.fa	XML-2	49	9181
XML-2/alignment_XML2-2500-0.02-4E-5-100-5.fa	XML-2	56	9181
XML-2/alignment_XML2-2500-0.02-4E-5-100-6.fa	XML-2	62	9181
XML-2/alignment_XML2-2500-0.02-4E-5-100-7.fa	XML-2	64	9181
XML-2/alignment_XML2-2500-0.02-4E-5-100-8.fa	XML-2	55	9181
XML-2/alignment_XML2-2500-0.02-4E-5-100-9.fa	XML-2	52	9181
XML-2/alignment_XML2-2500-0.02-4E-5-200-1.fa	XML-2	70	9181
XML-2/alignment_XML2-2500-0.02-4E-5-200-10.fa	XML-2	80	9181
XML-2/alignment_XML2-2500-0.02-4E-5-200-11.fa	XML-2	61	9181
XML-2/alignment_XML2-2500-0.02-4E-5-200-12.fa	XML-2	69	9181
XML-2/alignment_XML2-2500-0.02-4E-5-200-13.fa	XML-2	82	9181
XML-2/alignment_XML2-2500-0.02-4E-5-200-14.fa	XML-2	82	9181
XML-2/alignment_XML2-2500-0.02-4E-5-200-15.fa	XML-2	85	9181
XML-2/alignment_XML2-2500-0.02-4E-5-200-2.fa	XML-2	88	9181
XML-2/alignment_XML2-2500-0.02-4E-5-200-3.fa	XML-2	74	9181
XML-2/alignment_XML2-2500-0.02-4E-5-200-4.fa	XML-2	92	9181
XML-2/alignment_XML2-2500-0.02-4E-5-200-5.fa	XML-2	77	9181
XML-2/alignment_XML2-2500-0.02-4E-5-200-6.fa	XML-2	66	9181
XML-2/alignment_XML2-2500-0.02-4E-5-200-7.fa	XML-2	73	9181
XML-2/alignment_XML2-2500-0.02-4E-5-200-8.fa	XML-2	57	9181
XML-2/alignment_XML2-2500-0.02-4E-5-200-9.fa	XML-2	74	9181
XML-2/alignment_XML2-2500-0.02-4E-5-50-1.fa	XML-2	26	9181
XML-2/alignment_XML2-2500-0.02-4E-5-50-10.fa	XML-2	43	9181
XML-2/alignment_XML2-2500-0.02-4E-5-50-11.fa	XML-2	28	9181
XML-2/alignment_XML2-2500-0.02-4E-5-50-12.fa	XML-2	27	9181
XML-2/alignment_XML2-2500-0.02-4E-5-50-13.fa	XML-2	39	9181
XML-2/alignment_XML2-2500-0.02-4E-5-50-14.fa	XML-2	31	9181
XML-2/alignment_XML2-2500-0.02-4E-5-50-15.fa	XML-2	48	9181
XML-2/alignment_XML2-2500-0.02-4E-5-50-2.fa	XML-2	39	9181
XML-2/alignment_XML2-2500-0.02-4E-5-50-3.fa	XML-2	40	9181
XML-2/alignment_XML2-2500-0.02-4E-5-50-4.fa	XML-2	28	9181
XML-2/alignment_XML2-2500-0.02-4E-5-50-5.fa	XML-2	42	9181
XML-2/alignment_XML2-2500-0.02-4E-5-50-6.fa	XML-2	35	9181
XML-2/alignment_XML2-2500-0.02-4E-5-50-7.fa	XML-2	25	9181
XML-2/alignment_XML2-2500-0.02-4E-5-50-8.fa	XML-2	34	9181
XML-2/alignment_XML2-2500-0.02-4E-5-50-9.fa	XML-2	32	9181
XML-2/alignment_XML2-2500-0.02-8E-5-100-1.fa	XML-2	61	9181
XML-2/alignment_XML2-2500-0.02-8E-5-100-10.fa	XML-2	56	9181
XML-2/alignment_XML2-2500-0.02-8E-5-100-11.fa	XML-2	49	9181
XML-2/alignment_XML2-2500-0.02-8E-5-100-12.fa	XML-2	51	9181
XML-2/alignment_XML2-2500-0.02-8E-5-100-13.fa	XML-2	57	9181
XML-2/alignment_XML2-2500-0.02-8E-5-100-14.fa	XML-2	55	9181
XML-2/alignment_XML2-2500-0.02-8E-5-100-15.fa	XML-2	68	9181
XML-2/alignment_XML2-2500-0.02-8E-5-100-2.fa	XML-2	50	9181
XML-2/alignment_XML2-2500-0.02-8E-5-100-3.fa	XML-2	48	9181
XML-2/alignment_XML2-2500-0.02-8E-5-100-4.fa	XML-2	42	9181
XML-2/alignment_XML2-2500-0.02-8E-5-100-5.fa	XML-2	57	9181
XML-2/alignment_XML2-2500-0.02-8E-5-100-6.fa	XML-2	43	9181
XML-2/alignment_XML2-2500-0.02-8E-5-100-7.fa	XML-2	39	9181
XML-2/alignment_XML2-2500-0.02-8E-5-100-8.fa	XML-2	47	9181
XML-2/alignment_XML2-2500-0.02-8E-5-100-9.fa	XML-2	62	9181
XML-2/alignment_XML2-2500-0.02-8E-5-200-1.fa	XML-2	62	9181
XML-2/alignment_XML2-2500-0.02-8E-5-200-10.fa	XML-2	76	9181
XML-2/alignment_XML2-2500-0.02-8E-5-200-11.fa	XML-2	78	9181
XML-2/alignment_XML2-2500-0.02-8E-5-200-12.fa	XML-2	73	9181
XML-2/alignment_XML2-2500-0.02-8E-5-200-13.fa	XML-2	79	9181
XML-2/alignment_XML2-2500-0.02-8E-5-200-14.fa	XML-2	71	9181
XML-2/alignment_XML2-2500-0.02-8E-5-200-15.fa	XML-2	105	9181
XML-2/alignment_XML2-2500-0.02-8E-5-200-2.fa	XML-2	73	9181
XML-2/alignment_XML2-2500-0.02-8E-5-200-3.fa	XML-2	93	9181
XML-2/alignment_XML2-2500-0.02-8E-5-200-4.fa	XML-2	83	9181
XML-2/alignment_XML2-2500-0.02-8E-5-200-5.fa	XML-2	93	9181
XML-2/alignment_XML2-2500-0.02-8E-5-200-6.fa	XML-2	88	9181
XML-2/alignment_XML2-2500-0.02-8E-5-200-7.fa	XML-2	64	9181
XML-2/alignment_XML2-2500-0.02-8E-5-200-8.fa	XML-2	87	9181
XML-2/alignment_XML2-2500-0.02-8E-5-200-9.fa	XML-2	70	9181
XML-2/alignment_XML2-2500-0.02-8E-5-50-1.fa	XML-2	29	9181
XML-2/alignment_XML2-2500-0.02-8E-5-50-10.fa	XML-2	33	9181
XML-2/alignment_XML2-2500-0.02-8E-5-50-11.fa	XML-2	28	9181
XML-2/alignment_XML2-2500-0.02-8E-5-50-12.fa	XML-2	37	9181
XML-2/alignment_XML2-2500-0.02-8E-5-50-13.fa	XML-2	35	9181
XML-2/alignment_XML2-2500-0.02-8E-5-50-14.fa	XML-2	38	9181
XML-2/alignment_XML2-2500-0.02-8E-5-50-15.fa	XML-2	35	9181
XML-2/alignment_XML2-2500-0.02-8E-5-50-2.fa	XML-2	29	9181
XML-2/alignment_XML2-2500-0.02-8E-5-50-3.fa	XML-2	32	9181
XML-2/alignment_XML2-2500-0.02-8E-5-50-4.fa	XML-2	17	9181
XML-2/alignment_XML2-2500-0.02-8E-5-50-5.fa	XML-2	30	9181
XML-2/alignment_XML2-2500-0.02-8E-5-50-6.fa	XML-2	39	9181
XML-2/alignment_XML2-2500-0.02-8E-5-50-7.fa	XML-2	30	9181
XML-2/alignment_XML2-2500-0.02-8E-5-50-8.fa	XML-2	23	9181
XML-2/alignment_XML2-2500-0.02-8E-5-50-9.fa	XML-2	34	9181
XML-2/alignment_XML2-3250-0.005-12E-5-100-1.fa	XML-2	23	9181
XML-2/alignment_XML2-3250-0.005-12E-5-100-10.fa	XML-2	26	9181
XML-2/alignment_XML2-3250-0.005-12E-5-100-11.fa	XML-2	13	9181
XML-2/alignment_XML2-3250-0.005-12E-5-100-12.fa	XML-2	29	9181
XML-2/alignment_XML2-3250-0.005-12E-5-100-13.fa	XML-2	15	9181
XML-2/alignment_XML2-3250-0.005-12E-5-100-14.fa	XML-2	19	9181
XML-2/alignment_XML2-3250-0.005-12E-5-100-15.fa	XML-2	18	9181
XML-2/alignment_XML2-3250-0.005-12E-5-100-2.fa	XML-2	19	9181
XML-2/alignment_XML2-3250-0.005-12E-5-100-3.fa	XML-2	21	9181
XML-2/alignment_XML2-3250-0.005-12E-5-100-4.fa	XML-2	15	9181
XML-2/alignment_XML2-3250-0.005-12E-5-100-5.fa	XML-2	17	9181
XML-2/alignment_XML2-3250-0.005-12E-5-100-6.fa	XML-2	18	9181
XML-2/alignment_XML2-3250-0.005-12E-5-100-7.fa	XML-2	17	9181
XML-2/alignment_XML2-3250-0.005-12E-5-100-8.fa	XML-2	19	9181
XML-2/alignment_XML2-3250-0.005-12E-5-100-9.fa	XML-2	17	9181
XML-2/alignment_XML2-3250-0.005-12E-5-200-1.fa	XML-2	30	9181
XML-2/alignment_XML2-3250-0.005-12E-5-200-10.fa	XML-2	27	9181
XML-2/alignment_XML2-3250-0.005-12E-5-200-11.fa	XML-2	24	9181
XML-2/alignment_XML2-3250-0.005-12E-5-200-12.fa	XML-2	23	9181
XML-2/alignment_XML2-3250-0.005-12E-5-200-13.fa	XML-2	22	9181
XML-2/alignment_XML2-3250-0.005-12E-5-200-14.fa	XML-2	12	9181
XML-2/alignment_XML2-3250-0.005-12E-5-200-15.fa	XML-2	30	9181
XML-2/alignment_XML2-3250-0.005-12E-5-200-2.fa	XML-2	23	9181
XML-2/alignment_XML2-3250-0.005-12E-5-200-3.fa	XML-2	28	9181
XML-2/alignment_XML2-3250-0.005-12E-5-200-4.fa	XML-2	26	9181
XML-2/alignment_XML2-3250-0.005-12E-5-200-5.fa	XML-2	22	9181
XML-2/alignment_XML2-3250-0.005-12E-5-200-6.fa	XML-2	21	9181
XML-2/alignment_XML2-3250-0.005-12E-5-200-7.fa	XML-2	19	9181
XML-2/alignment_XML2-3250-0.005-12E-5-200-8.fa	XML-2	13	9181
XML-2/alignment_XML2-3250-0.005-12E-5-200-9.fa	XML-2	13	9181
XML-2/alignment_XML2-3250-0.005-12E-5-50-1.fa	XML-2	13	9181
XML-2/alignment_XML2-3250-0.005-12E-5-50-10.fa	XML-2	15	9181
XML-2/alignment_XML2-3250-0.005-12E-5-50-11.fa	XML-2	15	9181
XML-2/alignment_XML2-3250-0.005-12E-5-50-12.fa	XML-2	18	9181
XML-2/alignment_XML2-3250-0.005-12E-5-50-13.fa	XML-2	15	9181
XML-2/alignment_XML2-3250-0.005-12E-5-50-14.fa	XML-2	9	9181
XML-2/alignment_XML2-3250-0.005-12E-5-50-15.fa	XML-2	13	9181
XML-2/alignment_XML2-3250-0.005-12E-5-50-2.fa	XML-2	15	9181
XML-2/alignment_XML2-3250-0.005-12E-5-50-3.fa	XML-2	17	9181
XML-2/alignment_XML2-3250-0.005-12E-5-50-4.fa	XML-2	17	9181
XML-2/alignment_XML2-3250-0.005-12E-5-50-5.fa	XML-2	13	9181
XML-2/alignment_XML2-3250-0.005-12E-5-50-6.fa	XML-2	9	9181
XML-2/alignment_XML2-3250-0.005-12E-5-50-7.fa	XML-2	11	9181
XML-2/alignment_XML2-3250-0.005-12E-5-50-8.fa	XML-2	11	9181
XML-2/alignment_XML2-3250-0.005-12E-5-50-9.fa	XML-2	14	9181
XML-2/alignment_XML2-3250-0.005-4E-5-100-1.fa	XML-2	23	9181
XML-2/alignment_XML2-3250-0.005-4E-5-100-10.fa	XML-2	32	9181
XML-2/alignment_XML2-3250-0.005-4E-5-100-11.fa	XML-2	30	9181
XML-2/alignment_XML2-3250-0.005-4E-5-100-12.fa	XML-2	19	9181
XML-2/alignment_XML2-3250-0.005-4E-5-100-13.fa	XML-2	21	9181
XML-2/alignment_XML2-3250-0.005-4E-5-100-14.fa	XML-2	30	9181
XML-2/alignment_XML2-3250-0.005-4E-5-100-15.fa	XML-2	21	9181
XML-2/alignment_XML2-3250-0.005-4E-5-100-2.fa	XML-2	25	9181
XML-2/alignment_XML2-3250-0.005-4E-5-100-3.fa	XML-2	26	9181
XML-2/alignment_XML2-3250-0.005-4E-5-100-4.fa	XML-2	26	9181
XML-2/alignment_XML2-3250-0.005-4E-5-100-5.fa	XML-2	28	9181
XML-2/alignment_XML2-3250-0.005-4E-5-100-6.fa	XML-2	30	9181
XML-2/alignment_XML2-3250-0.005-4E-5-100-7.fa	XML-2	28	9181
XML-2/alignment_XML2-3250-0.005-4E-5-100-8.fa	XML-2	31	9181
XML-2/alignment_XML2-3250-0.005-4E-5-100-9.fa	XML-2	24	9181
XML-2/alignment_XML2-3250-0.005-4E-5-200-1.fa	XML-2	43	9181
XML-2/alignment_XML2-3250-0.005-4E-5-200-10.fa	XML-2	38	9181
XML-2/alignment_XML2-3250-0.005-4E-5-200-11.fa	XML-2	32	9181
XML-2/alignment_XML2-3250-0.005-4E-5-200-12.fa	XML-2	34	9181
XML-2/alignment_XML2-3250-0.005-4E-5-200-13.fa	XML-2	31	9181
XML-2/alignment_XML2-3250-0.005-4E-5-200-14.fa	XML-2	19	9181
XML-2/alignment_XML2-3250-0.005-4E-5-200-15.fa	XML-2	42	9181
XML-2/alignment_XML2-3250-0.005-4E-5-200-2.fa	XML-2	28	9181
XML-2/alignment_XML2-3250-0.005-4E-5-200-3.fa	XML-2	25	9181
XML-2/alignment_XML2-3250-0.005-4E-5-200-4.fa	XML-2	27	9181
XML-2/alignment_XML2-3250-0.005-4E-5-200-5.fa	XML-2	35	9181
XML-2/alignment_XML2-3250-0.005-4E-5-200-6.fa	XML-2	23	9181
XML-2/alignment_XML2-3250-0.005-4E-5-200-7.fa	XML-2	45	9181
XML-2/alignment_XML2-3250-0.005-4E-5-200-8.fa	XML-2	25	9181
XML-2/alignment_XML2-3250-0.005-4E-5-200-9.fa	XML-2	18	9181
XML-2/alignment_XML2-3250-0.005-4E-5-50-1.fa	XML-2	15	9181
XML-2/alignment_XML2-3250-0.005-4E-5-50-10.fa	XML-2	18	9181
XML-2/alignment_XML2-3250-0.005-4E-5-50-11.fa	XML-2	11	9181
XML-2/alignment_XML2-3250-0.005-4E-5-50-12.fa	XML-2	14	9181
XML-2/alignment_XML2-3250-0.005-4E-5-50-13.fa	XML-2	19	9181
XML-2/alignment_XML2-3250-0.005-4E-5-50-14.fa	XML-2	16	9181
XML-2/alignment_XML2-3250-0.005-4E-5-50-15.fa	XML-2	20	9181
XML-2/alignment_XML2-3250-0.005-4E-5-50-2.fa	XML-2	17	9181
XML-2/alignment_XML2-3250-0.005-4E-5-50-3.fa	XML-2	25	9181
XML-2/alignment_XML2-3250-0.005-4E-5-50-4.fa	XML-2	23	9181
XML-2/alignment_XML2-3250-0.005-4E-5-50-5.fa	XML-2	16	9181
XML-2/alignment_XML2-3250-0.005-4E-5-50-6.fa	XML-2	10	9181
XML-2/alignment_XML2-3250-0.005-4E-5-50-7.fa	XML-2	25	9181
XML-2/alignment_XML2-3250-0.005-4E-5-50-8.fa	XML-2	17	9181
XML-2/alignment_XML2-3250-0.005-4E-5-50-9.fa	XML-2	10	9181
XML-2/alignment_XML2-3250-0.005-8E-5-100-1.fa	XML-2	23	9181
XML-2/alignment_XML2-3250-0.005-8E-5-100-10.fa	XML-2	27	9181
XML-2/alignment_XML2-3250-0.005-8E-5-100-11.fa	XML-2	18	9181
XML-2/alignment_XML2-3250-0.005-8E-5-100-12.fa	XML-2	20	9181
XML-2/alignment_XML2-3250-0.005-8E-5-100-13.fa	XML-2	23	9181
XML-2/alignment_XML2-3250-0.005-8E-5-100-14.fa	XML-2	22	9181
XML-2/alignment_XML2-3250-0.005-8E-5-100-15.fa	XML-2	20	9181
XML-2/alignment_XML2-3250-0.005-8E-5-100-2.fa	XML-2	27	9181
XML-2/alignment_XML2-3250-0.005-8E-5-100-3.fa	XML-2	24	9181
XML-2/alignment_XML2-3250-0.005-8E-5-100-4.fa	XML-2	13	9181
XML-2/alignment_XML2-3250-0.005-8E-5-100-5.fa	XML-2	24	9181
XML-2/alignment_XML2-3250-0.005-8E-5-100-6.fa	XML-2	26	9181
XML-2/alignment_XML2-3250-0.005-8E-5-100-7.fa	XML-2	22	9181
XML-2/alignment_XML2-3250-0.005-8E-5-100-8.fa	XML-2	26	9181
XML-2/alignment_XML2-3250-0.005-8E-5-100-9.fa	XML-2	37	9181
XML-2/alignment_XML2-3250-0.005-8E-5-200-1.fa	XML-2	35	9181
XML-2/alignment_XML2-3250-0.005-8E-5-200-10.fa	XML-2	17	9181
XML-2/alignment_XML2-3250-0.005-8E-5-200-11.fa	XML-2	26	9181
XML-2/alignment_XML2-3250-0.005-8E-5-200-12.fa	XML-2	42	9181
XML-2/alignment_XML2-3250-0.005-8E-5-200-13.fa	XML-2	28	9181
XML-2/alignment_XML2-3250-0.005-8E-5-200-14.fa	XML-2	17	9181
XML-2/alignment_XML2-3250-0.005-8E-5-200-15.fa	XML-2	28	9181
XML-2/alignment_XML2-3250-0.005-8E-5-200-2.fa	XML-2	39	9181
XML-2/alignment_XML2-3250-0.005-8E-5-200-3.fa	XML-2	26	9181
XML-2/alignment_XML2-3250-0.005-8E-5-200-4.fa	XML-2	24	9181
XML-2/alignment_XML2-3250-0.005-8E-5-200-5.fa	XML-2	24	9181
XML-2/alignment_XML2-3250-0.005-8E-5-200-6.fa	XML-2	51	9181
XML-2/alignment_XML2-3250-0.005-8E-5-200-7.fa	XML-2	38	9181
XML-2/alignment_XML2-3250-0.005-8E-5-200-8.fa	XML-2	23	9181
XML-2/alignment_XML2-3250-0.005-8E-5-200-9.fa	XML-2	40	9181
XML-2/alignment_XML2-3250-0.005-8E-5-50-1.fa	XML-2	14	9181
XML-2/alignment_XML2-3250-0.005-8E-5-50-10.fa	XML-2	21	9181
XML-2/alignment_XML2-3250-0.005-8E-5-50-11.fa	XML-2	15	9181
XML-2/alignment_XML2-3250-0.005-8E-5-50-12.fa	XML-2	11	9181
XML-2/alignment_XML2-3250-0.005-8E-5-50-13.fa	XML-2	16	9181
XML-2/alignment_XML2-3250-0.005-8E-5-50-14.fa	XML-2	10	9181
XML-2/alignment_XML2-3250-0.005-8E-5-50-15.fa	XML-2	11	9181
XML-2/alignment_XML2-3250-0.005-8E-5-50-2.fa	XML-2	9	9181
XML-2/alignment_XML2-3250-0.005-8E-5-50-3.fa	XML-2	19	9181
XML-2/alignment_XML2-3250-0.005-8E-5-50-4.fa	XML-2	11	9181
XML-2/alignment_XML2-3250-0.005-8E-5-50-5.fa	XML-2	16	9181
XML-2/alignment_XML2-3250-0.005-8E-5-50-6.fa	XML-2	15	9181
XML-2/alignment_XML2-3250-0.005-8E-5-50-7.fa	XML-2	14	9181
XML-2/alignment_XML2-3250-0.005-8E-5-50-8.fa	XML-2	19	9181
XML-2/alignment_XML2-3250-0.005-8E-5-50-9.fa	XML-2	25	9181
XML-2/alignment_XML2-3250-0.01-12E-5-100-1.fa	XML-2	34	9181
XML-2/alignment_XML2-3250-0.01-12E-5-100-10.fa	XML-2	28	9181
XML-2/alignment_XML2-3250-0.01-12E-5-100-11.fa	XML-2	49	9181
XML-2/alignment_XML2-3250-0.01-12E-5-100-12.fa	XML-2	34	9181
XML-2/alignment_XML2-3250-0.01-12E-5-100-13.fa	XML-2	27	9181
XML-2/alignment_XML2-3250-0.01-12E-5-100-14.fa	XML-2	32	9181
XML-2/alignment_XML2-3250-0.01-12E-5-100-15.fa	XML-2	30	9181
XML-2/alignment_XML2-3250-0.01-12E-5-100-2.fa	XML-2	27	9181
XML-2/alignment_XML2-3250-0.01-12E-5-100-3.fa	XML-2	28	9181
XML-2/alignment_XML2-3250-0.01-12E-5-100-4.fa	XML-2	43	9181
XML-2/alignment_XML2-3250-0.01-12E-5-100-5.fa	XML-2	40	9181
XML-2/alignment_XML2-3250-0.01-12E-5-100-6.fa	XML-2	27	9181
XML-2/alignment_XML2-3250-0.01-12E-5-100-7.fa	XML-2	27	9181
XML-2/alignment_XML2-3250-0.01-12E-5-100-8.fa	XML-2	35	9181
XML-2/alignment_XML2-3250-0.01-12E-5-100-9.fa	XML-2	37	9181
XML-2/alignment_XML2-3250-0.01-12E-5-200-1.fa	XML-2	53	9181
XML-2/alignment_XML2-3250-0.01-12E-5-200-10.fa	XML-2	55	9181
XML-2/alignment_XML2-3250-0.01-12E-5-200-11.fa	XML-2	50	9181
XML-2/alignment_XML2-3250-0.01-12E-5-200-12.fa	XML-2	33	9181
XML-2/alignment_XML2-3250-0.01-12E-5-200-13.fa	XML-2	37	9181
XML-2/alignment_XML2-3250-0.01-12E-5-200-14.fa	XML-2	40	9181
XML-2/alignment_XML2-3250-0.01-12E-5-200-15.fa	XML-2	50	9181
XML-2/alignment_XML2-3250-0.01-12E-5-200-2.fa	XML-2	45	9181
XML-2/alignment_XML2-3250-0.01-12E-5-200-3.fa	XML-2	37	9181
XML-2/alignment_XML2-3250-0.01-12E-5-200-4.fa	XML-2	41	9181
XML-2/alignment_XML2-3250-0.01-12E-5-200-5.fa	XML-2	67	9181
XML-2/alignment_XML2-3250-0.01-12E-5-200-6.fa	XML-2	55	9181
XML-2/alignment_XML2-3250-0.01-12E-5-200-7.fa	XML-2	50	9181
XML-2/alignment_XML2-3250-0.01-12E-5-200-8.fa	XML-2	52	9181
XML-2/alignment_XML2-3250-0.01-12E-5-200-9.fa	XML-2	41	9181
XML-2/alignment_XML2-3250-0.01-12E-5-50-1.fa	XML-2	9	9181
XML-2/alignment_XML2-3250-0.01-12E-5-50-10.fa	XML-2	27	9181
XML-2/alignment_XML2-3250-0.01-12E-5-50-11.fa	XML-2	24	9181
XML-2/alignment_XML2-3250-0.01-12E-5-50-12.fa	XML-2	14	9181
XML-2/alignment_XML2-3250-0.01-12E-5-50-13.fa	XML-2	27	9181
XML-2/alignment_XML2-3250-0.01-12E-5-50-14.fa	XML-2	29	9181
XML-2/alignment_XML2-3250-0.01-12E-5-50-15.fa	XML-2	22	9181
XML-2/alignment_XML2-3250-0.01-12E-5-50-2.fa	XML-2	26	9181
XML-2/alignment_XML2-3250-0.01-12E-5-50-3.fa	XML-2	16	9181
XML-2/alignment_XML2-3250-0.01-12E-5-50-4.fa	XML-2	28	9181
XML-2/alignment_XML2-3250-0.01-12E-5-50-5.fa	XML-2	27	9181
XML-2/alignment_XML2-3250-0.01-12E-5-50-6.fa	XML-2	24	9181
XML-2/alignment_XML2-3250-0.01-12E-5-50-7.fa	XML-2	25	9181
XML-2/alignment_XML2-3250-0.01-12E-5-50-8.fa	XML-2	22	9181
XML-2/alignment_XML2-3250-0.01-12E-5-50-9.fa	XML-2	16	9181
XML-2/alignment_XML2-3250-0.01-4E-5-100-1.fa	XML-2	45	9181
XML-2/alignment_XML2-3250-0.01-4E-5-100-10.fa	XML-2	22	9181
XML-2/alignment_XML2-3250-0.01-4E-5-100-11.fa	XML-2	64	9181
XML-2/alignment_XML2-3250-0.01-4E-5-100-12.fa	XML-2	45	9181
XML-2/alignment_XML2-3250-0.01-4E-5-100-13.fa	XML-2	44	9181
XML-2/alignment_XML2-3250-0.01-4E-5-100-14.fa	XML-2	32	9181
XML-2/alignment_XML2-3250-0.01-4E-5-100-15.fa	XML-2	39	9181
XML-2/alignment_XML2-3250-0.01-4E-5-100-2.fa	XML-2	34	9181
XML-2/alignment_XML2-3250-0.01-4E-5-100-3.fa	XML-2	40	9181
XML-2/alignment_XML2-3250-0.01-4E-5-100-4.fa	XML-2	31	9181
XML-2/alignment_XML2-3250-0.01-4E-5-100-5.fa	XML-2	42	9181
XML-2/alignment_XML2-3250-0.01-4E-5-100-6.fa	XML-2	53	9181
XML-2/alignment_XML2-3250-0.01-4E-5-100-7.fa	XML-2	43	9181
XML-2/alignment_XML2-3250-0.01-4E-5-100-8.fa	XML-2	35	9181
XML-2/alignment_XML2-3250-0.01-4E-5-100-9.fa	XML-2	41	9181
XML-2/alignment_XML2-3250-0.01-4E-5-200-1.fa	XML-2	56	9181
XML-2/alignment_XML2-3250-0.01-4E-5-200-10.fa	XML-2	59	9181
XML-2/alignment_XML2-3250-0.01-4E-5-200-11.fa	XML-2	45	9181
XML-2/alignment_XML2-3250-0.01-4E-5-200-12.fa	XML-2	42	9181
XML-2/alignment_XML2-3250-0.01-4E-5-200-13.fa	XML-2	51	9181
XML-2/alignment_XML2-3250-0.01-4E-5-200-14.fa	XML-2	72	9181
XML-2/alignment_XML2-3250-0.01-4E-5-200-15.fa	XML-2	48	9181
XML-2/alignment_XML2-3250-0.01-4E-5-200-2.fa	XML-2	55	9181
XML-2/alignment_XML2-3250-0.01-4E-5-200-3.fa	XML-2	48	9181
XML-2/alignment_XML2-3250-0.01-4E-5-200-4.fa	XML-2	43	9181
XML-2/alignment_XML2-3250-0.01-4E-5-200-5.fa	XML-2	56	9181
XML-2/alignment_XML2-3250-0.01-4E-5-200-6.fa	XML-2	74	9181
XML-2/alignment_XML2-3250-0.01-4E-5-200-7.fa	XML-2	68	9181
XML-2/alignment_XML2-3250-0.01-4E-5-200-8.fa	XML-2	49	9181
XML-2/alignment_XML2-3250-0.01-4E-5-200-9.fa	XML-2	64	9181
XML-2/alignment_XML2-3250-0.01-4E-5-50-1.fa	XML-2	33	9181
XML-2/alignment_XML2-3250-0.01-4E-5-50-10.fa	XML-2	27	9181
XML-2/alignment_XML2-3250-0.01-4E-5-50-11.fa	XML-2	28	9181
XML-2/alignment_XML2-3250-0.01-4E-5-50-12.fa	XML-2	37	9181
XML-2/alignment_XML2-3250-0.01-4E-5-50-13.fa	XML-2	30	9181
XML-2/alignment_XML2-3250-0.01-4E-5-50-14.fa	XML-2	26	9181
XML-2/alignment_XML2-3250-0.01-4E-5-50-15.fa	XML-2	19	9181
XML-2/alignment_XML2-3250-0.01-4E-5-50-2.fa	XML-2	35	9181
XML-2/alignment_XML2-3250-0.01-4E-5-50-3.fa	XML-2	31	9181
XML-2/alignment_XML2-3250-0.01-4E-5-50-4.fa	XML-2	31	9181
XML-2/alignment_XML2-3250-0.01-4E-5-50-5.fa	XML-2	30	9181
XML-2/alignment_XML2-3250-0.01-4E-5-50-6.fa	XML-2	25	9181
XML-2/alignment_XML2-3250-0.01-4E-5-50-7.fa	XML-2	29	9181
XML-2/alignment_XML2-3250-0.01-4E-5-50-8.fa	XML-2	26	9181
XML-2/alignment_XML2-3250-0.01-4E-5-50-9.fa	XML-2	22	9181
XML-2/alignment_XML2-3250-0.01-8E-5-100-1.fa	XML-2	39	9181
XML-2/alignment_XML2-3250-0.01-8E-5-100-10.fa	XML-2	30	9181
XML-2/alignment_XML2-3250-0.01-8E-5-100-11.fa	XML-2	34	9181
XML-2/alignment_XML2-3250-0.01-8E-5-100-12.fa	XML-2	41	9181
XML-2/alignment_XML2-3250-0.01-8E-5-100-13.fa	XML-2	34	9181
XML-2/alignment_XML2-3250-0.01-8E-5-100-14.fa	XML-2	35	9181
XML-2/alignment_XML2-3250-0.01-8E-5-100-15.fa	XML-2	24	9181
XML-2/alignment_XML2-3250-0.01-8E-5-100-2.fa	XML-2	34	9181
XML-2/alignment_XML2-3250-0.01-8E-5-100-3.fa	XML-2	47	9181
XML-2/alignment_XML2-3250-0.01-8E-5-100-4.fa	XML-2	29	9181
XML-2/alignment_XML2-3250-0.01-8E-5-100-5.fa	XML-2	43	9181
XML-2/alignment_XML2-3250-0.01-8E-5-100-6.fa	XML-2	39	9181
XML-2/alignment_XML2-3250-0.01-8E-5-100-7.fa	XML-2	37	9181
XML-2/alignment_XML2-3250-0.01-8E-5-100-8.fa	XML-2	32	9181
XML-2/alignment_XML2-3250-0.01-8E-5-100-9.fa	XML-2	29	9181
XML-2/alignment_XML2-3250-0.01-8E-5-200-1.fa	XML-2	44	9181
XML-2/alignment_XML2-3250-0.01-8E-5-200-10.fa	XML-2	35	9181
XML-2/alignment_XML2-3250-0.01-8E-5-200-11.fa	XML-2	56	9181
XML-2/alignment_XML2-3250-0.01-8E-5-200-12.fa	XML-2	36	9181
XML-2/alignment_XML2-3250-0.01-8E-5-200-13.fa	XML-2	36	9181
XML-2/alignment_XML2-3250-0.01-8E-5-200-14.fa	XML-2	60	9181
XML-2/alignment_XML2-3250-0.01-8E-5-200-15.fa	XML-2	47	9181
XML-2/alignment_XML2-3250-0.01-8E-5-200-2.fa	XML-2	43	9181
XML-2/alignment_XML2-3250-0.01-8E-5-200-3.fa	XML-2	38	9181
XML-2/alignment_XML2-3250-0.01-8E-5-200-4.fa	XML-2	42	9181
XML-2/alignment_XML2-3250-0.01-8E-5-200-5.fa	XML-2	47	9181
XML-2/alignment_XML2-3250-0.01-8E-5-200-6.fa	XML-2	46	9181
XML-2/alignment_XML2-3250-0.01-8E-5-200-7.fa	XML-2	43	9181
XML-2/alignment_XML2-3250-0.01-8E-5-200-8.fa	XML-2	39	9181
XML-2/alignment_XML2-3250-0.01-8E-5-200-9.fa	XML-2	49	9181
XML-2/alignment_XML2-3250-0.01-8E-5-50-1.fa	XML-2	19	9181
XML-2/alignment_XML2-3250-0.01-8E-5-50-10.fa	XML-2	29	9181
XML-2/alignment_XML2-3250-0.01-8E-5-50-11.fa	XML-2	31	9181
XML-2/alignment_XML2-3250-0.01-8E-5-50-12.fa	XML-2	23	9181
XML-2/alignment_XML2-3250-0.01-8E-5-50-13.fa	XML-2	31	9181
XML-2/alignment_XML2-3250-0.01-8E-5-50-14.fa	XML-2	19	9181
XML-2/alignment_XML2-3250-0.01-8E-5-50-15.fa	XML-2	16	9181
XML-2/alignment_XML2-3250-0.01-8E-5-50-2.fa	XML-2	26	9181
XML-2/alignment_XML2-3250-0.01-8E-5-50-3.fa	XML-2	19	9181
XML-2/alignment_XML2-3250-0.01-8E-5-50-4.fa	XML-2	25	9181
XML-2/alignment_XML2-3250-0.01-8E-5-50-5.fa	XML-2	24	9181
XML-2/alignment_XML2-3250-0.01-8E-5-50-6.fa	XML-2	38	9181
XML-2/alignment_XML2-3250-0.01-8E-5-50-7.fa	XML-2	19	9181
XML-2/alignment_XML2-3250-0.01-8E-5-50-8.fa	XML-2	22	9181
XML-2/alignment_XML2-3250-0.01-8E-5-50-9.fa	XML-2	22	9181
XML-2/alignment_XML2-3250-0.02-12E-5-100-1.fa	XML-2	59	9181
XML-2/alignment_XML2-3250-0.02-12E-5-100-10.fa	XML-2	62	9181
XML-2/alignment_XML2-3250-0.02-12E-5-100-11.fa	XML-2	46	9181
XML-2/alignment_XML2-3250-0.02-12E-5-100-12.fa	XML-2	49	9181
XML-2/alignment_XML2-3250-0.02-12E-5-100-13.fa	XML-2	36	9181
XML-2/alignment_XML2-3250-0.02-12E-5-100-14.fa	XML-2	52	9181
XML-2/alignment_XML2-3250-0.02-12E-5-100-15.fa	XML-2	47	9181
XML-2/alignment_XML2-3250-0.02-12E-5-100-2.fa	XML-2	57	9181
XML-2/alignment_XML2-3250-0.02-12E-5-100-3.fa	XML-2	42	9181
XML-2/alignment_XML2-3250-0.02-12E-5-100-4.fa	XML-2	62	9181
XML-2/alignment_XML2-3250-0.02-12E-5-100-5.fa	XML-2	52	9181
XML-2/alignment_XML2-3250-0.02-12E-5-100-6.fa	XML-2	36	9181
XML-2/alignment_XML2-3250-0.02-12E-5-100-7.fa	XML-2	44	9181
XML-2/alignment_XML2-3250-0.02-12E-5-100-8.fa	XML-2	56	9181
XML-2/alignment_XML2-3250-0.02-12E-5-100-9.fa	XML-2	55	9181
XML-2/alignment_XML2-3250-0.02-12E-5-200-1.fa	XML-2	101	9181
XML-2/alignment_XML2-3250-0.02-12E-5-200-10.fa	XML-2	73	9181
XML-2/alignment_XML2-3250-0.02-12E-5-200-11.fa	XML-2	72	9181
XML-2/alignment_XML2-3250-0.02-12E-5-200-12.fa	XML-2	86	9181
XML-2/alignment_XML2-3250-0.02-12E-5-200-13.fa	XML-2	90	9181
XML-2/alignment_XML2-3250-0.02-12E-5-200-14.fa	XML-2	72	9181
XML-2/alignment_XML2-3250-0.02-12E-5-200-15.fa	XML-2	62	9181
XML-2/alignment_XML2-3250-0.02-12E-5-200-2.fa	XML-2	82	9181
XML-2/alignment_XML2-3250-0.02-12E-5-200-3.fa	XML-2	66	9181
XML-2/alignment_XML2-3250-0.02-12E-5-200-4.fa	XML-2	103	9181
XML-2/alignment_XML2-3250-0.02-12E-5-200-5.fa	XML-2	74	9181
XML-2/alignment_XML2-3250-0.02-12E-5-200-6.fa	XML-2	83	9181
XML-2/alignment_XML2-3250-0.02-12E-5-200-7.fa	XML-2	48	9181
XML-2/alignment_XML2-3250-0.02-12E-5-200-8.fa	XML-2	87	9181
XML-2/alignment_XML2-3250-0.02-12E-5-200-9.fa	XML-2	67	9181
XML-2/alignment_XML2-3250-0.02-12E-5-50-1.fa	XML-2	38	9181
XML-2/alignment_XML2-3250-0.02-12E-5-50-10.fa	XML-2	40	9181
XML-2/alignment_XML2-3250-0.02-12E-5-50-11.fa	XML-2	37	9181
XML-2/alignment_XML2-3250-0.02-12E-5-50-12.fa	XML-2	28	9181
XML-2/alignment_XML2-3250-0.02-12E-5-50-13.fa	XML-2	48	9181
XML-2/alignment_XML2-3250-0.02-12E-5-50-14.fa	XML-2	40	9181
XML-2/alignment_XML2-3250-0.02-12E-5-50-15.fa	XML-2	33	9181
XML-2/alignment_XML2-3250-0.02-12E-5-50-2.fa	XML-2	38	9181
XML-2/alignment_XML2-3250-0.02-12E-5-50-3.fa	XML-2	33	9181
XML-2/alignment_XML2-3250-0.02-12E-5-50-4.fa	XML-2	34	9181
XML-2/alignment_XML2-3250-0.02-12E-5-50-5.fa	XML-2	22	9181
XML-2/alignment_XML2-3250-0.02-12E-5-50-6.fa	XML-2	29	9181
XML-2/alignment_XML2-3250-0.02-12E-5-50-7.fa	XML-2	38	9181
XML-2/alignment_XML2-3250-0.02-12E-5-50-8.fa	XML-2	31	9181
XML-2/alignment_XML2-3250-0.02-12E-5-50-9.fa	XML-2	32	9181
XML-2/alignment_XML2-3250-0.02-4E-5-100-1.fa	XML-2	52	9181
XML-2/alignment_XML2-3250-0.02-4E-5-100-10.fa	XML-2	56	9181
XML-2/alignment_XML2-3250-0.02-4E-5-100-11.fa	XML-2	55	9181
XML-2/alignment_XML2-3250-0.02-4E-5-100-12.fa	XML-2	81	9181
XML-2/alignment_XML2-3250-0.02-4E-5-100-13.fa	XML-2	65	9181
XML-2/alignment_XML2-3250-0.02-4E-5-100-14.fa	XML-2	47	9181
XML-2/alignment_XML2-3250-0.02-4E-5-100-15.fa	XML-2	52	9181
XML-2/alignment_XML2-3250-0.02-4E-5-100-2.fa	XML-2	45	9181
XML-2/alignment_XML2-3250-0.02-4E-5-100-3.fa	XML-2	46	9181
XML-2/alignment_XML2-3250-0.02-4E-5-100-4.fa	XML-2	53	9181
XML-2/alignment_XML2-3250-0.02-4E-5-100-5.fa	XML-2	50	9181
XML-2/alignment_XML2-3250-0.02-4E-5-100-6.fa	XML-2	53	9181
XML-2/alignment_XML2-3250-0.02-4E-5-100-7.fa	XML-2	48	9181
XML-2/alignment_XML2-3250-0.02-4E-5-100-8.fa	XML-2	56	9181
XML-2/alignment_XML2-3250-0.02-4E-5-100-9.fa	XML-2	61	9181
XML-2/alignment_XML2-3250-0.02-4E-5-200-1.fa	XML-2	57	9181
XML-2/alignment_XML2-3250-0.02-4E-5-200-10.fa	XML-2	89	9181
XML-2/alignment_XML2-3250-0.02-4E-5-200-11.fa	XML-2	75	9181
XML-2/alignment_XML2-3250-0.02-4E-5-200-12.fa	XML-2	94	9181
XML-2/alignment_XML2-3250-0.02-4E-5-200-13.fa	XML-2	77	9181
XML-2/alignment_XML2-3250-0.02-4E-5-200-14.fa	XML-2	83	9181
XML-2/alignment_XML2-3250-0.02-4E-5-200-15.fa	XML-2	87	9181
XML-2/alignment_XML2-3250-0.02-4E-5-200-2.fa	XML-2	69	9181
XML-2/alignment_XML2-3250-0.02-4E-5-200-3.fa	XML-2	75	9181
XML-2/alignment_XML2-3250-0.02-4E-5-200-4.fa	XML-2	64	9181
XML-2/alignment_XML2-3250-0.02-4E-5-200-5.fa	XML-2	69	9181
XML-2/alignment_XML2-3250-0.02-4E-5-200-6.fa	XML-2	64	9181
XML-2/alignment_XML2-3250-0.02-4E-5-200-7.fa	XML-2	104	9181
XML-2/alignment_XML2-3250-0.02-4E-5-200-8.fa	XML-2	66	9181
XML-2/alignment_XML2-3250-0.02-4E-5-200-9.fa	XML-2	89	9181
XML-2/alignment_XML2-3250-0.02-4E-5-50-1.fa	XML-2	32	9181
XML-2/alignment_XML2-3250-0.02-4E-5-50-10.fa	XML-2	33	9181
XML-2/alignment_XML2-3250-0.02-4E-5-50-11.fa	XML-2	36	9181
XML-2/alignment_XML2-3250-0.02-4E-5-50-12.fa	XML-2	41	9181
XML-2/alignment_XML2-3250-0.02-4E-5-50-13.fa	XML-2	34	9181
XML-2/alignment_XML2-3250-0.02-4E-5-50-14.fa	XML-2	50	9181
XML-2/alignment_XML2-3250-0.02-4E-5-50-15.fa	XML-2	31	9181
XML-2/alignment_XML2-3250-0.02-4E-5-50-2.fa	XML-2	22	9181
XML-2/alignment_XML2-3250-0.02-4E-5-50-3.fa	XML-2	37	9181
XML-2/alignment_XML2-3250-0.02-4E-5-50-4.fa	XML-2	45	9181
XML-2/alignment_XML2-3250-0.02-4E-5-50-5.fa	XML-2	32	9181
XML-2/alignment_XML2-3250-0.02-4E-5-50-6.fa	XML-2	34	9181
XML-2/alignment_XML2-3250-0.02-4E-5-50-7.fa	XML-2	34	9181
XML-2/alignment_XML2-3250-0.02-4E-5-50-8.fa	XML-2	30	9181
XML-2/alignment_XML2-3250-0.02-4E-5-50-9.fa	XML-2	45	9181
XML-2/alignment_XML2-3250-0.02-8E-5-100-1.fa	XML-2	49	9181
XML-2/alignment_XML2-3250-0.02-8E-5-100-10.fa	XML-2	68	9181
XML-2/alignment_XML2-3250-0.02-8E-5-100-11.fa	XML-2	53	9181
XML-2/alignment_XML2-3250-0.02-8E-5-100-12.fa	XML-2	51	9181
XML-2/alignment_XML2-3250-0.02-8E-5-100-13.fa	XML-2	54	9181
XML-2/alignment_XML2-3250-0.02-8E-5-100-14.fa	XML-2	42	9181
XML-2/alignment_XML2-3250-0.02-8E-5-100-15.fa	XML-2	52	9181
XML-2/alignment_XML2-3250-0.02-8E-5-100-2.fa	XML-2	37	9181
XML-2/alignment_XML2-3250-0.02-8E-5-100-3.fa	XML-2	54	9181
XML-2/alignment_XML2-3250-0.02-8E-5-100-4.fa	XML-2	70	9181
XML-2/alignment_XML2-3250-0.02-8E-5-100-5.fa	XML-2	56	9181
XML-2/alignment_XML2-3250-0.02-8E-5-100-6.fa	XML-2	37	9181
XML-2/alignment_XML2-3250-0.02-8E-5-100-7.fa	XML-2	45	9181
XML-2/alignment_XML2-3250-0.02-8E-5-100-8.fa	XML-2	63	9181
XML-2/alignment_XML2-3250-0.02-8E-5-100-9.fa	XML-2	62	9181
XML-2/alignment_XML2-3250-0.02-8E-5-200-1.fa	XML-2	89	9181
XML-2/alignment_XML2-3250-0.02-8E-5-200-10.fa	XML-2	73	9181
XML-2/alignment_XML2-3250-0.02-8E-5-200-11.fa	XML-2	91	9181
XML-2/alignment_XML2-3250-0.02-8E-5-200-12.fa	XML-2	87	9181
XML-2/alignment_XML2-3250-0.02-8E-5-200-13.fa	XML-2	74	9181
XML-2/alignment_XML2-3250-0.02-8E-5-200-14.fa	XML-2	83	9181
XML-2/alignment_XML2-3250-0.02-8E-5-200-15.fa	XML-2	100	9181
XML-2/alignment_XML2-3250-0.02-8E-5-200-2.fa	XML-2	71	9181
XML-2/alignment_XML2-3250-0.02-8E-5-200-3.fa	XML-2	81	9181
XML-2/alignment_XML2-3250-0.02-8E-5-200-4.fa	XML-2	78	9181
XML-2/alignment_XML2-3250-0.02-8E-5-200-5.fa	XML-2	80	9181
XML-2/alignment_XML2-3250-0.02-8E-5-200-6.fa	XML-2	78	9181
XML-2/alignment_XML2-3250-0.02-8E-5-200-7.fa	XML-2	69	9181
XML-2/alignment_XML2-3250-0.02-8E-5-200-8.fa	XML-2	87	9181
XML-2/alignment_XML2-3250-0.02-8E-5-200-9.fa	XML-2	92	9181
XML-2/alignment_XML2-3250-0.02-8E-5-50-1.fa	XML-2	39	9181
XML-2/alignment_XML2-3250-0.02-8E-5-50-10.fa	XML-2	17	9181
XML-2/alignment_XML2-3250-0.02-8E-5-50-11.fa	XML-2	39	9181
XML-2/alignment_XML2-3250-0.02-8E-5-50-12.fa	XML-2	29	9181
XML-2/alignment_XML2-3250-0.02-8E-5-50-13.fa	XML-2	23	9181
XML-2/alignment_XML2-3250-0.02-8E-5-50-14.fa	XML-2	39	9181
XML-2/alignment_XML2-3250-0.02-8E-5-50-15.fa	XML-2	35	9181
XML-2/alignment_XML2-3250-0.02-8E-5-50-2.fa	XML-2	31	9181
XML-2/alignment_XML2-3250-0.02-8E-5-50-3.fa	XML-2	45	9181
XML-2/alignment_XML2-3250-0.02-8E-5-50-4.fa	XML-2	34	9181
XML-2/alignment_XML2-3250-0.02-8E-5-50-5.fa	XML-2	28	9181
XML-2/alignment_XML2-3250-0.02-8E-5-50-6.fa	XML-2	33	9181
XML-2/alignment_XML2-3250-0.02-8E-5-50-7.fa	XML-2	37	9181
XML-2/alignment_XML2-3250-0.02-8E-5-50-8.fa	XML-2	37	9181
XML-2/alignment_XML2-3250-0.02-8E-5-50-9.fa	XML-2	31	9181
XML-2/alignment_XML2-4000-0.005-12E-5-100-1.fa	XML-2	21	9181
XML-2/alignment_XML2-4000-0.005-12E-5-100-10.fa	XML-2	16	9181
XML-2/alignment_XML2-4000-0.005-12E-5-100-11.fa	XML-2	22	9181
XML-2/alignment_XML2-4000-0.005-12E-5-100-12.fa	XML-2	27	9181
XML-2/alignment_XML2-4000-0.005-12E-5-100-13.fa	XML-2	24	9181
XML-2/alignment_XML2-4000-0.005-12E-5-100-14.fa	XML-2	24	9181
XML-2/alignment_XML2-4000-0.005-12E-5-100-15.fa	XML-2	27	9181
XML-2/alignment_XML2-4000-0.005-12E-5-100-2.fa	XML-2	13	9181
XML-2/alignment_XML2-4000-0.005-12E-5-100-3.fa	XML-2	18	9181
XML-2/alignment_XML2-4000-0.005-12E-5-100-4.fa	XML-2	16	9181
XML-2/alignment_XML2-4000-0.005-12E-5-100-5.fa	XML-2	11	9181
XML-2/alignment_XML2-4000-0.005-12E-5-100-6.fa	XML-2	25	9181
XML-2/alignment_XML2-4000-0.005-12E-5-100-7.fa	XML-2	24	9181
XML-2/alignment_XML2-4000-0.005-12E-5-100-8.fa	XML-2	26	9181
XML-2/alignment_XML2-4000-0.005-12E-5-100-9.fa	XML-2	15	9181
XML-2/alignment_XML2-4000-0.005-12E-5-200-1.fa	XML-2	37	9181
XML-2/alignment_XML2-4000-0.005-12E-5-200-10.fa	XML-2	25	9181
XML-2/alignment_XML2-4000-0.005-12E-5-200-11.fa	XML-2	28	9181
XML-2/alignment_XML2-4000-0.005-12E-5-200-12.fa	XML-2	24	9181
XML-2/alignment_XML2-4000-0.005-12E-5-200-13.fa	XML-2	27	9181
XML-2/alignment_XML2-4000-0.005-12E-5-200-14.fa	XML-2	21	9181
XML-2/alignment_XML2-4000-0.005-12E-5-200-15.fa	XML-2	23	9181
XML-2/alignment_XML2-4000-0.005-12E-5-200-2.fa	XML-2	24	9181
XML-2/alignment_XML2-4000-0.005-12E-5-200-3.fa	XML-2	29	9181
XML-2/alignment_XML2-4000-0.005-12E-5-200-4.fa	XML-2	17	9181
XML-2/alignment_XML2-4000-0.005-12E-5-200-5.fa	XML-2	24	9181
XML-2/alignment_XML2-4000-0.005-12E-5-200-6.fa	XML-2	28	9181
XML-2/alignment_XML2-4000-0.005-12E-5-200-7.fa	XML-2	19	9181
XML-2/alignment_XML2-4000-0.005-12E-5-200-8.fa	XML-2	26	9181
XML-2/alignment_XML2-4000-0.005-12E-5-200-9.fa	XML-2	23	9181
XML-2/alignment_XML2-4000-0.005-12E-5-50-1.fa	XML-2	8	9096
XML-2/alignment_XML2-4000-0.005-12E-5-50-10.fa	XML-2	12	9181
XML-2/alignment_XML2-4000-0.005-12E-5-50-11.fa	XML-2	10	9181
XML-2/alignment_XML2-4000-0.005-12E-5-50-12.fa	XML-2	14	9181
XML-2/alignment_XML2-4000-0.005-12E-5-50-13.fa	XML-2	21	9181
XML-2/alignment_XML2-4000-0.005-12E-5-50-14.fa	XML-2	13	9181
XML-2/alignment_XML2-4000-0.005-12E-5-50-15.fa	XML-2	16	9181
XML-2/alignment_XML2-4000-0.005-12E-5-50-2.fa	XML-2	9	9181
XML-2/alignment_XML2-4000-0.005-12E-5-50-3.fa	XML-2	16	9181
XML-2/alignment_XML2-4000-0.005-12E-5-50-4.fa	XML-2	8	9181
XML-2/alignment_XML2-4000-0.005-12E-5-50-5.fa	XML-2	19	9181
XML-2/alignment_XML2-4000-0.005-12E-5-50-6.fa	XML-2	9	9181
XML-2/alignment_XML2-4000-0.005-12E-5-50-7.fa	XML-2	9	9181
XML-2/alignment_XML2-4000-0.005-12E-5-50-8.fa	XML-2	13	9181
XML-2/alignment_XML2-4000-0.005-12E-5-50-9.fa	XML-2	15	9181
XML-2/alignment_XML2-4000-0.005-4E-5-100-1.fa	XML-2	21	9181
XML-2/alignment_XML2-4000-0.005-4E-5-100-10.fa	XML-2	24	9181
XML-2/alignment_XML2-4000-0.005-4E-5-100-11.fa	XML-2	23	9181
XML-2/alignment_XML2-4000-0.005-4E-5-100-12.fa	XML-2	21	9181
XML-2/alignment_XML2-4000-0.005-4E-5-100-13.fa	XML-2	22	9181
XML-2/alignment_XML2-4000-0.005-4E-5-100-14.fa	XML-2	19	9181
XML-2/alignment_XML2-4000-0.005-4E-5-100-15.fa	XML-2	23	9181
XML-2/alignment_XML2-4000-0.005-4E-5-100-2.fa	XML-2	37	9181
XML-2/alignment_XML2-4000-0.005-4E-5-100-3.fa	XML-2	29	9181
XML-2/alignment_XML2-4000-0.005-4E-5-100-4.fa	XML-2	27	9181
XML-2/alignment_XML2-4000-0.005-4E-5-100-5.fa	XML-2	21	9181
XML-2/alignment_XML2-4000-0.005-4E-5-100-6.fa	XML-2	25	9181
XML-2/alignment_XML2-4000-0.005-4E-5-100-7.fa	XML-2	29	9181
XML-2/alignment_XML2-4000-0.005-4E-5-100-8.fa	XML-2	29	9181
XML-2/alignment_XML2-4000-0.005-4E-5-100-9.fa	XML-2	22	9181
XML-2/alignment_XML2-4000-0.005-4E-5-200-1.fa	XML-2	30	9181
XML-2/alignment_XML2-4000-0.005-4E-5-200-10.fa	XML-2	25	9181
XML-2/alignment_XML2-4000-0.005-4E-5-200-11.fa	XML-2	29	9181
XML-2/alignment_XML2-4000-0.005-4E-5-200-12.fa	XML-2	24	9181
XML-2/alignment_XML2-4000-0.005-4E-5-200-13.fa	XML-2	52	9181
XML-2/alignment_XML2-4000-0.005-4E-5-200-14.fa	XML-2	41	9181
XML-2/alignment_XML2-4000-0.005-4E-5-200-15.fa	XML-2	31	9181
XML-2/alignment_XML2-4000-0.005-4E-5-200-2.fa	XML-2	40	9181
XML-2/alignment_XML2-4000-0.005-4E-5-200-3.fa	XML-2	31	9181
XML-2/alignment_XML2-4000-0.005-4E-5-200-4.fa	XML-2	29	9181
XML-2/alignment_XML2-4000-0.005-4E-5-200-5.fa	XML-2	51	9181
XML-2/alignment_XML2-4000-0.005-4E-5-200-6.fa	XML-2	31	9181
XML-2/alignment_XML2-4000-0.005-4E-5-200-7.fa	XML-2	26	9181
XML-2/alignment_XML2-4000-0.005-4E-5-200-8.fa	XML-2	34	9181
XML-2/alignment_XML2-4000-0.005-4E-5-200-9.fa	XML-2	19	9181
XML-2/alignment_XML2-4000-0.005-4E-5-50-1.fa	XML-2	23	9181
XML-2/alignment_XML2-4000-0.005-4E-5-50-10.fa	XML-2	13	9181
XML-2/alignment_XML2-4000-0.005-4E-5-50-11.fa	XML-2	20	9181
XML-2/alignment_XML2-4000-0.005-4E-5-50-12.fa	XML-2	20	9181
XML-2/alignment_XML2-4000-0.005-4E-5-50-13.fa	XML-2	17	9181
XML-2/alignment_XML2-4000-0.005-4E-5-50-14.fa	XML-2	25	9181
XML-2/alignment_XML2-4000-0.005-4E-5-50-15.fa	XML-2	19	9181
XML-2/alignment_XML2-4000-0.005-4E-5-50-2.fa	XML-2	20	9181
XML-2/alignment_XML2-4000-0.005-4E-5-50-3.fa	XML-2	14	9181
XML-2/alignment_XML2-4000-0.005-4E-5-50-4.fa	XML-2	19	9181
XML-2/alignment_XML2-4000-0.005-4E-5-50-5.fa	XML-2	25	9181
XML-2/alignment_XML2-4000-0.005-4E-5-50-6.fa	XML-2	27	9181
XML-2/alignment_XML2-4000-0.005-4E-5-50-7.fa	XML-2	25	9181
XML-2/alignment_XML2-4000-0.005-4E-5-50-8.fa	XML-2	21	9181
XML-2/alignment_XML2-4000-0.005-4E-5-50-9.fa	XML-2	18	9181
XML-2/alignment_XML2-4000-0.005-8E-5-100-1.fa	XML-2	19	9181
XML-2/alignment_XML2-4000-0.005-8E-5-100-10.fa	XML-2	24	9181
XML-2/alignment_XML2-4000-0.005-8E-5-100-11.fa	XML-2	21	9181
XML-2/alignment_XML2-4000-0.005-8E-5-100-12.fa	XML-2	23	9181
XML-2/alignment_XML2-4000-0.005-8E-5-100-13.fa	XML-2	23	9181
XML-2/alignment_XML2-4000-0.005-8E-5-100-14.fa	XML-2	19	9181
XML-2/alignment_XML2-4000-0.005-8E-5-100-15.fa	XML-2	20	9181
XML-2/alignment_XML2-4000-0.005-8E-5-100-2.fa	XML-2	17	9181
XML-2/alignment_XML2-4000-0.005-8E-5-100-3.fa	XML-2	16	9181
XML-2/alignment_XML2-4000-0.005-8E-5-100-4.fa	XML-2	26	9181
XML-2/alignment_XML2-4000-0.005-8E-5-100-5.fa	XML-2	28	9181
XML-2/alignment_XML2-4000-0.005-8E-5-100-6.fa	XML-2	18	9181
XML-2/alignment_XML2-4000-0.005-8E-5-100-7.fa	XML-2	19	9181
XML-2/alignment_XML2-4000-0.005-8E-5-100-8.fa	XML-2	21	9181
XML-2/alignment_XML2-4000-0.005-8E-5-100-9.fa	XML-2	26	9181
XML-2/alignment_XML2-4000-0.005-8E-5-200-1.fa	XML-2	28	9181
XML-2/alignment_XML2-4000-0.005-8E-5-200-10.fa	XML-2	24	9181
XML-2/alignment_XML2-4000-0.005-8E-5-200-11.fa	XML-2	23	9181
XML-2/alignment_XML2-4000-0.005-8E-5-200-12.fa	XML-2	35	9181
XML-2/alignment_XML2-4000-0.005-8E-5-200-13.fa	XML-2	32	9181
XML-2/alignment_XML2-4000-0.005-8E-5-200-14.fa	XML-2	29	9181
XML-2/alignment_XML2-4000-0.005-8E-5-200-15.fa	XML-2	25	9181
XML-2/alignment_XML2-4000-0.005-8E-5-200-2.fa	XML-2	38	9181
XML-2/alignment_XML2-4000-0.005-8E-5-200-3.fa	XML-2	32	9181
XML-2/alignment_XML2-4000-0.005-8E-5-200-4.fa	XML-2	25	9181
XML-2/alignment_XML2-4000-0.005-8E-5-200-5.fa	XML-2	34	9181
XML-2/alignment_XML2-4000-0.005-8E-5-200-6.fa	XML-2	33	9181
XML-2/alignment_XML2-4000-0.005-8E-5-200-7.fa	XML-2	29	9181
XML-2/alignment_XML2-4000-0.005-8E-5-200-8.fa	XML-2	17	9181
XML-2/alignment_XML2-4000-0.005-8E-5-200-9.fa	XML-2	29	9181
XML-2/alignment_XML2-4000-0.005-8E-5-50-1.fa	XML-2	17	9181
XML-2/alignment_XML2-4000-0.005-8E-5-50-10.fa	XML-2	20	9181
XML-2/alignment_XML2-4000-0.005-8E-5-50-11.fa	XML-2	20	9181
XML-2/alignment_XML2-4000-0.005-8E-5-50-12.fa	XML-2	16	9181
XML-2/alignment_XML2-4000-0.005-8E-5-50-13.fa	XML-2	19	9181
XML-2/alignment_XML2-4000-0.005-8E-5-50-14.fa	XML-2	13	9181
XML-2/alignment_XML2-4000-0.005-8E-5-50-15.fa	XML-2	19	9181
XML-2/alignment_XML2-4000-0.005-8E-5-50-2.fa	XML-2	18	9181
XML-2/alignment_XML2-4000-0.005-8E-5-50-3.fa	XML-2	13	9181
XML-2/alignment_XML2-4000-0.005-8E-5-50-4.fa	XML-2	18	9181
XML-2/alignment_XML2-4000-0.005-8E-5-50-5.fa	XML-2	21	9181
XML-2/alignment_XML2-4000-0.005-8E-5-50-6.fa	XML-2	25	9181
XML-2/alignment_XML2-4000-0.005-8E-5-50-7.fa	XML-2	22	9181
XML-2/alignment_XML2-4000-0.005-8E-5-50-8.fa	XML-2	20	9181
XML-2/alignment_XML2-4000-0.005-8E-5-50-9.fa	XML-2	14	9181
XML-2/alignment_XML2-4000-0.01-12E-5-100-1.fa	XML-2	36	9181
XML-2/alignment_XML2-4000-0.01-12E-5-100-10.fa	XML-2	32	9181
XML-2/alignment_XML2-4000-0.01-12E-5-100-11.fa	XML-2	34	9181
XML-2/alignment_XML2-4000-0.01-12E-5-100-12.fa	XML-2	26	9181
XML-2/alignment_XML2-4000-0.01-12E-5-100-13.fa	XML-2	46	9181
XML-2/alignment_XML2-4000-0.01-12E-5-100-14.fa	XML-2	46	9181
XML-2/alignment_XML2-4000-0.01-12E-5-100-15.fa	XML-2	33	9181
XML-2/alignment_XML2-4000-0.01-12E-5-100-2.fa	XML-2	29	9181
XML-2/alignment_XML2-4000-0.01-12E-5-100-3.fa	XML-2	33	9181
XML-2/alignment_XML2-4000-0.01-12E-5-100-4.fa	XML-2	32	9181
XML-2/alignment_XML2-4000-0.01-12E-5-100-5.fa	XML-2	35	9181
XML-2/alignment_XML2-4000-0.01-12E-5-100-6.fa	XML-2	34	9181
XML-2/alignment_XML2-4000-0.01-12E-5-100-7.fa	XML-2	31	9181
XML-2/alignment_XML2-4000-0.01-12E-5-100-8.fa	XML-2	33	9181
XML-2/alignment_XML2-4000-0.01-12E-5-100-9.fa	XML-2	47	9181
XML-2/alignment_XML2-4000-0.01-12E-5-200-1.fa	XML-2	34	9181
XML-2/alignment_XML2-4000-0.01-12E-5-200-10.fa	XML-2	49	9181
XML-2/alignment_XML2-4000-0.01-12E-5-200-11.fa	XML-2	55	9181
XML-2/alignment_XML2-4000-0.01-12E-5-200-12.fa	XML-2	29	9181
XML-2/alignment_XML2-4000-0.01-12E-5-200-13.fa	XML-2	42	9181
XML-2/alignment_XML2-4000-0.01-12E-5-200-14.fa	XML-2	42	9181
XML-2/alignment_XML2-4000-0.01-12E-5-200-15.fa	XML-2	37	9181
XML-2/alignment_XML2-4000-0.01-12E-5-200-2.fa	XML-2	53	9181
XML-2/alignment_XML2-4000-0.01-12E-5-200-3.fa	XML-2	24	9181
XML-2/alignment_XML2-4000-0.01-12E-5-200-4.fa	XML-2	47	9181
XML-2/alignment_XML2-4000-0.01-12E-5-200-5.fa	XML-2	44	9181
XML-2/alignment_XML2-4000-0.01-12E-5-200-6.fa	XML-2	62	9181
XML-2/alignment_XML2-4000-0.01-12E-5-200-7.fa	XML-2	51	9181
XML-2/alignment_XML2-4000-0.01-12E-5-200-8.fa	XML-2	40	9181
XML-2/alignment_XML2-4000-0.01-12E-5-200-9.fa	XML-2	39	9181
XML-2/alignment_XML2-4000-0.01-12E-5-50-1.fa	XML-2	29	9181
XML-2/alignment_XML2-4000-0.01-12E-5-50-10.fa	XML-2	21	9181
XML-2/alignment_XML2-4000-0.01-12E-5-50-11.fa	XML-2	31	9181
XML-2/alignment_XML2-4000-0.01-12E-5-50-12.fa	XML-2	24	9181
XML-2/alignment_XML2-4000-0.01-12E-5-50-13.fa	XML-2	23	9181
XML-2/alignment_XML2-4000-0.01-12E-5-50-14.fa	XML-2	24	9181
XML-2/alignment_XML2-4000-0.01-12E-5-50-15.fa	XML-2	16	9181
XML-2/alignment_XML2-4000-0.01-12E-5-50-2.fa	XML-2	27	9181
XML-2/alignment_XML2-4000-0.01-12E-5-50-3.fa	XML-2	26	9181
XML-2/alignment_XML2-4000-0.01-12E-5-50-4.fa	XML-2	18	9181
XML-2/alignment_XML2-4000-0.01-12E-5-50-5.fa	XML-2	21	9181
XML-2/alignment_XML2-4000-0.01-12E-5-50-6.fa	XML-2	27	9181
XML-2/alignment_XML2-4000-0.01-12E-5-50-7.fa	XML-2	26	9181
XML-2/alignment_XML2-4000-0.01-12E-5-50-8.fa	XML-2	20	9181
XML-2/alignment_XML2-4000-0.01-12E-5-50-9.fa	XML-2	21	9181
XML-2/alignment_XML2-4000-0.01-4E-5-100-1.fa	XML-2	35	9181
XML-2/alignment_XML2-4000-0.01-4E-5-100-10.fa	XML-2	44	9181
XML-2/alignment_XML2-4000-0.01-4E-5-100-11.fa	XML-2	44	9181
XML-2/alignment_XML2-4000-0.01-4E-5-100-12.fa	XML-2	44	9181
XML-2/alignment_XML2-4000-0.01-4E-5-100-13.fa	XML-2	40	9181
XML-2/alignment_XML2-4000-0.01-4E-5-100-14.fa	XML-2	39	9181
XML-2/alignment_XML2-4000-0.01-4E-5-100-15.fa	XML-2	43	9181
XML-2/alignment_XML2-4000-0.01-4E-5-100-2.fa	XML-2	47	9181
XML-2/alignment_XML2-4000-0.01-4E-5-100-3.fa	XML-2	37	9181
XML-2/alignment_XML2-4000-0.01-4E-5-100-4.fa	XML-2	40	9181
XML-2/alignment_XML2-4000-0.01-4E-5-100-5.fa	XML-2	51	9181
XML-2/alignment_XML2-4000-0.01-4E-5-100-6.fa	XML-2	46	9181
XML-2/alignment_XML2-4000-0.01-4E-5-100-7.fa	XML-2	36	9181
XML-2/alignment_XML2-4000-0.01-4E-5-100-8.fa	XML-2	36	9181
XML-2/alignment_XML2-4000-0.01-4E-5-100-9.fa	XML-2	44	9181
XML-2/alignment_XML2-4000-0.01-4E-5-200-1.fa	XML-2	38	9181
XML-2/alignment_XML2-4000-0.01-4E-5-200-10.fa	XML-2	59	9181
XML-2/alignment_XML2-4000-0.01-4E-5-200-11.fa	XML-2	56	9181
XML-2/alignment_XML2-4000-0.01-4E-5-200-12.fa	XML-2	56	9181
XML-2/alignment_XML2-4000-0.01-4E-5-200-13.fa	XML-2	45	9181
XML-2/alignment_XML2-4000-0.01-4E-5-200-14.fa	XML-2	56	9181
XML-2/alignment_XML2-4000-0.01-4E-5-200-15.fa	XML-2	56	9181
XML-2/alignment_XML2-4000-0.01-4E-5-200-2.fa	XML-2	44	9181
XML-2/alignment_XML2-4000-0.01-4E-5-200-3.fa	XML-2	59	9181
XML-2/alignment_XML2-4000-0.01-4E-5-200-4.fa	XML-2	69	9181
XML-2/alignment_XML2-4000-0.01-4E-5-200-5.fa	XML-2	55	9181
XML-2/alignment_XML2-4000-0.01-4E-5-200-6.fa	XML-2	38	9181
XML-2/alignment_XML2-4000-0.01-4E-5-200-7.fa	XML-2	41	9181
XML-2/alignment_XML2-4000-0.01-4E-5-200-8.fa	XML-2	61	9181
XML-2/alignment_XML2-4000-0.01-4E-5-200-9.fa	XML-2	59	9181
XML-2/alignment_XML2-4000-0.01-4E-5-50-1.fa	XML-2	29	9181
XML-2/alignment_XML2-4000-0.01-4E-5-50-10.fa	XML-2	34	9181
XML-2/alignment_XML2-4000-0.01-4E-5-50-11.fa	XML-2	19	9181
XML-2/alignment_XML2-4000-0.01-4E-5-50-12.fa	XML-2	17	9181
XML-2/alignment_XML2-4000-0.01-4E-5-50-13.fa	XML-2	26	9181
XML-2/alignment_XML2-4000-0.01-4E-5-50-14.fa	XML-2	23	9181
XML-2/alignment_XML2-4000-0.01-4E-5-50-15.fa	XML-2	26	9181
XML-2/alignment_XML2-4000-0.01-4E-5-50-2.fa	XML-2	24	9181
XML-2/alignment_XML2-4000-0.01-4E-5-50-3.fa	XML-2	34	9181
XML-2/alignment_XML2-4000-0.01-4E-5-50-4.fa	XML-2	33	9181
XML-2/alignment_XML2-4000-0.01-4E-5-50-5.fa	XML-2	29	9181
XML-2/alignment_XML2-4000-0.01-4E-5-50-6.fa	XML-2	25	9181
XML-2/alignment_XML2-4000-0.01-4E-5-50-7.fa	XML-2	32	9181
XML-2/alignment_XML2-4000-0.01-4E-5-50-8.fa	XML-2	25	9181
XML-2/alignment_XML2-4000-0.01-4E-5-50-9.fa	XML-2	23	9181
XML-2/alignment_XML2-4000-0.01-8E-5-100-1.fa	XML-2	53	9181
XML-2/alignment_XML2-4000-0.01-8E-5-100-10.fa	XML-2	28	9181
XML-2/alignment_XML2-4000-0.01-8E-5-100-11.fa	XML-2	39	9181
XML-2/alignment_XML2-4000-0.01-8E-5-100-12.fa	XML-2	48	9181
XML-2/alignment_XML2-4000-0.01-8E-5-100-13.fa	XML-2	40	9181
XML-2/alignment_XML2-4000-0.01-8E-5-100-14.fa	XML-2	36	9181
XML-2/alignment_XML2-4000-0.01-8E-5-100-15.fa	XML-2	49	9181
XML-2/alignment_XML2-4000-0.01-8E-5-100-2.fa	XML-2	28	9181
XML-2/alignment_XML2-4000-0.01-8E-5-100-3.fa	XML-2	36	9181
XML-2/alignment_XML2-4000-0.01-8E-5-100-4.fa	XML-2	36	9181
XML-2/alignment_XML2-4000-0.01-8E-5-100-5.fa	XML-2	36	9181
XML-2/alignment_XML2-4000-0.01-8E-5-100-6.fa	XML-2	32	9181
XML-2/alignment_XML2-4000-0.01-8E-5-100-7.fa	XML-2	31	9181
XML-2/alignment_XML2-4000-0.01-8E-5-100-8.fa	XML-2	37	9181
XML-2/alignment_XML2-4000-0.01-8E-5-100-9.fa	XML-2	24	9181
XML-2/alignment_XML2-4000-0.01-8E-5-200-1.fa	XML-2	51	9181
XML-2/alignment_XML2-4000-0.01-8E-5-200-10.fa	XML-2	46	9181
XML-2/alignment_XML2-4000-0.01-8E-5-200-11.fa	XML-2	56	9181
XML-2/alignment_XML2-4000-0.01-8E-5-200-12.fa	XML-2	46	9181
XML-2/alignment_XML2-4000-0.01-8E-5-200-13.fa	XML-2	37	9181
XML-2/alignment_XML2-4000-0.01-8E-5-200-14.fa	XML-2	58	9181
XML-2/alignment_XML2-4000-0.01-8E-5-200-15.fa	XML-2	60	9181
XML-2/alignment_XML2-4000-0.01-8E-5-200-2.fa	XML-2	47	9181
XML-2/alignment_XML2-4000-0.01-8E-5-200-3.fa	XML-2	55	9181
XML-2/alignment_XML2-4000-0.01-8E-5-200-4.fa	XML-2	41	9181
XML-2/alignment_XML2-4000-0.01-8E-5-200-5.fa	XML-2	62	9181
XML-2/alignment_XML2-4000-0.01-8E-5-200-6.fa	XML-2	32	9181
XML-2/alignment_XML2-4000-0.01-8E-5-200-7.fa	XML-2	48	9181
XML-2/alignment_XML2-4000-0.01-8E-5-200-8.fa	XML-2	33	9181
XML-2/alignment_XML2-4000-0.01-8E-5-200-9.fa	XML-2	48	9181
XML-2/alignment_XML2-4000-0.01-8E-5-50-1.fa	XML-2	21	9181
XML-2/alignment_XML2-4000-0.01-8E-5-50-10.fa	XML-2	22	9181
XML-2/alignment_XML2-4000-0.01-8E-5-50-11.fa	XML-2	24	9181
XML-2/alignment_XML2-4000-0.01-8E-5-50-12.fa	XML-2	28	9181
XML-2/alignment_XML2-4000-0.01-8E-5-50-13.fa	XML-2	13	9181
XML-2/alignment_XML2-4000-0.01-8E-5-50-14.fa	XML-2	32	9181
XML-2/alignment_XML2-4000-0.01-8E-5-50-15.fa	XML-2	26	9181
XML-2/alignment_XML2-4000-0.01-8E-5-50-2.fa	XML-2	21	9181
XML-2/alignment_XML2-4000-0.01-8E-5-50-3.fa	XML-2	31	9181
XML-2/alignment_XML2-4000-0.01-8E-5-50-4.fa	XML-2	27	9181
XML-2/alignment_XML2-4000-0.01-8E-5-50-5.fa	XML-2	29	9181
XML-2/alignment_XML2-4000-0.01-8E-5-50-6.fa	XML-2	23	9181
XML-2/alignment_XML2-4000-0.01-8E-5-50-7.fa	XML-2	27	9181
XML-2/alignment_XML2-4000-0.01-8E-5-50-8.fa	XML-2	26	9181
XML-2/alignment_XML2-4000-0.01-8E-5-50-9.fa	XML-2	25	9181
XML-2/alignment_XML2-4000-0.02-4E-5-100-1.fa	XML-2	52	9181
XML-2/alignment_XML2-4000-0.02-4E-5-100-10.fa	XML-2	60	9181
XML-2/alignment_XML2-4000-0.02-4E-5-100-11.fa	XML-2	59	9181
XML-2/alignment_XML2-4000-0.02-4E-5-100-12.fa	XML-2	48	9181
XML-2/alignment_XML2-4000-0.02-4E-5-100-13.fa	XML-2	54	9181
XML-2/alignment_XML2-4000-0.02-4E-5-100-14.fa	XML-2	60	9181
XML-2/alignment_XML2-4000-0.02-4E-5-100-15.fa	XML-2	44	9181
XML-2/alignment_XML2-4000-0.02-4E-5-100-2.fa	XML-2	54	9181
XML-2/alignment_XML2-4000-0.02-4E-5-100-3.fa	XML-2	62	9181
XML-2/alignment_XML2-4000-0.02-4E-5-100-4.fa	XML-2	78	9181
XML-2/alignment_XML2-4000-0.02-4E-5-100-5.fa	XML-2	61	9181
XML-2/alignment_XML2-4000-0.02-4E-5-100-6.fa	XML-2	55	9181
XML-2/alignment_XML2-4000-0.02-4E-5-100-7.fa	XML-2	58	9181
XML-2/alignment_XML2-4000-0.02-4E-5-100-8.fa	XML-2	68	9181
XML-2/alignment_XML2-4000-0.02-4E-5-100-9.fa	XML-2	60	9181
XML-2/alignment_XML2-4000-0.02-4E-5-50-1.fa	XML-2	36	9181
XML-2/alignment_XML2-4000-0.02-4E-5-50-10.fa	XML-2	29	9181
XML-2/alignment_XML2-4000-0.02-4E-5-50-11.fa	XML-2	35	9181
XML-2/alignment_XML2-4000-0.02-4E-5-50-12.fa	XML-2	38	9181
XML-2/alignment_XML2-4000-0.02-4E-5-50-13.fa	XML-2	31	9181
XML-2/alignment_XML2-4000-0.02-4E-5-50-14.fa	XML-2	28	9181
XML-2/alignment_XML2-4000-0.02-4E-5-50-15.fa	XML-2	33	9181
XML-2/alignment_XML2-4000-0.02-4E-5-50-2.fa	XML-2	31	9181
XML-2/alignment_XML2-4000-0.02-4E-5-50-3.fa	XML-2	41	9181
XML-2/alignment_XML2-4000-0.02-4E-5-50-4.fa	XML-2	42	9181
XML-2/alignment_XML2-4000-0.02-4E-5-50-5.fa	XML-2	30	9181
XML-2/alignment_XML2-4000-0.02-4E-5-50-6.fa	XML-2	31	9181
XML-2/alignment_XML2-4000-0.02-4E-5-50-7.fa	XML-2	24	9181
XML-2/alignment_XML2-4000-0.02-4E-5-50-8.fa	XML-2	31	9181
XML-2/alignment_XML2-4000-0.02-4E-5-50-9.fa	XML-2	36	9181
XML-3/alignment_XML3-2500-0.005-12E-5-100-1.fa	XML-3	27	5800
XML-3/alignment_XML3-2500-0.005-12E-5-100-10.fa	XML-3	32	5800
XML-3/alignment_XML3-2500-0.005-12E-5-100-2.fa	XML-3	29	5800
XML-3/alignment_XML3-2500-0.005-12E-5-100-3.fa	XML-3	21	5800
XML-3/alignment_XML3-2500-0.005-12E-5-100-4.fa	XML-3	26	5800
XML-3/alignment_XML3-2500-0.005-12E-5-100-5.fa	XML-3	20	5800
XML-3/alignment_XML3-2500-0.005-12E-5-100-6.fa	XML-3	21	5800
XML-3/alignment_XML3-2500-0.005-12E-5-100-7.fa	XML-3	23	5800
XML-3/alignment_XML3-2500-0.005-12E-5-100-8.fa	XML-3	18	5800
XML-3/alignment_XML3-2500-0.005-12E-5-100-9.fa	XML-3	25	5800
XML-3/alignment_XML3-2500-0.005-12E-5-200-1.fa	XML-3	31	5800
XML-3/alignment_XML3-2500-0.005-12E-5-200-10.fa	XML-3	39	5800
XML-3/alignment_XML3-2500-0.005-12E-5-200-2.fa	XML-3	40	5800
XML-3/alignment_XML3-2500-0.005-12E-5-200-3.fa	XML-3	32	5800
XML-3/alignment_XML3-2500-0.005-12E-5-200-4.fa	XML-3	35	5800
XML-3/alignment_XML3-2500-0.005-12E-5-200-5.fa	XML-3	37	5800
XML-3/alignment_XML3-2500-0.005-12E-5-200-6.fa	XML-3	21	5800
XML-3/alignment_XML3-2500-0.005-12E-5-200-7.fa	XML-3	46	5800
XML-3/alignment_XML3-2500-0.005-12E-5-200-8.fa	XML-3	39	5800
XML-3/alignment_XML3-2500-0.005-12E-5-200-9.fa	XML-3	25	5800
XML-3/alignment_XML3-2500-0.005-12E-5-50-1.fa	XML-3	16	5800
XML-3/alignment_XML3-2500-0.005-12E-5-50-10.fa	XML-3	9	5800
XML-3/alignment_XML3-2500-0.005-12E-5-50-2.fa	XML-3	22	5800
XML-3/alignment_XML3-2500-0.005-12E-5-50-3.fa	XML-3	15	5800
XML-3/alignment_XML3-2500-0.005-12E-5-50-4.fa	XML-3	13	5800
XML-3/alignment_XML3-2500-0.005-12E-5-50-5.fa	XML-3	35	5800
XML-3/alignment_XML3-2500-0.005-12E-5-50-6.fa	XML-3	16	5800
XML-3/alignment_XML3-2500-0.005-12E-5-50-7.fa	XML-3	19	5800
XML-3/alignment_XML3-2500-0.005-12E-5-50-8.fa	XML-3	12	5800
XML-3/alignment_XML3-2500-0.005-12E-5-50-9.fa	XML-3	14	5800
XML-3/alignment_XML3-2500-0.005-4E-5-100-1.fa	XML-3	41	5800
XML-3/alignment_XML3-2500-0.005-4E-5-100-10.fa	XML-3	32	5800
XML-3/alignment_XML3-2500-0.005-4E-5-100-2.fa	XML-3	36	5800
XML-3/alignment_XML3-2500-0.005-4E-5-100-3.fa	XML-3	37	5800
XML-3/alignment_XML3-2500-0.005-4E-5-100-4.fa	XML-3	29	5800
XML-3/alignment_XML3-2500-0.005-4E-5-100-5.fa	XML-3	36	5800
XML-3/alignment_XML3-2500-0.005-4E-5-100-6.fa	XML-3	45	5800
XML-3/alignment_XML3-2500-0.005-4E-5-100-7.fa	XML-3	38	5800
XML-3/alignment_XML3-2500-0.005-4E-5-100-8.fa	XML-3	36	5800
XML-3/alignment_XML3-2500-0.005-4E-5-100-9.fa	XML-3	39	5800
XML-3/alignment_XML3-2500-0.005-4E-5-200-1.fa	XML-3	66	5800
XML-3/alignment_XML3-2500-0.005-4E-5-200-10.fa	XML-3	63	5800
XML-3/alignment_XML3-2500-0.005-4E-5-200-2.fa	XML-3	37	5800
XML-3/alignment_XML3-2500-0.005-4E-5-200-3.fa	XML-3	40	5800
XML-3/alignment_XML3-2500-0.005-4E-5-200-4.fa	XML-3	67	5800
XML-3/alignment_XML3-2500-0.005-4E-5-200-5.fa	XML-3	48	5800
XML-3/alignment_XML3-2500-0.005-4E-5-200-6.fa	XML-3	46	5800
XML-3/alignment_XML3-2500-0.005-4E-5-200-7.fa	XML-3	52	5800
XML-3/alignment_XML3-2500-0.005-4E-5-200-8.fa	XML-3	44	5800
XML-3/alignment_XML3-2500-0.005-4E-5-200-9.fa	XML-3	40	5800
XML-3/alignment_XML3-2500-0.005-4E-5-50-1.fa	XML-3	20	5800
XML-3/alignment_XML3-2500-0.005-4E-5-50-10.fa	XML-3	22	5800
XML-3/alignment_XML3-2500-0.005-4E-5-50-2.fa	XML-3	16	5800
XML-3/alignment_XML3-2500-0.005-4E-5-50-3.fa	XML-3	24	5800
XML-3/alignment_XML3-2500-0.005-4E-5-50-4.fa	XML-3	23	5800
XML-3/alignment_XML3-2500-0.005-4E-5-50-5.fa	XML-3	18	5800
XML-3/alignment_XML3-2500-0.005-4E-5-50-6.fa	XML-3	18	5800
XML-3/alignment_XML3-2500-0.005-4E-5-50-7.fa	XML-3	24	5800
XML-3/alignment_XML3-2500-0.005-4E-5-50-8.fa	XML-3	14	5800
XML-3/alignment_XML3-2500-0.005-4E-5-50-9.fa	XML-3	26	5800
XML-3/alignment_XML3-2500-0.005-8E-5-100-1.fa	XML-3	17	5800
XML-3/alignment_XML3-2500-0.005-8E-5-100-10.fa	XML-3	36	5800
XML-3/alignment_XML3-2500-0.005-8E-5-100-2.fa	XML-3	29	5800
XML-3/alignment_XML3-2500-0.005-8E-5-100-3.fa	XML-3	32	5800
XML-3/alignment_XML3-2500-0.005-8E-5-100-4.fa	XML-3	29	5800
XML-3/alignment_XML3-2500-0.005-8E-5-100-5.fa	XML-3	32	5800
XML-3/alignment_XML3-2500-0.005-8E-5-100-6.fa	XML-3	28	5800
XML-3/alignment_XML3-2500-0.005-8E-5-100-7.fa	XML-3	22	5800
XML-3/alignment_XML3-2500-0.005-8E-5-100-8.fa	XML-3	32	5800
XML-3/alignment_XML3-2500-0.005-8E-5-100-9.fa	XML-3	31	5800
XML-3/alignment_XML3-2500-0.005-8E-5-200-1.fa	XML-3	39	5800
XML-3/alignment_XML3-2500-0.005-8E-5-200-10.fa	XML-3	27	5800
XML-3/alignment_XML3-2500-0.005-8E-5-200-2.fa	XML-3	49	5800
XML-3/alignment_XML3-2500-0.005-8E-5-200-3.fa	XML-3	41	5800
XML-3/alignment_XML3-2500-0.005-8E-5-200-4.fa	XML-3	41	5800
XML-3/alignment_XML3-2500-0.005-8E-5-200-5.fa	XML-3	34	5800
XML-3/alignment_XML3-2500-0.005-8E-5-200-6.fa	XML-3	44	5800
XML-3/alignment_XML3-2500-0.005-8E-5-200-7.fa	XML-3	29	5800
XML-3/alignment_XML3-2500-0.005-8E-5-200-8.fa	XML-3	42	5800
XML-3/alignment_XML3-2500-0.005-8E-5-200-9.fa	XML-3	34	5800
XML-3/alignment_XML3-2500-0.005-8E-5-50-1.fa	XML-3	20	5800
XML-3/alignment_XML3-2500-0.005-8E-5-50-10.fa	XML-3	13	5800
XML-3/alignment_XML3-2500-0.005-8E-5-50-2.fa	XML-3	12	5800
XML-3/alignment_XML3-2500-0.005-8E-5-50-3.fa	XML-3	19	5800
XML-3/alignment_XML3-2500-0.005-8E-5-50-4.fa	XML-3	15	5800
XML-3/alignment_XML3-2500-0.005-8E-5-50-5.fa	XML-3	21	5800
XML-3/alignment_XML3-2500-0.005-8E-5-50-6.fa	XML-3	19	5800
XML-3/alignment_XML3-2500-0.005-8E-5-50-7.fa	XML-3	14	5800
XML-3/alignment_XML3-2500-0.005-8E-5-50-8.fa	XML-3	16	5800
XML-3/alignment_XML3-2500-0.005-8E-5-50-9.fa	XML-3	29	5800
XML-3/alignment_XML3-2500-0.01-12E-5-100-1.fa	XML-3	47	5800
XML-3/alignment_XML3-2500-0.01-12E-5-100-10.fa	XML-3	46	5800
XML-3/alignment_XML3-2500-0.01-12E-5-100-2.fa	XML-3	43	5800
XML-3/alignment_XML3-2500-0.01-12E-5-100-3.fa	XML-3	47	5800
XML-3/alignment_XML3-2500-0.01-12E-5-100-4.fa	XML-3	44	5800
XML-3/alignment_XML3-2500-0.01-12E-5-100-5.fa	XML-3	53	5800
XML-3/alignment_XML3-2500-0.01-12E-5-100-6.fa	XML-3	55	5800
XML-3/alignment_XML3-2500-0.01-12E-5-100-7.fa	XML-3	49	5800
XML-3/alignment_XML3-2500-0.01-12E-5-100-8.fa	XML-3	48	5800
XML-3/alignment_XML3-2500-0.01-12E-5-100-9.fa	XML-3	38	5800
XML-3/alignment_XML3-2500-0.01-12E-5-200-1.fa	XML-3	52	5800
XML-3/alignment_XML3-2500-0.01-12E-5-200-10.fa	XML-3	61	5800
XML-3/alignment_XML3-2500-0.01-12E-5-200-2.fa	XML-3	60	5800
XML-3/alignment_XML3-2500-0.01-12E-5-200-3.fa	XML-3	65	5800
XML-3/alignment_XML3-2500-0.01-12E-5-200-4.fa	XML-3	63	5800
XML-3/alignment_XML3-2500-0.01-12E-5-200-5.fa	XML-3	65	5800
XML-3/alignment_XML3-2500-0.01-12E-5-200-6.fa	XML-3	51	5800
XML-3/alignment_XML3-2500-0.01-12E-5-200-7.fa	XML-3	65	5800
XML-3/alignment_XML3-2500-0.01-12E-5-200-8.fa	XML-3	86	5800
XML-3/alignment_XML3-2500-0.01-12E-5-200-9.fa	XML-3	70	5800
XML-3/alignment_XML3-2500-0.01-12E-5-50-1.fa	XML-3	30	5800
XML-3/alignment_XML3-2500-0.01-12E-5-50-10.fa	XML-3	26	5800
XML-3/alignment_XML3-2500-0.01-12E-5-50-2.fa	XML-3	28	5800
XML-3/alignment_XML3-2500-0.01-12E-5-50-3.fa	XML-3	29	5800
XML-3/alignment_XML3-2500-0.01-12E-5-50-4.fa	XML-3	41	5800
XML-3/alignment_XML3-2500-0.01-12E-5-50-5.fa	XML-3	24	5800
XML-3/alignment_XML3-2500-0.01-12E-5-50-6.fa	XML-3	31	5800
XML-3/alignment_XML3-2500-0.01-12E-5-50-7.fa	XML-3	36	5800
XML-3/alignment_XML3-2500-0.01-12E-5-50-8.fa	XML-3	41	5800
XML-3/alignment_XML3-2500-0.01-12E-5-50-9.fa	XML-3	22	5800
XML-3/alignment_XML3-2500-0.01-4E-5-100-1.fa	XML-3	58	5800
XML-3/alignment_XML3-2500-0.01-4E-5-100-10.fa	XML-3	52	5800
XML-3/alignment_XML3-2500-0.01-4E-5-100-2.fa	XML-3	59	5800
XML-3/alignment_XML3-2500-0.01-4E-5-100-3.fa	XML-3	44	5800
XML-3/alignment_XML3-2500-0.01-4E-5-100-4.fa	XML-3	55	5800
XML-3/alignment_XML3-2500-0.01-4E-5-100-5.fa	XML-3	57	5800
XML-3/alignment_XML3-2500-0.01-4E-5-100-6.fa	XML-3	63	5800
XML-3/alignment_XML3-2500-0.01-4E-5-100-7.fa	XML-3	53	5800
XML-3/alignment_XML3-2500-0.01-4E-5-100-8.fa	XML-3	61	5800
XML-3/alignment_XML3-2500-0.01-4E-5-100-9.fa	XML-3	64	5800
XML-3/alignment_XML3-2500-0.01-4E-5-200-1.fa	XML-3	91	5800
XML-3/alignment_XML3-2500-0.01-4E-5-200-10.fa	XML-3	84	5800
XML-3/alignment_XML3-2500-0.01-4E-5-200-2.fa	XML-3	82	5800
XML-3/alignment_XML3-2500-0.01-4E-5-200-3.fa	XML-3	66	5800
XML-3/alignment_XML3-2500-0.01-4E-5-200-4.fa	XML-3	80	5800
XML-3/alignment_XML3-2500-0.01-4E-5-200-5.fa	XML-3	88	5800
XML-3/alignment_XML3-2500-0.01-4E-5-200-6.fa	XML-3	77	5800
XML-3/alignment_XML3-2500-0.01-4E-5-200-7.fa	XML-3	80	5800
XML-3/alignment_XML3-2500-0.01-4E-5-200-8.fa	XML-3	80	5800
XML-3/alignment_XML3-2500-0.01-4E-5-200-9.fa	XML-3	88	5800
XML-3/alignment_XML3-2500-0.01-4E-5-50-1.fa	XML-3	37	5800
XML-3/alignment_XML3-2500-0.01-4E-5-50-10.fa	XML-3	36	5800
XML-3/alignment_XML3-2500-0.01-4E-5-50-2.fa	XML-3	39	5800
XML-3/alignment_XML3-2500-0.01-4E-5-50-3.fa	XML-3	35	5800
XML-3/alignment_XML3-2500-0.01-4E-5-50-4.fa	XML-3	38	5800
XML-3/alignment_XML3-2500-0.01-4E-5-50-5.fa	XML-3	35	5800
XML-3/alignment_XML3-2500-0.01-4E-5-50-6.fa	XML-3	39	5800
XML-3/alignment_XML3-2500-0.01-4E-5-50-7.fa	XML-3	39	5800
XML-3/alignment_XML3-2500-0.01-4E-5-50-8.fa	XML-3	27	5800
XML-3/alignment_XML3-2500-0.01-4E-5-50-9.fa	XML-3	34	5800
XML-3/alignment_XML3-2500-0.01-8E-5-100-1.fa	XML-3	43	5800
XML-3/alignment_XML3-2500-0.01-8E-5-100-10.fa	XML-3	58	5800
XML-3/alignment_XML3-2500-0.01-8E-5-100-2.fa	XML-3	56	5800
XML-3/alignment_XML3-2500-0.01-8E-5-100-3.fa	XML-3	63	5800
XML-3/alignment_XML3-2500-0.01-8E-5-100-4.fa	XML-3	58	5800
XML-3/alignment_XML3-2500-0.01-8E-5-100-5.fa	XML-3	41	5800
XML-3/alignment_XML3-2500-0.01-8E-5-100-6.fa	XML-3	57	5800
XML-3/alignment_XML3-2500-0.01-8E-5-100-7.fa	XML-3	62	5800
XML-3/alignment_XML3-2500-0.01-8E-5-100-8.fa	XML-3	49	5800
XML-3/alignment_XML3-2500-0.01-8E-5-100-9.fa	XML-3	45	5800
XML-3/alignment_XML3-2500-0.01-8E-5-200-1.fa	XML-3	88	5800
XML-3/alignment_XML3-2500-0.01-8E-5-200-10.fa	XML-3	49	5800
XML-3/alignment_XML3-2500-0.01-8E-5-200-2.fa	XML-3	81	5800
XML-3/alignment_XML3-2500-0.01-8E-5-200-3.fa	XML-3	81	5800
XML-3/alignment_XML3-2500-0.01-8E-5-200-4.fa	XML-3	58	5800
XML-3/alignment_XML3-2500-0.01-8E-5-200-5.fa	XML-3	82	5800
XML-3/alignment_XML3-2500-0.01-8E-5-200-6.fa	XML-3	70	5800
XML-3/alignment_XML3-2500-0.01-8E-5-200-7.fa	XML-3	80	5800
XML-3/alignment_XML3-2500-0.01-8E-5-200-8.fa	XML-3	69	5800
XML-3/alignment_XML3-2500-0.01-8E-5-200-9.fa	XML-3	75	5800
XML-3/alignment_XML3-2500-0.01-8E-5-50-1.fa	XML-3	28	5800
XML-3/alignment_XML3-2500-0.01-8E-5-50-10.fa	XML-3	35	5800
XML-3/alignment_XML3-2500-0.01-8E-5-50-2.fa	XML-3	31	5800
XML-3/alignment_XML3-2500-0.01-8E-5-50-3.fa	XML-3	41	5800
XML-3/alignment_XML3-2500-0.01-8E-5-50-4.fa	XML-3	36	5800
XML-3/alignment_XML3-2500-0.01-8E-5-50-5.fa	XML-3	42	5800
XML-3/alignment_XML3-2500-0.01-8E-5-50-6.fa	XML-3	29	5800
XML-3/alignment_XML3-2500-0.01-8E-5-50-7.fa	XML-3	40	5800
XML-3/alignment_XML3-2500-0.01-8E-5-50-8.fa	XML-3	27	5800
XML-3/alignment_XML3-2500-0.01-8E-5-50-9.fa	XML-3	35	5800
XML-3/alignment_XML3-2500-0.02-12E-5-100-1.fa	XML-3	71	5800
XML-3/alignment_XML3-2500-0.02-12E-5-100-10.fa	XML-3	87	5800
XML-3/alignment_XML3-2500-0.02-12E-5-100-2.fa	XML-3	93	5800
XML-3/alignment_XML3-2500-0.02-12E-5-100-3.fa	XML-3	86	5800
XML-3/alignment_XML3-2500-0.02-12E-5-100-4.fa	XML-3	65	5800
XML-3/alignment_XML3-2500-0.02-12E-5-100-5.fa	XML-3	67	5800
XML-3/alignment_XML3-2500-0.02-12E-5-100-6.fa	XML-3	67	5800
XML-3/alignment_XML3-2500-0.02-12E-5-100-7.fa	XML-3	72	5800
XML-3/alignment_XML3-2500-0.02-12E-5-100-8.fa	XML-3	67	5800
XML-3/alignment_XML3-2500-0.02-12E-5-100-9.fa	XML-3	79	5800
XML-3/alignment_XML3-2500-0.02-12E-5-200-1.fa	XML-3	110	5800
XML-3/alignment_XML3-2500-0.02-12E-5-200-10.fa	XML-3	119	5800
XML-3/alignment_XML3-2500-0.02-12E-5-200-2.fa	XML-3	104	5800
XML-3/alignment_XML3-2500-0.02-12E-5-200-3.fa	XML-3	110	5800
XML-3/alignment_XML3-2500-0.02-12E-5-200-4.fa	XML-3	119	5800
XML-3/alignment_XML3-2500-0.02-12E-5-200-5.fa	XML-3	119	5800
XML-3/alignment_XML3-2500-0.02-12E-5-200-6.fa	XML-3	95	5800
XML-3/alignment_XML3-2500-0.02-12E-5-200-7.fa	XML-3	100	5800
XML-3/alignment_XML3-2500-0.02-12E-5-200-8.fa	XML-3	129	5800
XML-3/alignment_XML3-2500-0.02-12E-5-200-9.fa	XML-3	98	5800
XML-3/alignment_XML3-2500-0.02-12E-5-50-1.fa	XML-3	39	5800
XML-3/alignment_XML3-2500-0.02-12E-5-50-10.fa	XML-3	44	5800
XML-3/alignment_XML3-2500-0.02-12E-5-50-2.fa	XML-3	36	5800
XML-3/alignment_XML3-2500-0.02-12E-5-50-3.fa	XML-3	31	5800
XML-3/alignment_XML3-2500-0.02-12E-5-50-4.fa	XML-3	40	5800
XML-3/alignment_XML3-2500-0.02-12E-5-50-5.fa	XML-3	50	5800
XML-3/alignment_XML3-2500-0.02-12E-5-50-6.fa	XML-3	47	5800
XML-3/alignment_XML3-2500-0.02-12E-5-50-7.fa	XML-3	40	5800
XML-3/alignment_XML3-2500-0.02-12E-5-50-8.fa	XML-3	48	5800
XML-3/alignment_XML3-2500-0.02-12E-5-50-9.fa	XML-3	38	5800
XML-3/alignment_XML3-2500-0.02-4E-5-100-1.fa	XML-3	96	5800
XML-3/alignment_XML3-2500-0.02-4E-5-100-10.fa	XML-3	70	5800
XML-3/alignment_XML3-2500-0.02-4E-5-100-2.fa	XML-3	84	5800
XML-3/alignment_XML3-2500-0.02-4E-5-100-4.fa	XML-3	94	5800
XML-3/alignment_XML3-2500-0.02-4E-5-100-5.fa	XML-3	84	5800
XML-3/alignment_XML3-2500-0.02-4E-5-100-6.fa	XML-3	65	5800
XML-3/alignment_XML3-2500-0.02-4E-5-100-7.fa	XML-3	87	5800
XML-3/alignment_XML3-2500-0.02-4E-5-100-8.fa	XML-3	86	5800
XML-3/alignment_XML3-2500-0.02-4E-5-100-9.fa	XML-3	85	5800
XML-3/alignment_XML3-2500-0.02-4E-5-200-1.fa	XML-3	121	5800
XML-3/alignment_XML3-2500-0.02-4E-5-200-10.fa	XML-3	118	5800
XML-3/alignment_XML3-2500-0.02-4E-5-200-2.fa	XML-3	108	5800
XML-3/alignment_XML3-2500-0.02-4E-5-200-3.fa	XML-3	137	5800
XML-3/alignment_XML3-2500-0.02-4E-5-200-5.fa	XML-3	125	5800
XML-3/alignment_XML3-2500-0.02-4E-5-200-6.fa	XML-3	124	5800
XML-3/alignment_XML3-2500-0.02-4E-5-200-8.fa	XML-3	110	5800
XML-3/alignment_XML3-2500-0.02-4E-5-200-9.fa	XML-3	103	5800
XML-3/alignment_XML3-2500-0.02-4E-5-50-1.fa	XML-3	43	5800
XML-3/alignment_XML3-2500-0.02-4E-5-50-10.fa	XML-3	49	5800
XML-3/alignment_XML3-2500-0.02-4E-5-50-2.fa	XML-3	47	5800
XML-3/alignment_XML3-2500-0.02-4E-5-50-3.fa	XML-3	42	5800
XML-3/alignment_XML3-2500-0.02-4E-5-50-4.fa	XML-3	53	5800
XML-3/alignment_XML3-2500-0.02-4E-5-50-5.fa	XML-3	36	5800
XML-3/alignment_XML3-2500-0.02-4E-5-50-6.fa	XML-3	38	5800
XML-3/alignment_XML3-2500-0.02-4E-5-50-8.fa	XML-3	48	5800
XML-3/alignment_XML3-2500-0.02-4E-5-50-9.fa	XML-3	45	5800
XML-3/alignment_XML3-2500-0.02-8E-5-100-1.fa	XML-3	96	5800
XML-3/alignment_XML3-2500-0.02-8E-5-100-10.fa	XML-3	88	5800
XML-3/alignment_XML3-2500-0.02-8E-5-100-2.fa	XML-3	63	5800
XML-3/alignment_XML3-2500-0.02-8E-5-100-3.fa	XML-3	60	5800
XML-3/alignment_XML3-2500-0.02-8E-5-100-4.fa	XML-3	74	5800
XML-3/alignment_XML3-2500-0.02-8E-5-100-5.fa	XML-3	72	5800
XML-3/alignment_XML3-2500-0.02-8E-5-100-6.fa	XML-3	72	5800
XML-3/alignment_XML3-2500-0.02-8E-5-100-7.fa	XML-3	87	5800
XML-3/alignment_XML3-2500-0.02-8E-5-100-8.fa	XML-3	81	5800
XML-3/alignment_XML3-2500-0.02-8E-5-100-9.fa	XML-3	79	5800
XML-3/alignment_XML3-2500-0.02-8E-5-200-1.fa	XML-3	125	5800
XML-3/alignment_XML3-2500-0.02-8E-5-200-10.fa	XML-3	128	5800
XML-3/alignment_XML3-2500-0.02-8E-5-200-2.fa	XML-3	132	5800
XML-3/alignment_XML3-2500-0.02-8E-5-200-3.fa	XML-3	124	5800
XML-3/alignment_XML3-2500-0.02-8E-5-200-4.fa	XML-3	130	5800
XML-3/alignment_XML3-2500-0.02-8E-5-200-5.fa	XML-3	122	5800
XML-3/alignment_XML3-2500-0.02-8E-5-200-6.fa	XML-3	124	5800
XML-3/alignment_XML3-2500-0.02-8E-5-200-7.fa	XML-3	130	5800
XML-3/alignment_XML3-2500-0.02-8E-5-200-8.fa	XML-3	95	5800
XML-3/alignment_XML3-2500-0.02-8E-5-200-9.fa	XML-3	111	5800
XML-3/alignment_XML3-2500-0.02-8E-5-50-1.fa	XML-3	36	5800
XML-3/alignment_XML3-2500-0.02-8E-5-50-10.fa	XML-3	50	5800
XML-3/alignment_XML3-2500-0.02-8E-5-50-2.fa	XML-3	43	5800
XML-3/alignment_XML3-2500-0.02-8E-5-50-3.fa	XML-3	36	5800
XML-3/alignment_XML3-2500-0.02-8E-5-50-4.fa	XML-3	31	5800
XML-3/alignment_XML3-2500-0.02-8E-5-50-5.fa	XML-3	54	5800
XML-3/alignment_XML3-2500-0.02-8E-5-50-6.fa	XML-3	41	5800
XML-3/alignment_XML3-2500-0.02-8E-5-50-7.fa	XML-3	35	5800
XML-3/alignment_XML3-2500-0.02-8E-5-50-8.fa	XML-3	45	5800
XML-3/alignment_XML3-2500-0.02-8E-5-50-9.fa	XML-3	39	5800
XML-3/alignment_XML3-3250-0.005-12E-5-100-1.fa	XML-3	27	5800
XML-3/alignment_XML3-3250-0.005-12E-5-100-10.fa	XML-3	35	5800
XML-3/alignment_XML3-3250-0.005-12E-5-100-2.fa	XML-3	26	5800
XML-3/alignment_XML3-3250-0.005-12E-5-100-3.fa	XML-3	31	5800
XML-3/alignment_XML3-3250-0.005-12E-5-100-4.fa	XML-3	31	5800
XML-3/alignment_XML3-3250-0.005-12E-5-100-5.fa	XML-3	31	5800
XML-3/alignment_XML3-3250-0.005-12E-5-100-6.fa	XML-3	28	5800
XML-3/alignment_XML3-3250-0.005-12E-5-100-7.fa	XML-3	28	5800
XML-3/alignment_XML3-3250-0.005-12E-5-100-8.fa	XML-3	34	5800
XML-3/alignment_XML3-3250-0.005-12E-5-100-9.fa	XML-3	30	5800
XML-3/alignment_XML3-3250-0.005-12E-5-200-1.fa	XML-3	42	5800
XML-3/alignment_XML3-3250-0.005-12E-5-200-10.fa	XML-3	41	5800
XML-3/alignment_XML3-3250-0.005-12E-5-200-2.fa	XML-3	32	5800
XML-3/alignment_XML3-3250-0.005-12E-5-200-3.fa	XML-3	38	5800
XML-3/alignment_XML3-3250-0.005-12E-5-200-4.fa	XML-3	28	5800
XML-3/alignment_XML3-3250-0.005-12E-5-200-5.fa	XML-3	35	5800
XML-3/alignment_XML3-3250-0.005-12E-5-200-6.fa	XML-3	36	5800
XML-3/alignment_XML3-3250-0.005-12E-5-200-7.fa	XML-3	27	5800
XML-3/alignment_XML3-3250-0.005-12E-5-200-8.fa	XML-3	40	5800
XML-3/alignment_XML3-3250-0.005-12E-5-200-9.fa	XML-3	31	5800
XML-3/alignment_XML3-3250-0.005-12E-5-50-1.fa	XML-3	16	5800
XML-3/alignment_XML3-3250-0.005-12E-5-50-10.fa	XML-3	20	5800
XML-3/alignment_XML3-3250-0.005-12E-5-50-2.fa	XML-3	16	5800
XML-3/alignment_XML3-3250-0.005-12E-5-50-3.fa	XML-3	16	5800
XML-3/alignment_XML3-3250-0.005-12E-5-50-4.fa	XML-3	23	5800
XML-3/alignment_XML3-3250-0.005-12E-5-50-5.fa	XML-3	17	5800
XML-3/alignment_XML3-3250-0.005-12E-5-50-6.fa	XML-3	13	5800
XML-3/alignment_XML3-3250-0.005-12E-5-50-7.fa	XML-3	26	5800
XML-3/alignment_XML3-3250-0.005-12E-5-50-8.fa	XML-3	19	5800
XML-3/alignment_XML3-3250-0.005-12E-5-50-9.fa	XML-3	17	5800
XML-3/alignment_XML3-3250-0.005-4E-5-100-1.fa	XML-3	48	5800
XML-3/alignment_XML3-3250-0.005-4E-5-100-10.fa	XML-3	29	5800
XML-3/alignment_XML3-3250-0.005-4E-5-100-2.fa	XML-3	43	5800
XML-3/alignment_XML3-3250-0.005-4E-5-100-3.fa	XML-3	36	5800
XML-3/alignment_XML3-3250-0.005-4E-5-100-4.fa	XML-3	35	5800
XML-3/alignment_XML3-3250-0.005-4E-5-100-5.fa	XML-3	42	5800
XML-3/alignment_XML3-3250-0.005-4E-5-100-6.fa	XML-3	39	5800
XML-3/alignment_XML3-3250-0.005-4E-5-100-7.fa	XML-3	59	5800
XML-3/alignment_XML3-3250-0.005-4E-5-100-8.fa	XML-3	39	5800
XML-3/alignment_XML3-3250-0.005-4E-5-100-9.fa	XML-3	41	5800
XML-3/alignment_XML3-3250-0.005-4E-5-200-1.fa	XML-3	47	5800
XML-3/alignment_XML3-3250-0.005-4E-5-200-10.fa	XML-3	58	5800
XML-3/alignment_XML3-3250-0.005-4E-5-200-2.fa	XML-3	48	5800
XML-3/alignment_XML3-3250-0.005-4E-5-200-3.fa	XML-3	54	5800
XML-3/alignment_XML3-3250-0.005-4E-5-200-4.fa	XML-3	59	5800
XML-3/alignment_XML3-3250-0.005-4E-5-200-5.fa	XML-3	64	5800
XML-3/alignment_XML3-3250-0.005-4E-5-200-6.fa	XML-3	56	5800
XML-3/alignment_XML3-3250-0.005-4E-5-200-7.fa	XML-3	57	5800
XML-3/alignment_XML3-3250-0.005-4E-5-200-8.fa	XML-3	50	5800
XML-3/alignment_XML3-3250-0.005-4E-5-200-9.fa	XML-3	58	5800
XML-3/alignment_XML3-3250-0.005-4E-5-50-1.fa	XML-3	23	5800
XML-3/alignment_XML3-3250-0.005-4E-5-50-10.fa	XML-3	18	5800
XML-3/alignment_XML3-3250-0.005-4E-5-50-2.fa	XML-3	34	5800
XML-3/alignment_XML3-3250-0.005-4E-5-50-3.fa	XML-3	23	5800
XML-3/alignment_XML3-3250-0.005-4E-5-50-4.fa	XML-3	27	5800
XML-3/alignment_XML3-3250-0.005-4E-5-50-5.fa	XML-3	30	5800
XML-3/alignment_XML3-3250-0.005-4E-5-50-6.fa	XML-3	23	5800
XML-3/alignment_XML3-3250-0.005-4E-5-50-7.fa	XML-3	26	5800
XML-3/alignment_XML3-3250-0.005-4E-5-50-8.fa	XML-3	27	5800
XML-3/alignment_XML3-3250-0.005-4E-5-50-9.fa	XML-3	18	5800
XML-3/alignment_XML3-3250-0.005-8E-5-100-1.fa	XML-3	33	5800
XML-3/alignment_XML3-3250-0.005-8E-5-100-10.fa	XML-3	33	5800
XML-3/alignment_XML3-3250-0.005-8E-5-100-2.fa	XML-3	27	5800
XML-3/alignment_XML3-3250-0.005-8E-5-100-3.fa	XML-3	47	5800
XML-3/alignment_XML3-3250-0.005-8E-5-100-4.fa	XML-3	29	5800
XML-3/alignment_XML3-3250-0.005-8E-5-100-5.fa	XML-3	30	5800
XML-3/alignment_XML3-3250-0.005-8E-5-100-6.fa	XML-3	43	5800
XML-3/alignment_XML3-3250-0.005-8E-5-100-7.fa	XML-3	26	5800
XML-3/alignment_XML3-3250-0.005-8E-5-100-8.fa	XML-3	31	5800
XML-3/alignment_XML3-3250-0.005-8E-5-100-9.fa	XML-3	40	5800
XML-3/alignment_XML3-3250-0.005-8E-5-200-1.fa	XML-3	36	5800
XML-3/alignment_XML3-3250-0.005-8E-5-200-10.fa	XML-3	44	5800
XML-3/alignment_XML3-3250-0.005-8E-5-200-2.fa	XML-3	36	5800
XML-3/alignment_XML3-3250-0.005-8E-5-200-3.fa	XML-3	48	5800
XML-3/alignment_XML3-3250-0.005-8E-5-200-4.fa	XML-3	52	5800
XML-3/alignment_XML3-3250-0.005-8E-5-200-5.fa	XML-3	47	5800
XML-3/alignment_XML3-3250-0.005-8E-5-200-6.fa	XML-3	48	5800
XML-3/alignment_XML3-3250-0.005-8E-5-200-7.fa	XML-3	45	5800
XML-3/alignment_XML3-3250-0.005-8E-5-200-8.fa	XML-3	36	5800
XML-3/alignment_XML3-3250-0.005-8E-5-200-9.fa	XML-3	32	5800
XML-3/alignment_XML3-3250-0.005-8E-5-50-1.fa	XML-3	22	5800
XML-3/alignment_XML3-3250-0.005-8E-5-50-10.fa	XML-3	23	5800
XML-3/alignment_XML3-3250-0.005-8E-5-50-2.fa	XML-3	25	5800
XML-3/alignment_XML3-3250-0.005-8E-5-50-3.fa	XML-3	23	5800
XML-3/alignment_XML3-3250-0.005-8E-5-50-4.fa	XML-3	17	5800
XML-3/alignment_XML3-3250-0.005-8E-5-50-5.fa	XML-3	19	5800
XML-3/alignment_XML3-3250-0.005-8E-5-50-6.fa	XML-3	17	5800
XML-3/alignment_XML3-3250-0.005-8E-5-50-7.fa	XML-3	18	5800
XML-3/alignment_XML3-3250-0.005-8E-5-50-8.fa	XML-3	29	5800
XML-3/alignment_XML3-3250-0.005-8E-5-50-9.fa	XML-3	30	5800
XML-3/alignment_XML3-3250-0.01-12E-5-100-1.fa	XML-3	56	5800
XML-3/alignment_XML3-3250-0.01-12E-5-100-10.fa	XML-3	51	5800
XML-3/alignment_XML3-3250-0.01-12E-5-100-2.fa	XML-3	50	5800
XML-3/alignment_XML3-3250-0.01-12E-5-100-3.fa	XML-3	41	5800
XML-3/alignment_XML3-3250-0.01-12E-5-100-4.fa	XML-3	56	5800
XML-3/alignment_XML3-3250-0.01-12E-5-100-5.fa	XML-3	50	5800
XML-3/alignment_XML3-3250-0.01-12E-5-100-6.fa	XML-3	55	5800
XML-3/alignment_XML3-3250-0.01-12E-5-100-7.fa	XML-3	53	5800
XML-3/alignment_XML3-3250-0.01-12E-5-100-8.fa	XML-3	51	5800
XML-3/alignment_XML3-3250-0.01-12E-5-100-9.fa	XML-3	43	5800
XML-3/alignment_XML3-3250-0.01-12E-5-200-1.fa	XML-3	73	5800
XML-3/alignment_XML3-3250-0.01-12E-5-200-10.fa	XML-3	78	5800
XML-3/alignment_XML3-3250-0.01-12E-5-200-2.fa	XML-3	67	5800
XML-3/alignment_XML3-3250-0.01-12E-5-200-3.fa	XML-3	69	5800
XML-3/alignment_XML3-3250-0.01-12E-5-200-4.fa	XML-3	84	5800
XML-3/alignment_XML3-3250-0.01-12E-5-200-5.fa	XML-3	71	5800
XML-3/alignment_XML3-3250-0.01-12E-5-200-6.fa	XML-3	75	5800
XML-3/alignment_XML3-3250-0.01-12E-5-200-7.fa	XML-3	54	5800
XML-3/alignment_XML3-3250-0.01-12E-5-200-8.fa	XML-3	81	5800
XML-3/alignment_XML3-3250-0.01-12E-5-200-9.fa	XML-3	64	5800
XML-3/alignment_XML3-3250-0.01-12E-5-50-1.fa	XML-3	33	5800
XML-3/alignment_XML3-3250-0.01-12E-5-50-10.fa	XML-3	30	5800
XML-3/alignment_XML3-3250-0.01-12E-5-50-2.fa	XML-3	32	5800
XML-3/alignment_XML3-3250-0.01-12E-5-50-3.fa	XML-3	34	5800
XML-3/alignment_XML3-3250-0.01-12E-5-50-4.fa	XML-3	29	5800
XML-3/alignment_XML3-3250-0.01-12E-5-50-5.fa	XML-3	39	5800
XML-3/alignment_XML3-3250-0.01-12E-5-50-6.fa	XML-3	37	5800
XML-3/alignment_XML3-3250-0.01-12E-5-50-7.fa	XML-3	27	5800
XML-3/alignment_XML3-3250-0.01-12E-5-50-8.fa	XML-3	27	5800
XML-3/alignment_XML3-3250-0.01-12E-5-50-9.fa	XML-3	34	5800
XML-3/alignment_XML3-3250-0.01-4E-5-100-1.fa	XML-3	59	5800
XML-3/alignment_XML3-3250-0.01-4E-5-100-10.fa	XML-3	63	5800
XML-3/alignment_XML3-3250-0.01-4E-5-100-2.fa	XML-3	69	5800
XML-3/alignment_XML3-3250-0.01-4E-5-100-3.fa	XML-3	63	5800
XML-3/alignment_XML3-3250-0.01-4E-5-100-4.fa	XML-3	72	5800
XML-3/alignment_XML3-3250-0.01-4E-5-100-5.fa	XML-3	70	5800
XML-3/alignment_XML3-3250-0.01-4E-5-100-6.fa	XML-3	75	5800
XML-3/alignment_XML3-3250-0.01-4E-5-100-7.fa	XML-3	52	5800
XML-3/alignment_XML3-3250-0.01-4E-5-100-8.fa	XML-3	70	5800
XML-3/alignment_XML3-3250-0.01-4E-5-100-9.fa	XML-3	60	5800
XML-3/alignment_XML3-3250-0.01-4E-5-200-1.fa	XML-3	113	5800
XML-3/alignment_XML3-3250-0.01-4E-5-200-10.fa	XML-3	96	5800
XML-3/alignment_XML3-3250-0.01-4E-5-200-2.fa	XML-3	89	5800
XML-3/alignment_XML3-3250-0.01-4E-5-200-3.fa	XML-3	99	5800
XML-3/alignment_XML3-3250-0.01-4E-5-200-4.fa	XML-3	106	5800
XML-3/alignment_XML3-3250-0.01-4E-5-200-5.fa	XML-3	97	5800
XML-3/alignment_XML3-3250-0.01-4E-5-200-6.fa	XML-3	83	5800
XML-3/alignment_XML3-3250-0.01-4E-5-200-7.fa	XML-3	84	5800
XML-3/alignment_XML3-3250-0.01-4E-5-200-8.fa	XML-3	99	5800
XML-3/alignment_XML3-3250-0.01-4E-5-200-9.fa	XML-3	92	5800
XML-3/alignment_XML3-3250-0.01-4E-5-50-1.fa	XML-3	47	5800
XML-3/alignment_XML3-3250-0.01-4E-5-50-10.fa	XML-3	38	5800
XML-3/alignment_XML3-3250-0.01-4E-5-50-2.fa	XML-3	45	5800
XML-3/alignment_XML3-3250-0.01-4E-5-50-3.fa	XML-3	43	5800
XML-3/alignment_XML3-3250-0.01-4E-5-50-4.fa	XML-3	44	5800
XML-3/alignment_XML3-3250-0.01-4E-5-50-5.fa	XML-3	41	5800
XML-3/alignment_XML3-3250-0.01-4E-5-50-6.fa	XML-3	40	5800
XML-3/alignment_XML3-3250-0.01-4E-5-50-7.fa	XML-3	41	5800
XML-3/alignment_XML3-3250-0.01-4E-5-50-8.fa	XML-3	38	5800
XML-3/alignment_XML3-3250-0.01-4E-5-50-9.fa	XML-3	44	5800
XML-3/alignment_XML3-3250-0.01-8E-5-100-1.fa	XML-3	58	5800
XML-3/alignment_XML3-3250-0.01-8E-5-100-10.fa	XML-3	46	5800
XML-3/alignment_XML3-3250-0.01-8E-5-100-2.fa	XML-3	67	5800
XML-3/alignment_XML3-3250-0.01-8E-5-100-3.fa	XML-3	61	5800
XML-3/alignment_XML3-3250-0.01-8E-5-100-4.fa	XML-3	64	5800
XML-3/alignment_XML3-3250-0.01-8E-5-100-5.fa	XML-3	70	5800
XML-3/alignment_XML3-3250-0.01-8E-5-100-6.fa	XML-3	52	5800
XML-3/alignment_XML3-3250-0.01-8E-5-100-7.fa	XML-3	59	5800
XML-3/alignment_XML3-3250-0.01-8E-5-100-8.fa	XML-3	55	5800
XML-3/alignment_XML3-3250-0.01-8E-5-100-9.fa	XML-3	56	5800
XML-3/alignment_XML3-3250-0.01-8E-5-200-1.fa	XML-3	86	5800
XML-3/alignment_XML3-3250-0.01-8E-5-200-10.fa	XML-3	86	5800
XML-3/alignment_XML3-3250-0.01-8E-5-200-2.fa	XML-3	78	5800
XML-3/alignment_XML3-3250-0.01-8E-5-200-3.fa	XML-3	113	5800
XML-3/alignment_XML3-3250-0.01-8E-5-200-4.fa	XML-3	80	5800
XML-3/alignment_XML3-3250-0.01-8E-5-200-5.fa	XML-3	100	5800
XML-3/alignment_XML3-3250-0.01-8E-5-200-6.fa	XML-3	73	5800
XML-3/alignment_XML3-3250-0.01-8E-5-200-7.fa	XML-3	85	5800
XML-3/alignment_XML3-3250-0.01-8E-5-200-8.fa	XML-3	82	5800
XML-3/alignment_XML3-3250-0.01-8E-5-200-9.fa	XML-3	81	5800
XML-3/alignment_XML3-3250-0.01-8E-5-50-1.fa	XML-3	42	5800
XML-3/alignment_XML3-3250-0.01-8E-5-50-10.fa	XML-3	34	5800
XML-3/alignment_XML3-3250-0.01-8E-5-50-2.fa	XML-3	35	5800
XML-3/alignment_XML3-3250-0.01-8E-5-50-3.fa	XML-3	34	5800
XML-3/alignment_XML3-3250-0.01-8E-5-50-4.fa	XML-3	38	5800
XML-3/alignment_XML3-3250-0.01-8E-5-50-5.fa	XML-3	31	5800
XML-3/alignment_XML3-3250-0.01-8E-5-50-6.fa	XML-3	31	5800
XML-3/alignment_XML3-3250-0.01-8E-5-50-7.fa	XML-3	41	5800
XML-3/alignment_XML3-3250-0.01-8E-5-50-8.fa	XML-3	23	5800
XML-3/alignment_XML3-3250-0.01-8E-5-50-9.fa	XML-3	34	5800
XML-3/alignment_XML3-3250-0.02-12E-5-100-1.fa	XML-3	77	5800
XML-3/alignment_XML3-3250-0.02-12E-5-100-10.fa	XML-3	76	5800
XML-3/alignment_XML3-3250-0.02-12E-5-100-2.fa	XML-3	73	5800
XML-3/alignment_XML3-3250-0.02-12E-5-100-3.fa	XML-3	74	5800
XML-3/alignment_XML3-3250-0.02-12E-5-100-4.fa	XML-3	79	5800
XML-3/alignment_XML3-3250-0.02-12E-5-100-5.fa	XML-3	69	5800
XML-3/alignment_XML3-3250-0.02-12E-5-100-6.fa	XML-3	83	5800
XML-3/alignment_XML3-3250-0.02-12E-5-100-7.fa	XML-3	53	5800
XML-3/alignment_XML3-3250-0.02-12E-5-100-9.fa	XML-3	78	5800
XML-3/alignment_XML3-3250-0.02-12E-5-200-1.fa	XML-3	106	5800
XML-3/alignment_XML3-3250-0.02-12E-5-200-10.fa	XML-3	129	5800
XML-3/alignment_XML3-3250-0.02-12E-5-200-2.fa	XML-3	121	5800
XML-3/alignment_XML3-3250-0.02-12E-5-200-3.fa	XML-3	103	5800
XML-3/alignment_XML3-3250-0.02-12E-5-200-5.fa	XML-3	133	5800
XML-3/alignment_XML3-3250-0.02-12E-5-200-6.fa	XML-3	133	5800
XML-3/alignment_XML3-3250-0.02-12E-5-200-8.fa	XML-3	122	5800
XML-3/alignment_XML3-3250-0.02-12E-5-200-9.fa	XML-3	89	5800
XML-3/alignment_XML3-3250-0.02-12E-5-50-1.fa	XML-3	53	5800
XML-3/alignment_XML3-3250-0.02-12E-5-50-10.fa	XML-3	42	5800
XML-3/alignment_XML3-3250-0.02-12E-5-50-2.fa	XML-3	43	5800
XML-3/alignment_XML3-3250-0.02-12E-5-50-3.fa	XML-3	44	5800
XML-3/alignment_XML3-3250-0.02-12E-5-50-4.fa	XML-3	43	5800
XML-3/alignment_XML3-3250-0.02-12E-5-50-5.fa	XML-3	28	5800
XML-3/alignment_XML3-3250-0.02-12E-5-50-6.fa	XML-3	46	5800
XML-3/alignment_XML3-3250-0.02-12E-5-50-7.fa	XML-3	40	5800
XML-3/alignment_XML3-3250-0.02-12E-5-50-9.fa	XML-3	38	5800
XML-3/alignment_XML3-3250-0.02-4E-5-100-3.fa	XML-3	95	5800
XML-3/alignment_XML3-3250-0.02-4E-5-100-5.fa	XML-3	75	5800
XML-3/alignment_XML3-3250-0.02-4E-5-100-8.fa	XML-3	83	5800
XML-3/alignment_XML3-3250-0.02-4E-5-100-9.fa	XML-3	85	5800
XML-3/alignment_XML3-3250-0.02-4E-5-200-1.fa	XML-3	134	5800
XML-3/alignment_XML3-3250-0.02-4E-5-200-10.fa	XML-3	141	5800
XML-3/alignment_XML3-3250-0.02-4E-5-200-6.fa	XML-3	144	5800
XML-3/alignment_XML3-3250-0.02-4E-5-200-8.fa	XML-3	127	5800
XML-3/alignment_XML3-3250-0.02-4E-5-50-10.fa	XML-3	46	5800
XML-3/alignment_XML3-3250-0.02-4E-5-50-2.fa	XML-3	42	5800
XML-3/alignment_XML3-3250-0.02-4E-5-50-4.fa	XML-3	55	5800
XML-3/alignment_XML3-3250-0.02-4E-5-50-6.fa	XML-3	52	5800
XML-3/alignment_XML3-3250-0.02-8E-5-100-1.fa	XML-3	78	5800
XML-3/alignment_XML3-3250-0.02-8E-5-100-10.fa	XML-3	79	5800
XML-3/alignment_XML3-3250-0.02-8E-5-100-2.fa	XML-3	79	5800
XML-3/alignment_XML3-3250-0.02-8E-5-100-5.fa	XML-3	75	5800
XML-3/alignment_XML3-3250-0.02-8E-5-100-6.fa	XML-3	77	5800
XML-3/alignment_XML3-3250-0.02-8E-5-100-8.fa	XML-3	79	5800
XML-3/alignment_XML3-3250-0.02-8E-5-200-10.fa	XML-3	111	5800
XML-3/alignment_XML3-3250-0.02-8E-5-200-2.fa	XML-3	117	5800
XML-3/alignment_XML3-3250-0.02-8E-5-200-3.fa	XML-3	139	5800
XML-3/alignment_XML3-3250-0.02-8E-5-200-4.fa	XML-3	121	5800
XML-3/alignment_XML3-3250-0.02-8E-5-200-5.fa	XML-3	122	5800
XML-3/alignment_XML3-3250-0.02-8E-5-50-2.fa	XML-3	54	5800
XML-3/alignment_XML3-3250-0.02-8E-5-50-4.fa	XML-3	47	5800
XML-3/alignment_XML3-3250-0.02-8E-5-50-6.fa	XML-3	43	5800
XML-3/alignment_XML3-3250-0.02-8E-5-50-7.fa	XML-3	47	5800
XML-3/alignment_XML3-3250-0.02-8E-5-50-9.fa	XML-3	36	5800
XML-3/alignment_XML3-4000-0.005-12E-5-100-1.fa	XML-3	17	5800
XML-3/alignment_XML3-4000-0.005-12E-5-100-10.fa	XML-3	17	4905
XML-3/alignment_XML3-4000-0.005-12E-5-100-2.fa	XML-3	35	5800
XML-3/alignment_XML3-4000-0.005-12E-5-100-3.fa	XML-3	39	5800
XML-3/alignment_XML3-4000-0.005-12E-5-100-4.fa	XML-3	31	5800
XML-3/alignment_XML3-4000-0.005-12E-5-100-5.fa	XML-3	27	5800
XML-3/alignment_XML3-4000-0.005-12E-5-100-6.fa	XML-3	30	5800
XML-3/alignment_XML3-4000-0.005-12E-5-100-7.fa	XML-3	25	5800
XML-3/alignment_XML3-4000-0.005-12E-5-100-8.fa	XML-3	27	5800
XML-3/alignment_XML3-4000-0.005-12E-5-100-9.fa	XML-3	35	5800
XML-3/alignment_XML3-4000-0.005-12E-5-200-1.fa	XML-3	49	5800
XML-3/alignment_XML3-4000-0.005-12E-5-200-10.fa	XML-3	35	5800
XML-3/alignment_XML3-4000-0.005-12E-5-200-2.fa	XML-3	41	5800
XML-3/alignment_XML3-4000-0.005-12E-5-200-3.fa	XML-3	46	5800
XML-3/alignment_XML3-4000-0.005-12E-5-200-4.fa	XML-3	41	5800
XML-3/alignment_XML3-4000-0.005-12E-5-200-5.fa	XML-3	35	5800
XML-3/alignment_XML3-4000-0.005-12E-5-200-6.fa	XML-3	51	5800
XML-3/alignment_XML3-4000-0.005-12E-5-200-7.fa	XML-3	42	5800
XML-3/alignment_XML3-4000-0.005-12E-5-200-8.fa	XML-3	39	5800
XML-3/alignment_XML3-4000-0.005-12E-5-200-9.fa	XML-3	48	5800
XML-3/alignment_XML3-4000-0.005-12E-5-50-1.fa	XML-3	23	5800
XML-3/alignment_XML3-4000-0.005-12E-5-50-10.fa	XML-3	19	5800
XML-3/alignment_XML3-4000-0.005-12E-5-50-2.fa	XML-3	20	5800
XML-3/alignment_XML3-4000-0.005-12E-5-50-3.fa	XML-3	22	5800
XML-3/alignment_XML3-4000-0.005-12E-5-50-4.fa	XML-3	12	5800
XML-3/alignment_XML3-4000-0.005-12E-5-50-5.fa	XML-3	18	5800
XML-3/alignment_XML3-4000-0.005-12E-5-50-6.fa	XML-3	22	5800
XML-3/alignment_XML3-4000-0.005-12E-5-50-7.fa	XML-3	24	5800
XML-3/alignment_XML3-4000-0.005-12E-5-50-8.fa	XML-3	13	5800
XML-3/alignment_XML3-4000-0.005-12E-5-50-9.fa	XML-3	21	5800
XML-3/alignment_XML3-4000-0.005-4E-5-100-1.fa	XML-3	35	5800
XML-3/alignment_XML3-4000-0.005-4E-5-100-10.fa	XML-3	36	5800
XML-3/alignment_XML3-4000-0.005-4E-5-100-2.fa	XML-3	39	5800
XML-3/alignment_XML3-4000-0.005-4E-5-100-3.fa	XML-3	53	5800
XML-3/alignment_XML3-4000-0.005-4E-5-100-4.fa	XML-3	36	5800
XML-3/alignment_XML3-4000-0.005-4E-5-100-5.fa	XML-3	43	5800
XML-3/alignment_XML3-4000-0.005-4E-5-100-6.fa	XML-3	50	5800
XML-3/alignment_XML3-4000-0.005-4E-5-100-7.fa	XML-3	54	5800
XML-3/alignment_XML3-4000-0.005-4E-5-100-8.fa	XML-3	51	5800
XML-3/alignment_XML3-4000-0.005-4E-5-100-9.fa	XML-3	50	5800
XML-3/alignment_XML3-4000-0.005-4E-5-200-1.fa	XML-3	65	5800
XML-3/alignment_XML3-4000-0.005-4E-5-200-10.fa	XML-3	74	5800
XML-3/alignment_XML3-4000-0.005-4E-5-200-2.fa	XML-3	69	5800
XML-3/alignment_XML3-4000-0.005-4E-5-200-3.fa	XML-3	63	5800
XML-3/alignment_XML3-4000-0.005-4E-5-200-4.fa	XML-3	54	5800
XML-3/alignment_XML3-4000-0.005-4E-5-200-5.fa	XML-3	59	5800
XML-3/alignment_XML3-4000-0.005-4E-5-200-6.fa	XML-3	66	5800
XML-3/alignment_XML3-4000-0.005-4E-5-200-7.fa	XML-3	57	5800
XML-3/alignment_XML3-4000-0.005-4E-5-200-8.fa	XML-3	65	5800
XML-3/alignment_XML3-4000-0.005-4E-5-200-9.fa	XML-3	51	5800
XML-3/alignment_XML3-4000-0.005-4E-5-50-1.fa	XML-3	27	5800
XML-3/alignment_XML3-4000-0.005-4E-5-50-10.fa	XML-3	31	5800
XML-3/alignment_XML3-4000-0.005-4E-5-50-2.fa	XML-3	28	5800
XML-3/alignment_XML3-4000-0.005-4E-5-50-3.fa	XML-3	25	5800
XML-3/alignment_XML3-4000-0.005-4E-5-50-4.fa	XML-3	23	5800
XML-3/alignment_XML3-4000-0.005-4E-5-50-5.fa	XML-3	34	5800
XML-3/alignment_XML3-4000-0.005-4E-5-50-6.fa	XML-3	33	5800
XML-3/alignment_XML3-4000-0.005-4E-5-50-7.fa	XML-3	28	5800
XML-3/alignment_XML3-4000-0.005-4E-5-50-8.fa	XML-3	26	5800
XML-3/alignment_XML3-4000-0.005-4E-5-50-9.fa	XML-3	33	5800
XML-3/alignment_XML3-4000-0.005-8E-5-100-1.fa	XML-3	41	5800
XML-3/alignment_XML3-4000-0.005-8E-5-100-10.fa	XML-3	29	5800
XML-3/alignment_XML3-4000-0.005-8E-5-100-2.fa	XML-3	31	5800
XML-3/alignment_XML3-4000-0.005-8E-5-100-3.fa	XML-3	45	5800
XML-3/alignment_XML3-4000-0.005-8E-5-100-4.fa	XML-3	27	5800
XML-3/alignment_XML3-4000-0.005-8E-5-100-5.fa	XML-3	41	5800
XML-3/alignment_XML3-4000-0.005-8E-5-100-6.fa	XML-3	19	5800
XML-3/alignment_XML3-4000-0.005-8E-5-100-7.fa	XML-3	21	5800
XML-3/alignment_XML3-4000-0.005-8E-5-100-8.fa	XML-3	42	5800
XML-3/alignment_XML3-4000-0.005-8E-5-100-9.fa	XML-3	47	5800
XML-3/alignment_XML3-4000-0.005-8E-5-200-1.fa	XML-3	45	5800
XML-3/alignment_XML3-4000-0.005-8E-5-200-10.fa	XML-3	36	5800
XML-3/alignment_XML3-4000-0.005-8E-5-200-2.fa	XML-3	52	5800
XML-3/alignment_XML3-4000-0.005-8E-5-200-3.fa	XML-3	51	5800
XML-3/alignment_XML3-4000-0.005-8E-5-200-4.fa	XML-3	37	5800
XML-3/alignment_XML3-4000-0.005-8E-5-200-5.fa	XML-3	55	5800
XML-3/alignment_XML3-4000-0.005-8E-5-200-6.fa	XML-3	33	5800
XML-3/alignment_XML3-4000-0.005-8E-5-200-7.fa	XML-3	37	5800
XML-3/alignment_XML3-4000-0.005-8E-5-200-8.fa	XML-3	69	5800
XML-3/alignment_XML3-4000-0.005-8E-5-200-9.fa	XML-3	51	5800
XML-3/alignment_XML3-4000-0.005-8E-5-50-1.fa	XML-3	21	5800
XML-3/alignment_XML3-4000-0.005-8E-5-50-10.fa	XML-3	19	5800
XML-3/alignment_XML3-4000-0.005-8E-5-50-2.fa	XML-3	14	5800
XML-3/alignment_XML3-4000-0.005-8E-5-50-3.fa	XML-3	31	5800
XML-3/alignment_XML3-4000-0.005-8E-5-50-4.fa	XML-3	22	5800
XML-3/alignment_XML3-4000-0.005-8E-5-50-5.fa	XML-3	23	5800
XML-3/alignment_XML3-4000-0.005-8E-5-50-6.fa	XML-3	24	5800
XML-3/alignment_XML3-4000-0.005-8E-5-50-7.fa	XML-3	26	5800
XML-3/alignment_XML3-4000-0.005-8E-5-50-8.fa	XML-3	28	5800
XML-3/alignment_XML3-4000-0.005-8E-5-50-9.fa	XML-3	25	5800
XML-3/alignment_XML3-4000-0.01-12E-5-100-1.fa	XML-3	34	5800
XML-3/alignment_XML3-4000-0.01-12E-5-100-10.fa	XML-3	41	5800
XML-3/alignment_XML3-4000-0.01-12E-5-100-2.fa	XML-3	47	5800
XML-3/alignment_XML3-4000-0.01-12E-5-100-3.fa	XML-3	62	5800
XML-3/alignment_XML3-4000-0.01-12E-5-100-4.fa	XML-3	53	5800
XML-3/alignment_XML3-4000-0.01-12E-5-100-5.fa	XML-3	58	5800
XML-3/alignment_XML3-4000-0.01-12E-5-100-6.fa	XML-3	53	5800
XML-3/alignment_XML3-4000-0.01-12E-5-100-7.fa	XML-3	52	5800
XML-3/alignment_XML3-4000-0.01-12E-5-100-8.fa	XML-3	53	5800
XML-3/alignment_XML3-4000-0.01-12E-5-100-9.fa	XML-3	51	5800
XML-3/alignment_XML3-4000-0.01-12E-5-200-1.fa	XML-3	83	5800
XML-3/alignment_XML3-4000-0.01-12E-5-200-10.fa	XML-3	87	5800
XML-3/alignment_XML3-4000-0.01-12E-5-200-2.fa	XML-3	88	5800
XML-3/alignment_XML3-4000-0.01-12E-5-200-3.fa	XML-3	60	5800
XML-3/alignment_XML3-4000-0.01-12E-5-200-4.fa	XML-3	100	5800
XML-3/alignment_XML3-4000-0.01-12E-5-200-5.fa	XML-3	68	5800
XML-3/alignment_XML3-4000-0.01-12E-5-200-6.fa	XML-3	68	5800
XML-3/alignment_XML3-4000-0.01-12E-5-200-7.fa	XML-3	64	5800
XML-3/alignment_XML3-4000-0.01-12E-5-200-8.fa	XML-3	80	5800
XML-3/alignment_XML3-4000-0.01-12E-5-200-9.fa	XML-3	75	5800
XML-3/alignment_XML3-4000-0.01-12E-5-50-1.fa	XML-3	33	5800
XML-3/alignment_XML3-4000-0.01-12E-5-50-10.fa	XML-3	38	5800
XML-3/alignment_XML3-4000-0.01-12E-5-50-2.fa	XML-3	36	5800
XML-3/alignment_XML3-4000-0.01-12E-5-50-3.fa	XML-3	38	5800
XML-3/alignment_XML3-4000-0.01-12E-5-50-4.fa	XML-3	38	5800
XML-3/alignment_XML3-4000-0.01-12E-5-50-5.fa	XML-3	37	5800
XML-3/alignment_XML3-4000-0.01-12E-5-50-6.fa	XML-3	40	5800
XML-3/alignment_XML3-4000-0.01-12E-5-50-7.fa	XML-3	35	5800
XML-3/alignment_XML3-4000-0.01-12E-5-50-8.fa	XML-3	31	5800
XML-3/alignment_XML3-4000-0.01-12E-5-50-9.fa	XML-3	34	5800
XML-3/alignment_XML3-4000-0.01-4E-5-100-1.fa	XML-3	76	5800
XML-3/alignment_XML3-4000-0.01-4E-5-100-10.fa	XML-3	80	5800
XML-3/alignment_XML3-4000-0.01-4E-5-100-2.fa	XML-3	62	5800
XML-3/alignment_XML3-4000-0.01-4E-5-100-3.fa	XML-3	73	5800
XML-3/alignment_XML3-4000-0.01-4E-5-100-4.fa	XML-3	61	5800
XML-3/alignment_XML3-4000-0.01-4E-5-100-5.fa	XML-3	72	5800
XML-3/alignment_XML3-4000-0.01-4E-5-100-6.fa	XML-3	77	5800
XML-3/alignment_XML3-4000-0.01-4E-5-100-7.fa	XML-3	71	5800
XML-3/alignment_XML3-4000-0.01-4E-5-100-8.fa	XML-3	59	5800
XML-3/alignment_XML3-4000-0.01-4E-5-100-9.fa	XML-3	78	5800
XML-3/alignment_XML3-4000-0.01-4E-5-200-1.fa	XML-3	99	5800
XML-3/alignment_XML3-4000-0.01-4E-5-200-10.fa	XML-3	75	5800
XML-3/alignment_XML3-4000-0.01-4E-5-200-2.fa	XML-3	84	5800
XML-3/alignment_XML3-4000-0.01-4E-5-200-3.fa	XML-3	91	5800
XML-3/alignment_XML3-4000-0.01-4E-5-200-4.fa	XML-3	96	5800
XML-3/alignment_XML3-4000-0.01-4E-5-200-5.fa	XML-3	105	5800
XML-3/alignment_XML3-4000-0.01-4E-5-200-6.fa	XML-3	95	5800
XML-3/alignment_XML3-4000-0.01-4E-5-200-7.fa	XML-3	104	5800
XML-3/alignment_XML3-4000-0.01-4E-5-200-8.fa	XML-3	122	5800
XML-3/alignment_XML3-4000-0.01-4E-5-200-9.fa	XML-3	94	5800
XML-3/alignment_XML3-4000-0.01-4E-5-50-1.fa	XML-3	30	5800
XML-3/alignment_XML3-4000-0.01-4E-5-50-10.fa	XML-3	38	5800
XML-3/alignment_XML3-4000-0.01-4E-5-50-2.fa	XML-3	38	5800
XML-3/alignment_XML3-4000-0.01-4E-5-50-3.fa	XML-3	51	5800
XML-3/alignment_XML3-4000-0.01-4E-5-50-4.fa	XML-3	52	5800
XML-3/alignment_XML3-4000-0.01-4E-5-50-5.fa	XML-3	44	5800
XML-3/alignment_XML3-4000-0.01-4E-5-50-6.fa	XML-3	37	5800
XML-3/alignment_XML3-4000-0.01-4E-5-50-7.fa	XML-3	50	5800
XML-3/alignment_XML3-4000-0.01-4E-5-50-8.fa	XML-3	40	5800
XML-3/alignment_XML3-4000-0.01-4E-5-50-9.fa	XML-3	42	5800
XML-3/alignment_XML3-4000-0.01-8E-5-100-1.fa	XML-3	54	5800
XML-3/alignment_XML3-4000-0.01-8E-5-100-10.fa	XML-3	64	5800
XML-3/alignment_XML3-4000-0.01-8E-5-100-2.fa	XML-3	70	5800
XML-3/alignment_XML3-4000-0.01-8E-5-100-3.fa	XML-3	60	5800
XML-3/alignment_XML3-4000-0.01-8E-5-100-4.fa	XML-3	65	5800
XML-3/alignment_XML3-4000-0.01-8E-5-100-5.fa	XML-3	44	5800
XML-3/alignment_XML3-4000-0.01-8E-5-100-6.fa	XML-3	64	5800
XML-3/alignment_XML3-4000-0.01-8E-5-100-7.fa	XML-3	39	5800
XML-3/alignment_XML3-4000-0.01-8E-5-100-8.fa	XML-3	57	5800
XML-3/alignment_XML3-4000-0.01-8E-5-100-9.fa	XML-3	58	5800
XML-3/alignment_XML3-4000-0.01-8E-5-200-1.fa	XML-3	102	5800
XML-3/alignment_XML3-4000-0.01-8E-5-200-10.fa	XML-3	77	5800
XML-3/alignment_XML3-4000-0.01-8E-5-200-2.fa	XML-3	72	5800
XML-3/alignment_XML3-4000-0.01-8E-5-200-3.fa	XML-3	92	5800
XML-3/alignment_XML3-4000-0.01-8E-5-200-4.fa	XML-3	90	5800
XML-3/alignment_XML3-4000-0.01-8E-5-200-5.fa	XML-3	81	5800
XML-3/alignment_XML3-4000-0.01-8E-5-200-6.fa	XML-3	91	5800
XML-3/alignment_XML3-4000-0.01-8E-5-200-7.fa	XML-3	67	5800
XML-3/alignment_XML3-4000-0.01-8E-5-200-8.fa	XML-3	75	5800
XML-3/alignment_XML3-4000-0.01-8E-5-200-9.fa	XML-3	59	5800
XML-3/alignment_XML3-4000-0.01-8E-5-50-1.fa	XML-3	37	5800
XML-3/alignment_XML3-4000-0.01-8E-5-50-10.fa	XML-3	39	5800
XML-3/alignment_XML3-4000-0.01-8E-5-50-2.fa	XML-3	33	5800
XML-3/alignment_XML3-4000-0.01-8E-5-50-3.fa	XML-3	30	5800
XML-3/alignment_XML3-4000-0.01-8E-5-50-4.fa	XML-3	40	5800
XML-3/alignment_XML3-4000-0.01-8E-5-50-5.fa	XML-3	37	5800
XML-3/alignment_XML3-4000-0.01-8E-5-50-6.fa	XML-3	46	5800
XML-3/alignment_XML3-4000-0.01-8E-5-50-7.fa	XML-3	31	5800
XML-3/alignment_XML3-4000-0.01-8E-5-50-8.fa	XML-3	39	5800
XML-3/alignment_XML3-4000-0.01-8E-5-50-9.fa	XML-3	42	5800
XML-3/alignment_XML3-4000-0.02-12E-5-100-2.fa	XML-3	96	5800
XML-3/alignment_XML3-4000-0.02-12E-5-100-5.fa	XML-3	99	5800
XML-3/alignment_XML3-4000-0.02-12E-5-100-6.fa	XML-3	79	5800
XML-3/alignment_XML3-4000-0.02-12E-5-100-7.fa	XML-3	67	5800
XML-3/alignment_XML3-4000-0.02-12E-5-100-9.fa	XML-3	76	5800
XML-3/alignment_XML3-4000-0.02-12E-5-200-1.fa	XML-3	139	5800
XML-3/alignment_XML3-4000-0.02-12E-5-200-2.fa	XML-3	118	5800
XML-3/alignment_XML3-4000-0.02-12E-5-200-4.fa	XML-3	112	5800
XML-3/alignment_XML3-4000-0.02-12E-5-200-8.fa	XML-3	117	5800
XML-3/alignment_XML3-4000-0.02-12E-5-200-9.fa	XML-3	125	5800
XML-3/alignment_XML3-4000-0.02-12E-5-50-3.fa	XML-3	46	5800
XML-3/alignment_XML3-4000-0.02-12E-5-50-4.fa	XML-3	62	5800
XML-3/alignment_XML3-4000-0.02-12E-5-50-5.fa	XML-3	50	5800
XML-3/alignment_XML3-4000-0.02-12E-5-50-9.fa	XML-3	52	5800
XML-3/alignment_XML3-4000-0.02-4E-5-100-10.fa	XML-3	98	5800
XML-3/alignment_XML3-4000-0.02-4E-5-100-4.fa	XML-3	88	5800
XML-3/alignment_XML3-4000-0.02-4E-5-100-5.fa	XML-3	80	5800
XML-3/alignment_XML3-4000-0.02-4E-5-100-6.fa	XML-3	101	5800
XML-3/alignment_XML3-4000-0.02-4E-5-200-4.fa	XML-3	146	5800
XML-3/alignment_XML3-4000-0.02-4E-5-200-5.fa	XML-3	143	5800
XML-3/alignment_XML3-4000-0.02-4E-5-200-6.fa	XML-3	114	5800
XML-3/alignment_XML3-4000-0.02-4E-5-200-9.fa	XML-3	156	5800
XML-3/alignment_XML3-4000-0.02-4E-5-50-10.fa	XML-3	58	5800
XML-3/alignment_XML3-4000-0.02-4E-5-50-4.fa	XML-3	61	5800
XML-3/alignment_XML3-4000-0.02-4E-5-50-5.fa	XML-3	51	5800
XML-3/alignment_XML3-4000-0.02-4E-5-50-8.fa	XML-3	57	5800
XML-3/alignment_XML3-4000-0.02-8E-5-100-3.fa	XML-3	102	5800
XML-3/alignment_XML3-4000-0.02-8E-5-100-4.fa	XML-3	84	5800
XML-3/alignment_XML3-4000-0.02-8E-5-100-5.fa	XML-3	87	5800
XML-3/alignment_XML3-4000-0.02-8E-5-100-7.fa	XML-3	74	5800
XML-3/alignment_XML3-4000-0.02-8E-5-200-10.fa	XML-3	159	5800
XML-3/alignment_XML3-4000-0.02-8E-5-200-3.fa	XML-3	139	5800
XML-3/alignment_XML3-4000-0.02-8E-5-200-5.fa	XML-3	151	5800
XML-3/alignment_XML3-4000-0.02-8E-5-200-6.fa	XML-3	137	5800
XML-3/alignment_XML3-4000-0.02-8E-5-50-3.fa	XML-3	53	5800
XML-3/alignment_XML3-4000-0.02-8E-5-50-4.fa	XML-3	41	5800
XML-3/alignment_XML3-4000-0.02-8E-5-50-5.fa	XML-3	46	5800
XML-3/alignment_XML3-4000-0.02-8E-5-50-7.fa	XML-3	65	5800
XML-4/alignment_XML4-2500-0.005-12E-5-100-1-1.fa	XML-4	13	19025
XML-4/alignment_XML4-2500-0.005-12E-5-100-1-2.fa	XML-4	10	19025
XML-4/alignment_XML4-2500-0.005-12E-5-100-2-1.fa	XML-4	6	19025
XML-4/alignment_XML4-2500-0.005-12E-5-100-2-2.fa	XML-4	10	19025
XML-4/alignment_XML4-2500-0.005-12E-5-100-3-1.fa	XML-4	7	18225
XML-4/alignment_XML4-2500-0.005-12E-5-100-3-2.fa	XML-4	15	19025
XML-4/alignment_XML4-2500-0.005-12E-5-100-4-1.fa	XML-4	17	19025
XML-4/alignment_XML4-2500-0.005-12E-5-100-4-2.fa	XML-4	8	19025
XML-4/alignment_XML4-2500-0.005-12E-5-100-5-1.fa	XML-4	14	19025
XML-4/alignment_XML4-2500-0.005-12E-5-100-5-2.fa	XML-4	11	19025
XML-4/alignment_XML4-2500-0.005-12E-5-200-1-1.fa	XML-4	11	19025
XML-4/alignment_XML4-2500-0.005-12E-5-200-1-2.fa	XML-4	9	19025
XML-4/alignment_XML4-2500-0.005-12E-5-200-2-1.fa	XML-4	5	19025
XML-4/alignment_XML4-2500-0.005-12E-5-200-2-2.fa	XML-4	9	19025
XML-4/alignment_XML4-2500-0.005-12E-5-200-3-1.fa	XML-4	15	19025
XML-4/alignment_XML4-2500-0.005-12E-5-200-3-2.fa	XML-4	15	19025
XML-4/alignment_XML4-2500-0.005-12E-5-200-4-1.fa	XML-4	9	19025
XML-4/alignment_XML4-2500-0.005-12E-5-200-4-2.fa	XML-4	9	19025
XML-4/alignment_XML4-2500-0.005-12E-5-200-5-1.fa	XML-4	17	19025
XML-4/alignment_XML4-2500-0.005-12E-5-200-5-2.fa	XML-4	14	19025
XML-4/alignment_XML4-2500-0.005-12E-5-50-1-1.fa	XML-4	8	19025
XML-4/alignment_XML4-2500-0.005-12E-5-50-1-2.fa	XML-4	8	19025
XML-4/alignment_XML4-2500-0.005-12E-5-50-2-1.fa	XML-4	11	19025
XML-4/alignment_XML4-2500-0.005-12E-5-50-2-2.fa	XML-4	11	19025
XML-4/alignment_XML4-2500-0.005-12E-5-50-3-1.fa	XML-4	5	19025
XML-4/alignment_XML4-2500-0.005-12E-5-50-3-2.fa	XML-4	6	19025
XML-4/alignment_XML4-2500-0.005-12E-5-50-4-1.fa	XML-4	10	19025
XML-4/alignment_XML4-2500-0.005-12E-5-50-4-2.fa	XML-4	8	19025
XML-4/alignment_XML4-2500-0.005-12E-5-50-5-1.fa	XML-4	11	19025
XML-4/alignment_XML4-2500-0.005-12E-5-50-5-2.fa	XML-4	8	19025
XML-4/alignment_XML4-2500-0.005-4E-5-100-1-1.fa	XML-4	11	19025
XML-4/alignment_XML4-2500-0.005-4E-5-100-1-2.fa	XML-4	14	19025
XML-4/alignment_XML4-2500-0.005-4E-5-100-2-1.fa	XML-4	15	19025
XML-4/alignment_XML4-2500-0.005-4E-5-100-2-2.fa	XML-4	5	18144
XML-4/alignment_XML4-2500-0.005-4E-5-100-3-1.fa	XML-4	9	19025
XML-4/alignment_XML4-2500-0.005-4E-5-100-3-2.fa	XML-4	9	19025
XML-4/alignment_XML4-2500-0.005-4E-5-100-4-1.fa	XML-4	6	19025
XML-4/alignment_XML4-2500-0.005-4E-5-100-4-2.fa	XML-4	14	19025
XML-4/alignment_XML4-2500-0.005-4E-5-100-5-1.fa	XML-4	10	19025
XML-4/alignment_XML4-2500-0.005-4E-5-100-5-2.fa	XML-4	3	19025
XML-4/alignment_XML4-2500-0.005-4E-5-200-1-1.fa	XML-4	11	19025
XML-4/alignment_XML4-2500-0.005-4E-5-200-1-2.fa	XML-4	11	19025
XML-4/alignment_XML4-2500-0.005-4E-5-200-2-1.fa	XML-4	9	19025
XML-4/alignment_XML4-2500-0.005-4E-5-200-2-2.fa	XML-4	7	19025
XML-4/alignment_XML4-2500-0.005-4E-5-200-3-1.fa	XML-4	18	19025
XML-4/alignment_XML4-2500-0.005-4E-5-200-3-2.fa	XML-4	4	9108
XML-4/alignment_XML4-2500-0.005-4E-5-200-4-1.fa	XML-4	11	19025
XML-4/alignment_XML4-2500-0.005-4E-5-200-4-2.fa	XML-4	11	19025
XML-4/alignment_XML4-2500-0.005-4E-5-200-5-1.fa	XML-4	11	19025
XML-4/alignment_XML4-2500-0.005-4E-5-200-5-2.fa	XML-4	7	19025
XML-4/alignment_XML4-2500-0.005-4E-5-50-1-1.fa	XML-4	7	19025
XML-4/alignment_XML4-2500-0.005-4E-5-50-1-2.fa	XML-4	8	19025
XML-4/alignment_XML4-2500-0.005-4E-5-50-2-1.fa	XML-4	9	19025
XML-4/alignment_XML4-2500-0.005-4E-5-50-2-2.fa	XML-4	6	19025
XML-4/alignment_XML4-2500-0.005-4E-5-50-3-1.fa	XML-4	6	14490
XML-4/alignment_XML4-2500-0.005-4E-5-50-3-2.fa	XML-4	4	19025
XML-4/alignment_XML4-2500-0.005-4E-5-50-4-1.fa	XML-4	8	19025
XML-4/alignment_XML4-2500-0.005-4E-5-50-4-2.fa	XML-4	14	19025
XML-4/alignment_XML4-2500-0.005-4E-5-50-5-1.fa	XML-4	7	19025
XML-4/alignment_XML4-2500-0.005-4E-5-50-5-2.fa	XML-4	10	19025
XML-4/alignment_XML4-2500-0.005-8E-5-100-1-1.fa	XML-4	11	19025
XML-4/alignment_XML4-2500-0.005-8E-5-100-1-2.fa	XML-4	14	19025
XML-4/alignment_XML4-2500-0.005-8E-5-100-2-1.fa	XML-4	5	18396
XML-4/alignment_XML4-2500-0.005-8E-5-100-2-2.fa	XML-4	12	19025
XML-4/alignment_XML4-2500-0.005-8E-5-100-3-1.fa	XML-4	11	19025
XML-4/alignment_XML4-2500-0.005-8E-5-100-3-2.fa	XML-4	11	19025
XML-4/alignment_XML4-2500-0.005-8E-5-100-4-1.fa	XML-4	12	19025
XML-4/alignment_XML4-2500-0.005-8E-5-100-4-2.fa	XML-4	13	19025
XML-4/alignment_XML4-2500-0.005-8E-5-100-5-1.fa	XML-4	13	19025
XML-4/alignment_XML4-2500-0.005-8E-5-100-5-2.fa	XML-4	16	19025
XML-4/alignment_XML4-2500-0.005-8E-5-200-1-1.fa	XML-4	11	19025
XML-4/alignment_XML4-2500-0.005-8E-5-200-1-2.fa	XML-4	11	19025
XML-4/alignment_XML4-2500-0.005-8E-5-200-2-1.fa	XML-4	25	19025
XML-4/alignment_XML4-2500-0.005-8E-5-200-2-2.fa	XML-4	9	19025
XML-4/alignment_XML4-2500-0.005-8E-5-200-3-1.fa	XML-4	13	19025
XML-4/alignment_XML4-2500-0.005-8E-5-200-3-2.fa	XML-4	5	19025
XML-4/alignment_XML4-2500-0.005-8E-5-200-4-1.fa	XML-4	13	19025
XML-4/alignment_XML4-2500-0.005-8E-5-200-4-2.fa	XML-4	14	19025
XML-4/alignment_XML4-2500-0.005-8E-5-200-5-1.fa	XML-4	11	19025
XML-4/alignment_XML4-2500-0.005-8E-5-200-5-2.fa	XML-4	6	19025
XML-4/alignment_XML4-2500-0.005-8E-5-50-1-1.fa	XML-4	9	19025
XML-4/alignment_XML4-2500-0.005-8E-5-50-1-2.fa	XML-4	5	19025
XML-4/alignment_XML4-2500-0.005-8E-5-50-2-1.fa	XML-4	7	19025
XML-4/alignment_XML4-2500-0.005-8E-5-50-2-2.fa	XML-4	7	19025
XML-4/alignment_XML4-2500-0.005-8E-5-50-3-1.fa	XML-4	4	15054
XML-4/alignment_XML4-2500-0.005-8E-5-50-3-2.fa	XML-4	12	19025
XML-4/alignment_XML4-2500-0.005-8E-5-50-4-2.fa	XML-4	12	19025
XML-4/alignment_XML4-2500-0.005-8E-5-50-5-1.fa	XML-4	9	18183
XML-4/alignment_XML4-2500-0.005-8E-5-50-5-2.fa	XML-4	11	19025
XML-4/alignment_XML4-2500-0.01-12E-5-100-1-1.fa	XML-4	19	19025
XML-4/alignment_XML4-2500-0.01-12E-5-100-1-2.fa	XML-4	32	19025
XML-4/alignment_XML4-2500-0.01-12E-5-100-2-1.fa	XML-4	14	18351
XML-4/alignment_XML4-2500-0.01-12E-5-100-2-2.fa	XML-4	22	19025
XML-4/alignment_XML4-2500-0.01-12E-5-100-3-1.fa	XML-4	22	19025
XML-4/alignment_XML4-2500-0.01-12E-5-100-3-2.fa	XML-4	18	19025
XML-4/alignment_XML4-2500-0.01-12E-5-100-4-1.fa	XML-4	18	19025
XML-4/alignment_XML4-2500-0.01-12E-5-100-4-2.fa	XML-4	20	19025
XML-4/alignment_XML4-2500-0.01-12E-5-100-5-1.fa	XML-4	13	19025
XML-4/alignment_XML4-2500-0.01-12E-5-100-5-2.fa	XML-4	16	19025
XML-4/alignment_XML4-2500-0.01-12E-5-200-1-1.fa	XML-4	17	19025
XML-4/alignment_XML4-2500-0.01-12E-5-200-1-2.fa	XML-4	15	19025
XML-4/alignment_XML4-2500-0.01-12E-5-200-2-1.fa	XML-4	26	19025
XML-4/alignment_XML4-2500-0.01-12E-5-200-2-2.fa	XML-4	25	19025
XML-4/alignment_XML4-2500-0.01-12E-5-200-3-1.fa	XML-4	20	19025
XML-4/alignment_XML4-2500-0.01-12E-5-200-3-2.fa	XML-4	22	19025
XML-4/alignment_XML4-2500-0.01-12E-5-200-4-1.fa	XML-4	21	19025
XML-4/alignment_XML4-2500-0.01-12E-5-200-4-2.fa	XML-4	26	19025
XML-4/alignment_XML4-2500-0.01-12E-5-200-5-1.fa	XML-4	21	19025
XML-4/alignment_XML4-2500-0.01-12E-5-200-5-2.fa	XML-4	21	19025
XML-4/alignment_XML4-2500-0.01-12E-5-50-1-1.fa	XML-4	11	19025
XML-4/alignment_XML4-2500-0.01-12E-5-50-1-2.fa	XML-4	20	19025
XML-4/alignment_XML4-2500-0.01-12E-5-50-2-1.fa	XML-4	13	19025
XML-4/alignment_XML4-2500-0.01-12E-5-50-2-2.fa	XML-4	11	19025
XML-4/alignment_XML4-2500-0.01-12E-5-50-3-1.fa	XML-4	4	17520
XML-4/alignment_XML4-2500-0.01-12E-5-50-3-2.fa	XML-4	11	19025
XML-4/alignment_XML4-2500-0.01-12E-5-50-4-1.fa	XML-4	8	19025
XML-4/alignment_XML4-2500-0.01-12E-5-50-4-2.fa	XML-4	8	19025
XML-4/alignment_XML4-2500-0.01-12E-5-50-5-1.fa	XML-4	13	18534
XML-4/alignment_XML4-2500-0.01-12E-5-50-5-2.fa	XML-4	13	19025
XML-4/alignment_XML4-2500-0.01-4E-5-100-1-1.fa	XML-4	17	19025
XML-4/alignment_XML4-2500-0.01-4E-5-100-1-2.fa	XML-4	13	19025
XML-4/alignment_XML4-2500-0.01-4E-5-100-2-1.fa	XML-4	11	19025
XML-4/alignment_XML4-2500-0.01-4E-5-100-2-2.fa	XML-4	15	19025
XML-4/alignment_XML4-2500-0.01-4E-5-100-3-1.fa	XML-4	13	19025
XML-4/alignment_XML4-2500-0.01-4E-5-100-3-2.fa	XML-4	8	19025
XML-4/alignment_XML4-2500-0.01-4E-5-100-4-1.fa	XML-4	17	19025
XML-4/alignment_XML4-2500-0.01-4E-5-100-4-2.fa	XML-4	18	19025
XML-4/alignment_XML4-2500-0.01-4E-5-100-5-1.fa	XML-4	11	19025
XML-4/alignment_XML4-2500-0.01-4E-5-100-5-2.fa	XML-4	6	19025
XML-4/alignment_XML4-2500-0.01-4E-5-200-1-1.fa	XML-4	10	19025
XML-4/alignment_XML4-2500-0.01-4E-5-200-1-2.fa	XML-4	21	19025
XML-4/alignment_XML4-2500-0.01-4E-5-200-2-1.fa	XML-4	21	19025
XML-4/alignment_XML4-2500-0.01-4E-5-200-2-2.fa	XML-4	17	19025
XML-4/alignment_XML4-2500-0.01-4E-5-200-3-1.fa	XML-4	17	19025
XML-4/alignment_XML4-2500-0.01-4E-5-200-3-2.fa	XML-4	8	18930
XML-4/alignment_XML4-2500-0.01-4E-5-200-4-1.fa	XML-4	14	19025
XML-4/alignment_XML4-2500-0.01-4E-5-200-4-2.fa	XML-4	7	19025
XML-4/alignment_XML4-2500-0.01-4E-5-200-5-1.fa	XML-4	22	19025
XML-4/alignment_XML4-2500-0.01-4E-5-200-5-2.fa	XML-4	26	19025
XML-4/alignment_XML4-2500-0.01-4E-5-50-1-1.fa	XML-4	11	19025
XML-4/alignment_XML4-2500-0.01-4E-5-50-1-2.fa	XML-4	12	19025
XML-4/alignment_XML4-2500-0.01-4E-5-50-2-1.fa	XML-4	22	19025
XML-4/alignment_XML4-2500-0.01-4E-5-50-2-2.fa	XML-4	9	19025
XML-4/alignment_XML4-2500-0.01-4E-5-50-3-1.fa	XML-4	11	19025
XML-4/alignment_XML4-2500-0.01-4E-5-50-3-2.fa	XML-4	13	19025
XML-4/alignment_XML4-2500-0.01-4E-5-50-4-1.fa	XML-4	9	19025
XML-4/alignment_XML4-2500-0.01-4E-5-50-4-2.fa	XML-4	7	18387
XML-4/alignment_XML4-2500-0.01-4E-5-50-5-1.fa	XML-4	8	19025
XML-4/alignment_XML4-2500-0.01-4E-5-50-5-2.fa	XML-4	20	19025
XML-4/alignment_XML4-2500-0.01-8E-5-100-1-1.fa	XML-4	20	19025
XML-4/alignment_XML4-2500-0.01-8E-5-100-1-2.fa	XML-4	25	19025
XML-4/alignment_XML4-2500-0.01-8E-5-100-2-1.fa	XML-4	13	19025
XML-4/alignment_XML4-2500-0.01-8E-5-100-2-2.fa	XML-4	26	19025
XML-4/alignment_XML4-2500-0.01-8E-5-100-3-1.fa	XML-4	10	19025
XML-4/alignment_XML4-2500-0.01-8E-5-100-3-2.fa	XML-4	31	19025
XML-4/alignment_XML4-2500-0.01-8E-5-100-4-1.fa	XML-4	18	19025
XML-4/alignment_XML4-2500-0.01-8E-5-100-4-2.fa	XML-4	22	19025
XML-4/alignment_XML4-2500-0.01-8E-5-100-5-1.fa	XML-4	11	18291
XML-4/alignment_XML4-2500-0.01-8E-5-100-5-2.fa	XML-4	20	19025
XML-4/alignment_XML4-2500-0.01-8E-5-200-1-1.fa	XML-4	25	19025
XML-4/alignment_XML4-2500-0.01-8E-5-200-1-2.fa	XML-4	25	19025
XML-4/alignment_XML4-2500-0.01-8E-5-200-2-1.fa	XML-4	16	19025
XML-4/alignment_XML4-2500-0.01-8E-5-200-2-2.fa	XML-4	12	19025
XML-4/alignment_XML4-2500-0.01-8E-5-200-3-1.fa	XML-4	18	19025
XML-4/alignment_XML4-2500-0.01-8E-5-200-3-2.fa	XML-4	13	19025
XML-4/alignment_XML4-2500-0.01-8E-5-200-4-1.fa	XML-4	18	19025
XML-4/alignment_XML4-2500-0.01-8E-5-200-4-2.fa	XML-4	21	19025
XML-4/alignment_XML4-2500-0.01-8E-5-200-5-1.fa	XML-4	40	19025
XML-4/alignment_XML4-2500-0.01-8E-5-200-5-2.fa	XML-4	20	19025
XML-4/alignment_XML4-2500-0.01-8E-5-50-1-1.fa	XML-4	16	19025
XML-4/alignment_XML4-2500-0.01-8E-5-50-1-2.fa	XML-4	10	19025
XML-4/alignment_XML4-2500-0.01-8E-5-50-2-1.fa	XML-4	15	19025
XML-4/alignment_XML4-2500-0.01-8E-5-50-2-2.fa	XML-4	8	19025
XML-4/alignment_XML4-2500-0.01-8E-5-50-3-1.fa	XML-4	17	19025
XML-4/alignment_XML4-2500-0.01-8E-5-50-3-2.fa	XML-4	15	19025
XML-4/alignment_XML4-2500-0.01-8E-5-50-4-1.fa	XML-4	19	19025
XML-4/alignment_XML4-2500-0.01-8E-5-50-4-2.fa	XML-4	18	19025
XML-4/alignment_XML4-2500-0.01-8E-5-50-5-1.fa	XML-4	13	19025
XML-4/alignment_XML4-2500-0.01-8E-5-50-5-2.fa	XML-4	13	19025
XML-4/alignment_XML4-2500-0.02-12E-5-100-1-1.fa	XML-4	28	19025
XML-4/alignment_XML4-2500-0.02-12E-5-100-1-2.fa	XML-4	24	19025
XML-4/alignment_XML4-2500-0.02-12E-5-100-2-1.fa	XML-4	41	19025
XML-4/alignment_XML4-2500-0.02-12E-5-100-2-2.fa	XML-4	25	19025
XML-4/alignment_XML4-2500-0.02-12E-5-100-3-1.fa	XML-4	23	19025
XML-4/alignment_XML4-2500-0.02-12E-5-100-3-2.fa	XML-4	33	19025
XML-4/alignment_XML4-2500-0.02-12E-5-100-4-1.fa	XML-4	33	19025
XML-4/alignment_XML4-2500-0.02-12E-5-100-4-2.fa	XML-4	26	19025
XML-4/alignment_XML4-2500-0.02-12E-5-100-5-1.fa	XML-4	22	19025
XML-4/alignment_XML4-2500-0.02-12E-5-100-5-2.fa	XML-4	28	19025
XML-4/alignment_XML4-2500-0.02-12E-5-200-1-1.fa	XML-4	38	19025
XML-4/alignment_XML4-2500-0.02-12E-5-200-1-2.fa	XML-4	46	19025
XML-4/alignment_XML4-2500-0.02-12E-5-200-2-1.fa	XML-4	26	19025
XML-4/alignment_XML4-2500-0.02-12E-5-200-2-2.fa	XML-4	37	19025
XML-4/alignment_XML4-2500-0.02-12E-5-200-3-1.fa	XML-4	42	19025
XML-4/alignment_XML4-2500-0.02-12E-5-200-3-2.fa	XML-4	21	19025
XML-4/alignment_XML4-2500-0.02-12E-5-200-4-1.fa	XML-4	38	19025
XML-4/alignment_XML4-2500-0.02-12E-5-200-4-2.fa	XML-4	44	19025
XML-4/alignment_XML4-2500-0.02-12E-5-200-5-1.fa	XML-4	51	19025
XML-4/alignment_XML4-2500-0.02-12E-5-200-5-2.fa	XML-4	34	19025
XML-4/alignment_XML4-2500-0.02-12E-5-50-1-1.fa	XML-4	23	19025
XML-4/alignment_XML4-2500-0.02-12E-5-50-1-2.fa	XML-4	17	19025
XML-4/alignment_XML4-2500-0.02-12E-5-50-2-1.fa	XML-4	44	19025
XML-4/alignment_XML4-2500-0.02-12E-5-50-2-2.fa	XML-4	19	19025
XML-4/alignment_XML4-2500-0.02-12E-5-50-3-1.fa	XML-4	17	19025
XML-4/alignment_XML4-2500-0.02-12E-5-50-3-2.fa	XML-4	24	19025
XML-4/alignment_XML4-2500-0.02-12E-5-50-4-1.fa	XML-4	18	19025
XML-4/alignment_XML4-2500-0.02-12E-5-50-4-2.fa	XML-4	20	19025
XML-4/alignment_XML4-2500-0.02-12E-5-50-5-1.fa	XML-4	18	19025
XML-4/alignment_XML4-2500-0.02-12E-5-50-5-2.fa	XML-4	28	19025
XML-4/alignment_XML4-2500-0.02-4E-5-100-1-1.fa	XML-4	27	19025
XML-4/alignment_XML4-2500-0.02-4E-5-100-1-2.fa	XML-4	17	19025
XML-4/alignment_XML4-2500-0.02-4E-5-100-2-1.fa	XML-4	29	19025
XML-4/alignment_XML4-2500-0.02-4E-5-100-2-2.fa	XML-4	24	19025
XML-4/alignment_XML4-2500-0.02-4E-5-100-3-1.fa	XML-4	27	19025
XML-4/alignment_XML4-2500-0.02-4E-5-100-3-2.fa	XML-4	21	19025
XML-4/alignment_XML4-2500-0.02-4E-5-100-4-1.fa	XML-4	14	19025
XML-4/alignment_XML4-2500-0.02-4E-5-100-4-2.fa	XML-4	30	19025
XML-4/alignment_XML4-2500-0.02-4E-5-100-5-1.fa	XML-4	24	19025
XML-4/alignment_XML4-2500-0.02-4E-5-100-5-2.fa	XML-4	18	19025
XML-4/alignment_XML4-2500-0.02-4E-5-200-1-1.fa	XML-4	29	19025
XML-4/alignment_XML4-2500-0.02-4E-5-200-1-2.fa	XML-4	49	19025
XML-4/alignment_XML4-2500-0.02-4E-5-200-2-1.fa	XML-4	32	19025
XML-4/alignment_XML4-2500-0.02-4E-5-200-2-2.fa	XML-4	32	19025
XML-4/alignment_XML4-2500-0.02-4E-5-200-3-1.fa	XML-4	45	19025
XML-4/alignment_XML4-2500-0.02-4E-5-200-3-2.fa	XML-4	28	19025
XML-4/alignment_XML4-2500-0.02-4E-5-200-4-1.fa	XML-4	25	19025
XML-4/alignment_XML4-2500-0.02-4E-5-200-4-2.fa	XML-4	26	19025
XML-4/alignment_XML4-2500-0.02-4E-5-200-5-1.fa	XML-4	35	19025
XML-4/alignment_XML4-2500-0.02-4E-5-200-5-2.fa	XML-4	32	19025
XML-4/alignment_XML4-2500-0.02-4E-5-50-1-1.fa	XML-4	8	19025
XML-4/alignment_XML4-2500-0.02-4E-5-50-1-2.fa	XML-4	21	19025
XML-4/alignment_XML4-2500-0.02-4E-5-50-2-1.fa	XML-4	13	19025
XML-4/alignment_XML4-2500-0.02-4E-5-50-2-2.fa	XML-4	12	19025
XML-4/alignment_XML4-2500-0.02-4E-5-50-3-1.fa	XML-4	10	19025
XML-4/alignment_XML4-2500-0.02-4E-5-50-3-2.fa	XML-4	23	19025
XML-4/alignment_XML4-2500-0.02-4E-5-50-4-1.fa	XML-4	14	19025
XML-4/alignment_XML4-2500-0.02-4E-5-50-4-2.fa	XML-4	16	19025
XML-4/alignment_XML4-2500-0.02-4E-5-50-5-1.fa	XML-4	15	19025
XML-4/alignment_XML4-2500-0.02-4E-5-50-5-2.fa	XML-4	14	19025
XML-4/alignment_XML4-2500-0.02-8E-5-100-1-1.fa	XML-4	28	19025
XML-4/alignment_XML4-2500-0.02-8E-5-100-1-2.fa	XML-4	15	19025
XML-4/alignment_XML4-2500-0.02-8E-5-100-2-1.fa	XML-4	18	19025
XML-4/alignment_XML4-2500-0.02-8E-5-100-2-2.fa	XML-4	21	19025
XML-4/alignment_XML4-2500-0.02-8E-5-100-3-1.fa	XML-4	23	19025
XML-4/alignment_XML4-2500-0.02-8E-5-100-3-2.fa	XML-4	18	19025
XML-4/alignment_XML4-2500-0.02-8E-5-100-4-1.fa	XML-4	23	19025
XML-4/alignment_XML4-2500-0.02-8E-5-100-4-2.fa	XML-4	17	19025
XML-4/alignment_XML4-2500-0.02-8E-5-100-5-1.fa	XML-4	26	19025
XML-4/alignment_XML4-2500-0.02-8E-5-100-5-2.fa	XML-4	30	19025
XML-4/alignment_XML4-2500-0.02-8E-5-200-1-1.fa	XML-4	32	19025
XML-4/alignment_XML4-2500-0.02-8E-5-200-1-2.fa	XML-4	42	19025
XML-4/alignment_XML4-2500-0.02-8E-5-200-2-1.fa	XML-4	30	19025
XML-4/alignment_XML4-2500-0.02-8E-5-200-2-2.fa	XML-4	44	19025
XML-4/alignment_XML4-2500-0.02-8E-5-200-3-1.fa	XML-4	41	19025
XML-4/alignment_XML4-2500-0.02-8E-5-200-3-2.fa	XML-4	39	19025
XML-4/alignment_XML4-2500-0.02-8E-5-200-4-1.fa	XML-4	49	19025
XML-4/alignment_XML4-2500-0.02-8E-5-200-4-2.fa	XML-4	39	19025
XML-4/alignment_XML4-2500-0.02-8E-5-200-5-1.fa	XML-4	26	19025
XML-4/alignment_XML4-2500-0.02-8E-5-200-5-2.fa	XML-4	43	19025
XML-4/alignment_XML4-2500-0.02-8E-5-50-1-1.fa	XML-4	22	19025
XML-4/alignment_XML4-2500-0.02-8E-5-50-1-2.fa	XML-4	15	19025
XML-4/alignment_XML4-2500-0.02-8E-5-50-2-1.fa	XML-4	22	19025
XML-4/alignment_XML4-2500-0.02-8E-5-50-2-2.fa	XML-4	14	19025
XML-4/alignment_XML4-2500-0.02-8E-5-50-3-1.fa	XML-4	19	19025
XML-4/alignment_XML4-2500-0.02-8E-5-50-3-2.fa	XML-4	11	19025
XML-4/alignment_XML4-2500-0.02-8E-5-50-4-1.fa	XML-4	18	19025
XML-4/alignment_XML4-2500-0.02-8E-5-50-4-2.fa	XML-4	21	19025
XML-4/alignment_XML4-2500-0.02-8E-5-50-5-1.fa	XML-4	14	19025
XML-4/alignment_XML4-2500-0.02-8E-5-50-5-2.fa	XML-4	14	19025
XML-4/alignment_XML4-3250-0.005-12E-5-100-1-1.fa	XML-4	9	17988
XML-4/alignment_XML4-3250-0.005-12E-5-100-1-2.fa	XML-4	13	19025
XML-4/alignment_XML4-3250-0.005-12E-5-100-1-3.fa	XML-4	15	19025
XML-4/alignment_XML4-3250-0.005-12E-5-100-2-1.fa	XML-4	12	19025
XML-4/alignment_XML4-3250-0.005-12E-5-100-2-2.fa	XML-4	7	19025
XML-4/alignment_XML4-3250-0.005-12E-5-100-2-3.fa	XML-4	12	19025
XML-4/alignment_XML4-3250-0.005-12E-5-100-3-1.fa	XML-4	8	19025
XML-4/alignment_XML4-3250-0.005-12E-5-100-3-2.fa	XML-4	18	19025
XML-4/alignment_XML4-3250-0.005-12E-5-100-3-3.fa	XML-4	9	19025
XML-4/alignment_XML4-3250-0.005-12E-5-100-4-1.fa	XML-4	8	19025
XML-4/alignment_XML4-3250-0.005-12E-5-100-4-2.fa	XML-4	10	19025
XML-4/alignment_XML4-3250-0.005-12E-5-100-4-3.fa	XML-4	7	19025
XML-4/alignment_XML4-3250-0.005-12E-5-100-5-1.fa	XML-4	15	19025
XML-4/alignment_XML4-3250-0.005-12E-5-100-5-2.fa	XML-4	7	19025
XML-4/alignment_XML4-3250-0.005-12E-5-100-5-3.fa	XML-4	13	19025
XML-4/alignment_XML4-3250-0.005-12E-5-200-1-1.fa	XML-4	11	18792
XML-4/alignment_XML4-3250-0.005-12E-5-200-1-2.fa	XML-4	18	19025
XML-4/alignment_XML4-3250-0.005-12E-5-200-1-3.fa	XML-4	7	18504
XML-4/alignment_XML4-3250-0.005-12E-5-200-2-1.fa	XML-4	14	19025
XML-4/alignment_XML4-3250-0.005-12E-5-200-2-2.fa	XML-4	8	19025
XML-4/alignment_XML4-3250-0.005-12E-5-200-2-3.fa	XML-4	15	19025
XML-4/alignment_XML4-3250-0.005-12E-5-200-3-1.fa	XML-4	18	19025
XML-4/alignment_XML4-3250-0.005-12E-5-200-3-2.fa	XML-4	10	19025
XML-4/alignment_XML4-3250-0.005-12E-5-200-3-3.fa	XML-4	5	19025
XML-4/alignment_XML4-3250-0.005-12E-5-200-4-1.fa	XML-4	11	19025
XML-4/alignment_XML4-3250-0.005-12E-5-200-4-2.fa	XML-4	16	19025
XML-4/alignment_XML4-3250-0.005-12E-5-200-4-3.fa	XML-4	7	19025
XML-4/alignment_XML4-3250-0.005-12E-5-200-5-1.fa	XML-4	10	19025
XML-4/alignment_XML4-3250-0.005-12E-5-200-5-2.fa	XML-4	19	19025
XML-4/alignment_XML4-3250-0.005-12E-5-200-5-3.fa	XML-4	22	19025
XML-4/alignment_XML4-3250-0.005-12E-5-50-1-1.fa	XML-4	7	19025
XML-4/alignment_XML4-3250-0.005-12E-5-50-1-2.fa	XML-4	9	19025
XML-4/alignment_XML4-3250-0.005-12E-5-50-1-3.fa	XML-4	11	19025
XML-4/alignment_XML4-3250-0.005-12E-5-50-2-1.fa	XML-4	9	19025
XML-4/alignment_XML4-3250-0.005-12E-5-50-2-2.fa	XML-4	6	19025
XML-4/alignment_XML4-3250-0.005-12E-5-50-2-3.fa	XML-4	6	19025
XML-4/alignment_XML4-3250-0.005-12E-5-50-3-1.fa	XML-4	7	19025
XML-4/alignment_XML4-3250-0.005-12E-5-50-3-2.fa	XML-4	4	15585
XML-4/alignment_XML4-3250-0.005-12E-5-50-3-3.fa	XML-4	11	19025
XML-4/alignment_XML4-3250-0.005-12E-5-50-4-1.fa	XML-4	10	19025
XML-4/alignment_XML4-3250-0.005-12E-5-50-4-2.fa	XML-4	14	19025
XML-4/alignment_XML4-3250-0.005-12E-5-50-4-3.fa	XML-4	11	19025
XML-4/alignment_XML4-3250-0.005-12E-5-50-5-1.fa	XML-4	16	19025
XML-4/alignment_XML4-3250-0.005-12E-5-50-5-2.fa	XML-4	6	16401
XML-4/alignment_XML4-3250-0.005-12E-5-50-5-3.fa	XML-4	10	19025
XML-4/alignment_XML4-3250-0.005-4E-5-100-1-1.fa	XML-4	8	19025
XML-4/alignment_XML4-3250-0.005-4E-5-100-1-2.fa	XML-4	11	19025
XML-4/alignment_XML4-3250-0.005-4E-5-100-1-3.fa	XML-4	15	19025
XML-4/alignment_XML4-3250-0.005-4E-5-100-2-1.fa	XML-4	5	19025
XML-4/alignment_XML4-3250-0.005-4E-5-100-2-2.fa	XML-4	12	19025
XML-4/alignment_XML4-3250-0.005-4E-5-100-2-3.fa	XML-4	9	19025
XML-4/alignment_XML4-3250-0.005-4E-5-100-3-1.fa	XML-4	6	18768
XML-4/alignment_XML4-3250-0.005-4E-5-100-3-2.fa	XML-4	6	19025
XML-4/alignment_XML4-3250-0.005-4E-5-100-3-3.fa	XML-4	14	19025
XML-4/alignment_XML4-3250-0.005-4E-5-100-4-1.fa	XML-4	17	19025
XML-4/alignment_XML4-3250-0.005-4E-5-100-4-2.fa	XML-4	9	19025
XML-4/alignment_XML4-3250-0.005-4E-5-100-4-3.fa	XML-4	5	19025
XML-4/alignment_XML4-3250-0.005-4E-5-100-5-1.fa	XML-4	5	19025
XML-4/alignment_XML4-3250-0.005-4E-5-100-5-2.fa	XML-4	7	19025
XML-4/alignment_XML4-3250-0.005-4E-5-100-5-3.fa	XML-4	6	19025
XML-4/alignment_XML4-3250-0.005-4E-5-200-1-1.fa	XML-4	10	19025
XML-4/alignment_XML4-3250-0.005-4E-5-200-1-2.fa	XML-4	24	19025
XML-4/alignment_XML4-3250-0.005-4E-5-200-1-3.fa	XML-4	11	19025
XML-4/alignment_XML4-3250-0.005-4E-5-200-2-1.fa	XML-4	7	19025
XML-4/alignment_XML4-3250-0.005-4E-5-200-2-2.fa	XML-4	16	19025
XML-4/alignment_XML4-3250-0.005-4E-5-200-2-3.fa	XML-4	10	19025
XML-4/alignment_XML4-3250-0.005-4E-5-200-3-1.fa	XML-4	7	19025
XML-4/alignment_XML4-3250-0.005-4E-5-200-3-2.fa	XML-4	14	19025
XML-4/alignment_XML4-3250-0.005-4E-5-200-3-3.fa	XML-4	6	19025
XML-4/alignment_XML4-3250-0.005-4E-5-200-4-1.fa	XML-4	2	18585
XML-4/alignment_XML4-3250-0.005-4E-5-200-4-2.fa	XML-4	13	19025
XML-4/alignment_XML4-3250-0.005-4E-5-200-4-3.fa	XML-4	10	18138
XML-4/alignment_XML4-3250-0.005-4E-5-200-5-1.fa	XML-4	5	19025
XML-4/alignment_XML4-3250-0.005-4E-5-200-5-2.fa	XML-4	15	19025
XML-4/alignment_XML4-3250-0.005-4E-5-200-5-3.fa	XML-4	6	19025
XML-4/alignment_XML4-3250-0.005-4E-5-50-1-1.fa	XML-4	8	19025
XML-4/alignment_XML4-3250-0.005-4E-5-50-1-2.fa	XML-4	9	19025
XML-4/alignment_XML4-3250-0.005-4E-5-50-1-3.fa	XML-4	8	19025
XML-4/alignment_XML4-3250-0.005-4E-5-50-2-1.fa	XML-4	5	19025
XML-4/alignment_XML4-3250-0.005-4E-5-50-2-2.fa	XML-4	7	19025
XML-4/alignment_XML4-3250-0.005-4E-5-50-2-3.fa	XML-4	1	5565
XML-4/alignment_XML4-3250-0.005-4E-5-50-3-1.fa	XML-4	5	17313
XML-4/alignment_XML4-3250-0.005-4E-5-50-3-2.fa	XML-4	6	19025
XML-4/alignment_XML4-3250-0.005-4E-5-50-3-3.fa	XML-4	15	19025
XML-4/alignment_XML4-3250-0.005-4E-5-50-4-1.fa	XML-4	8	19025
XML-4/alignment_XML4-3250-0.005-4E-5-50-4-2.fa	XML-4	9	19025
XML-4/alignment_XML4-3250-0.005-4E-5-50-4-3.fa	XML-4	2	18039
XML-4/alignment_XML4-3250-0.005-4E-5-50-5-1.fa	XML-4	8	19025
XML-4/alignment_XML4-3250-0.005-4E-5-50-5-2.fa	XML-4	11	19025
XML-4/alignment_XML4-3250-0.005-4E-5-50-5-3.fa	XML-4	2	19025
XML-4/alignment_XML4-3250-0.005-8E-5-100-1-1.fa	XML-4	7	19025
XML-4/alignment_XML4-3250-0.005-8E-5-100-1-2.fa	XML-4	3	19025
XML-4/alignment_XML4-3250-0.005-8E-5-100-1-3.fa	XML-4	9	17331
XML-4/alignment_XML4-3250-0.005-8E-5-100-2-1.fa	XML-4	9	19025
XML-4/alignment_XML4-3250-0.005-8E-5-100-2-2.fa	XML-4	9	19025
XML-4/alignment_XML4-3250-0.005-8E-5-100-2-3.fa	XML-4	9	17349
XML-4/alignment_XML4-3250-0.005-8E-5-100-3-1.fa	XML-4	12	19025
XML-4/alignment_XML4-3250-0.005-8E-5-100-3-2.fa	XML-4	3	13653
XML-4/alignment_XML4-3250-0.005-8E-5-100-3-3.fa	XML-4	8	19025
XML-4/alignment_XML4-3250-0.005-8E-5-100-4-1.fa	XML-4	15	19025
XML-4/alignment_XML4-3250-0.005-8E-5-100-4-2.fa	XML-4	15	19025
XML-4/alignment_XML4-3250-0.005-8E-5-100-4-3.fa	XML-4	8	19025
XML-4/alignment_XML4-3250-0.005-8E-5-100-5-1.fa	XML-4	10	19025
XML-4/alignment_XML4-3250-0.005-8E-5-100-5-2.fa	XML-4	15	19025
XML-4/alignment_XML4-3250-0.005-8E-5-100-5-3.fa	XML-4	11	19025
XML-4/alignment_XML4-3250-0.005-8E-5-200-1-1.fa	XML-4	15	19025
XML-4/alignment_XML4-3250-0.005-8E-5-200-1-2.fa	XML-4	7	16275
XML-4/alignment_XML4-3250-0.005-8E-5-200-1-3.fa	XML-4	19	19025
XML-4/alignment_XML4-3250-0.005-8E-5-200-2-1.fa	XML-4	9	19025
XML-4/alignment_XML4-3250-0.005-8E-5-200-2-2.fa	XML-4	16	19025
XML-4/alignment_XML4-3250-0.005-8E-5-200-2-3.fa	XML-4	18	19025
XML-4/alignment_XML4-3250-0.005-8E-5-200-3-1.fa	XML-4	12	19025
XML-4/alignment_XML4-3250-0.005-8E-5-200-3-2.fa	XML-4	10	19025
XML-4/alignment_XML4-3250-0.005-8E-5-200-3-3.fa	XML-4	6	19025
XML-4/alignment_XML4-3250-0.005-8E-5-200-4-1.fa	XML-4	5	19025
XML-4/alignment_XML4-3250-0.005-8E-5-200-4-2.fa	XML-4	4	18312
XML-4/alignment_XML4-3250-0.005-8E-5-200-4-3.fa	XML-4	13	19025
XML-4/alignment_XML4-3250-0.005-8E-5-200-5-1.fa	XML-4	7	19025
XML-4/alignment_XML4-3250-0.005-8E-5-200-5-2.fa	XML-4	10	19025
XML-4/alignment_XML4-3250-0.005-8E-5-200-5-3.fa	XML-4	9	18903
XML-4/alignment_XML4-3250-0.005-8E-5-50-1-1.fa	XML-4	2	19025
XML-4/alignment_XML4-3250-0.005-8E-5-50-1-2.fa	XML-4	8	19025
XML-4/alignment_XML4-3250-0.005-8E-5-50-1-3.fa	XML-4	12	19025
XML-4/alignment_XML4-3250-0.005-8E-5-50-2-1.fa	XML-4	14	19025
XML-4/alignment_XML4-3250-0.005-8E-5-50-2-2.fa	XML-4	6	19025
XML-4/alignment_XML4-3250-0.005-8E-5-50-2-3.fa	XML-4	9	19025
XML-4/alignment_XML4-3250-0.005-8E-5-50-3-1.fa	XML-4	9	19025
XML-4/alignment_XML4-3250-0.005-8E-5-50-3-2.fa	XML-4	7	19025
XML-4/alignment_XML4-3250-0.005-8E-5-50-3-3.fa	XML-4	9	19025
XML-4/alignment_XML4-3250-0.005-8E-5-50-4-1.fa	XML-4	10	19025
XML-4/alignment_XML4-3250-0.005-8E-5-50-4-2.fa	XML-4	11	19025
XML-4/alignment_XML4-3250-0.005-8E-5-50-4-3.fa	XML-4	10	16785
XML-4/alignment_XML4-3250-0.005-8E-5-50-5-1.fa	XML-4	12	19025
XML-4/alignment_XML4-3250-0.005-8E-5-50-5-2.fa	XML-4	8	19025
XML-4/alignment_XML4-3250-0.005-8E-5-50-5-3.fa	XML-4	13	19025
XML-4/alignment_XML4-3250-0.01-12E-5-100-1-1.fa	XML-4	18	19025
XML-4/alignment_XML4-3250-0.01-12E-5-100-1-2.fa	XML-4	15	19025
XML-4/alignment_XML4-3250-0.01-12E-5-100-1-3.fa	XML-4	17	19025
XML-4/alignment_XML4-3250-0.01-12E-5-100-2-1.fa	XML-4	12	19025
XML-4/alignment_XML4-3250-0.01-12E-5-100-2-2.fa	XML-4	19	19025
XML-4/alignment_XML4-3250-0.01-12E-5-100-2-3.fa	XML-4	12	19025
XML-4/alignment_XML4-3250-0.01-12E-5-100-3-1.fa	XML-4	24	19025
XML-4/alignment_XML4-3250-0.01-12E-5-100-3-2.fa	XML-4	12	19025
XML-4/alignment_XML4-3250-0.01-12E-5-100-3-3.fa	XML-4	15	19025
XML-4/alignment_XML4-3250-0.01-12E-5-100-4-1.fa	XML-4	22	19025
XML-4/alignment_XML4-3250-0.01-12E-5-100-4-2.fa	XML-4	15	19025
XML-4/alignment_XML4-3250-0.01-12E-5-100-4-3.fa	XML-4	26	19025
XML-4/alignment_XML4-3250-0.01-12E-5-100-5-1.fa	XML-4	16	19025
XML-4/alignment_XML4-3250-0.01-12E-5-100-5-2.fa	XML-4	12	19025
XML-4/alignment_XML4-3250-0.01-12E-5-100-5-3.fa	XML-4	17	19025
XML-4/alignment_XML4-3250-0.01-12E-5-200-1-1.fa	XML-4	23	19025
XML-4/alignment_XML4-3250-0.01-12E-5-200-1-2.fa	XML-4	25	19025
XML-4/alignment_XML4-3250-0.01-12E-5-200-1-3.fa	XML-4	34	19025
XML-4/alignment_XML4-3250-0.01-12E-5-200-2-1.fa	XML-4	17	19025
XML-4/alignment_XML4-3250-0.01-12E-5-200-2-2.fa	XML-4	22	19025
XML-4/alignment_XML4-3250-0.01-12E-5-200-2-3.fa	XML-4	20	19025
XML-4/alignment_XML4-3250-0.01-12E-5-200-3-1.fa	XML-4	22	19025
XML-4/alignment_XML4-3250-0.01-12E-5-200-3-2.fa	XML-4	50	19025
XML-4/alignment_XML4-3250-0.01-12E-5-200-3-3.fa	XML-4	24	19025
XML-4/alignment_XML4-3250-0.01-12E-5-200-4-1.fa	XML-4	23	19025
XML-4/alignment_XML4-3250-0.01-12E-5-200-4-2.fa	XML-4	23	19025
XML-4/alignment_XML4-3250-0.01-12E-5-200-4-3.fa	XML-4	26	19025
XML-4/alignment_XML4-3250-0.01-12E-5-200-5-1.fa	XML-4	19	19025
XML-4/alignment_XML4-3250-0.01-12E-5-200-5-2.fa	XML-4	29	19025
XML-4/alignment_XML4-3250-0.01-12E-5-200-5-3.fa	XML-4	19	19025
XML-4/alignment_XML4-3250-0.01-12E-5-50-1-1.fa	XML-4	11	19025
XML-4/alignment_XML4-3250-0.01-12E-5-50-1-2.fa	XML-4	15	19025
XML-4/alignment_XML4-3250-0.01-12E-5-50-1-3.fa	XML-4	19	19025
XML-4/alignment_XML4-3250-0.01-12E-5-50-2-1.fa	XML-4	15	19025
XML-4/alignment_XML4-3250-0.01-12E-5-50-2-2.fa	XML-4	12	19025
XML-4/alignment_XML4-3250-0.01-12E-5-50-2-3.fa	XML-4	16	19025
XML-4/alignment_XML4-3250-0.01-12E-5-50-3-1.fa	XML-4	13	19025
XML-4/alignment_XML4-3250-0.01-12E-5-50-3-2.fa	XML-4	16	19025
XML-4/alignment_XML4-3250-0.01-12E-5-50-3-3.fa	XML-4	13	19025
XML-4/alignment_XML4-3250-0.01-12E-5-50-4-1.fa	XML-4	7	19025
XML-4/alignment_XML4-3250-0.01-12E-5-50-4-2.fa	XML-4	10	19025
XML-4/alignment_XML4-3250-0.01-12E-5-50-4-3.fa	XML-4	12	19023
XML-4/alignment_XML4-3250-0.01-12E-5-50-5-1.fa	XML-4	12	19025
XML-4/alignment_XML4-3250-0.01-12E-5-50-5-2.fa	XML-4	19	19025
XML-4/alignment_XML4-3250-0.01-12E-5-50-5-3.fa	XML-4	19	19025
XML-4/alignment_XML4-3250-0.01-4E-5-100-1-1.fa	XML-4	14	19025
XML-4/alignment_XML4-3250-0.01-4E-5-100-1-2.fa	XML-4	13	19025
XML-4/alignment_XML4-3250-0.01-4E-5-100-1-3.fa	XML-4	7	19025
XML-4/alignment_XML4-3250-0.01-4E-5-100-2-1.fa	XML-4	19	19025
XML-4/alignment_XML4-3250-0.01-4E-5-100-2-2.fa	XML-4	8	19025
XML-4/alignment_XML4-3250-0.01-4E-5-100-2-3.fa	XML-4	22	19025
XML-4/alignment_XML4-3250-0.01-4E-5-100-3-1.fa	XML-4	15	14409
XML-4/alignment_XML4-3250-0.01-4E-5-100-3-2.fa	XML-4	25	19025
XML-4/alignment_XML4-3250-0.01-4E-5-100-3-3.fa	XML-4	11	19025
XML-4/alignment_XML4-3250-0.01-4E-5-100-4-1.fa	XML-4	14	19025
XML-4/alignment_XML4-3250-0.01-4E-5-100-4-2.fa	XML-4	8	17985
XML-4/alignment_XML4-3250-0.01-4E-5-100-4-3.fa	XML-4	13	19025
XML-4/alignment_XML4-3250-0.01-4E-5-100-5-1.fa	XML-4	16	19025
XML-4/alignment_XML4-3250-0.01-4E-5-100-5-2.fa	XML-4	18	19025
XML-4/alignment_XML4-3250-0.01-4E-5-100-5-3.fa	XML-4	10	19025
XML-4/alignment_XML4-3250-0.01-4E-5-200-1-1.fa	XML-4	9	19025
XML-4/alignment_XML4-3250-0.01-4E-5-200-1-2.fa	XML-4	19	19025
XML-4/alignment_XML4-3250-0.01-4E-5-200-1-3.fa	XML-4	16	19025
XML-4/alignment_XML4-3250-0.01-4E-5-200-2-1.fa	XML-4	9	19025
XML-4/alignment_XML4-3250-0.01-4E-5-200-2-2.fa	XML-4	13	19025
XML-4/alignment_XML4-3250-0.01-4E-5-200-2-3.fa	XML-4	15	19025
XML-4/alignment_XML4-3250-0.01-4E-5-200-3-1.fa	XML-4	18	19025
XML-4/alignment_XML4-3250-0.01-4E-5-200-3-2.fa	XML-4	19	19025
XML-4/alignment_XML4-3250-0.01-4E-5-200-3-3.fa	XML-4	19	19025
XML-4/alignment_XML4-3250-0.01-4E-5-200-4-1.fa	XML-4	20	19025
XML-4/alignment_XML4-3250-0.01-4E-5-200-4-2.fa	XML-4	15	19025
XML-4/alignment_XML4-3250-0.01-4E-5-200-4-3.fa	XML-4	17	19025
XML-4/alignment_XML4-3250-0.01-4E-5-200-5-1.fa	XML-4	12	19025
XML-4/alignment_XML4-3250-0.01-4E-5-200-5-2.fa	XML-4	21	19025
XML-4/alignment_XML4-3250-0.01-4E-5-200-5-3.fa	XML-4	16	19025
XML-4/alignment_XML4-3250-0.01-4E-5-50-1-1.fa	XML-4	6	19025
XML-4/alignment_XML4-3250-0.01-4E-5-50-1-2.fa	XML-4	10	19025
XML-4/alignment_XML4-3250-0.01-4E-5-50-1-3.fa	XML-4	10	19025
XML-4/alignment_XML4-3250-0.01-4E-5-50-2-1.fa	XML-4	16	19025
XML-4/alignment_XML4-3250-0.01-4E-5-50-2-2.fa	XML-4	13	19025
XML-4/alignment_XML4-3250-0.01-4E-5-50-2-3.fa	XML-4	10	19025
XML-4/alignment_XML4-3250-0.01-4E-5-50-3-1.fa	XML-4	11	19025
XML-4/alignment_XML4-3250-0.01-4E-5-50-3-2.fa	XML-4	7	19025
XML-4/alignment_XML4-3250-0.01-4E-5-50-3-3.fa	XML-4	9	19025
XML-4/alignment_XML4-3250-0.01-4E-5-50-4-1.fa	XML-4	3	19025
XML-4/alignment_XML4-3250-0.01-4E-5-50-4-2.fa	XML-4	12	19025
XML-4/alignment_XML4-3250-0.01-4E-5-50-4-3.fa	XML-4	10	19025
XML-4/alignment_XML4-3250-0.01-4E-5-50-5-1.fa	XML-4	9	19025
XML-4/alignment_XML4-3250-0.01-4E-5-50-5-2.fa	XML-4	4	19025
XML-4/alignment_XML4-3250-0.01-4E-5-50-5-3.fa	XML-4	10	19025
XML-4/alignment_XML4-3250-0.01-8E-5-100-1-1.fa	XML-4	15	19025
XML-4/alignment_XML4-3250-0.01-8E-5-100-1-2.fa	XML-4	21	19025
XML-4/alignment_XML4-3250-0.01-8E-5-100-1-3.fa	XML-4	10	19025
XML-4/alignment_XML4-3250-0.01-8E-5-100-2-1.fa	XML-4	18	19025
XML-4/alignment_XML4-3250-0.01-8E-5-100-2-2.fa	XML-4	12	19025
XML-4/alignment_XML4-3250-0.01-8E-5-100-2-3.fa	XML-4	14	19025
XML-4/alignment_XML4-3250-0.01-8E-5-100-3-1.fa	XML-4	17	19025
XML-4/alignment_XML4-3250-0.01-8E-5-100-3-2.fa	XML-4	9	19025
XML-4/alignment_XML4-3250-0.01-8E-5-100-3-3.fa	XML-4	18	19025
XML-4/alignment_XML4-3250-0.01-8E-5-100-4-1.fa	XML-4	10	14922
XML-4/alignment_XML4-3250-0.01-8E-5-100-4-2.fa	XML-4	23	19025
XML-4/alignment_XML4-3250-0.01-8E-5-100-4-3.fa	XML-4	16	19025
XML-4/alignment_XML4-3250-0.01-8E-5-100-5-1.fa	XML-4	19	19025
XML-4/alignment_XML4-3250-0.01-8E-5-100-5-2.fa	XML-4	11	19025
XML-4/alignment_XML4-3250-0.01-8E-5-100-5-3.fa	XML-4	25	19025
XML-4/alignment_XML4-3250-0.01-8E-5-200-1-1.fa	XML-4	25	19025
XML-4/alignment_XML4-3250-0.01-8E-5-200-1-2.fa	XML-4	15	19025
XML-4/alignment_XML4-3250-0.01-8E-5-200-1-3.fa	XML-4	26	19025
XML-4/alignment_XML4-3250-0.01-8E-5-200-2-1.fa	XML-4	20	19025
XML-4/alignment_XML4-3250-0.01-8E-5-200-2-2.fa	XML-4	25	19025
XML-4/alignment_XML4-3250-0.01-8E-5-200-2-3.fa	XML-4	18	19025
XML-4/alignment_XML4-3250-0.01-8E-5-200-3-1.fa	XML-4	19	19025
XML-4/alignment_XML4-3250-0.01-8E-5-200-3-2.fa	XML-4	25	19025
XML-4/alignment_XML4-3250-0.01-8E-5-200-3-3.fa	XML-4	29	19025
XML-4/alignment_XML4-3250-0.01-8E-5-200-4-1.fa	XML-4	24	19025
XML-4/alignment_XML4-3250-0.01-8E-5-200-4-2.fa	XML-4	21	19025
XML-4/alignment_XML4-3250-0.01-8E-5-200-4-3.fa	XML-4	19	19025
XML-4/alignment_XML4-3250-0.01-8E-5-200-5-1.fa	XML-4	17	19025
XML-4/alignment_XML4-3250-0.01-8E-5-200-5-2.fa	XML-4	14	19025
XML-4/alignment_XML4-3250-0.01-8E-5-200-5-3.fa	XML-4	32	19025
XML-4/alignment_XML4-3250-0.01-8E-5-50-1-1.fa	XML-4	14	19025
XML-4/alignment_XML4-3250-0.01-8E-5-50-1-2.fa	XML-4	13	19025
XML-4/alignment_XML4-3250-0.01-8E-5-50-1-3.fa	XML-4	15	19025
XML-4/alignment_XML4-3250-0.01-8E-5-50-2-1.fa	XML-4	13	19025
XML-4/alignment_XML4-3250-0.01-8E-5-50-2-2.fa	XML-4	13	19025
XML-4/alignment_XML4-3250-0.01-8E-5-50-2-3.fa	XML-4	12	19025
XML-4/alignment_XML4-3250-0.01-8E-5-50-3-1.fa	XML-4	6	19025
XML-4/alignment_XML4-3250-0.01-8E-5-50-3-2.fa	XML-4	14	19025
XML-4/alignment_XML4-3250-0.01-8E-5-50-3-3.fa	XML-4	11	18690
XML-4/alignment_XML4-3250-0.01-8E-5-50-4-1.fa	XML-4	12	19025
XML-4/alignment_XML4-3250-0.01-8E-5-50-4-2.fa	XML-4	11	19025
XML-4/alignment_XML4-3250-0.01-8E-5-50-4-3.fa	XML-4	8	16059
XML-4/alignment_XML4-3250-0.01-8E-5-50-5-1.fa	XML-4	15	19025
XML-4/alignment_XML4-3250-0.01-8E-5-50-5-2.fa	XML-4	15	19025
XML-4/alignment_XML4-3250-0.01-8E-5-50-5-3.fa	XML-4	19	19025
XML-4/alignment_XML4-3250-0.02-12E-5-100-1-1.fa	XML-4	20	19025
XML-4/alignment_XML4-3250-0.02-12E-5-100-1-2.fa	XML-4	24	19025
XML-4/alignment_XML4-3250-0.02-12E-5-100-1-3.fa	XML-4	28	19025
XML-4/alignment_XML4-3250-0.02-12E-5-100-2-1.fa	XML-4	28	19025
XML-4/alignment_XML4-3250-0.02-12E-5-100-2-2.fa	XML-4	41	19025
XML-4/alignment_XML4-3250-0.02-12E-5-100-2-3.fa	XML-4	15	19025
XML-4/alignment_XML4-3250-0.02-12E-5-100-3-1.fa	XML-4	25	19025
XML-4/alignment_XML4-3250-0.02-12E-5-100-3-2.fa	XML-4	24	19025
XML-4/alignment_XML4-3250-0.02-12E-5-100-3-3.fa	XML-4	23	19025
XML-4/alignment_XML4-3250-0.02-12E-5-100-4-1.fa	XML-4	48	19025
XML-4/alignment_XML4-3250-0.02-12E-5-100-4-2.fa	XML-4	34	19025
XML-4/alignment_XML4-3250-0.02-12E-5-100-4-3.fa	XML-4	23	19025
XML-4/alignment_XML4-3250-0.02-12E-5-100-5-1.fa	XML-4	27	19025
XML-4/alignment_XML4-3250-0.02-12E-5-100-5-2.fa	XML-4	32	19025
XML-4/alignment_XML4-3250-0.02-12E-5-100-5-3.fa	XML-4	33	19025
XML-4/alignment_XML4-3250-0.02-12E-5-200-1-1.fa	XML-4	31	19025
XML-4/alignment_XML4-3250-0.02-12E-5-200-1-2.fa	XML-4	27	19025
XML-4/alignment_XML4-3250-0.02-12E-5-200-1-3.fa	XML-4	46	19025
XML-4/alignment_XML4-3250-0.02-12E-5-200-2-1.fa	XML-4	33	19025
XML-4/alignment_XML4-3250-0.02-12E-5-200-2-2.fa	XML-4	52	19025
XML-4/alignment_XML4-3250-0.02-12E-5-200-2-3.fa	XML-4	49	19025
XML-4/alignment_XML4-3250-0.02-12E-5-200-3-1.fa	XML-4	44	19025
XML-4/alignment_XML4-3250-0.02-12E-5-200-3-2.fa	XML-4	41	19025
XML-4/alignment_XML4-3250-0.02-12E-5-200-3-3.fa	XML-4	41	19025
XML-4/alignment_XML4-3250-0.02-12E-5-200-4-1.fa	XML-4	42	19025
XML-4/alignment_XML4-3250-0.02-12E-5-200-4-2.fa	XML-4	37	19025
XML-4/alignment_XML4-3250-0.02-12E-5-200-4-3.fa	XML-4	43	19025
XML-4/alignment_XML4-3250-0.02-12E-5-200-5-1.fa	XML-4	38	19025
XML-4/alignment_XML4-3250-0.02-12E-5-200-5-2.fa	XML-4	49	19025
XML-4/alignment_XML4-3250-0.02-12E-5-200-5-3.fa	XML-4	34	19025
XML-4/alignment_XML4-3250-0.02-12E-5-50-1-1.fa	XML-4	19	19025
XML-4/alignment_XML4-3250-0.02-12E-5-50-1-2.fa	XML-4	21	19025
XML-4/alignment_XML4-3250-0.02-12E-5-50-1-3.fa	XML-4	23	19025
XML-4/alignment_XML4-3250-0.02-12E-5-50-2-1.fa	XML-4	18	19025
XML-4/alignment_XML4-3250-0.02-12E-5-50-2-2.fa	XML-4	26	19025
XML-4/alignment_XML4-3250-0.02-12E-5-50-2-3.fa	XML-4	18	19025
XML-4/alignment_XML4-3250-0.02-12E-5-50-3-1.fa	XML-4	9	19025
XML-4/alignment_XML4-3250-0.02-12E-5-50-3-2.fa	XML-4	16	19025
XML-4/alignment_XML4-3250-0.02-12E-5-50-3-3.fa	XML-4	16	19025
XML-4/alignment_XML4-3250-0.02-12E-5-50-4-1.fa	XML-4	16	19025
XML-4/alignment_XML4-3250-0.02-12E-5-50-4-2.fa	XML-4	9	19025
XML-4/alignment_XML4-3250-0.02-12E-5-50-4-3.fa	XML-4	18	19025
XML-4/alignment_XML4-3250-0.02-12E-5-50-5-1.fa	XML-4	16	19025
XML-4/alignment_XML4-3250-0.02-12E-5-50-5-2.fa	XML-4	18	19025
XML-4/alignment_XML4-3250-0.02-12E-5-50-5-3.fa	XML-4	15	19025
XML-4/alignment_XML4-3250-0.02-4E-5-100-1-1.fa	XML-4	37	19025
XML-4/alignment_XML4-3250-0.02-4E-5-100-1-2.fa	XML-4	15	19025
XML-4/alignment_XML4-3250-0.02-4E-5-100-1-3.fa	XML-4	12	19025
XML-4/alignment_XML4-3250-0.02-4E-5-100-2-1.fa	XML-4	29	19025
XML-4/alignment_XML4-3250-0.02-4E-5-100-2-2.fa	XML-4	16	19025
XML-4/alignment_XML4-3250-0.02-4E-5-100-2-3.fa	XML-4	28	19025
XML-4/alignment_XML4-3250-0.02-4E-5-100-3-1.fa	XML-4	26	19025
XML-4/alignment_XML4-3250-0.02-4E-5-100-3-2.fa	XML-4	19	19025
XML-4/alignment_XML4-3250-0.02-4E-5-100-3-3.fa	XML-4	26	19025
XML-4/alignment_XML4-3250-0.02-4E-5-100-4-1.fa	XML-4	19	19025
XML-4/alignment_XML4-3250-0.02-4E-5-100-4-2.fa	XML-4	26	19025
XML-4/alignment_XML4-3250-0.02-4E-5-100-4-3.fa	XML-4	30	19025
XML-4/alignment_XML4-3250-0.02-4E-5-100-5-1.fa	XML-4	29	19025
XML-4/alignment_XML4-3250-0.02-4E-5-100-5-2.fa	XML-4	14	19025
XML-4/alignment_XML4-3250-0.02-4E-5-100-5-3.fa	XML-4	24	19025
XML-4/alignment_XML4-3250-0.02-4E-5-200-1-1.fa	XML-4	33	19025
XML-4/alignment_XML4-3250-0.02-4E-5-200-1-2.fa	XML-4	34	19025
XML-4/alignment_XML4-3250-0.02-4E-5-200-1-3.fa	XML-4	21	19025
XML-4/alignment_XML4-3250-0.02-4E-5-200-2-1.fa	XML-4	30	19025
XML-4/alignment_XML4-3250-0.02-4E-5-200-2-2.fa	XML-4	24	19025
XML-4/alignment_XML4-3250-0.02-4E-5-200-2-3.fa	XML-4	34	19025
XML-4/alignment_XML4-3250-0.02-4E-5-200-3-1.fa	XML-4	27	19025
XML-4/alignment_XML4-3250-0.02-4E-5-200-3-2.fa	XML-4	55	19025
XML-4/alignment_XML4-3250-0.02-4E-5-200-3-3.fa	XML-4	25	19025
XML-4/alignment_XML4-3250-0.02-4E-5-200-4-1.fa	XML-4	24	19025
XML-4/alignment_XML4-3250-0.02-4E-5-200-4-2.fa	XML-4	29	19025
XML-4/alignment_XML4-3250-0.02-4E-5-200-4-3.fa	XML-4	36	19025
XML-4/alignment_XML4-3250-0.02-4E-5-200-5-1.fa	XML-4	28	19025
XML-4/alignment_XML4-3250-0.02-4E-5-200-5-2.fa	XML-4	24	19025
XML-4/alignment_XML4-3250-0.02-4E-5-200-5-3.fa	XML-4	39	19025
XML-4/alignment_XML4-3250-0.02-4E-5-50-1-1.fa	XML-4	16	19025
XML-4/alignment_XML4-3250-0.02-4E-5-50-1-2.fa	XML-4	19	19025
XML-4/alignment_XML4-3250-0.02-4E-5-50-1-3.fa	XML-4	17	19025
XML-4/alignment_XML4-3250-0.02-4E-5-50-2-1.fa	XML-4	20	19025
XML-4/alignment_XML4-3250-0.02-4E-5-50-2-2.fa	XML-4	19	19025
XML-4/alignment_XML4-3250-0.02-4E-5-50-2-3.fa	XML-4	23	19025
XML-4/alignment_XML4-3250-0.02-4E-5-50-3-1.fa	XML-4	10	19025
XML-4/alignment_XML4-3250-0.02-4E-5-50-3-2.fa	XML-4	15	19025
XML-4/alignment_XML4-3250-0.02-4E-5-50-3-3.fa	XML-4	18	19025
XML-4/alignment_XML4-3250-0.02-4E-5-50-4-1.fa	XML-4	20	19025
XML-4/alignment_XML4-3250-0.02-4E-5-50-4-2.fa	XML-4	15	19025
XML-4/alignment_XML4-3250-0.02-4E-5-50-4-3.fa	XML-4	5	19025
XML-4/alignment_XML4-3250-0.02-4E-5-50-5-1.fa	XML-4	9	19025
XML-4/alignment_XML4-3250-0.02-4E-5-50-5-2.fa	XML-4	12	19025
XML-4/alignment_XML4-3250-0.02-4E-5-50-5-3.fa	XML-4	14	19025
XML-4/alignment_XML4-3250-0.02-8E-5-100-1-1.fa	XML-4	18	19025
XML-4/alignment_XML4-3250-0.02-8E-5-100-1-2.fa	XML-4	16	19025
XML-4/alignment_XML4-3250-0.02-8E-5-100-1-3.fa	XML-4	19	19025
XML-4/alignment_XML4-3250-0.02-8E-5-100-2-1.fa	XML-4	36	19025
XML-4/alignment_XML4-3250-0.02-8E-5-100-2-2.fa	XML-4	35	19025
XML-4/alignment_XML4-3250-0.02-8E-5-100-2-3.fa	XML-4	28	19025
XML-4/alignment_XML4-3250-0.02-8E-5-100-3-1.fa	XML-4	30	19025
XML-4/alignment_XML4-3250-0.02-8E-5-100-3-2.fa	XML-4	22	19025
XML-4/alignment_XML4-3250-0.02-8E-5-100-3-3.fa	XML-4	19	19025
XML-4/alignment_XML4-3250-0.02-8E-5-100-4-1.fa	XML-4	19	19025
XML-4/alignment_XML4-3250-0.02-8E-5-100-4-2.fa	XML-4	27	19025
XML-4/alignment_XML4-3250-0.02-8E-5-100-4-3.fa	XML-4	25	19025
XML-4/alignment_XML4-3250-0.02-8E-5-100-5-1.fa	XML-4	34	19025
XML-4/alignment_XML4-3250-0.02-8E-5-100-5-2.fa	XML-4	22	19025
XML-4/alignment_XML4-3250-0.02-8E-5-100-5-3.fa	XML-4	31	19025
XML-4/alignment_XML4-3250-0.02-8E-5-200-1-1.fa	XML-4	52	19025
XML-4/alignment_XML4-3250-0.02-8E-5-200-1-2.fa	XML-4	54	19025
XML-4/alignment_XML4-3250-0.02-8E-5-200-1-3.fa	XML-4	37	19025
XML-4/alignment_XML4-3250-0.02-8E-5-200-2-1.fa	XML-4	44	19025
XML-4/alignment_XML4-3250-0.02-8E-5-200-2-2.fa	XML-4	46	19025
XML-4/alignment_XML4-3250-0.02-8E-5-200-2-3.fa	XML-4	41	19025
XML-4/alignment_XML4-3250-0.02-8E-5-200-3-1.fa	XML-4	35	19025
XML-4/alignment_XML4-3250-0.02-8E-5-200-3-2.fa	XML-4	39	19025
XML-4/alignment_XML4-3250-0.02-8E-5-200-3-3.fa	XML-4	41	19025
XML-4/alignment_XML4-3250-0.02-8E-5-200-4-1.fa	XML-4	42	19025
XML-4/alignment_XML4-3250-0.02-8E-5-200-4-2.fa	XML-4	41	19025
XML-4/alignment_XML4-3250-0.02-8E-5-200-4-3.fa	XML-4	34	19025
XML-4/alignment_XML4-3250-0.02-8E-5-200-5-1.fa	XML-4	40	19025
XML-4/alignment_XML4-3250-0.02-8E-5-200-5-2.fa	XML-4	31	19025
XML-4/alignment_XML4-3250-0.02-8E-5-200-5-3.fa	XML-4	47	19025
XML-4/alignment_XML4-3250-0.02-8E-5-50-1-1.fa	XML-4	20	19025
XML-4/alignment_XML4-3250-0.02-8E-5-50-1-2.fa	XML-4	28	19025
XML-4/alignment_XML4-3250-0.02-8E-5-50-1-3.fa	XML-4	17	19025
XML-4/alignment_XML4-3250-0.02-8E-5-50-2-1.fa	XML-4	20	19025
XML-4/alignment_XML4-3250-0.02-8E-5-50-2-2.fa	XML-4	15	19025
XML-4/alignment_XML4-3250-0.02-8E-5-50-2-3.fa	XML-4	16	19025
XML-4/alignment_XML4-3250-0.02-8E-5-50-3-1.fa	XML-4	33	19025
XML-4/alignment_XML4-3250-0.02-8E-5-50-3-2.fa	XML-4	14	19025
XML-4/alignment_XML4-3250-0.02-8E-5-50-3-3.fa	XML-4	24	19025
XML-4/alignment_XML4-3250-0.02-8E-5-50-4-1.fa	XML-4	16	19025
XML-4/alignment_XML4-3250-0.02-8E-5-50-4-2.fa	XML-4	22	19025
XML-4/alignment_XML4-3250-0.02-8E-5-50-4-3.fa	XML-4	18	19025
XML-4/alignment_XML4-3250-0.02-8E-5-50-5-1.fa	XML-4	13	19025
XML-4/alignment_XML4-3250-0.02-8E-5-50-5-2.fa	XML-4	20	19025
XML-4/alignment_XML4-3250-0.02-8E-5-50-5-3.fa	XML-4	17	19025
XML-4/alignment_XML4-4000-0.005-12E-5-100-1-1.fa	XML-4	7	19025
XML-4/alignment_XML4-4000-0.005-12E-5-100-1-2.fa	XML-4	7	19025
XML-4/alignment_XML4-4000-0.005-12E-5-100-1-3.fa	XML-4	10	19025
XML-4/alignment_XML4-4000-0.005-12E-5-100-2-1.fa	XML-4	8	19025
XML-4/alignment_XML4-4000-0.005-12E-5-100-2-2.fa	XML-4	10	19025
XML-4/alignment_XML4-4000-0.005-12E-5-100-2-3.fa	XML-4	11	19025
XML-4/alignment_XML4-4000-0.005-12E-5-100-3-1.fa	XML-4	13	19025
XML-4/alignment_XML4-4000-0.005-12E-5-100-3-2.fa	XML-4	14	19025
XML-4/alignment_XML4-4000-0.005-12E-5-100-3-3.fa	XML-4	4	19025
XML-4/alignment_XML4-4000-0.005-12E-5-100-4-1.fa	XML-4	4	19025
XML-4/alignment_XML4-4000-0.005-12E-5-100-4-2.fa	XML-4	5	14307
XML-4/alignment_XML4-4000-0.005-12E-5-100-4-3.fa	XML-4	8	19025
XML-4/alignment_XML4-4000-0.005-12E-5-100-5-1.fa	XML-4	14	19025
XML-4/alignment_XML4-4000-0.005-12E-5-100-5-2.fa	XML-4	7	19025
XML-4/alignment_XML4-4000-0.005-12E-5-100-5-3.fa	XML-4	10	19025
XML-4/alignment_XML4-4000-0.005-12E-5-200-1-1.fa	XML-4	10	19025
XML-4/alignment_XML4-4000-0.005-12E-5-200-1-2.fa	XML-4	10	19025
XML-4/alignment_XML4-4000-0.005-12E-5-200-1-3.fa	XML-4	17	19025
XML-4/alignment_XML4-4000-0.005-12E-5-200-2-1.fa	XML-4	13	19025
XML-4/alignment_XML4-4000-0.005-12E-5-200-2-2.fa	XML-4	8	19025
XML-4/alignment_XML4-4000-0.005-12E-5-200-2-3.fa	XML-4	16	19025
XML-4/alignment_XML4-4000-0.005-12E-5-200-3-1.fa	XML-4	12	19025
XML-4/alignment_XML4-4000-0.005-12E-5-200-3-2.fa	XML-4	9	19025
XML-4/alignment_XML4-4000-0.005-12E-5-200-3-3.fa	XML-4	9	19025
XML-4/alignment_XML4-4000-0.005-12E-5-200-4-1.fa	XML-4	7	19025
XML-4/alignment_XML4-4000-0.005-12E-5-200-4-2.fa	XML-4	13	19025
XML-4/alignment_XML4-4000-0.005-12E-5-200-4-3.fa	XML-4	17	19025
XML-4/alignment_XML4-4000-0.005-12E-5-200-5-1.fa	XML-4	15	19025
XML-4/alignment_XML4-4000-0.005-12E-5-200-5-2.fa	XML-4	10	19025
XML-4/alignment_XML4-4000-0.005-12E-5-200-5-3.fa	XML-4	26	19025
XML-4/alignment_XML4-4000-0.005-12E-5-50-1-1.fa	XML-4	5	18273
XML-4/alignment_XML4-4000-0.005-12E-5-50-1-2.fa	XML-4	9	19025
XML-4/alignment_XML4-4000-0.005-12E-5-50-1-3.fa	XML-4	10	19025
XML-4/alignment_XML4-4000-0.005-12E-5-50-2-1.fa	XML-4	8	19025
XML-4/alignment_XML4-4000-0.005-12E-5-50-2-2.fa	XML-4	2	19025
XML-4/alignment_XML4-4000-0.005-12E-5-50-2-3.fa	XML-4	5	19025
XML-4/alignment_XML4-4000-0.005-12E-5-50-3-1.fa	XML-4	10	19025
XML-4/alignment_XML4-4000-0.005-12E-5-50-3-2.fa	XML-4	4	17700
XML-4/alignment_XML4-4000-0.005-12E-5-50-3-3.fa	XML-4	9	19025
XML-4/alignment_XML4-4000-0.005-12E-5-50-4-1.fa	XML-4	10	19025
XML-4/alignment_XML4-4000-0.005-12E-5-50-4-2.fa	XML-4	10	19025
XML-4/alignment_XML4-4000-0.005-12E-5-50-4-3.fa	XML-4	7	19025
XML-4/alignment_XML4-4000-0.005-12E-5-50-5-1.fa	XML-4	14	19025
XML-4/alignment_XML4-4000-0.005-12E-5-50-5-2.fa	XML-4	15	19025
XML-4/alignment_XML4-4000-0.005-12E-5-50-5-3.fa	XML-4	5	19025
XML-4/alignment_XML4-4000-0.005-4E-5-100-1-1.fa	XML-4	3	9312
XML-4/alignment_XML4-4000-0.005-4E-5-100-1-2.fa	XML-4	5	17493
XML-4/alignment_XML4-4000-0.005-4E-5-100-1-3.fa	XML-4	14	19025
XML-4/alignment_XML4-4000-0.005-4E-5-100-2-1.fa	XML-4	7	19025
XML-4/alignment_XML4-4000-0.005-4E-5-100-2-2.fa	XML-4	8	16596
XML-4/alignment_XML4-4000-0.005-4E-5-100-2-3.fa	XML-4	9	19025
XML-4/alignment_XML4-4000-0.005-4E-5-100-3-1.fa	XML-4	7	17478
XML-4/alignment_XML4-4000-0.005-4E-5-100-3-2.fa	XML-4	9	19025
XML-4/alignment_XML4-4000-0.005-4E-5-100-3-3.fa	XML-4	9	19025
XML-4/alignment_XML4-4000-0.005-4E-5-100-4-1.fa	XML-4	4	15876
XML-4/alignment_XML4-4000-0.005-4E-5-100-4-2.fa	XML-4	12	19025
XML-4/alignment_XML4-4000-0.005-4E-5-100-4-3.fa	XML-4	11	19025
XML-4/alignment_XML4-4000-0.005-4E-5-100-5-1.fa	XML-4	3	17706
XML-4/alignment_XML4-4000-0.005-4E-5-100-5-2.fa	XML-4	7	19025
XML-4/alignment_XML4-4000-0.005-4E-5-100-5-3.fa	XML-4	8	19025
XML-4/alignment_XML4-4000-0.005-4E-5-200-1-1.fa	XML-4	6	19025
XML-4/alignment_XML4-4000-0.005-4E-5-200-1-2.fa	XML-4	5	19025
XML-4/alignment_XML4-4000-0.005-4E-5-200-1-3.fa	XML-4	18	19025
XML-4/alignment_XML4-4000-0.005-4E-5-200-2-1.fa	XML-4	16	19025
XML-4/alignment_XML4-4000-0.005-4E-5-200-2-2.fa	XML-4	6	19025
XML-4/alignment_XML4-4000-0.005-4E-5-200-2-3.fa	XML-4	15	19025
XML-4/alignment_XML4-4000-0.005-4E-5-200-3-1.fa	XML-4	7	18498
XML-4/alignment_XML4-4000-0.005-4E-5-200-3-2.fa	XML-4	8	19025
XML-4/alignment_XML4-4000-0.005-4E-5-200-3-3.fa	XML-4	8	19025
XML-4/alignment_XML4-4000-0.005-4E-5-200-4-1.fa	XML-4	11	19025
XML-4/alignment_XML4-4000-0.005-4E-5-200-4-2.fa	XML-4	13	19025
XML-4/alignment_XML4-4000-0.005-4E-5-200-4-3.fa	XML-4	7	19025
XML-4/alignment_XML4-4000-0.005-4E-5-200-5-1.fa	XML-4	14	19025
XML-4/alignment_XML4-4000-0.005-4E-5-200-5-2.fa	XML-4	11	19025
XML-4/alignment_XML4-4000-0.005-4E-5-200-5-3.fa	XML-4	11	19025
XML-4/alignment_XML4-4000-0.005-4E-5-50-1-1.fa	XML-4	6	17025
XML-4/alignment_XML4-4000-0.005-4E-5-50-1-2.fa	XML-4	9	19025
XML-4/alignment_XML4-4000-0.005-4E-5-50-1-3.fa	XML-4	4	19025
XML-4/alignment_XML4-4000-0.005-4E-5-50-2-1.fa	XML-4	5	18165
XML-4/alignment_XML4-4000-0.005-4E-5-50-2-2.fa	XML-4	3	19025
XML-4/alignment_XML4-4000-0.005-4E-5-50-2-3.fa	XML-4	9	19025
XML-4/alignment_XML4-4000-0.005-4E-5-50-3-1.fa	XML-4	3	16164
XML-4/alignment_XML4-4000-0.005-4E-5-50-3-2.fa	XML-4	6	19025
XML-4/alignment_XML4-4000-0.005-4E-5-50-3-3.fa	XML-4	9	19025
XML-4/alignment_XML4-4000-0.005-4E-5-50-4-1.fa	XML-4	10	19025
XML-4/alignment_XML4-4000-0.005-4E-5-50-4-2.fa	XML-4	7	19025
XML-4/alignment_XML4-4000-0.005-4E-5-50-4-3.fa	XML-4	5	19025
XML-4/alignment_XML4-4000-0.005-4E-5-50-5-1.fa	XML-4	3	19025
XML-4/alignment_XML4-4000-0.005-4E-5-50-5-2.fa	XML-4	4	7671
XML-4/alignment_XML4-4000-0.005-4E-5-50-5-3.fa	XML-4	4	17937
XML-4/alignment_XML4-4000-0.005-8E-5-100-1-1.fa	XML-4	7	19025
XML-4/alignment_XML4-4000-0.005-8E-5-100-1-2.fa	XML-4	8	19025
XML-4/alignment_XML4-4000-0.005-8E-5-100-1-3.fa	XML-4	7	19025
XML-4/alignment_XML4-4000-0.005-8E-5-100-2-1.fa	XML-4	13	19025
XML-4/alignment_XML4-4000-0.005-8E-5-100-2-2.fa	XML-4	9	15957
XML-4/alignment_XML4-4000-0.005-8E-5-100-2-3.fa	XML-4	13	19025
XML-4/alignment_XML4-4000-0.005-8E-5-100-3-1.fa	XML-4	10	19025
XML-4/alignment_XML4-4000-0.005-8E-5-100-3-2.fa	XML-4	5	19025
XML-4/alignment_XML4-4000-0.005-8E-5-100-3-3.fa	XML-4	8	19025
XML-4/alignment_XML4-4000-0.005-8E-5-100-4-1.fa	XML-4	11	19025
XML-4/alignment_XML4-4000-0.005-8E-5-100-4-2.fa	XML-4	7	18498
XML-4/alignment_XML4-4000-0.005-8E-5-100-4-3.fa	XML-4	11	19025
XML-4/alignment_XML4-4000-0.005-8E-5-100-5-1.fa	XML-4	18	19025
XML-4/alignment_XML4-4000-0.005-8E-5-100-5-2.fa	XML-4	9	19025
XML-4/alignment_XML4-4000-0.005-8E-5-100-5-3.fa	XML-4	11	19025
XML-4/alignment_XML4-4000-0.005-8E-5-200-1-1.fa	XML-4	17	19025
XML-4/alignment_XML4-4000-0.005-8E-5-200-1-2.fa	XML-4	19	19025
XML-4/alignment_XML4-4000-0.005-8E-5-200-1-3.fa	XML-4	13	19025
XML-4/alignment_XML4-4000-0.005-8E-5-200-2-1.fa	XML-4	19	19025
XML-4/alignment_XML4-4000-0.005-8E-5-200-2-2.fa	XML-4	8	19025
XML-4/alignment_XML4-4000-0.005-8E-5-200-2-3.fa	XML-4	14	19025
XML-4/alignment_XML4-4000-0.005-8E-5-200-3-1.fa	XML-4	10	19025
XML-4/alignment_XML4-4000-0.005-8E-5-200-3-2.fa	XML-4	17	19025
XML-4/alignment_XML4-4000-0.005-8E-5-200-3-3.fa	XML-4	4	18945
XML-4/alignment_XML4-4000-0.005-8E-5-200-4-1.fa	XML-4	8	19025
XML-4/alignment_XML4-4000-0.005-8E-5-200-4-2.fa	XML-4	15	19025
XML-4/alignment_XML4-4000-0.005-8E-5-200-4-3.fa	XML-4	2	17571
XML-4/alignment_XML4-4000-0.005-8E-5-200-5-1.fa	XML-4	8	19025
XML-4/alignment_XML4-4000-0.005-8E-5-200-5-2.fa	XML-4	8	19025
XML-4/alignment_XML4-4000-0.005-8E-5-200-5-3.fa	XML-4	13	19025
XML-4/alignment_XML4-4000-0.005-8E-5-50-1-1.fa	XML-4	8	19002
XML-4/alignment_XML4-4000-0.005-8E-5-50-1-2.fa	XML-4	2	19025
XML-4/alignment_XML4-4000-0.005-8E-5-50-1-3.fa	XML-4	2	19025
XML-4/alignment_XML4-4000-0.005-8E-5-50-2-1.fa	XML-4	9	19025
XML-4/alignment_XML4-4000-0.005-8E-5-50-2-2.fa	XML-4	11	19025
XML-4/alignment_XML4-4000-0.005-8E-5-50-2-3.fa	XML-4	8	19025
XML-4/alignment_XML4-4000-0.005-8E-5-50-3-1.fa	XML-4	7	19025
XML-4/alignment_XML4-4000-0.005-8E-5-50-3-2.fa	XML-4	9	19025
XML-4/alignment_XML4-4000-0.005-8E-5-50-3-3.fa	XML-4	13	19025
XML-4/alignment_XML4-4000-0.005-8E-5-50-4-1.fa	XML-4	10	19025
XML-4/alignment_XML4-4000-0.005-8E-5-50-4-2.fa	XML-4	3	15591
XML-4/alignment_XML4-4000-0.005-8E-5-50-4-3.fa	XML-4	5	18381
XML-4/alignment_XML4-4000-0.005-8E-5-50-5-1.fa	XML-4	8	19025
XML-4/alignment_XML4-4000-0.005-8E-5-50-5-2.fa	XML-4	7	19025
XML-4/alignment_XML4-4000-0.005-8E-5-50-5-3.fa	XML-4	15	19025
XML-4/alignment_XML4-4000-0.01-12E-5-100-1-1.fa	XML-4	12	19025
XML-4/alignment_XML4-4000-0.01-12E-5-100-1-2.fa	XML-4	8	19025
XML-4/alignment_XML4-4000-0.01-12E-5-100-1-3.fa	XML-4	16	19025
XML-4/alignment_XML4-4000-0.01-12E-5-100-2-1.fa	XML-4	15	19025
XML-4/alignment_XML4-4000-0.01-12E-5-100-2-2.fa	XML-4	16	19025
XML-4/alignment_XML4-4000-0.01-12E-5-100-2-3.fa	XML-4	20	19025
XML-4/alignment_XML4-4000-0.01-12E-5-100-3-1.fa	XML-4	17	19025
XML-4/alignment_XML4-4000-0.01-12E-5-100-3-2.fa	XML-4	17	19025
XML-4/alignment_XML4-4000-0.01-12E-5-100-3-3.fa	XML-4	13	19025
XML-4/alignment_XML4-4000-0.01-12E-5-100-4-1.fa	XML-4	12	19025
XML-4/alignment_XML4-4000-0.01-12E-5-100-4-2.fa	XML-4	11	19025
XML-4/alignment_XML4-4000-0.01-12E-5-100-4-3.fa	XML-4	21	19025
XML-4/alignment_XML4-4000-0.01-12E-5-100-5-1.fa	XML-4	23	19025
XML-4/alignment_XML4-4000-0.01-12E-5-100-5-2.fa	XML-4	21	19025
XML-4/alignment_XML4-4000-0.01-12E-5-100-5-3.fa	XML-4	14	19025
XML-4/alignment_XML4-4000-0.01-12E-5-200-1-1.fa	XML-4	12	19025
XML-4/alignment_XML4-4000-0.01-12E-5-200-1-2.fa	XML-4	16	19025
XML-4/alignment_XML4-4000-0.01-12E-5-200-1-3.fa	XML-4	34	19025
XML-4/alignment_XML4-4000-0.01-12E-5-200-2-1.fa	XML-4	15	19025
XML-4/alignment_XML4-4000-0.01-12E-5-200-2-2.fa	XML-4	19	18864
XML-4/alignment_XML4-4000-0.01-12E-5-200-2-3.fa	XML-4	32	19025
XML-4/alignment_XML4-4000-0.01-12E-5-200-3-1.fa	XML-4	21	19025
XML-4/alignment_XML4-4000-0.01-12E-5-200-3-2.fa	XML-4	23	19025
XML-4/alignment_XML4-4000-0.01-12E-5-200-3-3.fa	XML-4	14	16611
XML-4/alignment_XML4-4000-0.01-12E-5-200-4-1.fa	XML-4	19	19025
XML-4/alignment_XML4-4000-0.01-12E-5-200-4-2.fa	XML-4	29	19025
XML-4/alignment_XML4-4000-0.01-12E-5-200-4-3.fa	XML-4	19	19025
XML-4/alignment_XML4-4000-0.01-12E-5-200-5-1.fa	XML-4	37	19025
XML-4/alignment_XML4-4000-0.01-12E-5-200-5-2.fa	XML-4	29	19025
XML-4/alignment_XML4-4000-0.01-12E-5-200-5-3.fa	XML-4	23	19025
XML-4/alignment_XML4-4000-0.01-12E-5-50-1-1.fa	XML-4	16	19025
XML-4/alignment_XML4-4000-0.01-12E-5-50-1-2.fa	XML-4	19	19025
XML-4/alignment_XML4-4000-0.01-12E-5-50-1-3.fa	XML-4	14	17334
XML-4/alignment_XML4-4000-0.01-12E-5-50-2-1.fa	XML-4	11	19025
XML-4/alignment_XML4-4000-0.01-12E-5-50-2-2.fa	XML-4	9	19025
XML-4/alignment_XML4-4000-0.01-12E-5-50-2-3.fa	XML-4	12	19025
XML-4/alignment_XML4-4000-0.01-12E-5-50-3-1.fa	XML-4	9	19025
XML-4/alignment_XML4-4000-0.01-12E-5-50-3-2.fa	XML-4	28	19025
XML-4/alignment_XML4-4000-0.01-12E-5-50-3-3.fa	XML-4	9	19025
XML-4/alignment_XML4-4000-0.01-12E-5-50-4-1.fa	XML-4	19	19025
XML-4/alignment_XML4-4000-0.01-12E-5-50-4-2.fa	XML-4	15	19025
XML-4/alignment_XML4-4000-0.01-12E-5-50-4-3.fa	XML-4	10	18141
XML-4/alignment_XML4-4000-0.01-12E-5-50-5-1.fa	XML-4	8	19025
XML-4/alignment_XML4-4000-0.01-12E-5-50-5-2.fa	XML-4	20	19025
XML-4/alignment_XML4-4000-0.01-12E-5-50-5-3.fa	XML-4	16	19025
XML-4/alignment_XML4-4000-0.01-4E-5-100-1-1.fa	XML-4	10	19025
XML-4/alignment_XML4-4000-0.01-4E-5-100-1-2.fa	XML-4	10	19025
XML-4/alignment_XML4-4000-0.01-4E-5-100-1-3.fa	XML-4	17	19025
XML-4/alignment_XML4-4000-0.01-4E-5-100-2-1.fa	XML-4	16	19025
XML-4/alignment_XML4-4000-0.01-4E-5-100-2-2.fa	XML-4	9	19025
XML-4/alignment_XML4-4000-0.01-4E-5-100-2-3.fa	XML-4	15	19025
XML-4/alignment_XML4-4000-0.01-4E-5-100-3-1.fa	XML-4	12	19025
XML-4/alignment_XML4-4000-0.01-4E-5-100-3-2.fa	XML-4	23	19025
XML-4/alignment_XML4-4000-0.01-4E-5-100-3-3.fa	XML-4	6	19025
XML-4/alignment_XML4-4000-0.01-4E-5-100-4-1.fa	XML-4	12	19025
XML-4/alignment_XML4-4000-0.01-4E-5-100-4-2.fa	XML-4	18	19025
XML-4/alignment_XML4-4000-0.01-4E-5-100-4-3.fa	XML-4	16	19025
XML-4/alignment_XML4-4000-0.01-4E-5-100-5-1.fa	XML-4	14	19025
XML-4/alignment_XML4-4000-0.01-4E-5-100-5-2.fa	XML-4	22	19025
XML-4/alignment_XML4-4000-0.01-4E-5-100-5-3.fa	XML-4	18	19025
XML-4/alignment_XML4-4000-0.01-4E-5-200-1-1.fa	XML-4	20	19025
XML-4/alignment_XML4-4000-0.01-4E-5-200-1-2.fa	XML-4	19	19025
XML-4/alignment_XML4-4000-0.01-4E-5-200-1-3.fa	XML-4	17	19025
XML-4/alignment_XML4-4000-0.01-4E-5-200-2-1.fa	XML-4	13	19025
XML-4/alignment_XML4-4000-0.01-4E-5-200-2-2.fa	XML-4	21	19025
XML-4/alignment_XML4-4000-0.01-4E-5-200-2-3.fa	XML-4	19	19025
XML-4/alignment_XML4-4000-0.01-4E-5-200-3-1.fa	XML-4	20	19025
XML-4/alignment_XML4-4000-0.01-4E-5-200-3-2.fa	XML-4	16	19025
XML-4/alignment_XML4-4000-0.01-4E-5-200-3-3.fa	XML-4	17	19025
XML-4/alignment_XML4-4000-0.01-4E-5-200-4-1.fa	XML-4	20	19025
XML-4/alignment_XML4-4000-0.01-4E-5-200-4-2.fa	XML-4	14	19025
XML-4/alignment_XML4-4000-0.01-4E-5-200-4-3.fa	XML-4	15	19025
XML-4/alignment_XML4-4000-0.01-4E-5-200-5-1.fa	XML-4	21	19025
XML-4/alignment_XML4-4000-0.01-4E-5-200-5-2.fa	XML-4	25	19025
XML-4/alignment_XML4-4000-0.01-4E-5-200-5-3.fa	XML-4	19	19025
XML-4/alignment_XML4-4000-0.01-4E-5-50-1-1.fa	XML-4	10	19025
XML-4/alignment_XML4-4000-0.01-4E-5-50-1-2.fa	XML-4	11	19025
XML-4/alignment_XML4-4000-0.01-4E-5-50-1-3.fa	XML-4	11	19025
XML-4/alignment_XML4-4000-0.01-4E-5-50-2-1.fa	XML-4	5	16824
XML-4/alignment_XML4-4000-0.01-4E-5-50-2-2.fa	XML-4	14	19025
XML-4/alignment_XML4-4000-0.01-4E-5-50-2-3.fa	XML-4	16	19025
XML-4/alignment_XML4-4000-0.01-4E-5-50-3-1.fa	XML-4	7	19025
XML-4/alignment_XML4-4000-0.01-4E-5-50-3-2.fa	XML-4	7	19025
XML-4/alignment_XML4-4000-0.01-4E-5-50-3-3.fa	XML-4	10	19025
XML-4/alignment_XML4-4000-0.01-4E-5-50-4-1.fa	XML-4	11	19025
XML-4/alignment_XML4-4000-0.01-4E-5-50-4-2.fa	XML-4	9	16728
XML-4/alignment_XML4-4000-0.01-4E-5-50-4-3.fa	XML-4	17	19025
XML-4/alignment_XML4-4000-0.01-4E-5-50-5-1.fa	XML-4	15	19025
XML-4/alignment_XML4-4000-0.01-4E-5-50-5-2.fa	XML-4	9	19025
XML-4/alignment_XML4-4000-0.01-4E-5-50-5-3.fa	XML-4	9	19025
XML-4/alignment_XML4-4000-0.01-8E-5-100-1-1.fa	XML-4	31	19025
XML-4/alignment_XML4-4000-0.01-8E-5-100-1-2.fa	XML-4	21	19025
XML-4/alignment_XML4-4000-0.01-8E-5-100-1-3.fa	XML-4	24	19025
XML-4/alignment_XML4-4000-0.01-8E-5-100-2-1.fa	XML-4	19	19025
XML-4/alignment_XML4-4000-0.01-8E-5-100-2-2.fa	XML-4	21	19025
XML-4/alignment_XML4-4000-0.01-8E-5-100-2-3.fa	XML-4	21	19025
XML-4/alignment_XML4-4000-0.01-8E-5-100-3-1.fa	XML-4	13	19025
XML-4/alignment_XML4-4000-0.01-8E-5-100-3-2.fa	XML-4	17	19025
XML-4/alignment_XML4-4000-0.01-8E-5-100-3-3.fa	XML-4	8	18942
XML-4/alignment_XML4-4000-0.01-8E-5-100-4-1.fa	XML-4	12	19025
XML-4/alignment_XML4-4000-0.01-8E-5-100-4-2.fa	XML-4	16	19025
XML-4/alignment_XML4-4000-0.01-8E-5-100-4-3.fa	XML-4	20	19025
XML-4/alignment_XML4-4000-0.01-8E-5-100-5-1.fa	XML-4	21	19025
XML-4/alignment_XML4-4000-0.01-8E-5-100-5-2.fa	XML-4	21	19025
XML-4/alignment_XML4-4000-0.01-8E-5-100-5-3.fa	XML-4	17	18189
XML-4/alignment_XML4-4000-0.01-8E-5-200-1-1.fa	XML-4	29	19025
XML-4/alignment_XML4-4000-0.01-8E-5-200-1-2.fa	XML-4	24	19025
XML-4/alignment_XML4-4000-0.01-8E-5-200-1-3.fa	XML-4	27	19025
XML-4/alignment_XML4-4000-0.01-8E-5-200-2-1.fa	XML-4	20	19025
XML-4/alignment_XML4-4000-0.01-8E-5-200-2-2.fa	XML-4	21	19025
XML-4/alignment_XML4-4000-0.01-8E-5-200-2-3.fa	XML-4	22	19025
XML-4/alignment_XML4-4000-0.01-8E-5-200-3-1.fa	XML-4	13	19025
XML-4/alignment_XML4-4000-0.01-8E-5-200-3-2.fa	XML-4	13	19025
XML-4/alignment_XML4-4000-0.01-8E-5-200-3-3.fa	XML-4	22	19025
XML-4/alignment_XML4-4000-0.01-8E-5-200-4-1.fa	XML-4	22	19025
XML-4/alignment_XML4-4000-0.01-8E-5-200-4-2.fa	XML-4	22	19025
XML-4/alignment_XML4-4000-0.01-8E-5-200-4-3.fa	XML-4	24	19025
XML-4/alignment_XML4-4000-0.01-8E-5-200-5-1.fa	XML-4	17	19025
XML-4/alignment_XML4-4000-0.01-8E-5-200-5-2.fa	XML-4	21	19025
XML-4/alignment_XML4-4000-0.01-8E-5-200-5-3.fa	XML-4	21	19025
XML-4/alignment_XML4-4000-0.01-8E-5-50-1-1.fa	XML-4	8	19025
XML-4/alignment_XML4-4000-0.01-8E-5-50-1-2.fa	XML-4	18	19025
XML-4/alignment_XML4-4000-0.01-8E-5-50-1-3.fa	XML-4	24	19025
XML-4/alignment_XML4-4000-0.01-8E-5-50-2-1.fa	XML-4	14	19025
XML-4/alignment_XML4-4000-0.01-8E-5-50-2-2.fa	XML-4	11	19025
XML-4/alignment_XML4-4000-0.01-8E-5-50-2-3.fa	XML-4	8	19025
XML-4/alignment_XML4-4000-0.01-8E-5-50-3-1.fa	XML-4	10	19025
XML-4/alignment_XML4-4000-0.01-8E-5-50-3-2.fa	XML-4	18	19025
XML-4/alignment_XML4-4000-0.01-8E-5-50-3-3.fa	XML-4	7	18267
XML-4/alignment_XML4-4000-0.01-8E-5-50-4-1.fa	XML-4	16	19025
XML-4/alignment_XML4-4000-0.01-8E-5-50-4-2.fa	XML-4	14	19025
XML-4/alignment_XML4-4000-0.01-8E-5-50-4-3.fa	XML-4	18	19025
XML-4/alignment_XML4-4000-0.01-8E-5-50-5-1.fa	XML-4	10	19025
XML-4/alignment_XML4-4000-0.01-8E-5-50-5-2.fa	XML-4	15	19025
XML-4/alignment_XML4-4000-0.01-8E-5-50-5-3.fa	XML-4	9	19025
XML-4/alignment_XML4-4000-0.02-12E-5-100-1-1.fa	XML-4	21	19025
XML-4/alignment_XML4-4000-0.02-12E-5-100-1-2.fa	XML-4	40	19025
XML-4/alignment_XML4-4000-0.02-12E-5-100-1-3.fa	XML-4	33	19025
XML-4/alignment_XML4-4000-0.02-12E-5-100-2-1.fa	XML-4	32	19025
XML-4/alignment_XML4-4000-0.02-12E-5-100-2-2.fa	XML-4	30	19025
XML-4/alignment_XML4-4000-0.02-12E-5-100-2-3.fa	XML-4	32	19025
XML-4/alignment_XML4-4000-0.02-12E-5-100-3-1.fa	XML-4	31	19025
XML-4/alignment_XML4-4000-0.02-12E-5-100-3-2.fa	XML-4	35	19025
XML-4/alignment_XML4-4000-0.02-12E-5-100-3-3.fa	XML-4	23	19025
XML-4/alignment_XML4-4000-0.02-12E-5-100-4-1.fa	XML-4	24	19025
XML-4/alignment_XML4-4000-0.02-12E-5-100-4-2.fa	XML-4	30	19025
XML-4/alignment_XML4-4000-0.02-12E-5-100-4-3.fa	XML-4	27	19025
XML-4/alignment_XML4-4000-0.02-12E-5-100-5-1.fa	XML-4	12	19025
XML-4/alignment_XML4-4000-0.02-12E-5-100-5-2.fa	XML-4	27	19025
XML-4/alignment_XML4-4000-0.02-12E-5-100-5-3.fa	XML-4	49	19025
XML-4/alignment_XML4-4000-0.02-12E-5-200-1-1.fa	XML-4	44	19025
XML-4/alignment_XML4-4000-0.02-12E-5-200-1-2.fa	XML-4	32	19025
XML-4/alignment_XML4-4000-0.02-12E-5-200-1-3.fa	XML-4	33	19025
XML-4/alignment_XML4-4000-0.02-12E-5-200-2-1.fa	XML-4	58	19025
XML-4/alignment_XML4-4000-0.02-12E-5-200-2-2.fa	XML-4	42	19025
XML-4/alignment_XML4-4000-0.02-12E-5-200-2-3.fa	XML-4	35	19025
XML-4/alignment_XML4-4000-0.02-12E-5-200-3-1.fa	XML-4	34	19025
XML-4/alignment_XML4-4000-0.02-12E-5-200-3-2.fa	XML-4	39	19025
XML-4/alignment_XML4-4000-0.02-12E-5-200-3-3.fa	XML-4	60	19025
XML-4/alignment_XML4-4000-0.02-12E-5-200-4-1.fa	XML-4	49	19025
XML-4/alignment_XML4-4000-0.02-12E-5-200-4-2.fa	XML-4	39	19025
XML-4/alignment_XML4-4000-0.02-12E-5-200-4-3.fa	XML-4	74	19025
XML-4/alignment_XML4-4000-0.02-12E-5-200-5-1.fa	XML-4	36	19025
XML-4/alignment_XML4-4000-0.02-12E-5-200-5-2.fa	XML-4	48	19025
XML-4/alignment_XML4-4000-0.02-12E-5-200-5-3.fa	XML-4	49	19025
XML-4/alignment_XML4-4000-0.02-12E-5-50-1-1.fa	XML-4	18	19025
XML-4/alignment_XML4-4000-0.02-12E-5-50-1-2.fa	XML-4	30	19025
XML-4/alignment_XML4-4000-0.02-12E-5-50-1-3.fa	XML-4	19	19025
XML-4/alignment_XML4-4000-0.02-12E-5-50-2-1.fa	XML-4	21	19025
XML-4/alignment_XML4-4000-0.02-12E-5-50-2-2.fa	XML-4	28	19025
XML-4/alignment_XML4-4000-0.02-12E-5-50-2-3.fa	XML-4	16	19025
XML-4/alignment_XML4-4000-0.02-12E-5-50-3-1.fa	XML-4	19	19025
XML-4/alignment_XML4-4000-0.02-12E-5-50-3-2.fa	XML-4	16	19025
XML-4/alignment_XML4-4000-0.02-12E-5-50-3-3.fa	XML-4	26	19025
XML-4/alignment_XML4-4000-0.02-12E-5-50-4-1.fa	XML-4	10	19025
XML-4/alignment_XML4-4000-0.02-12E-5-50-4-2.fa	XML-4	17	19025
XML-4/alignment_XML4-4000-0.02-12E-5-50-4-3.fa	XML-4	23	19025
XML-4/alignment_XML4-4000-0.02-12E-5-50-5-1.fa	XML-4	25	19025
XML-4/alignment_XML4-4000-0.02-12E-5-50-5-2.fa	XML-4	17	19025
XML-4/alignment_XML4-4000-0.02-12E-5-50-5-3.fa	XML-4	15	19025
XML-4/alignment_XML4-4000-0.02-4E-5-100-1-1.fa	XML-4	32	19025
XML-4/alignment_XML4-4000-0.02-4E-5-100-1-2.fa	XML-4	19	19025
XML-4/alignment_XML4-4000-0.02-4E-5-100-1-3.fa	XML-4	19	19025
XML-4/alignment_XML4-4000-0.02-4E-5-100-2-1.fa	XML-4	21	19025
XML-4/alignment_XML4-4000-0.02-4E-5-100-2-2.fa	XML-4	30	19025
XML-4/alignment_XML4-4000-0.02-4E-5-100-2-3.fa	XML-4	25	19025
XML-4/alignment_XML4-4000-0.02-4E-5-100-3-1.fa	XML-4	19	19025
XML-4/alignment_XML4-4000-0.02-4E-5-100-3-2.fa	XML-4	28	19025
XML-4/alignment_XML4-4000-0.02-4E-5-100-3-3.fa	XML-4	19	19025
XML-4/alignment_XML4-4000-0.02-4E-5-100-4-1.fa	XML-4	15	19025
XML-4/alignment_XML4-4000-0.02-4E-5-100-4-2.fa	XML-4	12	19025
XML-4/alignment_XML4-4000-0.02-4E-5-100-4-3.fa	XML-4	33	19025
XML-4/alignment_XML4-4000-0.02-4E-5-100-5-1.fa	XML-4	25	19025
XML-4/alignment_XML4-4000-0.02-4E-5-100-5-2.fa	XML-4	21	19025
XML-4/alignment_XML4-4000-0.02-4E-5-100-5-3.fa	XML-4	16	19025
XML-4/alignment_XML4-4000-0.02-4E-5-200-1-1.fa	XML-4	33	19025
XML-4/alignment_XML4-4000-0.02-4E-5-200-1-2.fa	XML-4	44	19025
XML-4/alignment_XML4-4000-0.02-4E-5-200-1-3.fa	XML-4	34	19025
XML-4/alignment_XML4-4000-0.02-4E-5-200-2-1.fa	XML-4	31	19025
XML-4/alignment_XML4-4000-0.02-4E-5-200-2-2.fa	XML-4	33	19025
XML-4/alignment_XML4-4000-0.02-4E-5-200-2-3.fa	XML-4	24	19025
XML-4/alignment_XML4-4000-0.02-4E-5-200-3-1.fa	XML-4	33	19025
XML-4/alignment_XML4-4000-0.02-4E-5-200-3-2.fa	XML-4	41	19025
XML-4/alignment_XML4-4000-0.02-4E-5-200-3-3.fa	XML-4	32	19025
XML-4/alignment_XML4-4000-0.02-4E-5-200-4-1.fa	XML-4	22	19025
XML-4/alignment_XML4-4000-0.02-4E-5-200-4-2.fa	XML-4	40	19025
XML-4/alignment_XML4-4000-0.02-4E-5-200-4-3.fa	XML-4	27	19025
XML-4/alignment_XML4-4000-0.02-4E-5-200-5-1.fa	XML-4	31	19025
XML-4/alignment_XML4-4000-0.02-4E-5-200-5-2.fa	XML-4	16	19025
XML-4/alignment_XML4-4000-0.02-4E-5-200-5-3.fa	XML-4	28	19025
XML-4/alignment_XML4-4000-0.02-4E-5-50-1-1.fa	XML-4	15	19025
XML-4/alignment_XML4-4000-0.02-4E-5-50-1-2.fa	XML-4	19	19025
XML-4/alignment_XML4-4000-0.02-4E-5-50-1-3.fa	XML-4	13	19025
XML-4/alignment_XML4-4000-0.02-4E-5-50-2-1.fa	XML-4	9	19025
XML-4/alignment_XML4-4000-0.02-4E-5-50-2-2.fa	XML-4	9	19025
XML-4/alignment_XML4-4000-0.02-4E-5-50-2-3.fa	XML-4	14	19025
XML-4/alignment_XML4-4000-0.02-4E-5-50-3-1.fa	XML-4	24	19025
XML-4/alignment_XML4-4000-0.02-4E-5-50-3-2.fa	XML-4	13	19025
XML-4/alignment_XML4-4000-0.02-4E-5-50-3-3.fa	XML-4	12	19025
XML-4/alignment_XML4-4000-0.02-4E-5-50-4-1.fa	XML-4	22	19025
XML-4/alignment_XML4-4000-0.02-4E-5-50-4-2.fa	XML-4	17	19025
XML-4/alignment_XML4-4000-0.02-4E-5-50-4-3.fa	XML-4	9	19025
XML-4/alignment_XML4-4000-0.02-4E-5-50-5-1.fa	XML-4	17	19025
XML-4/alignment_XML4-4000-0.02-4E-5-50-5-2.fa	XML-4	13	19025
XML-4/alignment_XML4-4000-0.02-4E-5-50-5-3.fa	XML-4	17	19025
XML-4/alignment_XML4-4000-0.02-8E-5-100-1-1.fa	XML-4	22	19025
XML-4/alignment_XML4-4000-0.02-8E-5-100-1-2.fa	XML-4	16	19025
XML-4/alignment_XML4-4000-0.02-8E-5-100-1-3.fa	XML-4	35	19025
XML-4/alignment_XML4-4000-0.02-8E-5-100-2-1.fa	XML-4	23	19025
XML-4/alignment_XML4-4000-0.02-8E-5-100-2-2.fa	XML-4	20	19025
XML-4/alignment_XML4-4000-0.02-8E-5-100-2-3.fa	XML-4	18	19025
XML-4/alignment_XML4-4000-0.02-8E-5-100-3-1.fa	XML-4	22	19025
XML-4/alignment_XML4-4000-0.02-8E-5-100-3-2.fa	XML-4	28	19025
XML-4/alignment_XML4-4000-0.02-8E-5-100-3-3.fa	XML-4	28	19025
XML-4/alignment_XML4-4000-0.02-8E-5-100-4-1.fa	XML-4	18	19025
XML-4/alignment_XML4-4000-0.02-8E-5-100-4-2.fa	XML-4	20	19025
XML-4/alignment_XML4-4000-0.02-8E-5-100-4-3.fa	XML-4	39	19025
XML-4/alignment_XML4-4000-0.02-8E-5-100-5-1.fa	XML-4	31	19025
XML-4/alignment_XML4-4000-0.02-8E-5-100-5-2.fa	XML-4	33	19025
XML-4/alignment_XML4-4000-0.02-8E-5-100-5-3.fa	XML-4	29	19025
XML-4/alignment_XML4-4000-0.02-8E-5-200-1-1.fa	XML-4	18	19025
XML-4/alignment_XML4-4000-0.02-8E-5-200-1-2.fa	XML-4	39	19025
XML-4/alignment_XML4-4000-0.02-8E-5-200-1-3.fa	XML-4	35	19025
XML-4/alignment_XML4-4000-0.02-8E-5-200-2-1.fa	XML-4	38	19025
XML-4/alignment_XML4-4000-0.02-8E-5-200-2-2.fa	XML-4	35	19025
XML-4/alignment_XML4-4000-0.02-8E-5-200-2-3.fa	XML-4	25	19025
XML-4/alignment_XML4-4000-0.02-8E-5-200-3-1.fa	XML-4	31	19025
XML-4/alignment_XML4-4000-0.02-8E-5-200-3-2.fa	XML-4	20	19025
XML-4/alignment_XML4-4000-0.02-8E-5-200-3-3.fa	XML-4	32	19025
XML-4/alignment_XML4-4000-0.02-8E-5-200-4-1.fa	XML-4	40	19025
XML-4/alignment_XML4-4000-0.02-8E-5-200-4-2.fa	XML-4	52	19025
XML-4/alignment_XML4-4000-0.02-8E-5-200-4-3.fa	XML-4	53	19025
XML-4/alignment_XML4-4000-0.02-8E-5-200-5-1.fa	XML-4	29	19025
XML-4/alignment_XML4-4000-0.02-8E-5-200-5-2.fa	XML-4	51	19025
XML-4/alignment_XML4-4000-0.02-8E-5-200-5-3.fa	XML-4	32	19025
XML-4/alignment_XML4-4000-0.02-8E-5-50-1-1.fa	XML-4	14	19025
XML-4/alignment_XML4-4000-0.02-8E-5-50-1-2.fa	XML-4	22	19025
XML-4/alignment_XML4-4000-0.02-8E-5-50-1-3.fa	XML-4	16	19025
XML-4/alignment_XML4-4000-0.02-8E-5-50-2-1.fa	XML-4	20	19025
XML-4/alignment_XML4-4000-0.02-8E-5-50-2-2.fa	XML-4	22	19025
XML-4/alignment_XML4-4000-0.02-8E-5-50-2-3.fa	XML-4	23	19025
XML-4/alignment_XML4-4000-0.02-8E-5-50-3-1.fa	XML-4	20	19025
XML-4/alignment_XML4-4000-0.02-8E-5-50-3-2.fa	XML-4	12	19025
XML-4/alignment_XML4-4000-0.02-8E-5-50-3-3.fa	XML-4	18	19025
XML-4/alignment_XML4-4000-0.02-8E-5-50-4-1.fa	XML-4	17	19025
XML-4/alignment_XML4-4000-0.02-8E-5-50-4-2.fa	XML-4	20	19025
XML-4/alignment_XML4-4000-0.02-8E-5-50-4-3.fa	XML-4	20	19025
XML-4/alignment_XML4-4000-0.02-8E-5-50-5-1.fa	XML-4	21	19025
XML-4/alignment_XML4-4000-0.02-8E-5-50-5-2.fa	XML-4	22	19025
XML-4/alignment_XML4-4000-0.02-8E-5-50-5-3.fa	XML-4	14	19025
XML-5/alignment_XML5-2500-0.005-12E-5-100-1-1.fa	XML-5	10	10775
XML-5/alignment_XML5-2500-0.005-12E-5-100-1-2.fa	XML-5	11	10754
XML-5/alignment_XML5-2500-0.005-12E-5-100-2-1.fa	XML-5	17	10775
XML-5/alignment_XML5-2500-0.005-12E-5-100-2-2.fa	XML-5	11	10772
XML-5/alignment_XML5-2500-0.005-12E-5-100-3-1.fa	XML-5	14	10781
XML-5/alignment_XML5-2500-0.005-12E-5-100-3-2.fa	XML-5	15	10754
XML-5/alignment_XML5-2500-0.005-12E-5-100-4-1.fa	XML-5	16	10751
XML-5/alignment_XML5-2500-0.005-12E-5-100-4-2.fa	XML-5	11	10766
XML-5/alignment_XML5-2500-0.005-12E-5-100-5-1.fa	XML-5	9	10769
XML-5/alignment_XML5-2500-0.005-12E-5-100-5-2.fa	XML-5	14	10775
XML-5/alignment_XML5-2500-0.005-12E-5-100-6-1.fa	XML-5	4	9225
XML-5/alignment_XML5-2500-0.005-12E-5-100-6-2.fa	XML-5	10	10751
XML-5/alignment_XML5-2500-0.005-12E-5-200-1-1.fa	XML-5	7	10811
XML-5/alignment_XML5-2500-0.005-12E-5-200-1-2.fa	XML-5	10	10763
XML-5/alignment_XML5-2500-0.005-12E-5-200-2-1.fa	XML-5	23	9534
XML-5/alignment_XML5-2500-0.005-12E-5-200-2-2.fa	XML-5	9	10760
XML-5/alignment_XML5-2500-0.005-12E-5-200-3-1.fa	XML-5	18	10790
XML-5/alignment_XML5-2500-0.005-12E-5-200-3-2.fa	XML-5	12	10611
XML-5/alignment_XML5-2500-0.005-12E-5-200-4-1.fa	XML-5	18	10817
XML-5/alignment_XML5-2500-0.005-12E-5-200-4-2.fa	XML-5	31	10772
XML-5/alignment_XML5-2500-0.005-12E-5-200-5-1.fa	XML-5	16	10704
XML-5/alignment_XML5-2500-0.005-12E-5-200-5-2.fa	XML-5	8	10778
XML-5/alignment_XML5-2500-0.005-12E-5-200-6-1.fa	XML-5	12	10787
XML-5/alignment_XML5-2500-0.005-12E-5-200-6-2.fa	XML-5	12	10790
XML-5/alignment_XML5-2500-0.005-12E-5-50-1-1.fa	XML-5	5	10769
XML-5/alignment_XML5-2500-0.005-12E-5-50-1-2.fa	XML-5	10	10757
XML-5/alignment_XML5-2500-0.005-12E-5-50-2-1.fa	XML-5	7	10760
XML-5/alignment_XML5-2500-0.005-12E-5-50-2-2.fa	XML-5	10	10739
XML-5/alignment_XML5-2500-0.005-12E-5-50-3-1.fa	XML-5	3	9708
XML-5/alignment_XML5-2500-0.005-12E-5-50-4-1.fa	XML-5	8	10751
XML-5/alignment_XML5-2500-0.005-12E-5-50-4-2.fa	XML-5	6	6252
XML-5/alignment_XML5-2500-0.005-12E-5-50-5-1.fa	XML-5	5	10763
XML-5/alignment_XML5-2500-0.005-12E-5-50-5-2.fa	XML-5	5	10605
XML-5/alignment_XML5-2500-0.005-12E-5-50-6-1.fa	XML-5	12	10754
XML-5/alignment_XML5-2500-0.005-12E-5-50-6-2.fa	XML-5	6	10742
XML-5/alignment_XML5-2500-0.005-4E-5-100-1-1.fa	XML-5	11	10763
XML-5/alignment_XML5-2500-0.005-4E-5-100-1-2.fa	XML-5	14	10757
XML-5/alignment_XML5-2500-0.005-4E-5-100-2-1.fa	XML-5	12	10757
XML-5/alignment_XML5-2500-0.005-4E-5-100-2-2.fa	XML-5	11	10757
XML-5/alignment_XML5-2500-0.005-4E-5-100-3-1.fa	XML-5	12	10742
XML-5/alignment_XML5-2500-0.005-4E-5-100-3-2.fa	XML-5	6	8046
XML-5/alignment_XML5-2500-0.005-4E-5-100-4-1.fa	XML-5	7	10781
XML-5/alignment_XML5-2500-0.005-4E-5-100-4-2.fa	XML-5	7	10760
XML-5/alignment_XML5-2500-0.005-4E-5-100-5-1.fa	XML-5	10	10772
XML-5/alignment_XML5-2500-0.005-4E-5-100-5-2.fa	XML-5	5	10551
XML-5/alignment_XML5-2500-0.005-4E-5-100-6-1.fa	XML-5	8	10766
XML-5/alignment_XML5-2500-0.005-4E-5-100-6-2.fa	XML-5	11	10757
XML-5/alignment_XML5-2500-0.005-4E-5-200-1-1.fa	XML-5	13	10781
XML-5/alignment_XML5-2500-0.005-4E-5-200-1-2.fa	XML-5	16	10775
XML-5/alignment_XML5-2500-0.005-4E-5-200-2-1.fa	XML-5	17	10787
XML-5/alignment_XML5-2500-0.005-4E-5-200-2-2.fa	XML-5	10	10811
XML-5/alignment_XML5-2500-0.005-4E-5-200-3-1.fa	XML-5	23	10808
XML-5/alignment_XML5-2500-0.005-4E-5-200-3-2.fa	XML-5	12	10775
XML-5/alignment_XML5-2500-0.005-4E-5-200-4-1.fa	XML-5	14	10784
XML-5/alignment_XML5-2500-0.005-4E-5-200-4-2.fa	XML-5	12	10826
XML-5/alignment_XML5-2500-0.005-4E-5-200-5-1.fa	XML-5	21	10790
XML-5/alignment_XML5-2500-0.005-4E-5-200-5-2.fa	XML-5	15	10781
XML-5/alignment_XML5-2500-0.005-4E-5-200-6-1.fa	XML-5	8	10802
XML-5/alignment_XML5-2500-0.005-4E-5-200-6-2.fa	XML-5	16	10775
XML-5/alignment_XML5-2500-0.005-4E-5-50-1-1.fa	XML-5	7	10748
XML-5/alignment_XML5-2500-0.005-4E-5-50-1-2.fa	XML-5	9	10751
XML-5/alignment_XML5-2500-0.005-4E-5-50-2-1.fa	XML-5	6	10772
XML-5/alignment_XML5-2500-0.005-4E-5-50-2-2.fa	XML-5	3	2661
XML-5/alignment_XML5-2500-0.005-4E-5-50-3-1.fa	XML-5	7	10763
XML-5/alignment_XML5-2500-0.005-4E-5-50-3-2.fa	XML-5	10	10784
XML-5/alignment_XML5-2500-0.005-4E-5-50-4-1.fa	XML-5	12	10757
XML-5/alignment_XML5-2500-0.005-4E-5-50-4-2.fa	XML-5	9	10760
XML-5/alignment_XML5-2500-0.005-4E-5-50-5-1.fa	XML-5	9	10751
XML-5/alignment_XML5-2500-0.005-4E-5-50-5-2.fa	XML-5	8	10760
XML-5/alignment_XML5-2500-0.005-4E-5-50-6-1.fa	XML-5	9	10754
XML-5/alignment_XML5-2500-0.005-4E-5-50-6-2.fa	XML-5	9	10742
XML-5/alignment_XML5-2500-0.005-8E-5-100-1-1.fa	XML-5	8	10754
XML-5/alignment_XML5-2500-0.005-8E-5-100-1-2.fa	XML-5	14	10757
XML-5/alignment_XML5-2500-0.005-8E-5-100-2-1.fa	XML-5	12	10766
XML-5/alignment_XML5-2500-0.005-8E-5-100-2-2.fa	XML-5	6	10793
XML-5/alignment_XML5-2500-0.005-8E-5-100-3-1.fa	XML-5	10	10778
XML-5/alignment_XML5-2500-0.005-8E-5-100-3-2.fa	XML-5	14	10766
XML-5/alignment_XML5-2500-0.005-8E-5-100-4-1.fa	XML-5	12	10757
XML-5/alignment_XML5-2500-0.005-8E-5-100-4-2.fa	XML-5	13	10784
XML-5/alignment_XML5-2500-0.005-8E-5-100-5-1.fa	XML-5	10	10772
XML-5/alignment_XML5-2500-0.005-8E-5-100-5-2.fa	XML-5	8	10763
XML-5/alignment_XML5-2500-0.005-8E-5-100-6-1.fa	XML-5	11	10748
XML-5/alignment_XML5-2500-0.005-8E-5-100-6-2.fa	XML-5	16	10784
XML-5/alignment_XML5-2500-0.005-8E-5-200-1-1.fa	XML-5	12	10799
XML-5/alignment_XML5-2500-0.005-8E-5-200-1-2.fa	XML-5	18	10787
XML-5/alignment_XML5-2500-0.005-8E-5-200-2-1.fa	XML-5	14	10778
XML-5/alignment_XML5-2500-0.005-8E-5-200-2-2.fa	XML-5	8	10775
XML-5/alignment_XML5-2500-0.005-8E-5-200-3-1.fa	XML-5	7	10772
XML-5/alignment_XML5-2500-0.005-8E-5-200-3-2.fa	XML-5	15	10775
XML-5/alignment_XML5-2500-0.005-8E-5-200-4-1.fa	XML-5	9	10775
XML-5/alignment_XML5-2500-0.005-8E-5-200-4-2.fa	XML-5	15	10781
XML-5/alignment_XML5-2500-0.005-8E-5-200-5-1.fa	XML-5	19	10784
XML-5/alignment_XML5-2500-0.005-8E-5-200-5-2.fa	XML-5	11	10766
XML-5/alignment_XML5-2500-0.005-8E-5-200-6-1.fa	XML-5	11	10799
XML-5/alignment_XML5-2500-0.005-8E-5-200-6-2.fa	XML-5	6	10805
XML-5/alignment_XML5-2500-0.005-8E-5-50-1-1.fa	XML-5	2	10742
XML-5/alignment_XML5-2500-0.005-8E-5-50-1-2.fa	XML-5	7	10763
XML-5/alignment_XML5-2500-0.005-8E-5-50-2-1.fa	XML-5	6	10742
XML-5/alignment_XML5-2500-0.005-8E-5-50-2-2.fa	XML-5	8	10754
XML-5/alignment_XML5-2500-0.005-8E-5-50-3-1.fa	XML-5	4	9975
XML-5/alignment_XML5-2500-0.005-8E-5-50-3-2.fa	XML-5	7	10763
XML-5/alignment_XML5-2500-0.005-8E-5-50-4-1.fa	XML-5	9	10769
XML-5/alignment_XML5-2500-0.005-8E-5-50-4-2.fa	XML-5	4	10751
XML-5/alignment_XML5-2500-0.005-8E-5-50-5-1.fa	XML-5	7	10760
XML-5/alignment_XML5-2500-0.005-8E-5-50-5-2.fa	XML-5	7	10748
XML-5/alignment_XML5-2500-0.005-8E-5-50-6-1.fa	XML-5	13	10754
XML-5/alignment_XML5-2500-0.005-8E-5-50-6-2.fa	XML-5	6	10745
XML-5/alignment_XML5-2500-0.01-12E-5-100-1-1.fa	XML-5	17	10763
XML-5/alignment_XML5-2500-0.01-12E-5-100-1-2.fa	XML-5	23	10766
XML-5/alignment_XML5-2500-0.01-12E-5-100-2-1.fa	XML-5	29	10757
XML-5/alignment_XML5-2500-0.01-12E-5-100-2-2.fa	XML-5	11	10763
XML-5/alignment_XML5-2500-0.01-12E-5-100-3-1.fa	XML-5	18	10751
XML-5/alignment_XML5-2500-0.01-12E-5-100-3-2.fa	XML-5	9	10787
XML-5/alignment_XML5-2500-0.01-12E-5-100-4-1.fa	XML-5	10	10128
XML-5/alignment_XML5-2500-0.01-12E-5-100-4-2.fa	XML-5	12	10745
XML-5/alignment_XML5-2500-0.01-12E-5-100-5-1.fa	XML-5	17	10787
XML-5/alignment_XML5-2500-0.01-12E-5-100-5-2.fa	XML-5	25	10784
XML-5/alignment_XML5-2500-0.01-12E-5-100-6-1.fa	XML-5	23	10787
XML-5/alignment_XML5-2500-0.01-12E-5-100-6-2.fa	XML-5	18	10766
XML-5/alignment_XML5-2500-0.01-12E-5-200-1-1.fa	XML-5	24	10823
XML-5/alignment_XML5-2500-0.01-12E-5-200-1-2.fa	XML-5	25	10790
XML-5/alignment_XML5-2500-0.01-12E-5-200-2-1.fa	XML-5	34	10793
XML-5/alignment_XML5-2500-0.01-12E-5-200-2-2.fa	XML-5	27	10778
XML-5/alignment_XML5-2500-0.01-12E-5-200-3-1.fa	XML-5	38	10811
XML-5/alignment_XML5-2500-0.01-12E-5-200-3-2.fa	XML-5	14	10775
XML-5/alignment_XML5-2500-0.01-12E-5-200-4-1.fa	XML-5	30	10799
XML-5/alignment_XML5-2500-0.01-12E-5-200-4-2.fa	XML-5	30	10784
XML-5/alignment_XML5-2500-0.01-12E-5-200-5-1.fa	XML-5	28	10795
XML-5/alignment_XML5-2500-0.01-12E-5-200-5-2.fa	XML-5	21	10805
XML-5/alignment_XML5-2500-0.01-12E-5-200-6-1.fa	XML-5	23	10778
XML-5/alignment_XML5-2500-0.01-12E-5-200-6-2.fa	XML-5	20	10775
XML-5/alignment_XML5-2500-0.01-12E-5-50-1-1.fa	XML-5	10	10751
XML-5/alignment_XML5-2500-0.01-12E-5-50-1-2.fa	XML-5	11	10736
XML-5/alignment_XML5-2500-0.01-12E-5-50-2-1.fa	XML-5	11	10751
XML-5/alignment_XML5-2500-0.01-12E-5-50-2-2.fa	XML-5	13	10763
XML-5/alignment_XML5-2500-0.01-12E-5-50-3-1.fa	XML-5	11	10769
XML-5/alignment_XML5-2500-0.01-12E-5-50-3-2.fa	XML-5	16	10778
XML-5/alignment_XML5-2500-0.01-12E-5-50-4-1.fa	XML-5	13	10772
XML-5/alignment_XML5-2500-0.01-12E-5-50-4-2.fa	XML-5	19	10763
XML-5/alignment_XML5-2500-0.01-12E-5-50-5-1.fa	XML-5	11	10751
XML-5/alignment_XML5-2500-0.01-12E-5-50-5-2.fa	XML-5	18	10766
XML-5/alignment_XML5-2500-0.01-12E-5-50-6-1.fa	XML-5	11	10754
XML-5/alignment_XML5-2500-0.01-12E-5-50-6-2.fa	XML-5	17	10745
XML-5/alignment_XML5-2500-0.01-4E-5-100-1-1.fa	XML-5	20	10760
XML-5/alignment_XML5-2500-0.01-4E-5-100-1-2.fa	XML-5	13	10769
XML-5/alignment_XML5-2500-0.01-4E-5-100-2-1.fa	XML-5	13	10751
XML-5/alignment_XML5-2500-0.01-4E-5-100-2-2.fa	XML-5	20	10775
XML-5/alignment_XML5-2500-0.01-4E-5-100-3-1.fa	XML-5	21	10775
XML-5/alignment_XML5-2500-0.01-4E-5-100-3-2.fa	XML-5	16	10754
XML-5/alignment_XML5-2500-0.01-4E-5-100-4-1.fa	XML-5	17	10778
XML-5/alignment_XML5-2500-0.01-4E-5-100-4-2.fa	XML-5	19	10757
XML-5/alignment_XML5-2500-0.01-4E-5-100-5-1.fa	XML-5	21	10796
XML-5/alignment_XML5-2500-0.01-4E-5-100-5-2.fa	XML-5	11	10751
XML-5/alignment_XML5-2500-0.01-4E-5-100-6-1.fa	XML-5	25	10772
XML-5/alignment_XML5-2500-0.01-4E-5-100-6-2.fa	XML-5	17	10787
XML-5/alignment_XML5-2500-0.01-4E-5-200-1-1.fa	XML-5	19	10799
XML-5/alignment_XML5-2500-0.01-4E-5-200-1-2.fa	XML-5	20	10811
XML-5/alignment_XML5-2500-0.01-4E-5-200-2-1.fa	XML-5	22	10823
XML-5/alignment_XML5-2500-0.01-4E-5-200-2-2.fa	XML-5	27	10796
XML-5/alignment_XML5-2500-0.01-4E-5-200-3-1.fa	XML-5	31	10838
XML-5/alignment_XML5-2500-0.01-4E-5-200-3-2.fa	XML-5	25	10763
XML-5/alignment_XML5-2500-0.01-4E-5-200-4-1.fa	XML-5	23	10811
XML-5/alignment_XML5-2500-0.01-4E-5-200-4-2.fa	XML-5	29	10808
XML-5/alignment_XML5-2500-0.01-4E-5-200-5-2.fa	XML-5	34	10808
XML-5/alignment_XML5-2500-0.01-4E-5-200-6-1.fa	XML-5	26	10793
XML-5/alignment_XML5-2500-0.01-4E-5-200-6-2.fa	XML-5	24	10787
XML-5/alignment_XML5-2500-0.01-4E-5-50-1-1.fa	XML-5	15	10772
XML-5/alignment_XML5-2500-0.01-4E-5-50-1-2.fa	XML-5	10	10757
XML-5/alignment_XML5-2500-0.01-4E-5-50-2-1.fa	XML-5	14	10760
XML-5/alignment_XML5-2500-0.01-4E-5-50-2-2.fa	XML-5	19	10793
XML-5/alignment_XML5-2500-0.01-4E-5-50-3-1.fa	XML-5	12	10760
XML-5/alignment_XML5-2500-0.01-4E-5-50-3-2.fa	XML-5	20	10784
XML-5/alignment_XML5-2500-0.01-4E-5-50-4-1.fa	XML-5	10	10754
XML-5/alignment_XML5-2500-0.01-4E-5-50-4-2.fa	XML-5	11	10745
XML-5/alignment_XML5-2500-0.01-4E-5-50-5-1.fa	XML-5	13	10784
XML-5/alignment_XML5-2500-0.01-4E-5-50-5-2.fa	XML-5	14	10757
XML-5/alignment_XML5-2500-0.01-4E-5-50-6-1.fa	XML-5	10	10769
XML-5/alignment_XML5-2500-0.01-4E-5-50-6-2.fa	XML-5	15	10763
XML-5/alignment_XML5-2500-0.01-8E-5-100-1-1.fa	XML-5	25	10766
XML-5/alignment_XML5-2500-0.01-8E-5-100-1-2.fa	XML-5	23	10775
XML-5/alignment_XML5-2500-0.01-8E-5-100-2-1.fa	XML-5	11	10781
XML-5/alignment_XML5-2500-0.01-8E-5-100-2-2.fa	XML-5	17	10784
XML-5/alignment_XML5-2500-0.01-8E-5-100-3-1.fa	XML-5	26	10778
XML-5/alignment_XML5-2500-0.01-8E-5-100-3-2.fa	XML-5	19	10781
XML-5/alignment_XML5-2500-0.01-8E-5-100-4-1.fa	XML-5	23	10754
XML-5/alignment_XML5-2500-0.01-8E-5-100-4-2.fa	XML-5	16	10775
XML-5/alignment_XML5-2500-0.01-8E-5-100-5-1.fa	XML-5	22	10790
XML-5/alignment_XML5-2500-0.01-8E-5-100-5-2.fa	XML-5	19	10748
XML-5/alignment_XML5-2500-0.01-8E-5-100-6-1.fa	XML-5	22	10784
XML-5/alignment_XML5-2500-0.01-8E-5-100-6-2.fa	XML-5	14	10772
XML-5/alignment_XML5-2500-0.01-8E-5-200-1-1.fa	XML-5	44	10793
XML-5/alignment_XML5-2500-0.01-8E-5-200-1-2.fa	XML-5	27	10784
XML-5/alignment_XML5-2500-0.01-8E-5-200-2-2.fa	XML-5	33	10793
XML-5/alignment_XML5-2500-0.01-8E-5-200-3-1.fa	XML-5	26	10787
XML-5/alignment_XML5-2500-0.01-8E-5-200-3-2.fa	XML-5	32	10790
XML-5/alignment_XML5-2500-0.01-8E-5-200-4-1.fa	XML-5	21	10781
XML-5/alignment_XML5-2500-0.01-8E-5-200-4-2.fa	XML-5	26	10808
XML-5/alignment_XML5-2500-0.01-8E-5-200-5-1.fa	XML-5	34	10772
XML-5/alignment_XML5-2500-0.01-8E-5-200-5-2.fa	XML-5	20	10778
XML-5/alignment_XML5-2500-0.01-8E-5-200-6-1.fa	XML-5	29	10766
XML-5/alignment_XML5-2500-0.01-8E-5-200-6-2.fa	XML-5	24	10793
XML-5/alignment_XML5-2500-0.01-8E-5-50-1-1.fa	XML-5	11	10745
XML-5/alignment_XML5-2500-0.01-8E-5-50-1-2.fa	XML-5	19	10760
XML-5/alignment_XML5-2500-0.01-8E-5-50-2-1.fa	XML-5	13	10626
XML-5/alignment_XML5-2500-0.01-8E-5-50-2-2.fa	XML-5	15	10760
XML-5/alignment_XML5-2500-0.01-8E-5-50-3-1.fa	XML-5	11	10751
XML-5/alignment_XML5-2500-0.01-8E-5-50-3-2.fa	XML-5	9	10739
XML-5/alignment_XML5-2500-0.01-8E-5-50-4-1.fa	XML-5	14	10317
XML-5/alignment_XML5-2500-0.01-8E-5-50-4-2.fa	XML-5	13	10742
XML-5/alignment_XML5-2500-0.01-8E-5-50-5-1.fa	XML-5	16	10739
XML-5/alignment_XML5-2500-0.01-8E-5-50-5-2.fa	XML-5	13	10772
XML-5/alignment_XML5-2500-0.01-8E-5-50-6-1.fa	XML-5	9	10763
XML-5/alignment_XML5-2500-0.01-8E-5-50-6-2.fa	XML-5	18	10784
XML-5/alignment_XML5-2500-0.02-12E-5-100-1-1.fa	XML-5	23	10775
XML-5/alignment_XML5-2500-0.02-12E-5-100-1-2.fa	XML-5	51	10793
XML-5/alignment_XML5-2500-0.02-12E-5-100-2-2.fa	XML-5	33	10781
XML-5/alignment_XML5-2500-0.02-12E-5-100-3-1.fa	XML-5	34	10763
XML-5/alignment_XML5-2500-0.02-12E-5-100-3-2.fa	XML-5	40	10781
XML-5/alignment_XML5-2500-0.02-12E-5-100-4-1.fa	XML-5	32	10772
XML-5/alignment_XML5-2500-0.02-12E-5-100-4-2.fa	XML-5	33	10769
XML-5/alignment_XML5-2500-0.02-12E-5-100-5-1.fa	XML-5	41	10781
XML-5/alignment_XML5-2500-0.02-12E-5-100-5-2.fa	XML-5	35	10781
XML-5/alignment_XML5-2500-0.02-12E-5-100-6-1.fa	XML-5	34	10784
XML-5/alignment_XML5-2500-0.02-12E-5-100-6-2.fa	XML-5	40	10787
XML-5/alignment_XML5-2500-0.02-12E-5-200-1-1.fa	XML-5	47	10829
XML-5/alignment_XML5-2500-0.02-12E-5-200-1-2.fa	XML-5	47	10799
XML-5/alignment_XML5-2500-0.02-12E-5-200-2-1.fa	XML-5	45	10793
XML-5/alignment_XML5-2500-0.02-12E-5-200-2-2.fa	XML-5	43	10775
XML-5/alignment_XML5-2500-0.02-12E-5-200-3-1.fa	XML-5	55	10826
XML-5/alignment_XML5-2500-0.02-12E-5-200-3-2.fa	XML-5	48	10838
XML-5/alignment_XML5-2500-0.02-12E-5-200-4-1.fa	XML-5	69	10778
XML-5/alignment_XML5-2500-0.02-12E-5-200-4-2.fa	XML-5	43	10808
XML-5/alignment_XML5-2500-0.02-12E-5-200-5-1.fa	XML-5	46	10793
XML-5/alignment_XML5-2500-0.02-12E-5-200-5-2.fa	XML-5	57	10841
XML-5/alignment_XML5-2500-0.02-12E-5-200-6-1.fa	XML-5	58	10844
XML-5/alignment_XML5-2500-0.02-12E-5-200-6-2.fa	XML-5	42	10769
XML-5/alignment_XML5-2500-0.02-12E-5-50-1-1.fa	XML-5	23	10736
XML-5/alignment_XML5-2500-0.02-12E-5-50-1-2.fa	XML-5	24	10781
XML-5/alignment_XML5-2500-0.02-12E-5-50-2-1.fa	XML-5	18	10763
XML-5/alignment_XML5-2500-0.02-12E-5-50-2-2.fa	XML-5	33	10781
XML-5/alignment_XML5-2500-0.02-12E-5-50-3-1.fa	XML-5	30	10757
XML-5/alignment_XML5-2500-0.02-12E-5-50-3-2.fa	XML-5	27	10757
XML-5/alignment_XML5-2500-0.02-12E-5-50-4-1.fa	XML-5	24	10772
XML-5/alignment_XML5-2500-0.02-12E-5-50-4-2.fa	XML-5	19	10745
XML-5/alignment_XML5-2500-0.02-12E-5-50-5-1.fa	XML-5	22	10769
XML-5/alignment_XML5-2500-0.02-12E-5-50-5-2.fa	XML-5	21	10784
XML-5/alignment_XML5-2500-0.02-12E-5-50-6-1.fa	XML-5	21	10742
XML-5/alignment_XML5-2500-0.02-12E-5-50-6-2.fa	XML-5	18	10769
XML-5/alignment_XML5-2500-0.02-4E-5-100-1-1.fa	XML-5	46	10796
XML-5/alignment_XML5-2500-0.02-4E-5-100-1-2.fa	XML-5	33	10784
XML-5/alignment_XML5-2500-0.02-4E-5-100-2-1.fa	XML-5	39	10811
XML-5/alignment_XML5-2500-0.02-4E-5-100-2-2.fa	XML-5	33	10793
XML-5/alignment_XML5-2500-0.02-4E-5-100-3-2.fa	XML-5	31	10772
XML-5/alignment_XML5-2500-0.02-4E-5-100-4-1.fa	XML-5	36	10769
XML-5/alignment_XML5-2500-0.02-4E-5-100-4-2.fa	XML-5	34	10772
XML-5/alignment_XML5-2500-0.02-4E-5-100-5-1.fa	XML-5	41	10775
XML-5/alignment_XML5-2500-0.02-4E-5-100-5-2.fa	XML-5	40	10757
XML-5/alignment_XML5-2500-0.02-4E-5-100-6-1.fa	XML-5	24	10796
XML-5/alignment_XML5-2500-0.02-4E-5-100-6-2.fa	XML-5	26	10805
XML-5/alignment_XML5-2500-0.02-4E-5-200-1-1.fa	XML-5	39	10784
XML-5/alignment_XML5-2500-0.02-4E-5-200-1-2.fa	XML-5	54	10835
XML-5/alignment_XML5-2500-0.02-4E-5-200-2-1.fa	XML-5	46	10823
XML-5/alignment_XML5-2500-0.02-4E-5-200-2-2.fa	XML-5	45	10826
XML-5/alignment_XML5-2500-0.02-4E-5-200-3-1.fa	XML-5	45	10805
XML-5/alignment_XML5-2500-0.02-4E-5-200-3-2.fa	XML-5	41	10826
XML-5/alignment_XML5-2500-0.02-4E-5-200-4-1.fa	XML-5	39	10802
XML-5/alignment_XML5-2500-0.02-4E-5-200-4-2.fa	XML-5	48	10769
XML-5/alignment_XML5-2500-0.02-4E-5-200-5-1.fa	XML-5	43	10796
XML-5/alignment_XML5-2500-0.02-4E-5-200-5-2.fa	XML-5	36	10814
XML-5/alignment_XML5-2500-0.02-4E-5-200-6-1.fa	XML-5	41	10805
XML-5/alignment_XML5-2500-0.02-4E-5-200-6-2.fa	XML-5	56	10805
XML-5/alignment_XML5-2500-0.02-4E-5-50-1-1.fa	XML-5	23	10751
XML-5/alignment_XML5-2500-0.02-4E-5-50-1-2.fa	XML-5	29	10769
XML-5/alignment_XML5-2500-0.02-4E-5-50-2-1.fa	XML-5	27	10775
XML-5/alignment_XML5-2500-0.02-4E-5-50-2-2.fa	XML-5	24	10763
XML-5/alignment_XML5-2500-0.02-4E-5-50-3-1.fa	XML-5	20	10754
XML-5/alignment_XML5-2500-0.02-4E-5-50-3-2.fa	XML-5	25	10757
XML-5/alignment_XML5-2500-0.02-4E-5-50-4-1.fa	XML-5	16	10769
XML-5/alignment_XML5-2500-0.02-4E-5-50-4-2.fa	XML-5	26	10763
XML-5/alignment_XML5-2500-0.02-4E-5-50-5-1.fa	XML-5	25	10769
XML-5/alignment_XML5-2500-0.02-4E-5-50-5-2.fa	XML-5	24	10751
XML-5/alignment_XML5-2500-0.02-4E-5-50-6-1.fa	XML-5	29	10766
XML-5/alignment_XML5-2500-0.02-4E-5-50-6-2.fa	XML-5	17	10775
XML-5/alignment_XML5-2500-0.02-8E-5-100-1-1.fa	XML-5	41	10790
XML-5/alignment_XML5-2500-0.02-8E-5-100-1-2.fa	XML-5	43	10793
XML-5/alignment_XML5-2500-0.02-8E-5-100-2-1.fa	XML-5	39	10781
XML-5/alignment_XML5-2500-0.02-8E-5-100-3-1.fa	XML-5	27	10781
XML-5/alignment_XML5-2500-0.02-8E-5-100-3-2.fa	XML-5	43	10793
XML-5/alignment_XML5-2500-0.02-8E-5-100-4-1.fa	XML-5	45	10778
XML-5/alignment_XML5-2500-0.02-8E-5-100-4-2.fa	XML-5	19	10769
XML-5/alignment_XML5-2500-0.02-8E-5-100-5-1.fa	XML-5	31	10778
XML-5/alignment_XML5-2500-0.02-8E-5-100-5-2.fa	XML-5	37	10817
XML-5/alignment_XML5-2500-0.02-8E-5-100-6-1.fa	XML-5	30	10811
XML-5/alignment_XML5-2500-0.02-8E-5-100-6-2.fa	XML-5	40	10793
XML-5/alignment_XML5-2500-0.02-8E-5-200-1-2.fa	XML-5	49	10832
XML-5/alignment_XML5-2500-0.02-8E-5-200-2-1.fa	XML-5	48	10766
XML-5/alignment_XML5-2500-0.02-8E-5-200-2-2.fa	XML-5	39	10805
XML-5/alignment_XML5-2500-0.02-8E-5-200-3-1.fa	XML-5	53	10796
XML-5/alignment_XML5-2500-0.02-8E-5-200-3-2.fa	XML-5	50	10841
XML-5/alignment_XML5-2500-0.02-8E-5-200-4-1.fa	XML-5	52	10772
XML-5/alignment_XML5-2500-0.02-8E-5-200-4-2.fa	XML-5	41	10808
XML-5/alignment_XML5-2500-0.02-8E-5-200-5-1.fa	XML-5	60	10805
XML-5/alignment_XML5-2500-0.02-8E-5-200-5-2.fa	XML-5	47	10811
XML-5/alignment_XML5-2500-0.02-8E-5-200-6-1.fa	XML-5	37	10793
XML-5/alignment_XML5-2500-0.02-8E-5-200-6-2.fa	XML-5	37	10781
XML-5/alignment_XML5-2500-0.02-8E-5-50-1-1.fa	XML-5	21	10781
XML-5/alignment_XML5-2500-0.02-8E-5-50-1-2.fa	XML-5	25	10766
XML-5/alignment_XML5-2500-0.02-8E-5-50-2-1.fa	XML-5	25	10760
XML-5/alignment_XML5-2500-0.02-8E-5-50-2-2.fa	XML-5	28	10763
XML-5/alignment_XML5-2500-0.02-8E-5-50-3-1.fa	XML-5	25	10751
XML-5/alignment_XML5-2500-0.02-8E-5-50-3-2.fa	XML-5	24	10778
XML-5/alignment_XML5-2500-0.02-8E-5-50-4-1.fa	XML-5	9	10745
XML-5/alignment_XML5-2500-0.02-8E-5-50-4-2.fa	XML-5	24	10769
XML-5/alignment_XML5-2500-0.02-8E-5-50-5-1.fa	XML-5	30	10778
XML-5/alignment_XML5-2500-0.02-8E-5-50-5-2.fa	XML-5	29	10763
XML-5/alignment_XML5-2500-0.02-8E-5-50-6-1.fa	XML-5	24	10781
XML-5/alignment_XML5-2500-0.02-8E-5-50-6-2.fa	XML-5	14	10757
XML-5/alignment_XML5-3250-0.005-12E-5-100-1-1.fa	XML-5	8	10787
XML-5/alignment_XML5-3250-0.005-12E-5-100-1-2.fa	XML-5	12	10757
XML-5/alignment_XML5-3250-0.005-12E-5-100-1-3.fa	XML-5	14	10284
XML-5/alignment_XML5-3250-0.005-12E-5-100-2-1.fa	XML-5	10	10766
XML-5/alignment_XML5-3250-0.005-12E-5-100-2-2.fa	XML-5	12	10787
XML-5/alignment_XML5-3250-0.005-12E-5-100-2-3.fa	XML-5	12	10784
XML-5/alignment_XML5-3250-0.005-12E-5-100-3-1.fa	XML-5	5	10769
XML-5/alignment_XML5-3250-0.005-12E-5-100-3-2.fa	XML-5	7	10751
XML-5/alignment_XML5-3250-0.005-12E-5-100-3-3.fa	XML-5	12	10784
XML-5/alignment_XML5-3250-0.005-12E-5-100-4-1.fa	XML-5	10	10763
XML-5/alignment_XML5-3250-0.005-12E-5-100-4-2.fa	XML-5	13	10786
XML-5/alignment_XML5-3250-0.005-12E-5-100-4-3.fa	XML-5	8	10775
XML-5/alignment_XML5-3250-0.005-12E-5-100-5-1.fa	XML-5	13	10772
XML-5/alignment_XML5-3250-0.005-12E-5-100-5-2.fa	XML-5	9	10760
XML-5/alignment_XML5-3250-0.005-12E-5-100-5-3.fa	XML-5	11	10760
XML-5/alignment_XML5-3250-0.005-12E-5-100-6-1.fa	XML-5	9	10790
XML-5/alignment_XML5-3250-0.005-12E-5-100-6-2.fa	XML-5	7	10781
XML-5/alignment_XML5-3250-0.005-12E-5-100-6-3.fa	XML-5	8	10793
XML-5/alignment_XML5-3250-0.005-12E-5-200-1-1.fa	XML-5	12	10811
XML-5/alignment_XML5-3250-0.005-12E-5-200-1-2.fa	XML-5	12	10778
XML-5/alignment_XML5-3250-0.005-12E-5-200-1-3.fa	XML-5	8	10781
XML-5/alignment_XML5-3250-0.005-12E-5-200-2-1.fa	XML-5	15	10811
XML-5/alignment_XML5-3250-0.005-12E-5-200-2-2.fa	XML-5	17	10790
XML-5/alignment_XML5-3250-0.005-12E-5-200-2-3.fa	XML-5	15	10814
XML-5/alignment_XML5-3250-0.005-12E-5-200-3-1.fa	XML-5	12	10784
XML-5/alignment_XML5-3250-0.005-12E-5-200-3-2.fa	XML-5	10	10775
XML-5/alignment_XML5-3250-0.005-12E-5-200-3-3.fa	XML-5	16	10841
XML-5/alignment_XML5-3250-0.005-12E-5-200-4-1.fa	XML-5	14	10820
XML-5/alignment_XML5-3250-0.005-12E-5-200-4-2.fa	XML-5	21	10796
XML-5/alignment_XML5-3250-0.005-12E-5-200-4-3.fa	XML-5	16	10781
XML-5/alignment_XML5-3250-0.005-12E-5-200-5-1.fa	XML-5	9	10829
XML-5/alignment_XML5-3250-0.005-12E-5-200-5-2.fa	XML-5	15	10766
XML-5/alignment_XML5-3250-0.005-12E-5-200-5-3.fa	XML-5	22	10781
XML-5/alignment_XML5-3250-0.005-12E-5-200-6-1.fa	XML-5	17	10838
XML-5/alignment_XML5-3250-0.005-12E-5-200-6-2.fa	XML-5	9	10781
XML-5/alignment_XML5-3250-0.005-12E-5-200-6-3.fa	XML-5	8	10772
XML-5/alignment_XML5-3250-0.005-12E-5-50-1-1.fa	XML-5	8	10763
XML-5/alignment_XML5-3250-0.005-12E-5-50-1-2.fa	XML-5	7	10757
XML-5/alignment_XML5-3250-0.005-12E-5-50-1-3.fa	XML-5	7	10754
XML-5/alignment_XML5-3250-0.005-12E-5-50-2-1.fa	XML-5	7	10748
XML-5/alignment_XML5-3250-0.005-12E-5-50-2-2.fa	XML-5	5	10763
XML-5/alignment_XML5-3250-0.005-12E-5-50-2-3.fa	XML-5	10	10748
XML-5/alignment_XML5-3250-0.005-12E-5-50-3-1.fa	XML-5	6	10763
XML-5/alignment_XML5-3250-0.005-12E-5-50-3-2.fa	XML-5	7	10314
XML-5/alignment_XML5-3250-0.005-12E-5-50-3-3.fa	XML-5	6	10659
XML-5/alignment_XML5-3250-0.005-12E-5-50-4-1.fa	XML-5	8	10763
XML-5/alignment_XML5-3250-0.005-12E-5-50-4-2.fa	XML-5	7	10766
XML-5/alignment_XML5-3250-0.005-12E-5-50-4-3.fa	XML-5	8	10754
XML-5/alignment_XML5-3250-0.005-12E-5-50-5-1.fa	XML-5	7	10680
XML-5/alignment_XML5-3250-0.005-12E-5-50-5-2.fa	XML-5	11	10781
XML-5/alignment_XML5-3250-0.005-12E-5-50-5-3.fa	XML-5	3	10766
XML-5/alignment_XML5-3250-0.005-12E-5-50-6-1.fa	XML-5	3	10146
XML-5/alignment_XML5-3250-0.005-12E-5-50-6-3.fa	XML-5	12	10784
XML-5/alignment_XML5-3250-0.005-4E-5-100-1-1.fa	XML-5	11	10778
XML-5/alignment_XML5-3250-0.005-4E-5-100-1-2.fa	XML-5	7	10769
XML-5/alignment_XML5-3250-0.005-4E-5-100-1-3.fa	XML-5	16	10772
XML-5/alignment_XML5-3250-0.005-4E-5-100-2-1.fa	XML-5	10	10757
XML-5/alignment_XML5-3250-0.005-4E-5-100-2-2.fa	XML-5	13	10784
XML-5/alignment_XML5-3250-0.005-4E-5-100-2-3.fa	XML-5	8	10787
XML-5/alignment_XML5-3250-0.005-4E-5-100-3-1.fa	XML-5	6	10760
XML-5/alignment_XML5-3250-0.005-4E-5-100-3-2.fa	XML-5	7	10754
XML-5/alignment_XML5-3250-0.005-4E-5-100-3-3.fa	XML-5	8	10763
XML-5/alignment_XML5-3250-0.005-4E-5-100-4-1.fa	XML-5	7	10769
XML-5/alignment_XML5-3250-0.005-4E-5-100-4-2.fa	XML-5	11	10775
XML-5/alignment_XML5-3250-0.005-4E-5-100-4-3.fa	XML-5	8	10748
XML-5/alignment_XML5-3250-0.005-4E-5-100-5-1.fa	XML-5	15	10769
XML-5/alignment_XML5-3250-0.005-4E-5-100-5-2.fa	XML-5	13	10784
XML-5/alignment_XML5-3250-0.005-4E-5-100-5-3.fa	XML-5	8	10748
XML-5/alignment_XML5-3250-0.005-4E-5-100-6-1.fa	XML-5	6	10778
XML-5/alignment_XML5-3250-0.005-4E-5-100-6-2.fa	XML-5	10	10778
XML-5/alignment_XML5-3250-0.005-4E-5-100-6-3.fa	XML-5	13	10805
XML-5/alignment_XML5-3250-0.005-4E-5-200-1-1.fa	XML-5	7	10787
XML-5/alignment_XML5-3250-0.005-4E-5-200-1-2.fa	XML-5	13	10793
XML-5/alignment_XML5-3250-0.005-4E-5-200-2-1.fa	XML-5	12	10832
XML-5/alignment_XML5-3250-0.005-4E-5-200-2-2.fa	XML-5	17	10823
XML-5/alignment_XML5-3250-0.005-4E-5-200-2-3.fa	XML-5	13	10787
XML-5/alignment_XML5-3250-0.005-4E-5-200-3-1.fa	XML-5	11	10781
XML-5/alignment_XML5-3250-0.005-4E-5-200-3-2.fa	XML-5	14	10781
XML-5/alignment_XML5-3250-0.005-4E-5-200-3-3.fa	XML-5	12	10796
XML-5/alignment_XML5-3250-0.005-4E-5-200-4-1.fa	XML-5	16	10772
XML-5/alignment_XML5-3250-0.005-4E-5-200-4-2.fa	XML-5	10	10760
XML-5/alignment_XML5-3250-0.005-4E-5-200-4-3.fa	XML-5	15	10796
XML-5/alignment_XML5-3250-0.005-4E-5-200-5-1.fa	XML-5	17	10787
XML-5/alignment_XML5-3250-0.005-4E-5-200-5-2.fa	XML-5	20	10808
XML-5/alignment_XML5-3250-0.005-4E-5-200-5-3.fa	XML-5	7	10781
XML-5/alignment_XML5-3250-0.005-4E-5-200-6-1.fa	XML-5	13	10814
XML-5/alignment_XML5-3250-0.005-4E-5-200-6-2.fa	XML-5	16	10820
XML-5/alignment_XML5-3250-0.005-4E-5-200-6-3.fa	XML-5	22	10802
XML-5/alignment_XML5-3250-0.005-4E-5-50-1-1.fa	XML-5	9	10799
XML-5/alignment_XML5-3250-0.005-4E-5-50-1-2.fa	XML-5	5	10617
XML-5/alignment_XML5-3250-0.005-4E-5-50-1-3.fa	XML-5	10	10757
XML-5/alignment_XML5-3250-0.005-4E-5-50-2-1.fa	XML-5	11	10754
XML-5/alignment_XML5-3250-0.005-4E-5-50-2-2.fa	XML-5	6	10772
XML-5/alignment_XML5-3250-0.005-4E-5-50-2-3.fa	XML-5	6	10763
XML-5/alignment_XML5-3250-0.005-4E-5-50-3-1.fa	XML-5	6	10769
XML-5/alignment_XML5-3250-0.005-4E-5-50-3-2.fa	XML-5	6	10754
XML-5/alignment_XML5-3250-0.005-4E-5-50-3-3.fa	XML-5	3	10739
XML-5/alignment_XML5-3250-0.005-4E-5-50-4-1.fa	XML-5	6	10754
XML-5/alignment_XML5-3250-0.005-4E-5-50-4-2.fa	XML-5	6	10754
XML-5/alignment_XML5-3250-0.005-4E-5-50-4-3.fa	XML-5	7	10775
XML-5/alignment_XML5-3250-0.005-4E-5-50-5-1.fa	XML-5	12	10772
XML-5/alignment_XML5-3250-0.005-4E-5-50-5-2.fa	XML-5	10	10748
XML-5/alignment_XML5-3250-0.005-4E-5-50-5-3.fa	XML-5	10	9693
XML-5/alignment_XML5-3250-0.005-4E-5-50-6-1.fa	XML-5	5	10757
XML-5/alignment_XML5-3250-0.005-4E-5-50-6-2.fa	XML-5	10	9879
XML-5/alignment_XML5-3250-0.005-4E-5-50-6-3.fa	XML-5	9	10757
XML-5/alignment_XML5-3250-0.005-8E-5-100-1-1.fa	XML-5	15	10748
XML-5/alignment_XML5-3250-0.005-8E-5-100-1-2.fa	XML-5	5	10793
XML-5/alignment_XML5-3250-0.005-8E-5-100-1-3.fa	XML-5	10	10778
XML-5/alignment_XML5-3250-0.005-8E-5-100-2-1.fa	XML-5	6	10754
XML-5/alignment_XML5-3250-0.005-8E-5-100-2-2.fa	XML-5	16	10775
XML-5/alignment_XML5-3250-0.005-8E-5-100-2-3.fa	XML-5	12	10781
XML-5/alignment_XML5-3250-0.005-8E-5-100-3-1.fa	XML-5	13	10748
XML-5/alignment_XML5-3250-0.005-8E-5-100-3-2.fa	XML-5	25	10790
XML-5/alignment_XML5-3250-0.005-8E-5-100-3-3.fa	XML-5	15	10766
XML-5/alignment_XML5-3250-0.005-8E-5-100-4-1.fa	XML-5	11	10751
XML-5/alignment_XML5-3250-0.005-8E-5-100-4-2.fa	XML-5	13	10775
XML-5/alignment_XML5-3250-0.005-8E-5-100-4-3.fa	XML-5	10	10787
XML-5/alignment_XML5-3250-0.005-8E-5-100-5-1.fa	XML-5	11	10757
XML-5/alignment_XML5-3250-0.005-8E-5-100-5-2.fa	XML-5	8	10775
XML-5/alignment_XML5-3250-0.005-8E-5-100-5-3.fa	XML-5	13	10754
XML-5/alignment_XML5-3250-0.005-8E-5-100-6-1.fa	XML-5	10	10760
XML-5/alignment_XML5-3250-0.005-8E-5-100-6-2.fa	XML-5	12	10775
XML-5/alignment_XML5-3250-0.005-8E-5-100-6-3.fa	XML-5	10	10772
XML-5/alignment_XML5-3250-0.005-8E-5-200-1-1.fa	XML-5	11	10799
XML-5/alignment_XML5-3250-0.005-8E-5-200-1-2.fa	XML-5	10	10787
XML-5/alignment_XML5-3250-0.005-8E-5-200-1-3.fa	XML-5	12	10781
XML-5/alignment_XML5-3250-0.005-8E-5-200-2-1.fa	XML-5	12	10796
XML-5/alignment_XML5-3250-0.005-8E-5-200-2-2.fa	XML-5	13	10790
XML-5/alignment_XML5-3250-0.005-8E-5-200-2-3.fa	XML-5	14	10766
XML-5/alignment_XML5-3250-0.005-8E-5-200-3-1.fa	XML-5	10	10566
XML-5/alignment_XML5-3250-0.005-8E-5-200-3-2.fa	XML-5	23	10766
XML-5/alignment_XML5-3250-0.005-8E-5-200-3-3.fa	XML-5	12	10808
XML-5/alignment_XML5-3250-0.005-8E-5-200-4-1.fa	XML-5	9	10772
XML-5/alignment_XML5-3250-0.005-8E-5-200-4-2.fa	XML-5	20	10778
XML-5/alignment_XML5-3250-0.005-8E-5-200-4-3.fa	XML-5	17	10772
XML-5/alignment_XML5-3250-0.005-8E-5-200-5-1.fa	XML-5	19	10802
XML-5/alignment_XML5-3250-0.005-8E-5-200-5-2.fa	XML-5	21	10790
XML-5/alignment_XML5-3250-0.005-8E-5-200-5-3.fa	XML-5	15	10754
XML-5/alignment_XML5-3250-0.005-8E-5-200-6-1.fa	XML-5	19	10778
XML-5/alignment_XML5-3250-0.005-8E-5-200-6-2.fa	XML-5	11	10778
XML-5/alignment_XML5-3250-0.005-8E-5-200-6-3.fa	XML-5	9	10793
XML-5/alignment_XML5-3250-0.005-8E-5-50-1-1.fa	XML-5	2	10763
XML-5/alignment_XML5-3250-0.005-8E-5-50-1-2.fa	XML-5	4	10772
XML-5/alignment_XML5-3250-0.005-8E-5-50-1-3.fa	XML-5	9	10769
XML-5/alignment_XML5-3250-0.005-8E-5-50-2-1.fa	XML-5	11	10763
XML-5/alignment_XML5-3250-0.005-8E-5-50-2-2.fa	XML-5	10	10760
XML-5/alignment_XML5-3250-0.005-8E-5-50-2-3.fa	XML-5	3	10751
XML-5/alignment_XML5-3250-0.005-8E-5-50-3-1.fa	XML-5	6	10742
XML-5/alignment_XML5-3250-0.005-8E-5-50-3-2.fa	XML-5	6	10766
XML-5/alignment_XML5-3250-0.005-8E-5-50-3-3.fa	XML-5	9	10757
XML-5/alignment_XML5-3250-0.005-8E-5-50-4-1.fa	XML-5	7	10757
XML-5/alignment_XML5-3250-0.005-8E-5-50-4-2.fa	XML-5	4	10745
XML-5/alignment_XML5-3250-0.005-8E-5-50-4-3.fa	XML-5	7	10760
XML-5/alignment_XML5-3250-0.005-8E-5-50-5-1.fa	XML-5	11	10754
XML-5/alignment_XML5-3250-0.005-8E-5-50-5-2.fa	XML-5	12	10754
XML-5/alignment_XML5-3250-0.005-8E-5-50-5-3.fa	XML-5	5	10742
XML-5/alignment_XML5-3250-0.005-8E-5-50-6-1.fa	XML-5	9	10757
XML-5/alignment_XML5-3250-0.005-8E-5-50-6-2.fa	XML-5	7	10769
XML-5/alignment_XML5-3250-0.005-8E-5-50-6-3.fa	XML-5	10	10775
XML-5/alignment_XML5-3250-0.01-12E-5-100-1-1.fa	XML-5	19	10784
XML-5/alignment_XML5-3250-0.01-12E-5-100-1-2.fa	XML-5	21	10781
XML-5/alignment_XML5-3250-0.01-12E-5-100-1-3.fa	XML-5	25	10763
XML-5/alignment_XML5-3250-0.01-12E-5-100-2-1.fa	XML-5	18	10781
XML-5/alignment_XML5-3250-0.01-12E-5-100-2-2.fa	XML-5	23	10769
XML-5/alignment_XML5-3250-0.01-12E-5-100-2-3.fa	XML-5	11	10778
XML-5/alignment_XML5-3250-0.01-12E-5-100-3-1.fa	XML-5	21	10760
XML-5/alignment_XML5-3250-0.01-12E-5-100-3-2.fa	XML-5	19	10781
XML-5/alignment_XML5-3250-0.01-12E-5-100-3-3.fa	XML-5	16	10802
XML-5/alignment_XML5-3250-0.01-12E-5-100-4-1.fa	XML-5	18	10775
XML-5/alignment_XML5-3250-0.01-12E-5-100-4-2.fa	XML-5	25	10763
XML-5/alignment_XML5-3250-0.01-12E-5-100-4-3.fa	XML-5	11	10793
XML-5/alignment_XML5-3250-0.01-12E-5-100-5-1.fa	XML-5	25	10790
XML-5/alignment_XML5-3250-0.01-12E-5-100-5-2.fa	XML-5	25	10787
XML-5/alignment_XML5-3250-0.01-12E-5-100-5-3.fa	XML-5	23	10814
XML-5/alignment_XML5-3250-0.01-12E-5-100-6-2.fa	XML-5	17	10799
XML-5/alignment_XML5-3250-0.01-12E-5-100-6-3.fa	XML-5	20	10814
XML-5/alignment_XML5-3250-0.01-12E-5-200-1-1.fa	XML-5	31	10790
XML-5/alignment_XML5-3250-0.01-12E-5-200-1-2.fa	XML-5	38	10793
XML-5/alignment_XML5-3250-0.01-12E-5-200-1-3.fa	XML-5	25	10781
XML-5/alignment_XML5-3250-0.01-12E-5-200-2-1.fa	XML-5	23	10793
XML-5/alignment_XML5-3250-0.01-12E-5-200-2-2.fa	XML-5	22	10832
XML-5/alignment_XML5-3250-0.01-12E-5-200-2-3.fa	XML-5	34	10796
XML-5/alignment_XML5-3250-0.01-12E-5-200-3-1.fa	XML-5	26	10823
XML-5/alignment_XML5-3250-0.01-12E-5-200-3-2.fa	XML-5	26	10789
XML-5/alignment_XML5-3250-0.01-12E-5-200-3-3.fa	XML-5	19	10790
XML-5/alignment_XML5-3250-0.01-12E-5-200-4-1.fa	XML-5	20	10808
XML-5/alignment_XML5-3250-0.01-12E-5-200-4-2.fa	XML-5	30	10778
XML-5/alignment_XML5-3250-0.01-12E-5-200-4-3.fa	XML-5	37	10814
XML-5/alignment_XML5-3250-0.01-12E-5-200-5-1.fa	XML-5	32	10802
XML-5/alignment_XML5-3250-0.01-12E-5-200-5-2.fa	XML-5	29	10805
XML-5/alignment_XML5-3250-0.01-12E-5-200-5-3.fa	XML-5	23	10766
XML-5/alignment_XML5-3250-0.01-12E-5-200-6-1.fa	XML-5	46	10793
XML-5/alignment_XML5-3250-0.01-12E-5-200-6-2.fa	XML-5	49	10793
XML-5/alignment_XML5-3250-0.01-12E-5-200-6-3.fa	XML-5	35	10778
XML-5/alignment_XML5-3250-0.01-12E-5-50-1-1.fa	XML-5	16	10772
XML-5/alignment_XML5-3250-0.01-12E-5-50-1-2.fa	XML-5	15	10760
XML-5/alignment_XML5-3250-0.01-12E-5-50-1-3.fa	XML-5	12	10778
XML-5/alignment_XML5-3250-0.01-12E-5-50-2-1.fa	XML-5	16	10763
XML-5/alignment_XML5-3250-0.01-12E-5-50-2-2.fa	XML-5	25	10751
XML-5/alignment_XML5-3250-0.01-12E-5-50-2-3.fa	XML-5	26	10766
XML-5/alignment_XML5-3250-0.01-12E-5-50-3-1.fa	XML-5	22	10760
XML-5/alignment_XML5-3250-0.01-12E-5-50-3-2.fa	XML-5	17	10760
XML-5/alignment_XML5-3250-0.01-12E-5-50-3-3.fa	XML-5	14	10757
XML-5/alignment_XML5-3250-0.01-12E-5-50-4-1.fa	XML-5	15	10754
XML-5/alignment_XML5-3250-0.01-12E-5-50-4-2.fa	XML-5	9	10742
XML-5/alignment_XML5-3250-0.01-12E-5-50-4-3.fa	XML-5	13	10787
XML-5/alignment_XML5-3250-0.01-12E-5-50-5-1.fa	XML-5	20	10745
XML-5/alignment_XML5-3250-0.01-12E-5-50-5-2.fa	XML-5	20	10757
XML-5/alignment_XML5-3250-0.01-12E-5-50-5-3.fa	XML-5	22	10757
XML-5/alignment_XML5-3250-0.01-12E-5-50-6-1.fa	XML-5	19	10754
XML-5/alignment_XML5-3250-0.01-12E-5-50-6-2.fa	XML-5	13	10769
XML-5/alignment_XML5-3250-0.01-12E-5-50-6-3.fa	XML-5	15	10742
XML-5/alignment_XML5-3250-0.01-4E-5-100-1-1.fa	XML-5	22	10772
XML-5/alignment_XML5-3250-0.01-4E-5-100-1-2.fa	XML-5	22	10751
XML-5/alignment_XML5-3250-0.01-4E-5-100-1-3.fa	XML-5	28	10763
XML-5/alignment_XML5-3250-0.01-4E-5-100-2-1.fa	XML-5	15	10772
XML-5/alignment_XML5-3250-0.01-4E-5-100-2-2.fa	XML-5	17	10778
XML-5/alignment_XML5-3250-0.01-4E-5-100-2-3.fa	XML-5	17	10799
XML-5/alignment_XML5-3250-0.01-4E-5-100-3-1.fa	XML-5	15	10772
XML-5/alignment_XML5-3250-0.01-4E-5-100-3-2.fa	XML-5	23	10775
XML-5/alignment_XML5-3250-0.01-4E-5-100-3-3.fa	XML-5	17	10757
XML-5/alignment_XML5-3250-0.01-4E-5-100-4-1.fa	XML-5	19	10772
XML-5/alignment_XML5-3250-0.01-4E-5-100-4-2.fa	XML-5	15	10763
XML-5/alignment_XML5-3250-0.01-4E-5-100-4-3.fa	XML-5	15	10766
XML-5/alignment_XML5-3250-0.01-4E-5-100-5-1.fa	XML-5	25	10793
XML-5/alignment_XML5-3250-0.01-4E-5-100-5-2.fa	XML-5	17	10787
XML-5/alignment_XML5-3250-0.01-4E-5-100-5-3.fa	XML-5	22	10763
XML-5/alignment_XML5-3250-0.01-4E-5-100-6-1.fa	XML-5	14	10751
XML-5/alignment_XML5-3250-0.01-4E-5-100-6-2.fa	XML-5	24	10760
XML-5/alignment_XML5-3250-0.01-4E-5-100-6-3.fa	XML-5	14	10530
XML-5/alignment_XML5-3250-0.01-4E-5-200-1-1.fa	XML-5	34	10781
XML-5/alignment_XML5-3250-0.01-4E-5-200-1-2.fa	XML-5	36	10790
XML-5/alignment_XML5-3250-0.01-4E-5-200-1-3.fa	XML-5	21	10838
XML-5/alignment_XML5-3250-0.01-4E-5-200-2-1.fa	XML-5	41	10775
XML-5/alignment_XML5-3250-0.01-4E-5-200-2-2.fa	XML-5	35	10802
XML-5/alignment_XML5-3250-0.01-4E-5-200-2-3.fa	XML-5	22	10811
XML-5/alignment_XML5-3250-0.01-4E-5-200-3-1.fa	XML-5	33	10802
XML-5/alignment_XML5-3250-0.01-4E-5-200-3-2.fa	XML-5	22	10784
XML-5/alignment_XML5-3250-0.01-4E-5-200-3-3.fa	XML-5	31	10802
XML-5/alignment_XML5-3250-0.01-4E-5-200-4-1.fa	XML-5	19	10763
XML-5/alignment_XML5-3250-0.01-4E-5-200-4-2.fa	XML-5	24	10796
XML-5/alignment_XML5-3250-0.01-4E-5-200-4-3.fa	XML-5	19	10793
XML-5/alignment_XML5-3250-0.01-4E-5-200-5-1.fa	XML-5	29	10817
XML-5/alignment_XML5-3250-0.01-4E-5-200-5-2.fa	XML-5	25	10775
XML-5/alignment_XML5-3250-0.01-4E-5-200-5-3.fa	XML-5	26	10775
XML-5/alignment_XML5-3250-0.01-4E-5-200-6-1.fa	XML-5	25	10835
XML-5/alignment_XML5-3250-0.01-4E-5-200-6-2.fa	XML-5	31	10784
XML-5/alignment_XML5-3250-0.01-4E-5-200-6-3.fa	XML-5	34	10802
XML-5/alignment_XML5-3250-0.01-4E-5-50-1-1.fa	XML-5	16	10763
XML-5/alignment_XML5-3250-0.01-4E-5-50-1-2.fa	XML-5	13	10766
XML-5/alignment_XML5-3250-0.01-4E-5-50-1-3.fa	XML-5	21	10760
XML-5/alignment_XML5-3250-0.01-4E-5-50-2-1.fa	XML-5	18	10772
XML-5/alignment_XML5-3250-0.01-4E-5-50-2-2.fa	XML-5	17	10781
XML-5/alignment_XML5-3250-0.01-4E-5-50-2-3.fa	XML-5	8	10769
XML-5/alignment_XML5-3250-0.01-4E-5-50-3-1.fa	XML-5	13	10751
XML-5/alignment_XML5-3250-0.01-4E-5-50-3-2.fa	XML-5	17	10769
XML-5/alignment_XML5-3250-0.01-4E-5-50-3-3.fa	XML-5	12	10739
XML-5/alignment_XML5-3250-0.01-4E-5-50-4-1.fa	XML-5	15	10775
XML-5/alignment_XML5-3250-0.01-4E-5-50-4-2.fa	XML-5	12	10745
XML-5/alignment_XML5-3250-0.01-4E-5-50-4-3.fa	XML-5	18	10772
XML-5/alignment_XML5-3250-0.01-4E-5-50-5-1.fa	XML-5	21	10772
XML-5/alignment_XML5-3250-0.01-4E-5-50-5-2.fa	XML-5	8	10751
XML-5/alignment_XML5-3250-0.01-4E-5-50-5-3.fa	XML-5	20	10751
XML-5/alignment_XML5-3250-0.01-4E-5-50-6-1.fa	XML-5	15	10766
XML-5/alignment_XML5-3250-0.01-4E-5-50-6-2.fa	XML-5	25	10757
XML-5/alignment_XML5-3250-0.01-4E-5-50-6-3.fa	XML-5	12	10775
XML-5/alignment_XML5-3250-0.01-8E-5-100-1-1.fa	XML-5	15	10772
XML-5/alignment_XML5-3250-0.01-8E-5-100-1-2.fa	XML-5	22	10799
XML-5/alignment_XML5-3250-0.01-8E-5-100-1-3.fa	XML-5	17	10763
XML-5/alignment_XML5-3250-0.01-8E-5-100-2-1.fa	XML-5	22	10662
XML-5/alignment_XML5-3250-0.01-8E-5-100-2-2.fa	XML-5	15	10814
XML-5/alignment_XML5-3250-0.01-8E-5-100-2-3.fa	XML-5	19	10778
XML-5/alignment_XML5-3250-0.01-8E-5-100-3-1.fa	XML-5	25	10775
XML-5/alignment_XML5-3250-0.01-8E-5-100-3-2.fa	XML-5	19	10805
XML-5/alignment_XML5-3250-0.01-8E-5-100-3-3.fa	XML-5	18	10769
XML-5/alignment_XML5-3250-0.01-8E-5-100-4-1.fa	XML-5	19	10784
XML-5/alignment_XML5-3250-0.01-8E-5-100-4-2.fa	XML-5	19	10805
XML-5/alignment_XML5-3250-0.01-8E-5-100-4-3.fa	XML-5	25	10772
XML-5/alignment_XML5-3250-0.01-8E-5-100-5-1.fa	XML-5	25	10769
XML-5/alignment_XML5-3250-0.01-8E-5-100-5-2.fa	XML-5	18	10787
XML-5/alignment_XML5-3250-0.01-8E-5-100-5-3.fa	XML-5	28	10793
XML-5/alignment_XML5-3250-0.01-8E-5-100-6-1.fa	XML-5	22	10769
XML-5/alignment_XML5-3250-0.01-8E-5-100-6-2.fa	XML-5	23	10811
XML-5/alignment_XML5-3250-0.01-8E-5-100-6-3.fa	XML-5	20	10784
XML-5/alignment_XML5-3250-0.01-8E-5-200-1-1.fa	XML-5	30	10781
XML-5/alignment_XML5-3250-0.01-8E-5-200-1-2.fa	XML-5	15	10778
XML-5/alignment_XML5-3250-0.01-8E-5-200-1-3.fa	XML-5	37	10817
XML-5/alignment_XML5-3250-0.01-8E-5-200-2-1.fa	XML-5	19	10817
XML-5/alignment_XML5-3250-0.01-8E-5-200-2-2.fa	XML-5	29	10826
XML-5/alignment_XML5-3250-0.01-8E-5-200-2-3.fa	XML-5	30	10802
XML-5/alignment_XML5-3250-0.01-8E-5-200-3-1.fa	XML-5	21	10805
XML-5/alignment_XML5-3250-0.01-8E-5-200-3-2.fa	XML-5	22	10805
XML-5/alignment_XML5-3250-0.01-8E-5-200-3-3.fa	XML-5	24	10811
XML-5/alignment_XML5-3250-0.01-8E-5-200-4-1.fa	XML-5	38	10805
XML-5/alignment_XML5-3250-0.01-8E-5-200-4-2.fa	XML-5	23	10832
XML-5/alignment_XML5-3250-0.01-8E-5-200-4-3.fa	XML-5	43	10787
XML-5/alignment_XML5-3250-0.01-8E-5-200-5-1.fa	XML-5	22	10772
XML-5/alignment_XML5-3250-0.01-8E-5-200-5-2.fa	XML-5	11	10796
XML-5/alignment_XML5-3250-0.01-8E-5-200-5-3.fa	XML-5	37	10754
XML-5/alignment_XML5-3250-0.01-8E-5-200-6-1.fa	XML-5	15	10805
XML-5/alignment_XML5-3250-0.01-8E-5-200-6-2.fa	XML-5	27	10769
XML-5/alignment_XML5-3250-0.01-8E-5-200-6-3.fa	XML-5	23	10823
XML-5/alignment_XML5-3250-0.01-8E-5-50-1-1.fa	XML-5	12	10751
XML-5/alignment_XML5-3250-0.01-8E-5-50-1-2.fa	XML-5	10	10754
XML-5/alignment_XML5-3250-0.01-8E-5-50-1-3.fa	XML-5	12	10745
XML-5/alignment_XML5-3250-0.01-8E-5-50-2-1.fa	XML-5	10	10787
XML-5/alignment_XML5-3250-0.01-8E-5-50-2-2.fa	XML-5	15	10763
XML-5/alignment_XML5-3250-0.01-8E-5-50-2-3.fa	XML-5	13	10742
XML-5/alignment_XML5-3250-0.01-8E-5-50-3-1.fa	XML-5	13	10748
XML-5/alignment_XML5-3250-0.01-8E-5-50-3-2.fa	XML-5	17	10757
XML-5/alignment_XML5-3250-0.01-8E-5-50-3-3.fa	XML-5	16	10769
XML-5/alignment_XML5-3250-0.01-8E-5-50-4-1.fa	XML-5	22	10769
XML-5/alignment_XML5-3250-0.01-8E-5-50-4-2.fa	XML-5	23	10775
XML-5/alignment_XML5-3250-0.01-8E-5-50-4-3.fa	XML-5	15	10763
XML-5/alignment_XML5-3250-0.01-8E-5-50-5-1.fa	XML-5	12	10754
XML-5/alignment_XML5-3250-0.01-8E-5-50-5-2.fa	XML-5	15	10745
XML-5/alignment_XML5-3250-0.01-8E-5-50-5-3.fa	XML-5	14	10769
XML-5/alignment_XML5-3250-0.01-8E-5-50-6-1.fa	XML-5	25	10787
XML-5/alignment_XML5-3250-0.01-8E-5-50-6-2.fa	XML-5	19	10760
XML-5/alignment_XML5-3250-0.01-8E-5-50-6-3.fa	XML-5	15	10760
XML-5/alignment_XML5-3250-0.02-12E-5-100-1-1.fa	XML-5	48	10790
XML-5/alignment_XML5-3250-0.02-12E-5-100-1-2.fa	XML-5	44	10799
XML-5/alignment_XML5-3250-0.02-12E-5-100-1-3.fa	XML-5	42	10757
XML-5/alignment_XML5-3250-0.02-12E-5-100-2-1.fa	XML-5	27	10763
XML-5/alignment_XML5-3250-0.02-12E-5-100-2-2.fa	XML-5	50	10790
XML-5/alignment_XML5-3250-0.02-12E-5-100-2-3.fa	XML-5	41	10757
XML-5/alignment_XML5-3250-0.02-12E-5-100-3-1.fa	XML-5	31	10772
XML-5/alignment_XML5-3250-0.02-12E-5-100-3-2.fa	XML-5	26	10784
XML-5/alignment_XML5-3250-0.02-12E-5-100-3-3.fa	XML-5	47	10763
XML-5/alignment_XML5-3250-0.02-12E-5-100-4-1.fa	XML-5	19	10793
XML-5/alignment_XML5-3250-0.02-12E-5-100-4-3.fa	XML-5	50	10796
XML-5/alignment_XML5-3250-0.02-12E-5-100-5-2.fa	XML-5	37	10814
XML-5/alignment_XML5-3250-0.02-12E-5-100-5-3.fa	XML-5	38	10772
XML-5/alignment_XML5-3250-0.02-12E-5-100-6-1.fa	XML-5	46	10787
XML-5/alignment_XML5-3250-0.02-12E-5-100-6-2.fa	XML-5	38	10787
XML-5/alignment_XML5-3250-0.02-12E-5-100-6-3.fa	XML-5	53	10772
XML-5/alignment_XML5-3250-0.02-12E-5-200-1-1.fa	XML-5	64	10793
XML-5/alignment_XML5-3250-0.02-12E-5-200-1-2.fa	XML-5	55	10839
XML-5/alignment_XML5-3250-0.02-12E-5-200-1-3.fa	XML-5	60	10805
XML-5/alignment_XML5-3250-0.02-12E-5-200-2-1.fa	XML-5	45	10781
XML-5/alignment_XML5-3250-0.02-12E-5-200-2-2.fa	XML-5	54	10841
XML-5/alignment_XML5-3250-0.02-12E-5-200-2-3.fa	XML-5	54	10790
XML-5/alignment_XML5-3250-0.02-12E-5-200-3-1.fa	XML-5	57	10841
XML-5/alignment_XML5-3250-0.02-12E-5-200-3-2.fa	XML-5	41	10778
XML-5/alignment_XML5-3250-0.02-12E-5-200-3-3.fa	XML-5	36	10796
XML-5/alignment_XML5-3250-0.02-12E-5-200-4-1.fa	XML-5	51	10802
XML-5/alignment_XML5-3250-0.02-12E-5-200-4-3.fa	XML-5	37	10874
XML-5/alignment_XML5-3250-0.02-12E-5-200-5-1.fa	XML-5	56	10805
XML-5/alignment_XML5-3250-0.02-12E-5-200-5-2.fa	XML-5	48	10817
XML-5/alignment_XML5-3250-0.02-12E-5-200-5-3.fa	XML-5	67	10760
XML-5/alignment_XML5-3250-0.02-12E-5-200-6-1.fa	XML-5	68	10799
XML-5/alignment_XML5-3250-0.02-12E-5-200-6-2.fa	XML-5	54	10814
XML-5/alignment_XML5-3250-0.02-12E-5-200-6-3.fa	XML-5	61	10796
XML-5/alignment_XML5-3250-0.02-12E-5-50-1-1.fa	XML-5	32	10751
XML-5/alignment_XML5-3250-0.02-12E-5-50-1-2.fa	XML-5	29	10757
XML-5/alignment_XML5-3250-0.02-12E-5-50-1-3.fa	XML-5	30	10757
XML-5/alignment_XML5-3250-0.02-12E-5-50-2-1.fa	XML-5	35	10769
XML-5/alignment_XML5-3250-0.02-12E-5-50-2-2.fa	XML-5	24	10790
XML-5/alignment_XML5-3250-0.02-12E-5-50-2-3.fa	XML-5	25	10790
XML-5/alignment_XML5-3250-0.02-12E-5-50-3-1.fa	XML-5	12	10787
XML-5/alignment_XML5-3250-0.02-12E-5-50-3-2.fa	XML-5	25	10766
XML-5/alignment_XML5-3250-0.02-12E-5-50-3-3.fa	XML-5	27	10754
XML-5/alignment_XML5-3250-0.02-12E-5-50-4-1.fa	XML-5	32	10772
XML-5/alignment_XML5-3250-0.02-12E-5-50-4-2.fa	XML-5	27	10766
XML-5/alignment_XML5-3250-0.02-12E-5-50-4-3.fa	XML-5	23	10781
XML-5/alignment_XML5-3250-0.02-12E-5-50-5-1.fa	XML-5	21	10748
XML-5/alignment_XML5-3250-0.02-12E-5-50-5-2.fa	XML-5	21	10766
XML-5/alignment_XML5-3250-0.02-12E-5-50-5-3.fa	XML-5	35	10760
XML-5/alignment_XML5-3250-0.02-12E-5-50-6-1.fa	XML-5	34	10832
XML-5/alignment_XML5-3250-0.02-12E-5-50-6-2.fa	XML-5	27	10772
XML-5/alignment_XML5-3250-0.02-12E-5-50-6-3.fa	XML-5	33	10784
XML-5/alignment_XML5-3250-0.02-4E-5-100-1-1.fa	XML-5	26	10775
XML-5/alignment_XML5-3250-0.02-4E-5-100-1-2.fa	XML-5	33	10787
XML-5/alignment_XML5-3250-0.02-4E-5-100-1-3.fa	XML-5	27	10766
XML-5/alignment_XML5-3250-0.02-4E-5-100-2-1.fa	XML-5	46	10832
XML-5/alignment_XML5-3250-0.02-4E-5-100-2-2.fa	XML-5	40	10769
XML-5/alignment_XML5-3250-0.02-4E-5-100-2-3.fa	XML-5	37	10769
XML-5/alignment_XML5-3250-0.02-4E-5-100-3-1.fa	XML-5	35	10799
XML-5/alignment_XML5-3250-0.02-4E-5-100-3-2.fa	XML-5	36	10769
XML-5/alignment_XML5-3250-0.02-4E-5-100-3-3.fa	XML-5	43	10775
XML-5/alignment_XML5-3250-0.02-4E-5-100-4-1.fa	XML-5	33	10757
XML-5/alignment_XML5-3250-0.02-4E-5-100-4-2.fa	XML-5	28	10763
XML-5/alignment_XML5-3250-0.02-4E-5-100-4-3.fa	XML-5	24	10766
XML-5/alignment_XML5-3250-0.02-4E-5-100-5-1.fa	XML-5	37	10781
XML-5/alignment_XML5-3250-0.02-4E-5-100-5-2.fa	XML-5	38	10787
XML-5/alignment_XML5-3250-0.02-4E-5-100-5-3.fa	XML-5	33	10754
XML-5/alignment_XML5-3250-0.02-4E-5-100-6-1.fa	XML-5	36	10793
XML-5/alignment_XML5-3250-0.02-4E-5-100-6-2.fa	XML-5	26	10784
XML-5/alignment_XML5-3250-0.02-4E-5-100-6-3.fa	XML-5	32	10799
XML-5/alignment_XML5-3250-0.02-4E-5-200-1-1.fa	XML-5	51	10772
XML-5/alignment_XML5-3250-0.02-4E-5-200-1-2.fa	XML-5	47	10838
XML-5/alignment_XML5-3250-0.02-4E-5-200-1-3.fa	XML-5	42	10817
XML-5/alignment_XML5-3250-0.02-4E-5-200-2-2.fa	XML-5	46	10835
XML-5/alignment_XML5-3250-0.02-4E-5-200-2-3.fa	XML-5	41	10832
XML-5/alignment_XML5-3250-0.02-4E-5-200-3-1.fa	XML-5	54	10841
XML-5/alignment_XML5-3250-0.02-4E-5-200-3-2.fa	XML-5	74	10826
XML-5/alignment_XML5-3250-0.02-4E-5-200-3-3.fa	XML-5	44	10835
XML-5/alignment_XML5-3250-0.02-4E-5-200-4-1.fa	XML-5	50	10775
XML-5/alignment_XML5-3250-0.02-4E-5-200-4-2.fa	XML-5	42	10838
XML-5/alignment_XML5-3250-0.02-4E-5-200-4-3.fa	XML-5	43	10817
XML-5/alignment_XML5-3250-0.02-4E-5-200-5-1.fa	XML-5	56	10838
XML-5/alignment_XML5-3250-0.02-4E-5-200-5-2.fa	XML-5	59	10802
XML-5/alignment_XML5-3250-0.02-4E-5-200-5-3.fa	XML-5	34	10811
XML-5/alignment_XML5-3250-0.02-4E-5-200-6-1.fa	XML-5	65	10814
XML-5/alignment_XML5-3250-0.02-4E-5-200-6-2.fa	XML-5	55	10805
XML-5/alignment_XML5-3250-0.02-4E-5-200-6-3.fa	XML-5	48	10835
XML-5/alignment_XML5-3250-0.02-4E-5-50-1-1.fa	XML-5	16	10760
XML-5/alignment_XML5-3250-0.02-4E-5-50-1-2.fa	XML-5	20	10781
XML-5/alignment_XML5-3250-0.02-4E-5-50-1-3.fa	XML-5	24	10772
XML-5/alignment_XML5-3250-0.02-4E-5-50-2-1.fa	XML-5	29	10775
XML-5/alignment_XML5-3250-0.02-4E-5-50-2-2.fa	XML-5	23	10763
XML-5/alignment_XML5-3250-0.02-4E-5-50-2-3.fa	XML-5	24	10736
XML-5/alignment_XML5-3250-0.02-4E-5-50-3-1.fa	XML-5	23	10760
XML-5/alignment_XML5-3250-0.02-4E-5-50-3-2.fa	XML-5	22	10781
XML-5/alignment_XML5-3250-0.02-4E-5-50-3-3.fa	XML-5	25	10745
XML-5/alignment_XML5-3250-0.02-4E-5-50-4-1.fa	XML-5	34	10787
XML-5/alignment_XML5-3250-0.02-4E-5-50-4-2.fa	XML-5	29	10781
XML-5/alignment_XML5-3250-0.02-4E-5-50-4-3.fa	XML-5	20	10751
XML-5/alignment_XML5-3250-0.02-4E-5-50-5-1.fa	XML-5	29	10751
XML-5/alignment_XML5-3250-0.02-4E-5-50-5-2.fa	XML-5	29	10769
XML-5/alignment_XML5-3250-0.02-4E-5-50-5-3.fa	XML-5	19	10748
XML-5/alignment_XML5-3250-0.02-4E-5-50-6-1.fa	XML-5	15	10760
XML-5/alignment_XML5-3250-0.02-4E-5-50-6-2.fa	XML-5	23	10775
XML-5/alignment_XML5-3250-0.02-4E-5-50-6-3.fa	XML-5	39	10763
XML-5/alignment_XML5-3250-0.02-8E-5-100-1-1.fa	XML-5	46	10796
XML-5/alignment_XML5-3250-0.02-8E-5-100-1-2.fa	XML-5	34	10763
XML-5/alignment_XML5-3250-0.02-8E-5-100-1-3.fa	XML-5	50	10781
XML-5/alignment_XML5-3250-0.02-8E-5-100-2-1.fa	XML-5	35	10769
XML-5/alignment_XML5-3250-0.02-8E-5-100-2-2.fa	XML-5	35	10802
XML-5/alignment_XML5-3250-0.02-8E-5-100-2-3.fa	XML-5	42	10775
XML-5/alignment_XML5-3250-0.02-8E-5-100-3-1.fa	XML-5	33	10790
XML-5/alignment_XML5-3250-0.02-8E-5-100-3-2.fa	XML-5	30	10784
XML-5/alignment_XML5-3250-0.02-8E-5-100-3-3.fa	XML-5	35	10805
XML-5/alignment_XML5-3250-0.02-8E-5-100-4-1.fa	XML-5	52	10796
XML-5/alignment_XML5-3250-0.02-8E-5-100-4-2.fa	XML-5	26	10775
XML-5/alignment_XML5-3250-0.02-8E-5-100-4-3.fa	XML-5	41	10772
XML-5/alignment_XML5-3250-0.02-8E-5-100-5-1.fa	XML-5	35	10823
XML-5/alignment_XML5-3250-0.02-8E-5-100-5-2.fa	XML-5	44	10769
XML-5/alignment_XML5-3250-0.02-8E-5-100-5-3.fa	XML-5	39	10790
XML-5/alignment_XML5-3250-0.02-8E-5-100-6-1.fa	XML-5	26	10820
XML-5/alignment_XML5-3250-0.02-8E-5-100-6-2.fa	XML-5	38	10769
XML-5/alignment_XML5-3250-0.02-8E-5-100-6-3.fa	XML-5	37	10829
XML-5/alignment_XML5-3250-0.02-8E-5-200-1-2.fa	XML-5	33	10808
XML-5/alignment_XML5-3250-0.02-8E-5-200-1-3.fa	XML-5	48	10772
XML-5/alignment_XML5-3250-0.02-8E-5-200-2-1.fa	XML-5	68	10844
XML-5/alignment_XML5-3250-0.02-8E-5-200-2-3.fa	XML-5	49	10814
XML-5/alignment_XML5-3250-0.02-8E-5-200-3-1.fa	XML-5	46	10805
XML-5/alignment_XML5-3250-0.02-8E-5-200-3-2.fa	XML-5	54	10829
XML-5/alignment_XML5-3250-0.02-8E-5-200-3-3.fa	XML-5	44	10841
XML-5/alignment_XML5-3250-0.02-8E-5-200-4-1.fa	XML-5	38	10778
XML-5/alignment_XML5-3250-0.02-8E-5-200-4-2.fa	XML-5	60	10865
XML-5/alignment_XML5-3250-0.02-8E-5-200-4-3.fa	XML-5	48	10820
XML-5/alignment_XML5-3250-0.02-8E-5-200-5-1.fa	XML-5	56	10826
XML-5/alignment_XML5-3250-0.02-8E-5-200-5-2.fa	XML-5	52	10787
XML-5/alignment_XML5-3250-0.02-8E-5-200-5-3.fa	XML-5	45	10787
XML-5/alignment_XML5-3250-0.02-8E-5-200-6-1.fa	XML-5	31	10781
XML-5/alignment_XML5-3250-0.02-8E-5-200-6-2.fa	XML-5	60	10853
XML-5/alignment_XML5-3250-0.02-8E-5-200-6-3.fa	XML-5	73	10865
XML-5/alignment_XML5-3250-0.02-8E-5-50-1-1.fa	XML-5	17	10763
XML-5/alignment_XML5-3250-0.02-8E-5-50-1-2.fa	XML-5	27	10775
XML-5/alignment_XML5-3250-0.02-8E-5-50-1-3.fa	XML-5	25	10757
XML-5/alignment_XML5-3250-0.02-8E-5-50-2-1.fa	XML-5	21	10799
XML-5/alignment_XML5-3250-0.02-8E-5-50-2-2.fa	XML-5	25	10754
XML-5/alignment_XML5-3250-0.02-8E-5-50-2-3.fa	XML-5	26	10811
XML-5/alignment_XML5-3250-0.02-8E-5-50-3-1.fa	XML-5	20	10760
XML-5/alignment_XML5-3250-0.02-8E-5-50-3-2.fa	XML-5	28	10778
XML-5/alignment_XML5-3250-0.02-8E-5-50-3-3.fa	XML-5	29	10808
XML-5/alignment_XML5-3250-0.02-8E-5-50-4-1.fa	XML-5	14	10769
XML-5/alignment_XML5-3250-0.02-8E-5-50-4-2.fa	XML-5	22	10751
XML-5/alignment_XML5-3250-0.02-8E-5-50-4-3.fa	XML-5	31	10778
XML-5/alignment_XML5-3250-0.02-8E-5-50-5-1.fa	XML-5	22	10784
XML-5/alignment_XML5-3250-0.02-8E-5-50-5-2.fa	XML-5	29	10781
XML-5/alignment_XML5-3250-0.02-8E-5-50-5-3.fa	XML-5	25	10760
XML-5/alignment_XML5-3250-0.02-8E-5-50-6-1.fa	XML-5	33	10775
XML-5/alignment_XML5-3250-0.02-8E-5-50-6-2.fa	XML-5	26	10778
XML-5/alignment_XML5-3250-0.02-8E-5-50-6-3.fa	XML-5	35	10781
XML-5/alignment_XML5-4000-0.005-12E-5-100-1-1.fa	XML-5	12	10772
XML-5/alignment_XML5-4000-0.005-12E-5-100-1-2.fa	XML-5	16	10754
XML-5/alignment_XML5-4000-0.005-12E-5-100-1-3.fa	XML-5	16	10793
XML-5/alignment_XML5-4000-0.005-12E-5-100-2-1.fa	XML-5	9	10775
XML-5/alignment_XML5-4000-0.005-12E-5-100-2-2.fa	XML-5	9	10772
XML-5/alignment_XML5-4000-0.005-12E-5-100-2-3.fa	XML-5	11	10772
XML-5/alignment_XML5-4000-0.005-12E-5-100-3-1.fa	XML-5	13	10772
XML-5/alignment_XML5-4000-0.005-12E-5-100-3-2.fa	XML-5	8	10781
XML-5/alignment_XML5-4000-0.005-12E-5-100-3-3.fa	XML-5	9	10781
XML-5/alignment_XML5-4000-0.005-12E-5-100-4-1.fa	XML-5	14	10781
XML-5/alignment_XML5-4000-0.005-12E-5-100-4-2.fa	XML-5	8	10769
XML-5/alignment_XML5-4000-0.005-12E-5-100-4-3.fa	XML-5	13	10766
XML-5/alignment_XML5-4000-0.005-12E-5-100-5-1.fa	XML-5	8	10775
XML-5/alignment_XML5-4000-0.005-12E-5-100-5-2.fa	XML-5	12	10796
XML-5/alignment_XML5-4000-0.005-12E-5-100-5-3.fa	XML-5	16	10772
XML-5/alignment_XML5-4000-0.005-12E-5-100-6-1.fa	XML-5	15	10772
XML-5/alignment_XML5-4000-0.005-12E-5-100-6-2.fa	XML-5	9	10377
XML-5/alignment_XML5-4000-0.005-12E-5-100-6-3.fa	XML-5	17	10760
XML-5/alignment_XML5-4000-0.005-12E-5-200-1-1.fa	XML-5	23	10799
XML-5/alignment_XML5-4000-0.005-12E-5-200-1-2.fa	XML-5	14	10817
XML-5/alignment_XML5-4000-0.005-12E-5-200-1-3.fa	XML-5	18	10796
XML-5/alignment_XML5-4000-0.005-12E-5-200-2-1.fa	XML-5	13	10817
XML-5/alignment_XML5-4000-0.005-12E-5-200-2-2.fa	XML-5	19	10778
XML-5/alignment_XML5-4000-0.005-12E-5-200-2-3.fa	XML-5	19	10796
XML-5/alignment_XML5-4000-0.005-12E-5-200-3-1.fa	XML-5	7	10808
XML-5/alignment_XML5-4000-0.005-12E-5-200-3-2.fa	XML-5	11	10814
XML-5/alignment_XML5-4000-0.005-12E-5-200-3-3.fa	XML-5	20	10814
XML-5/alignment_XML5-4000-0.005-12E-5-200-4-1.fa	XML-5	14	10799
XML-5/alignment_XML5-4000-0.005-12E-5-200-4-2.fa	XML-5	21	10796
XML-5/alignment_XML5-4000-0.005-12E-5-200-4-3.fa	XML-5	16	10751
XML-5/alignment_XML5-4000-0.005-12E-5-200-5-1.fa	XML-5	14	10784
XML-5/alignment_XML5-4000-0.005-12E-5-200-5-2.fa	XML-5	14	10772
XML-5/alignment_XML5-4000-0.005-12E-5-200-5-3.fa	XML-5	14	10796
XML-5/alignment_XML5-4000-0.005-12E-5-200-6-1.fa	XML-5	17	10802
XML-5/alignment_XML5-4000-0.005-12E-5-200-6-2.fa	XML-5	10	10805
XML-5/alignment_XML5-4000-0.005-12E-5-200-6-3.fa	XML-5	22	10790
XML-5/alignment_XML5-4000-0.005-12E-5-50-1-1.fa	XML-5	11	10760
XML-5/alignment_XML5-4000-0.005-12E-5-50-1-2.fa	XML-5	13	10766
XML-5/alignment_XML5-4000-0.005-12E-5-50-1-3.fa	XML-5	2	10751
XML-5/alignment_XML5-4000-0.005-12E-5-50-2-1.fa	XML-5	5	10757
XML-5/alignment_XML5-4000-0.005-12E-5-50-2-2.fa	XML-5	7	10707
XML-5/alignment_XML5-4000-0.005-12E-5-50-2-3.fa	XML-5	5	10742
XML-5/alignment_XML5-4000-0.005-12E-5-50-3-2.fa	XML-5	11	10778
XML-5/alignment_XML5-4000-0.005-12E-5-50-3-3.fa	XML-5	8	10760
XML-5/alignment_XML5-4000-0.005-12E-5-50-4-1.fa	XML-5	7	10760
XML-5/alignment_XML5-4000-0.005-12E-5-50-4-2.fa	XML-5	7	10766
XML-5/alignment_XML5-4000-0.005-12E-5-50-4-3.fa	XML-5	8	10757
XML-5/alignment_XML5-4000-0.005-12E-5-50-5-1.fa	XML-5	10	10760
XML-5/alignment_XML5-4000-0.005-12E-5-50-5-2.fa	XML-5	8	7497
XML-5/alignment_XML5-4000-0.005-12E-5-50-5-3.fa	XML-5	9	10760
XML-5/alignment_XML5-4000-0.005-12E-5-50-6-1.fa	XML-5	15	10766
XML-5/alignment_XML5-4000-0.005-12E-5-50-6-2.fa	XML-5	12	10760
XML-5/alignment_XML5-4000-0.005-12E-5-50-6-3.fa	XML-5	6	10763
XML-5/alignment_XML5-4000-0.005-4E-5-100-1-1.fa	XML-5	7	10781
XML-5/alignment_XML5-4000-0.005-4E-5-100-1-2.fa	XML-5	5	10775
XML-5/alignment_XML5-4000-0.005-4E-5-100-1-3.fa	XML-5	13	10775
XML-5/alignment_XML5-4000-0.005-4E-5-100-2-1.fa	XML-5	13	10769
XML-5/alignment_XML5-4000-0.005-4E-5-100-2-2.fa	XML-5	7	10763
XML-5/alignment_XML5-4000-0.005-4E-5-100-2-3.fa	XML-5	9	10769
XML-5/alignment_XML5-4000-0.005-4E-5-100-3-1.fa	XML-5	15	10769
XML-5/alignment_XML5-4000-0.005-4E-5-100-3-2.fa	XML-5	17	10784
XML-5/alignment_XML5-4000-0.005-4E-5-100-3-3.fa	XML-5	10	10787
XML-5/alignment_XML5-4000-0.005-4E-5-100-4-1.fa	XML-5	11	10787
XML-5/alignment_XML5-4000-0.005-4E-5-100-4-2.fa	XML-5	10	10814
XML-5/alignment_XML5-4000-0.005-4E-5-100-4-3.fa	XML-5	10	10754
XML-5/alignment_XML5-4000-0.005-4E-5-100-5-1.fa	XML-5	11	10781
XML-5/alignment_XML5-4000-0.005-4E-5-100-5-2.fa	XML-5	10	10772
XML-5/alignment_XML5-4000-0.005-4E-5-100-5-3.fa	XML-5	11	10781
XML-5/alignment_XML5-4000-0.005-4E-5-100-6-1.fa	XML-5	10	10751
XML-5/alignment_XML5-4000-0.005-4E-5-100-6-2.fa	XML-5	8	10769
XML-5/alignment_XML5-4000-0.005-4E-5-100-6-3.fa	XML-5	11	10829
XML-5/alignment_XML5-4000-0.005-4E-5-200-1-1.fa	XML-5	12	10790
XML-5/alignment_XML5-4000-0.005-4E-5-200-1-2.fa	XML-5	11	10820
XML-5/alignment_XML5-4000-0.005-4E-5-200-1-3.fa	XML-5	9	10808
XML-5/alignment_XML5-4000-0.005-4E-5-200-2-1.fa	XML-5	10	10778
XML-5/alignment_XML5-4000-0.005-4E-5-200-2-2.fa	XML-5	15	10793
XML-5/alignment_XML5-4000-0.005-4E-5-200-2-3.fa	XML-5	19	10422
XML-5/alignment_XML5-4000-0.005-4E-5-200-3-1.fa	XML-5	19	10799
XML-5/alignment_XML5-4000-0.005-4E-5-200-3-2.fa	XML-5	9	10817
XML-5/alignment_XML5-4000-0.005-4E-5-200-3-3.fa	XML-5	15	10808
XML-5/alignment_XML5-4000-0.005-4E-5-200-4-1.fa	XML-5	9	10811
XML-5/alignment_XML5-4000-0.005-4E-5-200-4-2.fa	XML-5	8	10772
XML-5/alignment_XML5-4000-0.005-4E-5-200-4-3.fa	XML-5	15	10775
XML-5/alignment_XML5-4000-0.005-4E-5-200-5-1.fa	XML-5	16	10781
XML-5/alignment_XML5-4000-0.005-4E-5-200-5-2.fa	XML-5	11	10796
XML-5/alignment_XML5-4000-0.005-4E-5-200-5-3.fa	XML-5	15	10811
XML-5/alignment_XML5-4000-0.005-4E-5-200-6-1.fa	XML-5	12	10790
XML-5/alignment_XML5-4000-0.005-4E-5-200-6-2.fa	XML-5	17	10808
XML-5/alignment_XML5-4000-0.005-4E-5-200-6-3.fa	XML-5	16	10787
XML-5/alignment_XML5-4000-0.005-4E-5-50-1-1.fa	XML-5	10	10751
XML-5/alignment_XML5-4000-0.005-4E-5-50-1-2.fa	XML-5	8	10790
XML-5/alignment_XML5-4000-0.005-4E-5-50-1-3.fa	XML-5	10	10748
XML-5/alignment_XML5-4000-0.005-4E-5-50-2-1.fa	XML-5	5	10766
XML-5/alignment_XML5-4000-0.005-4E-5-50-2-2.fa	XML-5	5	10766
XML-5/alignment_XML5-4000-0.005-4E-5-50-2-3.fa	XML-5	6	10754
XML-5/alignment_XML5-4000-0.005-4E-5-50-3-1.fa	XML-5	10	10766
XML-5/alignment_XML5-4000-0.005-4E-5-50-3-2.fa	XML-5	10	10775
XML-5/alignment_XML5-4000-0.005-4E-5-50-3-3.fa	XML-5	9	10751
XML-5/alignment_XML5-4000-0.005-4E-5-50-4-1.fa	XML-5	7	10757
XML-5/alignment_XML5-4000-0.005-4E-5-50-4-2.fa	XML-5	9	10476
XML-5/alignment_XML5-4000-0.005-4E-5-50-4-3.fa	XML-5	14	10766
XML-5/alignment_XML5-4000-0.005-4E-5-50-5-1.fa	XML-5	9	10766
XML-5/alignment_XML5-4000-0.005-4E-5-50-5-2.fa	XML-5	10	10757
XML-5/alignment_XML5-4000-0.005-4E-5-50-5-3.fa	XML-5	2	10754
XML-5/alignment_XML5-4000-0.005-4E-5-50-6-1.fa	XML-5	4	10748
XML-5/alignment_XML5-4000-0.005-4E-5-50-6-2.fa	XML-5	7	10751
XML-5/alignment_XML5-4000-0.005-4E-5-50-6-3.fa	XML-5	4	9825
XML-5/alignment_XML5-4000-0.005-8E-5-100-1-1.fa	XML-5	9	10805
XML-5/alignment_XML5-4000-0.005-8E-5-100-1-2.fa	XML-5	10	10218
XML-5/alignment_XML5-4000-0.005-8E-5-100-1-3.fa	XML-5	8	10760
XML-5/alignment_XML5-4000-0.005-8E-5-100-2-1.fa	XML-5	9	10775
XML-5/alignment_XML5-4000-0.005-8E-5-100-2-2.fa	XML-5	14	10769
XML-5/alignment_XML5-4000-0.005-8E-5-100-2-3.fa	XML-5	8	10757
XML-5/alignment_XML5-4000-0.005-8E-5-100-3-1.fa	XML-5	7	7554
XML-5/alignment_XML5-4000-0.005-8E-5-100-3-2.fa	XML-5	9	9963
XML-5/alignment_XML5-4000-0.005-8E-5-100-3-3.fa	XML-5	5	10778
XML-5/alignment_XML5-4000-0.005-8E-5-100-4-1.fa	XML-5	12	10814
XML-5/alignment_XML5-4000-0.005-8E-5-100-4-2.fa	XML-5	8	10772
XML-5/alignment_XML5-4000-0.005-8E-5-100-4-3.fa	XML-5	8	10769
XML-5/alignment_XML5-4000-0.005-8E-5-100-5-1.fa	XML-5	11	10772
XML-5/alignment_XML5-4000-0.005-8E-5-100-5-2.fa	XML-5	16	10772
XML-5/alignment_XML5-4000-0.005-8E-5-100-5-3.fa	XML-5	9	10766
XML-5/alignment_XML5-4000-0.005-8E-5-100-6-1.fa	XML-5	12	10754
XML-5/alignment_XML5-4000-0.005-8E-5-100-6-2.fa	XML-5	16	10799
XML-5/alignment_XML5-4000-0.005-8E-5-100-6-3.fa	XML-5	14	10781
XML-5/alignment_XML5-4000-0.005-8E-5-200-1-1.fa	XML-5	19	10790
XML-5/alignment_XML5-4000-0.005-8E-5-200-1-2.fa	XML-5	18	10808
XML-5/alignment_XML5-4000-0.005-8E-5-200-1-3.fa	XML-5	11	10365
XML-5/alignment_XML5-4000-0.005-8E-5-200-2-1.fa	XML-5	8	10781
XML-5/alignment_XML5-4000-0.005-8E-5-200-2-2.fa	XML-5	15	10790
XML-5/alignment_XML5-4000-0.005-8E-5-200-2-3.fa	XML-5	12	10811
XML-5/alignment_XML5-4000-0.005-8E-5-200-3-1.fa	XML-5	14	10781
XML-5/alignment_XML5-4000-0.005-8E-5-200-3-2.fa	XML-5	12	10805
XML-5/alignment_XML5-4000-0.005-8E-5-200-3-3.fa	XML-5	15	10802
XML-5/alignment_XML5-4000-0.005-8E-5-200-4-1.fa	XML-5	12	10799
XML-5/alignment_XML5-4000-0.005-8E-5-200-4-2.fa	XML-5	7	10790
XML-5/alignment_XML5-4000-0.005-8E-5-200-4-3.fa	XML-5	10	10787
XML-5/alignment_XML5-4000-0.005-8E-5-200-5-1.fa	XML-5	22	10811
XML-5/alignment_XML5-4000-0.005-8E-5-200-5-2.fa	XML-5	9	10790
XML-5/alignment_XML5-4000-0.005-8E-5-200-5-3.fa	XML-5	12	10844
XML-5/alignment_XML5-4000-0.005-8E-5-200-6-1.fa	XML-5	11	10790
XML-5/alignment_XML5-4000-0.005-8E-5-200-6-2.fa	XML-5	17	10805
XML-5/alignment_XML5-4000-0.005-8E-5-200-6-3.fa	XML-5	14	10787
XML-5/alignment_XML5-4000-0.005-8E-5-50-1-1.fa	XML-5	12	10772
XML-5/alignment_XML5-4000-0.005-8E-5-50-1-2.fa	XML-5	7	10739
XML-5/alignment_XML5-4000-0.005-8E-5-50-1-3.fa	XML-5	9	10710
XML-5/alignment_XML5-4000-0.005-8E-5-50-2-1.fa	XML-5	5	8958
XML-5/alignment_XML5-4000-0.005-8E-5-50-2-2.fa	XML-5	8	10781
XML-5/alignment_XML5-4000-0.005-8E-5-50-2-3.fa	XML-5	7	10772
XML-5/alignment_XML5-4000-0.005-8E-5-50-3-1.fa	XML-5	6	10668
XML-5/alignment_XML5-4000-0.005-8E-5-50-3-2.fa	XML-5	12	10751
XML-5/alignment_XML5-4000-0.005-8E-5-50-3-3.fa	XML-5	5	10778
XML-5/alignment_XML5-4000-0.005-8E-5-50-4-1.fa	XML-5	7	10769
XML-5/alignment_XML5-4000-0.005-8E-5-50-4-2.fa	XML-5	10	10671
XML-5/alignment_XML5-4000-0.005-8E-5-50-4-3.fa	XML-5	4	10766
XML-5/alignment_XML5-4000-0.005-8E-5-50-5-1.fa	XML-5	10	10763
XML-5/alignment_XML5-4000-0.005-8E-5-50-5-2.fa	XML-5	12	10754
XML-5/alignment_XML5-4000-0.005-8E-5-50-5-3.fa	XML-5	4	10757
XML-5/alignment_XML5-4000-0.005-8E-5-50-6-1.fa	XML-5	8	10769
XML-5/alignment_XML5-4000-0.005-8E-5-50-6-2.fa	XML-5	7	10769
XML-5/alignment_XML5-4000-0.005-8E-5-50-6-3.fa	XML-5	6	10766
XML-5/alignment_XML5-4000-0.01-12E-5-100-1-1.fa	XML-5	22	10796
XML-5/alignment_XML5-4000-0.01-12E-5-100-1-2.fa	XML-5	18	10778
XML-5/alignment_XML5-4000-0.01-12E-5-100-1-3.fa	XML-5	29	10811
XML-5/alignment_XML5-4000-0.01-12E-5-100-2-1.fa	XML-5	21	10769
XML-5/alignment_XML5-4000-0.01-12E-5-100-2-2.fa	XML-5	20	10784
XML-5/alignment_XML5-4000-0.01-12E-5-100-2-3.fa	XML-5	16	10775
XML-5/alignment_XML5-4000-0.01-12E-5-100-3-1.fa	XML-5	16	10787
XML-5/alignment_XML5-4000-0.01-12E-5-100-3-3.fa	XML-5	25	10781
XML-5/alignment_XML5-4000-0.01-12E-5-100-4-1.fa	XML-5	26	10754
XML-5/alignment_XML5-4000-0.01-12E-5-100-4-2.fa	XML-5	22	10793
XML-5/alignment_XML5-4000-0.01-12E-5-100-4-3.fa	XML-5	26	10763
XML-5/alignment_XML5-4000-0.01-12E-5-100-5-1.fa	XML-5	17	10790
XML-5/alignment_XML5-4000-0.01-12E-5-100-5-2.fa	XML-5	24	10778
XML-5/alignment_XML5-4000-0.01-12E-5-100-5-3.fa	XML-5	19	10769
XML-5/alignment_XML5-4000-0.01-12E-5-100-6-1.fa	XML-5	21	10772
XML-5/alignment_XML5-4000-0.01-12E-5-100-6-2.fa	XML-5	18	10769
XML-5/alignment_XML5-4000-0.01-12E-5-100-6-3.fa	XML-5	16	10751
XML-5/alignment_XML5-4000-0.01-12E-5-200-1-1.fa	XML-5	22	10763
XML-5/alignment_XML5-4000-0.01-12E-5-200-1-2.fa	XML-5	24	10820
XML-5/alignment_XML5-4000-0.01-12E-5-200-1-3.fa	XML-5	28	10796
XML-5/alignment_XML5-4000-0.01-12E-5-200-2-1.fa	XML-5	31	10853
XML-5/alignment_XML5-4000-0.01-12E-5-200-2-2.fa	XML-5	41	10787
XML-5/alignment_XML5-4000-0.01-12E-5-200-2-3.fa	XML-5	38	10829
XML-5/alignment_XML5-4000-0.01-12E-5-200-3-1.fa	XML-5	32	10811
XML-5/alignment_XML5-4000-0.01-12E-5-200-3-2.fa	XML-5	23	10787
XML-5/alignment_XML5-4000-0.01-12E-5-200-3-3.fa	XML-5	42	10817
XML-5/alignment_XML5-4000-0.01-12E-5-200-4-1.fa	XML-5	27	10763
XML-5/alignment_XML5-4000-0.01-12E-5-200-4-2.fa	XML-5	28	10778
XML-5/alignment_XML5-4000-0.01-12E-5-200-4-3.fa	XML-5	29	10796
XML-5/alignment_XML5-4000-0.01-12E-5-200-5-1.fa	XML-5	18	10799
XML-5/alignment_XML5-4000-0.01-12E-5-200-5-2.fa	XML-5	27	10796
XML-5/alignment_XML5-4000-0.01-12E-5-200-5-3.fa	XML-5	24	10769
XML-5/alignment_XML5-4000-0.01-12E-5-200-6-1.fa	XML-5	39	10778
XML-5/alignment_XML5-4000-0.01-12E-5-200-6-2.fa	XML-5	22	10802
XML-5/alignment_XML5-4000-0.01-12E-5-200-6-3.fa	XML-5	31	10808
XML-5/alignment_XML5-4000-0.01-12E-5-50-1-1.fa	XML-5	23	10778
XML-5/alignment_XML5-4000-0.01-12E-5-50-1-2.fa	XML-5	12	10748
XML-5/alignment_XML5-4000-0.01-12E-5-50-1-3.fa	XML-5	8	10224
XML-5/alignment_XML5-4000-0.01-12E-5-50-2-1.fa	XML-5	21	10772
XML-5/alignment_XML5-4000-0.01-12E-5-50-2-2.fa	XML-5	12	10760
XML-5/alignment_XML5-4000-0.01-12E-5-50-2-3.fa	XML-5	19	10760
XML-5/alignment_XML5-4000-0.01-12E-5-50-3-1.fa	XML-5	17	10763
XML-5/alignment_XML5-4000-0.01-12E-5-50-3-2.fa	XML-5	13	10796
XML-5/alignment_XML5-4000-0.01-12E-5-50-3-3.fa	XML-5	13	10748
XML-5/alignment_XML5-4000-0.01-12E-5-50-4-1.fa	XML-5	15	10784
XML-5/alignment_XML5-4000-0.01-12E-5-50-4-2.fa	XML-5	20	10754
XML-5/alignment_XML5-4000-0.01-12E-5-50-4-3.fa	XML-5	21	10775
XML-5/alignment_XML5-4000-0.01-12E-5-50-5-1.fa	XML-5	13	10757
XML-5/alignment_XML5-4000-0.01-12E-5-50-5-2.fa	XML-5	14	10781
XML-5/alignment_XML5-4000-0.01-12E-5-50-5-3.fa	XML-5	11	10754
XML-5/alignment_XML5-4000-0.01-12E-5-50-6-1.fa	XML-5	18	10751
XML-5/alignment_XML5-4000-0.01-12E-5-50-6-2.fa	XML-5	20	10760
XML-5/alignment_XML5-4000-0.01-12E-5-50-6-3.fa	XML-5	28	10808
XML-5/alignment_XML5-4000-0.01-4E-5-100-1-1.fa	XML-5	19	10787
XML-5/alignment_XML5-4000-0.01-4E-5-100-1-2.fa	XML-5	30	10800
XML-5/alignment_XML5-4000-0.01-4E-5-100-1-3.fa	XML-5	20	10790
XML-5/alignment_XML5-4000-0.01-4E-5-100-2-1.fa	XML-5	25	10772
XML-5/alignment_XML5-4000-0.01-4E-5-100-2-2.fa	XML-5	23	10811
XML-5/alignment_XML5-4000-0.01-4E-5-100-2-3.fa	XML-5	22	10805
XML-5/alignment_XML5-4000-0.01-4E-5-100-3-1.fa	XML-5	25	10763
XML-5/alignment_XML5-4000-0.01-4E-5-100-3-2.fa	XML-5	19	10778
XML-5/alignment_XML5-4000-0.01-4E-5-100-3-3.fa	XML-5	32	10796
XML-5/alignment_XML5-4000-0.01-4E-5-100-4-1.fa	XML-5	19	10799
XML-5/alignment_XML5-4000-0.01-4E-5-100-4-2.fa	XML-5	27	10796
XML-5/alignment_XML5-4000-0.01-4E-5-100-4-3.fa	XML-5	30	10790
XML-5/alignment_XML5-4000-0.01-4E-5-100-5-1.fa	XML-5	28	10763
XML-5/alignment_XML5-4000-0.01-4E-5-100-5-2.fa	XML-5	12	10760
XML-5/alignment_XML5-4000-0.01-4E-5-100-5-3.fa	XML-5	14	10802
XML-5/alignment_XML5-4000-0.01-4E-5-100-6-1.fa	XML-5	27	10781
XML-5/alignment_XML5-4000-0.01-4E-5-100-6-2.fa	XML-5	10	10793
XML-5/alignment_XML5-4000-0.01-4E-5-100-6-3.fa	XML-5	21	10778
XML-5/alignment_XML5-4000-0.01-4E-5-200-1-1.fa	XML-5	42	10814
XML-5/alignment_XML5-4000-0.01-4E-5-200-1-2.fa	XML-5	29	10769
XML-5/alignment_XML5-4000-0.01-4E-5-200-1-3.fa	XML-5	25	10808
XML-5/alignment_XML5-4000-0.01-4E-5-200-2-1.fa	XML-5	29	10811
XML-5/alignment_XML5-4000-0.01-4E-5-200-2-2.fa	XML-5	36	10808
XML-5/alignment_XML5-4000-0.01-4E-5-200-2-3.fa	XML-5	24	10802
XML-5/alignment_XML5-4000-0.01-4E-5-200-3-1.fa	XML-5	17	10817
XML-5/alignment_XML5-4000-0.01-4E-5-200-3-2.fa	XML-5	26	10793
XML-5/alignment_XML5-4000-0.01-4E-5-200-3-3.fa	XML-5	31	10781
XML-5/alignment_XML5-4000-0.01-4E-5-200-4-1.fa	XML-5	30	10784
XML-5/alignment_XML5-4000-0.01-4E-5-200-4-2.fa	XML-5	42	10751
XML-5/alignment_XML5-4000-0.01-4E-5-200-4-3.fa	XML-5	32	10811
XML-5/alignment_XML5-4000-0.01-4E-5-200-5-1.fa	XML-5	27	10796
XML-5/alignment_XML5-4000-0.01-4E-5-200-5-2.fa	XML-5	29	10775
XML-5/alignment_XML5-4000-0.01-4E-5-200-5-3.fa	XML-5	29	10793
XML-5/alignment_XML5-4000-0.01-4E-5-200-6-1.fa	XML-5	25	10781
XML-5/alignment_XML5-4000-0.01-4E-5-200-6-2.fa	XML-5	30	10814
XML-5/alignment_XML5-4000-0.01-4E-5-200-6-3.fa	XML-5	31	10796
XML-5/alignment_XML5-4000-0.01-4E-5-50-1-1.fa	XML-5	15	10757
XML-5/alignment_XML5-4000-0.01-4E-5-50-1-2.fa	XML-5	21	10760
XML-5/alignment_XML5-4000-0.01-4E-5-50-1-3.fa	XML-5	16	10769
XML-5/alignment_XML5-4000-0.01-4E-5-50-2-1.fa	XML-5	19	10781
XML-5/alignment_XML5-4000-0.01-4E-5-50-2-2.fa	XML-5	21	10757
XML-5/alignment_XML5-4000-0.01-4E-5-50-2-3.fa	XML-5	17	10763
XML-5/alignment_XML5-4000-0.01-4E-5-50-3-1.fa	XML-5	17	10748
XML-5/alignment_XML5-4000-0.01-4E-5-50-3-2.fa	XML-5	15	10757
XML-5/alignment_XML5-4000-0.01-4E-5-50-3-3.fa	XML-5	16	10787
XML-5/alignment_XML5-4000-0.01-4E-5-50-4-1.fa	XML-5	15	10775
XML-5/alignment_XML5-4000-0.01-4E-5-50-4-2.fa	XML-5	16	10760
XML-5/alignment_XML5-4000-0.01-4E-5-50-4-3.fa	XML-5	13	10677
XML-5/alignment_XML5-4000-0.01-4E-5-50-5-1.fa	XML-5	12	10754
XML-5/alignment_XML5-4000-0.01-4E-5-50-5-2.fa	XML-5	19	10760
XML-5/alignment_XML5-4000-0.01-4E-5-50-5-3.fa	XML-5	18	10814
XML-5/alignment_XML5-4000-0.01-4E-5-50-6-1.fa	XML-5	17	10775
XML-5/alignment_XML5-4000-0.01-4E-5-50-6-2.fa	XML-5	11	10751
XML-5/alignment_XML5-4000-0.01-4E-5-50-6-3.fa	XML-5	18	10761
XML-5/alignment_XML5-4000-0.01-8E-5-100-1-1.fa	XML-5	23	10778
XML-5/alignment_XML5-4000-0.01-8E-5-100-1-2.fa	XML-5	22	10775
XML-5/alignment_XML5-4000-0.01-8E-5-100-1-3.fa	XML-5	19	10772
XML-5/alignment_XML5-4000-0.01-8E-5-100-2-1.fa	XML-5	16	10766
XML-5/alignment_XML5-4000-0.01-8E-5-100-2-2.fa	XML-5	34	10814
XML-5/alignment_XML5-4000-0.01-8E-5-100-2-3.fa	XML-5	17	10797
XML-5/alignment_XML5-4000-0.01-8E-5-100-3-1.fa	XML-5	20	10763
XML-5/alignment_XML5-4000-0.01-8E-5-100-3-2.fa	XML-5	23	10760
XML-5/alignment_XML5-4000-0.01-8E-5-100-3-3.fa	XML-5	24	10787
XML-5/alignment_XML5-4000-0.01-8E-5-100-4-1.fa	XML-5	20	10769
XML-5/alignment_XML5-4000-0.01-8E-5-100-4-2.fa	XML-5	16	10787
XML-5/alignment_XML5-4000-0.01-8E-5-100-4-3.fa	XML-5	19	10781
XML-5/alignment_XML5-4000-0.01-8E-5-100-5-1.fa	XML-5	30	10799
XML-5/alignment_XML5-4000-0.01-8E-5-100-5-2.fa	XML-5	20	10784
XML-5/alignment_XML5-4000-0.01-8E-5-100-5-3.fa	XML-5	16	10769
XML-5/alignment_XML5-4000-0.01-8E-5-100-6-1.fa	XML-5	18	10754
XML-5/alignment_XML5-4000-0.01-8E-5-100-6-2.fa	XML-5	20	10811
XML-5/alignment_XML5-4000-0.01-8E-5-100-6-3.fa	XML-5	21	10790
XML-5/alignment_XML5-4000-0.01-8E-5-200-1-1.fa	XML-5	29	10799
XML-5/alignment_XML5-4000-0.01-8E-5-200-1-2.fa	XML-5	27	10817
XML-5/alignment_XML5-4000-0.01-8E-5-200-1-3.fa	XML-5	32	10829
XML-5/alignment_XML5-4000-0.01-8E-5-200-2-1.fa	XML-5	22	10796
XML-5/alignment_XML5-4000-0.01-8E-5-200-2-2.fa	XML-5	29	10817
XML-5/alignment_XML5-4000-0.01-8E-5-200-2-3.fa	XML-5	31	10811
XML-5/alignment_XML5-4000-0.01-8E-5-200-3-1.fa	XML-5	36	10838
XML-5/alignment_XML5-4000-0.01-8E-5-200-3-2.fa	XML-5	33	10808
XML-5/alignment_XML5-4000-0.01-8E-5-200-3-3.fa	XML-5	36	10799
XML-5/alignment_XML5-4000-0.01-8E-5-200-4-1.fa	XML-5	32	10808
XML-5/alignment_XML5-4000-0.01-8E-5-200-4-2.fa	XML-5	21	10796
XML-5/alignment_XML5-4000-0.01-8E-5-200-4-3.fa	XML-5	15	10796
XML-5/alignment_XML5-4000-0.01-8E-5-200-5-1.fa	XML-5	25	10772
XML-5/alignment_XML5-4000-0.01-8E-5-200-5-2.fa	XML-5	28	10835
XML-5/alignment_XML5-4000-0.01-8E-5-200-5-3.fa	XML-5	23	10796
XML-5/alignment_XML5-4000-0.01-8E-5-200-6-1.fa	XML-5	25	10811
XML-5/alignment_XML5-4000-0.01-8E-5-200-6-2.fa	XML-5	42	10844
XML-5/alignment_XML5-4000-0.01-8E-5-200-6-3.fa	XML-5	33	10811
XML-5/alignment_XML5-4000-0.01-8E-5-50-1-1.fa	XML-5	18	10778
XML-5/alignment_XML5-4000-0.01-8E-5-50-1-2.fa	XML-5	16	10814
XML-5/alignment_XML5-4000-0.01-8E-5-50-1-3.fa	XML-5	15	10760
XML-5/alignment_XML5-4000-0.01-8E-5-50-2-1.fa	XML-5	12	10763
XML-5/alignment_XML5-4000-0.01-8E-5-50-2-2.fa	XML-5	10	10775
XML-5/alignment_XML5-4000-0.01-8E-5-50-2-3.fa	XML-5	13	10763
XML-5/alignment_XML5-4000-0.01-8E-5-50-3-1.fa	XML-5	15	10772
XML-5/alignment_XML5-4000-0.01-8E-5-50-3-2.fa	XML-5	14	10754
XML-5/alignment_XML5-4000-0.01-8E-5-50-3-3.fa	XML-5	15	10769
XML-5/alignment_XML5-4000-0.01-8E-5-50-4-1.fa	XML-5	14	10772
XML-5/alignment_XML5-4000-0.01-8E-5-50-4-2.fa	XML-5	16	10790
XML-5/alignment_XML5-4000-0.01-8E-5-50-4-3.fa	XML-5	14	10769
XML-5/alignment_XML5-4000-0.01-8E-5-50-5-1.fa	XML-5	17	10754
XML-5/alignment_XML5-4000-0.01-8E-5-50-5-2.fa	XML-5	24	10784
XML-5/alignment_XML5-4000-0.01-8E-5-50-5-3.fa	XML-5	15	10763
XML-5/alignment_XML5-4000-0.01-8E-5-50-6-1.fa	XML-5	10	10763
XML-5/alignment_XML5-4000-0.01-8E-5-50-6-2.fa	XML-5	25	10775
XML-5/alignment_XML5-4000-0.01-8E-5-50-6-3.fa	XML-5	18	10754
XML-5/alignment_XML5-4000-0.02-12E-5-100-1-2.fa	XML-5	47	10790
XML-5/alignment_XML5-4000-0.02-12E-5-100-1-3.fa	XML-5	34	10769
XML-5/alignment_XML5-4000-0.02-12E-5-100-2-1.fa	XML-5	36	10808
XML-5/alignment_XML5-4000-0.02-12E-5-100-2-3.fa	XML-5	45	10790
XML-5/alignment_XML5-4000-0.02-12E-5-100-3-1.fa	XML-5	38	10808
XML-5/alignment_XML5-4000-0.02-12E-5-100-3-2.fa	XML-5	30	10832
XML-5/alignment_XML5-4000-0.02-12E-5-100-3-3.fa	XML-5	44	10769
XML-5/alignment_XML5-4000-0.02-12E-5-100-4-1.fa	XML-5	44	10787
XML-5/alignment_XML5-4000-0.02-12E-5-100-4-2.fa	XML-5	36	10793
XML-5/alignment_XML5-4000-0.02-12E-5-100-4-3.fa	XML-5	43	10802
XML-5/alignment_XML5-4000-0.02-12E-5-100-5-1.fa	XML-5	48	10811
XML-5/alignment_XML5-4000-0.02-12E-5-100-5-2.fa	XML-5	49	10778
XML-5/alignment_XML5-4000-0.02-12E-5-100-5-3.fa	XML-5	33	10775
XML-5/alignment_XML5-4000-0.02-12E-5-100-6-1.fa	XML-5	46	10832
XML-5/alignment_XML5-4000-0.02-12E-5-100-6-2.fa	XML-5	41	10775
XML-5/alignment_XML5-4000-0.02-12E-5-100-6-3.fa	XML-5	39	10793
XML-5/alignment_XML5-4000-0.02-12E-5-200-1-1.fa	XML-5	42	10874
XML-5/alignment_XML5-4000-0.02-12E-5-200-1-2.fa	XML-5	60	10805
XML-5/alignment_XML5-4000-0.02-12E-5-200-1-3.fa	XML-5	53	10862
XML-5/alignment_XML5-4000-0.02-12E-5-200-2-1.fa	XML-5	45	10781
XML-5/alignment_XML5-4000-0.02-12E-5-200-2-2.fa	XML-5	54	10829
XML-5/alignment_XML5-4000-0.02-12E-5-200-2-3.fa	XML-5	37	10835
XML-5/alignment_XML5-4000-0.02-12E-5-200-3-1.fa	XML-5	40	10829
XML-5/alignment_XML5-4000-0.02-12E-5-200-3-2.fa	XML-5	61	10817
XML-5/alignment_XML5-4000-0.02-12E-5-200-3-3.fa	XML-5	61	10835
XML-5/alignment_XML5-4000-0.02-12E-5-200-4-1.fa	XML-5	63	10808
XML-5/alignment_XML5-4000-0.02-12E-5-200-4-2.fa	XML-5	52	10832
XML-5/alignment_XML5-4000-0.02-12E-5-200-4-3.fa	XML-5	60	10802
XML-5/alignment_XML5-4000-0.02-12E-5-200-5-1.fa	XML-5	55	10805
XML-5/alignment_XML5-4000-0.02-12E-5-200-5-2.fa	XML-5	56	10820
XML-5/alignment_XML5-4000-0.02-12E-5-200-5-3.fa	XML-5	43	10805
XML-5/alignment_XML5-4000-0.02-12E-5-200-6-1.fa	XML-5	54	10817
XML-5/alignment_XML5-4000-0.02-12E-5-200-6-2.fa	XML-5	49	10835
XML-5/alignment_XML5-4000-0.02-12E-5-200-6-3.fa	XML-5	49	10835
XML-5/alignment_XML5-4000-0.02-12E-5-50-1-1.fa	XML-5	30	10766
XML-5/alignment_XML5-4000-0.02-12E-5-50-1-2.fa	XML-5	19	10754
XML-5/alignment_XML5-4000-0.02-12E-5-50-1-3.fa	XML-5	24	10790
XML-5/alignment_XML5-4000-0.02-12E-5-50-2-1.fa	XML-5	20	10772
XML-5/alignment_XML5-4000-0.02-12E-5-50-2-2.fa	XML-5	28	10796
XML-5/alignment_XML5-4000-0.02-12E-5-50-2-3.fa	XML-5	27	10748
XML-5/alignment_XML5-4000-0.02-12E-5-50-3-1.fa	XML-5	32	10805
XML-5/alignment_XML5-4000-0.02-12E-5-50-3-2.fa	XML-5	17	10784
XML-5/alignment_XML5-4000-0.02-12E-5-50-3-3.fa	XML-5	16	10763
XML-5/alignment_XML5-4000-0.02-12E-5-50-4-1.fa	XML-5	28	10781
XML-5/alignment_XML5-4000-0.02-12E-5-50-4-2.fa	XML-5	24	10766
XML-5/alignment_XML5-4000-0.02-12E-5-50-4-3.fa	XML-5	25	10808
XML-5/alignment_XML5-4000-0.02-12E-5-50-5-1.fa	XML-5	23	10781
XML-5/alignment_XML5-4000-0.02-12E-5-50-5-2.fa	XML-5	18	10784
XML-5/alignment_XML5-4000-0.02-12E-5-50-5-3.fa	XML-5	32	10790
XML-5/alignment_XML5-4000-0.02-12E-5-50-6-1.fa	XML-5	17	10790
XML-5/alignment_XML5-4000-0.02-12E-5-50-6-2.fa	XML-5	27	10796
XML-5/alignment_XML5-4000-0.02-12E-5-50-6-3.fa	XML-5	21	10757
XML-5/alignment_XML5-4000-0.02-4E-5-100-1-1.fa	XML-5	32	10820
XML-5/alignment_XML5-4000-0.02-4E-5-100-1-2.fa	XML-5	48	10823
XML-5/alignment_XML5-4000-0.02-4E-5-100-1-3.fa	XML-5	41	10835
XML-5/alignment_XML5-4000-0.02-4E-5-100-2-1.fa	XML-5	31	10829
XML-5/alignment_XML5-4000-0.02-4E-5-100-2-2.fa	XML-5	37	10775
XML-5/alignment_XML5-4000-0.02-4E-5-100-3-1.fa	XML-5	39	10814
XML-5/alignment_XML5-4000-0.02-4E-5-100-3-2.fa	XML-5	27	10772
XML-5/alignment_XML5-4000-0.02-4E-5-100-3-3.fa	XML-5	35	10784
XML-5/alignment_XML5-4000-0.02-4E-5-100-4-1.fa	XML-5	33	10787
XML-5/alignment_XML5-4000-0.02-4E-5-100-4-2.fa	XML-5	34	10793
XML-5/alignment_XML5-4000-0.02-4E-5-100-4-3.fa	XML-5	40	10835
XML-5/alignment_XML5-4000-0.02-4E-5-100-5-1.fa	XML-5	35	10760
XML-5/alignment_XML5-4000-0.02-4E-5-100-5-2.fa	XML-5	34	10780
XML-5/alignment_XML5-4000-0.02-4E-5-100-5-3.fa	XML-5	42	10802
XML-5/alignment_XML5-4000-0.02-4E-5-100-6-1.fa	XML-5	34	10781
XML-5/alignment_XML5-4000-0.02-4E-5-100-6-2.fa	XML-5	35	10799
XML-5/alignment_XML5-4000-0.02-4E-5-100-6-3.fa	XML-5	33	10805
XML-5/alignment_XML5-4000-0.02-4E-5-200-1-1.fa	XML-5	44	10826
XML-5/alignment_XML5-4000-0.02-4E-5-200-1-2.fa	XML-5	61	10808
XML-5/alignment_XML5-4000-0.02-4E-5-200-1-3.fa	XML-5	52	10859
XML-5/alignment_XML5-4000-0.02-4E-5-200-2-1.fa	XML-5	56	10781
XML-5/alignment_XML5-4000-0.02-4E-5-200-2-2.fa	XML-5	41	10790
XML-5/alignment_XML5-4000-0.02-4E-5-200-2-3.fa	XML-5	53	10781
XML-5/alignment_XML5-4000-0.02-4E-5-200-3-1.fa	XML-5	39	10799
XML-5/alignment_XML5-4000-0.02-4E-5-200-3-2.fa	XML-5	54	10832
XML-5/alignment_XML5-4000-0.02-4E-5-200-3-3.fa	XML-5	51	10838
XML-5/alignment_XML5-4000-0.02-4E-5-200-4-1.fa	XML-5	57	10814
XML-5/alignment_XML5-4000-0.02-4E-5-200-4-2.fa	XML-5	57	10796
XML-5/alignment_XML5-4000-0.02-4E-5-200-4-3.fa	XML-5	55	10823
XML-5/alignment_XML5-4000-0.02-4E-5-200-5-1.fa	XML-5	47	10829
XML-5/alignment_XML5-4000-0.02-4E-5-200-5-2.fa	XML-5	48	10799
XML-5/alignment_XML5-4000-0.02-4E-5-200-5-3.fa	XML-5	52	10832
XML-5/alignment_XML5-4000-0.02-4E-5-200-6-1.fa	XML-5	49	10811
XML-5/alignment_XML5-4000-0.02-4E-5-200-6-2.fa	XML-5	56	10841
XML-5/alignment_XML5-4000-0.02-4E-5-50-1-1.fa	XML-5	22	10796
XML-5/alignment_XML5-4000-0.02-4E-5-50-1-2.fa	XML-5	34	10793
XML-5/alignment_XML5-4000-0.02-4E-5-50-2-1.fa	XML-5	12	10748
XML-5/alignment_XML5-4000-0.02-4E-5-50-2-2.fa	XML-5	30	10760
XML-5/alignment_XML5-4000-0.02-4E-5-50-2-3.fa	XML-5	34	10763
XML-5/alignment_XML5-4000-0.02-4E-5-50-3-1.fa	XML-5	28	10799
XML-5/alignment_XML5-4000-0.02-4E-5-50-3-2.fa	XML-5	31	10835
XML-5/alignment_XML5-4000-0.02-4E-5-50-3-3.fa	XML-5	13	10817
XML-5/alignment_XML5-4000-0.02-4E-5-50-4-1.fa	XML-5	17	10766
XML-5/alignment_XML5-4000-0.02-4E-5-50-4-2.fa	XML-5	19	10805
XML-5/alignment_XML5-4000-0.02-4E-5-50-4-3.fa	XML-5	30	10781
XML-5/alignment_XML5-4000-0.02-4E-5-50-5-1.fa	XML-5	34	10757
XML-5/alignment_XML5-4000-0.02-4E-5-50-5-2.fa	XML-5	22	10772
XML-5/alignment_XML5-4000-0.02-4E-5-50-5-3.fa	XML-5	22	10778
XML-5/alignment_XML5-4000-0.02-4E-5-50-6-1.fa	XML-5	23	10802
XML-5/alignment_XML5-4000-0.02-4E-5-50-6-2.fa	XML-5	18	10769
XML-5/alignment_XML5-4000-0.02-4E-5-50-6-3.fa	XML-5	33	10766
XML-5/alignment_XML5-4000-0.02-8E-5-100-1-1.fa	XML-5	49	10799
XML-5/alignment_XML5-4000-0.02-8E-5-100-1-2.fa	XML-5	25	10760
XML-5/alignment_XML5-4000-0.02-8E-5-100-1-3.fa	XML-5	43	10802
XML-5/alignment_XML5-4000-0.02-8E-5-100-2-1.fa	XML-5	32	10787
XML-5/alignment_XML5-4000-0.02-8E-5-100-2-3.fa	XML-5	37	10802
XML-5/alignment_XML5-4000-0.02-8E-5-100-3-1.fa	XML-5	38	10796
XML-5/alignment_XML5-4000-0.02-8E-5-100-3-2.fa	XML-5	36	10775
XML-5/alignment_XML5-4000-0.02-8E-5-100-3-3.fa	XML-5	38	10820
XML-5/alignment_XML5-4000-0.02-8E-5-100-4-1.fa	XML-5	31	10814
XML-5/alignment_XML5-4000-0.02-8E-5-100-4-2.fa	XML-5	36	10790
XML-5/alignment_XML5-4000-0.02-8E-5-100-4-3.fa	XML-5	42	10811
XML-5/alignment_XML5-4000-0.02-8E-5-100-5-1.fa	XML-5	35	10790
XML-5/alignment_XML5-4000-0.02-8E-5-100-5-2.fa	XML-5	40	10778
XML-5/alignment_XML5-4000-0.02-8E-5-100-5-3.fa	XML-5	41	10808
XML-5/alignment_XML5-4000-0.02-8E-5-100-6-1.fa	XML-5	43	10784
XML-5/alignment_XML5-4000-0.02-8E-5-100-6-2.fa	XML-5	36	10772
XML-5/alignment_XML5-4000-0.02-8E-5-100-6-3.fa	XML-5	37	10790
XML-5/alignment_XML5-4000-0.02-8E-5-200-1-1.fa	XML-5	51	10814
XML-5/alignment_XML5-4000-0.02-8E-5-200-1-2.fa	XML-5	50	10850
XML-5/alignment_XML5-4000-0.02-8E-5-200-1-3.fa	XML-5	77	10835
XML-5/alignment_XML5-4000-0.02-8E-5-200-2-1.fa	XML-5	56	10844
XML-5/alignment_XML5-4000-0.02-8E-5-200-2-2.fa	XML-5	27	10805
XML-5/alignment_XML5-4000-0.02-8E-5-200-2-3.fa	XML-5	54	10823
XML-5/alignment_XML5-4000-0.02-8E-5-200-3-1.fa	XML-5	62	10796
XML-5/alignment_XML5-4000-0.02-8E-5-200-3-2.fa	XML-5	34	10853
XML-5/alignment_XML5-4000-0.02-8E-5-200-3-3.fa	XML-5	42	10868
XML-5/alignment_XML5-4000-0.02-8E-5-200-4-1.fa	XML-5	61	10835
XML-5/alignment_XML5-4000-0.02-8E-5-200-4-2.fa	XML-5	49	10805
XML-5/alignment_XML5-4000-0.02-8E-5-200-4-3.fa	XML-5	43	10874
XML-5/alignment_XML5-4000-0.02-8E-5-200-5-1.fa	XML-5	69	10835
XML-5/alignment_XML5-4000-0.02-8E-5-200-5-2.fa	XML-5	41	10805
XML-5/alignment_XML5-4000-0.02-8E-5-200-5-3.fa	XML-5	66	10832
XML-5/alignment_XML5-4000-0.02-8E-5-200-6-1.fa	XML-5	62	10796
XML-5/alignment_XML5-4000-0.02-8E-5-200-6-2.fa	XML-5	72	10790
XML-5/alignment_XML5-4000-0.02-8E-5-200-6-3.fa	XML-5	45	10832
XML-5/alignment_XML5-4000-0.02-8E-5-50-1-1.fa	XML-5	33	10769
XML-5/alignment_XML5-4000-0.02-8E-5-50-1-2.fa	XML-5	26	10757
XML-5/alignment_XML5-4000-0.02-8E-5-50-1-3.fa	XML-5	23	10778
XML-5/alignment_XML5-4000-0.02-8E-5-50-2-1.fa	XML-5	20	10814
XML-5/alignment_XML5-4000-0.02-8E-5-50-2-2.fa	XML-5	27	10766
XML-5/alignment_XML5-4000-0.02-8E-5-50-2-3.fa	XML-5	23	10775
XML-5/alignment_XML5-4000-0.02-8E-5-50-3-1.fa	XML-5	23	10739
XML-5/alignment_XML5-4000-0.02-8E-5-50-3-2.fa	XML-5	27	10784
XML-5/alignment_XML5-4000-0.02-8E-5-50-3-3.fa	XML-5	20	10811
XML-5/alignment_XML5-4000-0.02-8E-5-50-4-1.fa	XML-5	28	10784
XML-5/alignment_XML5-4000-0.02-8E-5-50-4-3.fa	XML-5	29	10820
XML-5/alignment_XML5-4000-0.02-8E-5-50-5-1.fa	XML-5	29	10760
XML-5/alignment_XML5-4000-0.02-8E-5-50-5-2.fa	XML-5	24	10742
XML-5/alignment_XML5-4000-0.02-8E-5-50-5-3.fa	XML-5	39	10820
XML-5/alignment_XML5-4000-0.02-8E-5-50-6-1.fa	XML-5	30	10763
XML-5/alignment_XML5-4000-0.02-8E-5-50-6-2.fa	XML-5	25	10805
XML-5/alignment_XML5-4000-0.02-8E-5-50-6-3.fa	XML-5	19	10778
long_content_30k_001/long30k_001_gc3250_rp0.01_mr8E-5_ss100.fa	long_content_30k_001	195	29902
long_content_30k_001/long30k_003_gc4000_rp0.02_mr8E-5_ss50.fa	long_content_30k_001	54	28692
long_content_30k_001/long30k_004_gc3250_rp0.01_mr12E-5_ss200.fa	long_content_30k_001	158	29902
long_content_30k_001/long30k_005_gc3250_rp0.01_mr4E-5_ss200.fa	long_content_30k_001	53	14829
long_content_30k_001/long30k_006_gc2500_rp0.02_mr4E-5_ss100.fa	long_content_30k_001	99	29902
long_content_30k_001/long30k_007_gc2500_rp0.005_mr4E-5_ss100.fa	long_content_30k_001	57	25740
long_content_30k_001/long30k_009_gc3250_rp0.005_mr4E-5_ss100.fa	long_content_30k_001	1	15843
long_content_30k_001/long30k_010_gc2500_rp0.02_mr8E-5_ss200.fa	long_content_30k_001	1043	29902
long_content_30k_001/long30k_012_gc3250_rp0.02_mr4E-5_ss100.fa	long_content_30k_001	202	29902
long_content_30k_001/long30k_014_gc4000_rp0.02_mr12E-5_ss50.fa	long_content_30k_001	27	10443
long_content_30k_001/long30k_015_gc4000_rp0.01_mr4E-5_ss100.fa	long_content_30k_001	165	29902
long_content_30k_001/long30k_016_gc4000_rp0.005_mr12E-5_ss50.fa	long_content_30k_001	15	24972
long_content_30k_001/long30k_017_gc3250_rp0.005_mr8E-5_ss200.fa	long_content_30k_001	1	26286
long_content_30k_001/long30k_019_gc4000_rp0.005_mr8E-5_ss200.fa	long_content_30k_001	8	11064
long_content_30k_001/long30k_021_gc4000_rp0.005_mr8E-5_ss100.fa	long_content_30k_001	11	25641
long_content_30k_001/long30k_022_gc4000_rp0.01_mr12E-5_ss100.fa	long_content_30k_001	199	29902
long_content_30k_001/long30k_024_gc3250_rp0.02_mr12E-5_ss200.fa	long_content_30k_001	26	28170
long_content_30k_001/long30k_025_gc2500_rp0.01_mr4E-5_ss100.fa	long_content_30k_001	68	29902
long_content_30k_001/long30k_026_gc4000_rp0.01_mr4E-5_ss200.fa	long_content_30k_001	135	29902
long_content_30k_001/long30k_027_gc2500_rp0.005_mr4E-5_ss200.fa	long_content_30k_001	33	29902
long_content_30k_001/long30k_029_gc3250_rp0.005_mr12E-5_ss100.fa	long_content_30k_001	28	24591
long_content_30k_001/long30k_030_gc2500_rp0.01_mr4E-5_ss200.fa	long_content_30k_001	29	19698
long_content_30k_001/long30k_031_gc4000_rp0.02_mr4E-5_ss200.fa	long_content_30k_001	914	29902
long_content_30k_001/long30k_032_gc4000_rp0.02_mr4E-5_ss50.fa	long_content_30k_001	50	29902
long_content_30k_001/long30k_033_gc2500_rp0.005_mr4E-5_ss50.fa	long_content_30k_001	5	12777
long_content_30k_001/long30k_034_gc2500_rp0.02_mr8E-5_ss100.fa	long_content_30k_001	44	29902
long_content_30k_001/long30k_037_gc2500_rp0.005_mr12E-5_ss50.fa	long_content_30k_001	6	26049
long_content_30k_001/long30k_038_gc3250_rp0.02_mr12E-5_ss50.fa	long_content_30k_001	85	28881
long_content_30k_001/long30k_039_gc4000_rp0.02_mr12E-5_ss200.fa	long_content_30k_001	264	29902
long_content_30k_001/long30k_040_gc3250_rp0.01_mr12E-5_ss50.fa	long_content_30k_001	25	4074
long_content_30k_001/long30k_041_gc3250_rp0.02_mr8E-5_ss100.fa	long_content_30k_001	80	28083
long_content_30k_001/long30k_042_gc3250_rp0.01_mr4E-5_ss50.fa	long_content_30k_001	57	21825
long_content_30k_001/long30k_045_gc3250_rp0.01_mr8E-5_ss50.fa	long_content_30k_001	9	5649
long_content_30k_001/long30k_046_gc4000_rp0.005_mr12E-5_ss100.fa	long_content_30k_001	74	11601
long_content_30k_001/long30k_047_gc3250_rp0.02_mr8E-5_ss50.fa	long_content_30k_001	56	29902
long_content_30k_001/long30k_048_gc4000_rp0.01_mr12E-5_ss200.fa	long_content_30k_001	60	29902
long_content_30k_001/long30k_051_gc2500_rp0.005_mr8E-5_ss200.fa	long_content_30k_001	5	29902
long_content_30k_001/long30k_052_gc2500_rp0.02_mr12E-5_ss100.fa	long_content_30k_001	70	29902
long_content_30k_001/long30k_053_gc3250_rp0.01_mr12E-5_ss100.fa	long_content_30k_001	22	25170
long_content_30k_001/long30k_054_gc2500_rp0.02_mr8E-5_ss50.fa	long_content_30k_001	43	27180
long_content_30k_001/long30k_055_gc2500_rp0.02_mr12E-5_ss200.fa	long_content_30k_001	733	29902
long_content_30k_001/long30k_056_gc4000_rp0.02_mr8E-5_ss100.fa	long_content_30k_001	279	27066
long_content_30k_001/long30k_057_gc3250_rp0.02_mr4E-5_ss50.fa	long_content_30k_001	4	29902
long_content_30k_001/long30k_058_gc2500_rp0.01_mr12E-5_ss200.fa	long_content_30k_001	28	6990
long_content_30k_001/long30k_059_gc2500_rp0.005_mr8E-5_ss100.fa	long_content_30k_001	11	18330
long_content_30k_001/long30k_062_gc3250_rp0.02_mr8E-5_ss200.fa	long_content_30k_001	31	17259
long_content_30k_001/long30k_063_gc2500_rp0.005_mr12E-5_ss100.fa	long_content_30k_001	44	28788
long_content_30k_001/long30k_064_gc4000_rp0.02_mr8E-5_ss200.fa	long_content_30k_001	15	20685
long_content_30k_001/long30k_065_gc2500_rp0.02_mr4E-5_ss200.fa	long_content_30k_001	4	15108
long_content_30k_001/long30k_066_gc2500_rp0.02_mr12E-5_ss50.fa	long_content_30k_001	64	28095
long_content_30k_001/long30k_067_gc4000_rp0.01_mr8E-5_ss100.fa	long_content_30k_001	93	29902
long_content_30k_001/long30k_068_gc2500_rp0.01_mr8E-5_ss100.fa	long_content_30k_001	36	13680
long_content_30k_001/long30k_069_gc4000_rp0.02_mr12E-5_ss100.fa	long_content_30k_001	241	29902
long_content_30k_001/long30k_071_gc2500_rp0.01_mr8E-5_ss50.fa	long_content_30k_001	60	29902
long_content_30k_001/long30k_072_gc3250_rp0.005_mr4E-5_ss200.fa	long_content_30k_001	33	29902
long_content_30k_001/long30k_073_gc4000_rp0.02_mr4E-5_ss100.fa	long_content_30k_001	118	26220
long_content_30k_001/long30k_074_gc3250_rp0.02_mr4E-5_ss200.fa	long_content_30k_001	164	28023
long_content_30k_001/long30k_075_gc3250_rp0.02_mr12E-5_ss100.fa	long_content_30k_001	52	29902
long_content_30k_001/long30k_076_gc2500_rp0.01_mr12E-5_ss100.fa	long_content_30k_001	56	21597
long_content_30k_001/long30k_077_gc4000_rp0.01_mr8E-5_ss200.fa	long_content_30k_001	232	29902
long_content_30k_001/long30k_078_gc4000_rp0.01_mr4E-5_ss50.fa	long_content_30k_001	7	29902
long_content_30k_001/long30k_079_gc2500_rp0.02_mr4E-5_ss50.fa	long_content_30k_001	62	29902
long_content_30k_001/long30k_080_gc3250_rp0.01_mr4E-5_ss100.fa	long_content_30k_001	16	4926
long_content_30k_001/long30k_081_gc4000_rp0.01_mr12E-5_ss50.fa	long_content_30k_001	75	29902
long_content_30k_001/long30k_084_gc4000_rp0.02_mr8E-5_ss50.fa	long_content_30k_001	54	29902
long_content_30k_001/long30k_085_gc3250_rp0.01_mr12E-5_ss200.fa	long_content_30k_001	4	29850
long_content_30k_001/long30k_087_gc2500_rp0.02_mr4E-5_ss100.fa	long_content_30k_001	21	29902
long_content_30k_001/long30k_088_gc2500_rp0.005_mr4E-5_ss100.fa	long_content_30k_001	132	29902
long_content_30k_001/long30k_089_gc2500_rp0.005_mr8E-5_ss50.fa	long_content_30k_001	7	28254
long_content_30k_001/long30k_090_gc3250_rp0.005_mr4E-5_ss100.fa	long_content_30k_001	16	29902
long_content_30k_001/long30k_091_gc2500_rp0.02_mr8E-5_ss200.fa	long_content_30k_001	209	29902
long_content_30k_001/long30k_093_gc3250_rp0.02_mr4E-5_ss100.fa	long_content_30k_001	4	29902
long_content_30k_001/long30k_095_gc4000_rp0.02_mr12E-5_ss50.fa	long_content_30k_001	54	29902
long_content_30k_001/long30k_099_gc2500_rp0.01_mr8E-5_ss200.fa	long_content_30k_001	60	29902
long_content_30k_001/long30k_100_gc4000_rp0.005_mr8E-5_ss200.fa	long_content_30k_001	12	7554
long_content_30k_001/long30k_102_gc4000_rp0.005_mr8E-5_ss100.fa	long_content_30k_001	2	21345
long_content_30k_001/long30k_103_gc4000_rp0.01_mr12E-5_ss100.fa	long_content_30k_001	65	29787
long_content_30k_001/long30k_104_gc3250_rp0.01_mr8E-5_ss200.fa	long_content_30k_001	54	13815
long_content_30k_001/long30k_105_gc3250_rp0.02_mr12E-5_ss200.fa	long_content_30k_001	166	29902
long_content_30k_001/long30k_106_gc2500_rp0.01_mr4E-5_ss100.fa	long_content_30k_001	9	29902
long_content_30k_001/long30k_107_gc4000_rp0.01_mr4E-5_ss200.fa	long_content_30k_001	42	29902
long_content_30k_001/long30k_108_gc2500_rp0.005_mr4E-5_ss200.fa	long_content_30k_001	8	29902
long_content_30k_001/long30k_109_gc4000_rp0.005_mr4E-5_ss100.fa	long_content_30k_001	4	26793
long_content_30k_001/long30k_111_gc2500_rp0.01_mr4E-5_ss200.fa	long_content_30k_001	25	2418
long_content_30k_001/long30k_112_gc4000_rp0.02_mr4E-5_ss200.fa	long_content_30k_001	198	29902
long_content_30k_001/long30k_113_gc4000_rp0.02_mr4E-5_ss50.fa	long_content_30k_001	55	25605
long_content_30k_001/long30k_114_gc2500_rp0.005_mr4E-5_ss50.fa	long_content_30k_001	34	27561
long_content_30k_001/long30k_115_gc2500_rp0.02_mr8E-5_ss100.fa	long_content_30k_001	7	29902
long_content_30k_001/long30k_117_gc4000_rp0.005_mr4E-5_ss200.fa	long_content_30k_001	3	8433
long_content_30k_001/long30k_118_gc2500_rp0.005_mr12E-5_ss50.fa	long_content_30k_001	4	29902
long_content_30k_001/long30k_119_gc3250_rp0.02_mr12E-5_ss50.fa	long_content_30k_001	29	29691
long_content_30k_001/long30k_120_gc4000_rp0.02_mr12E-5_ss200.fa	long_content_30k_001	135	29902
long_content_30k_001/long30k_121_gc3250_rp0.01_mr12E-5_ss50.fa	long_content_30k_001	5	12189
long_content_30k_001/long30k_122_gc3250_rp0.02_mr8E-5_ss100.fa	long_content_30k_001	173	29902
long_content_30k_001/long30k_123_gc3250_rp0.01_mr4E-5_ss50.fa	long_content_30k_001	17	29902
long_content_30k_001/long30k_124_gc3250_rp0.005_mr8E-5_ss100.fa	long_content_30k_001	92	4239
long_content_30k_001/long30k_125_gc4000_rp0.01_mr8E-5_ss50.fa	long_content_30k_001	4	29902
long_content_30k_001/long30k_126_gc3250_rp0.01_mr8E-5_ss50.fa	long_content_30k_001	18	19863
long_content_30k_001/long30k_127_gc4000_rp0.005_mr12E-5_ss100.fa	long_content_30k_001	147	26262
long_content_30k_001/long30k_128_gc3250_rp0.02_mr8E-5_ss50.fa	long_content_30k_001	4	29902
long_content_30k_001/long30k_129_gc4000_rp0.01_mr12E-5_ss200.fa	long_content_30k_001	203	29902
long_content_30k_001/long30k_131_gc3250_rp0.005_mr4E-5_ss50.fa	long_content_30k_001	23	14505
long_content_30k_001/long30k_132_gc2500_rp0.005_mr8E-5_ss200.fa	long_content_30k_001	10	25527
long_content_30k_001/long30k_133_gc2500_rp0.02_mr12E-5_ss100.fa	long_content_30k_001	6	9876
long_content_30k_001/long30k_134_gc3250_rp0.01_mr12E-5_ss100.fa	long_content_30k_001	170	29902
long_content_30k_001/long30k_135_gc2500_rp0.02_mr8E-5_ss50.fa	long_content_30k_001	30	27258
long_content_30k_001/long30k_136_gc2500_rp0.02_mr12E-5_ss200.fa	long_content_30k_001	205	29902
long_content_30k_001/long30k_137_gc4000_rp0.02_mr8E-5_ss100.fa	long_content_30k_001	7	13323
long_content_30k_001/long30k_138_gc3250_rp0.02_mr4E-5_ss50.fa	long_content_30k_001	33	27474
long_content_30k_001/long30k_139_gc2500_rp0.01_mr12E-5_ss200.fa	long_content_30k_001	463	21525
long_content_30k_001/long30k_140_gc2500_rp0.005_mr8E-5_ss100.fa	long_content_30k_001	33	29902
long_content_30k_001/long30k_142_gc4000_rp0.005_mr8E-5_ss50.fa	long_content_30k_001	6	27435
long_content_30k_001/long30k_143_gc3250_rp0.02_mr8E-5_ss200.fa	long_content_30k_001	150	29902
long_content_30k_001/long30k_144_gc2500_rp0.005_mr12E-5_ss100.fa	long_content_30k_001	21	3765
long_content_30k_001/long30k_145_gc4000_rp0.02_mr8E-5_ss200.fa	long_content_30k_001	73	29902
long_content_30k_001/long30k_146_gc2500_rp0.02_mr4E-5_ss200.fa	long_content_30k_001	73	29902
long_content_30k_001/long30k_147_gc2500_rp0.02_mr12E-5_ss50.fa	long_content_30k_001	35	29902
long_content_30k_001/long30k_148_gc4000_rp0.01_mr8E-5_ss100.fa	long_content_30k_001	2	28521
long_content_30k_001/long30k_149_gc2500_rp0.01_mr8E-5_ss100.fa	long_content_30k_001	7	5130
long_content_30k_001/long30k_150_gc4000_rp0.02_mr12E-5_ss100.fa	long_content_30k_001	46	29902
long_content_30k_001/long30k_152_gc2500_rp0.01_mr8E-5_ss50.fa	long_content_30k_001	1	9252
long_content_30k_001/long30k_154_gc4000_rp0.02_mr4E-5_ss100.fa	long_content_30k_001	153	29902
long_content_30k_001/long30k_155_gc3250_rp0.02_mr4E-5_ss200.fa	long_content_30k_001	276	29902
long_content_30k_001/long30k_156_gc3250_rp0.02_mr12E-5_ss100.fa	long_content_30k_001	1	23193
long_content_30k_001/long30k_158_gc4000_rp0.01_mr8E-5_ss200.fa	long_content_30k_001	225	29902
long_content_30k_001/long30k_160_gc2500_rp0.02_mr4E-5_ss50.fa	long_content_30k_001	2	29902
long_content_30k_001/long30k_161_gc3250_rp0.01_mr4E-5_ss100.fa	long_content_30k_001	13	29902
long_content_30k_001/long30k_162_gc4000_rp0.01_mr12E-5_ss50.fa	long_content_30k_001	9	25239
long_content_30k_001/long30k_163_gc3250_rp0.01_mr8E-5_ss100.fa	long_content_30k_001	12	29902
long_content_30k_001/long30k_164_gc2500_rp0.005_mr12E-5_ss200.fa	long_content_30k_001	41	29902
long_content_30k_001/long30k_165_gc4000_rp0.02_mr8E-5_ss50.fa	long_content_30k_001	22	23973
long_content_30k_001/long30k_166_gc3250_rp0.01_mr12E-5_ss200.fa	long_content_30k_001	109	29902
long_content_30k_001/long30k_168_gc2500_rp0.02_mr4E-5_ss100.fa	long_content_30k_001	10	29902
long_content_30k_001/long30k_169_gc2500_rp0.005_mr4E-5_ss100.fa	long_content_30k_001	53	24855
long_content_30k_001/long30k_171_gc3250_rp0.005_mr4E-5_ss100.fa	long_content_30k_001	35	24747
long_content_30k_001/long30k_172_gc2500_rp0.02_mr8E-5_ss200.fa	long_content_30k_001	66	29902
long_content_30k_001/long30k_173_gc3250_rp0.005_mr8E-5_ss50.fa	long_content_30k_001	1	24873
long_content_30k_001/long30k_174_gc3250_rp0.02_mr4E-5_ss100.fa	long_content_30k_001	14	26151
long_content_30k_001/long30k_176_gc4000_rp0.02_mr12E-5_ss50.fa	long_content_30k_001	7	29902
long_content_30k_001/long30k_177_gc4000_rp0.01_mr4E-5_ss100.fa	long_content_30k_001	98	29902
long_content_30k_001/long30k_181_gc4000_rp0.005_mr8E-5_ss200.fa	long_content_30k_001	88	8019
long_content_30k_001/long30k_182_gc4000_rp0.005_mr12E-5_ss200.fa	long_content_30k_001	2	29902
long_content_30k_001/long30k_184_gc4000_rp0.01_mr12E-5_ss100.fa	long_content_30k_001	55	21210
long_content_30k_001/long30k_186_gc3250_rp0.02_mr12E-5_ss200.fa	long_content_30k_001	6	29902
long_content_30k_001/long30k_187_gc2500_rp0.01_mr4E-5_ss100.fa	long_content_30k_001	126	29902
long_content_30k_001/long30k_188_gc4000_rp0.01_mr4E-5_ss200.fa	long_content_30k_001	375	29902
long_content_30k_001/long30k_189_gc2500_rp0.005_mr4E-5_ss200.fa	long_content_30k_001	242	29902
long_content_30k_001/long30k_191_gc3250_rp0.005_mr12E-5_ss100.fa	long_content_30k_001	12	29902
long_content_30k_001/long30k_192_gc2500_rp0.01_mr4E-5_ss200.fa	long_content_30k_001	34	29902
long_content_30k_001/long30k_193_gc4000_rp0.02_mr4E-5_ss200.fa	long_content_30k_001	200	24360
long_content_30k_001/long30k_194_gc4000_rp0.02_mr4E-5_ss50.fa	long_content_30k_001	9	29902
long_content_30k_001/long30k_196_gc2500_rp0.02_mr8E-5_ss100.fa	long_content_30k_001	11	28686
long_content_30k_001/long30k_197_gc2500_rp0.01_mr12E-5_ss50.fa	long_content_30k_001	1	6381
long_content_30k_001/long30k_198_gc4000_rp0.005_mr4E-5_ss200.fa	long_content_30k_001	3	29902
long_content_30k_001/long30k_199_gc2500_rp0.005_mr12E-5_ss50.fa	long_content_30k_001	9	2880
long_content_30k_001/long30k_200_gc3250_rp0.02_mr12E-5_ss50.fa	long_content_30k_001	11	29902
long_content_30k_001/long30k_201_gc4000_rp0.02_mr12E-5_ss200.fa	long_content_30k_001	81	15636
long_content_30k_001/long30k_202_gc3250_rp0.01_mr12E-5_ss50.fa	long_content_30k_001	48	27657
long_content_30k_001/long30k_203_gc3250_rp0.02_mr8E-5_ss100.fa	long_content_30k_001	70	29902
long_content_30k_001/long30k_204_gc3250_rp0.01_mr4E-5_ss50.fa	long_content_30k_001	3	1956
long_content_30k_001/long30k_206_gc4000_rp0.01_mr8E-5_ss50.fa	long_content_30k_001	1	9801
long_content_30k_001/long30k_207_gc3250_rp0.01_mr8E-5_ss50.fa	long_content_30k_001	6	29902
long_content_30k_001/long30k_208_gc4000_rp0.005_mr12E-5_ss100.fa	long_content_30k_001	11	16920
long_content_30k_001/long30k_209_gc3250_rp0.02_mr8E-5_ss50.fa	long_content_30k_001	1	11892
long_content_30k_001/long30k_210_gc4000_rp0.01_mr12E-5_ss200.fa	long_content_30k_001	108	27960
long_content_30k_001/long30k_211_gc4000_rp0.005_mr4E-5_ss50.fa	long_content_30k_001	11	29902
long_content_30k_001/long30k_212_gc3250_rp0.005_mr4E-5_ss50.fa	long_content_30k_001	16	15624
long_content_30k_001/long30k_213_gc2500_rp0.005_mr8E-5_ss200.fa	long_content_30k_001	1	26958
long_content_30k_001/long30k_214_gc2500_rp0.02_mr12E-5_ss100.fa	long_content_30k_001	184	29902
long_content_30k_001/long30k_215_gc3250_rp0.01_mr12E-5_ss100.fa	long_content_30k_001	5	16194
long_content_30k_001/long30k_216_gc2500_rp0.02_mr8E-5_ss50.fa	long_content_30k_001	165	29902
long_content_30k_001/long30k_217_gc2500_rp0.02_mr12E-5_ss200.fa	long_content_30k_001	351	29902
long_content_30k_001/long30k_218_gc4000_rp0.02_mr8E-5_ss100.fa	long_content_30k_001	274	29902
long_content_30k_001/long30k_219_gc3250_rp0.02_mr4E-5_ss50.fa	long_content_30k_001	30	28110
long_content_30k_001/long30k_220_gc2500_rp0.01_mr12E-5_ss200.fa	long_content_30k_001	51	28440
long_content_30k_001/long30k_221_gc2500_rp0.005_mr8E-5_ss100.fa	long_content_30k_001	1	1341
long_content_30k_001/long30k_224_gc3250_rp0.02_mr8E-5_ss200.fa	long_content_30k_001	243	29902
long_content_30k_001/long30k_226_gc4000_rp0.02_mr8E-5_ss200.fa	long_content_30k_001	270	29902
long_content_30k_001/long30k_227_gc2500_rp0.02_mr4E-5_ss200.fa	long_content_30k_001	2	11214
long_content_30k_001/long30k_229_gc4000_rp0.01_mr8E-5_ss100.fa	long_content_30k_001	24	29902
long_content_30k_001/long30k_230_gc2500_rp0.01_mr8E-5_ss100.fa	long_content_30k_001	73	29902
long_content_30k_001/long30k_231_gc4000_rp0.02_mr12E-5_ss100.fa	long_content_30k_001	29	29902
long_content_30k_001/long30k_232_gc2500_rp0.01_mr4E-5_ss50.fa	long_content_30k_001	25	19623
long_content_30k_001/long30k_233_gc2500_rp0.01_mr8E-5_ss50.fa	long_content_30k_001	6	29902
long_content_30k_001/long30k_234_gc3250_rp0.005_mr4E-5_ss200.fa	long_content_30k_001	45	25554
long_content_30k_001/long30k_235_gc4000_rp0.02_mr4E-5_ss100.fa	long_content_30k_001	92	22803
long_content_30k_001/long30k_236_gc3250_rp0.02_mr4E-5_ss200.fa	long_content_30k_001	428	29902
long_content_30k_001/long30k_237_gc3250_rp0.02_mr12E-5_ss100.fa	long_content_30k_001	172	29902
long_content_30k_001/long30k_239_gc4000_rp0.01_mr8E-5_ss200.fa	long_content_30k_001	352	29902
long_content_30k_001/long30k_240_gc4000_rp0.01_mr4E-5_ss50.fa	long_content_30k_001	10	25422
long_content_30k_001/long30k_241_gc2500_rp0.02_mr4E-5_ss50.fa	long_content_30k_001	18	29902
long_content_30k_001/long30k_242_gc3250_rp0.01_mr4E-5_ss100.fa	long_content_30k_001	27	29902
long_content_30k_001/long30k_243_gc4000_rp0.01_mr12E-5_ss50.fa	long_content_30k_001	23	26991
long_content_30k_001/long30k_244_gc3250_rp0.01_mr8E-5_ss100.fa	long_content_30k_001	1	10053
long_content_30k_001/long30k_245_gc2500_rp0.005_mr12E-5_ss200.fa	long_content_30k_001	109	29902
long_content_30k_001/long30k_246_gc4000_rp0.02_mr8E-5_ss50.fa	long_content_30k_001	22	29902
long_content_30k_001/long30k_247_gc3250_rp0.01_mr12E-5_ss200.fa	long_content_30k_001	1	29902
long_content_30k_001/long30k_248_gc3250_rp0.01_mr4E-5_ss200.fa	long_content_30k_001	36	29902
long_content_30k_001/long30k_249_gc2500_rp0.02_mr4E-5_ss100.fa	long_content_30k_001	18	29902
long_content_30k_001/long30k_250_gc2500_rp0.005_mr4E-5_ss100.fa	long_content_30k_001	7	13548
long_content_30k_001/long30k_252_gc3250_rp0.005_mr4E-5_ss100.fa	long_content_30k_001	14	29094
long_content_30k_001/long30k_253_gc2500_rp0.02_mr8E-5_ss200.fa	long_content_30k_001	18	29902
long_content_30k_001/long30k_254_gc3250_rp0.005_mr8E-5_ss50.fa	long_content_30k_001	12	25536
long_content_30k_001/long30k_255_gc3250_rp0.02_mr4E-5_ss100.fa	long_content_30k_001	10	22065
long_content_30k_001/long30k_257_gc4000_rp0.02_mr12E-5_ss50.fa	long_content_30k_001	31	29902
long_content_30k_001/long30k_258_gc4000_rp0.01_mr4E-5_ss100.fa	long_content_30k_001	29	8694
long_content_30k_001/long30k_261_gc2500_rp0.01_mr8E-5_ss200.fa	long_content_30k_001	46	25275
long_content_30k_001/long30k_262_gc4000_rp0.005_mr8E-5_ss200.fa	long_content_30k_001	200	29902
long_content_30k_001/long30k_263_gc4000_rp0.005_mr12E-5_ss200.fa	long_content_30k_001	1	1725
long_content_30k_001/long30k_265_gc4000_rp0.01_mr12E-5_ss100.fa	long_content_30k_001	29	20808
long_content_30k_001/long30k_266_gc3250_rp0.01_mr8E-5_ss200.fa	long_content_30k_001	31	29902
long_content_30k_001/long30k_267_gc3250_rp0.02_mr12E-5_ss200.fa	long_content_30k_001	312	29742
long_content_30k_001/long30k_268_gc2500_rp0.01_mr4E-5_ss100.fa	long_content_30k_001	11	29902
long_content_30k_001/long30k_269_gc4000_rp0.01_mr4E-5_ss200.fa	long_content_30k_001	17	6240
long_content_30k_001/long30k_270_gc2500_rp0.005_mr4E-5_ss200.fa	long_content_30k_001	23	24018
long_content_30k_001/long30k_274_gc4000_rp0.02_mr4E-5_ss200.fa	long_content_30k_001	237	29902
long_content_30k_001/long30k_275_gc4000_rp0.02_mr4E-5_ss50.fa	long_content_30k_001	217	29902
long_content_30k_001/long30k_277_gc2500_rp0.02_mr8E-5_ss100.fa	long_content_30k_001	5	29902
long_content_30k_001/long30k_279_gc4000_rp0.005_mr4E-5_ss200.fa	long_content_30k_001	202	29902
long_content_30k_001/long30k_281_gc3250_rp0.02_mr12E-5_ss50.fa	long_content_30k_001	40	29902
long_content_30k_001/long30k_282_gc4000_rp0.02_mr12E-5_ss200.fa	long_content_30k_001	45	29902
long_content_30k_001/long30k_283_gc3250_rp0.01_mr12E-5_ss50.fa	long_content_30k_001	13	24546
long_content_30k_001/long30k_284_gc3250_rp0.02_mr8E-5_ss100.fa	long_content_30k_001	102	29902
long_content_30k_001/long30k_285_gc3250_rp0.01_mr4E-5_ss50.fa	long_content_30k_001	9	29902
long_content_30k_001/long30k_287_gc4000_rp0.01_mr8E-5_ss50.fa	long_content_30k_001	13	28659
long_content_30k_001/long30k_288_gc3250_rp0.01_mr8E-5_ss50.fa	long_content_30k_001	51	19857
long_content_30k_001/long30k_289_gc4000_rp0.005_mr12E-5_ss100.fa	long_content_30k_001	17	29902
long_content_30k_001/long30k_290_gc3250_rp0.02_mr8E-5_ss50.fa	long_content_30k_001	1	26007
long_content_30k_001/long30k_291_gc4000_rp0.01_mr12E-5_ss200.fa	long_content_30k_001	5	15594
long_content_30k_001/long30k_292_gc4000_rp0.005_mr4E-5_ss50.fa	long_content_30k_001	31	25677
long_content_30k_001/long30k_295_gc2500_rp0.02_mr12E-5_ss100.fa	long_content_30k_001	138	29902
long_content_30k_001/long30k_296_gc3250_rp0.01_mr12E-5_ss100.fa	long_content_30k_001	62	29902
long_content_30k_001/long30k_297_gc2500_rp0.02_mr8E-5_ss50.fa	long_content_30k_001	3	29856
long_content_30k_001/long30k_298_gc2500_rp0.02_mr12E-5_ss200.fa	long_content_30k_001	809	27954
long_content_30k_001/long30k_299_gc4000_rp0.02_mr8E-5_ss100.fa	long_content_30k_001	223	29902
long_content_30k_001/long30k_300_gc3250_rp0.02_mr4E-5_ss50.fa	long_content_30k_001	33	29902
long_content_30k_001/long30k_301_gc2500_rp0.01_mr12E-5_ss200.fa	long_content_30k_001	8	29902
long_content_30k_001/long30k_303_gc3250_rp0.005_mr12E-5_ss200.fa	long_content_30k_001	16	13623
long_content_30k_001/long30k_304_gc4000_rp0.005_mr8E-5_ss50.fa	long_content_30k_001	17	24339
long_content_30k_001/long30k_305_gc3250_rp0.02_mr8E-5_ss200.fa	long_content_30k_001	208	29902
long_content_30k_001/long30k_306_gc2500_rp0.005_mr12E-5_ss100.fa	long_content_30k_001	6	29902
long_content_30k_001/long30k_307_gc4000_rp0.02_mr8E-5_ss200.fa	long_content_30k_001	16	29902
long_content_30k_001/long30k_308_gc2500_rp0.02_mr4E-5_ss200.fa	long_content_30k_001	18	29902
long_content_30k_001/long30k_309_gc2500_rp0.02_mr12E-5_ss50.fa	long_content_30k_001	19	28023
long_content_30k_001/long30k_310_gc4000_rp0.01_mr8E-5_ss100.fa	long_content_30k_001	47	29902
long_content_30k_001/long30k_311_gc2500_rp0.01_mr8E-5_ss100.fa	long_content_30k_001	5	29902
long_content_30k_001/long30k_312_gc4000_rp0.02_mr12E-5_ss100.fa	long_content_30k_001	116	29307
long_content_30k_001/long30k_313_gc2500_rp0.01_mr4E-5_ss50.fa	long_content_30k_001	23	14361
long_content_30k_001/long30k_314_gc2500_rp0.01_mr8E-5_ss50.fa	long_content_30k_001	7	15819
long_content_30k_001/long30k_315_gc3250_rp0.005_mr4E-5_ss200.fa	long_content_30k_001	22	29902
long_content_30k_001/long30k_316_gc4000_rp0.02_mr4E-5_ss100.fa	long_content_30k_001	155	29902
long_content_30k_001/long30k_317_gc3250_rp0.02_mr4E-5_ss200.fa	long_content_30k_001	280	29902
long_content_30k_001/long30k_318_gc3250_rp0.02_mr12E-5_ss100.fa	long_content_30k_001	178	29902
long_content_30k_001/long30k_319_gc2500_rp0.01_mr12E-5_ss100.fa	long_content_30k_001	1	10188
long_content_30k_001/long30k_320_gc4000_rp0.01_mr8E-5_ss200.fa	long_content_30k_001	3	26673
long_content_30k_001/long30k_321_gc4000_rp0.01_mr4E-5_ss50.fa	long_content_30k_001	86	29902
long_content_30k_001/long30k_322_gc2500_rp0.02_mr4E-5_ss50.fa	long_content_30k_001	9	24852
long_content_30k_001/long30k_323_gc3250_rp0.01_mr4E-5_ss100.fa	long_content_30k_001	100	29902
long_content_30k_001/long30k_324_gc4000_rp0.01_mr12E-5_ss50.fa	long_content_30k_001	7	29902
long_content_30k_001/long30k_325_gc3250_rp0.01_mr8E-5_ss100.fa	long_content_30k_001	71	29902
long_content_30k_001/long30k_326_gc2500_rp0.005_mr12E-5_ss200.fa	long_content_30k_001	122	27921
long_content_30k_001/long30k_327_gc4000_rp0.02_mr8E-5_ss50.fa	long_content_30k_001	149	29902
long_content_30k_001/long30k_328_gc3250_rp0.01_mr12E-5_ss200.fa	long_content_30k_001	135	29902
long_content_30k_001/long30k_329_gc3250_rp0.01_mr4E-5_ss200.fa	long_content_30k_001	429	29902
long_content_30k_001/long30k_330_gc2500_rp0.02_mr4E-5_ss100.fa	long_content_30k_001	14	29902
long_content_30k_001/long30k_332_gc2500_rp0.005_mr8E-5_ss50.fa	long_content_30k_001	1	25041
long_content_30k_001/long30k_334_gc2500_rp0.02_mr8E-5_ss200.fa	long_content_30k_001	36	29902
long_content_30k_001/long30k_335_gc3250_rp0.005_mr8E-5_ss50.fa	long_content_30k_001	6	27867
long_content_30k_001/long30k_338_gc4000_rp0.02_mr12E-5_ss50.fa	long_content_30k_001	212	29902
long_content_30k_001/long30k_339_gc4000_rp0.01_mr4E-5_ss100.fa	long_content_30k_001	66	29902
long_content_30k_001/long30k_340_gc4000_rp0.005_mr12E-5_ss50.fa	long_content_30k_001	32	29902
long_content_30k_001/long30k_342_gc2500_rp0.01_mr8E-5_ss200.fa	long_content_30k_001	47	29902
long_content_30k_001/long30k_343_gc4000_rp0.005_mr8E-5_ss200.fa	long_content_30k_001	3	9027
long_content_30k_001/long30k_344_gc4000_rp0.005_mr12E-5_ss200.fa	long_content_30k_001	3	6273
long_content_30k_001/long30k_347_gc3250_rp0.01_mr8E-5_ss200.fa	long_content_30k_001	102	24888
long_content_30k_001/long30k_348_gc3250_rp0.02_mr12E-5_ss200.fa	long_content_30k_001	62	29902
long_content_30k_001/long30k_349_gc2500_rp0.01_mr4E-5_ss100.fa	long_content_30k_001	78	19776
long_content_30k_001/long30k_350_gc4000_rp0.01_mr4E-5_ss200.fa	long_content_30k_001	51	28530
long_content_30k_001/long30k_353_gc3250_rp0.005_mr12E-5_ss100.fa	long_content_30k_001	29	15810
long_content_30k_001/long30k_354_gc2500_rp0.01_mr4E-5_ss200.fa	long_content_30k_001	1	14229
long_content_30k_001/long30k_355_gc4000_rp0.02_mr4E-5_ss200.fa	long_content_30k_001	98	27186
long_content_30k_001/long30k_356_gc4000_rp0.02_mr4E-5_ss50.fa	long_content_30k_001	120	29902
long_content_30k_001/long30k_357_gc2500_rp0.005_mr4E-5_ss50.fa	long_content_30k_001	12	29373
long_content_30k_001/long30k_358_gc2500_rp0.02_mr8E-5_ss100.fa	long_content_30k_001	78	29902
long_content_30k_001/long30k_359_gc2500_rp0.01_mr12E-5_ss50.fa	long_content_30k_001	5	29902
long_content_30k_001/long30k_362_gc3250_rp0.02_mr12E-5_ss50.fa	long_content_30k_001	75	29902
long_content_30k_001/long30k_363_gc4000_rp0.02_mr12E-5_ss200.fa	long_content_30k_001	248	29902
long_content_30k_001/long30k_364_gc3250_rp0.01_mr12E-5_ss50.fa	long_content_30k_001	8	22059
long_content_30k_001/long30k_365_gc3250_rp0.02_mr8E-5_ss100.fa	long_content_30k_001	84	29902
long_content_30k_001/long30k_366_gc3250_rp0.01_mr4E-5_ss50.fa	long_content_30k_001	11	29902
long_content_30k_001/long30k_367_gc3250_rp0.005_mr8E-5_ss100.fa	long_content_30k_001	14	5892
long_content_30k_001/long30k_368_gc4000_rp0.01_mr8E-5_ss50.fa	long_content_30k_001	2	24399
long_content_30k_001/long30k_371_gc3250_rp0.02_mr8E-5_ss50.fa	long_content_30k_001	47	29902
long_content_30k_001/long30k_372_gc4000_rp0.01_mr12E-5_ss200.fa	long_content_30k_001	26	22791
long_content_30k_001/long30k_374_gc3250_rp0.005_mr4E-5_ss50.fa	long_content_30k_001	8	19593
long_content_30k_001/long30k_375_gc2500_rp0.005_mr8E-5_ss200.fa	long_content_30k_001	34	10689
long_content_30k_001/long30k_376_gc2500_rp0.02_mr12E-5_ss100.fa	long_content_30k_001	21	29902
long_content_30k_001/long30k_377_gc3250_rp0.01_mr12E-5_ss100.fa	long_content_30k_001	29	28374
long_content_30k_001/long30k_378_gc2500_rp0.02_mr8E-5_ss50.fa	long_content_30k_001	1	29902
long_content_30k_001/long30k_379_gc2500_rp0.02_mr12E-5_ss200.fa	long_content_30k_001	399	29902
long_content_30k_001/long30k_380_gc4000_rp0.02_mr8E-5_ss100.fa	long_content_30k_001	209	29902
long_content_30k_001/long30k_381_gc3250_rp0.02_mr4E-5_ss50.fa	long_content_30k_001	34	29902
long_content_30k_001/long30k_383_gc2500_rp0.005_mr8E-5_ss100.fa	long_content_30k_001	11	29902
long_content_30k_001/long30k_384_gc3250_rp0.005_mr12E-5_ss200.fa	long_content_30k_001	106	26289
long_content_30k_001/long30k_386_gc3250_rp0.02_mr8E-5_ss200.fa	long_content_30k_001	642	29902
long_content_30k_001/long30k_387_gc2500_rp0.005_mr12E-5_ss100.fa	long_content_30k_001	60	14874
long_content_30k_001/long30k_388_gc4000_rp0.02_mr8E-5_ss200.fa	long_content_30k_001	158	29902
long_content_30k_001/long30k_389_gc2500_rp0.02_mr4E-5_ss200.fa	long_content_30k_001	546	29902
long_content_30k_001/long30k_390_gc2500_rp0.02_mr12E-5_ss50.fa	long_content_30k_001	7	29902
long_content_30k_001/long30k_391_gc4000_rp0.01_mr8E-5_ss100.fa	long_content_30k_001	46	28221
long_content_30k_001/long30k_392_gc2500_rp0.01_mr8E-5_ss100.fa	long_content_30k_001	139	29902
long_content_30k_001/long30k_393_gc4000_rp0.02_mr12E-5_ss100.fa	long_content_30k_001	34	19800
long_content_30k_001/long30k_394_gc2500_rp0.01_mr4E-5_ss50.fa	long_content_30k_001	44	7062
long_content_30k_001/long30k_395_gc2500_rp0.01_mr8E-5_ss50.fa	long_content_30k_001	47	21210
long_content_30k_001/long30k_397_gc4000_rp0.02_mr4E-5_ss100.fa	long_content_30k_001	223	29902
long_content_30k_001/long30k_398_gc3250_rp0.02_mr4E-5_ss200.fa	long_content_30k_001	20	21129
long_content_30k_001/long30k_399_gc3250_rp0.02_mr12E-5_ss100.fa	long_content_30k_001	395	29902
long_content_30k_001/long30k_400_gc2500_rp0.01_mr12E-5_ss100.fa	long_content_30k_001	10	4884
long_content_30k_001/long30k_401_gc4000_rp0.01_mr8E-5_ss200.fa	long_content_30k_001	173	29902
long_content_30k_001/long30k_402_gc4000_rp0.01_mr4E-5_ss50.fa	long_content_30k_001	5	28509
long_content_30k_001/long30k_403_gc2500_rp0.02_mr4E-5_ss50.fa	long_content_30k_001	49	29902
long_content_30k_001/long30k_404_gc3250_rp0.01_mr4E-5_ss100.fa	long_content_30k_001	62	29902
long_content_30k_001/long30k_405_gc4000_rp0.01_mr12E-5_ss50.fa	long_content_30k_001	53	25587
long_content_30k_001/long30k_406_gc3250_rp0.01_mr8E-5_ss100.fa	long_content_30k_001	3	6897
long_content_30k_001/long30k_408_gc4000_rp0.02_mr8E-5_ss50.fa	long_content_30k_001	5	28668
long_content_30k_001/long30k_409_gc3250_rp0.01_mr12E-5_ss200.fa	long_content_30k_001	182	27588
long_content_30k_001/long30k_410_gc3250_rp0.01_mr4E-5_ss200.fa	long_content_30k_001	33	14580
long_content_30k_001/long30k_411_gc2500_rp0.02_mr4E-5_ss100.fa	long_content_30k_001	148	26667
long_content_30k_001/long30k_412_gc2500_rp0.005_mr4E-5_ss100.fa	long_content_30k_001	59	26889
long_content_30k_001/long30k_413_gc2500_rp0.005_mr8E-5_ss50.fa	long_content_30k_001	3	26733
long_content_30k_001/long30k_414_gc3250_rp0.005_mr4E-5_ss100.fa	long_content_30k_001	14	21591
long_content_30k_001/long30k_415_gc2500_rp0.02_mr8E-5_ss200.fa	long_content_30k_001	165	29902
long_content_30k_001/long30k_417_gc3250_rp0.02_mr4E-5_ss100.fa	long_content_30k_001	393	29902
long_content_30k_001/long30k_418_gc3250_rp0.005_mr12E-5_ss50.fa	long_content_30k_001	35	17229
long_content_30k_001/long30k_419_gc4000_rp0.02_mr12E-5_ss50.fa	long_content_30k_001	13	29902
long_content_30k_001/long30k_420_gc4000_rp0.01_mr4E-5_ss100.fa	long_content_30k_001	179	29559
long_content_30k_001/long30k_421_gc4000_rp0.005_mr12E-5_ss50.fa	long_content_30k_001	6	29902
long_content_30k_001/long30k_422_gc3250_rp0.005_mr8E-5_ss200.fa	long_content_30k_001	1	29902
long_content_30k_001/long30k_424_gc4000_rp0.005_mr8E-5_ss200.fa	long_content_30k_001	3	23343
long_content_30k_001/long30k_426_gc4000_rp0.005_mr8E-5_ss100.fa	long_content_30k_001	6	29902
long_content_30k_001/long30k_427_gc4000_rp0.01_mr12E-5_ss100.fa	long_content_30k_001	57	29902
long_content_30k_001/long30k_428_gc3250_rp0.01_mr8E-5_ss200.fa	long_content_30k_001	192	29499
long_content_30k_001/long30k_429_gc3250_rp0.02_mr12E-5_ss200.fa	long_content_30k_001	405	29902
long_content_30k_001/long30k_430_gc2500_rp0.01_mr4E-5_ss100.fa	long_content_30k_001	1	29902
long_content_30k_001/long30k_431_gc4000_rp0.01_mr4E-5_ss200.fa	long_content_30k_001	78	29133
long_content_30k_001/long30k_432_gc2500_rp0.005_mr4E-5_ss200.fa	long_content_30k_001	3	29902
long_content_30k_001/long30k_433_gc4000_rp0.005_mr4E-5_ss100.fa	long_content_30k_001	1	29697
long_content_30k_001/long30k_434_gc3250_rp0.005_mr12E-5_ss100.fa	long_content_30k_001	41	28071
long_content_30k_001/long30k_435_gc2500_rp0.01_mr4E-5_ss200.fa	long_content_30k_001	3	20508
long_content_30k_001/long30k_436_gc4000_rp0.02_mr4E-5_ss200.fa	long_content_30k_001	14	29902
long_content_30k_001/long30k_437_gc4000_rp0.02_mr4E-5_ss50.fa	long_content_30k_001	79	29902
long_content_30k_001/long30k_438_gc2500_rp0.005_mr4E-5_ss50.fa	long_content_30k_001	27	29902
long_content_30k_001/long30k_439_gc2500_rp0.02_mr8E-5_ss100.fa	long_content_30k_001	300	29902
long_content_30k_001/long30k_440_gc2500_rp0.01_mr12E-5_ss50.fa	long_content_30k_001	25	29902
long_content_30k_001/long30k_443_gc3250_rp0.02_mr12E-5_ss50.fa	long_content_30k_001	30	29902
long_content_30k_001/long30k_444_gc4000_rp0.02_mr12E-5_ss200.fa	long_content_30k_001	164	21777
long_content_30k_001/long30k_445_gc3250_rp0.01_mr12E-5_ss50.fa	long_content_30k_001	9	29902
long_content_30k_001/long30k_446_gc3250_rp0.02_mr8E-5_ss100.fa	long_content_30k_001	321	29902
long_content_30k_001/long30k_447_gc3250_rp0.01_mr4E-5_ss50.fa	long_content_30k_001	12	29902
long_content_30k_001/long30k_449_gc4000_rp0.01_mr8E-5_ss50.fa	long_content_30k_001	54	29902
long_content_30k_001/long30k_450_gc3250_rp0.01_mr8E-5_ss50.fa	long_content_30k_001	52	29902
long_content_30k_001/long30k_451_gc4000_rp0.005_mr12E-5_ss100.fa	long_content_30k_001	8	29902
long_content_30k_001/long30k_452_gc3250_rp0.02_mr8E-5_ss50.fa	long_content_30k_001	90	26562
long_content_30k_001/long30k_453_gc4000_rp0.01_mr12E-5_ss200.fa	long_content_30k_001	16	28965
long_content_30k_001/long30k_455_gc3250_rp0.005_mr4E-5_ss50.fa	long_content_30k_001	4	19398
long_content_30k_001/long30k_456_gc2500_rp0.005_mr8E-5_ss200.fa	long_content_30k_001	183	29902
long_content_30k_001/long30k_457_gc2500_rp0.02_mr12E-5_ss100.fa	long_content_30k_001	5	29902
long_content_30k_001/long30k_458_gc3250_rp0.01_mr12E-5_ss100.fa	long_content_30k_001	86	29902
long_content_30k_001/long30k_459_gc2500_rp0.02_mr8E-5_ss50.fa	long_content_30k_001	14	29902
long_content_30k_001/long30k_460_gc2500_rp0.02_mr12E-5_ss200.fa	long_content_30k_001	80	29902
long_content_30k_001/long30k_461_gc4000_rp0.02_mr8E-5_ss100.fa	long_content_30k_001	294	29902
long_content_30k_001/long30k_462_gc3250_rp0.02_mr4E-5_ss50.fa	long_content_30k_001	160	29902
long_content_30k_001/long30k_463_gc2500_rp0.01_mr12E-5_ss200.fa	long_content_30k_001	205	29902
long_content_30k_001/long30k_465_gc3250_rp0.005_mr12E-5_ss200.fa	long_content_30k_001	246	29902
long_content_30k_001/long30k_466_gc4000_rp0.005_mr8E-5_ss50.fa	long_content_30k_001	5	16881
long_content_30k_001/long30k_467_gc3250_rp0.02_mr8E-5_ss200.fa	long_content_30k_001	7	13881
long_content_30k_001/long30k_468_gc2500_rp0.005_mr12E-5_ss100.fa	long_content_30k_001	101	29902
long_content_30k_001/long30k_469_gc4000_rp0.02_mr8E-5_ss200.fa	long_content_30k_001	211	29902
long_content_30k_001/long30k_470_gc2500_rp0.02_mr4E-5_ss200.fa	long_content_30k_001	212	29902
long_content_30k_001/long30k_471_gc2500_rp0.02_mr12E-5_ss50.fa	long_content_30k_001	42	28431
long_content_30k_001/long30k_472_gc4000_rp0.01_mr8E-5_ss100.fa	long_content_30k_001	46	25794
long_content_30k_001/long30k_474_gc4000_rp0.02_mr12E-5_ss100.fa	long_content_30k_001	36	29902
long_content_30k_001/long30k_475_gc2500_rp0.01_mr4E-5_ss50.fa	long_content_30k_001	3	28356
long_content_30k_001/long30k_476_gc2500_rp0.01_mr8E-5_ss50.fa	long_content_30k_001	2	29902
long_content_30k_001/long30k_478_gc4000_rp0.02_mr4E-5_ss100.fa	long_content_30k_001	8	29109
long_content_30k_001/long30k_479_gc3250_rp0.02_mr4E-5_ss200.fa	long_content_30k_001	61	28161
long_content_30k_001/long30k_480_gc3250_rp0.02_mr12E-5_ss100.fa	long_content_30k_001	121	25026
long_content_30k_001/long30k_481_gc2500_rp0.01_mr12E-5_ss100.fa	long_content_30k_001	9	9693
long_content_30k_001/long30k_482_gc4000_rp0.01_mr8E-5_ss200.fa	long_content_30k_001	9	26559
long_content_30k_001/long30k_483_gc4000_rp0.01_mr4E-5_ss50.fa	long_content_30k_001	4	29902
long_content_30k_001/long30k_484_gc2500_rp0.02_mr4E-5_ss50.fa	long_content_30k_001	10	28632
long_content_30k_001/long30k_485_gc3250_rp0.01_mr4E-5_ss100.fa	long_content_30k_001	35	29902
long_content_30k_001/long30k_486_gc4000_rp0.01_mr12E-5_ss50.fa	long_content_30k_001	5	21309
long_content_30k_001/long30k_487_gc3250_rp0.01_mr8E-5_ss100.fa	long_content_30k_001	23	29902
long_content_30k_001/long30k_488_gc2500_rp0.005_mr12E-5_ss200.fa	long_content_30k_001	23	29902
long_content_30k_001/long30k_489_gc4000_rp0.02_mr8E-5_ss50.fa	long_content_30k_001	56	29902
long_content_30k_001/long30k_491_gc3250_rp0.01_mr4E-5_ss200.fa	long_content_30k_001	212	29902
long_content_30k_001/long30k_492_gc2500_rp0.02_mr4E-5_ss100.fa	long_content_30k_001	10	25884
long_content_30k_001/long30k_493_gc2500_rp0.005_mr4E-5_ss100.fa	long_content_30k_001	16	22005
long_content_30k_001/long30k_495_gc3250_rp0.005_mr4E-5_ss100.fa	long_content_30k_001	1	29733
long_content_30k_001/long30k_496_gc2500_rp0.02_mr8E-5_ss200.fa	long_content_30k_001	14	29902
long_content_30k_001/long30k_498_gc3250_rp0.02_mr4E-5_ss100.fa	long_content_30k_001	44	29902
long_content_30k_001/long30k_499_gc3250_rp0.005_mr12E-5_ss50.fa	long_content_30k_001	4	13428
long_content_30k_001/long30k_500_gc4000_rp0.02_mr12E-5_ss50.fa	long_content_30k_001	154	29902
long_content_30k_002/lc30k002_001_gc3300_rp0.05_mr1.14E-4_ss100.fa	long_content_30k_002	211	29052
long_content_30k_002/lc30k002_002_gc3300_rp0.07_mr1.14E-4_ss100.fa	long_content_30k_002	616	29902
long_content_30k_002/lc30k002_003_gc3300_rp0.10_mr1.14E-4_ss200.fa	long_content_30k_002	3815	29902
long_content_30k_002/lc30k002_004_gc3300_rp0.15_mr1.14E-4_ss100.fa	long_content_30k_002	451	29902
long_content_30k_002/lc30k002_005_gc3300_rp0.15_mr1.14E-4_ss200.fa	long_content_30k_002	482	29902
long_content_30k_002/lc30k002_006_gc3300_rp0.07_mr1.14E-4_ss200.fa	long_content_30k_002	1551	29902
long_content_30k_002/lc30k002_007_gc3300_rp0.05_mr1.14E-4_ss200.fa	long_content_30k_002	410	29902
long_content_30k_002/lc30k002_008_gc3300_rp0.10_mr1.14E-4_ss100.fa	long_content_30k_002	763	29902
long_content_30k_002/lc30k002_009_gc3300_rp0.05_mr1.14E-4_ss100.fa	long_content_30k_002	326	29902
long_content_30k_002/lc30k002_010_gc3300_rp0.07_mr1.14E-4_ss100.fa	long_content_30k_002	127	29902
long_content_30k_002/lc30k002_011_gc3300_rp0.10_mr1.14E-4_ss200.fa	long_content_30k_002	3327	29902
long_content_30k_002/lc30k002_012_gc3300_rp0.15_mr1.14E-4_ss100.fa	long_content_30k_002	1733	29902
long_content_30k_002/lc30k002_013_gc3300_rp0.15_mr1.14E-4_ss200.fa	long_content_30k_002	2976	29902
long_content_30k_002/lc30k002_014_gc3300_rp0.07_mr1.14E-4_ss200.fa	long_content_30k_002	1347	29902
long_content_30k_002/lc30k002_015_gc3300_rp0.05_mr1.14E-4_ss200.fa	long_content_30k_002	606	29902
long_content_30k_002/lc30k002_016_gc3300_rp0.10_mr1.14E-4_ss100.fa	long_content_30k_002	1134	29902
long_content_30k_002/lc30k002_017_gc3300_rp0.05_mr1.14E-4_ss100.fa	long_content_30k_002	268	29902
long_content_30k_002/lc30k002_018_gc3300_rp0.07_mr1.14E-4_ss100.fa	long_content_30k_002	430	29902
long_content_30k_002/lc30k002_019_gc3300_rp0.10_mr1.14E-4_ss200.fa	long_content_30k_002	871	29902
long_content_30k_002/lc30k002_020_gc3300_rp0.15_mr1.14E-4_ss100.fa	long_content_30k_002	946	29902
long_content_30k_002/lc30k002_021_gc3300_rp0.15_mr1.14E-4_ss200.fa	long_content_30k_002	1796	29902
long_content_30k_002/lc30k002_022_gc3300_rp0.07_mr1.14E-4_ss200.fa	long_content_30k_002	373	29902
long_content_30k_002/lc30k002_023_gc3300_rp0.05_mr1.14E-4_ss200.fa	long_content_30k_002	177	29902
long_content_30k_002/lc30k002_024_gc3300_rp0.10_mr1.14E-4_ss100.fa	long_content_30k_002	184	29902
long_content_30k_002/lc30k002_025_gc3300_rp0.05_mr1.14E-4_ss100.fa	long_content_30k_002	237	29902
long_content_30k_002/lc30k002_026_gc3300_rp0.07_mr1.14E-4_ss100.fa	long_content_30k_002	915	29902
long_content_30k_002/lc30k002_027_gc3300_rp0.10_mr1.14E-4_ss200.fa	long_content_30k_002	2887	29902
long_content_30k_002/lc30k002_028_gc3300_rp0.15_mr1.14E-4_ss100.fa	long_content_30k_002	1948	29902
long_content_30k_002/lc30k002_029_gc3300_rp0.15_mr1.14E-4_ss200.fa	long_content_30k_002	653	29902
long_content_30k_002/lc30k002_030_gc3300_rp0.07_mr1.14E-4_ss200.fa	long_content_30k_002	883	29902
long_content_30k_002/lc30k002_031_gc3300_rp0.05_mr1.14E-4_ss200.fa	long_content_30k_002	418	29902
long_content_30k_002/lc30k002_032_gc3300_rp0.10_mr1.14E-4_ss100.fa	long_content_30k_002	543	29902
long_content_30k_002/lc30k002_033_gc3300_rp0.05_mr1.14E-4_ss100.fa	long_content_30k_002	55	29902
long_content_30k_002/lc30k002_034_gc3300_rp0.07_mr1.14E-4_ss100.fa	long_content_30k_002	906	29902
long_content_30k_002/lc30k002_035_gc3300_rp0.10_mr1.14E-4_ss200.fa	long_content_30k_002	3081	29902
long_content_30k_002/lc30k002_036_gc3300_rp0.15_mr1.14E-4_ss100.fa	long_content_30k_002	312	29902
long_content_30k_002/lc30k002_037_gc3300_rp0.15_mr1.14E-4_ss200.fa	long_content_30k_002	3344	29902
long_content_30k_002/lc30k002_038_gc3300_rp0.07_mr1.14E-4_ss200.fa	long_content_30k_002	697	29902
long_content_30k_002/lc30k002_039_gc3300_rp0.05_mr1.14E-4_ss200.fa	long_content_30k_002	73	29902
long_content_30k_002/lc30k002_040_gc3300_rp0.10_mr1.14E-4_ss100.fa	long_content_30k_002	848	29902
long_content_30k_002/lc30k002_041_gc3300_rp0.05_mr1.14E-4_ss100.fa	long_content_30k_002	209	29902
long_content_30k_002/lc30k002_042_gc3300_rp0.07_mr1.14E-4_ss100.fa	long_content_30k_002	341	29902
long_content_30k_002/lc30k002_043_gc3300_rp0.10_mr1.14E-4_ss200.fa	long_content_30k_002	2879	29902
long_content_30k_002/lc30k002_044_gc3300_rp0.15_mr1.14E-4_ss100.fa	long_content_30k_002	1279	29902
long_content_30k_002/lc30k002_045_gc3300_rp0.15_mr1.14E-4_ss200.fa	long_content_30k_002	1631	29902
long_content_30k_002/lc30k002_046_gc3300_rp0.07_mr1.14E-4_ss200.fa	long_content_30k_002	1179	29902
long_content_30k_002/lc30k002_047_gc3300_rp0.05_mr1.14E-4_ss200.fa	long_content_30k_002	578	29902
long_content_30k_002/lc30k002_048_gc3300_rp0.10_mr1.14E-4_ss100.fa	long_content_30k_002	778	29902
long_content_30k_002/lc30k002_049_gc3300_rp0.05_mr1.14E-4_ss100.fa	long_content_30k_002	168	29902
long_content_30k_002/lc30k002_050_gc3300_rp0.07_mr1.14E-4_ss100.fa	long_content_30k_002	927	29902
long_content_30k_002/lc30k002_051_gc3300_rp0.10_mr1.14E-4_ss200.fa	long_content_30k_002	2408	29902
long_content_30k_002/lc30k002_052_gc3300_rp0.15_mr1.14E-4_ss100.fa	long_content_30k_002	1096	29902
long_content_30k_002/lc30k002_053_gc3300_rp0.15_mr1.14E-4_ss200.fa	long_content_30k_002	2737	29902
long_content_30k_002/lc30k002_054_gc3300_rp0.07_mr1.14E-4_ss200.fa	long_content_30k_002	678	29902
long_content_30k_002/lc30k002_055_gc3300_rp0.05_mr1.14E-4_ss200.fa	long_content_30k_002	163	29902
long_content_30k_002/lc30k002_056_gc3300_rp0.10_mr1.14E-4_ss100.fa	long_content_30k_002	262	29902
long_content_30k_002/lc30k002_057_gc3300_rp0.05_mr1.14E-4_ss100.fa	long_content_30k_002	589	29902
long_content_30k_002/lc30k002_058_gc3300_rp0.07_mr1.14E-4_ss100.fa	long_content_30k_002	595	29902
long_content_30k_002/lc30k002_059_gc3300_rp0.10_mr1.14E-4_ss200.fa	long_content_30k_002	1062	29902
long_content_30k_002/lc30k002_060_gc3300_rp0.15_mr1.14E-4_ss100.fa	long_content_30k_002	1293	29902
long_content_30k_002/lc30k002_061_gc3300_rp0.15_mr1.14E-4_ss200.fa	long_content_30k_002	2715	29902
long_content_30k_002/lc30k002_062_gc3300_rp0.07_mr1.14E-4_ss200.fa	long_content_30k_002	1061	29902
long_content_30k_002/lc30k002_063_gc3300_rp0.05_mr1.14E-4_ss200.fa	long_content_30k_002	172	29902
long_content_30k_002/lc30k002_064_gc3300_rp0.10_mr1.14E-4_ss100.fa	long_content_30k_002	1040	29902
long_content_30k_002/lc30k002_065_gc3300_rp0.05_mr1.14E-4_ss100.fa	long_content_30k_002	310	29902
long_content_30k_002/lc30k002_066_gc3300_rp0.07_mr1.14E-4_ss100.fa	long_content_30k_002	250	29902
long_content_30k_002/lc30k002_067_gc3300_rp0.10_mr1.14E-4_ss200.fa	long_content_30k_002	527	29902
long_content_30k_002/lc30k002_068_gc3300_rp0.15_mr1.14E-4_ss100.fa	long_content_30k_002	593	29902
long_content_30k_002/lc30k002_069_gc3300_rp0.15_mr1.14E-4_ss200.fa	long_content_30k_002	1912	29902
long_content_30k_002/lc30k002_070_gc3300_rp0.07_mr1.14E-4_ss200.fa	long_content_30k_002	2235	29902
long_content_30k_002/lc30k002_071_gc3300_rp0.05_mr1.14E-4_ss200.fa	long_content_30k_002	893	29902
long_content_30k_002/lc30k002_072_gc3300_rp0.10_mr1.14E-4_ss100.fa	long_content_30k_002	579	29902
long_content_30k_002/lc30k002_073_gc3300_rp0.05_mr1.14E-4_ss100.fa	long_content_30k_002	46	29902
long_content_30k_002/lc30k002_074_gc3300_rp0.07_mr1.14E-4_ss100.fa	long_content_30k_002	126	29902
long_content_30k_002/lc30k002_075_gc3300_rp0.10_mr1.14E-4_ss200.fa	long_content_30k_002	1124	29902
long_content_30k_002/lc30k002_076_gc3300_rp0.15_mr1.14E-4_ss100.fa	long_content_30k_002	1367	29902
long_content_30k_002/lc30k002_077_gc3300_rp0.15_mr1.14E-4_ss200.fa	long_content_30k_002	2514	29902
long_content_30k_002/lc30k002_078_gc3300_rp0.07_mr1.14E-4_ss200.fa	long_content_30k_002	1460	29902
long_content_30k_002/lc30k002_079_gc3300_rp0.05_mr1.14E-4_ss200.fa	long_content_30k_002	952	29902
long_content_30k_002/lc30k002_080_gc3300_rp0.10_mr1.14E-4_ss100.fa	long_content_30k_002	446	29902
long_content_30k_002/lc30k002_081_gc3300_rp0.05_mr1.14E-4_ss100.fa	long_content_30k_002	132	29902
long_content_30k_002/lc30k002_082_gc3300_rp0.07_mr1.14E-4_ss100.fa	long_content_30k_002	220	29902
long_content_30k_002/lc30k002_083_gc3300_rp0.10_mr1.14E-4_ss200.fa	long_content_30k_002	1990	29902
long_content_30k_002/lc30k002_084_gc3300_rp0.15_mr1.14E-4_ss100.fa	long_content_30k_002	2017	29902
long_content_30k_002/lc30k002_085_gc3300_rp0.15_mr1.14E-4_ss200.fa	long_content_30k_002	1732	29902
long_content_30k_002/lc30k002_086_gc3300_rp0.07_mr1.14E-4_ss200.fa	long_content_30k_002	1520	29902
long_content_30k_002/lc30k002_087_gc3300_rp0.05_mr1.14E-4_ss200.fa	long_content_30k_002	226	29902
long_content_30k_002/lc30k002_088_gc3300_rp0.10_mr1.14E-4_ss100.fa	long_content_30k_002	287	29902
long_content_30k_002/lc30k002_089_gc3300_rp0.05_mr1.14E-4_ss100.fa	long_content_30k_002	218	29902
long_content_30k_002/lc30k002_090_gc3300_rp0.07_mr1.14E-4_ss100.fa	long_content_30k_002	324	29902
long_content_30k_002/lc30k002_091_gc3300_rp0.10_mr1.14E-4_ss200.fa	long_content_30k_002	924	29902
long_content_30k_002/lc30k002_092_gc3300_rp0.15_mr1.14E-4_ss100.fa	long_content_30k_002	3600	29902
long_content_30k_002/lc30k002_093_gc3300_rp0.15_mr1.14E-4_ss200.fa	long_content_30k_002	1304	29902
long_content_30k_002/lc30k002_094_gc3300_rp0.07_mr1.14E-4_ss200.fa	long_content_30k_002	536	29902
long_content_30k_002/lc30k002_095_gc3300_rp0.05_mr1.14E-4_ss200.fa	long_content_30k_002	576	29902
long_content_30k_002/lc30k002_096_gc3300_rp0.10_mr1.14E-4_ss100.fa	long_content_30k_002	447	29902
long_content_30k_002/lc30k002_097_gc3300_rp0.05_mr1.14E-4_ss100.fa	long_content_30k_002	673	29902
long_content_30k_002/lc30k002_098_gc3300_rp0.07_mr1.14E-4_ss100.fa	long_content_30k_002	638	29902
long_content_30k_002/lc30k002_099_gc3300_rp0.10_mr1.14E-4_ss200.fa	long_content_30k_002	1346	29902
long_content_30k_002/lc30k002_1000_gc3300_rp0.10_mr1.14E-4_ss100.fa	long_content_30k_002	146	29902
long_content_30k_002/lc30k002_1001_gc3300_rp0.05_mr1.14E-4_ss100.fa	long_content_30k_002	447	29902
long_content_30k_002/lc30k002_1002_gc3300_rp0.07_mr1.14E-4_ss100.fa	long_content_30k_002	239	29902
long_content_30k_002/lc30k002_1003_gc3300_rp0.10_mr1.14E-4_ss200.fa	long_content_30k_002	1713	29902
long_content_30k_002/lc30k002_1004_gc3300_rp0.15_mr1.14E-4_ss100.fa	long_content_30k_002	2556	29902
long_content_30k_002/lc30k002_1005_gc3300_rp0.15_mr1.14E-4_ss200.fa	long_content_30k_002	2758	29902
long_content_30k_002/lc30k002_1006_gc3300_rp0.07_mr1.14E-4_ss200.fa	long_content_30k_002	1096	29902
long_content_30k_002/lc30k002_1007_gc3300_rp0.05_mr1.14E-4_ss200.fa	long_content_30k_002	291	29902
long_content_30k_002/lc30k002_1008_gc3300_rp0.10_mr1.14E-4_ss100.fa	long_content_30k_002	407	29902
long_content_30k_002/lc30k002_1009_gc3300_rp0.05_mr1.14E-4_ss100.fa	long_content_30k_002	79	29902
long_content_30k_002/lc30k002_100_gc3300_rp0.15_mr1.14E-4_ss100.fa	long_content_30k_002	133	29902
long_content_30k_002/lc30k002_1010_gc3300_rp0.07_mr1.14E-4_ss100.fa	long_content_30k_002	172	29902
long_content_30k_002/lc30k002_1011_gc3300_rp0.10_mr1.14E-4_ss200.fa	long_content_30k_002	994	29902
long_content_30k_002/lc30k002_1012_gc3300_rp0.15_mr1.14E-4_ss100.fa	long_content_30k_002	2043	29902
long_content_30k_002/lc30k002_1013_gc3300_rp0.15_mr1.14E-4_ss200.fa	long_content_30k_002	2200	29902
long_content_30k_002/lc30k002_1014_gc3300_rp0.07_mr1.14E-4_ss200.fa	long_content_30k_002	1775	29902
long_content_30k_002/lc30k002_1015_gc3300_rp0.05_mr1.14E-4_ss200.fa	long_content_30k_002	362	29902
long_content_30k_002/lc30k002_1016_gc3300_rp0.10_mr1.14E-4_ss100.fa	long_content_30k_002	661	29902
long_content_30k_002/lc30k002_1017_gc3300_rp0.05_mr1.14E-4_ss100.fa	long_content_30k_002	217	29902
long_content_30k_002/lc30k002_1018_gc3300_rp0.07_mr1.14E-4_ss100.fa	long_content_30k_002	594	29902
long_content_30k_002/lc30k002_1019_gc3300_rp0.10_mr1.14E-4_ss200.fa	long_content_30k_002	895	29902
long_content_30k_002/lc30k002_101_gc3300_rp0.15_mr1.14E-4_ss200.fa	long_content_30k_002	2108	29902
long_content_30k_002/lc30k002_1020_gc3300_rp0.15_mr1.14E-4_ss100.fa	long_content_30k_002	2167	29902
long_content_30k_002/lc30k002_1021_gc3300_rp0.15_mr1.14E-4_ss200.fa	long_content_30k_002	2598	29902
long_content_30k_002/lc30k002_1022_gc3300_rp0.07_mr1.14E-4_ss200.fa	long_content_30k_002	198	29902
long_content_30k_002/lc30k002_1023_gc3300_rp0.05_mr1.14E-4_ss200.fa	long_content_30k_002	88	29902
long_content_30k_002/lc30k002_1024_gc3300_rp0.10_mr1.14E-4_ss100.fa	long_content_30k_002	1029	29902
long_content_30k_002/lc30k002_1025_gc3300_rp0.05_mr1.14E-4_ss100.fa	long_content_30k_002	198	29902
long_content_30k_002/lc30k002_1026_gc3300_rp0.07_mr1.14E-4_ss100.fa	long_content_30k_002	475	29902
long_content_30k_002/lc30k002_1027_gc3300_rp0.10_mr1.14E-4_ss200.fa	long_content_30k_002	161	29902
long_content_30k_002/lc30k002_1028_gc3300_rp0.15_mr1.14E-4_ss100.fa	long_content_30k_002	1027	29902
long_content_30k_002/lc30k002_1029_gc3300_rp0.15_mr1.14E-4_ss200.fa	long_content_30k_002	3641	29902
long_content_30k_002/lc30k002_102_gc3300_rp0.07_mr1.14E-4_ss200.fa	long_content_30k_002	287	29902
long_content_30k_002/lc30k002_1030_gc3300_rp0.07_mr1.14E-4_ss200.fa	long_content_30k_002	1169	29902
long_content_30k_002/lc30k002_1031_gc3300_rp0.05_mr1.14E-4_ss200.fa	long_content_30k_002	1804	29902
long_content_30k_002/lc30k002_1032_gc3300_rp0.10_mr1.14E-4_ss100.fa	long_content_30k_002	847	29902
long_content_30k_002/lc30k002_1033_gc3300_rp0.05_mr1.14E-4_ss100.fa	long_content_30k_002	54	29902
long_content_30k_002/lc30k002_1034_gc3300_rp0.07_mr1.14E-4_ss100.fa	long_content_30k_002	87	29902
long_content_30k_002/lc30k002_1035_gc3300_rp0.10_mr1.14E-4_ss200.fa	long_content_30k_002	1905	29902
long_content_30k_002/lc30k002_1036_gc3300_rp0.15_mr1.14E-4_ss100.fa	long_content_30k_002	1737	29902
long_content_30k_002/lc30k002_1037_gc3300_rp0.15_mr1.14E-4_ss200.fa	long_content_30k_002	1937	29902
long_content_30k_002/lc30k002_1038_gc3300_rp0.07_mr1.14E-4_ss200.fa	long_content_30k_002	575	29902
long_content_30k_002/lc30k002_1039_gc3300_rp0.05_mr1.14E-4_ss200.fa	long_content_30k_002	128	29902
long_content_30k_002/lc30k002_103_gc3300_rp0.05_mr1.14E-4_ss200.fa	long_content_30k_002	722	29902
long_content_30k_002/lc30k002_1040_gc3300_rp0.10_mr1.14E-4_ss100.fa	long_content_30k_002	207	29902
long_content_30k_002/lc30k002_1041_gc3300_rp0.05_mr1.14E-4_ss100.fa	long_content_30k_002	529	29902
long_content_30k_002/lc30k002_1042_gc3300_rp0.07_mr1.14E-4_ss100.fa	long_content_30k_002	1164	29902
long_content_30k_002/lc30k002_1043_gc3300_rp0.10_mr1.14E-4_ss200.fa	long_content_30k_002	1091	29902
long_content_30k_002/lc30k002_1044_gc3300_rp0.15_mr1.14E-4_ss100.fa	long_content_30k_002	1191	29902
long_content_30k_002/lc30k002_1045_gc3300_rp0.15_mr1.14E-4_ss200.fa	long_content_30k_002	2876	29902
long_content_30k_002/lc30k002_1046_gc3300_rp0.07_mr1.14E-4_ss200.fa	long_content_30k_002	2718	29902
long_content_30k_002/lc30k002_1047_gc3300_rp0.05_mr1.14E-4_ss200.fa	long_content_30k_002	682	29902
long_content_30k_002/lc30k002_1048_gc3300_rp0.10_mr1.14E-4_ss100.fa	long_content_30k_002	573	29902
long_content_30k_002/lc30k002_1049_gc3300_rp0.05_mr1.14E-4_ss100.fa	long_content_30k_002	222	29902
long_content_30k_002/lc30k002_104_gc3300_rp0.10_mr1.14E-4_ss100.fa	long_content_30k_002	182	29902
long_content_30k_002/lc30k002_1050_gc3300_rp0.07_mr1.14E-4_ss100.fa	long_content_30k_002	152	29902
long_content_30k_002/lc30k002_1051_gc3300_rp0.10_mr1.14E-4_ss200.fa	long_content_30k_002	974	29902
long_content_30k_002/lc30k002_1052_gc3300_rp0.15_mr1.14E-4_ss100.fa	long_content_30k_002	1025	29902
long_content_30k_002/lc30k002_1053_gc3300_rp0.15_mr1.14E-4_ss200.fa	long_content_30k_002	1307	29902
long_content_30k_002/lc30k002_1054_gc3300_rp0.07_mr1.14E-4_ss200.fa	long_content_30k_002	1036	29902
long_content_30k_002/lc30k002_1055_gc3300_rp0.05_mr1.14E-4_ss200.fa	long_content_30k_002	184	29902
long_content_30k_002/lc30k002_1056_gc3300_rp0.10_mr1.14E-4_ss100.fa	long_content_30k_002	436	29902
long_content_30k_002/lc30k002_1057_gc3300_rp0.05_mr1.14E-4_ss100.fa	long_content_30k_002	130	29902
long_content_30k_002/lc30k002_1058_gc3300_rp0.07_mr1.14E-4_ss100.fa	long_content_30k_002	288	29902
long_content_30k_002/lc30k002_1059_gc3300_rp0.10_mr1.14E-4_ss200.fa	long_content_30k_002	152	29902
long_content_30k_002/lc30k002_105_gc3300_rp0.05_mr1.14E-4_ss100.fa	long_content_30k_002	331	29902
long_content_30k_002/lc30k002_1060_gc3300_rp0.15_mr1.14E-4_ss100.fa	long_content_30k_002	1088	29902
long_content_30k_002/lc30k002_1061_gc3300_rp0.15_mr1.14E-4_ss200.fa	long_content_30k_002	2272	29902
long_content_30k_002/lc30k002_1062_gc3300_rp0.07_mr1.14E-4_ss200.fa	long_content_30k_002	415	29902
long_content_30k_002/lc30k002_1063_gc3300_rp0.05_mr1.14E-4_ss200.fa	long_content_30k_002	1331	26796
long_content_30k_002/lc30k002_1064_gc3300_rp0.10_mr1.14E-4_ss100.fa	long_content_30k_002	198	29902
long_content_30k_002/lc30k002_1065_gc3300_rp0.05_mr1.14E-4_ss100.fa	long_content_30k_002	300	29902
long_content_30k_002/lc30k002_1066_gc3300_rp0.07_mr1.14E-4_ss100.fa	long_content_30k_002	805	29902
long_content_30k_002/lc30k002_1067_gc3300_rp0.10_mr1.14E-4_ss200.fa	long_content_30k_002	2040	29902
long_content_30k_002/lc30k002_1068_gc3300_rp0.15_mr1.14E-4_ss100.fa	long_content_30k_002	1964	29902
long_content_30k_002/lc30k002_1069_gc3300_rp0.15_mr1.14E-4_ss200.fa	long_content_30k_002	1166	29902
long_content_30k_002/lc30k002_106_gc3300_rp0.07_mr1.14E-4_ss100.fa	long_content_30k_002	151	29902
long_content_30k_002/lc30k002_1070_gc3300_rp0.07_mr1.14E-4_ss200.fa	long_content_30k_002	1184	29902
long_content_30k_002/lc30k002_1071_gc3300_rp0.05_mr1.14E-4_ss200.fa	long_content_30k_002	536	29902
long_content_30k_002/lc30k002_1072_gc3300_rp0.10_mr1.14E-4_ss100.fa	long_content_30k_002	749	29902
long_content_30k_002/lc30k002_1073_gc3300_rp0.05_mr1.14E-4_ss100.fa	long_content_30k_002	192	29902
long_content_30k_002/lc30k002_1074_gc3300_rp0.07_mr1.14E-4_ss100.fa	long_content_30k_002	399	29902
long_content_30k_002/lc30k002_1075_gc3300_rp0.10_mr1.14E-4_ss200.fa	long_content_30k_002	1009	29902
long_content_30k_002/lc30k002_1076_gc3300_rp0.15_mr1.14E-4_ss100.fa	long_content_30k_002	2465	29902
long_content_30k_002/lc30k002_1077_gc3300_rp0.15_mr1.14E-4_ss200.fa	long_content_30k_002	3568	29902
long_content_30k_002/lc30k002_1078_gc3300_rp0.07_mr1.14E-4_ss200.fa	long_content_30k_002	747	29902
long_content_30k_002/lc30k002_1079_gc3300_rp0.05_mr1.14E-4_ss200.fa	long_content_30k_002	78	25068
long_content_30k_002/lc30k002_107_gc3300_rp0.10_mr1.14E-4_ss200.fa	long_content_30k_002	1122	29902
long_content_30k_002/lc30k002_1080_gc3300_rp0.10_mr1.14E-4_ss100.fa	long_content_30k_002	194	29902
long_content_30k_002/lc30k002_1081_gc3300_rp0.05_mr1.14E-4_ss100.fa	long_content_30k_002	245	29902
long_content_30k_002/lc30k002_1082_gc3300_rp0.07_mr1.14E-4_ss100.fa	long_content_30k_002	662	29902
long_content_30k_002/lc30k002_1083_gc3300_rp0.10_mr1.14E-4_ss200.fa	long_content_30k_002	2590	29902
long_content_30k_002/lc30k002_1084_gc3300_rp0.15_mr1.14E-4_ss100.fa	long_content_30k_002	1947	29902
long_content_30k_002/lc30k002_1085_gc3300_rp0.15_mr1.14E-4_ss200.fa	long_content_30k_002	3355	29902
long_content_30k_002/lc30k002_1086_gc3300_rp0.07_mr1.14E-4_ss200.fa	long_content_30k_002	586	29902
long_content_30k_002/lc30k002_1087_gc3300_rp0.05_mr1.14E-4_ss200.fa	long_content_30k_002	210	29902
long_content_30k_002/lc30k002_1088_gc3300_rp0.10_mr1.14E-4_ss100.fa	long_content_30k_002	2025	29902
long_content_30k_002/lc30k002_1089_gc3300_rp0.05_mr1.14E-4_ss100.fa	long_content_30k_002	150	29902
long_content_30k_002/lc30k002_108_gc3300_rp0.15_mr1.14E-4_ss100.fa	long_content_30k_002	654	29902
long_content_30k_002/lc30k002_1090_gc3300_rp0.07_mr1.14E-4_ss100.fa	long_content_30k_002	924	29902
long_content_30k_002/lc30k002_1091_gc3300_rp0.10_mr1.14E-4_ss200.fa	long_content_30k_002	489	29902
long_content_30k_002/lc30k002_1092_gc3300_rp0.15_mr1.14E-4_ss100.fa	long_content_30k_002	1326	29902
long_content_30k_002/lc30k002_1093_gc3300_rp0.15_mr1.14E-4_ss200.fa	long_content_30k_002	1380	29902
long_content_30k_002/lc30k002_1094_gc3300_rp0.07_mr1.14E-4_ss200.fa	long_content_30k_002	2800	29902
long_content_30k_002/lc30k002_1095_gc3300_rp0.05_mr1.14E-4_ss200.fa	long_content_30k_002	168	29902
long_content_30k_002/lc30k002_1096_gc3300_rp0.10_mr1.14E-4_ss100.fa	long_content_30k_002	395	29902
long_content_30k_002/lc30k002_1097_gc3300_rp0.05_mr1.14E-4_ss100.fa	long_content_30k_002	182	29902
long_content_30k_002/lc30k002_1098_gc3300_rp0.07_mr1.14E-4_ss100.fa	long_content_30k_002	250	29902
long_content_30k_002/lc30k002_1099_gc3300_rp0.10_mr1.14E-4_ss200.fa	long_content_30k_002	3005	29902
long_content_30k_002/lc30k002_109_gc3300_rp0.15_mr1.14E-4_ss200.fa	long_content_30k_002	3780	29902
long_content_30k_002/lc30k002_1100_gc3300_rp0.15_mr1.14E-4_ss100.fa	long_content_30k_002	1608	29902
long_content_30k_002/lc30k002_1101_gc3300_rp0.15_mr1.14E-4_ss200.fa	long_content_30k_002	2530	29902
long_content_30k_002/lc30k002_1102_gc3300_rp0.07_mr1.14E-4_ss200.fa	long_content_30k_002	2914	29902
long_content_30k_002/lc30k002_1103_gc3300_rp0.05_mr1.14E-4_ss200.fa	long_content_30k_002	1826	29902
long_content_30k_002/lc30k002_1104_gc3300_rp0.10_mr1.14E-4_ss100.fa	long_content_30k_002	407	29902
long_content_30k_002/lc30k002_1105_gc3300_rp0.05_mr1.14E-4_ss100.fa	long_content_30k_002	616	29902
long_content_30k_002/lc30k002_1106_gc3300_rp0.07_mr1.14E-4_ss100.fa	long_content_30k_002	351	29902
long_content_30k_002/lc30k002_1107_gc3300_rp0.10_mr1.14E-4_ss200.fa	long_content_30k_002	1881	29902
long_content_30k_002/lc30k002_1108_gc3300_rp0.15_mr1.14E-4_ss100.fa	long_content_30k_002	706	29902
long_content_30k_002/lc30k002_1109_gc3300_rp0.15_mr1.14E-4_ss200.fa	long_content_30k_002	1938	29902
long_content_30k_002/lc30k002_110_gc3300_rp0.07_mr1.14E-4_ss200.fa	long_content_30k_002	640	29902
long_content_30k_002/lc30k002_1110_gc3300_rp0.07_mr1.14E-4_ss200.fa	long_content_30k_002	913	29902
long_content_30k_002/lc30k002_1111_gc3300_rp0.05_mr1.14E-4_ss200.fa	long_content_30k_002	617	29902
long_content_30k_002/lc30k002_1112_gc3300_rp0.10_mr1.14E-4_ss100.fa	long_content_30k_002	442	29902
long_content_30k_002/lc30k002_1113_gc3300_rp0.05_mr1.14E-4_ss100.fa	long_content_30k_002	185	29902
long_content_30k_002/lc30k002_1114_gc3300_rp0.07_mr1.14E-4_ss100.fa	long_content_30k_002	1249	29902
long_content_30k_002/lc30k002_1115_gc3300_rp0.10_mr1.14E-4_ss200.fa	long_content_30k_002	458	29902
long_content_30k_002/lc30k002_1116_gc3300_rp0.15_mr1.14E-4_ss100.fa	long_content_30k_002	1325	29902
long_content_30k_002/lc30k002_1117_gc3300_rp0.15_mr1.14E-4_ss200.fa	long_content_30k_002	1436	29902
long_content_30k_002/lc30k002_1118_gc3300_rp0.07_mr1.14E-4_ss200.fa	long_content_30k_002	929	29902
long_content_30k_002/lc30k002_1119_gc3300_rp0.05_mr1.14E-4_ss200.fa	long_content_30k_002	422	29902
long_content_30k_002/lc30k002_111_gc3300_rp0.05_mr1.14E-4_ss200.fa	long_content_30k_002	441	29902
long_content_30k_002/lc30k002_1120_gc3300_rp0.10_mr1.14E-4_ss100.fa	long_content_30k_002	659	29902
long_content_30k_002/lc30k002_1121_gc3300_rp0.05_mr1.14E-4_ss100.fa	long_content_30k_002	166	29902
long_content_30k_002/lc30k002_1122_gc3300_rp0.07_mr1.14E-4_ss100.fa	long_content_30k_002	727	29902
long_content_30k_002/lc30k002_1123_gc3300_rp0.10_mr1.14E-4_ss200.fa	long_content_30k_002	1420	29902
long_content_30k_002/lc30k002_1124_gc3300_rp0.15_mr1.14E-4_ss100.fa	long_content_30k_002	1286	29902
long_content_30k_002/lc30k002_1125_gc3300_rp0.15_mr1.14E-4_ss200.fa	long_content_30k_002	2268	29902
long_content_30k_002/lc30k002_1126_gc3300_rp0.07_mr1.14E-4_ss200.fa	long_content_30k_002	378	29902
long_content_30k_002/lc30k002_1127_gc3300_rp0.05_mr1.14E-4_ss200.fa	long_content_30k_002	372	29902
long_content_30k_002/lc30k002_1128_gc3300_rp0.10_mr1.14E-4_ss100.fa	long_content_30k_002	415	29902
long_content_30k_002/lc30k002_1129_gc3300_rp0.05_mr1.14E-4_ss100.fa	long_content_30k_002	409	29902
long_content_30k_002/lc30k002_112_gc3300_rp0.10_mr1.14E-4_ss100.fa	long_content_30k_002	927	29902
long_content_30k_002/lc30k002_1130_gc3300_rp0.07_mr1.14E-4_ss100.fa	long_content_30k_002	199	29902
long_content_30k_002/lc30k002_1131_gc3300_rp0.10_mr1.14E-4_ss200.fa	long_content_30k_002	1161	29902
long_content_30k_002/lc30k002_1132_gc3300_rp0.15_mr1.14E-4_ss100.fa	long_content_30k_002	617	29902
long_content_30k_002/lc30k002_1133_gc3300_rp0.15_mr1.14E-4_ss200.fa	long_content_30k_002	3421	29902
long_content_30k_002/lc30k002_1134_gc3300_rp0.07_mr1.14E-4_ss200.fa	long_content_30k_002	804	29902
long_content_30k_002/lc30k002_1135_gc3300_rp0.05_mr1.14E-4_ss200.fa	long_content_30k_002	323	29902
long_content_30k_002/lc30k002_1136_gc3300_rp0.10_mr1.14E-4_ss100.fa	long_content_30k_002	403	29902
long_content_30k_002/lc30k002_1137_gc3300_rp0.05_mr1.14E-4_ss100.fa	long_content_30k_002	668	29902
long_content_30k_002/lc30k002_1138_gc3300_rp0.07_mr1.14E-4_ss100.fa	long_content_30k_002	1050	29902
long_content_30k_002/lc30k002_1139_gc3300_rp0.10_mr1.14E-4_ss200.fa	long_content_30k_002	414	29902
long_content_30k_002/lc30k002_113_gc3300_rp0.05_mr1.14E-4_ss100.fa	long_content_30k_002	144	29902
long_content_30k_002/lc30k002_1140_gc3300_rp0.15_mr1.14E-4_ss100.fa	long_content_30k_002	450	29902
long_content_30k_002/lc30k002_1141_gc3300_rp0.15_mr1.14E-4_ss200.fa	long_content_30k_002	2564	29902
long_content_30k_002/lc30k002_1142_gc3300_rp0.07_mr1.14E-4_ss200.fa	long_content_30k_002	530	29902
long_content_30k_002/lc30k002_1143_gc3300_rp0.05_mr1.14E-4_ss200.fa	long_content_30k_002	319	29902
long_content_30k_002/lc30k002_1144_gc3300_rp0.10_mr1.14E-4_ss100.fa	long_content_30k_002	924	29902
long_content_30k_002/lc30k002_1145_gc3300_rp0.05_mr1.14E-4_ss100.fa	long_content_30k_002	218	29902
long_content_30k_002/lc30k002_1146_gc3300_rp0.07_mr1.14E-4_ss100.fa	long_content_30k_002	368	29902
long_content_30k_002/lc30k002_1147_gc3300_rp0.10_mr1.14E-4_ss200.fa	long_content_30k_002	2215	29902
long_content_30k_002/lc30k002_1148_gc3300_rp0.15_mr1.14E-4_ss100.fa	long_content_30k_002	1311	29902
long_content_30k_002/lc30k002_1149_gc3300_rp0.15_mr1.14E-4_ss200.fa	long_content_30k_002	647	29902
long_content_30k_002/lc30k002_114_gc3300_rp0.07_mr1.14E-4_ss100.fa	long_content_30k_002	673	29902
long_content_30k_002/lc30k002_1150_gc3300_rp0.07_mr1.14E-4_ss200.fa	long_content_30k_002	1839	29902
long_content_30k_002/lc30k002_1151_gc3300_rp0.05_mr1.14E-4_ss200.fa	long_content_30k_002	335	29902
long_content_30k_002/lc30k002_1152_gc3300_rp0.10_mr1.14E-4_ss100.fa	long_content_30k_002	27	29902
long_content_30k_002/lc30k002_1153_gc3300_rp0.05_mr1.14E-4_ss100.fa	long_content_30k_002	1488	29902
long_content_30k_002/lc30k002_1154_gc3300_rp0.07_mr1.14E-4_ss100.fa	long_content_30k_002	506	29902
long_content_30k_002/lc30k002_1155_gc3300_rp0.10_mr1.14E-4_ss200.fa	long_content_30k_002	2505	29902
long_content_30k_002/lc30k002_1156_gc3300_rp0.15_mr1.14E-4_ss100.fa	long_content_30k_002	956	29902
long_content_30k_002/lc30k002_1157_gc3300_rp0.15_mr1.14E-4_ss200.fa	long_content_30k_002	554	29902
long_content_30k_002/lc30k002_1158_gc3300_rp0.07_mr1.14E-4_ss200.fa	long_content_30k_002	991	29902
long_content_30k_002/lc30k002_1159_gc3300_rp0.05_mr1.14E-4_ss200.fa	long_content_30k_002	967	29902
long_content_30k_002/lc30k002_115_gc3300_rp0.10_mr1.14E-4_ss200.fa	long_content_30k_002	382	29902
long_content_30k_002/lc30k002_1160_gc3300_rp0.10_mr1.14E-4_ss100.fa	long_content_30k_002	1188	29902
long_content_30k_002/lc30k002_1161_gc3300_rp0.05_mr1.14E-4_ss100.fa	long_content_30k_002	745	29902
long_content_30k_002/lc30k002_1162_gc3300_rp0.07_mr1.14E-4_ss100.fa	long_content_30k_002	310	29902
long_content_30k_002/lc30k002_1163_gc3300_rp0.10_mr1.14E-4_ss200.fa	long_content_30k_002	503	29902
long_content_30k_002/lc30k002_1164_gc3300_rp0.15_mr1.14E-4_ss100.fa	long_content_30k_002	2222	29902
long_content_30k_002/lc30k002_1165_gc3300_rp0.15_mr1.14E-4_ss200.fa	long_content_30k_002	4929	29902
long_content_30k_002/lc30k002_1166_gc3300_rp0.07_mr1.14E-4_ss200.fa	long_content_30k_002	1742	29902
long_content_30k_002/lc30k002_1167_gc3300_rp0.05_mr1.14E-4_ss200.fa	long_content_30k_002	834	29902
long_content_30k_002/lc30k002_1168_gc3300_rp0.10_mr1.14E-4_ss100.fa	long_content_30k_002	511	29902
long_content_30k_002/lc30k002_1169_gc3300_rp0.05_mr1.14E-4_ss100.fa	long_content_30k_002	87	29902
long_content_30k_002/lc30k002_116_gc3300_rp0.15_mr1.14E-4_ss100.fa	long_content_30k_002	776	29902
long_content_30k_002/lc30k002_1170_gc3300_rp0.07_mr1.14E-4_ss100.fa	long_content_30k_002	499	29902
long_content_30k_002/lc30k002_1171_gc3300_rp0.10_mr1.14E-4_ss200.fa	long_content_30k_002	729	29902
long_content_30k_002/lc30k002_1172_gc3300_rp0.15_mr1.14E-4_ss100.fa	long_content_30k_002	523	29902
long_content_30k_002/lc30k002_1173_gc3300_rp0.15_mr1.14E-4_ss200.fa	long_content_30k_002	2626	29902
long_content_30k_002/lc30k002_1174_gc3300_rp0.07_mr1.14E-4_ss200.fa	long_content_30k_002	418	29902
long_content_30k_002/lc30k002_1175_gc3300_rp0.05_mr1.14E-4_ss200.fa	long_content_30k_002	515	29902
long_content_30k_002/lc30k002_1176_gc3300_rp0.10_mr1.14E-4_ss100.fa	long_content_30k_002	551	29902
long_content_30k_002/lc30k002_1177_gc3300_rp0.05_mr1.14E-4_ss100.fa	long_content_30k_002	535	29902
long_content_30k_002/lc30k002_1178_gc3300_rp0.07_mr1.14E-4_ss100.fa	long_content_30k_002	369	29902
long_content_30k_002/lc30k002_1179_gc3300_rp0.10_mr1.14E-4_ss200.fa	long_content_30k_002	2278	29902
long_content_30k_002/lc30k002_117_gc3300_rp0.15_mr1.14E-4_ss200.fa	long_content_30k_002	1620	29902
long_content_30k_002/lc30k002_1180_gc3300_rp0.15_mr1.14E-4_ss100.fa	long_content_30k_002	1411	29902
long_content_30k_002/lc30k002_1181_gc3300_rp0.15_mr1.14E-4_ss200.fa	long_content_30k_002	844	29902
long_content_30k_002/lc30k002_1182_gc3300_rp0.07_mr1.14E-4_ss200.fa	long_content_30k_002	952	29902
long_content_30k_002/lc30k002_1183_gc3300_rp0.05_mr1.14E-4_ss200.fa	long_content_30k_002	833	29902
long_content_30k_002/lc30k002_1184_gc3300_rp0.10_mr1.14E-4_ss100.fa	long_content_30k_002	878	29902
long_content_30k_002/lc30k002_1185_gc3300_rp0.05_mr1.14E-4_ss100.fa	long_content_30k_002	350	29902
long_content_30k_002/lc30k002_1186_gc3300_rp0.07_mr1.14E-4_ss100.fa	long_content_30k_002	137	29902
long_content_30k_002/lc30k002_1187_gc3300_rp0.10_mr1.14E-4_ss200.fa	long_content_30k_002	3152	29902
long_content_30k_002/lc30k002_1188_gc3300_rp0.15_mr1.14E-4_ss100.fa	long_content_30k_002	1835	29902
long_content_30k_002/lc30k002_1189_gc3300_rp0.15_mr1.14E-4_ss200.fa	long_content_30k_002	2693	29902
long_content_30k_002/lc30k002_118_gc3300_rp0.07_mr1.14E-4_ss200.fa	long_content_30k_002	1262	29902
long_content_30k_002/lc30k002_1190_gc3300_rp0.07_mr1.14E-4_ss200.fa	long_content_30k_002	531	29902
long_content_30k_002/lc30k002_1191_gc3300_rp0.05_mr1.14E-4_ss200.fa	long_content_30k_002	722	29902
long_content_30k_002/lc30k002_1192_gc3300_rp0.10_mr1.14E-4_ss100.fa	long_content_30k_002	1012	29902
long_content_30k_002/lc30k002_1193_gc3300_rp0.05_mr1.14E-4_ss100.fa	long_content_30k_002	353	29902
long_content_30k_002/lc30k002_1194_gc3300_rp0.07_mr1.14E-4_ss100.fa	long_content_30k_002	324	29902
long_content_30k_002/lc30k002_1195_gc3300_rp0.10_mr1.14E-4_ss200.fa	long_content_30k_002	1894	29902
long_content_30k_002/lc30k002_1196_gc3300_rp0.15_mr1.14E-4_ss100.fa	long_content_30k_002	1264	29902
long_content_30k_002/lc30k002_1197_gc3300_rp0.15_mr1.14E-4_ss200.fa	long_content_30k_002	1915	29902
long_content_30k_002/lc30k002_1198_gc3300_rp0.07_mr1.14E-4_ss200.fa	long_content_30k_002	625	29902
long_content_30k_002/lc30k002_1199_gc3300_rp0.05_mr1.14E-4_ss200.fa	long_content_30k_002	899	29902
long_content_30k_002/lc30k002_119_gc3300_rp0.05_mr1.14E-4_ss200.fa	long_content_30k_002	893	29902
long_content_30k_002/lc30k002_1200_gc3300_rp0.10_mr1.14E-4_ss100.fa	long_content_30k_002	1151	29902
long_content_30k_002/lc30k002_1201_gc3300_rp0.05_mr1.14E-4_ss100.fa	long_content_30k_002	112	29902
long_content_30k_002/lc30k002_1202_gc3300_rp0.07_mr1.14E-4_ss100.fa	long_content_30k_002	171	29902
long_content_30k_002/lc30k002_1203_gc3300_rp0.10_mr1.14E-4_ss200.fa	long_content_30k_002	2071	29902
long_content_30k_002/lc30k002_1204_gc3300_rp0.15_mr1.14E-4_ss100.fa	long_content_30k_002	2049	29902
long_content_30k_002/lc30k002_1205_gc3300_rp0.15_mr1.14E-4_ss200.fa	long_content_30k_002	3014	29902
long_content_30k_002/lc30k002_1206_gc3300_rp0.07_mr1.14E-4_ss200.fa	long_content_30k_002	1463	29902
long_content_30k_002/lc30k002_1207_gc3300_rp0.05_mr1.14E-4_ss200.fa	long_content_30k_002	370	29902
long_content_30k_002/lc30k002_1208_gc3300_rp0.10_mr1.14E-4_ss100.fa	long_content_30k_002	312	29902
long_content_30k_002/lc30k002_1209_gc3300_rp0.05_mr1.14E-4_ss100.fa	long_content_30k_002	349	29902
long_content_30k_002/lc30k002_120_gc3300_rp0.10_mr1.14E-4_ss100.fa	long_content_30k_002	443	29902
long_content_30k_002/lc30k002_1210_gc3300_rp0.07_mr1.14E-4_ss100.fa	long_content_30k_002	108	29902
long_content_30k_002/lc30k002_1211_gc3300_rp0.10_mr1.14E-4_ss200.fa	long_content_30k_002	2870	29902
long_content_30k_002/lc30k002_1212_gc3300_rp0.15_mr1.14E-4_ss100.fa	long_content_30k_002	999	29902
long_content_30k_002/lc30k002_1213_gc3300_rp0.15_mr1.14E-4_ss200.fa	long_content_30k_002	1809	29902
long_content_30k_002/lc30k002_1214_gc3300_rp0.07_mr1.14E-4_ss200.fa	long_content_30k_002	1269	29902
long_content_30k_002/lc30k002_1215_gc3300_rp0.05_mr1.14E-4_ss200.fa	long_content_30k_002	187	27828
long_content_30k_002/lc30k002_1216_gc3300_rp0.10_mr1.14E-4_ss100.fa	long_content_30k_002	823	29902
long_content_30k_002/lc30k002_1217_gc3300_rp0.05_mr1.14E-4_ss100.fa	long_content_30k_002	110	29902
long_content_30k_002/lc30k002_1218_gc3300_rp0.07_mr1.14E-4_ss100.fa	long_content_30k_002	762	29902
long_content_30k_002/lc30k002_1219_gc3300_rp0.10_mr1.14E-4_ss200.fa	long_content_30k_002	594	29902
long_content_30k_002/lc30k002_121_gc3300_rp0.05_mr1.14E-4_ss100.fa	long_content_30k_002	164	29902
long_content_30k_002/lc30k002_1220_gc3300_rp0.15_mr1.14E-4_ss100.fa	long_content_30k_002	1159	29902
long_content_30k_002/lc30k002_1221_gc3300_rp0.15_mr1.14E-4_ss200.fa	long_content_30k_002	4862	29902
long_content_30k_002/lc30k002_1222_gc3300_rp0.07_mr1.14E-4_ss200.fa	long_content_30k_002	604	29902
long_content_30k_002/lc30k002_1223_gc3300_rp0.05_mr1.14E-4_ss200.fa	long_content_30k_002	144	29902
long_content_30k_002/lc30k002_1224_gc3300_rp0.10_mr1.14E-4_ss100.fa	long_content_30k_002	998	29902
long_content_30k_002/lc30k002_1225_gc3300_rp0.05_mr1.14E-4_ss100.fa	long_content_30k_002	225	29902
long_content_30k_002/lc30k002_1226_gc3300_rp0.07_mr1.14E-4_ss100.fa	long_content_30k_002	278	29902
long_content_30k_002/lc30k002_1227_gc3300_rp0.10_mr1.14E-4_ss200.fa	long_content_30k_002	6040	29902
long_content_30k_002/lc30k002_1228_gc3300_rp0.15_mr1.14E-4_ss100.fa	long_content_30k_002	1331	29902
long_content_30k_002/lc30k002_1229_gc3300_rp0.15_mr1.14E-4_ss200.fa	long_content_30k_002	356	29902
long_content_30k_002/lc30k002_122_gc3300_rp0.07_mr1.14E-4_ss100.fa	long_content_30k_002	242	29902
long_content_30k_002/lc30k002_1230_gc3300_rp0.07_mr1.14E-4_ss200.fa	long_content_30k_002	367	29902
long_content_30k_002/lc30k002_1231_gc3300_rp0.05_mr1.14E-4_ss200.fa	long_content_30k_002	211	29902
long_content_30k_002/lc30k002_1232_gc3300_rp0.10_mr1.14E-4_ss100.fa	long_content_30k_002	601	29902
long_content_30k_002/lc30k002_1233_gc3300_rp0.05_mr1.14E-4_ss100.fa	long_content_30k_002	315	29902
long_content_30k_002/lc30k002_1234_gc3300_rp0.07_mr1.14E-4_ss100.fa	long_content_30k_002	454	29902
long_content_30k_002/lc30k002_1235_gc3300_rp0.10_mr1.14E-4_ss200.fa	long_content_30k_002	1736	29902
long_content_30k_002/lc30k002_1236_gc3300_rp0.15_mr1.14E-4_ss100.fa	long_content_30k_002	842	29902
long_content_30k_002/lc30k002_1237_gc3300_rp0.15_mr1.14E-4_ss200.fa	long_content_30k_002	967	29902
long_content_30k_002/lc30k002_1238_gc3300_rp0.07_mr1.14E-4_ss200.fa	long_content_30k_002	1620	29902
long_content_30k_002/lc30k002_1239_gc3300_rp0.05_mr1.14E-4_ss200.fa	long_content_30k_002	505	29902
long_content_30k_002/lc30k002_123_gc3300_rp0.10_mr1.14E-4_ss200.fa	long_content_30k_002	1510	29902
long_content_30k_002/lc30k002_1240_gc3300_rp0.10_mr1.14E-4_ss100.fa	long_content_30k_002	507	29902
long_content_30k_002/lc30k002_1241_gc3300_rp0.05_mr1.14E-4_ss100.fa	long_content_30k_002	674	29902
long_content_30k_002/lc30k002_1242_gc3300_rp0.07_mr1.14E-4_ss100.fa	long_content_30k_002	394	29902
long_content_30k_002/lc30k002_1243_gc3300_rp0.10_mr1.14E-4_ss200.fa	long_content_30k_002	1688	29902
long_content_30k_002/lc30k002_1244_gc3300_rp0.15_mr1.14E-4_ss100.fa	long_content_30k_002	438	29902
long_content_30k_002/lc30k002_1245_gc3300_rp0.15_mr1.14E-4_ss200.fa	long_content_30k_002	3194	29902
long_content_30k_002/lc30k002_1246_gc3300_rp0.07_mr1.14E-4_ss200.fa	long_content_30k_002	1660	29902
long_content_30k_002/lc30k002_1247_gc3300_rp0.05_mr1.14E-4_ss200.fa	long_content_30k_002	23	29902
long_content_30k_002/lc30k002_1248_gc3300_rp0.10_mr1.14E-4_ss100.fa	long_content_30k_002	690	29902
long_content_30k_002/lc30k002_1249_gc3300_rp0.05_mr1.14E-4_ss100.fa	long_content_30k_002	47	26355
long_content_30k_002/lc30k002_124_gc3300_rp0.15_mr1.14E-4_ss100.fa	long_content_30k_002	1698	29902
long_content_30k_002/lc30k002_1250_gc3300_rp0.07_mr1.14E-4_ss100.fa	long_content_30k_002	617	29902
long_content_30k_002/lc30k002_1251_gc3300_rp0.10_mr1.14E-4_ss200.fa	long_content_30k_002	431	29902
long_content_30k_002/lc30k002_1252_gc3300_rp0.15_mr1.14E-4_ss100.fa	long_content_30k_002	695	29902
long_content_30k_002/lc30k002_1253_gc3300_rp0.15_mr1.14E-4_ss200.fa	long_content_30k_002	5437	29902
long_content_30k_002/lc30k002_1254_gc3300_rp0.07_mr1.14E-4_ss200.fa	long_content_30k_002	429	29902
long_content_30k_002/lc30k002_1255_gc3300_rp0.05_mr1.14E-4_ss200.fa	long_content_30k_002	564	29902
long_content_30k_002/lc30k002_1256_gc3300_rp0.10_mr1.14E-4_ss100.fa	long_content_30k_002	51	29902
long_content_30k_002/lc30k002_1257_gc3300_rp0.05_mr1.14E-4_ss100.fa	long_content_30k_002	597	29902
long_content_30k_002/lc30k002_1258_gc3300_rp0.07_mr1.14E-4_ss100.fa	long_content_30k_002	910	29902
long_content_30k_002/lc30k002_1259_gc3300_rp0.10_mr1.14E-4_ss200.fa	long_content_30k_002	4846	29902
long_content_30k_002/lc30k002_125_gc3300_rp0.15_mr1.14E-4_ss200.fa	long_content_30k_002	1911	29902
long_content_30k_002/lc30k002_1260_gc3300_rp0.15_mr1.14E-4_ss100.fa	long_content_30k_002	952	29902
long_content_30k_002/lc30k002_1261_gc3300_rp0.15_mr1.14E-4_ss200.fa	long_content_30k_002	555	29902
long_content_30k_002/lc30k002_1262_gc3300_rp0.07_mr1.14E-4_ss200.fa	long_content_30k_002	2579	29902
long_content_30k_002/lc30k002_1263_gc3300_rp0.05_mr1.14E-4_ss200.fa	long_content_30k_002	241	29902
long_content_30k_002/lc30k002_1264_gc3300_rp0.10_mr1.14E-4_ss100.fa	long_content_30k_002	996	29902
long_content_30k_002/lc30k002_1265_gc3300_rp0.05_mr1.14E-4_ss100.fa	long_content_30k_002	381	29902
long_content_30k_002/lc30k002_1266_gc3300_rp0.07_mr1.14E-4_ss100.fa	long_content_30k_002	12	29902
long_content_30k_002/lc30k002_1267_gc3300_rp0.10_mr1.14E-4_ss200.fa	long_content_30k_002	218	29902
long_content_30k_002/lc30k002_1268_gc3300_rp0.15_mr1.14E-4_ss100.fa	long_content_30k_002	2737	29902
long_content_30k_002/lc30k002_1269_gc3300_rp0.15_mr1.14E-4_ss200.fa	long_content_30k_002	962	29902
long_content_30k_002/lc30k002_126_gc3300_rp0.07_mr1.14E-4_ss200.fa	long_content_30k_002	3178	29902
long_content_30k_002/lc30k002_1270_gc3300_rp0.07_mr1.14E-4_ss200.fa	long_content_30k_002	306	29902
long_content_30k_002/lc30k002_1271_gc3300_rp0.05_mr1.14E-4_ss200.fa	long_content_30k_002	1065	29902
long_content_30k_002/lc30k002_1272_gc3300_rp0.10_mr1.14E-4_ss100.fa	long_content_30k_002	944	29902
long_content_30k_002/lc30k002_1273_gc3300_rp0.05_mr1.14E-4_ss100.fa	long_content_30k_002	95	29902
long_content_30k_002/lc30k002_1274_gc3300_rp0.07_mr1.14E-4_ss100.fa	long_content_30k_002	285	29902
long_content_30k_002/lc30k002_1275_gc3300_rp0.10_mr1.14E-4_ss200.fa	long_content_30k_002	632	29902
long_content_30k_002/lc30k002_1276_gc3300_rp0.15_mr1.14E-4_ss100.fa	long_content_30k_002	1540	29902
long_content_30k_002/lc30k002_1277_gc3300_rp0.15_mr1.14E-4_ss200.fa	long_content_30k_002	3791	29902
long_content_30k_002/lc30k002_1278_gc3300_rp0.07_mr1.14E-4_ss200.fa	long_content_30k_002	309	29902
long_content_30k_002/lc30k002_1279_gc3300_rp0.05_mr1.14E-4_ss200.fa	long_content_30k_002	360	29902
long_content_30k_002/lc30k002_127_gc3300_rp0.05_mr1.14E-4_ss200.fa	long_content_30k_002	131	29902
long_content_30k_002/lc30k002_1280_gc3300_rp0.10_mr1.14E-4_ss100.fa	long_content_30k_002	222	29902
long_content_30k_002/lc30k002_1281_gc3300_rp0.05_mr1.14E-4_ss100.fa	long_content_30k_002	195	29902
long_content_30k_002/lc30k002_1282_gc3300_rp0.07_mr1.14E-4_ss100.fa	long_content_30k_002	227	29902
long_content_30k_002/lc30k002_1283_gc3300_rp0.10_mr1.14E-4_ss200.fa	long_content_30k_002	1294	29902
long_content_30k_002/lc30k002_1284_gc3300_rp0.15_mr1.14E-4_ss100.fa	long_content_30k_002	2299	29902
long_content_30k_002/lc30k002_1285_gc3300_rp0.15_mr1.14E-4_ss200.fa	long_content_30k_002	2283	29902
long_content_30k_002/lc30k002_1286_gc3300_rp0.07_mr1.14E-4_ss200.fa	long_content_30k_002	2478	29902
long_content_30k_002/lc30k002_1287_gc3300_rp0.05_mr1.14E-4_ss200.fa	long_content_30k_002	808	29902
long_content_30k_002/lc30k002_1288_gc3300_rp0.10_mr1.14E-4_ss100.fa	long_content_30k_002	465	29902
long_content_30k_002/lc30k002_1289_gc3300_rp0.05_mr1.14E-4_ss100.fa	long_content_30k_002	454	29902
long_content_30k_002/lc30k002_128_gc3300_rp0.10_mr1.14E-4_ss100.fa	long_content_30k_002	159	29902
long_content_30k_002/lc30k002_1290_gc3300_rp0.07_mr1.14E-4_ss100.fa	long_content_30k_002	963	29902
long_content_30k_002/lc30k002_1291_gc3300_rp0.10_mr1.14E-4_ss200.fa	long_content_30k_002	1238	29902
long_content_30k_002/lc30k002_1292_gc3300_rp0.15_mr1.14E-4_ss100.fa	long_content_30k_002	667	29902
long_content_30k_002/lc30k002_1293_gc3300_rp0.15_mr1.14E-4_ss200.fa	long_content_30k_002	2260	29902
long_content_30k_002/lc30k002_1294_gc3300_rp0.07_mr1.14E-4_ss200.fa	long_content_30k_002	804	29902
long_content_30k_002/lc30k002_1295_gc3300_rp0.05_mr1.14E-4_ss200.fa	long_content_30k_002	1023	29902
long_content_30k_002/lc30k002_1296_gc3300_rp0.10_mr1.14E-4_ss100.fa	long_content_30k_002	968	29902
long_content_30k_002/lc30k002_1297_gc3300_rp0.05_mr1.14E-4_ss100.fa	long_content_30k_002	208	29902
long_content_30k_002/lc30k002_1298_gc3300_rp0.07_mr1.14E-4_ss100.fa	long_content_30k_002	362	29902
long_content_30k_002/lc30k002_1299_gc3300_rp0.10_mr1.14E-4_ss200.fa	long_content_30k_002	1487	29902
long_content_30k_002/lc30k002_129_gc3300_rp0.05_mr1.14E-4_ss100.fa	long_content_30k_002	662	29902
long_content_30k_002/lc30k002_1300_gc3300_rp0.15_mr1.14E-4_ss100.fa	long_content_30k_002	1726	29902
long_content_30k_002/lc30k002_1301_gc3300_rp0.15_mr1.14E-4_ss200.fa	long_content_30k_002	1065	29902
long_content_30k_002/lc30k002_1302_gc3300_rp0.07_mr1.14E-4_ss200.fa	long_content_30k_002	362	29902
long_content_30k_002/lc30k002_1303_gc3300_rp0.05_mr1.14E-4_ss200.fa	long_content_30k_002	162	29902
long_content_30k_002/lc30k002_1304_gc3300_rp0.10_mr1.14E-4_ss100.fa	long_content_30k_002	1235	29902
long_content_30k_002/lc30k002_1305_gc3300_rp0.05_mr1.14E-4_ss100.fa	long_content_30k_002	59	29902
long_content_30k_002/lc30k002_1306_gc3300_rp0.07_mr1.14E-4_ss100.fa	long_content_30k_002	292	29902
long_content_30k_002/lc30k002_1307_gc3300_rp0.10_mr1.14E-4_ss200.fa	long_content_30k_002	1483	29902
long_content_30k_002/lc30k002_1308_gc3300_rp0.15_mr1.14E-4_ss100.fa	long_content_30k_002	3068	29902
long_content_30k_002/lc30k002_1309_gc3300_rp0.15_mr1.14E-4_ss200.fa	long_content_30k_002	869	29902
long_content_30k_002/lc30k002_130_gc3300_rp0.07_mr1.14E-4_ss100.fa	long_content_30k_002	679	29902
long_content_30k_002/lc30k002_1310_gc3300_rp0.07_mr1.14E-4_ss200.fa	long_content_30k_002	545	29902
long_content_30k_002/lc30k002_1311_gc3300_rp0.05_mr1.14E-4_ss200.fa	long_content_30k_002	997	29902
long_content_30k_002/lc30k002_1312_gc3300_rp0.10_mr1.14E-4_ss100.fa	long_content_30k_002	591	29902
long_content_30k_002/lc30k002_1313_gc3300_rp0.05_mr1.14E-4_ss100.fa	long_content_30k_002	58	29902
long_content_30k_002/lc30k002_1314_gc3300_rp0.07_mr1.14E-4_ss100.fa	long_content_30k_002	627	29902
long_content_30k_002/lc30k002_1315_gc3300_rp0.10_mr1.14E-4_ss200.fa	long_content_30k_002	4184	29902
long_content_30k_002/lc30k002_1316_gc3300_rp0.15_mr1.14E-4_ss100.fa	long_content_30k_002	2543	29902
long_content_30k_002/lc30k002_1317_gc3300_rp0.15_mr1.14E-4_ss200.fa	long_content_30k_002	8894	29902
long_content_30k_002/lc30k002_1318_gc3300_rp0.07_mr1.14E-4_ss200.fa	long_content_30k_002	1105	29902
long_content_30k_002/lc30k002_1319_gc3300_rp0.05_mr1.14E-4_ss200.fa	long_content_30k_002	81	29902
long_content_30k_002/lc30k002_131_gc3300_rp0.10_mr1.14E-4_ss200.fa	long_content_30k_002	691	29902
long_content_30k_002/lc30k002_1320_gc3300_rp0.10_mr1.14E-4_ss100.fa	long_content_30k_002	301	29902
long_content_30k_002/lc30k002_1321_gc3300_rp0.05_mr1.14E-4_ss100.fa	long_content_30k_002	601	29902
long_content_30k_002/lc30k002_1322_gc3300_rp0.07_mr1.14E-4_ss100.fa	long_content_30k_002	99	29902
long_content_30k_002/lc30k002_1323_gc3300_rp0.10_mr1.14E-4_ss200.fa	long_content_30k_002	334	29902
long_content_30k_002/lc30k002_1324_gc3300_rp0.15_mr1.14E-4_ss100.fa	long_content_30k_002	774	29902
long_content_30k_002/lc30k002_1325_gc3300_rp0.15_mr1.14E-4_ss200.fa	long_content_30k_002	1141	29902
long_content_30k_002/lc30k002_1326_gc3300_rp0.07_mr1.14E-4_ss200.fa	long_content_30k_002	535	29902
long_content_30k_002/lc30k002_1327_gc3300_rp0.05_mr1.14E-4_ss200.fa	long_content_30k_002	567	29902
long_content_30k_002/lc30k002_1328_gc3300_rp0.10_mr1.14E-4_ss100.fa	long_content_30k_002	496	29902
long_content_30k_002/lc30k002_1329_gc3300_rp0.05_mr1.14E-4_ss100.fa	long_content_30k_002	147	29902
long_content_30k_002/lc30k002_132_gc3300_rp0.15_mr1.14E-4_ss100.fa	long_content_30k_002	1772	29902
long_content_30k_002/lc30k002_1330_gc3300_rp0.07_mr1.14E-4_ss100.fa	long_content_30k_002	1472	29902
long_content_30k_002/lc30k002_1331_gc3300_rp0.10_mr1.14E-4_ss200.fa	long_content_30k_002	146	29902
long_content_30k_002/lc30k002_1332_gc3300_rp0.15_mr1.14E-4_ss100.fa	long_content_30k_002	1572	29902
long_content_30k_002/lc30k002_1333_gc3300_rp0.15_mr1.14E-4_ss200.fa	long_content_30k_002	2882	29902
long_content_30k_002/lc30k002_1334_gc3300_rp0.07_mr1.14E-4_ss200.fa	long_content_30k_002	423	29902
long_content_30k_002/lc30k002_1335_gc3300_rp0.05_mr1.14E-4_ss200.fa	long_content_30k_002	899	29902
long_content_30k_002/lc30k002_1336_gc3300_rp0.10_mr1.14E-4_ss100.fa	long_content_30k_002	877	29902
long_content_30k_002/lc30k002_1337_gc3300_rp0.05_mr1.14E-4_ss100.fa	long_content_30k_002	238	29902
long_content_30k_002/lc30k002_1338_gc3300_rp0.07_mr1.14E-4_ss100.fa	long_content_30k_002	298	29902
long_content_30k_002/lc30k002_1339_gc3300_rp0.10_mr1.14E-4_ss200.fa	long_content_30k_002	1038	29902
long_content_30k_002/lc30k002_133_gc3300_rp0.15_mr1.14E-4_ss200.fa	long_content_30k_002	3083	29902
long_content_30k_002/lc30k002_1340_gc3300_rp0.15_mr1.14E-4_ss100.fa	long_content_30k_002	2243	29902
long_content_30k_002/lc30k002_1341_gc3300_rp0.15_mr1.14E-4_ss200.fa	long_content_30k_002	2305	29902
long_content_30k_002/lc30k002_1342_gc3300_rp0.07_mr1.14E-4_ss200.fa	long_content_30k_002	618	29902
long_content_30k_002/lc30k002_1343_gc3300_rp0.05_mr1.14E-4_ss200.fa	long_content_30k_002	221	29902
long_content_30k_002/lc30k002_1344_gc3300_rp0.10_mr1.14E-4_ss100.fa	long_content_30k_002	324	29902
long_content_30k_002/lc30k002_1345_gc3300_rp0.05_mr1.14E-4_ss100.fa	long_content_30k_002	336	29196
long_content_30k_002/lc30k002_1346_gc3300_rp0.07_mr1.14E-4_ss100.fa	long_content_30k_002	591	29902
long_content_30k_002/lc30k002_1347_gc3300_rp0.10_mr1.14E-4_ss200.fa	long_content_30k_002	1753	29902
long_content_30k_002/lc30k002_1348_gc3300_rp0.15_mr1.14E-4_ss100.fa	long_content_30k_002	1452	29902
long_content_30k_002/lc30k002_1349_gc3300_rp0.15_mr1.14E-4_ss200.fa	long_content_30k_002	2385	29902
long_content_30k_002/lc30k002_134_gc3300_rp0.07_mr1.14E-4_ss200.fa	long_content_30k_002	1439	29902
long_content_30k_002/lc30k002_1350_gc3300_rp0.07_mr1.14E-4_ss200.fa	long_content_30k_002	641	29902
long_content_30k_002/lc30k002_1351_gc3300_rp0.05_mr1.14E-4_ss200.fa	long_content_30k_002	400	29902
long_content_30k_002/lc30k002_1352_gc3300_rp0.10_mr1.14E-4_ss100.fa	long_content_30k_002	1075	29902
long_content_30k_002/lc30k002_1353_gc3300_rp0.05_mr1.14E-4_ss100.fa	long_content_30k_002	411	29902
long_content_30k_002/lc30k002_1354_gc3300_rp0.07_mr1.14E-4_ss100.fa	long_content_30k_002	21	29902
long_content_30k_002/lc30k002_1355_gc3300_rp0.10_mr1.14E-4_ss200.fa	long_content_30k_002	3030	29902
long_content_30k_002/lc30k002_1356_gc3300_rp0.15_mr1.14E-4_ss100.fa	long_content_30k_002	1801	29902
long_content_30k_002/lc30k002_1357_gc3300_rp0.15_mr1.14E-4_ss200.fa	long_content_30k_002	2800	29902
long_content_30k_002/lc30k002_1358_gc3300_rp0.07_mr1.14E-4_ss200.fa	long_content_30k_002	3569	29902
long_content_30k_002/lc30k002_1359_gc3300_rp0.05_mr1.14E-4_ss200.fa	long_content_30k_002	458	29902
long_content_30k_002/lc30k002_135_gc3300_rp0.05_mr1.14E-4_ss200.fa	long_content_30k_002	229	29902
long_content_30k_002/lc30k002_1360_gc3300_rp0.10_mr1.14E-4_ss100.fa	long_content_30k_002	928	29902
long_content_30k_002/lc30k002_1361_gc3300_rp0.05_mr1.14E-4_ss100.fa	long_content_30k_002	318	29902
long_content_30k_002/lc30k002_1362_gc3300_rp0.07_mr1.14E-4_ss100.fa	long_content_30k_002	343	29902
long_content_30k_002/lc30k002_1363_gc3300_rp0.10_mr1.14E-4_ss200.fa	long_content_30k_002	2442	29902
long_content_30k_002/lc30k002_1364_gc3300_rp0.15_mr1.14E-4_ss100.fa	long_content_30k_002	417	29902
long_content_30k_002/lc30k002_1365_gc3300_rp0.15_mr1.14E-4_ss200.fa	long_content_30k_002	2220	29902
long_content_30k_002/lc30k002_1366_gc3300_rp0.07_mr1.14E-4_ss200.fa	long_content_30k_002	479	29902
long_content_30k_002/lc30k002_1367_gc3300_rp0.05_mr1.14E-4_ss200.fa	long_content_30k_002	308	29902
long_content_30k_002/lc30k002_1368_gc3300_rp0.10_mr1.14E-4_ss100.fa	long_content_30k_002	453	29902
long_content_30k_002/lc30k002_1369_gc3300_rp0.05_mr1.14E-4_ss100.fa	long_content_30k_002	204	29902
long_content_30k_002/lc30k002_136_gc3300_rp0.10_mr1.14E-4_ss100.fa	long_content_30k_002	126	29902
long_content_30k_002/lc30k002_1370_gc3300_rp0.07_mr1.14E-4_ss100.fa	long_content_30k_002	300	29902
long_content_30k_002/lc30k002_1371_gc3300_rp0.10_mr1.14E-4_ss200.fa	long_content_30k_002	1422	29902
long_content_30k_002/lc30k002_1372_gc3300_rp0.15_mr1.14E-4_ss100.fa	long_content_30k_002	1215	29902
long_content_30k_002/lc30k002_1373_gc3300_rp0.15_mr1.14E-4_ss200.fa	long_content_30k_002	3109	29902
long_content_30k_002/lc30k002_1374_gc3300_rp0.07_mr1.14E-4_ss200.fa	long_content_30k_002	1729	29902
long_content_30k_002/lc30k002_1375_gc3300_rp0.05_mr1.14E-4_ss200.fa	long_content_30k_002	2092	29902
long_content_30k_002/lc30k002_1376_gc3300_rp0.10_mr1.14E-4_ss100.fa	long_content_30k_002	402	29902
long_content_30k_002/lc30k002_1377_gc3300_rp0.05_mr1.14E-4_ss100.fa	long_content_30k_002	133	29902
long_content_30k_002/lc30k002_1378_gc3300_rp0.07_mr1.14E-4_ss100.fa	long_content_30k_002	502	29902
long_content_30k_002/lc30k002_1379_gc3300_rp0.10_mr1.14E-4_ss200.fa	long_content_30k_002	1972	29902
long_content_30k_002/lc30k002_137_gc3300_rp0.05_mr1.14E-4_ss100.fa	long_content_30k_002	365	29902
long_content_30k_002/lc30k002_1380_gc3300_rp0.15_mr1.14E-4_ss100.fa	long_content_30k_002	1126	29902
long_content_30k_002/lc30k002_1381_gc3300_rp0.15_mr1.14E-4_ss200.fa	long_content_30k_002	3672	29902
long_content_30k_002/lc30k002_1382_gc3300_rp0.07_mr1.14E-4_ss200.fa	long_content_30k_002	755	29902
long_content_30k_002/lc30k002_1383_gc3300_rp0.05_mr1.14E-4_ss200.fa	long_content_30k_002	2392	29902
long_content_30k_002/lc30k002_1384_gc3300_rp0.10_mr1.14E-4_ss100.fa	long_content_30k_002	414	29902
long_content_30k_002/lc30k002_1385_gc3300_rp0.05_mr1.14E-4_ss100.fa	long_content_30k_002	347	29902
long_content_30k_002/lc30k002_1386_gc3300_rp0.07_mr1.14E-4_ss100.fa	long_content_30k_002	260	29902
long_content_30k_002/lc30k002_1387_gc3300_rp0.10_mr1.14E-4_ss200.fa	long_content_30k_002	1278	29902
long_content_30k_002/lc30k002_1388_gc3300_rp0.15_mr1.14E-4_ss100.fa	long_content_30k_002	909	29902
long_content_30k_002/lc30k002_1389_gc3300_rp0.15_mr1.14E-4_ss200.fa	long_content_30k_002	1294	29902
long_content_30k_002/lc30k002_138_gc3300_rp0.07_mr1.14E-4_ss100.fa	long_content_30k_002	80	29902
long_content_30k_002/lc30k002_1390_gc3300_rp0.07_mr1.14E-4_ss200.fa	long_content_30k_002	343	29902
long_content_30k_002/lc30k002_1391_gc3300_rp0.05_mr1.14E-4_ss200.fa	long_content_30k_002	38	29902
long_content_30k_002/lc30k002_1392_gc3300_rp0.10_mr1.14E-4_ss100.fa	long_content_30k_002	268	29902
long_content_30k_002/lc30k002_1393_gc3300_rp0.05_mr1.14E-4_ss100.fa	long_content_30k_002	211	29902
long_content_30k_002/lc30k002_1394_gc3300_rp0.07_mr1.14E-4_ss100.fa	long_content_30k_002	274	29902
long_content_30k_002/lc30k002_1395_gc3300_rp0.10_mr1.14E-4_ss200.fa	long_content_30k_002	2684	29902
long_content_30k_002/lc30k002_1396_gc3300_rp0.15_mr1.14E-4_ss100.fa	long_content_30k_002	150	29902
long_content_30k_002/lc30k002_1397_gc3300_rp0.15_mr1.14E-4_ss200.fa	long_content_30k_002	1159	29902
long_content_30k_002/lc30k002_1398_gc3300_rp0.07_mr1.14E-4_ss200.fa	long_content_30k_002	446	29902
long_content_30k_002/lc30k002_1399_gc3300_rp0.05_mr1.14E-4_ss200.fa	long_content_30k_002	1051	29902
long_content_30k_002/lc30k002_139_gc3300_rp0.10_mr1.14E-4_ss200.fa	long_content_30k_002	880	29902
long_content_30k_002/lc30k002_1400_gc3300_rp0.10_mr1.14E-4_ss100.fa	long_content_30k_002	587	29902
long_content_30k_002/lc30k002_1401_gc3300_rp0.05_mr1.14E-4_ss100.fa	long_content_30k_002	64	29902
long_content_30k_002/lc30k002_1402_gc3300_rp0.07_mr1.14E-4_ss100.fa	long_content_30k_002	124	29902
long_content_30k_002/lc30k002_1403_gc3300_rp0.10_mr1.14E-4_ss200.fa	long_content_30k_002	836	29902
long_content_30k_002/lc30k002_1404_gc3300_rp0.15_mr1.14E-4_ss100.fa	long_content_30k_002	2178	29902
long_content_30k_002/lc30k002_1405_gc3300_rp0.15_mr1.14E-4_ss200.fa	long_content_30k_002	2708	29902
long_content_30k_002/lc30k002_1406_gc3300_rp0.07_mr1.14E-4_ss200.fa	long_content_30k_002	481	29902
long_content_30k_002/lc30k002_1407_gc3300_rp0.05_mr1.14E-4_ss200.fa	long_content_30k_002	886	29902
long_content_30k_002/lc30k002_1408_gc3300_rp0.10_mr1.14E-4_ss100.fa	long_content_30k_002	736	29902
long_content_30k_002/lc30k002_1409_gc3300_rp0.05_mr1.14E-4_ss100.fa	long_content_30k_002	342	29902
long_content_30k_002/lc30k002_140_gc3300_rp0.15_mr1.14E-4_ss100.fa	long_content_30k_002	1759	29902
long_content_30k_002/lc30k002_1410_gc3300_rp0.07_mr1.14E-4_ss100.fa	long_content_30k_002	343	29902
long_content_30k_002/lc30k002_1411_gc3300_rp0.10_mr1.14E-4_ss200.fa	long_content_30k_002	866	29902
long_content_30k_002/lc30k002_1412_gc3300_rp0.15_mr1.14E-4_ss100.fa	long_content_30k_002	515	29902
long_content_30k_002/lc30k002_1413_gc3300_rp0.15_mr1.14E-4_ss200.fa	long_content_30k_002	5353	29902
long_content_30k_002/lc30k002_1414_gc3300_rp0.07_mr1.14E-4_ss200.fa	long_content_30k_002	1571	29902
long_content_30k_002/lc30k002_1415_gc3300_rp0.05_mr1.14E-4_ss200.fa	long_content_30k_002	1144	29902
long_content_30k_002/lc30k002_1416_gc3300_rp0.10_mr1.14E-4_ss100.fa	long_content_30k_002	643	29902
long_content_30k_002/lc30k002_1417_gc3300_rp0.05_mr1.14E-4_ss100.fa	long_content_30k_002	122	28983
long_content_30k_002/lc30k002_1418_gc3300_rp0.07_mr1.14E-4_ss100.fa	long_content_30k_002	932	29902
long_content_30k_002/lc30k002_1419_gc3300_rp0.10_mr1.14E-4_ss200.fa	long_content_30k_002	935	29902
long_content_30k_002/lc30k002_141_gc3300_rp0.15_mr1.14E-4_ss200.fa	long_content_30k_002	2460	29902
long_content_30k_002/lc30k002_1420_gc3300_rp0.15_mr1.14E-4_ss100.fa	long_content_30k_002	620	29902
long_content_30k_002/lc30k002_1421_gc3300_rp0.15_mr1.14E-4_ss200.fa	long_content_30k_002	1365	29902
long_content_30k_002/lc30k002_1422_gc3300_rp0.07_mr1.14E-4_ss200.fa	long_content_30k_002	1354	29902
long_content_30k_002/lc30k002_1423_gc3300_rp0.05_mr1.14E-4_ss200.fa	long_content_30k_002	1926	29902
long_content_30k_002/lc30k002_1424_gc3300_rp0.10_mr1.14E-4_ss100.fa	long_content_30k_002	695	29902
long_content_30k_002/lc30k002_1425_gc3300_rp0.05_mr1.14E-4_ss100.fa	long_content_30k_002	55	29902
long_content_30k_002/lc30k002_1426_gc3300_rp0.07_mr1.14E-4_ss100.fa	long_content_30k_002	228	29902
long_content_30k_002/lc30k002_1427_gc3300_rp0.10_mr1.14E-4_ss200.fa	long_content_30k_002	1762	29902
long_content_30k_002/lc30k002_1428_gc3300_rp0.15_mr1.14E-4_ss100.fa	long_content_30k_002	1058	29902
long_content_30k_002/lc30k002_1429_gc3300_rp0.15_mr1.14E-4_ss200.fa	long_content_30k_002	693	29902
long_content_30k_002/lc30k002_142_gc3300_rp0.07_mr1.14E-4_ss200.fa	long_content_30k_002	1890	29902
long_content_30k_002/lc30k002_1430_gc3300_rp0.07_mr1.14E-4_ss200.fa	long_content_30k_002	153	29902
long_content_30k_002/lc30k002_1431_gc3300_rp0.05_mr1.14E-4_ss200.fa	long_content_30k_002	517	29902
long_content_30k_002/lc30k002_1432_gc3300_rp0.10_mr1.14E-4_ss100.fa	long_content_30k_002	901	29902
long_content_30k_002/lc30k002_1433_gc3300_rp0.05_mr1.14E-4_ss100.fa	long_content_30k_002	85	29902
long_content_30k_002/lc30k002_1434_gc3300_rp0.07_mr1.14E-4_ss100.fa	long_content_30k_002	236	29902
long_content_30k_002/lc30k002_1435_gc3300_rp0.10_mr1.14E-4_ss200.fa	long_content_30k_002	4798	29902
long_content_30k_002/lc30k002_1436_gc3300_rp0.15_mr1.14E-4_ss100.fa	long_content_30k_002	1698	29902
long_content_30k_002/lc30k002_1437_gc3300_rp0.15_mr1.14E-4_ss200.fa	long_content_30k_002	1359	29902
long_content_30k_002/lc30k002_1438_gc3300_rp0.07_mr1.14E-4_ss200.fa	long_content_30k_002	1365	29902
long_content_30k_002/lc30k002_1439_gc3300_rp0.05_mr1.14E-4_ss200.fa	long_content_30k_002	1183	29902
long_content_30k_002/lc30k002_143_gc3300_rp0.05_mr1.14E-4_ss200.fa	long_content_30k_002	312	29902
long_content_30k_002/lc30k002_1440_gc3300_rp0.10_mr1.14E-4_ss100.fa	long_content_30k_002	102	29902
long_content_30k_002/lc30k002_1441_gc3300_rp0.05_mr1.14E-4_ss100.fa	long_content_30k_002	663	29902
long_content_30k_002/lc30k002_1442_gc3300_rp0.07_mr1.14E-4_ss100.fa	long_content_30k_002	334	29902
long_content_30k_002/lc30k002_1443_gc3300_rp0.10_mr1.14E-4_ss200.fa	long_content_30k_002	422	29902
long_content_30k_002/lc30k002_1444_gc3300_rp0.15_mr1.14E-4_ss100.fa	long_content_30k_002	1985	29902
long_content_30k_002/lc30k002_1445_gc3300_rp0.15_mr1.14E-4_ss200.fa	long_content_30k_002	4276	29902
long_content_30k_002/lc30k002_1446_gc3300_rp0.07_mr1.14E-4_ss200.fa	long_content_30k_002	2763	29902
long_content_30k_002/lc30k002_1447_gc3300_rp0.05_mr1.14E-4_ss200.fa	long_content_30k_002	295	29902
long_content_30k_002/lc30k002_1448_gc3300_rp0.10_mr1.14E-4_ss100.fa	long_content_30k_002	847	29902
long_content_30k_002/lc30k002_1449_gc3300_rp0.05_mr1.14E-4_ss100.fa	long_content_30k_002	270	29902
long_content_30k_002/lc30k002_144_gc3300_rp0.10_mr1.14E-4_ss100.fa	long_content_30k_002	265	29902
long_content_30k_002/lc30k002_1450_gc3300_rp0.07_mr1.14E-4_ss100.fa	long_content_30k_002	447	29902
long_content_30k_002/lc30k002_1451_gc3300_rp0.10_mr1.14E-4_ss200.fa	long_content_30k_002	1552	29902
long_content_30k_002/lc30k002_1452_gc3300_rp0.15_mr1.14E-4_ss100.fa	long_content_30k_002	1438	29902
long_content_30k_002/lc30k002_1453_gc3300_rp0.15_mr1.14E-4_ss200.fa	long_content_30k_002	3355	29902
long_content_30k_002/lc30k002_1454_gc3300_rp0.07_mr1.14E-4_ss200.fa	long_content_30k_002	137	29902
long_content_30k_002/lc30k002_1455_gc3300_rp0.05_mr1.14E-4_ss200.fa	long_content_30k_002	958	29902
long_content_30k_002/lc30k002_1456_gc3300_rp0.10_mr1.14E-4_ss100.fa	long_content_30k_002	669	29902
long_content_30k_002/lc30k002_1457_gc3300_rp0.05_mr1.14E-4_ss100.fa	long_content_30k_002	196	29902
long_content_30k_002/lc30k002_1458_gc3300_rp0.07_mr1.14E-4_ss100.fa	long_content_30k_002	317	29902
long_content_30k_002/lc30k002_1459_gc3300_rp0.10_mr1.14E-4_ss200.fa	long_content_30k_002	1513	29902
long_content_30k_002/lc30k002_145_gc3300_rp0.05_mr1.14E-4_ss100.fa	long_content_30k_002	645	29902
long_content_30k_002/lc30k002_1460_gc3300_rp0.15_mr1.14E-4_ss100.fa	long_content_30k_002	928	29902
long_content_30k_002/lc30k002_1461_gc3300_rp0.15_mr1.14E-4_ss200.fa	long_content_30k_002	377	29902
long_content_30k_002/lc30k002_1462_gc3300_rp0.07_mr1.14E-4_ss200.fa	long_content_30k_002	1125	29902
long_content_30k_002/lc30k002_1463_gc3300_rp0.05_mr1.14E-4_ss200.fa	long_content_30k_002	1025	29902
long_content_30k_002/lc30k002_1464_gc3300_rp0.10_mr1.14E-4_ss100.fa	long_content_30k_002	614	29902
long_content_30k_002/lc30k002_1465_gc3300_rp0.05_mr1.14E-4_ss100.fa	long_content_30k_002	236	29902
long_content_30k_002/lc30k002_1466_gc3300_rp0.07_mr1.14E-4_ss100.fa	long_content_30k_002	278	29902
long_content_30k_002/lc30k002_1467_gc3300_rp0.10_mr1.14E-4_ss200.fa	long_content_30k_002	1448	29902
long_content_30k_002/lc30k002_1468_gc3300_rp0.15_mr1.14E-4_ss100.fa	long_content_30k_002	1427	29902
long_content_30k_002/lc30k002_1469_gc3300_rp0.15_mr1.14E-4_ss200.fa	long_content_30k_002	4319	29902
long_content_30k_002/lc30k002_146_gc3300_rp0.07_mr1.14E-4_ss100.fa	long_content_30k_002	325	29902
long_content_30k_002/lc30k002_1470_gc3300_rp0.07_mr1.14E-4_ss200.fa	long_content_30k_002	549	29902
long_content_30k_002/lc30k002_1471_gc3300_rp0.05_mr1.14E-4_ss200.fa	long_content_30k_002	371	29902
long_content_30k_002/lc30k002_1472_gc3300_rp0.10_mr1.14E-4_ss100.fa	long_content_30k_002	1217	29902
long_content_30k_002/lc30k002_1473_gc3300_rp0.05_mr1.14E-4_ss100.fa	long_content_30k_002	11	29902
long_content_30k_002/lc30k002_1474_gc3300_rp0.07_mr1.14E-4_ss100.fa	long_content_30k_002	1915	29902
long_content_30k_002/lc30k002_1475_gc3300_rp0.10_mr1.14E-4_ss200.fa	long_content_30k_002	1774	29902
long_content_30k_002/lc30k002_1476_gc3300_rp0.15_mr1.14E-4_ss100.fa	long_content_30k_002	2157	29902
long_content_30k_002/lc30k002_1477_gc3300_rp0.15_mr1.14E-4_ss200.fa	long_content_30k_002	3435	29902
long_content_30k_002/lc30k002_1478_gc3300_rp0.07_mr1.14E-4_ss200.fa	long_content_30k_002	570	29902
long_content_30k_002/lc30k002_1479_gc3300_rp0.05_mr1.14E-4_ss200.fa	long_content_30k_002	772	29902
long_content_30k_002/lc30k002_147_gc3300_rp0.10_mr1.14E-4_ss200.fa	long_content_30k_002	2179	29902
long_content_30k_002/lc30k002_1480_gc3300_rp0.10_mr1.14E-4_ss100.fa	long_content_30k_002	758	29902
long_content_30k_002/lc30k002_1481_gc3300_rp0.05_mr1.14E-4_ss100.fa	long_content_30k_002	628	29902
long_content_30k_002/lc30k002_1482_gc3300_rp0.07_mr1.14E-4_ss100.fa	long_content_30k_002	317	29902
long_content_30k_002/lc30k002_1483_gc3300_rp0.10_mr1.14E-4_ss200.fa	long_content_30k_002	568	29902
long_content_30k_002/lc30k002_1484_gc3300_rp0.15_mr1.14E-4_ss100.fa	long_content_30k_002	1666	29902
long_content_30k_002/lc30k002_1485_gc3300_rp0.15_mr1.14E-4_ss200.fa	long_content_30k_002	1885	29902
long_content_30k_002/lc30k002_1486_gc3300_rp0.07_mr1.14E-4_ss200.fa	long_content_30k_002	292	29902
long_content_30k_002/lc30k002_1487_gc3300_rp0.05_mr1.14E-4_ss200.fa	long_content_30k_002	82	29902
long_content_30k_002/lc30k002_1488_gc3300_rp0.10_mr1.14E-4_ss100.fa	long_content_30k_002	367	29902
long_content_30k_002/lc30k002_1489_gc3300_rp0.05_mr1.14E-4_ss100.fa	long_content_30k_002	244	29902
long_content_30k_002/lc30k002_148_gc3300_rp0.15_mr1.14E-4_ss100.fa	long_content_30k_002	536	29902
long_content_30k_002/lc30k002_1490_gc3300_rp0.07_mr1.14E-4_ss100.fa	long_content_30k_002	548	29902
long_content_30k_002/lc30k002_1491_gc3300_rp0.10_mr1.14E-4_ss200.fa	long_content_30k_002	3093	29902
long_content_30k_002/lc30k002_1492_gc3300_rp0.15_mr1.14E-4_ss100.fa	long_content_30k_002	1703	29902
long_content_30k_002/lc30k002_1493_gc3300_rp0.15_mr1.14E-4_ss200.fa	long_content_30k_002	2291	29902
long_content_30k_002/lc30k002_1494_gc3300_rp0.07_mr1.14E-4_ss200.fa	long_content_30k_002	97	29902
long_content_30k_002/lc30k002_1495_gc3300_rp0.05_mr1.14E-4_ss200.fa	long_content_30k_002	718	29902
long_content_30k_002/lc30k002_1496_gc3300_rp0.10_mr1.14E-4_ss100.fa	long_content_30k_002	751	29902
long_content_30k_002/lc30k002_1497_gc3300_rp0.05_mr1.14E-4_ss100.fa	long_content_30k_002	313	29902
long_content_30k_002/lc30k002_1498_gc3300_rp0.07_mr1.14E-4_ss100.fa	long_content_30k_002	447	29902
long_content_30k_002/lc30k002_1499_gc3300_rp0.10_mr1.14E-4_ss200.fa	long_content_30k_002	847	29902
long_content_30k_002/lc30k002_149_gc3300_rp0.15_mr1.14E-4_ss200.fa	long_content_30k_002	885	29902
long_content_30k_002/lc30k002_1500_gc3300_rp0.15_mr1.14E-4_ss100.fa	long_content_30k_002	524	29902
long_content_30k_002/lc30k002_1501_gc3300_rp0.15_mr1.14E-4_ss200.fa	long_content_30k_002	4462	29902
long_content_30k_002/lc30k002_1502_gc3300_rp0.07_mr1.14E-4_ss200.fa	long_content_30k_002	3343	29902
long_content_30k_002/lc30k002_1503_gc3300_rp0.05_mr1.14E-4_ss200.fa	long_content_30k_002	1354	29902
long_content_30k_002/lc30k002_1504_gc3300_rp0.10_mr1.14E-4_ss100.fa	long_content_30k_002	1162	29902
long_content_30k_002/lc30k002_1505_gc3300_rp0.05_mr1.14E-4_ss100.fa	long_content_30k_002	125	28536
long_content_30k_002/lc30k002_1506_gc3300_rp0.07_mr1.14E-4_ss100.fa	long_content_30k_002	696	29902
long_content_30k_002/lc30k002_1507_gc3300_rp0.10_mr1.14E-4_ss200.fa	long_content_30k_002	473	29902
long_content_30k_002/lc30k002_1508_gc3300_rp0.15_mr1.14E-4_ss100.fa	long_content_30k_002	1510	29902
long_content_30k_002/lc30k002_1509_gc3300_rp0.15_mr1.14E-4_ss200.fa	long_content_30k_002	4023	29902
long_content_30k_002/lc30k002_150_gc3300_rp0.07_mr1.14E-4_ss200.fa	long_content_30k_002	1082	29902
long_content_30k_002/lc30k002_1510_gc3300_rp0.07_mr1.14E-4_ss200.fa	long_content_30k_002	980	29902
long_content_30k_002/lc30k002_1511_gc3300_rp0.05_mr1.14E-4_ss200.fa	long_content_30k_002	1660	29902
long_content_30k_002/lc30k002_1512_gc3300_rp0.10_mr1.14E-4_ss100.fa	long_content_30k_002	602	29902
long_content_30k_002/lc30k002_1513_gc3300_rp0.05_mr1.14E-4_ss100.fa	long_content_30k_002	91	29902
long_content_30k_002/lc30k002_1514_gc3300_rp0.07_mr1.14E-4_ss100.fa	long_content_30k_002	826	29902
long_content_30k_002/lc30k002_1515_gc3300_rp0.10_mr1.14E-4_ss200.fa	long_content_30k_002	3180	29902
long_content_30k_002/lc30k002_1516_gc3300_rp0.15_mr1.14E-4_ss100.fa	long_content_30k_002	2451	29902
long_content_30k_002/lc30k002_1517_gc3300_rp0.15_mr1.14E-4_ss200.fa	long_content_30k_002	1374	29902
long_content_30k_002/lc30k002_1518_gc3300_rp0.07_mr1.14E-4_ss200.fa	long_content_30k_002	477	29902
long_content_30k_002/lc30k002_1519_gc3300_rp0.05_mr1.14E-4_ss200.fa	long_content_30k_002	388	29902
long_content_30k_002/lc30k002_151_gc3300_rp0.05_mr1.14E-4_ss200.fa	long_content_30k_002	1213	29902
long_content_30k_002/lc30k002_1520_gc3300_rp0.10_mr1.14E-4_ss100.fa	long_content_30k_002	676	29902
long_content_30k_002/lc30k002_1521_gc3300_rp0.05_mr1.14E-4_ss100.fa	long_content_30k_002	291	29902
long_content_30k_002/lc30k002_1522_gc3300_rp0.07_mr1.14E-4_ss100.fa	long_content_30k_002	394	29902
long_content_30k_002/lc30k002_1523_gc3300_rp0.10_mr1.14E-4_ss200.fa	long_content_30k_002	1135	29902
long_content_30k_002/lc30k002_1524_gc3300_rp0.15_mr1.14E-4_ss100.fa	long_content_30k_002	927	29902
long_content_30k_002/lc30k002_1525_gc3300_rp0.15_mr1.14E-4_ss200.fa	long_content_30k_002	2868	29902
long_content_30k_002/lc30k002_1526_gc3300_rp0.07_mr1.14E-4_ss200.fa	long_content_30k_002	442	29902
long_content_30k_002/lc30k002_1527_gc3300_rp0.05_mr1.14E-4_ss200.fa	long_content_30k_002	1675	29902
long_content_30k_002/lc30k002_1528_gc3300_rp0.10_mr1.14E-4_ss100.fa	long_content_30k_002	945	29902
long_content_30k_002/lc30k002_1529_gc3300_rp0.05_mr1.14E-4_ss100.fa	long_content_30k_002	71	27504
long_content_30k_002/lc30k002_152_gc3300_rp0.10_mr1.14E-4_ss100.fa	long_content_30k_002	1855	29902
long_content_30k_002/lc30k002_1530_gc3300_rp0.07_mr1.14E-4_ss100.fa	long_content_30k_002	571	29902
long_content_30k_002/lc30k002_1531_gc3300_rp0.10_mr1.14E-4_ss200.fa	long_content_30k_002	1764	29902
long_content_30k_002/lc30k002_1532_gc3300_rp0.15_mr1.14E-4_ss100.fa	long_content_30k_002	1024	29902
long_content_30k_002/lc30k002_1533_gc3300_rp0.15_mr1.14E-4_ss200.fa	long_content_30k_002	1182	29902
long_content_30k_002/lc30k002_1534_gc3300_rp0.07_mr1.14E-4_ss200.fa	long_content_30k_002	1459	29902
long_content_30k_002/lc30k002_1535_gc3300_rp0.05_mr1.14E-4_ss200.fa	long_content_30k_002	970	29902
long_content_30k_002/lc30k002_1536_gc3300_rp0.10_mr1.14E-4_ss100.fa	long_content_30k_002	309	29902
long_content_30k_002/lc30k002_1537_gc3300_rp0.05_mr1.14E-4_ss100.fa	long_content_30k_002	91	29902
long_content_30k_002/lc30k002_1538_gc3300_rp0.07_mr1.14E-4_ss100.fa	long_content_30k_002	337	29902
long_content_30k_002/lc30k002_1539_gc3300_rp0.10_mr1.14E-4_ss200.fa	long_content_30k_002	1724	29902
long_content_30k_002/lc30k002_153_gc3300_rp0.05_mr1.14E-4_ss100.fa	long_content_30k_002	70	29902
long_content_30k_002/lc30k002_1540_gc3300_rp0.15_mr1.14E-4_ss100.fa	long_content_30k_002	1252	29902
long_content_30k_002/lc30k002_1541_gc3300_rp0.15_mr1.14E-4_ss200.fa	long_content_30k_002	672	29902
long_content_30k_002/lc30k002_1542_gc3300_rp0.07_mr1.14E-4_ss200.fa	long_content_30k_002	1028	29902
long_content_30k_002/lc30k002_1543_gc3300_rp0.05_mr1.14E-4_ss200.fa	long_content_30k_002	910	29902
long_content_30k_002/lc30k002_1544_gc3300_rp0.10_mr1.14E-4_ss100.fa	long_content_30k_002	169	29902
long_content_30k_002/lc30k002_1545_gc3300_rp0.05_mr1.14E-4_ss100.fa	long_content_30k_002	614	29902
long_content_30k_002/lc30k002_1546_gc3300_rp0.07_mr1.14E-4_ss100.fa	long_content_30k_002	609	29902
long_content_30k_002/lc30k002_1547_gc3300_rp0.10_mr1.14E-4_ss200.fa	long_content_30k_002	940	29902
long_content_30k_002/lc30k002_1548_gc3300_rp0.15_mr1.14E-4_ss100.fa	long_content_30k_002	1006	29902
long_content_30k_002/lc30k002_1549_gc3300_rp0.15_mr1.14E-4_ss200.fa	long_content_30k_002	1657	29902
long_content_30k_002/lc30k002_154_gc3300_rp0.07_mr1.14E-4_ss100.fa	long_content_30k_002	1083	29902
long_content_30k_002/lc30k002_1550_gc3300_rp0.07_mr1.14E-4_ss200.fa	long_content_30k_002	113	29902
long_content_30k_002/lc30k002_1551_gc3300_rp0.05_mr1.14E-4_ss200.fa	long_content_30k_002	186	29902
long_content_30k_002/lc30k002_1552_gc3300_rp0.10_mr1.14E-4_ss100.fa	long_content_30k_002	1059	29902
long_content_30k_002/lc30k002_1553_gc3300_rp0.05_mr1.14E-4_ss100.fa	long_content_30k_002	301	29902
long_content_30k_002/lc30k002_1554_gc3300_rp0.07_mr1.14E-4_ss100.fa	long_content_30k_002	241	29902
long_content_30k_002/lc30k002_1555_gc3300_rp0.10_mr1.14E-4_ss200.fa	long_content_30k_002	614	29902
long_content_30k_002/lc30k002_1556_gc3300_rp0.15_mr1.14E-4_ss100.fa	long_content_30k_002	2082	29902
long_content_30k_002/lc30k002_1557_gc3300_rp0.15_mr1.14E-4_ss200.fa	long_content_30k_002	1342	29902
long_content_30k_002/lc30k002_1558_gc3300_rp0.07_mr1.14E-4_ss200.fa	long_content_30k_002	534	29902
long_content_30k_002/lc30k002_1559_gc3300_rp0.05_mr1.14E-4_ss200.fa	long_content_30k_002	337	29902
long_content_30k_002/lc30k002_155_gc3300_rp0.10_mr1.14E-4_ss200.fa	long_content_30k_002	1226	29902
long_content_30k_002/lc30k002_1560_gc3300_rp0.10_mr1.14E-4_ss100.fa	long_content_30k_002	696	29902
long_content_30k_002/lc30k002_1561_gc3300_rp0.05_mr1.14E-4_ss100.fa	long_content_30k_002	1	29902
long_content_30k_002/lc30k002_1562_gc3300_rp0.07_mr1.14E-4_ss100.fa	long_content_30k_002	168	29902
long_content_30k_002/lc30k002_1563_gc3300_rp0.10_mr1.14E-4_ss200.fa	long_content_30k_002	1685	29902
long_content_30k_002/lc30k002_1564_gc3300_rp0.15_mr1.14E-4_ss100.fa	long_content_30k_002	635	29902
long_content_30k_002/lc30k002_1565_gc3300_rp0.15_mr1.14E-4_ss200.fa	long_content_30k_002	1422	29902
long_content_30k_002/lc30k002_1566_gc3300_rp0.07_mr1.14E-4_ss200.fa	long_content_30k_002	1470	29902
long_content_30k_002/lc30k002_1567_gc3300_rp0.05_mr1.14E-4_ss200.fa	long_content_30k_002	743	29902
long_content_30k_002/lc30k002_1568_gc3300_rp0.10_mr1.14E-4_ss100.fa	long_content_30k_002	961	29902
long_content_30k_002/lc30k002_1569_gc3300_rp0.05_mr1.14E-4_ss100.fa	long_content_30k_002	179	29902
long_content_30k_002/lc30k002_156_gc3300_rp0.15_mr1.14E-4_ss100.fa	long_content_30k_002	1993	29902
long_content_30k_002/lc30k002_1570_gc3300_rp0.07_mr1.14E-4_ss100.fa	long_content_30k_002	356	29902
long_content_30k_002/lc30k002_1571_gc3300_rp0.10_mr1.14E-4_ss200.fa	long_content_30k_002	411	29902
long_content_30k_002/lc30k002_1572_gc3300_rp0.15_mr1.14E-4_ss100.fa	long_content_30k_002	1003	29902
long_content_30k_002/lc30k002_1573_gc3300_rp0.15_mr1.14E-4_ss200.fa	long_content_30k_002	2104	29902
long_content_30k_002/lc30k002_1574_gc3300_rp0.07_mr1.14E-4_ss200.fa	long_content_30k_002	432	29902
long_content_30k_002/lc30k002_1575_gc3300_rp0.05_mr1.14E-4_ss200.fa	long_content_30k_002	387	29902
long_content_30k_002/lc30k002_1576_gc3300_rp0.10_mr1.14E-4_ss100.fa	long_content_30k_002	1546	29902
long_content_30k_002/lc30k002_1577_gc3300_rp0.05_mr1.14E-4_ss100.fa	long_content_30k_002	43	26478
long_content_30k_002/lc30k002_1578_gc3300_rp0.07_mr1.14E-4_ss100.fa	long_content_30k_002	109	29902
long_content_30k_002/lc30k002_1579_gc3300_rp0.10_mr1.14E-4_ss200.fa	long_content_30k_002	2151	29902
long_content_30k_002/lc30k002_157_gc3300_rp0.15_mr1.14E-4_ss200.fa	long_content_30k_002	2115	29902
long_content_30k_002/lc30k002_1580_gc3300_rp0.15_mr1.14E-4_ss100.fa	long_content_30k_002	745	29902
long_content_30k_002/lc30k002_1581_gc3300_rp0.15_mr1.14E-4_ss200.fa	long_content_30k_002	6155	29902
long_content_30k_002/lc30k002_1582_gc3300_rp0.07_mr1.14E-4_ss200.fa	long_content_30k_002	1101	29902
long_content_30k_002/lc30k002_1583_gc3300_rp0.05_mr1.14E-4_ss200.fa	long_content_30k_002	143	29902
long_content_30k_002/lc30k002_1584_gc3300_rp0.10_mr1.14E-4_ss100.fa	long_content_30k_002	1029	29902
long_content_30k_002/lc30k002_1585_gc3300_rp0.05_mr1.14E-4_ss100.fa	long_content_30k_002	170	29902
long_content_30k_002/lc30k002_1586_gc3300_rp0.07_mr1.14E-4_ss100.fa	long_content_30k_002	353	29902
long_content_30k_002/lc30k002_1587_gc3300_rp0.10_mr1.14E-4_ss200.fa	long_content_30k_002	3816	29902
long_content_30k_002/lc30k002_1588_gc3300_rp0.15_mr1.14E-4_ss100.fa	long_content_30k_002	743	29902
long_content_30k_002/lc30k002_1589_gc3300_rp0.15_mr1.14E-4_ss200.fa	long_content_30k_002	1126	29902
long_content_30k_002/lc30k002_158_gc3300_rp0.07_mr1.14E-4_ss200.fa	long_content_30k_002	244	29902
long_content_30k_002/lc30k002_1590_gc3300_rp0.07_mr1.14E-4_ss200.fa	long_content_30k_002	1709	29902
long_content_30k_002/lc30k002_1591_gc3300_rp0.05_mr1.14E-4_ss200.fa	long_content_30k_002	662	29902
long_content_30k_002/lc30k002_1592_gc3300_rp0.10_mr1.14E-4_ss100.fa	long_content_30k_002	474	29902
long_content_30k_002/lc30k002_1593_gc3300_rp0.05_mr1.14E-4_ss100.fa	long_content_30k_002	378	29902
long_content_30k_002/lc30k002_1594_gc3300_rp0.07_mr1.14E-4_ss100.fa	long_content_30k_002	569	29902
long_content_30k_002/lc30k002_1595_gc3300_rp0.10_mr1.14E-4_ss200.fa	long_content_30k_002	831	29902
long_content_30k_002/lc30k002_1596_gc3300_rp0.15_mr1.14E-4_ss100.fa	long_content_30k_002	1058	29902
long_content_30k_002/lc30k002_1597_gc3300_rp0.15_mr1.14E-4_ss200.fa	long_content_30k_002	984	29902
long_content_30k_002/lc30k002_1598_gc3300_rp0.07_mr1.14E-4_ss200.fa	long_content_30k_002	2845	29902
long_content_30k_002/lc30k002_1599_gc3300_rp0.05_mr1.14E-4_ss200.fa	long_content_30k_002	210	29902
long_content_30k_002/lc30k002_159_gc3300_rp0.05_mr1.14E-4_ss200.fa	long_content_30k_002	191	29902
long_content_30k_002/lc30k002_1600_gc3300_rp0.10_mr1.14E-4_ss100.fa	long_content_30k_002	643	29902
long_content_30k_002/lc30k002_1601_gc3300_rp0.05_mr1.14E-4_ss100.fa	long_content_30k_002	269	29902
long_content_30k_002/lc30k002_1602_gc3300_rp0.07_mr1.14E-4_ss100.fa	long_content_30k_002	66	29902
long_content_30k_002/lc30k002_1603_gc3300_rp0.10_mr1.14E-4_ss200.fa	long_content_30k_002	1464	29902
long_content_30k_002/lc30k002_1604_gc3300_rp0.15_mr1.14E-4_ss100.fa	long_content_30k_002	1436	29902
long_content_30k_002/lc30k002_1605_gc3300_rp0.15_mr1.14E-4_ss200.fa	long_content_30k_002	2475	29902
long_content_30k_002/lc30k002_1606_gc3300_rp0.07_mr1.14E-4_ss200.fa	long_content_30k_002	1308	29902
long_content_30k_002/lc30k002_1607_gc3300_rp0.05_mr1.14E-4_ss200.fa	long_content_30k_002	2355	29902
long_content_30k_002/lc30k002_1608_gc3300_rp0.10_mr1.14E-4_ss100.fa	long_content_30k_002	1081	29902
long_content_30k_002/lc30k002_1609_gc3300_rp0.05_mr1.14E-4_ss100.fa	long_content_30k_002	340	29902
long_content_30k_002/lc30k002_160_gc3300_rp0.10_mr1.14E-4_ss100.fa	long_content_30k_002	601	29902
long_content_30k_002/lc30k002_1610_gc3300_rp0.07_mr1.14E-4_ss100.fa	long_content_30k_002	375	29902
long_content_30k_002/lc30k002_1611_gc3300_rp0.10_mr1.14E-4_ss200.fa	long_content_30k_002	904	29902
long_content_30k_002/lc30k002_1612_gc3300_rp0.15_mr1.14E-4_ss100.fa	long_content_30k_002	2313	29902
long_content_30k_002/lc30k002_1613_gc3300_rp0.15_mr1.14E-4_ss200.fa	long_content_30k_002	1682	29902
long_content_30k_002/lc30k002_1614_gc3300_rp0.07_mr1.14E-4_ss200.fa	long_content_30k_002	408	29902
long_content_30k_002/lc30k002_1615_gc3300_rp0.05_mr1.14E-4_ss200.fa	long_content_30k_002	579	29902
long_content_30k_002/lc30k002_1616_gc3300_rp0.10_mr1.14E-4_ss100.fa	long_content_30k_002	315	29902
long_content_30k_002/lc30k002_1617_gc3300_rp0.05_mr1.14E-4_ss100.fa	long_content_30k_002	1382	29902
long_content_30k_002/lc30k002_1618_gc3300_rp0.07_mr1.14E-4_ss100.fa	long_content_30k_002	354	29902
long_content_30k_002/lc30k002_1619_gc3300_rp0.10_mr1.14E-4_ss200.fa	long_content_30k_002	1204	29902
long_content_30k_002/lc30k002_161_gc3300_rp0.05_mr1.14E-4_ss100.fa	long_content_30k_002	448	29902
long_content_30k_002/lc30k002_1620_gc3300_rp0.15_mr1.14E-4_ss100.fa	long_content_30k_002	1250	29902
long_content_30k_002/lc30k002_1621_gc3300_rp0.15_mr1.14E-4_ss200.fa	long_content_30k_002	1750	29902
long_content_30k_002/lc30k002_1622_gc3300_rp0.07_mr1.14E-4_ss200.fa	long_content_30k_002	1307	29902
long_content_30k_002/lc30k002_1623_gc3300_rp0.05_mr1.14E-4_ss200.fa	long_content_30k_002	442	29902
long_content_30k_002/lc30k002_1624_gc3300_rp0.10_mr1.14E-4_ss100.fa	long_content_30k_002	152	29902
long_content_30k_002/lc30k002_1625_gc3300_rp0.05_mr1.14E-4_ss100.fa	long_content_30k_002	178	29902
long_content_30k_002/lc30k002_1626_gc3300_rp0.07_mr1.14E-4_ss100.fa	long_content_30k_002	790	29902
long_content_30k_002/lc30k002_1627_gc3300_rp0.10_mr1.14E-4_ss200.fa	long_content_30k_002	799	29902
long_content_30k_002/lc30k002_1628_gc3300_rp0.15_mr1.14E-4_ss100.fa	long_content_30k_002	863	29902
long_content_30k_002/lc30k002_1629_gc3300_rp0.15_mr1.14E-4_ss200.fa	long_content_30k_002	2525	29902
long_content_30k_002/lc30k002_162_gc3300_rp0.07_mr1.14E-4_ss100.fa	long_content_30k_002	736	29902
long_content_30k_002/lc30k002_1630_gc3300_rp0.07_mr1.14E-4_ss200.fa	long_content_30k_002	880	29902
long_content_30k_002/lc30k002_1631_gc3300_rp0.05_mr1.14E-4_ss200.fa	long_content_30k_002	905	29902
long_content_30k_002/lc30k002_1632_gc3300_rp0.10_mr1.14E-4_ss100.fa	long_content_30k_002	1153	29902
long_content_30k_002/lc30k002_1633_gc3300_rp0.05_mr1.14E-4_ss100.fa	long_content_30k_002	881	29902
long_content_30k_002/lc30k002_1634_gc3300_rp0.07_mr1.14E-4_ss100.fa	long_content_30k_002	389	29902
long_content_30k_002/lc30k002_1635_gc3300_rp0.10_mr1.14E-4_ss200.fa	long_content_30k_002	636	29902
long_content_30k_002/lc30k002_1636_gc3300_rp0.15_mr1.14E-4_ss100.fa	long_content_30k_002	732	29902
long_content_30k_002/lc30k002_1637_gc3300_rp0.15_mr1.14E-4_ss200.fa	long_content_30k_002	2302	29902
long_content_30k_002/lc30k002_1638_gc3300_rp0.07_mr1.14E-4_ss200.fa	long_content_30k_002	431	29902
long_content_30k_002/lc30k002_1639_gc3300_rp0.05_mr1.14E-4_ss200.fa	long_content_30k_002	856	29902
long_content_30k_002/lc30k002_163_gc3300_rp0.10_mr1.14E-4_ss200.fa	long_content_30k_002	2497	29902
long_content_30k_002/lc30k002_1640_gc3300_rp0.10_mr1.14E-4_ss100.fa	long_content_30k_002	795	29902
long_content_30k_002/lc30k002_1641_gc3300_rp0.05_mr1.14E-4_ss100.fa	long_content_30k_002	238	26340
long_content_30k_002/lc30k002_1642_gc3300_rp0.07_mr1.14E-4_ss100.fa	long_content_30k_002	1133	29902
long_content_30k_002/lc30k002_1643_gc3300_rp0.10_mr1.14E-4_ss200.fa	long_content_30k_002	758	29902
long_content_30k_002/lc30k002_1644_gc3300_rp0.15_mr1.14E-4_ss100.fa	long_content_30k_002	731	29902
long_content_30k_002/lc30k002_1645_gc3300_rp0.15_mr1.14E-4_ss200.fa	long_content_30k_002	3031	29902
long_content_30k_002/lc30k002_1646_gc3300_rp0.07_mr1.14E-4_ss200.fa	long_content_30k_002	197	29902
long_content_30k_002/lc30k002_1647_gc3300_rp0.05_mr1.14E-4_ss200.fa	long_content_30k_002	876	29902
long_content_30k_002/lc30k002_1648_gc3300_rp0.10_mr1.14E-4_ss100.fa	long_content_30k_002	730	29902
long_content_30k_002/lc30k002_1649_gc3300_rp0.05_mr1.14E-4_ss100.fa	long_content_30k_002	15	29902
long_content_30k_002/lc30k002_164_gc3300_rp0.15_mr1.14E-4_ss100.fa	long_content_30k_002	3109	29902
long_content_30k_002/lc30k002_1650_gc3300_rp0.07_mr1.14E-4_ss100.fa	long_content_30k_002	592	29902
long_content_30k_002/lc30k002_1651_gc3300_rp0.10_mr1.14E-4_ss200.fa	long_content_30k_002	192	29902
long_content_30k_002/lc30k002_1652_gc3300_rp0.15_mr1.14E-4_ss100.fa	long_content_30k_002	2423	29902
long_content_30k_002/lc30k002_1653_gc3300_rp0.15_mr1.14E-4_ss200.fa	long_content_30k_002	3226	29902
long_content_30k_002/lc30k002_1654_gc3300_rp0.07_mr1.14E-4_ss200.fa	long_content_30k_002	744	29902
long_content_30k_002/lc30k002_1655_gc3300_rp0.05_mr1.14E-4_ss200.fa	long_content_30k_002	443	29902
long_content_30k_002/lc30k002_1656_gc3300_rp0.10_mr1.14E-4_ss100.fa	long_content_30k_002	1036	29902
long_content_30k_002/lc30k002_1657_gc3300_rp0.05_mr1.14E-4_ss100.fa	long_content_30k_002	787	29902
long_content_30k_002/lc30k002_1658_gc3300_rp0.07_mr1.14E-4_ss100.fa	long_content_30k_002	454	29902
long_content_30k_002/lc30k002_1659_gc3300_rp0.10_mr1.14E-4_ss200.fa	long_content_30k_002	335	29902
long_content_30k_002/lc30k002_165_gc3300_rp0.15_mr1.14E-4_ss200.fa	long_content_30k_002	1755	29902
long_content_30k_002/lc30k002_1660_gc3300_rp0.15_mr1.14E-4_ss100.fa	long_content_30k_002	1515	29902
long_content_30k_002/lc30k002_1661_gc3300_rp0.15_mr1.14E-4_ss200.fa	long_content_30k_002	2309	29902
long_content_30k_002/lc30k002_1662_gc3300_rp0.07_mr1.14E-4_ss200.fa	long_content_30k_002	820	29902
long_content_30k_002/lc30k002_1663_gc3300_rp0.05_mr1.14E-4_ss200.fa	long_content_30k_002	113	29902
long_content_30k_002/lc30k002_1664_gc3300_rp0.10_mr1.14E-4_ss100.fa	long_content_30k_002	737	29902
long_content_30k_002/lc30k002_1665_gc3300_rp0.05_mr1.14E-4_ss100.fa	long_content_30k_002	166	29902
long_content_30k_002/lc30k002_1666_gc3300_rp0.07_mr1.14E-4_ss100.fa	long_content_30k_002	125	29902
long_content_30k_002/lc30k002_1667_gc3300_rp0.10_mr1.14E-4_ss200.fa	long_content_30k_002	678	29902
long_content_30k_002/lc30k002_1668_gc3300_rp0.15_mr1.14E-4_ss100.fa	long_content_30k_002	878	29902
long_content_30k_002/lc30k002_1669_gc3300_rp0.15_mr1.14E-4_ss200.fa	long_content_30k_002	1587	29902
long_content_30k_002/lc30k002_166_gc3300_rp0.07_mr1.14E-4_ss200.fa	long_content_30k_002	579	29902
long_content_30k_002/lc30k002_1670_gc3300_rp0.07_mr1.14E-4_ss200.fa	long_content_30k_002	2012	29902
long_content_30k_002/lc30k002_1671_gc3300_rp0.05_mr1.14E-4_ss200.fa	long_content_30k_002	166	29902
long_content_30k_002/lc30k002_1672_gc3300_rp0.10_mr1.14E-4_ss100.fa	long_content_30k_002	1461	29902
long_content_30k_002/lc30k002_1673_gc3300_rp0.05_mr1.14E-4_ss100.fa	long_content_30k_002	281	29902
long_content_30k_002/lc30k002_1674_gc3300_rp0.07_mr1.14E-4_ss100.fa	long_content_30k_002	1057	29902
long_content_30k_002/lc30k002_1675_gc3300_rp0.10_mr1.14E-4_ss200.fa	long_content_30k_002	1200	29902
long_content_30k_002/lc30k002_1676_gc3300_rp0.15_mr1.14E-4_ss100.fa	long_content_30k_002	2152	29902
long_content_30k_002/lc30k002_1677_gc3300_rp0.15_mr1.14E-4_ss200.fa	long_content_30k_002	1590	29902
long_content_30k_002/lc30k002_1678_gc3300_rp0.07_mr1.14E-4_ss200.fa	long_content_30k_002	3189	29902
long_content_30k_002/lc30k002_1679_gc3300_rp0.05_mr1.14E-4_ss200.fa	long_content_30k_002	885	29902
long_content_30k_002/lc30k002_167_gc3300_rp0.05_mr1.14E-4_ss200.fa	long_content_30k_002	101	29902
long_content_30k_002/lc30k002_1680_gc3300_rp0.10_mr1.14E-4_ss100.fa	long_content_30k_002	211	29902
long_content_30k_002/lc30k002_1681_gc3300_rp0.05_mr1.14E-4_ss100.fa	long_content_30k_002	403	29902
long_content_30k_002/lc30k002_1682_gc3300_rp0.07_mr1.14E-4_ss100.fa	long_content_30k_002	354	29902
long_content_30k_002/lc30k002_1683_gc3300_rp0.10_mr1.14E-4_ss200.fa	long_content_30k_002	2391	29902
long_content_30k_002/lc30k002_1684_gc3300_rp0.15_mr1.14E-4_ss100.fa	long_content_30k_002	461	29902
long_content_30k_002/lc30k002_1685_gc3300_rp0.15_mr1.14E-4_ss200.fa	long_content_30k_002	1619	29902
long_content_30k_002/lc30k002_1686_gc3300_rp0.07_mr1.14E-4_ss200.fa	long_content_30k_002	1536	29902
long_content_30k_002/lc30k002_1687_gc3300_rp0.05_mr1.14E-4_ss200.fa	long_content_30k_002	2494	29902
long_content_30k_002/lc30k002_1688_gc3300_rp0.10_mr1.14E-4_ss100.fa	long_content_30k_002	367	29902
long_content_30k_002/lc30k002_1689_gc3300_rp0.05_mr1.14E-4_ss100.fa	long_content_30k_002	13	29902
long_content_30k_002/lc30k002_168_gc3300_rp0.10_mr1.14E-4_ss100.fa	long_content_30k_002	197	29902
long_content_30k_002/lc30k002_1690_gc3300_rp0.07_mr1.14E-4_ss100.fa	long_content_30k_002	438	29902
long_content_30k_002/lc30k002_1691_gc3300_rp0.10_mr1.14E-4_ss200.fa	long_content_30k_002	576	29902
long_content_30k_002/lc30k002_1692_gc3300_rp0.15_mr1.14E-4_ss100.fa	long_content_30k_002	1594	29902
long_content_30k_002/lc30k002_1693_gc3300_rp0.15_mr1.14E-4_ss200.fa	long_content_30k_002	1105	29902
long_content_30k_002/lc30k002_1694_gc3300_rp0.07_mr1.14E-4_ss200.fa	long_content_30k_002	621	29902
long_content_30k_002/lc30k002_1695_gc3300_rp0.05_mr1.14E-4_ss200.fa	long_content_30k_002	508	29902
long_content_30k_002/lc30k002_1696_gc3300_rp0.10_mr1.14E-4_ss100.fa	long_content_30k_002	468	29902
long_content_30k_002/lc30k002_1697_gc3300_rp0.05_mr1.14E-4_ss100.fa	long_content_30k_002	50	29902
long_content_30k_002/lc30k002_1698_gc3300_rp0.07_mr1.14E-4_ss100.fa	long_content_30k_002	138	29902
long_content_30k_002/lc30k002_1699_gc3300_rp0.10_mr1.14E-4_ss200.fa	long_content_30k_002	5006	29902
long_content_30k_002/lc30k002_169_gc3300_rp0.05_mr1.14E-4_ss100.fa	long_content_30k_002	148	29902
long_content_30k_002/lc30k002_1700_gc3300_rp0.15_mr1.14E-4_ss100.fa	long_content_30k_002	355	29902
long_content_30k_002/lc30k002_1701_gc3300_rp0.15_mr1.14E-4_ss200.fa	long_content_30k_002	2998	29902
long_content_30k_002/lc30k002_1702_gc3300_rp0.07_mr1.14E-4_ss200.fa	long_content_30k_002	1465	29902
long_content_30k_002/lc30k002_1703_gc3300_rp0.05_mr1.14E-4_ss200.fa	long_content_30k_002	217	29902
long_content_30k_002/lc30k002_1704_gc3300_rp0.10_mr1.14E-4_ss100.fa	long_content_30k_002	388	29902
long_content_30k_002/lc30k002_1705_gc3300_rp0.05_mr1.14E-4_ss100.fa	long_content_30k_002	590	29902
long_content_30k_002/lc30k002_1706_gc3300_rp0.07_mr1.14E-4_ss100.fa	long_content_30k_002	293	29902
long_content_30k_002/lc30k002_1707_gc3300_rp0.10_mr1.14E-4_ss200.fa	long_content_30k_002	4172	29902
long_content_30k_002/lc30k002_1708_gc3300_rp0.15_mr1.14E-4_ss100.fa	long_content_30k_002	2045	29902
long_content_30k_002/lc30k002_1709_gc3300_rp0.15_mr1.14E-4_ss200.fa	long_content_30k_002	3332	29902
long_content_30k_002/lc30k002_170_gc3300_rp0.07_mr1.14E-4_ss100.fa	long_content_30k_002	467	29902
long_content_30k_002/lc30k002_1710_gc3300_rp0.07_mr1.14E-4_ss200.fa	long_content_30k_002	584	29902
long_content_30k_002/lc30k002_1711_gc3300_rp0.05_mr1.14E-4_ss200.fa	long_content_30k_002	492	29902
long_content_30k_002/lc30k002_1712_gc3300_rp0.10_mr1.14E-4_ss100.fa	long_content_30k_002	121	29902
long_content_30k_002/lc30k002_1713_gc3300_rp0.05_mr1.14E-4_ss100.fa	long_content_30k_002	290	29902
long_content_30k_002/lc30k002_1714_gc3300_rp0.07_mr1.14E-4_ss100.fa	long_content_30k_002	238	29902
long_content_30k_002/lc30k002_1715_gc3300_rp0.10_mr1.14E-4_ss200.fa	long_content_30k_002	2992	29902
long_content_30k_002/lc30k002_1716_gc3300_rp0.15_mr1.14E-4_ss100.fa	long_content_30k_002	904	29902
long_content_30k_002/lc30k002_1717_gc3300_rp0.15_mr1.14E-4_ss200.fa	long_content_30k_002	5841	29902
long_content_30k_002/lc30k002_1718_gc3300_rp0.07_mr1.14E-4_ss200.fa	long_content_30k_002	1645	29902
long_content_30k_002/lc30k002_1719_gc3300_rp0.05_mr1.14E-4_ss200.fa	long_content_30k_002	506	29902
long_content_30k_002/lc30k002_171_gc3300_rp0.10_mr1.14E-4_ss200.fa	long_content_30k_002	612	29902
long_content_30k_002/lc30k002_1720_gc3300_rp0.10_mr1.14E-4_ss100.fa	long_content_30k_002	516	29902
long_content_30k_002/lc30k002_1721_gc3300_rp0.05_mr1.14E-4_ss100.fa	long_content_30k_002	27	29902
long_content_30k_002/lc30k002_1722_gc3300_rp0.07_mr1.14E-4_ss100.fa	long_content_30k_002	168	29902
long_content_30k_002/lc30k002_1723_gc3300_rp0.10_mr1.14E-4_ss200.fa	long_content_30k_002	2078	29902
long_content_30k_002/lc30k002_1724_gc3300_rp0.15_mr1.14E-4_ss100.fa	long_content_30k_002	509	29902
long_content_30k_002/lc30k002_1725_gc3300_rp0.15_mr1.14E-4_ss200.fa	long_content_30k_002	1146	29902
long_content_30k_002/lc30k002_1726_gc3300_rp0.07_mr1.14E-4_ss200.fa	long_content_30k_002	897	29902
long_content_30k_002/lc30k002_1727_gc3300_rp0.05_mr1.14E-4_ss200.fa	long_content_30k_002	230	29902
long_content_30k_002/lc30k002_1728_gc3300_rp0.10_mr1.14E-4_ss100.fa	long_content_30k_002	730	29902
long_content_30k_002/lc30k002_1729_gc3300_rp0.05_mr1.14E-4_ss100.fa	long_content_30k_002	678	29902
long_content_30k_002/lc30k002_172_gc3300_rp0.15_mr1.14E-4_ss100.fa	long_content_30k_002	1025	29902
long_content_30k_002/lc30k002_1730_gc3300_rp0.07_mr1.14E-4_ss100.fa	long_content_30k_002	402	29902
long_content_30k_002/lc30k002_1731_gc3300_rp0.10_mr1.14E-4_ss200.fa	long_content_30k_002	528	29902
long_content_30k_002/lc30k002_1732_gc3300_rp0.15_mr1.14E-4_ss100.fa	long_content_30k_002	3040	29902
long_content_30k_002/lc30k002_1733_gc3300_rp0.15_mr1.14E-4_ss200.fa	long_content_30k_002	6606	29902
long_content_30k_002/lc30k002_1734_gc3300_rp0.07_mr1.14E-4_ss200.fa	long_content_30k_002	2163	29902
long_content_30k_002/lc30k002_1735_gc3300_rp0.05_mr1.14E-4_ss200.fa	long_content_30k_002	705	29902
long_content_30k_002/lc30k002_1736_gc3300_rp0.10_mr1.14E-4_ss100.fa	long_content_30k_002	439	29902
long_content_30k_002/lc30k002_1737_gc3300_rp0.05_mr1.14E-4_ss100.fa	long_content_30k_002	244	29902
long_content_30k_002/lc30k002_1738_gc3300_rp0.07_mr1.14E-4_ss100.fa	long_content_30k_002	300	29902
long_content_30k_002/lc30k002_1739_gc3300_rp0.10_mr1.14E-4_ss200.fa	long_content_30k_002	758	29902
long_content_30k_002/lc30k002_173_gc3300_rp0.15_mr1.14E-4_ss200.fa	long_content_30k_002	1766	29902
long_content_30k_002/lc30k002_1740_gc3300_rp0.15_mr1.14E-4_ss100.fa	long_content_30k_002	509	29902
long_content_30k_002/lc30k002_1741_gc3300_rp0.15_mr1.14E-4_ss200.fa	long_content_30k_002	5177	29902
long_content_30k_002/lc30k002_1742_gc3300_rp0.07_mr1.14E-4_ss200.fa	long_content_30k_002	239	29902
long_content_30k_002/lc30k002_1743_gc3300_rp0.05_mr1.14E-4_ss200.fa	long_content_30k_002	476	29902
long_content_30k_002/lc30k002_1744_gc3300_rp0.10_mr1.14E-4_ss100.fa	long_content_30k_002	1072	29902
long_content_30k_002/lc30k002_1745_gc3300_rp0.05_mr1.14E-4_ss100.fa	long_content_30k_002	296	29902
long_content_30k_002/lc30k002_1746_gc3300_rp0.07_mr1.14E-4_ss100.fa	long_content_30k_002	104	29902
long_content_30k_002/lc30k002_1747_gc3300_rp0.10_mr1.14E-4_ss200.fa	long_content_30k_002	2661	29902
long_content_30k_002/lc30k002_1748_gc3300_rp0.15_mr1.14E-4_ss100.fa	long_content_30k_002	1684	29902
long_content_30k_002/lc30k002_1749_gc3300_rp0.15_mr1.14E-4_ss200.fa	long_content_30k_002	971	29902
long_content_30k_002/lc30k002_174_gc3300_rp0.07_mr1.14E-4_ss200.fa	long_content_30k_002	1310	29902
long_content_30k_002/lc30k002_1750_gc3300_rp0.07_mr1.14E-4_ss200.fa	long_content_30k_002	670	29902
long_content_30k_002/lc30k002_1751_gc3300_rp0.05_mr1.14E-4_ss200.fa	long_content_30k_002	981	29902
long_content_30k_002/lc30k002_1752_gc3300_rp0.10_mr1.14E-4_ss100.fa	long_content_30k_002	1305	29902
long_content_30k_002/lc30k002_1753_gc3300_rp0.05_mr1.14E-4_ss100.fa	long_content_30k_002	58	29902
long_content_30k_002/lc30k002_1754_gc3300_rp0.07_mr1.14E-4_ss100.fa	long_content_30k_002	964	29902
long_content_30k_002/lc30k002_1755_gc3300_rp0.10_mr1.14E-4_ss200.fa	long_content_30k_002	1444	29902
long_content_30k_002/lc30k002_1756_gc3300_rp0.15_mr1.14E-4_ss100.fa	long_content_30k_002	964	29902
long_content_30k_002/lc30k002_1757_gc3300_rp0.15_mr1.14E-4_ss200.fa	long_content_30k_002	979	29902
long_content_30k_002/lc30k002_1758_gc3300_rp0.07_mr1.14E-4_ss200.fa	long_content_30k_002	1463	29902
long_content_30k_002/lc30k002_1759_gc3300_rp0.05_mr1.14E-4_ss200.fa	long_content_30k_002	500	29902
long_content_30k_002/lc30k002_175_gc3300_rp0.05_mr1.14E-4_ss200.fa	long_content_30k_002	555	29902
long_content_30k_002/lc30k002_1760_gc3300_rp0.10_mr1.14E-4_ss100.fa	long_content_30k_002	146	29902
long_content_30k_002/lc30k002_1761_gc3300_rp0.05_mr1.14E-4_ss100.fa	long_content_30k_002	595	29902
long_content_30k_002/lc30k002_1762_gc3300_rp0.07_mr1.14E-4_ss100.fa	long_content_30k_002	143	29902
long_content_30k_002/lc30k002_1763_gc3300_rp0.10_mr1.14E-4_ss200.fa	long_content_30k_002	3469	29902
long_content_30k_002/lc30k002_1764_gc3300_rp0.15_mr1.14E-4_ss100.fa	long_content_30k_002	400	29902
long_content_30k_002/lc30k002_1765_gc3300_rp0.15_mr1.14E-4_ss200.fa	long_content_30k_002	1385	29902
long_content_30k_002/lc30k002_1766_gc3300_rp0.07_mr1.14E-4_ss200.fa	long_content_30k_002	1047	29902
long_content_30k_002/lc30k002_1767_gc3300_rp0.05_mr1.14E-4_ss200.fa	long_content_30k_002	1773	29902
long_content_30k_002/lc30k002_1768_gc3300_rp0.10_mr1.14E-4_ss100.fa	long_content_30k_002	298	29902
long_content_30k_002/lc30k002_1769_gc3300_rp0.05_mr1.14E-4_ss100.fa	long_content_30k_002	65	29902
long_content_30k_002/lc30k002_176_gc3300_rp0.10_mr1.14E-4_ss100.fa	long_content_30k_002	638	29902
long_content_30k_002/lc30k002_1770_gc3300_rp0.07_mr1.14E-4_ss100.fa	long_content_30k_002	194	29902
long_content_30k_002/lc30k002_1771_gc3300_rp0.10_mr1.14E-4_ss200.fa	long_content_30k_002	1973	29902
long_content_30k_002/lc30k002_1772_gc3300_rp0.15_mr1.14E-4_ss100.fa	long_content_30k_002	2931	29902
long_content_30k_002/lc30k002_1773_gc3300_rp0.15_mr1.14E-4_ss200.fa	long_content_30k_002	1141	29902
long_content_30k_002/lc30k002_1774_gc3300_rp0.07_mr1.14E-4_ss200.fa	long_content_30k_002	615	29902
long_content_30k_002/lc30k002_1775_gc3300_rp0.05_mr1.14E-4_ss200.fa	long_content_30k_002	143	29902
long_content_30k_002/lc30k002_1776_gc3300_rp0.10_mr1.14E-4_ss100.fa	long_content_30k_002	539	29902
long_content_30k_002/lc30k002_1777_gc3300_rp0.05_mr1.14E-4_ss100.fa	long_content_30k_002	340	29902
long_content_30k_002/lc30k002_1778_gc3300_rp0.07_mr1.14E-4_ss100.fa	long_content_30k_002	320	29902
long_content_30k_002/lc30k002_1779_gc3300_rp0.10_mr1.14E-4_ss200.fa	long_content_30k_002	591	29902
long_content_30k_002/lc30k002_177_gc3300_rp0.05_mr1.14E-4_ss100.fa	long_content_30k_002	74	29902
long_content_30k_002/lc30k002_1780_gc3300_rp0.15_mr1.14E-4_ss100.fa	long_content_30k_002	2786	29902
long_content_30k_002/lc30k002_1781_gc3300_rp0.15_mr1.14E-4_ss200.fa	long_content_30k_002	1923	29902
long_content_30k_002/lc30k002_1782_gc3300_rp0.07_mr1.14E-4_ss200.fa	long_content_30k_002	503	29902
long_content_30k_002/lc30k002_1783_gc3300_rp0.05_mr1.14E-4_ss200.fa	long_content_30k_002	145	29902
long_content_30k_002/lc30k002_1784_gc3300_rp0.10_mr1.14E-4_ss100.fa	long_content_30k_002	709	29902
long_content_30k_002/lc30k002_1785_gc3300_rp0.05_mr1.14E-4_ss100.fa	long_content_30k_002	430	29902
long_content_30k_002/lc30k002_1786_gc3300_rp0.07_mr1.14E-4_ss100.fa	long_content_30k_002	352	29902
long_content_30k_002/lc30k002_1787_gc3300_rp0.10_mr1.14E-4_ss200.fa	long_content_30k_002	1186	29902
long_content_30k_002/lc30k002_1788_gc3300_rp0.15_mr1.14E-4_ss100.fa	long_content_30k_002	967	29902
long_content_30k_002/lc30k002_1789_gc3300_rp0.15_mr1.14E-4_ss200.fa	long_content_30k_002	479	29902
long_content_30k_002/lc30k002_178_gc3300_rp0.07_mr1.14E-4_ss100.fa	long_content_30k_002	518	29902
long_content_30k_002/lc30k002_1790_gc3300_rp0.07_mr1.14E-4_ss200.fa	long_content_30k_002	764	29902
long_content_30k_002/lc30k002_1791_gc3300_rp0.05_mr1.14E-4_ss200.fa	long_content_30k_002	307	29902
long_content_30k_002/lc30k002_1792_gc3300_rp0.10_mr1.14E-4_ss100.fa	long_content_30k_002	737	29902
long_content_30k_002/lc30k002_1793_gc3300_rp0.05_mr1.14E-4_ss100.fa	long_content_30k_002	55	29902
long_content_30k_002/lc30k002_1794_gc3300_rp0.07_mr1.14E-4_ss100.fa	long_content_30k_002	189	29902
long_content_30k_002/lc30k002_1795_gc3300_rp0.10_mr1.14E-4_ss200.fa	long_content_30k_002	4189	29902
long_content_30k_002/lc30k002_1796_gc3300_rp0.15_mr1.14E-4_ss100.fa	long_content_30k_002	1899	29902
long_content_30k_002/lc30k002_1797_gc3300_rp0.15_mr1.14E-4_ss200.fa	long_content_30k_002	3099	29902
long_content_30k_002/lc30k002_1798_gc3300_rp0.07_mr1.14E-4_ss200.fa	long_content_30k_002	1598	29902
long_content_30k_002/lc30k002_1799_gc3300_rp0.05_mr1.14E-4_ss200.fa	long_content_30k_002	754	29902
long_content_30k_002/lc30k002_179_gc3300_rp0.10_mr1.14E-4_ss200.fa	long_content_30k_002	681	29902
long_content_30k_002/lc30k002_1800_gc3300_rp0.10_mr1.14E-4_ss100.fa	long_content_30k_002	590	29902
long_content_30k_002/lc30k002_1801_gc3300_rp0.05_mr1.14E-4_ss100.fa	long_content_30k_002	395	29902
long_content_30k_002/lc30k002_1802_gc3300_rp0.07_mr1.14E-4_ss100.fa	long_content_30k_002	816	29902
long_content_30k_002/lc30k002_1803_gc3300_rp0.10_mr1.14E-4_ss200.fa	long_content_30k_002	1603	29902
long_content_30k_002/lc30k002_1804_gc3300_rp0.15_mr1.14E-4_ss100.fa	long_content_30k_002	393	29902
long_content_30k_002/lc30k002_1805_gc3300_rp0.15_mr1.14E-4_ss200.fa	long_content_30k_002	3815	29902
long_content_30k_002/lc30k002_1806_gc3300_rp0.07_mr1.14E-4_ss200.fa	long_content_30k_002	518	29902
long_content_30k_002/lc30k002_1807_gc3300_rp0.05_mr1.14E-4_ss200.fa	long_content_30k_002	300	29902
long_content_30k_002/lc30k002_1808_gc3300_rp0.10_mr1.14E-4_ss100.fa	long_content_30k_002	215	29902
long_content_30k_002/lc30k002_1809_gc3300_rp0.05_mr1.14E-4_ss100.fa	long_content_30k_002	374	29902
long_content_30k_002/lc30k002_180_gc3300_rp0.15_mr1.14E-4_ss100.fa	long_content_30k_002	1930	29902
long_content_30k_002/lc30k002_1810_gc3300_rp0.07_mr1.14E-4_ss100.fa	long_content_30k_002	376	29902
long_content_30k_002/lc30k002_1811_gc3300_rp0.10_mr1.14E-4_ss200.fa	long_content_30k_002	2278	29902
long_content_30k_002/lc30k002_1812_gc3300_rp0.15_mr1.14E-4_ss100.fa	long_content_30k_002	1208	29902
long_content_30k_002/lc30k002_1813_gc3300_rp0.15_mr1.14E-4_ss200.fa	long_content_30k_002	1952	29902
long_content_30k_002/lc30k002_1814_gc3300_rp0.07_mr1.14E-4_ss200.fa	long_content_30k_002	1054	29902
long_content_30k_002/lc30k002_1815_gc3300_rp0.05_mr1.14E-4_ss200.fa	long_content_30k_002	1181	29902
long_content_30k_002/lc30k002_1816_gc3300_rp0.10_mr1.14E-4_ss100.fa	long_content_30k_002	982	29902
long_content_30k_002/lc30k002_1817_gc3300_rp0.05_mr1.14E-4_ss100.fa	long_content_30k_002	181	29902
long_content_30k_002/lc30k002_1818_gc3300_rp0.07_mr1.14E-4_ss100.fa	long_content_30k_002	443	29902
long_content_30k_002/lc30k002_1819_gc3300_rp0.10_mr1.14E-4_ss200.fa	long_content_30k_002	703	29902
long_content_30k_002/lc30k002_181_gc3300_rp0.15_mr1.14E-4_ss200.fa	long_content_30k_002	2498	29902
long_content_30k_002/lc30k002_1820_gc3300_rp0.15_mr1.14E-4_ss100.fa	long_content_30k_002	1141	29902
long_content_30k_002/lc30k002_1821_gc3300_rp0.15_mr1.14E-4_ss200.fa	long_content_30k_002	692	29902
long_content_30k_002/lc30k002_1822_gc3300_rp0.07_mr1.14E-4_ss200.fa	long_content_30k_002	785	29902
long_content_30k_002/lc30k002_1823_gc3300_rp0.05_mr1.14E-4_ss200.fa	long_content_30k_002	80	29902
long_content_30k_002/lc30k002_1824_gc3300_rp0.10_mr1.14E-4_ss100.fa	long_content_30k_002	568	29902
long_content_30k_002/lc30k002_1825_gc3300_rp0.05_mr1.14E-4_ss100.fa	long_content_30k_002	41	29902
long_content_30k_002/lc30k002_1826_gc3300_rp0.07_mr1.14E-4_ss100.fa	long_content_30k_002	689	29902
long_content_30k_002/lc30k002_1827_gc3300_rp0.10_mr1.14E-4_ss200.fa	long_content_30k_002	580	29902
long_content_30k_002/lc30k002_1828_gc3300_rp0.15_mr1.14E-4_ss100.fa	long_content_30k_002	538	29902
long_content_30k_002/lc30k002_1829_gc3300_rp0.15_mr1.14E-4_ss200.fa	long_content_30k_002	2514	29902
long_content_30k_002/lc30k002_182_gc3300_rp0.07_mr1.14E-4_ss200.fa	long_content_30k_002	1119	29902
long_content_30k_002/lc30k002_1830_gc3300_rp0.07_mr1.14E-4_ss200.fa	long_content_30k_002	757	29902
long_content_30k_002/lc30k002_1831_gc3300_rp0.05_mr1.14E-4_ss200.fa	long_content_30k_002	599	29902
long_content_30k_002/lc30k002_1832_gc3300_rp0.10_mr1.14E-4_ss100.fa	long_content_30k_002	249	29902
long_content_30k_002/lc30k002_1833_gc3300_rp0.05_mr1.14E-4_ss100.fa	long_content_30k_002	3	28680
long_content_30k_002/lc30k002_1834_gc3300_rp0.07_mr1.14E-4_ss100.fa	long_content_30k_002	569	29902
long_content_30k_002/lc30k002_1835_gc3300_rp0.10_mr1.14E-4_ss200.fa	long_content_30k_002	476	29902
long_content_30k_002/lc30k002_1836_gc3300_rp0.15_mr1.14E-4_ss100.fa	long_content_30k_002	671	29902
long_content_30k_002/lc30k002_1837_gc3300_rp0.15_mr1.14E-4_ss200.fa	long_content_30k_002	1886	29902
long_content_30k_002/lc30k002_1838_gc3300_rp0.07_mr1.14E-4_ss200.fa	long_content_30k_002	738	29902
long_content_30k_002/lc30k002_1839_gc3300_rp0.05_mr1.14E-4_ss200.fa	long_content_30k_002	899	29902
long_content_30k_002/lc30k002_183_gc3300_rp0.05_mr1.14E-4_ss200.fa	long_content_30k_002	714	29902
long_content_30k_002/lc30k002_1840_gc3300_rp0.10_mr1.14E-4_ss100.fa	long_content_30k_002	382	29902
long_content_30k_002/lc30k002_1841_gc3300_rp0.05_mr1.14E-4_ss100.fa	long_content_30k_002	611	29902
long_content_30k_002/lc30k002_1842_gc3300_rp0.07_mr1.14E-4_ss100.fa	long_content_30k_002	149	29902
long_content_30k_002/lc30k002_1843_gc3300_rp0.10_mr1.14E-4_ss200.fa	long_content_30k_002	1882	29902
long_content_30k_002/lc30k002_1844_gc3300_rp0.15_mr1.14E-4_ss100.fa	long_content_30k_002	1214	29902
long_content_30k_002/lc30k002_1845_gc3300_rp0.15_mr1.14E-4_ss200.fa	long_content_30k_002	1519	29902
long_content_30k_002/lc30k002_1846_gc3300_rp0.07_mr1.14E-4_ss200.fa	long_content_30k_002	1286	29902
long_content_30k_002/lc30k002_1847_gc3300_rp0.05_mr1.14E-4_ss200.fa	long_content_30k_002	399	29902
long_content_30k_002/lc30k002_1848_gc3300_rp0.10_mr1.14E-4_ss100.fa	long_content_30k_002	960	29902
long_content_30k_002/lc30k002_1849_gc3300_rp0.05_mr1.14E-4_ss100.fa	long_content_30k_002	112	22026
long_content_30k_002/lc30k002_184_gc3300_rp0.10_mr1.14E-4_ss100.fa	long_content_30k_002	569	29902
long_content_30k_002/lc30k002_1850_gc3300_rp0.07_mr1.14E-4_ss100.fa	long_content_30k_002	979	29902
long_content_30k_002/lc30k002_1851_gc3300_rp0.10_mr1.14E-4_ss200.fa	long_content_30k_002	660	29902
long_content_30k_002/lc30k002_1852_gc3300_rp0.15_mr1.14E-4_ss100.fa	long_content_30k_002	197	29902
long_content_30k_002/lc30k002_1853_gc3300_rp0.15_mr1.14E-4_ss200.fa	long_content_30k_002	2149	29902
long_content_30k_002/lc30k002_1854_gc3300_rp0.07_mr1.14E-4_ss200.fa	long_content_30k_002	811	29902
long_content_30k_002/lc30k002_1855_gc3300_rp0.05_mr1.14E-4_ss200.fa	long_content_30k_002	1127	29902
long_content_30k_002/lc30k002_1856_gc3300_rp0.10_mr1.14E-4_ss100.fa	long_content_30k_002	1393	29902
long_content_30k_002/lc30k002_1857_gc3300_rp0.05_mr1.14E-4_ss100.fa	long_content_30k_002	146	29898
long_content_30k_002/lc30k002_1858_gc3300_rp0.07_mr1.14E-4_ss100.fa	long_content_30k_002	427	29902
long_content_30k_002/lc30k002_1859_gc3300_rp0.10_mr1.14E-4_ss200.fa	long_content_30k_002	4112	29902
long_content_30k_002/lc30k002_185_gc3300_rp0.05_mr1.14E-4_ss100.fa	long_content_30k_002	148	29902
long_content_30k_002/lc30k002_1860_gc3300_rp0.15_mr1.14E-4_ss100.fa	long_content_30k_002	1227	29902
long_content_30k_002/lc30k002_1861_gc3300_rp0.15_mr1.14E-4_ss200.fa	long_content_30k_002	2495	29902
long_content_30k_002/lc30k002_1862_gc3300_rp0.07_mr1.14E-4_ss200.fa	long_content_30k_002	353	29902
long_content_30k_002/lc30k002_1863_gc3300_rp0.05_mr1.14E-4_ss200.fa	long_content_30k_002	716	29902
long_content_30k_002/lc30k002_1864_gc3300_rp0.10_mr1.14E-4_ss100.fa	long_content_30k_002	768	29902
long_content_30k_002/lc30k002_1865_gc3300_rp0.05_mr1.14E-4_ss100.fa	long_content_30k_002	123	27741
long_content_30k_002/lc30k002_1866_gc3300_rp0.07_mr1.14E-4_ss100.fa	long_content_30k_002	480	29902
long_content_30k_002/lc30k002_1867_gc3300_rp0.10_mr1.14E-4_ss200.fa	long_content_30k_002	4853	29902
long_content_30k_002/lc30k002_1868_gc3300_rp0.15_mr1.14E-4_ss100.fa	long_content_30k_002	1985	29902
long_content_30k_002/lc30k002_1869_gc3300_rp0.15_mr1.14E-4_ss200.fa	long_content_30k_002	1990	29902
long_content_30k_002/lc30k002_186_gc3300_rp0.07_mr1.14E-4_ss100.fa	long_content_30k_002	666	29902
long_content_30k_002/lc30k002_1870_gc3300_rp0.07_mr1.14E-4_ss200.fa	long_content_30k_002	1282	29902
long_content_30k_002/lc30k002_1871_gc3300_rp0.05_mr1.14E-4_ss200.fa	long_content_30k_002	600	29902
long_content_30k_002/lc30k002_1872_gc3300_rp0.10_mr1.14E-4_ss100.fa	long_content_30k_002	1931	29902
long_content_30k_002/lc30k002_1873_gc3300_rp0.05_mr1.14E-4_ss100.fa	long_content_30k_002	103	29902
long_content_30k_002/lc30k002_1874_gc3300_rp0.07_mr1.14E-4_ss100.fa	long_content_30k_002	702	29902
long_content_30k_002/lc30k002_1875_gc3300_rp0.10_mr1.14E-4_ss200.fa	long_content_30k_002	2525	29902
long_content_30k_002/lc30k002_1876_gc3300_rp0.15_mr1.14E-4_ss100.fa	long_content_30k_002	1391	29902
long_content_30k_002/lc30k002_1877_gc3300_rp0.15_mr1.14E-4_ss200.fa	long_content_30k_002	3471	29902
long_content_30k_002/lc30k002_1878_gc3300_rp0.07_mr1.14E-4_ss200.fa	long_content_30k_002	1919	29902
long_content_30k_002/lc30k002_1879_gc3300_rp0.05_mr1.14E-4_ss200.fa	long_content_30k_002	340	24753
long_content_30k_002/lc30k002_187_gc3300_rp0.10_mr1.14E-4_ss200.fa	long_content_30k_002	2618	29902
long_content_30k_002/lc30k002_1880_gc3300_rp0.10_mr1.14E-4_ss100.fa	long_content_30k_002	379	29902
long_content_30k_002/lc30k002_1881_gc3300_rp0.05_mr1.14E-4_ss100.fa	long_content_30k_002	420	29902
long_content_30k_002/lc30k002_1882_gc3300_rp0.07_mr1.14E-4_ss100.fa	long_content_30k_002	112	29902
long_content_30k_002/lc30k002_1883_gc3300_rp0.10_mr1.14E-4_ss200.fa	long_content_30k_002	963	29902
long_content_30k_002/lc30k002_1884_gc3300_rp0.15_mr1.14E-4_ss100.fa	long_content_30k_002	1170	29902
long_content_30k_002/lc30k002_1885_gc3300_rp0.15_mr1.14E-4_ss200.fa	long_content_30k_002	1213	29902
long_content_30k_002/lc30k002_1886_gc3300_rp0.07_mr1.14E-4_ss200.fa	long_content_30k_002	112	29902
long_content_30k_002/lc30k002_1887_gc3300_rp0.05_mr1.14E-4_ss200.fa	long_content_30k_002	1383	29902
long_content_30k_002/lc30k002_1888_gc3300_rp0.10_mr1.14E-4_ss100.fa	long_content_30k_002	378	29902
long_content_30k_002/lc30k002_1889_gc3300_rp0.05_mr1.14E-4_ss100.fa	long_content_30k_002	549	29902
long_content_30k_002/lc30k002_188_gc3300_rp0.15_mr1.14E-4_ss100.fa	long_content_30k_002	1799	29902
long_content_30k_002/lc30k002_1890_gc3300_rp0.07_mr1.14E-4_ss100.fa	long_content_30k_002	726	29902
long_content_30k_002/lc30k002_1891_gc3300_rp0.10_mr1.14E-4_ss200.fa	long_content_30k_002	1126	29902
long_content_30k_002/lc30k002_1892_gc3300_rp0.15_mr1.14E-4_ss100.fa	long_content_30k_002	631	29902
long_content_30k_002/lc30k002_1893_gc3300_rp0.15_mr1.14E-4_ss200.fa	long_content_30k_002	698	29902
long_content_30k_002/lc30k002_1894_gc3300_rp0.07_mr1.14E-4_ss200.fa	long_content_30k_002	1978	29902
long_content_30k_002/lc30k002_1895_gc3300_rp0.05_mr1.14E-4_ss200.fa	long_content_30k_002	679	29902
long_content_30k_002/lc30k002_1896_gc3300_rp0.10_mr1.14E-4_ss100.fa	long_content_30k_002	407	29902
long_content_30k_002/lc30k002_1897_gc3300_rp0.05_mr1.14E-4_ss100.fa	long_content_30k_002	113	29902
long_content_30k_002/lc30k002_1898_gc3300_rp0.07_mr1.14E-4_ss100.fa	long_content_30k_002	433	29902
long_content_30k_002/lc30k002_1899_gc3300_rp0.10_mr1.14E-4_ss200.fa	long_content_30k_002	1605	29902
long_content_30k_002/lc30k002_189_gc3300_rp0.15_mr1.14E-4_ss200.fa	long_content_30k_002	2520	29902
long_content_30k_002/lc30k002_1900_gc3300_rp0.15_mr1.14E-4_ss100.fa	long_content_30k_002	812	29902
long_content_30k_002/lc30k002_1901_gc3300_rp0.15_mr1.14E-4_ss200.fa	long_content_30k_002	1295	29902
long_content_30k_002/lc30k002_1902_gc3300_rp0.07_mr1.14E-4_ss200.fa	long_content_30k_002	1226	29902
long_content_30k_002/lc30k002_1903_gc3300_rp0.05_mr1.14E-4_ss200.fa	long_content_30k_002	827	29902
long_content_30k_002/lc30k002_1904_gc3300_rp0.10_mr1.14E-4_ss100.fa	long_content_30k_002	1683	29902
long_content_30k_002/lc30k002_1905_gc3300_rp0.05_mr1.14E-4_ss100.fa	long_content_30k_002	781	29902
long_content_30k_002/lc30k002_1906_gc3300_rp0.07_mr1.14E-4_ss100.fa	long_content_30k_002	933	29902
long_content_30k_002/lc30k002_1907_gc3300_rp0.10_mr1.14E-4_ss200.fa	long_content_30k_002	1323	29902
long_content_30k_002/lc30k002_1908_gc3300_rp0.15_mr1.14E-4_ss100.fa	long_content_30k_002	1133	29902
long_content_30k_002/lc30k002_1909_gc3300_rp0.15_mr1.14E-4_ss200.fa	long_content_30k_002	3686	29902
long_content_30k_002/lc30k002_190_gc3300_rp0.07_mr1.14E-4_ss200.fa	long_content_30k_002	348	29902
long_content_30k_002/lc30k002_1910_gc3300_rp0.07_mr1.14E-4_ss200.fa	long_content_30k_002	187	29902
long_content_30k_002/lc30k002_1911_gc3300_rp0.05_mr1.14E-4_ss200.fa	long_content_30k_002	270	29902
long_content_30k_002/lc30k002_1912_gc3300_rp0.10_mr1.14E-4_ss100.fa	long_content_30k_002	614	29902
long_content_30k_002/lc30k002_1913_gc3300_rp0.05_mr1.14E-4_ss100.fa	long_content_30k_002	241	29902
long_content_30k_002/lc30k002_1914_gc3300_rp0.07_mr1.14E-4_ss100.fa	long_content_30k_002	369	29902
long_content_30k_002/lc30k002_1915_gc3300_rp0.10_mr1.14E-4_ss200.fa	long_content_30k_002	753	29902
long_content_30k_002/lc30k002_1916_gc3300_rp0.15_mr1.14E-4_ss100.fa	long_content_30k_002	1123	29902
long_content_30k_002/lc30k002_1917_gc3300_rp0.15_mr1.14E-4_ss200.fa	long_content_30k_002	1683	29902
long_content_30k_002/lc30k002_1918_gc3300_rp0.07_mr1.14E-4_ss200.fa	long_content_30k_002	328	29902
long_content_30k_002/lc30k002_1919_gc3300_rp0.05_mr1.14E-4_ss200.fa	long_content_30k_002	275	29902
long_content_30k_002/lc30k002_191_gc3300_rp0.05_mr1.14E-4_ss200.fa	long_content_30k_002	503	29902
long_content_30k_002/lc30k002_1920_gc3300_rp0.10_mr1.14E-4_ss100.fa	long_content_30k_002	198	29902
long_content_30k_002/lc30k002_1921_gc3300_rp0.05_mr1.14E-4_ss100.fa	long_content_30k_002	347	29902
long_content_30k_002/lc30k002_1922_gc3300_rp0.07_mr1.14E-4_ss100.fa	long_content_30k_002	213	29862
long_content_30k_002/lc30k002_1923_gc3300_rp0.10_mr1.14E-4_ss200.fa	long_content_30k_002	781	29902
long_content_30k_002/lc30k002_1924_gc3300_rp0.15_mr1.14E-4_ss100.fa	long_content_30k_002	1030	29902
long_content_30k_002/lc30k002_1925_gc3300_rp0.15_mr1.14E-4_ss200.fa	long_content_30k_002	3842	29902
long_content_30k_002/lc30k002_1926_gc3300_rp0.07_mr1.14E-4_ss200.fa	long_content_30k_002	1343	29902
long_content_30k_002/lc30k002_1927_gc3300_rp0.05_mr1.14E-4_ss200.fa	long_content_30k_002	246	29902
long_content_30k_002/lc30k002_1928_gc3300_rp0.10_mr1.14E-4_ss100.fa	long_content_30k_002	2218	29902
long_content_30k_002/lc30k002_1929_gc3300_rp0.05_mr1.14E-4_ss100.fa	long_content_30k_002	562	29902
long_content_30k_002/lc30k002_192_gc3300_rp0.10_mr1.14E-4_ss100.fa	long_content_30k_002	1535	29902
long_content_30k_002/lc30k002_1930_gc3300_rp0.07_mr1.14E-4_ss100.fa	long_content_30k_002	187	29902
long_content_30k_002/lc30k002_1931_gc3300_rp0.10_mr1.14E-4_ss200.fa	long_content_30k_002	3528	29902
long_content_30k_002/lc30k002_1932_gc3300_rp0.15_mr1.14E-4_ss100.fa	long_content_30k_002	1576	29902
long_content_30k_002/lc30k002_1933_gc3300_rp0.15_mr1.14E-4_ss200.fa	long_content_30k_002	2697	29902
long_content_30k_002/lc30k002_1934_gc3300_rp0.07_mr1.14E-4_ss200.fa	long_content_30k_002	1534	29902
long_content_30k_002/lc30k002_1935_gc3300_rp0.05_mr1.14E-4_ss200.fa	long_content_30k_002	508	29902
long_content_30k_002/lc30k002_1936_gc3300_rp0.10_mr1.14E-4_ss100.fa	long_content_30k_002	493	29902
long_content_30k_002/lc30k002_1937_gc3300_rp0.05_mr1.14E-4_ss100.fa	long_content_30k_002	40	29902
long_content_30k_002/lc30k002_1938_gc3300_rp0.07_mr1.14E-4_ss100.fa	long_content_30k_002	70	29902
long_content_30k_002/lc30k002_1939_gc3300_rp0.10_mr1.14E-4_ss200.fa	long_content_30k_002	1750	29902
long_content_30k_002/lc30k002_193_gc3300_rp0.05_mr1.14E-4_ss100.fa	long_content_30k_002	204	29902
long_content_30k_002/lc30k002_1940_gc3300_rp0.15_mr1.14E-4_ss100.fa	long_content_30k_002	311	29902
long_content_30k_002/lc30k002_1941_gc3300_rp0.15_mr1.14E-4_ss200.fa	long_content_30k_002	2450	29902
long_content_30k_002/lc30k002_1942_gc3300_rp0.07_mr1.14E-4_ss200.fa	long_content_30k_002	758	29902
long_content_30k_002/lc30k002_1943_gc3300_rp0.05_mr1.14E-4_ss200.fa	long_content_30k_002	890	29902
long_content_30k_002/lc30k002_1944_gc3300_rp0.10_mr1.14E-4_ss100.fa	long_content_30k_002	1658	29902
long_content_30k_002/lc30k002_1945_gc3300_rp0.05_mr1.14E-4_ss100.fa	long_content_30k_002	125	29902
long_content_30k_002/lc30k002_1946_gc3300_rp0.07_mr1.14E-4_ss100.fa	long_content_30k_002	187	29902
long_content_30k_002/lc30k002_1947_gc3300_rp0.10_mr1.14E-4_ss200.fa	long_content_30k_002	426	29902
long_content_30k_002/lc30k002_1948_gc3300_rp0.15_mr1.14E-4_ss100.fa	long_content_30k_002	1112	29902
long_content_30k_002/lc30k002_1949_gc3300_rp0.15_mr1.14E-4_ss200.fa	long_content_30k_002	5601	29902
long_content_30k_002/lc30k002_194_gc3300_rp0.07_mr1.14E-4_ss100.fa	long_content_30k_002	562	29902
long_content_30k_002/lc30k002_1950_gc3300_rp0.07_mr1.14E-4_ss200.fa	long_content_30k_002	2803	29902
long_content_30k_002/lc30k002_1951_gc3300_rp0.05_mr1.14E-4_ss200.fa	long_content_30k_002	227	29902
long_content_30k_002/lc30k002_1952_gc3300_rp0.10_mr1.14E-4_ss100.fa	long_content_30k_002	997	29902
long_content_30k_002/lc30k002_1953_gc3300_rp0.05_mr1.14E-4_ss100.fa	long_content_30k_002	175	29902
long_content_30k_002/lc30k002_1954_gc3300_rp0.07_mr1.14E-4_ss100.fa	long_content_30k_002	88	29902
long_content_30k_002/lc30k002_1955_gc3300_rp0.10_mr1.14E-4_ss200.fa	long_content_30k_002	1380	29902
long_content_30k_002/lc30k002_1956_gc3300_rp0.15_mr1.14E-4_ss100.fa	long_content_30k_002	428	29902
long_content_30k_002/lc30k002_1957_gc3300_rp0.15_mr1.14E-4_ss200.fa	long_content_30k_002	764	29902
long_content_30k_002/lc30k002_1958_gc3300_rp0.07_mr1.14E-4_ss200.fa	long_content_30k_002	158	29902
long_content_30k_002/lc30k002_1959_gc3300_rp0.05_mr1.14E-4_ss200.fa	long_content_30k_002	92	29902
long_content_30k_002/lc30k002_195_gc3300_rp0.10_mr1.14E-4_ss200.fa	long_content_30k_002	2699	29902
long_content_30k_002/lc30k002_1960_gc3300_rp0.10_mr1.14E-4_ss100.fa	long_content_30k_002	508	29902
long_content_30k_002/lc30k002_1961_gc3300_rp0.05_mr1.14E-4_ss100.fa	long_content_30k_002	610	29902
long_content_30k_002/lc30k002_1962_gc3300_rp0.07_mr1.14E-4_ss100.fa	long_content_30k_002	564	29902
long_content_30k_002/lc30k002_1963_gc3300_rp0.10_mr1.14E-4_ss200.fa	long_content_30k_002	1377	29902
long_content_30k_002/lc30k002_1964_gc3300_rp0.15_mr1.14E-4_ss100.fa	long_content_30k_002	2313	29902
long_content_30k_002/lc30k002_1965_gc3300_rp0.15_mr1.14E-4_ss200.fa	long_content_30k_002	4538	29902
long_content_30k_002/lc30k002_1966_gc3300_rp0.07_mr1.14E-4_ss200.fa	long_content_30k_002	512	29902
long_content_30k_002/lc30k002_1967_gc3300_rp0.05_mr1.14E-4_ss200.fa	long_content_30k_002	904	29902
long_content_30k_002/lc30k002_1968_gc3300_rp0.10_mr1.14E-4_ss100.fa	long_content_30k_002	679	29902
long_content_30k_002/lc30k002_1969_gc3300_rp0.05_mr1.14E-4_ss100.fa	long_content_30k_002	9	29902
long_content_30k_002/lc30k002_196_gc3300_rp0.15_mr1.14E-4_ss100.fa	long_content_30k_002	1685	29902
long_content_30k_002/lc30k002_1970_gc3300_rp0.07_mr1.14E-4_ss100.fa	long_content_30k_002	370	29902
long_content_30k_002/lc30k002_1971_gc3300_rp0.10_mr1.14E-4_ss200.fa	long_content_30k_002	461	29902
long_content_30k_002/lc30k002_1972_gc3300_rp0.15_mr1.14E-4_ss100.fa	long_content_30k_002	654	29902
long_content_30k_002/lc30k002_1973_gc3300_rp0.15_mr1.14E-4_ss200.fa	long_content_30k_002	1917	29902
long_content_30k_002/lc30k002_1974_gc3300_rp0.07_mr1.14E-4_ss200.fa	long_content_30k_002	919	29902
long_content_30k_002/lc30k002_1975_gc3300_rp0.05_mr1.14E-4_ss200.fa	long_content_30k_002	305	29902
long_content_30k_002/lc30k002_1976_gc3300_rp0.10_mr1.14E-4_ss100.fa	long_content_30k_002	379	29902
long_content_30k_002/lc30k002_1977_gc3300_rp0.05_mr1.14E-4_ss100.fa	long_content_30k_002	240	29902
long_content_30k_002/lc30k002_1978_gc3300_rp0.07_mr1.14E-4_ss100.fa	long_content_30k_002	136	29902
long_content_30k_002/lc30k002_1979_gc3300_rp0.10_mr1.14E-4_ss200.fa	long_content_30k_002	2716	29902
long_content_30k_002/lc30k002_197_gc3300_rp0.15_mr1.14E-4_ss200.fa	long_content_30k_002	896	29902
long_content_30k_002/lc30k002_1980_gc3300_rp0.15_mr1.14E-4_ss100.fa	long_content_30k_002	612	29902
long_content_30k_002/lc30k002_1981_gc3300_rp0.15_mr1.14E-4_ss200.fa	long_content_30k_002	3305	29902
long_content_30k_002/lc30k002_1982_gc3300_rp0.07_mr1.14E-4_ss200.fa	long_content_30k_002	895	29902
long_content_30k_002/lc30k002_1983_gc3300_rp0.05_mr1.14E-4_ss200.fa	long_content_30k_002	140	29902
long_content_30k_002/lc30k002_1984_gc3300_rp0.10_mr1.14E-4_ss100.fa	long_content_30k_002	1299	29902
long_content_30k_002/lc30k002_1985_gc3300_rp0.05_mr1.14E-4_ss100.fa	long_content_30k_002	145	29902
long_content_30k_002/lc30k002_1986_gc3300_rp0.07_mr1.14E-4_ss100.fa	long_content_30k_002	87	28335
long_content_30k_002/lc30k002_1987_gc3300_rp0.10_mr1.14E-4_ss200.fa	long_content_30k_002	960	29902
long_content_30k_002/lc30k002_1988_gc3300_rp0.15_mr1.14E-4_ss100.fa	long_content_30k_002	2185	29902
long_content_30k_002/lc30k002_1989_gc3300_rp0.15_mr1.14E-4_ss200.fa	long_content_30k_002	3985	29902
long_content_30k_002/lc30k002_198_gc3300_rp0.07_mr1.14E-4_ss200.fa	long_content_30k_002	748	29902
long_content_30k_002/lc30k002_1990_gc3300_rp0.07_mr1.14E-4_ss200.fa	long_content_30k_002	1496	29902
long_content_30k_002/lc30k002_1991_gc3300_rp0.05_mr1.14E-4_ss200.fa	long_content_30k_002	1340	29902
long_content_30k_002/lc30k002_1992_gc3300_rp0.10_mr1.14E-4_ss100.fa	long_content_30k_002	1618	29902
long_content_30k_002/lc30k002_1993_gc3300_rp0.05_mr1.14E-4_ss100.fa	long_content_30k_002	36	29902
long_content_30k_002/lc30k002_1994_gc3300_rp0.07_mr1.14E-4_ss100.fa	long_content_30k_002	395	29902
long_content_30k_002/lc30k002_1995_gc3300_rp0.10_mr1.14E-4_ss200.fa	long_content_30k_002	1097	29902
long_content_30k_002/lc30k002_1996_gc3300_rp0.15_mr1.14E-4_ss100.fa	long_content_30k_002	1849	29902
long_content_30k_002/lc30k002_1997_gc3300_rp0.15_mr1.14E-4_ss200.fa	long_content_30k_002	192	29902
long_content_30k_002/lc30k002_1998_gc3300_rp0.07_mr1.14E-4_ss200.fa	long_content_30k_002	351	29902
long_content_30k_002/lc30k002_1999_gc3300_rp0.05_mr1.14E-4_ss200.fa	long_content_30k_002	1605	29902
long_content_30k_002/lc30k002_199_gc3300_rp0.05_mr1.14E-4_ss200.fa	long_content_30k_002	159	29902
long_content_30k_002/lc30k002_2000_gc3300_rp0.10_mr1.14E-4_ss100.fa	long_content_30k_002	283	29902
long_content_30k_002/lc30k002_2001_gc3300_rp0.05_mr1.14E-4_ss100.fa	long_content_30k_002	34	27090
long_content_30k_002/lc30k002_2002_gc3300_rp0.07_mr1.14E-4_ss100.fa	long_content_30k_002	184	29902
long_content_30k_002/lc30k002_2003_gc3300_rp0.10_mr1.14E-4_ss200.fa	long_content_30k_002	3227	29902
long_content_30k_002/lc30k002_2004_gc3300_rp0.15_mr1.14E-4_ss100.fa	long_content_30k_002	386	29902
long_content_30k_002/lc30k002_2005_gc3300_rp0.15_mr1.14E-4_ss200.fa	long_content_30k_002	3798	29902
long_content_30k_002/lc30k002_2006_gc3300_rp0.07_mr1.14E-4_ss200.fa	long_content_30k_002	1421	29902
long_content_30k_002/lc30k002_2007_gc3300_rp0.05_mr1.14E-4_ss200.fa	long_content_30k_002	2375	29902
long_content_30k_002/lc30k002_2008_gc3300_rp0.10_mr1.14E-4_ss100.fa	long_content_30k_002	579	29902
long_content_30k_002/lc30k002_2009_gc3300_rp0.05_mr1.14E-4_ss100.fa	long_content_30k_002	568	29902
long_content_30k_002/lc30k002_200_gc3300_rp0.10_mr1.14E-4_ss100.fa	long_content_30k_002	484	29902
long_content_30k_002/lc30k002_2010_gc3300_rp0.07_mr1.14E-4_ss100.fa	long_content_30k_002	285	29902
long_content_30k_002/lc30k002_2011_gc3300_rp0.10_mr1.14E-4_ss200.fa	long_content_30k_002	1523	29902
long_content_30k_002/lc30k002_2012_gc3300_rp0.15_mr1.14E-4_ss100.fa	long_content_30k_002	1230	29902
long_content_30k_002/lc30k002_2013_gc3300_rp0.15_mr1.14E-4_ss200.fa	long_content_30k_002	2448	29902
long_content_30k_002/lc30k002_2014_gc3300_rp0.07_mr1.14E-4_ss200.fa	long_content_30k_002	202	29902
long_content_30k_002/lc30k002_2015_gc3300_rp0.05_mr1.14E-4_ss200.fa	long_content_30k_002	264	29902
long_content_30k_002/lc30k002_2016_gc3300_rp0.10_mr1.14E-4_ss100.fa	long_content_30k_002	1393	29902
long_content_30k_002/lc30k002_2017_gc3300_rp0.05_mr1.14E-4_ss100.fa	long_content_30k_002	119	29902
long_content_30k_002/lc30k002_2018_gc3300_rp0.07_mr1.14E-4_ss100.fa	long_content_30k_002	221	29902
long_content_30k_002/lc30k002_2019_gc3300_rp0.10_mr1.14E-4_ss200.fa	long_content_30k_002	967	29902
long_content_30k_002/lc30k002_201_gc3300_rp0.05_mr1.14E-4_ss100.fa	long_content_30k_002	834	29902
long_content_30k_002/lc30k002_2020_gc3300_rp0.15_mr1.14E-4_ss100.fa	long_content_30k_002	687	29902
long_content_30k_002/lc30k002_2021_gc3300_rp0.15_mr1.14E-4_ss200.fa	long_content_30k_002	2775	29902
long_content_30k_002/lc30k002_2022_gc3300_rp0.07_mr1.14E-4_ss200.fa	long_content_30k_002	748	29902
long_content_30k_002/lc30k002_2023_gc3300_rp0.05_mr1.14E-4_ss200.fa	long_content_30k_002	900	29902
long_content_30k_002/lc30k002_2024_gc3300_rp0.10_mr1.14E-4_ss100.fa	long_content_30k_002	278	29902
long_content_30k_002/lc30k002_2025_gc3300_rp0.05_mr1.14E-4_ss100.fa	long_content_30k_002	249	29902
long_content_30k_002/lc30k002_2026_gc3300_rp0.07_mr1.14E-4_ss100.fa	long_content_30k_002	148	29902
long_content_30k_002/lc30k002_2027_gc3300_rp0.10_mr1.14E-4_ss200.fa	long_content_30k_002	893	29902
long_content_30k_002/lc30k002_2028_gc3300_rp0.15_mr1.14E-4_ss100.fa	long_content_30k_002	803	29902
long_content_30k_002/lc30k002_2029_gc3300_rp0.15_mr1.14E-4_ss200.fa	long_content_30k_002	2380	29902
long_content_30k_002/lc30k002_202_gc3300_rp0.07_mr1.14E-4_ss100.fa	long_content_30k_002	87	29902
long_content_30k_002/lc30k002_2030_gc3300_rp0.07_mr1.14E-4_ss200.fa	long_content_30k_002	264	29902
long_content_30k_002/lc30k002_2031_gc3300_rp0.05_mr1.14E-4_ss200.fa	long_content_30k_002	1254	29902
long_content_30k_002/lc30k002_2032_gc3300_rp0.10_mr1.14E-4_ss100.fa	long_content_30k_002	1332	29902
long_content_30k_002/lc30k002_2033_gc3300_rp0.05_mr1.14E-4_ss100.fa	long_content_30k_002	151	29902
long_content_30k_002/lc30k002_2034_gc3300_rp0.07_mr1.14E-4_ss100.fa	long_content_30k_002	689	29902
long_content_30k_002/lc30k002_2035_gc3300_rp0.10_mr1.14E-4_ss200.fa	long_content_30k_002	1636	29902
long_content_30k_002/lc30k002_2036_gc3300_rp0.15_mr1.14E-4_ss100.fa	long_content_30k_002	821	29902
long_content_30k_002/lc30k002_2037_gc3300_rp0.15_mr1.14E-4_ss200.fa	long_content_30k_002	1924	29902
long_content_30k_002/lc30k002_2038_gc3300_rp0.07_mr1.14E-4_ss200.fa	long_content_30k_002	1863	29902
long_content_30k_002/lc30k002_2039_gc3300_rp0.05_mr1.14E-4_ss200.fa	long_content_30k_002	89	29902
long_content_30k_002/lc30k002_203_gc3300_rp0.10_mr1.14E-4_ss200.fa	long_content_30k_002	1789	29902
long_content_30k_002/lc30k002_2040_gc3300_rp0.10_mr1.14E-4_ss100.fa	long_content_30k_002	1055	29902
long_content_30k_002/lc30k002_2041_gc3300_rp0.05_mr1.14E-4_ss100.fa	long_content_30k_002	1039	29902
long_content_30k_002/lc30k002_2042_gc3300_rp0.07_mr1.14E-4_ss100.fa	long_content_30k_002	436	29902
long_content_30k_002/lc30k002_2043_gc3300_rp0.10_mr1.14E-4_ss200.fa	long_content_30k_002	1564	29902
long_content_30k_002/lc30k002_2044_gc3300_rp0.15_mr1.14E-4_ss100.fa	long_content_30k_002	1126	29902
long_content_30k_002/lc30k002_2045_gc3300_rp0.15_mr1.14E-4_ss200.fa	long_content_30k_002	1318	29902
long_content_30k_002/lc30k002_2046_gc3300_rp0.07_mr1.14E-4_ss200.fa	long_content_30k_002	1484	29902
long_content_30k_002/lc30k002_2047_gc3300_rp0.05_mr1.14E-4_ss200.fa	long_content_30k_002	742	29902
long_content_30k_002/lc30k002_2048_gc3300_rp0.10_mr1.14E-4_ss100.fa	long_content_30k_002	542	29902
long_content_30k_002/lc30k002_2049_gc3300_rp0.05_mr1.14E-4_ss100.fa	long_content_30k_002	126	29902
long_content_30k_002/lc30k002_204_gc3300_rp0.15_mr1.14E-4_ss100.fa	long_content_30k_002	1374	29902
long_content_30k_002/lc30k002_2050_gc3300_rp0.07_mr1.14E-4_ss100.fa	long_content_30k_002	395	29902
long_content_30k_002/lc30k002_2051_gc3300_rp0.10_mr1.14E-4_ss200.fa	long_content_30k_002	662	29902
long_content_30k_002/lc30k002_2052_gc3300_rp0.15_mr1.14E-4_ss100.fa	long_content_30k_002	993	29902
long_content_30k_002/lc30k002_2053_gc3300_rp0.15_mr1.14E-4_ss200.fa	long_content_30k_002	1079	29902
long_content_30k_002/lc30k002_2054_gc3300_rp0.07_mr1.14E-4_ss200.fa	long_content_30k_002	1119	29902
long_content_30k_002/lc30k002_2055_gc3300_rp0.05_mr1.14E-4_ss200.fa	long_content_30k_002	552	29902
long_content_30k_002/lc30k002_2056_gc3300_rp0.10_mr1.14E-4_ss100.fa	long_content_30k_002	520	29902
long_content_30k_002/lc30k002_2057_gc3300_rp0.05_mr1.14E-4_ss100.fa	long_content_30k_002	208	29902
long_content_30k_002/lc30k002_2058_gc3300_rp0.07_mr1.14E-4_ss100.fa	long_content_30k_002	488	29902
long_content_30k_002/lc30k002_2059_gc3300_rp0.10_mr1.14E-4_ss200.fa	long_content_30k_002	1519	29902
long_content_30k_002/lc30k002_205_gc3300_rp0.15_mr1.14E-4_ss200.fa	long_content_30k_002	959	29902
long_content_30k_002/lc30k002_2060_gc3300_rp0.15_mr1.14E-4_ss100.fa	long_content_30k_002	940	29902
long_content_30k_002/lc30k002_2061_gc3300_rp0.15_mr1.14E-4_ss200.fa	long_content_30k_002	2939	29902
long_content_30k_002/lc30k002_2062_gc3300_rp0.07_mr1.14E-4_ss200.fa	long_content_30k_002	1932	29902
long_content_30k_002/lc30k002_2063_gc3300_rp0.05_mr1.14E-4_ss200.fa	long_content_30k_002	586	29902
long_content_30k_002/lc30k002_2064_gc3300_rp0.10_mr1.14E-4_ss100.fa	long_content_30k_002	1000	29902
long_content_30k_002/lc30k002_2065_gc3300_rp0.05_mr1.14E-4_ss100.fa	long_content_30k_002	369	29902
long_content_30k_002/lc30k002_2066_gc3300_rp0.07_mr1.14E-4_ss100.fa	long_content_30k_002	354	27414
long_content_30k_002/lc30k002_2067_gc3300_rp0.10_mr1.14E-4_ss200.fa	long_content_30k_002	1440	29902
long_content_30k_002/lc30k002_2068_gc3300_rp0.15_mr1.14E-4_ss100.fa	long_content_30k_002	240	29902
long_content_30k_002/lc30k002_2069_gc3300_rp0.15_mr1.14E-4_ss200.fa	long_content_30k_002	1830	29902
long_content_30k_002/lc30k002_206_gc3300_rp0.07_mr1.14E-4_ss200.fa	long_content_30k_002	1609	29902
long_content_30k_002/lc30k002_2070_gc3300_rp0.07_mr1.14E-4_ss200.fa	long_content_30k_002	3306	29902
long_content_30k_002/lc30k002_2071_gc3300_rp0.05_mr1.14E-4_ss200.fa	long_content_30k_002	681	29902
long_content_30k_002/lc30k002_2072_gc3300_rp0.10_mr1.14E-4_ss100.fa	long_content_30k_002	1251	29902
long_content_30k_002/lc30k002_2073_gc3300_rp0.05_mr1.14E-4_ss100.fa	long_content_30k_002	276	29902
long_content_30k_002/lc30k002_2074_gc3300_rp0.07_mr1.14E-4_ss100.fa	long_content_30k_002	394	29902
long_content_30k_002/lc30k002_2075_gc3300_rp0.10_mr1.14E-4_ss200.fa	long_content_30k_002	1015	29902
long_content_30k_002/lc30k002_2076_gc3300_rp0.15_mr1.14E-4_ss100.fa	long_content_30k_002	719	29902
long_content_30k_002/lc30k002_2077_gc3300_rp0.15_mr1.14E-4_ss200.fa	long_content_30k_002	1493	29902
long_content_30k_002/lc30k002_2078_gc3300_rp0.07_mr1.14E-4_ss200.fa	long_content_30k_002	728	29902
long_content_30k_002/lc30k002_2079_gc3300_rp0.05_mr1.14E-4_ss200.fa	long_content_30k_002	43	29902
long_content_30k_002/lc30k002_207_gc3300_rp0.05_mr1.14E-4_ss200.fa	long_content_30k_002	324	28527
long_content_30k_002/lc30k002_2080_gc3300_rp0.10_mr1.14E-4_ss100.fa	long_content_30k_002	452	29902
long_content_30k_002/lc30k002_2081_gc3300_rp0.05_mr1.14E-4_ss100.fa	long_content_30k_002	513	29902
long_content_30k_002/lc30k002_2082_gc3300_rp0.07_mr1.14E-4_ss100.fa	long_content_30k_002	415	29902
long_content_30k_002/lc30k002_2083_gc3300_rp0.10_mr1.14E-4_ss200.fa	long_content_30k_002	1068	29902
long_content_30k_002/lc30k002_2084_gc3300_rp0.15_mr1.14E-4_ss100.fa	long_content_30k_002	934	29902
long_content_30k_002/lc30k002_2085_gc3300_rp0.15_mr1.14E-4_ss200.fa	long_content_30k_002	1353	29902
long_content_30k_002/lc30k002_2086_gc3300_rp0.07_mr1.14E-4_ss200.fa	long_content_30k_002	1277	29902
long_content_30k_002/lc30k002_2087_gc3300_rp0.05_mr1.14E-4_ss200.fa	long_content_30k_002	115	29902
long_content_30k_002/lc30k002_2088_gc3300_rp0.10_mr1.14E-4_ss100.fa	long_content_30k_002	215	29902
long_content_30k_002/lc30k002_2089_gc3300_rp0.05_mr1.14E-4_ss100.fa	long_content_30k_002	452	29902
long_content_30k_002/lc30k002_208_gc3300_rp0.10_mr1.14E-4_ss100.fa	long_content_30k_002	614	29902
long_content_30k_002/lc30k002_2090_gc3300_rp0.07_mr1.14E-4_ss100.fa	long_content_30k_002	687	29902
long_content_30k_002/lc30k002_2091_gc3300_rp0.10_mr1.14E-4_ss200.fa	long_content_30k_002	402	29902
long_content_30k_002/lc30k002_2092_gc3300_rp0.15_mr1.14E-4_ss100.fa	long_content_30k_002	1093	29902
long_content_30k_002/lc30k002_2093_gc3300_rp0.15_mr1.14E-4_ss200.fa	long_content_30k_002	4817	29902
long_content_30k_002/lc30k002_2094_gc3300_rp0.07_mr1.14E-4_ss200.fa	long_content_30k_002	1256	29902
long_content_30k_002/lc30k002_2095_gc3300_rp0.05_mr1.14E-4_ss200.fa	long_content_30k_002	720	29902
long_content_30k_002/lc30k002_2096_gc3300_rp0.10_mr1.14E-4_ss100.fa	long_content_30k_002	1146	29902
long_content_30k_002/lc30k002_2097_gc3300_rp0.05_mr1.14E-4_ss100.fa	long_content_30k_002	230	29902
long_content_30k_002/lc30k002_2098_gc3300_rp0.07_mr1.14E-4_ss100.fa	long_content_30k_002	358	29902
long_content_30k_002/lc30k002_2099_gc3300_rp0.10_mr1.14E-4_ss200.fa	long_content_30k_002	1019	29902
long_content_30k_002/lc30k002_209_gc3300_rp0.05_mr1.14E-4_ss100.fa	long_content_30k_002	69	29902
long_content_30k_002/lc30k002_2100_gc3300_rp0.15_mr1.14E-4_ss100.fa	long_content_30k_002	595	29902
long_content_30k_002/lc30k002_2101_gc3300_rp0.15_mr1.14E-4_ss200.fa	long_content_30k_002	1573	29902
long_content_30k_002/lc30k002_2102_gc3300_rp0.07_mr1.14E-4_ss200.fa	long_content_30k_002	798	29902
long_content_30k_002/lc30k002_2103_gc3300_rp0.05_mr1.14E-4_ss200.fa	long_content_30k_002	779	29902
long_content_30k_002/lc30k002_2104_gc3300_rp0.10_mr1.14E-4_ss100.fa	long_content_30k_002	298	29902
long_content_30k_002/lc30k002_2105_gc3300_rp0.05_mr1.14E-4_ss100.fa	long_content_30k_002	223	29902
long_content_30k_002/lc30k002_2106_gc3300_rp0.07_mr1.14E-4_ss100.fa	long_content_30k_002	372	29902
long_content_30k_002/lc30k002_2107_gc3300_rp0.10_mr1.14E-4_ss200.fa	long_content_30k_002	1080	29902
long_content_30k_002/lc30k002_2108_gc3300_rp0.15_mr1.14E-4_ss100.fa	long_content_30k_002	1571	29902
long_content_30k_002/lc30k002_2109_gc3300_rp0.15_mr1.14E-4_ss200.fa	long_content_30k_002	1555	29902
long_content_30k_002/lc30k002_210_gc3300_rp0.07_mr1.14E-4_ss100.fa	long_content_30k_002	590	29902
long_content_30k_002/lc30k002_2110_gc3300_rp0.07_mr1.14E-4_ss200.fa	long_content_30k_002	1596	29902
long_content_30k_002/lc30k002_2111_gc3300_rp0.05_mr1.14E-4_ss200.fa	long_content_30k_002	563	29902
long_content_30k_002/lc30k002_2112_gc3300_rp0.10_mr1.14E-4_ss100.fa	long_content_30k_002	542	29902
long_content_30k_002/lc30k002_2113_gc3300_rp0.05_mr1.14E-4_ss100.fa	long_content_30k_002	148	29902
long_content_30k_002/lc30k002_2114_gc3300_rp0.07_mr1.14E-4_ss100.fa	long_content_30k_002	631	29902
long_content_30k_002/lc30k002_2115_gc3300_rp0.10_mr1.14E-4_ss200.fa	long_content_30k_002	3189	29902
long_content_30k_002/lc30k002_2116_gc3300_rp0.15_mr1.14E-4_ss100.fa	long_content_30k_002	744	29902
long_content_30k_002/lc30k002_2117_gc3300_rp0.15_mr1.14E-4_ss200.fa	long_content_30k_002	380	29902
long_content_30k_002/lc30k002_2118_gc3300_rp0.07_mr1.14E-4_ss200.fa	long_content_30k_002	657	29902
long_content_30k_002/lc30k002_2119_gc3300_rp0.05_mr1.14E-4_ss200.fa	long_content_30k_002	75	29902
long_content_30k_002/lc30k002_211_gc3300_rp0.10_mr1.14E-4_ss200.fa	long_content_30k_002	746	29902
long_content_30k_002/lc30k002_2120_gc3300_rp0.10_mr1.14E-4_ss100.fa	long_content_30k_002	1527	29902
long_content_30k_002/lc30k002_2121_gc3300_rp0.05_mr1.14E-4_ss100.fa	long_content_30k_002	414	29902
long_content_30k_002/lc30k002_2122_gc3300_rp0.07_mr1.14E-4_ss100.fa	long_content_30k_002	593	29902
long_content_30k_002/lc30k002_2123_gc3300_rp0.10_mr1.14E-4_ss200.fa	long_content_30k_002	2137	29902
long_content_30k_002/lc30k002_2124_gc3300_rp0.15_mr1.14E-4_ss100.fa	long_content_30k_002	761	29902
long_content_30k_002/lc30k002_2125_gc3300_rp0.15_mr1.14E-4_ss200.fa	long_content_30k_002	3843	29902
long_content_30k_002/lc30k002_2126_gc3300_rp0.07_mr1.14E-4_ss200.fa	long_content_30k_002	865	29902
long_content_30k_002/lc30k002_2127_gc3300_rp0.05_mr1.14E-4_ss200.fa	long_content_30k_002	599	29902
long_content_30k_002/lc30k002_2128_gc3300_rp0.10_mr1.14E-4_ss100.fa	long_content_30k_002	3342	29902
long_content_30k_002/lc30k002_2129_gc3300_rp0.05_mr1.14E-4_ss100.fa	long_content_30k_002	112	29902
long_content_30k_002/lc30k002_212_gc3300_rp0.15_mr1.14E-4_ss100.fa	long_content_30k_002	1097	29902
long_content_30k_002/lc30k002_2130_gc3300_rp0.07_mr1.14E-4_ss100.fa	long_content_30k_002	726	29902
long_content_30k_002/lc30k002_2131_gc3300_rp0.10_mr1.14E-4_ss200.fa	long_content_30k_002	1739	29902
long_content_30k_002/lc30k002_2132_gc3300_rp0.15_mr1.14E-4_ss100.fa	long_content_30k_002	1895	29902
long_content_30k_002/lc30k002_2133_gc3300_rp0.15_mr1.14E-4_ss200.fa	long_content_30k_002	5774	29902
long_content_30k_002/lc30k002_2134_gc3300_rp0.07_mr1.14E-4_ss200.fa	long_content_30k_002	289	29902
long_content_30k_002/lc30k002_2135_gc3300_rp0.05_mr1.14E-4_ss200.fa	long_content_30k_002	17	29902
long_content_30k_002/lc30k002_2136_gc3300_rp0.10_mr1.14E-4_ss100.fa	long_content_30k_002	114	29902
long_content_30k_002/lc30k002_2137_gc3300_rp0.05_mr1.14E-4_ss100.fa	long_content_30k_002	63	29902
long_content_30k_002/lc30k002_2138_gc3300_rp0.07_mr1.14E-4_ss100.fa	long_content_30k_002	41	29902
long_content_30k_002/lc30k002_2139_gc3300_rp0.10_mr1.14E-4_ss200.fa	long_content_30k_002	913	29902
long_content_30k_002/lc30k002_213_gc3300_rp0.15_mr1.14E-4_ss200.fa	long_content_30k_002	553	29902
long_content_30k_002/lc30k002_2140_gc3300_rp0.15_mr1.14E-4_ss100.fa	long_content_30k_002	667	29902
long_content_30k_002/lc30k002_2141_gc3300_rp0.15_mr1.14E-4_ss200.fa	long_content_30k_002	1445	29902
long_content_30k_002/lc30k002_2142_gc3300_rp0.07_mr1.14E-4_ss200.fa	long_content_30k_002	148	29902
long_content_30k_002/lc30k002_2143_gc3300_rp0.05_mr1.14E-4_ss200.fa	long_content_30k_002	38	27258
long_content_30k_002/lc30k002_2144_gc3300_rp0.10_mr1.14E-4_ss100.fa	long_content_30k_002	1498	29902
long_content_30k_002/lc30k002_2145_gc3300_rp0.05_mr1.14E-4_ss100.fa	long_content_30k_002	461	29902
long_content_30k_002/lc30k002_2146_gc3300_rp0.07_mr1.14E-4_ss100.fa	long_content_30k_002	217	29902
long_content_30k_002/lc30k002_2147_gc3300_rp0.10_mr1.14E-4_ss200.fa	long_content_30k_002	1531	29902
long_content_30k_002/lc30k002_2148_gc3300_rp0.15_mr1.14E-4_ss100.fa	long_content_30k_002	1922	29902
long_content_30k_002/lc30k002_2149_gc3300_rp0.15_mr1.14E-4_ss200.fa	long_content_30k_002	3477	29902
long_content_30k_002/lc30k002_214_gc3300_rp0.07_mr1.14E-4_ss200.fa	long_content_30k_002	148	29902
long_content_30k_002/lc30k002_2150_gc3300_rp0.07_mr1.14E-4_ss200.fa	long_content_30k_002	790	29902
long_content_30k_002/lc30k002_2151_gc3300_rp0.05_mr1.14E-4_ss200.fa	long_content_30k_002	1123	29902
long_content_30k_002/lc30k002_2152_gc3300_rp0.10_mr1.14E-4_ss100.fa	long_content_30k_002	440	29902
long_content_30k_002/lc30k002_2153_gc3300_rp0.05_mr1.14E-4_ss100.fa	long_content_30k_002	73	29902
long_content_30k_002/lc30k002_2154_gc3300_rp0.07_mr1.14E-4_ss100.fa	long_content_30k_002	177	29902
long_content_30k_002/lc30k002_2155_gc3300_rp0.10_mr1.14E-4_ss200.fa	long_content_30k_002	4154	29902
long_content_30k_002/lc30k002_2156_gc3300_rp0.15_mr1.14E-4_ss100.fa	long_content_30k_002	3046	29902
long_content_30k_002/lc30k002_2157_gc3300_rp0.15_mr1.14E-4_ss200.fa	long_content_30k_002	855	29902
long_content_30k_002/lc30k002_2158_gc3300_rp0.07_mr1.14E-4_ss200.fa	long_content_30k_002	261	29902
long_content_30k_002/lc30k002_2159_gc3300_rp0.05_mr1.14E-4_ss200.fa	long_content_30k_002	296	29902
long_content_30k_002/lc30k002_215_gc3300_rp0.05_mr1.14E-4_ss200.fa	long_content_30k_002	158	29902
long_content_30k_002/lc30k002_2160_gc3300_rp0.10_mr1.14E-4_ss100.fa	long_content_30k_002	274	29902
long_content_30k_002/lc30k002_2161_gc3300_rp0.05_mr1.14E-4_ss100.fa	long_content_30k_002	908	29902
long_content_30k_002/lc30k002_2162_gc3300_rp0.07_mr1.14E-4_ss100.fa	long_content_30k_002	1321	29902
long_content_30k_002/lc30k002_2163_gc3300_rp0.10_mr1.14E-4_ss200.fa	long_content_30k_002	2823	29902
long_content_30k_002/lc30k002_2164_gc3300_rp0.15_mr1.14E-4_ss100.fa	long_content_30k_002	1097	29902
long_content_30k_002/lc30k002_2165_gc3300_rp0.15_mr1.14E-4_ss200.fa	long_content_30k_002	3840	29902
long_content_30k_002/lc30k002_2166_gc3300_rp0.07_mr1.14E-4_ss200.fa	long_content_30k_002	373	29902
long_content_30k_002/lc30k002_2167_gc3300_rp0.05_mr1.14E-4_ss200.fa	long_content_30k_002	1013	29902
long_content_30k_002/lc30k002_2168_gc3300_rp0.10_mr1.14E-4_ss100.fa	long_content_30k_002	1746	29902
long_content_30k_002/lc30k002_2169_gc3300_rp0.05_mr1.14E-4_ss100.fa	long_content_30k_002	224	29902
long_content_30k_002/lc30k002_216_gc3300_rp0.10_mr1.14E-4_ss100.fa	long_content_30k_002	92	29902
long_content_30k_002/lc30k002_2170_gc3300_rp0.07_mr1.14E-4_ss100.fa	long_content_30k_002	371	29902
long_content_30k_002/lc30k002_2171_gc3300_rp0.10_mr1.14E-4_ss200.fa	long_content_30k_002	1645	29902
long_content_30k_002/lc30k002_2172_gc3300_rp0.15_mr1.14E-4_ss100.fa	long_content_30k_002	2010	29902
long_content_30k_002/lc30k002_2173_gc3300_rp0.15_mr1.14E-4_ss200.fa	long_content_30k_002	3076	29902
long_content_30k_002/lc30k002_2174_gc3300_rp0.07_mr1.14E-4_ss200.fa	long_content_30k_002	516	29902
long_content_30k_002/lc30k002_2175_gc3300_rp0.05_mr1.14E-4_ss200.fa	long_content_30k_002	615	29902
long_content_30k_002/lc30k002_2176_gc3300_rp0.10_mr1.14E-4_ss100.fa	long_content_30k_002	564	29902
long_content_30k_002/lc30k002_2177_gc3300_rp0.05_mr1.14E-4_ss100.fa	long_content_30k_002	264	29902
long_content_30k_002/lc30k002_2178_gc3300_rp0.07_mr1.14E-4_ss100.fa	long_content_30k_002	967	29902
long_content_30k_002/lc30k002_2179_gc3300_rp0.10_mr1.14E-4_ss200.fa	long_content_30k_002	952	29902
long_content_30k_002/lc30k002_217_gc3300_rp0.05_mr1.14E-4_ss100.fa	long_content_30k_002	57	29902
long_content_30k_002/lc30k002_2180_gc3300_rp0.15_mr1.14E-4_ss100.fa	long_content_30k_002	293	29902
long_content_30k_002/lc30k002_2181_gc3300_rp0.15_mr1.14E-4_ss200.fa	long_content_30k_002	4626	29902
long_content_30k_002/lc30k002_2182_gc3300_rp0.07_mr1.14E-4_ss200.fa	long_content_30k_002	432	29902
long_content_30k_002/lc30k002_2183_gc3300_rp0.05_mr1.14E-4_ss200.fa	long_content_30k_002	854	29902
long_content_30k_002/lc30k002_2184_gc3300_rp0.10_mr1.14E-4_ss100.fa	long_content_30k_002	732	29902
long_content_30k_002/lc30k002_2185_gc3300_rp0.05_mr1.14E-4_ss100.fa	long_content_30k_002	44	29902
long_content_30k_002/lc30k002_2186_gc3300_rp0.07_mr1.14E-4_ss100.fa	long_content_30k_002	1373	29902
long_content_30k_002/lc30k002_2187_gc3300_rp0.10_mr1.14E-4_ss200.fa	long_content_30k_002	2388	29902
long_content_30k_002/lc30k002_2188_gc3300_rp0.15_mr1.14E-4_ss100.fa	long_content_30k_002	1284	29902
long_content_30k_002/lc30k002_2189_gc3300_rp0.15_mr1.14E-4_ss200.fa	long_content_30k_002	2071	29902
long_content_30k_002/lc30k002_218_gc3300_rp0.07_mr1.14E-4_ss100.fa	long_content_30k_002	1177	29902
long_content_30k_002/lc30k002_2190_gc3300_rp0.07_mr1.14E-4_ss200.fa	long_content_30k_002	360	29902
long_content_30k_002/lc30k002_2191_gc3300_rp0.05_mr1.14E-4_ss200.fa	long_content_30k_002	68	29902
long_content_30k_002/lc30k002_2192_gc3300_rp0.10_mr1.14E-4_ss100.fa	long_content_30k_002	84	29902
long_content_30k_002/lc30k002_2193_gc3300_rp0.05_mr1.14E-4_ss100.fa	long_content_30k_002	133	29902
long_content_30k_002/lc30k002_2194_gc3300_rp0.07_mr1.14E-4_ss100.fa	long_content_30k_002	1175	29902
long_content_30k_002/lc30k002_2195_gc3300_rp0.10_mr1.14E-4_ss200.fa	long_content_30k_002	487	29902
long_content_30k_002/lc30k002_2196_gc3300_rp0.15_mr1.14E-4_ss100.fa	long_content_30k_002	252	29902
long_content_30k_002/lc30k002_2197_gc3300_rp0.15_mr1.14E-4_ss200.fa	long_content_30k_002	7935	29902
long_content_30k_002/lc30k002_2198_gc3300_rp0.07_mr1.14E-4_ss200.fa	long_content_30k_002	549	29902
long_content_30k_002/lc30k002_2199_gc3300_rp0.05_mr1.14E-4_ss200.fa	long_content_30k_002	503	29902
long_content_30k_002/lc30k002_219_gc3300_rp0.10_mr1.14E-4_ss200.fa	long_content_30k_002	715	29902
long_content_30k_002/lc30k002_2200_gc3300_rp0.10_mr1.14E-4_ss100.fa	long_content_30k_002	440	29902
long_content_30k_002/lc30k002_2201_gc3300_rp0.05_mr1.14E-4_ss100.fa	long_content_30k_002	234	29902
long_content_30k_002/lc30k002_2202_gc3300_rp0.07_mr1.14E-4_ss100.fa	long_content_30k_002	1591	29902
long_content_30k_002/lc30k002_2203_gc3300_rp0.10_mr1.14E-4_ss200.fa	long_content_30k_002	2592	29902
long_content_30k_002/lc30k002_2204_gc3300_rp0.15_mr1.14E-4_ss100.fa	long_content_30k_002	731	29902
long_content_30k_002/lc30k002_2205_gc3300_rp0.15_mr1.14E-4_ss200.fa	long_content_30k_002	1738	29902
long_content_30k_002/lc30k002_2206_gc3300_rp0.07_mr1.14E-4_ss200.fa	long_content_30k_002	1240	29902
long_content_30k_002/lc30k002_2207_gc3300_rp0.05_mr1.14E-4_ss200.fa	long_content_30k_002	510	29902
long_content_30k_002/lc30k002_2208_gc3300_rp0.10_mr1.14E-4_ss100.fa	long_content_30k_002	1417	29902
long_content_30k_002/lc30k002_2209_gc3300_rp0.05_mr1.14E-4_ss100.fa	long_content_30k_002	424	29902
long_content_30k_002/lc30k002_220_gc3300_rp0.15_mr1.14E-4_ss100.fa	long_content_30k_002	1694	29902
long_content_30k_002/lc30k002_2210_gc3300_rp0.07_mr1.14E-4_ss100.fa	long_content_30k_002	244	29902
long_content_30k_002/lc30k002_2211_gc3300_rp0.10_mr1.14E-4_ss200.fa	long_content_30k_002	2094	29902
long_content_30k_002/lc30k002_2212_gc3300_rp0.15_mr1.14E-4_ss100.fa	long_content_30k_002	1080	29902
long_content_30k_002/lc30k002_2213_gc3300_rp0.15_mr1.14E-4_ss200.fa	long_content_30k_002	2673	29902
long_content_30k_002/lc30k002_2214_gc3300_rp0.07_mr1.14E-4_ss200.fa	long_content_30k_002	233	29902
long_content_30k_002/lc30k002_2215_gc3300_rp0.05_mr1.14E-4_ss200.fa	long_content_30k_002	156	29902
long_content_30k_002/lc30k002_2216_gc3300_rp0.10_mr1.14E-4_ss100.fa	long_content_30k_002	221	29902
long_content_30k_002/lc30k002_2217_gc3300_rp0.05_mr1.14E-4_ss100.fa	long_content_30k_002	201	29902
long_content_30k_002/lc30k002_2218_gc3300_rp0.07_mr1.14E-4_ss100.fa	long_content_30k_002	1103	29902
long_content_30k_002/lc30k002_2219_gc3300_rp0.10_mr1.14E-4_ss200.fa	long_content_30k_002	3052	29902
long_content_30k_002/lc30k002_221_gc3300_rp0.15_mr1.14E-4_ss200.fa	long_content_30k_002	3256	29902
long_content_30k_002/lc30k002_2220_gc3300_rp0.15_mr1.14E-4_ss100.fa	long_content_30k_002	768	29902
long_content_30k_002/lc30k002_2221_gc3300_rp0.15_mr1.14E-4_ss200.fa	long_content_30k_002	2581	29902
long_content_30k_002/lc30k002_2222_gc3300_rp0.07_mr1.14E-4_ss200.fa	long_content_30k_002	561	29902
long_content_30k_002/lc30k002_2223_gc3300_rp0.05_mr1.14E-4_ss200.fa	long_content_30k_002	431	29902
long_content_30k_002/lc30k002_2224_gc3300_rp0.10_mr1.14E-4_ss100.fa	long_content_30k_002	565	29902
long_content_30k_002/lc30k002_2225_gc3300_rp0.05_mr1.14E-4_ss100.fa	long_content_30k_002	39	29902
long_content_30k_002/lc30k002_2226_gc3300_rp0.07_mr1.14E-4_ss100.fa	long_content_30k_002	296	29902
long_content_30k_002/lc30k002_2227_gc3300_rp0.10_mr1.14E-4_ss200.fa	long_content_30k_002	1356	29902
long_content_30k_002/lc30k002_2228_gc3300_rp0.15_mr1.14E-4_ss100.fa	long_content_30k_002	1198	29902
long_content_30k_002/lc30k002_2229_gc3300_rp0.15_mr1.14E-4_ss200.fa	long_content_30k_002	2126	29902
long_content_30k_002/lc30k002_222_gc3300_rp0.07_mr1.14E-4_ss200.fa	long_content_30k_002	903	29902
long_content_30k_002/lc30k002_2230_gc3300_rp0.07_mr1.14E-4_ss200.fa	long_content_30k_002	334	29902
long_content_30k_002/lc30k002_2231_gc3300_rp0.05_mr1.14E-4_ss200.fa	long_content_30k_002	180	29902
long_content_30k_002/lc30k002_2232_gc3300_rp0.10_mr1.14E-4_ss100.fa	long_content_30k_002	1131	29902
long_content_30k_002/lc30k002_2233_gc3300_rp0.05_mr1.14E-4_ss100.fa	long_content_30k_002	424	29902
long_content_30k_002/lc30k002_2234_gc3300_rp0.07_mr1.14E-4_ss100.fa	long_content_30k_002	679	29902
long_content_30k_002/lc30k002_2235_gc3300_rp0.10_mr1.14E-4_ss200.fa	long_content_30k_002	446	29902
long_content_30k_002/lc30k002_2236_gc3300_rp0.15_mr1.14E-4_ss100.fa	long_content_30k_002	564	29902
long_content_30k_002/lc30k002_2237_gc3300_rp0.15_mr1.14E-4_ss200.fa	long_content_30k_002	9355	29902
long_content_30k_002/lc30k002_2238_gc3300_rp0.07_mr1.14E-4_ss200.fa	long_content_30k_002	376	29902
long_content_30k_002/lc30k002_2239_gc3300_rp0.05_mr1.14E-4_ss200.fa	long_content_30k_002	370	29902
long_content_30k_002/lc30k002_223_gc3300_rp0.05_mr1.14E-4_ss200.fa	long_content_30k_002	1232	29902
long_content_30k_002/lc30k002_2240_gc3300_rp0.10_mr1.14E-4_ss100.fa	long_content_30k_002	959	29902
long_content_30k_002/lc30k002_2241_gc3300_rp0.05_mr1.14E-4_ss100.fa	long_content_30k_002	335	29902
long_content_30k_002/lc30k002_2242_gc3300_rp0.07_mr1.14E-4_ss100.fa	long_content_30k_002	292	29902
long_content_30k_002/lc30k002_2243_gc3300_rp0.10_mr1.14E-4_ss200.fa	long_content_30k_002	3133	29902
long_content_30k_002/lc30k002_2244_gc3300_rp0.15_mr1.14E-4_ss100.fa	long_content_30k_002	1510	29902
long_content_30k_002/lc30k002_2245_gc3300_rp0.15_mr1.14E-4_ss200.fa	long_content_30k_002	5214	29902
long_content_30k_002/lc30k002_2246_gc3300_rp0.07_mr1.14E-4_ss200.fa	long_content_30k_002	865	29902
long_content_30k_002/lc30k002_2247_gc3300_rp0.05_mr1.14E-4_ss200.fa	long_content_30k_002	466	29902
long_content_30k_002/lc30k002_2248_gc3300_rp0.10_mr1.14E-4_ss100.fa	long_content_30k_002	357	29902
long_content_30k_002/lc30k002_2249_gc3300_rp0.05_mr1.14E-4_ss100.fa	long_content_30k_002	34	29902
long_content_30k_002/lc30k002_224_gc3300_rp0.10_mr1.14E-4_ss100.fa	long_content_30k_002	1057	29902
long_content_30k_002/lc30k002_2250_gc3300_rp0.07_mr1.14E-4_ss100.fa	long_content_30k_002	493	29902
long_content_30k_002/lc30k002_2251_gc3300_rp0.10_mr1.14E-4_ss200.fa	long_content_30k_002	2679	29902
long_content_30k_002/lc30k002_2252_gc3300_rp0.15_mr1.14E-4_ss100.fa	long_content_30k_002	1938	29902
long_content_30k_002/lc30k002_2253_gc3300_rp0.15_mr1.14E-4_ss200.fa	long_content_30k_002	4562	29902
long_content_30k_002/lc30k002_2254_gc3300_rp0.07_mr1.14E-4_ss200.fa	long_content_30k_002	1262	29902
long_content_30k_002/lc30k002_2255_gc3300_rp0.05_mr1.14E-4_ss200.fa	long_content_30k_002	2222	29902
long_content_30k_002/lc30k002_2256_gc3300_rp0.10_mr1.14E-4_ss100.fa	long_content_30k_002	208	29902
long_content_30k_002/lc30k002_2257_gc3300_rp0.05_mr1.14E-4_ss100.fa	long_content_30k_002	80	29902
long_content_30k_002/lc30k002_2258_gc3300_rp0.07_mr1.14E-4_ss100.fa	long_content_30k_002	232	29902
long_content_30k_002/lc30k002_2259_gc3300_rp0.10_mr1.14E-4_ss200.fa	long_content_30k_002	1030	29902
long_content_30k_002/lc30k002_225_gc3300_rp0.05_mr1.14E-4_ss100.fa	long_content_30k_002	238	29902
long_content_30k_002/lc30k002_2260_gc3300_rp0.15_mr1.14E-4_ss100.fa	long_content_30k_002	1023	29902
long_content_30k_002/lc30k002_2261_gc3300_rp0.15_mr1.14E-4_ss200.fa	long_content_30k_002	1508	29902
long_content_30k_002/lc30k002_2262_gc3300_rp0.07_mr1.14E-4_ss200.fa	long_content_30k_002	1149	29902
long_content_30k_002/lc30k002_2263_gc3300_rp0.05_mr1.14E-4_ss200.fa	long_content_30k_002	631	29902
long_content_30k_002/lc30k002_2264_gc3300_rp0.10_mr1.14E-4_ss100.fa	long_content_30k_002	1590	29902
long_content_30k_002/lc30k002_2265_gc3300_rp0.05_mr1.14E-4_ss100.fa	long_content_30k_002	72	29902
long_content_30k_002/lc30k002_2266_gc3300_rp0.07_mr1.14E-4_ss100.fa	long_content_30k_002	270	29902
long_content_30k_002/lc30k002_2267_gc3300_rp0.10_mr1.14E-4_ss200.fa	long_content_30k_002	1835	29902
long_content_30k_002/lc30k002_2268_gc3300_rp0.15_mr1.14E-4_ss100.fa	long_content_30k_002	1553	29902
long_content_30k_002/lc30k002_2269_gc3300_rp0.15_mr1.14E-4_ss200.fa	long_content_30k_002	210	29902
long_content_30k_002/lc30k002_226_gc3300_rp0.07_mr1.14E-4_ss100.fa	long_content_30k_002	301	29902
long_content_30k_002/lc30k002_2270_gc3300_rp0.07_mr1.14E-4_ss200.fa	long_content_30k_002	238	29902
long_content_30k_002/lc30k002_2271_gc3300_rp0.05_mr1.14E-4_ss200.fa	long_content_30k_002	313	29902
long_content_30k_002/lc30k002_2272_gc3300_rp0.10_mr1.14E-4_ss100.fa	long_content_30k_002	1154	29902
long_content_30k_002/lc30k002_2273_gc3300_rp0.05_mr1.14E-4_ss100.fa	long_content_30k_002	346	29902
long_content_30k_002/lc30k002_2274_gc3300_rp0.07_mr1.14E-4_ss100.fa	long_content_30k_002	231	29902
long_content_30k_002/lc30k002_2275_gc3300_rp0.10_mr1.14E-4_ss200.fa	long_content_30k_002	745	29902
long_content_30k_002/lc30k002_2276_gc3300_rp0.15_mr1.14E-4_ss100.fa	long_content_30k_002	4764	29902
long_content_30k_002/lc30k002_2277_gc3300_rp0.15_mr1.14E-4_ss200.fa	long_content_30k_002	3665	29902
long_content_30k_002/lc30k002_2278_gc3300_rp0.07_mr1.14E-4_ss200.fa	long_content_30k_002	83	29902
long_content_30k_002/lc30k002_2279_gc3300_rp0.05_mr1.14E-4_ss200.fa	long_content_30k_002	84	29902
long_content_30k_002/lc30k002_227_gc3300_rp0.10_mr1.14E-4_ss200.fa	long_content_30k_002	1173	29902
long_content_30k_002/lc30k002_2280_gc3300_rp0.10_mr1.14E-4_ss100.fa	long_content_30k_002	1302	29902
long_content_30k_002/lc30k002_2281_gc3300_rp0.05_mr1.14E-4_ss100.fa	long_content_30k_002	781	29902
long_content_30k_002/lc30k002_2282_gc3300_rp0.07_mr1.14E-4_ss100.fa	long_content_30k_002	165	29902
long_content_30k_002/lc30k002_2283_gc3300_rp0.10_mr1.14E-4_ss200.fa	long_content_30k_002	236	29902
long_content_30k_002/lc30k002_2284_gc3300_rp0.15_mr1.14E-4_ss100.fa	long_content_30k_002	3594	29902
long_content_30k_002/lc30k002_2285_gc3300_rp0.15_mr1.14E-4_ss200.fa	long_content_30k_002	1626	29902
long_content_30k_002/lc30k002_2286_gc3300_rp0.07_mr1.14E-4_ss200.fa	long_content_30k_002	526	29902
long_content_30k_002/lc30k002_2287_gc3300_rp0.05_mr1.14E-4_ss200.fa	long_content_30k_002	1417	29902
long_content_30k_002/lc30k002_2288_gc3300_rp0.10_mr1.14E-4_ss100.fa	long_content_30k_002	901	29902
long_content_30k_002/lc30k002_2289_gc3300_rp0.05_mr1.14E-4_ss100.fa	long_content_30k_002	643	29902
long_content_30k_002/lc30k002_228_gc3300_rp0.15_mr1.14E-4_ss100.fa	long_content_30k_002	809	29902
long_content_30k_002/lc30k002_2290_gc3300_rp0.07_mr1.14E-4_ss100.fa	long_content_30k_002	102	29902
long_content_30k_002/lc30k002_2291_gc3300_rp0.10_mr1.14E-4_ss200.fa	long_content_30k_002	1288	29902
long_content_30k_002/lc30k002_2292_gc3300_rp0.15_mr1.14E-4_ss100.fa	long_content_30k_002	111	29902
long_content_30k_002/lc30k002_2293_gc3300_rp0.15_mr1.14E-4_ss200.fa	long_content_30k_002	939	29902
long_content_30k_002/lc30k002_2294_gc3300_rp0.07_mr1.14E-4_ss200.fa	long_content_30k_002	799	29902
long_content_30k_002/lc30k002_2295_gc3300_rp0.05_mr1.14E-4_ss200.fa	long_content_30k_002	1185	29902
long_content_30k_002/lc30k002_2296_gc3300_rp0.10_mr1.14E-4_ss100.fa	long_content_30k_002	846	29902
long_content_30k_002/lc30k002_2297_gc3300_rp0.05_mr1.14E-4_ss100.fa	long_content_30k_002	122	29902
long_content_30k_002/lc30k002_2298_gc3300_rp0.07_mr1.14E-4_ss100.fa	long_content_30k_002	1489	29902
long_content_30k_002/lc30k002_2299_gc3300_rp0.10_mr1.14E-4_ss200.fa	long_content_30k_002	970	29902
long_content_30k_002/lc30k002_229_gc3300_rp0.15_mr1.14E-4_ss200.fa	long_content_30k_002	674	29902
long_content_30k_002/lc30k002_2300_gc3300_rp0.15_mr1.14E-4_ss100.fa	long_content_30k_002	2150	29902
long_content_30k_002/lc30k002_2301_gc3300_rp0.15_mr1.14E-4_ss200.fa	long_content_30k_002	1071	29902
long_content_30k_002/lc30k002_2302_gc3300_rp0.07_mr1.14E-4_ss200.fa	long_content_30k_002	637	29902
long_content_30k_002/lc30k002_2303_gc3300_rp0.05_mr1.14E-4_ss200.fa	long_content_30k_002	325	29902
long_content_30k_002/lc30k002_2304_gc3300_rp0.10_mr1.14E-4_ss100.fa	long_content_30k_002	698	29902
long_content_30k_002/lc30k002_2305_gc3300_rp0.05_mr1.14E-4_ss100.fa	long_content_30k_002	304	29902
long_content_30k_002/lc30k002_2306_gc3300_rp0.07_mr1.14E-4_ss100.fa	long_content_30k_002	503	29902
long_content_30k_002/lc30k002_2307_gc3300_rp0.10_mr1.14E-4_ss200.fa	long_content_30k_002	2552	29902
long_content_30k_002/lc30k002_2308_gc3300_rp0.15_mr1.14E-4_ss100.fa	long_content_30k_002	560	29902
long_content_30k_002/lc30k002_2309_gc3300_rp0.15_mr1.14E-4_ss200.fa	long_content_30k_002	1526	29902
long_content_30k_002/lc30k002_230_gc3300_rp0.07_mr1.14E-4_ss200.fa	long_content_30k_002	2695	29902
long_content_30k_002/lc30k002_2310_gc3300_rp0.07_mr1.14E-4_ss200.fa	long_content_30k_002	1908	29902
long_content_30k_002/lc30k002_2311_gc3300_rp0.05_mr1.14E-4_ss200.fa	long_content_30k_002	134	29902
long_content_30k_002/lc30k002_2312_gc3300_rp0.10_mr1.14E-4_ss100.fa	long_content_30k_002	1804	29902
long_content_30k_002/lc30k002_2313_gc3300_rp0.05_mr1.14E-4_ss100.fa	long_content_30k_002	189	29902
long_content_30k_002/lc30k002_2314_gc3300_rp0.07_mr1.14E-4_ss100.fa	long_content_30k_002	258	29902
long_content_30k_002/lc30k002_2315_gc3300_rp0.10_mr1.14E-4_ss200.fa	long_content_30k_002	334	29902
long_content_30k_002/lc30k002_2316_gc3300_rp0.15_mr1.14E-4_ss100.fa	long_content_30k_002	2165	29902
long_content_30k_002/lc30k002_2317_gc3300_rp0.15_mr1.14E-4_ss200.fa	long_content_30k_002	1945	29902
long_content_30k_002/lc30k002_2318_gc3300_rp0.07_mr1.14E-4_ss200.fa	long_content_30k_002	1713	29902
long_content_30k_002/lc30k002_2319_gc3300_rp0.05_mr1.14E-4_ss200.fa	long_content_30k_002	249	29902
long_content_30k_002/lc30k002_231_gc3300_rp0.05_mr1.14E-4_ss200.fa	long_content_30k_002	415	29902
long_content_30k_002/lc30k002_2320_gc3300_rp0.10_mr1.14E-4_ss100.fa	long_content_30k_002	712	29902
long_content_30k_002/lc30k002_2321_gc3300_rp0.05_mr1.14E-4_ss100.fa	long_content_30k_002	111	29902
long_content_30k_002/lc30k002_2322_gc3300_rp0.07_mr1.14E-4_ss100.fa	long_content_30k_002	216	29902
long_content_30k_002/lc30k002_2323_gc3300_rp0.10_mr1.14E-4_ss200.fa	long_content_30k_002	781	29902
long_content_30k_002/lc30k002_2324_gc3300_rp0.15_mr1.14E-4_ss100.fa	long_content_30k_002	1310	29902
long_content_30k_002/lc30k002_2325_gc3300_rp0.15_mr1.14E-4_ss200.fa	long_content_30k_002	3518	29902
long_content_30k_002/lc30k002_2326_gc3300_rp0.07_mr1.14E-4_ss200.fa	long_content_30k_002	1478	29902
long_content_30k_002/lc30k002_2327_gc3300_rp0.05_mr1.14E-4_ss200.fa	long_content_30k_002	492	29902
long_content_30k_002/lc30k002_2328_gc3300_rp0.10_mr1.14E-4_ss100.fa	long_content_30k_002	866	29902
long_content_30k_002/lc30k002_2329_gc3300_rp0.05_mr1.14E-4_ss100.fa	long_content_30k_002	115	29902
long_content_30k_002/lc30k002_232_gc3300_rp0.10_mr1.14E-4_ss100.fa	long_content_30k_002	392	29902
long_content_30k_002/lc30k002_2330_gc3300_rp0.07_mr1.14E-4_ss100.fa	long_content_30k_002	503	29902
long_content_30k_002/lc30k002_2331_gc3300_rp0.10_mr1.14E-4_ss200.fa	long_content_30k_002	392	29902
long_content_30k_002/lc30k002_2332_gc3300_rp0.15_mr1.14E-4_ss100.fa	long_content_30k_002	927	29902
long_content_30k_002/lc30k002_2333_gc3300_rp0.15_mr1.14E-4_ss200.fa	long_content_30k_002	5676	29902
long_content_30k_002/lc30k002_2334_gc3300_rp0.07_mr1.14E-4_ss200.fa	long_content_30k_002	100	29902
long_content_30k_002/lc30k002_2335_gc3300_rp0.05_mr1.14E-4_ss200.fa	long_content_30k_002	372	29902
long_content_30k_002/lc30k002_2336_gc3300_rp0.10_mr1.14E-4_ss100.fa	long_content_30k_002	884	29902
long_content_30k_002/lc30k002_2337_gc3300_rp0.05_mr1.14E-4_ss100.fa	long_content_30k_002	189	29902
long_content_30k_002/lc30k002_2338_gc3300_rp0.07_mr1.14E-4_ss100.fa	long_content_30k_002	395	29902
long_content_30k_002/lc30k002_2339_gc3300_rp0.10_mr1.14E-4_ss200.fa	long_content_30k_002	2154	29902
long_content_30k_002/lc30k002_233_gc3300_rp0.05_mr1.14E-4_ss100.fa	long_content_30k_002	342	29902
long_content_30k_002/lc30k002_2340_gc3300_rp0.15_mr1.14E-4_ss100.fa	long_content_30k_002	1745	29902
long_content_30k_002/lc30k002_2341_gc3300_rp0.15_mr1.14E-4_ss200.fa	long_content_30k_002	839	29902
long_content_30k_002/lc30k002_2342_gc3300_rp0.07_mr1.14E-4_ss200.fa	long_content_30k_002	2487	29902
long_content_30k_002/lc30k002_2343_gc3300_rp0.05_mr1.14E-4_ss200.fa	long_content_30k_002	577	29902
long_content_30k_002/lc30k002_2344_gc3300_rp0.10_mr1.14E-4_ss100.fa	long_content_30k_002	1325	29902
long_content_30k_002/lc30k002_2345_gc3300_rp0.05_mr1.14E-4_ss100.fa	long_content_30k_002	533	29902
long_content_30k_002/lc30k002_2346_gc3300_rp0.07_mr1.14E-4_ss100.fa	long_content_30k_002	360	29902
long_content_30k_002/lc30k002_2347_gc3300_rp0.10_mr1.14E-4_ss200.fa	long_content_30k_002	1142	29902
long_content_30k_002/lc30k002_2348_gc3300_rp0.15_mr1.14E-4_ss100.fa	long_content_30k_002	1167	29902
long_content_30k_002/lc30k002_2349_gc3300_rp0.15_mr1.14E-4_ss200.fa	long_content_30k_002	3126	29902
long_content_30k_002/lc30k002_234_gc3300_rp0.07_mr1.14E-4_ss100.fa	long_content_30k_002	489	29902
long_content_30k_002/lc30k002_2350_gc3300_rp0.07_mr1.14E-4_ss200.fa	long_content_30k_002	643	29902
long_content_30k_002/lc30k002_2351_gc3300_rp0.05_mr1.14E-4_ss200.fa	long_content_30k_002	10	29902
long_content_30k_002/lc30k002_2352_gc3300_rp0.10_mr1.14E-4_ss100.fa	long_content_30k_002	169	29902
long_content_30k_002/lc30k002_2353_gc3300_rp0.05_mr1.14E-4_ss100.fa	long_content_30k_002	39	29902
long_content_30k_002/lc30k002_2354_gc3300_rp0.07_mr1.14E-4_ss100.fa	long_content_30k_002	159	29902
long_content_30k_002/lc30k002_2355_gc3300_rp0.10_mr1.14E-4_ss200.fa	long_content_30k_002	1230	29902
long_content_30k_002/lc30k002_2356_gc3300_rp0.15_mr1.14E-4_ss100.fa	long_content_30k_002	399	29902
long_content_30k_002/lc30k002_2357_gc3300_rp0.15_mr1.14E-4_ss200.fa	long_content_30k_002	1355	29902
long_content_30k_002/lc30k002_2358_gc3300_rp0.07_mr1.14E-4_ss200.fa	long_content_30k_002	577	29902
long_content_30k_002/lc30k002_2359_gc3300_rp0.05_mr1.14E-4_ss200.fa	long_content_30k_002	1074	29902
long_content_30k_002/lc30k002_235_gc3300_rp0.10_mr1.14E-4_ss200.fa	long_content_30k_002	2223	29902
long_content_30k_002/lc30k002_2360_gc3300_rp0.10_mr1.14E-4_ss100.fa	long_content_30k_002	358	29902
long_content_30k_002/lc30k002_2361_gc3300_rp0.05_mr1.14E-4_ss100.fa	long_content_30k_002	981	29902
long_content_30k_002/lc30k002_2362_gc3300_rp0.07_mr1.14E-4_ss100.fa	long_content_30k_002	420	29902
long_content_30k_002/lc30k002_2363_gc3300_rp0.10_mr1.14E-4_ss200.fa	long_content_30k_002	863	29902
long_content_30k_002/lc30k002_2364_gc3300_rp0.15_mr1.14E-4_ss100.fa	long_content_30k_002	2185	29902
long_content_30k_002/lc30k002_2365_gc3300_rp0.15_mr1.14E-4_ss200.fa	long_content_30k_002	3218	29902
long_content_30k_002/lc30k002_2366_gc3300_rp0.07_mr1.14E-4_ss200.fa	long_content_30k_002	374	29902
long_content_30k_002/lc30k002_2367_gc3300_rp0.05_mr1.14E-4_ss200.fa	long_content_30k_002	113	29902
long_content_30k_002/lc30k002_2368_gc3300_rp0.10_mr1.14E-4_ss100.fa	long_content_30k_002	573	29902
long_content_30k_002/lc30k002_2369_gc3300_rp0.05_mr1.14E-4_ss100.fa	long_content_30k_002	237	29902
long_content_30k_002/lc30k002_236_gc3300_rp0.15_mr1.14E-4_ss100.fa	long_content_30k_002	716	29902
long_content_30k_002/lc30k002_2370_gc3300_rp0.07_mr1.14E-4_ss100.fa	long_content_30k_002	661	29902
long_content_30k_002/lc30k002_2371_gc3300_rp0.10_mr1.14E-4_ss200.fa	long_content_30k_002	1449	29902
long_content_30k_002/lc30k002_2372_gc3300_rp0.15_mr1.14E-4_ss100.fa	long_content_30k_002	1967	29902
long_content_30k_002/lc30k002_2373_gc3300_rp0.15_mr1.14E-4_ss200.fa	long_content_30k_002	1465	29902
long_content_30k_002/lc30k002_2374_gc3300_rp0.07_mr1.14E-4_ss200.fa	long_content_30k_002	1181	29902
long_content_30k_002/lc30k002_2375_gc3300_rp0.05_mr1.14E-4_ss200.fa	long_content_30k_002	639	29902
long_content_30k_002/lc30k002_2376_gc3300_rp0.10_mr1.14E-4_ss100.fa	long_content_30k_002	1018	29902
long_content_30k_002/lc30k002_2377_gc3300_rp0.05_mr1.14E-4_ss100.fa	long_content_30k_002	266	29902
long_content_30k_002/lc30k002_2378_gc3300_rp0.07_mr1.14E-4_ss100.fa	long_content_30k_002	44	28968
long_content_30k_002/lc30k002_2379_gc3300_rp0.10_mr1.14E-4_ss200.fa	long_content_30k_002	1407	29902
long_content_30k_002/lc30k002_237_gc3300_rp0.15_mr1.14E-4_ss200.fa	long_content_30k_002	1202	29902
long_content_30k_002/lc30k002_2380_gc3300_rp0.15_mr1.14E-4_ss100.fa	long_content_30k_002	1229	29902
long_content_30k_002/lc30k002_2381_gc3300_rp0.15_mr1.14E-4_ss200.fa	long_content_30k_002	2641	29902
long_content_30k_002/lc30k002_2382_gc3300_rp0.07_mr1.14E-4_ss200.fa	long_content_30k_002	480	29902
long_content_30k_002/lc30k002_2383_gc3300_rp0.05_mr1.14E-4_ss200.fa	long_content_30k_002	592	29902
long_content_30k_002/lc30k002_2384_gc3300_rp0.10_mr1.14E-4_ss100.fa	long_content_30k_002	407	29902
long_content_30k_002/lc30k002_2385_gc3300_rp0.05_mr1.14E-4_ss100.fa	long_content_30k_002	118	29902
long_content_30k_002/lc30k002_2386_gc3300_rp0.07_mr1.14E-4_ss100.fa	long_content_30k_002	437	29902
long_content_30k_002/lc30k002_2387_gc3300_rp0.10_mr1.14E-4_ss200.fa	long_content_30k_002	201	29902
long_content_30k_002/lc30k002_2388_gc3300_rp0.15_mr1.14E-4_ss100.fa	long_content_30k_002	1267	29902
long_content_30k_002/lc30k002_2389_gc3300_rp0.15_mr1.14E-4_ss200.fa	long_content_30k_002	7896	29902
long_content_30k_002/lc30k002_238_gc3300_rp0.07_mr1.14E-4_ss200.fa	long_content_30k_002	80	29902
long_content_30k_002/lc30k002_2390_gc3300_rp0.07_mr1.14E-4_ss200.fa	long_content_30k_002	1122	29902
long_content_30k_002/lc30k002_2391_gc3300_rp0.05_mr1.14E-4_ss200.fa	long_content_30k_002	489	29902
long_content_30k_002/lc30k002_2392_gc3300_rp0.10_mr1.14E-4_ss100.fa	long_content_30k_002	512	29902
long_content_30k_002/lc30k002_2393_gc3300_rp0.05_mr1.14E-4_ss100.fa	long_content_30k_002	137	26196
long_content_30k_002/lc30k002_2394_gc3300_rp0.07_mr1.14E-4_ss100.fa	long_content_30k_002	258	29902
long_content_30k_002/lc30k002_2395_gc3300_rp0.10_mr1.14E-4_ss200.fa	long_content_30k_002	1297	29902
long_content_30k_002/lc30k002_2396_gc3300_rp0.15_mr1.14E-4_ss100.fa	long_content_30k_002	755	29902
long_content_30k_002/lc30k002_2397_gc3300_rp0.15_mr1.14E-4_ss200.fa	long_content_30k_002	635	29902
long_content_30k_002/lc30k002_2398_gc3300_rp0.07_mr1.14E-4_ss200.fa	long_content_30k_002	523	29902
long_content_30k_002/lc30k002_2399_gc3300_rp0.05_mr1.14E-4_ss200.fa	long_content_30k_002	196	29902
long_content_30k_002/lc30k002_239_gc3300_rp0.05_mr1.14E-4_ss200.fa	long_content_30k_002	1252	29902
long_content_30k_002/lc30k002_2400_gc3300_rp0.10_mr1.14E-4_ss100.fa	long_content_30k_002	945	29902
long_content_30k_002/lc30k002_2401_gc3300_rp0.05_mr1.14E-4_ss100.fa	long_content_30k_002	785	29902
long_content_30k_002/lc30k002_2402_gc3300_rp0.07_mr1.14E-4_ss100.fa	long_content_30k_002	34	29902
long_content_30k_002/lc30k002_2403_gc3300_rp0.10_mr1.14E-4_ss200.fa	long_content_30k_002	1382	29902
long_content_30k_002/lc30k002_2404_gc3300_rp0.15_mr1.14E-4_ss100.fa	long_content_30k_002	2156	29902
long_content_30k_002/lc30k002_2405_gc3300_rp0.15_mr1.14E-4_ss200.fa	long_content_30k_002	961	29902
long_content_30k_002/lc30k002_2406_gc3300_rp0.07_mr1.14E-4_ss200.fa	long_content_30k_002	2521	29902
long_content_30k_002/lc30k002_2407_gc3300_rp0.05_mr1.14E-4_ss200.fa	long_content_30k_002	461	29902
long_content_30k_002/lc30k002_2408_gc3300_rp0.10_mr1.14E-4_ss100.fa	long_content_30k_002	384	29902
long_content_30k_002/lc30k002_2409_gc3300_rp0.05_mr1.14E-4_ss100.fa	long_content_30k_002	182	29902
long_content_30k_002/lc30k002_240_gc3300_rp0.10_mr1.14E-4_ss100.fa	long_content_30k_002	933	29902
long_content_30k_002/lc30k002_2410_gc3300_rp0.07_mr1.14E-4_ss100.fa	long_content_30k_002	744	29902
long_content_30k_002/lc30k002_2411_gc3300_rp0.10_mr1.14E-4_ss200.fa	long_content_30k_002	716	29902
long_content_30k_002/lc30k002_2412_gc3300_rp0.15_mr1.14E-4_ss100.fa	long_content_30k_002	1224	29902
long_content_30k_002/lc30k002_2413_gc3300_rp0.15_mr1.14E-4_ss200.fa	long_content_30k_002	2488	29902
long_content_30k_002/lc30k002_2414_gc3300_rp0.07_mr1.14E-4_ss200.fa	long_content_30k_002	1446	29902
long_content_30k_002/lc30k002_2415_gc3300_rp0.05_mr1.14E-4_ss200.fa	long_content_30k_002	297	29902
long_content_30k_002/lc30k002_2416_gc3300_rp0.10_mr1.14E-4_ss100.fa	long_content_30k_002	870	29902
long_content_30k_002/lc30k002_2417_gc3300_rp0.05_mr1.14E-4_ss100.fa	long_content_30k_002	220	29902
long_content_30k_002/lc30k002_2418_gc3300_rp0.07_mr1.14E-4_ss100.fa	long_content_30k_002	147	29902
long_content_30k_002/lc30k002_2419_gc3300_rp0.10_mr1.14E-4_ss200.fa	long_content_30k_002	2566	29902
long_content_30k_002/lc30k002_241_gc3300_rp0.05_mr1.14E-4_ss100.fa	long_content_30k_002	385	29902
long_content_30k_002/lc30k002_2420_gc3300_rp0.15_mr1.14E-4_ss100.fa	long_content_30k_002	1049	29902
long_content_30k_002/lc30k002_2421_gc3300_rp0.15_mr1.14E-4_ss200.fa	long_content_30k_002	2180	29902
long_content_30k_002/lc30k002_2422_gc3300_rp0.07_mr1.14E-4_ss200.fa	long_content_30k_002	319	29902
long_content_30k_002/lc30k002_2423_gc3300_rp0.05_mr1.14E-4_ss200.fa	long_content_30k_002	986	29902
long_content_30k_002/lc30k002_2424_gc3300_rp0.10_mr1.14E-4_ss100.fa	long_content_30k_002	167	29902
long_content_30k_002/lc30k002_2425_gc3300_rp0.05_mr1.14E-4_ss100.fa	long_content_30k_002	121	29902
long_content_30k_002/lc30k002_2426_gc3300_rp0.07_mr1.14E-4_ss100.fa	long_content_30k_002	520	29902
long_content_30k_002/lc30k002_2427_gc3300_rp0.10_mr1.14E-4_ss200.fa	long_content_30k_002	1604	29902
long_content_30k_002/lc30k002_2428_gc3300_rp0.15_mr1.14E-4_ss100.fa	long_content_30k_002	1197	29902
long_content_30k_002/lc30k002_2429_gc3300_rp0.15_mr1.14E-4_ss200.fa	long_content_30k_002	1670	29902
long_content_30k_002/lc30k002_242_gc3300_rp0.07_mr1.14E-4_ss100.fa	long_content_30k_002	648	29902
long_content_30k_002/lc30k002_2430_gc3300_rp0.07_mr1.14E-4_ss200.fa	long_content_30k_002	3449	29902
long_content_30k_002/lc30k002_2431_gc3300_rp0.05_mr1.14E-4_ss200.fa	long_content_30k_002	716	29902
long_content_30k_002/lc30k002_2432_gc3300_rp0.10_mr1.14E-4_ss100.fa	long_content_30k_002	441	29902
long_content_30k_002/lc30k002_2433_gc3300_rp0.05_mr1.14E-4_ss100.fa	long_content_30k_002	212	29902
long_content_30k_002/lc30k002_2434_gc3300_rp0.07_mr1.14E-4_ss100.fa	long_content_30k_002	230	29902
long_content_30k_002/lc30k002_2435_gc3300_rp0.10_mr1.14E-4_ss200.fa	long_content_30k_002	2110	29902
long_content_30k_002/lc30k002_2436_gc3300_rp0.15_mr1.14E-4_ss100.fa	long_content_30k_002	1107	29902
long_content_30k_002/lc30k002_2437_gc3300_rp0.15_mr1.14E-4_ss200.fa	long_content_30k_002	2255	29902
long_content_30k_002/lc30k002_2438_gc3300_rp0.07_mr1.14E-4_ss200.fa	long_content_30k_002	808	29902
long_content_30k_002/lc30k002_2439_gc3300_rp0.05_mr1.14E-4_ss200.fa	long_content_30k_002	282	29902
long_content_30k_002/lc30k002_243_gc3300_rp0.10_mr1.14E-4_ss200.fa	long_content_30k_002	1967	29902
long_content_30k_002/lc30k002_2440_gc3300_rp0.10_mr1.14E-4_ss100.fa	long_content_30k_002	602	29902
long_content_30k_002/lc30k002_2441_gc3300_rp0.05_mr1.14E-4_ss100.fa	long_content_30k_002	157	29902
long_content_30k_002/lc30k002_2442_gc3300_rp0.07_mr1.14E-4_ss100.fa	long_content_30k_002	248	29902
long_content_30k_002/lc30k002_2443_gc3300_rp0.10_mr1.14E-4_ss200.fa	long_content_30k_002	590	29902
long_content_30k_002/lc30k002_2444_gc3300_rp0.15_mr1.14E-4_ss100.fa	long_content_30k_002	1476	29902
long_content_30k_002/lc30k002_2445_gc3300_rp0.15_mr1.14E-4_ss200.fa	long_content_30k_002	4981	29902
long_content_30k_002/lc30k002_2446_gc3300_rp0.07_mr1.14E-4_ss200.fa	long_content_30k_002	1361	29902
long_content_30k_002/lc30k002_2447_gc3300_rp0.05_mr1.14E-4_ss200.fa	long_content_30k_002	264	29902
long_content_30k_002/lc30k002_2448_gc3300_rp0.10_mr1.14E-4_ss100.fa	long_content_30k_002	284	29902
long_content_30k_002/lc30k002_2449_gc3300_rp0.05_mr1.14E-4_ss100.fa	long_content_30k_002	689	29902
long_content_30k_002/lc30k002_244_gc3300_rp0.15_mr1.14E-4_ss100.fa	long_content_30k_002	2673	29902
long_content_30k_002/lc30k002_2450_gc3300_rp0.07_mr1.14E-4_ss100.fa	long_content_30k_002	17	29902
long_content_30k_002/lc30k002_2451_gc3300_rp0.10_mr1.14E-4_ss200.fa	long_content_30k_002	1303	29902
long_content_30k_002/lc30k002_2452_gc3300_rp0.15_mr1.14E-4_ss100.fa	long_content_30k_002	538	29902
long_content_30k_002/lc30k002_2453_gc3300_rp0.15_mr1.14E-4_ss200.fa	long_content_30k_002	2682	29902
long_content_30k_002/lc30k002_2454_gc3300_rp0.07_mr1.14E-4_ss200.fa	long_content_30k_002	447	29902
long_content_30k_002/lc30k002_2455_gc3300_rp0.05_mr1.14E-4_ss200.fa	long_content_30k_002	480	29902
long_content_30k_002/lc30k002_2456_gc3300_rp0.10_mr1.14E-4_ss100.fa	long_content_30k_002	164	27033
long_content_30k_002/lc30k002_2457_gc3300_rp0.05_mr1.14E-4_ss100.fa	long_content_30k_002	261	29902
long_content_30k_002/lc30k002_2458_gc3300_rp0.07_mr1.14E-4_ss100.fa	long_content_30k_002	292	29902
long_content_30k_002/lc30k002_2459_gc3300_rp0.10_mr1.14E-4_ss200.fa	long_content_30k_002	3619	29902
long_content_30k_002/lc30k002_245_gc3300_rp0.15_mr1.14E-4_ss200.fa	long_content_30k_002	1053	29902
long_content_30k_002/lc30k002_2460_gc3300_rp0.15_mr1.14E-4_ss100.fa	long_content_30k_002	788	29902
long_content_30k_002/lc30k002_2461_gc3300_rp0.15_mr1.14E-4_ss200.fa	long_content_30k_002	5906	29902
long_content_30k_002/lc30k002_2462_gc3300_rp0.07_mr1.14E-4_ss200.fa	long_content_30k_002	277	29902
long_content_30k_002/lc30k002_2463_gc3300_rp0.05_mr1.14E-4_ss200.fa	long_content_30k_002	444	29902
long_content_30k_002/lc30k002_2464_gc3300_rp0.10_mr1.14E-4_ss100.fa	long_content_30k_002	1324	29902
long_content_30k_002/lc30k002_2465_gc3300_rp0.05_mr1.14E-4_ss100.fa	long_content_30k_002	321	29902
long_content_30k_002/lc30k002_2466_gc3300_rp0.07_mr1.14E-4_ss100.fa	long_content_30k_002	276	29902
long_content_30k_002/lc30k002_2467_gc3300_rp0.10_mr1.14E-4_ss200.fa	long_content_30k_002	1421	29902
long_content_30k_002/lc30k002_2468_gc3300_rp0.15_mr1.14E-4_ss100.fa	long_content_30k_002	1197	29902
long_content_30k_002/lc30k002_2469_gc3300_rp0.15_mr1.14E-4_ss200.fa	long_content_30k_002	2299	29902
long_content_30k_002/lc30k002_246_gc3300_rp0.07_mr1.14E-4_ss200.fa	long_content_30k_002	488	29902
long_content_30k_002/lc30k002_2470_gc3300_rp0.07_mr1.14E-4_ss200.fa	long_content_30k_002	3622	29902
long_content_30k_002/lc30k002_2471_gc3300_rp0.05_mr1.14E-4_ss200.fa	long_content_30k_002	1283	29902
long_content_30k_002/lc30k002_2472_gc3300_rp0.10_mr1.14E-4_ss100.fa	long_content_30k_002	981	29902
long_content_30k_002/lc30k002_2473_gc3300_rp0.05_mr1.14E-4_ss100.fa	long_content_30k_002	242	29902
long_content_30k_002/lc30k002_2474_gc3300_rp0.07_mr1.14E-4_ss100.fa	long_content_30k_002	501	29902
long_content_30k_002/lc30k002_2475_gc3300_rp0.10_mr1.14E-4_ss200.fa	long_content_30k_002	3482	29902
long_content_30k_002/lc30k002_2476_gc3300_rp0.15_mr1.14E-4_ss100.fa	long_content_30k_002	1507	29902
long_content_30k_002/lc30k002_2477_gc3300_rp0.15_mr1.14E-4_ss200.fa	long_content_30k_002	1973	29902
long_content_30k_002/lc30k002_2478_gc3300_rp0.07_mr1.14E-4_ss200.fa	long_content_30k_002	2239	29902
long_content_30k_002/lc30k002_2479_gc3300_rp0.05_mr1.14E-4_ss200.fa	long_content_30k_002	530	29902
long_content_30k_002/lc30k002_247_gc3300_rp0.05_mr1.14E-4_ss200.fa	long_content_30k_002	1499	29902
long_content_30k_002/lc30k002_2480_gc3300_rp0.10_mr1.14E-4_ss100.fa	long_content_30k_002	1371	29902
long_content_30k_002/lc30k002_2481_gc3300_rp0.05_mr1.14E-4_ss100.fa	long_content_30k_002	245	29902
long_content_30k_002/lc30k002_2482_gc3300_rp0.07_mr1.14E-4_ss100.fa	long_content_30k_002	140	29902
long_content_30k_002/lc30k002_2483_gc3300_rp0.10_mr1.14E-4_ss200.fa	long_content_30k_002	2530	29902
long_content_30k_002/lc30k002_2484_gc3300_rp0.15_mr1.14E-4_ss100.fa	long_content_30k_002	1363	29902
long_content_30k_002/lc30k002_2485_gc3300_rp0.15_mr1.14E-4_ss200.fa	long_content_30k_002	3556	29902
long_content_30k_002/lc30k002_2486_gc3300_rp0.07_mr1.14E-4_ss200.fa	long_content_30k_002	290	29902
long_content_30k_002/lc30k002_2487_gc3300_rp0.05_mr1.14E-4_ss200.fa	long_content_30k_002	280	29902
long_content_30k_002/lc30k002_2488_gc3300_rp0.10_mr1.14E-4_ss100.fa	long_content_30k_002	605	29902
long_content_30k_002/lc30k002_2489_gc3300_rp0.05_mr1.14E-4_ss100.fa	long_content_30k_002	394	29902
long_content_30k_002/lc30k002_248_gc3300_rp0.10_mr1.14E-4_ss100.fa	long_content_30k_002	574	29902
long_content_30k_002/lc30k002_2490_gc3300_rp0.07_mr1.14E-4_ss100.fa	long_content_30k_002	177	29902
long_content_30k_002/lc30k002_2491_gc3300_rp0.10_mr1.14E-4_ss200.fa	long_content_30k_002	4274	29902
long_content_30k_002/lc30k002_2492_gc3300_rp0.15_mr1.14E-4_ss100.fa	long_content_30k_002	1717	29902
long_content_30k_002/lc30k002_2493_gc3300_rp0.15_mr1.14E-4_ss200.fa	long_content_30k_002	4363	29902
long_content_30k_002/lc30k002_2494_gc3300_rp0.07_mr1.14E-4_ss200.fa	long_content_30k_002	1181	29902
long_content_30k_002/lc30k002_2495_gc3300_rp0.05_mr1.14E-4_ss200.fa	long_content_30k_002	1238	29902
long_content_30k_002/lc30k002_2496_gc3300_rp0.10_mr1.14E-4_ss100.fa	long_content_30k_002	367	29902
long_content_30k_002/lc30k002_2497_gc3300_rp0.05_mr1.14E-4_ss100.fa	long_content_30k_002	79	29902
long_content_30k_002/lc30k002_2498_gc3300_rp0.07_mr1.14E-4_ss100.fa	long_content_30k_002	87	29902
long_content_30k_002/lc30k002_2499_gc3300_rp0.10_mr1.14E-4_ss200.fa	long_content_30k_002	2039	29902
long_content_30k_002/lc30k002_249_gc3300_rp0.05_mr1.14E-4_ss100.fa	long_content_30k_002	38	29902
long_content_30k_002/lc30k002_2500_gc3300_rp0.15_mr1.14E-4_ss100.fa	long_content_30k_002	1220	29902
long_content_30k_002/lc30k002_2501_gc3300_rp0.15_mr1.14E-4_ss200.fa	long_content_30k_002	1810	29902
long_content_30k_002/lc30k002_2502_gc3300_rp0.07_mr1.14E-4_ss200.fa	long_content_30k_002	1643	29902
long_content_30k_002/lc30k002_2503_gc3300_rp0.05_mr1.14E-4_ss200.fa	long_content_30k_002	157	29902
long_content_30k_002/lc30k002_2504_gc3300_rp0.10_mr1.14E-4_ss100.fa	long_content_30k_002	174	29902
long_content_30k_002/lc30k002_2505_gc3300_rp0.05_mr1.14E-4_ss100.fa	long_content_30k_002	427	29902
long_content_30k_002/lc30k002_2506_gc3300_rp0.07_mr1.14E-4_ss100.fa	long_content_30k_002	440	29902
long_content_30k_002/lc30k002_2507_gc3300_rp0.10_mr1.14E-4_ss200.fa	long_content_30k_002	1691	29902
long_content_30k_002/lc30k002_2508_gc3300_rp0.15_mr1.14E-4_ss100.fa	long_content_30k_002	1627	29902
long_content_30k_002/lc30k002_2509_gc3300_rp0.15_mr1.14E-4_ss200.fa	long_content_30k_002	5207	29902
long_content_30k_002/lc30k002_250_gc3300_rp0.07_mr1.14E-4_ss100.fa	long_content_30k_002	165	29902
long_content_30k_002/lc30k002_2510_gc3300_rp0.07_mr1.14E-4_ss200.fa	long_content_30k_002	215	29902
long_content_30k_002/lc30k002_2511_gc3300_rp0.05_mr1.14E-4_ss200.fa	long_content_30k_002	329	29902
long_content_30k_002/lc30k002_2512_gc3300_rp0.10_mr1.14E-4_ss100.fa	long_content_30k_002	473	29902
long_content_30k_002/lc30k002_2513_gc3300_rp0.05_mr1.14E-4_ss100.fa	long_content_30k_002	122	29349
long_content_30k_002/lc30k002_2514_gc3300_rp0.07_mr1.14E-4_ss100.fa	long_content_30k_002	391	29902
long_content_30k_002/lc30k002_2515_gc3300_rp0.10_mr1.14E-4_ss200.fa	long_content_30k_002	808	29902
long_content_30k_002/lc30k002_2516_gc3300_rp0.15_mr1.14E-4_ss100.fa	long_content_30k_002	2447	29902
long_content_30k_002/lc30k002_2517_gc3300_rp0.15_mr1.14E-4_ss200.fa	long_content_30k_002	3775	29902
long_content_30k_002/lc30k002_2518_gc3300_rp0.07_mr1.14E-4_ss200.fa	long_content_30k_002	405	28350
long_content_30k_002/lc30k002_2519_gc3300_rp0.05_mr1.14E-4_ss200.fa	long_content_30k_002	265	29902
long_content_30k_002/lc30k002_251_gc3300_rp0.10_mr1.14E-4_ss200.fa	long_content_30k_002	1723	29902
long_content_30k_002/lc30k002_2520_gc3300_rp0.10_mr1.14E-4_ss100.fa	long_content_30k_002	1195	29902
long_content_30k_002/lc30k002_2521_gc3300_rp0.05_mr1.14E-4_ss100.fa	long_content_30k_002	234	29902
long_content_30k_002/lc30k002_2522_gc3300_rp0.07_mr1.14E-4_ss100.fa	long_content_30k_002	219	29902
long_content_30k_002/lc30k002_2523_gc3300_rp0.10_mr1.14E-4_ss200.fa	long_content_30k_002	1031	29902
long_content_30k_002/lc30k002_2524_gc3300_rp0.15_mr1.14E-4_ss100.fa	long_content_30k_002	3358	29902
long_content_30k_002/lc30k002_2525_gc3300_rp0.15_mr1.14E-4_ss200.fa	long_content_30k_002	4129	29902
long_content_30k_002/lc30k002_2526_gc3300_rp0.07_mr1.14E-4_ss200.fa	long_content_30k_002	1576	29902
long_content_30k_002/lc30k002_2527_gc3300_rp0.05_mr1.14E-4_ss200.fa	long_content_30k_002	779	29292
long_content_30k_002/lc30k002_2528_gc3300_rp0.10_mr1.14E-4_ss100.fa	long_content_30k_002	818	29902
long_content_30k_002/lc30k002_2529_gc3300_rp0.05_mr1.14E-4_ss100.fa	long_content_30k_002	202	29902
long_content_30k_002/lc30k002_252_gc3300_rp0.15_mr1.14E-4_ss100.fa	long_content_30k_002	1285	29902
long_content_30k_002/lc30k002_2530_gc3300_rp0.07_mr1.14E-4_ss100.fa	long_content_30k_002	242	29902
long_content_30k_002/lc30k002_2531_gc3300_rp0.10_mr1.14E-4_ss200.fa	long_content_30k_002	2808	29902
long_content_30k_002/lc30k002_2532_gc3300_rp0.15_mr1.14E-4_ss100.fa	long_content_30k_002	761	29902
long_content_30k_002/lc30k002_2533_gc3300_rp0.15_mr1.14E-4_ss200.fa	long_content_30k_002	337	29902
long_content_30k_002/lc30k002_2534_gc3300_rp0.07_mr1.14E-4_ss200.fa	long_content_30k_002	4167	29902
long_content_30k_002/lc30k002_2535_gc3300_rp0.05_mr1.14E-4_ss200.fa	long_content_30k_002	59	29682
long_content_30k_002/lc30k002_2536_gc3300_rp0.10_mr1.14E-4_ss100.fa	long_content_30k_002	1006	29902
long_content_30k_002/lc30k002_2537_gc3300_rp0.05_mr1.14E-4_ss100.fa	long_content_30k_002	367	29902
long_content_30k_002/lc30k002_2538_gc3300_rp0.07_mr1.14E-4_ss100.fa	long_content_30k_002	84	29902
long_content_30k_002/lc30k002_2539_gc3300_rp0.10_mr1.14E-4_ss200.fa	long_content_30k_002	1406	29902
long_content_30k_002/lc30k002_253_gc3300_rp0.15_mr1.14E-4_ss200.fa	long_content_30k_002	4113	29902
long_content_30k_002/lc30k002_2540_gc3300_rp0.15_mr1.14E-4_ss100.fa	long_content_30k_002	1359	29902
long_content_30k_002/lc30k002_2541_gc3300_rp0.15_mr1.14E-4_ss200.fa	long_content_30k_002	6867	29902
long_content_30k_002/lc30k002_2542_gc3300_rp0.07_mr1.14E-4_ss200.fa	long_content_30k_002	1600	29902
long_content_30k_002/lc30k002_2543_gc3300_rp0.05_mr1.14E-4_ss200.fa	long_content_30k_002	158	29902
long_content_30k_002/lc30k002_2544_gc3300_rp0.10_mr1.14E-4_ss100.fa	long_content_30k_002	768	29902
long_content_30k_002/lc30k002_2545_gc3300_rp0.05_mr1.14E-4_ss100.fa	long_content_30k_002	221	29902
long_content_30k_002/lc30k002_2546_gc3300_rp0.07_mr1.14E-4_ss100.fa	long_content_30k_002	93	29902
long_content_30k_002/lc30k002_2547_gc3300_rp0.10_mr1.14E-4_ss200.fa	long_content_30k_002	2328	29902
long_content_30k_002/lc30k002_2548_gc3300_rp0.15_mr1.14E-4_ss100.fa	long_content_30k_002	1737	29902
long_content_30k_002/lc30k002_2549_gc3300_rp0.15_mr1.14E-4_ss200.fa	long_content_30k_002	3087	29902
long_content_30k_002/lc30k002_254_gc3300_rp0.07_mr1.14E-4_ss200.fa	long_content_30k_002	3600	29902
long_content_30k_002/lc30k002_2550_gc3300_rp0.07_mr1.14E-4_ss200.fa	long_content_30k_002	381	29902
long_content_30k_002/lc30k002_2551_gc3300_rp0.05_mr1.14E-4_ss200.fa	long_content_30k_002	69	29902
long_content_30k_002/lc30k002_2552_gc3300_rp0.10_mr1.14E-4_ss100.fa	long_content_30k_002	394	29902
long_content_30k_002/lc30k002_2553_gc3300_rp0.05_mr1.14E-4_ss100.fa	long_content_30k_002	63	29902
long_content_30k_002/lc30k002_2554_gc3300_rp0.07_mr1.14E-4_ss100.fa	long_content_30k_002	595	29902
long_content_30k_002/lc30k002_2555_gc3300_rp0.10_mr1.14E-4_ss200.fa	long_content_30k_002	5155	29902
long_content_30k_002/lc30k002_2556_gc3300_rp0.15_mr1.14E-4_ss100.fa	long_content_30k_002	577	29902
long_content_30k_002/lc30k002_2557_gc3300_rp0.15_mr1.14E-4_ss200.fa	long_content_30k_002	1677	29902
long_content_30k_002/lc30k002_2558_gc3300_rp0.07_mr1.14E-4_ss200.fa	long_content_30k_002	2029	29902
long_content_30k_002/lc30k002_2559_gc3300_rp0.05_mr1.14E-4_ss200.fa	long_content_30k_002	417	29902
long_content_30k_002/lc30k002_255_gc3300_rp0.05_mr1.14E-4_ss200.fa	long_content_30k_002	348	29902
long_content_30k_002/lc30k002_2560_gc3300_rp0.10_mr1.14E-4_ss100.fa	long_content_30k_002	732	29902
long_content_30k_002/lc30k002_2561_gc3300_rp0.05_mr1.14E-4_ss100.fa	long_content_30k_002	109	29902
long_content_30k_002/lc30k002_2562_gc3300_rp0.07_mr1.14E-4_ss100.fa	long_content_30k_002	275	29902
long_content_30k_002/lc30k002_2563_gc3300_rp0.10_mr1.14E-4_ss200.fa	long_content_30k_002	1451	29902
long_content_30k_002/lc30k002_2564_gc3300_rp0.15_mr1.14E-4_ss100.fa	long_content_30k_002	1409	29902
long_content_30k_002/lc30k002_2565_gc3300_rp0.15_mr1.14E-4_ss200.fa	long_content_30k_002	1398	29902
long_content_30k_002/lc30k002_2566_gc3300_rp0.07_mr1.14E-4_ss200.fa	long_content_30k_002	1381	29902
long_content_30k_002/lc30k002_2567_gc3300_rp0.05_mr1.14E-4_ss200.fa	long_content_30k_002	415	29902
long_content_30k_002/lc30k002_2568_gc3300_rp0.10_mr1.14E-4_ss100.fa	long_content_30k_002	759	29902
long_content_30k_002/lc30k002_2569_gc3300_rp0.05_mr1.14E-4_ss100.fa	long_content_30k_002	425	29902
long_content_30k_002/lc30k002_256_gc3300_rp0.10_mr1.14E-4_ss100.fa	long_content_30k_002	1195	29902
long_content_30k_002/lc30k002_2570_gc3300_rp0.07_mr1.14E-4_ss100.fa	long_content_30k_002	395	29902
long_content_30k_002/lc30k002_2571_gc3300_rp0.10_mr1.14E-4_ss200.fa	long_content_30k_002	951	29902
long_content_30k_002/lc30k002_2572_gc3300_rp0.15_mr1.14E-4_ss100.fa	long_content_30k_002	1880	29902
long_content_30k_002/lc30k002_2573_gc3300_rp0.15_mr1.14E-4_ss200.fa	long_content_30k_002	2665	29902
long_content_30k_002/lc30k002_2574_gc3300_rp0.07_mr1.14E-4_ss200.fa	long_content_30k_002	353	29902
long_content_30k_002/lc30k002_2575_gc3300_rp0.05_mr1.14E-4_ss200.fa	long_content_30k_002	106	29902
long_content_30k_002/lc30k002_2576_gc3300_rp0.10_mr1.14E-4_ss100.fa	long_content_30k_002	216	29902
long_content_30k_002/lc30k002_2577_gc3300_rp0.05_mr1.14E-4_ss100.fa	long_content_30k_002	120	29902
long_content_30k_002/lc30k002_2578_gc3300_rp0.07_mr1.14E-4_ss100.fa	long_content_30k_002	320	29902
long_content_30k_002/lc30k002_2579_gc3300_rp0.10_mr1.14E-4_ss200.fa	long_content_30k_002	642	29902
long_content_30k_002/lc30k002_257_gc3300_rp0.05_mr1.14E-4_ss100.fa	long_content_30k_002	559	29902
long_content_30k_002/lc30k002_2580_gc3300_rp0.15_mr1.14E-4_ss100.fa	long_content_30k_002	1543	29902
long_content_30k_002/lc30k002_2581_gc3300_rp0.15_mr1.14E-4_ss200.fa	long_content_30k_002	1097	29902
long_content_30k_002/lc30k002_2582_gc3300_rp0.07_mr1.14E-4_ss200.fa	long_content_30k_002	305	29902
long_content_30k_002/lc30k002_2583_gc3300_rp0.05_mr1.14E-4_ss200.fa	long_content_30k_002	542	29902
long_content_30k_002/lc30k002_2584_gc3300_rp0.10_mr1.14E-4_ss100.fa	long_content_30k_002	101	29902
long_content_30k_002/lc30k002_2585_gc3300_rp0.05_mr1.14E-4_ss100.fa	long_content_30k_002	148	29902
long_content_30k_002/lc30k002_2586_gc3300_rp0.07_mr1.14E-4_ss100.fa	long_content_30k_002	290	29902
long_content_30k_002/lc30k002_2587_gc3300_rp0.10_mr1.14E-4_ss200.fa	long_content_30k_002	1513	29902
long_content_30k_002/lc30k002_2588_gc3300_rp0.15_mr1.14E-4_ss100.fa	long_content_30k_002	892	29902
long_content_30k_002/lc30k002_2589_gc3300_rp0.15_mr1.14E-4_ss200.fa	long_content_30k_002	1119	29902
long_content_30k_002/lc30k002_258_gc3300_rp0.07_mr1.14E-4_ss100.fa	long_content_30k_002	435	29902
long_content_30k_002/lc30k002_2590_gc3300_rp0.07_mr1.14E-4_ss200.fa	long_content_30k_002	1522	29902
long_content_30k_002/lc30k002_2591_gc3300_rp0.05_mr1.14E-4_ss200.fa	long_content_30k_002	717	29902
long_content_30k_002/lc30k002_2592_gc3300_rp0.10_mr1.14E-4_ss100.fa	long_content_30k_002	566	29902
long_content_30k_002/lc30k002_2593_gc3300_rp0.05_mr1.14E-4_ss100.fa	long_content_30k_002	547	29902
long_content_30k_002/lc30k002_2594_gc3300_rp0.07_mr1.14E-4_ss100.fa	long_content_30k_002	964	29902
long_content_30k_002/lc30k002_2595_gc3300_rp0.10_mr1.14E-4_ss200.fa	long_content_30k_002	701	29902
long_content_30k_002/lc30k002_2596_gc3300_rp0.15_mr1.14E-4_ss100.fa	long_content_30k_002	1622	29902
long_content_30k_002/lc30k002_2597_gc3300_rp0.15_mr1.14E-4_ss200.fa	long_content_30k_002	2515	29902
long_content_30k_002/lc30k002_2598_gc3300_rp0.07_mr1.14E-4_ss200.fa	long_content_30k_002	941	29902
long_content_30k_002/lc30k002_2599_gc3300_rp0.05_mr1.14E-4_ss200.fa	long_content_30k_002	1277	29902
long_content_30k_002/lc30k002_259_gc3300_rp0.10_mr1.14E-4_ss200.fa	long_content_30k_002	1345	29902
long_content_30k_002/lc30k002_2600_gc3300_rp0.10_mr1.14E-4_ss100.fa	long_content_30k_002	228	29902
long_content_30k_002/lc30k002_2601_gc3300_rp0.05_mr1.14E-4_ss100.fa	long_content_30k_002	237	29902
long_content_30k_002/lc30k002_2602_gc3300_rp0.07_mr1.14E-4_ss100.fa	long_content_30k_002	781	29902
long_content_30k_002/lc30k002_2603_gc3300_rp0.10_mr1.14E-4_ss200.fa	long_content_30k_002	362	29902
long_content_30k_002/lc30k002_2604_gc3300_rp0.15_mr1.14E-4_ss100.fa	long_content_30k_002	1805	29902
long_content_30k_002/lc30k002_2605_gc3300_rp0.15_mr1.14E-4_ss200.fa	long_content_30k_002	2296	29902
long_content_30k_002/lc30k002_2606_gc3300_rp0.07_mr1.14E-4_ss200.fa	long_content_30k_002	1272	29902
long_content_30k_002/lc30k002_2607_gc3300_rp0.05_mr1.14E-4_ss200.fa	long_content_30k_002	247	29902
long_content_30k_002/lc30k002_2608_gc3300_rp0.10_mr1.14E-4_ss100.fa	long_content_30k_002	309	29902
long_content_30k_002/lc30k002_2609_gc3300_rp0.05_mr1.14E-4_ss100.fa	long_content_30k_002	195	29902
long_content_30k_002/lc30k002_260_gc3300_rp0.15_mr1.14E-4_ss100.fa	long_content_30k_002	2198	29902
long_content_30k_002/lc30k002_2610_gc3300_rp0.07_mr1.14E-4_ss100.fa	long_content_30k_002	237	29902
long_content_30k_002/lc30k002_2611_gc3300_rp0.10_mr1.14E-4_ss200.fa	long_content_30k_002	944	29902
long_content_30k_002/lc30k002_2612_gc3300_rp0.15_mr1.14E-4_ss100.fa	long_content_30k_002	201	29902
long_content_30k_002/lc30k002_2613_gc3300_rp0.15_mr1.14E-4_ss200.fa	long_content_30k_002	1443	29902
long_content_30k_002/lc30k002_2614_gc3300_rp0.07_mr1.14E-4_ss200.fa	long_content_30k_002	3439	29902
long_content_30k_002/lc30k002_2615_gc3300_rp0.05_mr1.14E-4_ss200.fa	long_content_30k_002	359	29902
long_content_30k_002/lc30k002_2616_gc3300_rp0.10_mr1.14E-4_ss100.fa	long_content_30k_002	352	29902
long_content_30k_002/lc30k002_2617_gc3300_rp0.05_mr1.14E-4_ss100.fa	long_content_30k_002	331	29902
long_content_30k_002/lc30k002_2618_gc3300_rp0.07_mr1.14E-4_ss100.fa	long_content_30k_002	688	29902
long_content_30k_002/lc30k002_2619_gc3300_rp0.10_mr1.14E-4_ss200.fa	long_content_30k_002	1284	29902
long_content_30k_002/lc30k002_261_gc3300_rp0.15_mr1.14E-4_ss200.fa	long_content_30k_002	4840	29902
long_content_30k_002/lc30k002_2620_gc3300_rp0.15_mr1.14E-4_ss100.fa	long_content_30k_002	616	29902
long_content_30k_002/lc30k002_2621_gc3300_rp0.15_mr1.14E-4_ss200.fa	long_content_30k_002	5396	29902
long_content_30k_002/lc30k002_2622_gc3300_rp0.07_mr1.14E-4_ss200.fa	long_content_30k_002	593	29902
long_content_30k_002/lc30k002_2623_gc3300_rp0.05_mr1.14E-4_ss200.fa	long_content_30k_002	352	29902
long_content_30k_002/lc30k002_2624_gc3300_rp0.10_mr1.14E-4_ss100.fa	long_content_30k_002	704	29902
long_content_30k_002/lc30k002_2625_gc3300_rp0.05_mr1.14E-4_ss100.fa	long_content_30k_002	954	29902
long_content_30k_002/lc30k002_2626_gc3300_rp0.07_mr1.14E-4_ss100.fa	long_content_30k_002	103	29902
long_content_30k_002/lc30k002_2627_gc3300_rp0.10_mr1.14E-4_ss200.fa	long_content_30k_002	669	29902
long_content_30k_002/lc30k002_2628_gc3300_rp0.15_mr1.14E-4_ss100.fa	long_content_30k_002	1465	29902
long_content_30k_002/lc30k002_2629_gc3300_rp0.15_mr1.14E-4_ss200.fa	long_content_30k_002	1031	29902
long_content_30k_002/lc30k002_262_gc3300_rp0.07_mr1.14E-4_ss200.fa	long_content_30k_002	1655	29902
long_content_30k_002/lc30k002_2630_gc3300_rp0.07_mr1.14E-4_ss200.fa	long_content_30k_002	1095	29902
long_content_30k_002/lc30k002_2631_gc3300_rp0.05_mr1.14E-4_ss200.fa	long_content_30k_002	2261	29902
long_content_30k_002/lc30k002_2632_gc3300_rp0.10_mr1.14E-4_ss100.fa	long_content_30k_002	1710	29902
long_content_30k_002/lc30k002_2633_gc3300_rp0.05_mr1.14E-4_ss100.fa	long_content_30k_002	986	29902
long_content_30k_002/lc30k002_2634_gc3300_rp0.07_mr1.14E-4_ss100.fa	long_content_30k_002	570	29902
long_content_30k_002/lc30k002_2635_gc3300_rp0.10_mr1.14E-4_ss200.fa	long_content_30k_002	1782	29902
long_content_30k_002/lc30k002_2636_gc3300_rp0.15_mr1.14E-4_ss100.fa	long_content_30k_002	1644	29902
long_content_30k_002/lc30k002_2637_gc3300_rp0.15_mr1.14E-4_ss200.fa	long_content_30k_002	3242	29902
long_content_30k_002/lc30k002_2638_gc3300_rp0.07_mr1.14E-4_ss200.fa	long_content_30k_002	259	29902
long_content_30k_002/lc30k002_2639_gc3300_rp0.05_mr1.14E-4_ss200.fa	long_content_30k_002	421	29902
long_content_30k_002/lc30k002_263_gc3300_rp0.05_mr1.14E-4_ss200.fa	long_content_30k_002	54	29902
long_content_30k_002/lc30k002_2640_gc3300_rp0.10_mr1.14E-4_ss100.fa	long_content_30k_002	760	29902
long_content_30k_002/lc30k002_2641_gc3300_rp0.05_mr1.14E-4_ss100.fa	long_content_30k_002	426	29902
long_content_30k_002/lc30k002_2642_gc3300_rp0.07_mr1.14E-4_ss100.fa	long_content_30k_002	638	29902
long_content_30k_002/lc30k002_2643_gc3300_rp0.10_mr1.14E-4_ss200.fa	long_content_30k_002	1196	29902
long_content_30k_002/lc30k002_2644_gc3300_rp0.15_mr1.14E-4_ss100.fa	long_content_30k_002	1726	29902
long_content_30k_002/lc30k002_2645_gc3300_rp0.15_mr1.14E-4_ss200.fa	long_content_30k_002	681	29902
long_content_30k_002/lc30k002_2646_gc3300_rp0.07_mr1.14E-4_ss200.fa	long_content_30k_002	392	29902
long_content_30k_002/lc30k002_2647_gc3300_rp0.05_mr1.14E-4_ss200.fa	long_content_30k_002	572	29902
long_content_30k_002/lc30k002_2648_gc3300_rp0.10_mr1.14E-4_ss100.fa	long_content_30k_002	528	29902
long_content_30k_002/lc30k002_2649_gc3300_rp0.05_mr1.14E-4_ss100.fa	long_content_30k_002	497	29902
long_content_30k_002/lc30k002_264_gc3300_rp0.10_mr1.14E-4_ss100.fa	long_content_30k_002	1118	29902
long_content_30k_002/lc30k002_2650_gc3300_rp0.07_mr1.14E-4_ss100.fa	long_content_30k_002	666	29902
long_content_30k_002/lc30k002_2651_gc3300_rp0.10_mr1.14E-4_ss200.fa	long_content_30k_002	681	29902
long_content_30k_002/lc30k002_2652_gc3300_rp0.15_mr1.14E-4_ss100.fa	long_content_30k_002	891	29902
long_content_30k_002/lc30k002_2653_gc3300_rp0.15_mr1.14E-4_ss200.fa	long_content_30k_002	1561	29902
long_content_30k_002/lc30k002_2654_gc3300_rp0.07_mr1.14E-4_ss200.fa	long_content_30k_002	951	29902
long_content_30k_002/lc30k002_2655_gc3300_rp0.05_mr1.14E-4_ss200.fa	long_content_30k_002	54	29902
long_content_30k_002/lc30k002_2656_gc3300_rp0.10_mr1.14E-4_ss100.fa	long_content_30k_002	399	29902
long_content_30k_002/lc30k002_2657_gc3300_rp0.05_mr1.14E-4_ss100.fa	long_content_30k_002	112	29902
long_content_30k_002/lc30k002_2658_gc3300_rp0.07_mr1.14E-4_ss100.fa	long_content_30k_002	410	29902
long_content_30k_002/lc30k002_2659_gc3300_rp0.10_mr1.14E-4_ss200.fa	long_content_30k_002	3800	29902
long_content_30k_002/lc30k002_265_gc3300_rp0.05_mr1.14E-4_ss100.fa	long_content_30k_002	381	29902
long_content_30k_002/lc30k002_2660_gc3300_rp0.15_mr1.14E-4_ss100.fa	long_content_30k_002	1736	29902
long_content_30k_002/lc30k002_2661_gc3300_rp0.15_mr1.14E-4_ss200.fa	long_content_30k_002	3707	29902
long_content_30k_002/lc30k002_2662_gc3300_rp0.07_mr1.14E-4_ss200.fa	long_content_30k_002	304	29902
long_content_30k_002/lc30k002_2663_gc3300_rp0.05_mr1.14E-4_ss200.fa	long_content_30k_002	169	29902
long_content_30k_002/lc30k002_2664_gc3300_rp0.10_mr1.14E-4_ss100.fa	long_content_30k_002	138	29902
long_content_30k_002/lc30k002_2665_gc3300_rp0.05_mr1.14E-4_ss100.fa	long_content_30k_002	200	29902
long_content_30k_002/lc30k002_2666_gc3300_rp0.07_mr1.14E-4_ss100.fa	long_content_30k_002	694	29902
long_content_30k_002/lc30k002_2667_gc3300_rp0.10_mr1.14E-4_ss200.fa	long_content_30k_002	813	29902
long_content_30k_002/lc30k002_2668_gc3300_rp0.15_mr1.14E-4_ss100.fa	long_content_30k_002	561	29902
long_content_30k_002/lc30k002_2669_gc3300_rp0.15_mr1.14E-4_ss200.fa	long_content_30k_002	5923	29902
long_content_30k_002/lc30k002_266_gc3300_rp0.07_mr1.14E-4_ss100.fa	long_content_30k_002	267	29902
long_content_30k_002/lc30k002_2670_gc3300_rp0.07_mr1.14E-4_ss200.fa	long_content_30k_002	541	29902
long_content_30k_002/lc30k002_2671_gc3300_rp0.05_mr1.14E-4_ss200.fa	long_content_30k_002	186	29902
long_content_30k_002/lc30k002_2673_gc3300_rp0.05_mr1.14E-4_ss100.fa	long_content_30k_002	235	29902
long_content_30k_002/lc30k002_2674_gc3300_rp0.07_mr1.14E-4_ss100.fa	long_content_30k_002	1132	29902
long_content_30k_002/lc30k002_2675_gc3300_rp0.10_mr1.14E-4_ss200.fa	long_content_30k_002	3670	29902
long_content_30k_002/lc30k002_2676_gc3300_rp0.15_mr1.14E-4_ss100.fa	long_content_30k_002	355	29902
long_content_30k_002/lc30k002_2677_gc3300_rp0.15_mr1.14E-4_ss200.fa	long_content_30k_002	3073	29902
long_content_30k_002/lc30k002_2678_gc3300_rp0.07_mr1.14E-4_ss200.fa	long_content_30k_002	161	29902
long_content_30k_002/lc30k002_2679_gc3300_rp0.05_mr1.14E-4_ss200.fa	long_content_30k_002	1245	29902
long_content_30k_002/lc30k002_267_gc3300_rp0.10_mr1.14E-4_ss200.fa	long_content_30k_002	1767	29902
long_content_30k_002/lc30k002_2680_gc3300_rp0.10_mr1.14E-4_ss100.fa	long_content_30k_002	134	29820
long_content_30k_002/lc30k002_2681_gc3300_rp0.05_mr1.14E-4_ss100.fa	long_content_30k_002	61	29902
long_content_30k_002/lc30k002_2682_gc3300_rp0.07_mr1.14E-4_ss100.fa	long_content_30k_002	308	29902
long_content_30k_002/lc30k002_2683_gc3300_rp0.10_mr1.14E-4_ss200.fa	long_content_30k_002	546	29902
long_content_30k_002/lc30k002_2684_gc3300_rp0.15_mr1.14E-4_ss100.fa	long_content_30k_002	1913	29902
long_content_30k_002/lc30k002_2685_gc3300_rp0.15_mr1.14E-4_ss200.fa	long_content_30k_002	644	29902
long_content_30k_002/lc30k002_2686_gc3300_rp0.07_mr1.14E-4_ss200.fa	long_content_30k_002	678	29902
long_content_30k_002/lc30k002_2687_gc3300_rp0.05_mr1.14E-4_ss200.fa	long_content_30k_002	638	29902
long_content_30k_002/lc30k002_2688_gc3300_rp0.10_mr1.14E-4_ss100.fa	long_content_30k_002	1596	29902
long_content_30k_002/lc30k002_2689_gc3300_rp0.05_mr1.14E-4_ss100.fa	long_content_30k_002	53	29346
long_content_30k_002/lc30k002_268_gc3300_rp0.15_mr1.14E-4_ss100.fa	long_content_30k_002	1057	29902
long_content_30k_002/lc30k002_2690_gc3300_rp0.07_mr1.14E-4_ss100.fa	long_content_30k_002	316	29902
long_content_30k_002/lc30k002_2691_gc3300_rp0.10_mr1.14E-4_ss200.fa	long_content_30k_002	1520	29902
long_content_30k_002/lc30k002_2692_gc3300_rp0.15_mr1.14E-4_ss100.fa	long_content_30k_002	908	29902
long_content_30k_002/lc30k002_2693_gc3300_rp0.15_mr1.14E-4_ss200.fa	long_content_30k_002	2974	29902
long_content_30k_002/lc30k002_2694_gc3300_rp0.07_mr1.14E-4_ss200.fa	long_content_30k_002	1011	29902
long_content_30k_002/lc30k002_2695_gc3300_rp0.05_mr1.14E-4_ss200.fa	long_content_30k_002	957	29902
long_content_30k_002/lc30k002_2696_gc3300_rp0.10_mr1.14E-4_ss100.fa	long_content_30k_002	976	29902
long_content_30k_002/lc30k002_2697_gc3300_rp0.05_mr1.14E-4_ss100.fa	long_content_30k_002	380	29902
long_content_30k_002/lc30k002_2698_gc3300_rp0.07_mr1.14E-4_ss100.fa	long_content_30k_002	228	29902
long_content_30k_002/lc30k002_2699_gc3300_rp0.10_mr1.14E-4_ss200.fa	long_content_30k_002	1964	29902
long_content_30k_002/lc30k002_269_gc3300_rp0.15_mr1.14E-4_ss200.fa	long_content_30k_002	1758	29902
long_content_30k_002/lc30k002_2700_gc3300_rp0.15_mr1.14E-4_ss100.fa	long_content_30k_002	891	29902
long_content_30k_002/lc30k002_2701_gc3300_rp0.15_mr1.14E-4_ss200.fa	long_content_30k_002	6430	29902
long_content_30k_002/lc30k002_2702_gc3300_rp0.07_mr1.14E-4_ss200.fa	long_content_30k_002	931	29902
long_content_30k_002/lc30k002_2703_gc3300_rp0.05_mr1.14E-4_ss200.fa	long_content_30k_002	128	29902
long_content_30k_002/lc30k002_2704_gc3300_rp0.10_mr1.14E-4_ss100.fa	long_content_30k_002	532	29902
long_content_30k_002/lc30k002_2705_gc3300_rp0.05_mr1.14E-4_ss100.fa	long_content_30k_002	149	29902
long_content_30k_002/lc30k002_2706_gc3300_rp0.07_mr1.14E-4_ss100.fa	long_content_30k_002	1059	29902
long_content_30k_002/lc30k002_2707_gc3300_rp0.10_mr1.14E-4_ss200.fa	long_content_30k_002	1428	29902
long_content_30k_002/lc30k002_2708_gc3300_rp0.15_mr1.14E-4_ss100.fa	long_content_30k_002	973	29902
long_content_30k_002/lc30k002_2709_gc3300_rp0.15_mr1.14E-4_ss200.fa	long_content_30k_002	1570	29902
long_content_30k_002/lc30k002_270_gc3300_rp0.07_mr1.14E-4_ss200.fa	long_content_30k_002	271	29902
long_content_30k_002/lc30k002_2710_gc3300_rp0.07_mr1.14E-4_ss200.fa	long_content_30k_002	165	29902
long_content_30k_002/lc30k002_2711_gc3300_rp0.05_mr1.14E-4_ss200.fa	long_content_30k_002	327	29902
long_content_30k_002/lc30k002_2712_gc3300_rp0.10_mr1.14E-4_ss100.fa	long_content_30k_002	1535	29902
long_content_30k_002/lc30k002_2713_gc3300_rp0.05_mr1.14E-4_ss100.fa	long_content_30k_002	113	29481
long_content_30k_002/lc30k002_2714_gc3300_rp0.07_mr1.14E-4_ss100.fa	long_content_30k_002	347	29902
long_content_30k_002/lc30k002_2715_gc3300_rp0.10_mr1.14E-4_ss200.fa	long_content_30k_002	2043	29902
long_content_30k_002/lc30k002_2716_gc3300_rp0.15_mr1.14E-4_ss100.fa	long_content_30k_002	1065	29902
long_content_30k_002/lc30k002_2717_gc3300_rp0.15_mr1.14E-4_ss200.fa	long_content_30k_002	2449	29902
long_content_30k_002/lc30k002_2718_gc3300_rp0.07_mr1.14E-4_ss200.fa	long_content_30k_002	859	29902
long_content_30k_002/lc30k002_2719_gc3300_rp0.05_mr1.14E-4_ss200.fa	long_content_30k_002	41	29902
long_content_30k_002/lc30k002_271_gc3300_rp0.05_mr1.14E-4_ss200.fa	long_content_30k_002	167	29902
long_content_30k_002/lc30k002_2720_gc3300_rp0.10_mr1.14E-4_ss100.fa	long_content_30k_002	406	29902
long_content_30k_002/lc30k002_2721_gc3300_rp0.05_mr1.14E-4_ss100.fa	long_content_30k_002	541	29902
long_content_30k_002/lc30k002_2722_gc3300_rp0.07_mr1.14E-4_ss100.fa	long_content_30k_002	97	29902
long_content_30k_002/lc30k002_2723_gc3300_rp0.10_mr1.14E-4_ss200.fa	long_content_30k_002	1036	29902
long_content_30k_002/lc30k002_2724_gc3300_rp0.15_mr1.14E-4_ss100.fa	long_content_30k_002	1319	29902
long_content_30k_002/lc30k002_2725_gc3300_rp0.15_mr1.14E-4_ss200.fa	long_content_30k_002	1906	29902
long_content_30k_002/lc30k002_2726_gc3300_rp0.07_mr1.14E-4_ss200.fa	long_content_30k_002	497	29902
long_content_30k_002/lc30k002_2727_gc3300_rp0.05_mr1.14E-4_ss200.fa	long_content_30k_002	68	29902
long_content_30k_002/lc30k002_2728_gc3300_rp0.10_mr1.14E-4_ss100.fa	long_content_30k_002	1713	29902
long_content_30k_002/lc30k002_2729_gc3300_rp0.05_mr1.14E-4_ss100.fa	long_content_30k_002	117	29902
long_content_30k_002/lc30k002_272_gc3300_rp0.10_mr1.14E-4_ss100.fa	long_content_30k_002	387	29902
long_content_30k_002/lc30k002_2730_gc3300_rp0.07_mr1.14E-4_ss100.fa	long_content_30k_002	400	29902
long_content_30k_002/lc30k002_2731_gc3300_rp0.10_mr1.14E-4_ss200.fa	long_content_30k_002	275	29902
long_content_30k_002/lc30k002_2732_gc3300_rp0.15_mr1.14E-4_ss100.fa	long_content_30k_002	771	29902
long_content_30k_002/lc30k002_2733_gc3300_rp0.15_mr1.14E-4_ss200.fa	long_content_30k_002	2440	29902
long_content_30k_002/lc30k002_2734_gc3300_rp0.07_mr1.14E-4_ss200.fa	long_content_30k_002	810	29902
long_content_30k_002/lc30k002_2735_gc3300_rp0.05_mr1.14E-4_ss200.fa	long_content_30k_002	280	29902
long_content_30k_002/lc30k002_2736_gc3300_rp0.10_mr1.14E-4_ss100.fa	long_content_30k_002	6465	29902
long_content_30k_002/lc30k002_2737_gc3300_rp0.05_mr1.14E-4_ss100.fa	long_content_30k_002	91	29902
long_content_30k_002/lc30k002_2738_gc3300_rp0.07_mr1.14E-4_ss100.fa	long_content_30k_002	250	29902
long_content_30k_002/lc30k002_2739_gc3300_rp0.10_mr1.14E-4_ss200.fa	long_content_30k_002	2040	29902
long_content_30k_002/lc30k002_273_gc3300_rp0.05_mr1.14E-4_ss100.fa	long_content_30k_002	139	29902
long_content_30k_002/lc30k002_2740_gc3300_rp0.15_mr1.14E-4_ss100.fa	long_content_30k_002	901	29902
long_content_30k_002/lc30k002_2741_gc3300_rp0.15_mr1.14E-4_ss200.fa	long_content_30k_002	4707	29902
long_content_30k_002/lc30k002_2742_gc3300_rp0.07_mr1.14E-4_ss200.fa	long_content_30k_002	982	29902
long_content_30k_002/lc30k002_2743_gc3300_rp0.05_mr1.14E-4_ss200.fa	long_content_30k_002	188	29902
long_content_30k_002/lc30k002_2744_gc3300_rp0.10_mr1.14E-4_ss100.fa	long_content_30k_002	1100	29902
long_content_30k_002/lc30k002_2745_gc3300_rp0.05_mr1.14E-4_ss100.fa	long_content_30k_002	1056	29902
long_content_30k_002/lc30k002_2746_gc3300_rp0.07_mr1.14E-4_ss100.fa	long_content_30k_002	584	29902
long_content_30k_002/lc30k002_2747_gc3300_rp0.10_mr1.14E-4_ss200.fa	long_content_30k_002	2081	29902
long_content_30k_002/lc30k002_2748_gc3300_rp0.15_mr1.14E-4_ss100.fa	long_content_30k_002	796	29902
long_content_30k_002/lc30k002_2749_gc3300_rp0.15_mr1.14E-4_ss200.fa	long_content_30k_002	584	29902
long_content_30k_002/lc30k002_274_gc3300_rp0.07_mr1.14E-4_ss100.fa	long_content_30k_002	295	29902
long_content_30k_002/lc30k002_2750_gc3300_rp0.07_mr1.14E-4_ss200.fa	long_content_30k_002	1146	29902
long_content_30k_002/lc30k002_2751_gc3300_rp0.05_mr1.14E-4_ss200.fa	long_content_30k_002	568	29902
long_content_30k_002/lc30k002_2752_gc3300_rp0.10_mr1.14E-4_ss100.fa	long_content_30k_002	1376	29902
long_content_30k_002/lc30k002_2753_gc3300_rp0.05_mr1.14E-4_ss100.fa	long_content_30k_002	200	29902
long_content_30k_002/lc30k002_2754_gc3300_rp0.07_mr1.14E-4_ss100.fa	long_content_30k_002	139	29902
long_content_30k_002/lc30k002_2755_gc3300_rp0.10_mr1.14E-4_ss200.fa	long_content_30k_002	1549	29902
long_content_30k_002/lc30k002_2756_gc3300_rp0.15_mr1.14E-4_ss100.fa	long_content_30k_002	1090	29902
long_content_30k_002/lc30k002_2757_gc3300_rp0.15_mr1.14E-4_ss200.fa	long_content_30k_002	562	29902
long_content_30k_002/lc30k002_2758_gc3300_rp0.07_mr1.14E-4_ss200.fa	long_content_30k_002	395	29902
long_content_30k_002/lc30k002_2759_gc3300_rp0.05_mr1.14E-4_ss200.fa	long_content_30k_002	166	26043
long_content_30k_002/lc30k002_275_gc3300_rp0.10_mr1.14E-4_ss200.fa	long_content_30k_002	460	29902
long_content_30k_002/lc30k002_2760_gc3300_rp0.10_mr1.14E-4_ss100.fa	long_content_30k_002	1454	29902
long_content_30k_002/lc30k002_2761_gc3300_rp0.05_mr1.14E-4_ss100.fa	long_content_30k_002	141	29902
long_content_30k_002/lc30k002_2762_gc3300_rp0.07_mr1.14E-4_ss100.fa	long_content_30k_002	232	26745
long_content_30k_002/lc30k002_2763_gc3300_rp0.10_mr1.14E-4_ss200.fa	long_content_30k_002	2366	29902
long_content_30k_002/lc30k002_2764_gc3300_rp0.15_mr1.14E-4_ss100.fa	long_content_30k_002	736	29902
long_content_30k_002/lc30k002_2765_gc3300_rp0.15_mr1.14E-4_ss200.fa	long_content_30k_002	3048	29902
long_content_30k_002/lc30k002_2766_gc3300_rp0.07_mr1.14E-4_ss200.fa	long_content_30k_002	1514	29902
long_content_30k_002/lc30k002_2767_gc3300_rp0.05_mr1.14E-4_ss200.fa	long_content_30k_002	386	29902
long_content_30k_002/lc30k002_2768_gc3300_rp0.10_mr1.14E-4_ss100.fa	long_content_30k_002	144	29902
long_content_30k_002/lc30k002_2769_gc3300_rp0.05_mr1.14E-4_ss100.fa	long_content_30k_002	507	29902
long_content_30k_002/lc30k002_276_gc3300_rp0.15_mr1.14E-4_ss100.fa	long_content_30k_002	1414	29902
long_content_30k_002/lc30k002_2770_gc3300_rp0.07_mr1.14E-4_ss100.fa	long_content_30k_002	727	29902
long_content_30k_002/lc30k002_2771_gc3300_rp0.10_mr1.14E-4_ss200.fa	long_content_30k_002	716	29902
long_content_30k_002/lc30k002_2772_gc3300_rp0.15_mr1.14E-4_ss100.fa	long_content_30k_002	952	29902
long_content_30k_002/lc30k002_2773_gc3300_rp0.15_mr1.14E-4_ss200.fa	long_content_30k_002	5483	29902
long_content_30k_002/lc30k002_2774_gc3300_rp0.07_mr1.14E-4_ss200.fa	long_content_30k_002	272	26790
long_content_30k_002/lc30k002_2775_gc3300_rp0.05_mr1.14E-4_ss200.fa	long_content_30k_002	888	29902
long_content_30k_002/lc30k002_2776_gc3300_rp0.10_mr1.14E-4_ss100.fa	long_content_30k_002	797	29902
long_content_30k_002/lc30k002_2777_gc3300_rp0.05_mr1.14E-4_ss100.fa	long_content_30k_002	96	29902
long_content_30k_002/lc30k002_2778_gc3300_rp0.07_mr1.14E-4_ss100.fa	long_content_30k_002	382	29902
long_content_30k_002/lc30k002_2779_gc3300_rp0.10_mr1.14E-4_ss200.fa	long_content_30k_002	2619	29902
long_content_30k_002/lc30k002_277_gc3300_rp0.15_mr1.14E-4_ss200.fa	long_content_30k_002	4308	29902
long_content_30k_002/lc30k002_2780_gc3300_rp0.15_mr1.14E-4_ss100.fa	long_content_30k_002	1939	29902
long_content_30k_002/lc30k002_2781_gc3300_rp0.15_mr1.14E-4_ss200.fa	long_content_30k_002	854	29902
long_content_30k_002/lc30k002_2782_gc3300_rp0.07_mr1.14E-4_ss200.fa	long_content_30k_002	475	29902
long_content_30k_002/lc30k002_2783_gc3300_rp0.05_mr1.14E-4_ss200.fa	long_content_30k_002	698	29902
long_content_30k_002/lc30k002_2784_gc3300_rp0.10_mr1.14E-4_ss100.fa	long_content_30k_002	1477	29902
long_content_30k_002/lc30k002_2785_gc3300_rp0.05_mr1.14E-4_ss100.fa	long_content_30k_002	396	29902
long_content_30k_002/lc30k002_2786_gc3300_rp0.07_mr1.14E-4_ss100.fa	long_content_30k_002	378	29902
long_content_30k_002/lc30k002_2787_gc3300_rp0.10_mr1.14E-4_ss200.fa	long_content_30k_002	1566	29902
long_content_30k_002/lc30k002_2788_gc3300_rp0.15_mr1.14E-4_ss100.fa	long_content_30k_002	2596	29902
long_content_30k_002/lc30k002_2789_gc3300_rp0.15_mr1.14E-4_ss200.fa	long_content_30k_002	2496	29902
long_content_30k_002/lc30k002_278_gc3300_rp0.07_mr1.14E-4_ss200.fa	long_content_30k_002	428	29902
long_content_30k_002/lc30k002_2790_gc3300_rp0.07_mr1.14E-4_ss200.fa	long_content_30k_002	1295	29902
long_content_30k_002/lc30k002_2791_gc3300_rp0.05_mr1.14E-4_ss200.fa	long_content_30k_002	592	29902
long_content_30k_002/lc30k002_2792_gc3300_rp0.10_mr1.14E-4_ss100.fa	long_content_30k_002	957	29902
long_content_30k_002/lc30k002_2793_gc3300_rp0.05_mr1.14E-4_ss100.fa	long_content_30k_002	156	29902
long_content_30k_002/lc30k002_2794_gc3300_rp0.07_mr1.14E-4_ss100.fa	long_content_30k_002	280	29902
long_content_30k_002/lc30k002_2795_gc3300_rp0.10_mr1.14E-4_ss200.fa	long_content_30k_002	2885	29902
long_content_30k_002/lc30k002_2796_gc3300_rp0.15_mr1.14E-4_ss100.fa	long_content_30k_002	2251	29902
long_content_30k_002/lc30k002_2797_gc3300_rp0.15_mr1.14E-4_ss200.fa	long_content_30k_002	2433	29902
long_content_30k_002/lc30k002_2798_gc3300_rp0.07_mr1.14E-4_ss200.fa	long_content_30k_002	865	29902
long_content_30k_002/lc30k002_2799_gc3300_rp0.05_mr1.14E-4_ss200.fa	long_content_30k_002	327	29902
long_content_30k_002/lc30k002_279_gc3300_rp0.05_mr1.14E-4_ss200.fa	long_content_30k_002	239	29902
long_content_30k_002/lc30k002_2800_gc3300_rp0.10_mr1.14E-4_ss100.fa	long_content_30k_002	323	29902
long_content_30k_002/lc30k002_2801_gc3300_rp0.05_mr1.14E-4_ss100.fa	long_content_30k_002	268	29902
long_content_30k_002/lc30k002_2802_gc3300_rp0.07_mr1.14E-4_ss100.fa	long_content_30k_002	439	29902
long_content_30k_002/lc30k002_2803_gc3300_rp0.10_mr1.14E-4_ss200.fa	long_content_30k_002	1708	29902
long_content_30k_002/lc30k002_2804_gc3300_rp0.15_mr1.14E-4_ss100.fa	long_content_30k_002	987	29902
long_content_30k_002/lc30k002_2805_gc3300_rp0.15_mr1.14E-4_ss200.fa	long_content_30k_002	594	29902
long_content_30k_002/lc30k002_2806_gc3300_rp0.07_mr1.14E-4_ss200.fa	long_content_30k_002	1844	29902
long_content_30k_002/lc30k002_2807_gc3300_rp0.05_mr1.14E-4_ss200.fa	long_content_30k_002	804	29902
long_content_30k_002/lc30k002_2808_gc3300_rp0.10_mr1.14E-4_ss100.fa	long_content_30k_002	3277	29902
long_content_30k_002/lc30k002_2809_gc3300_rp0.05_mr1.14E-4_ss100.fa	long_content_30k_002	253	29902
long_content_30k_002/lc30k002_280_gc3300_rp0.10_mr1.14E-4_ss100.fa	long_content_30k_002	83	29902
long_content_30k_002/lc30k002_2810_gc3300_rp0.07_mr1.14E-4_ss100.fa	long_content_30k_002	37	29902
long_content_30k_002/lc30k002_2811_gc3300_rp0.10_mr1.14E-4_ss200.fa	long_content_30k_002	1453	29902
long_content_30k_002/lc30k002_2812_gc3300_rp0.15_mr1.14E-4_ss100.fa	long_content_30k_002	1763	29902
long_content_30k_002/lc30k002_2813_gc3300_rp0.15_mr1.14E-4_ss200.fa	long_content_30k_002	796	29902
long_content_30k_002/lc30k002_2814_gc3300_rp0.07_mr1.14E-4_ss200.fa	long_content_30k_002	677	29902
long_content_30k_002/lc30k002_2815_gc3300_rp0.05_mr1.14E-4_ss200.fa	long_content_30k_002	458	29902
long_content_30k_002/lc30k002_2816_gc3300_rp0.10_mr1.14E-4_ss100.fa	long_content_30k_002	528	29902
long_content_30k_002/lc30k002_2817_gc3300_rp0.05_mr1.14E-4_ss100.fa	long_content_30k_002	493	29902
long_content_30k_002/lc30k002_2818_gc3300_rp0.07_mr1.14E-4_ss100.fa	long_content_30k_002	105	29902
long_content_30k_002/lc30k002_2819_gc3300_rp0.10_mr1.14E-4_ss200.fa	long_content_30k_002	2285	29902
long_content_30k_002/lc30k002_281_gc3300_rp0.05_mr1.14E-4_ss100.fa	long_content_30k_002	194	29902
long_content_30k_002/lc30k002_2820_gc3300_rp0.15_mr1.14E-4_ss100.fa	long_content_30k_002	1473	29902
long_content_30k_002/lc30k002_2821_gc3300_rp0.15_mr1.14E-4_ss200.fa	long_content_30k_002	3203	29902
long_content_30k_002/lc30k002_2822_gc3300_rp0.07_mr1.14E-4_ss200.fa	long_content_30k_002	784	29902
long_content_30k_002/lc30k002_2823_gc3300_rp0.05_mr1.14E-4_ss200.fa	long_content_30k_002	1414	29902
long_content_30k_002/lc30k002_2824_gc3300_rp0.10_mr1.14E-4_ss100.fa	long_content_30k_002	535	29902
long_content_30k_002/lc30k002_2825_gc3300_rp0.05_mr1.14E-4_ss100.fa	long_content_30k_002	369	29902
long_content_30k_002/lc30k002_2826_gc3300_rp0.07_mr1.14E-4_ss100.fa	long_content_30k_002	729	28824
long_content_30k_002/lc30k002_2827_gc3300_rp0.10_mr1.14E-4_ss200.fa	long_content_30k_002	2312	29902
long_content_30k_002/lc30k002_2828_gc3300_rp0.15_mr1.14E-4_ss100.fa	long_content_30k_002	979	29902
long_content_30k_002/lc30k002_2829_gc3300_rp0.15_mr1.14E-4_ss200.fa	long_content_30k_002	3765	29902
long_content_30k_002/lc30k002_282_gc3300_rp0.07_mr1.14E-4_ss100.fa	long_content_30k_002	895	29902
long_content_30k_002/lc30k002_2830_gc3300_rp0.07_mr1.14E-4_ss200.fa	long_content_30k_002	2095	29902
long_content_30k_002/lc30k002_2831_gc3300_rp0.05_mr1.14E-4_ss200.fa	long_content_30k_002	584	29902
long_content_30k_002/lc30k002_2832_gc3300_rp0.10_mr1.14E-4_ss100.fa	long_content_30k_002	619	29902
long_content_30k_002/lc30k002_2833_gc3300_rp0.05_mr1.14E-4_ss100.fa	long_content_30k_002	273	29902
long_content_30k_002/lc30k002_2834_gc3300_rp0.07_mr1.14E-4_ss100.fa	long_content_30k_002	79	29902
long_content_30k_002/lc30k002_2835_gc3300_rp0.10_mr1.14E-4_ss200.fa	long_content_30k_002	923	29902
long_content_30k_002/lc30k002_2836_gc3300_rp0.15_mr1.14E-4_ss100.fa	long_content_30k_002	1287	29902
long_content_30k_002/lc30k002_2837_gc3300_rp0.15_mr1.14E-4_ss200.fa	long_content_30k_002	5440	29902
long_content_30k_002/lc30k002_2838_gc3300_rp0.07_mr1.14E-4_ss200.fa	long_content_30k_002	1162	29902
long_content_30k_002/lc30k002_2839_gc3300_rp0.05_mr1.14E-4_ss200.fa	long_content_30k_002	306	29902
long_content_30k_002/lc30k002_283_gc3300_rp0.10_mr1.14E-4_ss200.fa	long_content_30k_002	4757	29902
long_content_30k_002/lc30k002_2840_gc3300_rp0.10_mr1.14E-4_ss100.fa	long_content_30k_002	544	29902
long_content_30k_002/lc30k002_2841_gc3300_rp0.05_mr1.14E-4_ss100.fa	long_content_30k_002	183	29902
long_content_30k_002/lc30k002_2842_gc3300_rp0.07_mr1.14E-4_ss100.fa	long_content_30k_002	986	29902
long_content_30k_002/lc30k002_2843_gc3300_rp0.10_mr1.14E-4_ss200.fa	long_content_30k_002	785	29902
long_content_30k_002/lc30k002_2844_gc3300_rp0.15_mr1.14E-4_ss100.fa	long_content_30k_002	838	29902
long_content_30k_002/lc30k002_2845_gc3300_rp0.15_mr1.14E-4_ss200.fa	long_content_30k_002	1128	29902
long_content_30k_002/lc30k002_2846_gc3300_rp0.07_mr1.14E-4_ss200.fa	long_content_30k_002	950	29902
long_content_30k_002/lc30k002_2847_gc3300_rp0.05_mr1.14E-4_ss200.fa	long_content_30k_002	639	29902
long_content_30k_002/lc30k002_2848_gc3300_rp0.10_mr1.14E-4_ss100.fa	long_content_30k_002	950	29902
long_content_30k_002/lc30k002_2849_gc3300_rp0.05_mr1.14E-4_ss100.fa	long_content_30k_002	112	29902
long_content_30k_002/lc30k002_284_gc3300_rp0.15_mr1.14E-4_ss100.fa	long_content_30k_002	2450	29902
long_content_30k_002/lc30k002_2850_gc3300_rp0.07_mr1.14E-4_ss100.fa	long_content_30k_002	188	29902
long_content_30k_002/lc30k002_2851_gc3300_rp0.10_mr1.14E-4_ss200.fa	long_content_30k_002	1976	29902
long_content_30k_002/lc30k002_2852_gc3300_rp0.15_mr1.14E-4_ss100.fa	long_content_30k_002	419	29902
long_content_30k_002/lc30k002_2853_gc3300_rp0.15_mr1.14E-4_ss200.fa	long_content_30k_002	1712	29902
long_content_30k_002/lc30k002_2854_gc3300_rp0.07_mr1.14E-4_ss200.fa	long_content_30k_002	1222	29902
long_content_30k_002/lc30k002_2855_gc3300_rp0.05_mr1.14E-4_ss200.fa	long_content_30k_002	317	29902
long_content_30k_002/lc30k002_2856_gc3300_rp0.10_mr1.14E-4_ss100.fa	long_content_30k_002	2556	29902
long_content_30k_002/lc30k002_2857_gc3300_rp0.05_mr1.14E-4_ss100.fa	long_content_30k_002	476	29902
long_content_30k_002/lc30k002_2858_gc3300_rp0.07_mr1.14E-4_ss100.fa	long_content_30k_002	187	29902
long_content_30k_002/lc30k002_2859_gc3300_rp0.10_mr1.14E-4_ss200.fa	long_content_30k_002	3386	29902
long_content_30k_002/lc30k002_285_gc3300_rp0.15_mr1.14E-4_ss200.fa	long_content_30k_002	3628	29902
long_content_30k_002/lc30k002_2860_gc3300_rp0.15_mr1.14E-4_ss100.fa	long_content_30k_002	724	29902
long_content_30k_002/lc30k002_2861_gc3300_rp0.15_mr1.14E-4_ss200.fa	long_content_30k_002	5657	29902
long_content_30k_002/lc30k002_2862_gc3300_rp0.07_mr1.14E-4_ss200.fa	long_content_30k_002	472	29902
long_content_30k_002/lc30k002_2863_gc3300_rp0.05_mr1.14E-4_ss200.fa	long_content_30k_002	1263	29902
long_content_30k_002/lc30k002_2864_gc3300_rp0.10_mr1.14E-4_ss100.fa	long_content_30k_002	433	29902
long_content_30k_002/lc30k002_2865_gc3300_rp0.05_mr1.14E-4_ss100.fa	long_content_30k_002	286	29902
long_content_30k_002/lc30k002_2866_gc3300_rp0.07_mr1.14E-4_ss100.fa	long_content_30k_002	509	29902
long_content_30k_002/lc30k002_2867_gc3300_rp0.10_mr1.14E-4_ss200.fa	long_content_30k_002	815	29902
long_content_30k_002/lc30k002_2868_gc3300_rp0.15_mr1.14E-4_ss100.fa	long_content_30k_002	1648	29902
long_content_30k_002/lc30k002_2869_gc3300_rp0.15_mr1.14E-4_ss200.fa	long_content_30k_002	753	29902
long_content_30k_002/lc30k002_286_gc3300_rp0.07_mr1.14E-4_ss200.fa	long_content_30k_002	242	29902
long_content_30k_002/lc30k002_2870_gc3300_rp0.07_mr1.14E-4_ss200.fa	long_content_30k_002	1281	29902
long_content_30k_002/lc30k002_2871_gc3300_rp0.05_mr1.14E-4_ss200.fa	long_content_30k_002	563	29902
long_content_30k_002/lc30k002_2872_gc3300_rp0.10_mr1.14E-4_ss100.fa	long_content_30k_002	694	29902
long_content_30k_002/lc30k002_2873_gc3300_rp0.05_mr1.14E-4_ss100.fa	long_content_30k_002	620	29902
long_content_30k_002/lc30k002_2874_gc3300_rp0.07_mr1.14E-4_ss100.fa	long_content_30k_002	292	29902
long_content_30k_002/lc30k002_2875_gc3300_rp0.10_mr1.14E-4_ss200.fa	long_content_30k_002	928	29902
long_content_30k_002/lc30k002_2876_gc3300_rp0.15_mr1.14E-4_ss100.fa	long_content_30k_002	912	29902
long_content_30k_002/lc30k002_2877_gc3300_rp0.15_mr1.14E-4_ss200.fa	long_content_30k_002	4938	29902
long_content_30k_002/lc30k002_2878_gc3300_rp0.07_mr1.14E-4_ss200.fa	long_content_30k_002	340	29902
long_content_30k_002/lc30k002_2879_gc3300_rp0.05_mr1.14E-4_ss200.fa	long_content_30k_002	1260	29902
long_content_30k_002/lc30k002_287_gc3300_rp0.05_mr1.14E-4_ss200.fa	long_content_30k_002	2058	29902
long_content_30k_002/lc30k002_2880_gc3300_rp0.10_mr1.14E-4_ss100.fa	long_content_30k_002	2765	29902
long_content_30k_002/lc30k002_2881_gc3300_rp0.05_mr1.14E-4_ss100.fa	long_content_30k_002	135	29902
long_content_30k_002/lc30k002_2882_gc3300_rp0.07_mr1.14E-4_ss100.fa	long_content_30k_002	206	29902
long_content_30k_002/lc30k002_2883_gc3300_rp0.10_mr1.14E-4_ss200.fa	long_content_30k_002	1104	29902
long_content_30k_002/lc30k002_2884_gc3300_rp0.15_mr1.14E-4_ss100.fa	long_content_30k_002	895	29902
long_content_30k_002/lc30k002_2885_gc3300_rp0.15_mr1.14E-4_ss200.fa	long_content_30k_002	2806	29902
long_content_30k_002/lc30k002_2886_gc3300_rp0.07_mr1.14E-4_ss200.fa	long_content_30k_002	622	29902
long_content_30k_002/lc30k002_2887_gc3300_rp0.05_mr1.14E-4_ss200.fa	long_content_30k_002	447	29902
long_content_30k_002/lc30k002_2888_gc3300_rp0.10_mr1.14E-4_ss100.fa	long_content_30k_002	197	29902
long_content_30k_002/lc30k002_2889_gc3300_rp0.05_mr1.14E-4_ss100.fa	long_content_30k_002	168	28257
long_content_30k_002/lc30k002_288_gc3300_rp0.10_mr1.14E-4_ss100.fa	long_content_30k_002	712	29902
long_content_30k_002/lc30k002_2890_gc3300_rp0.07_mr1.14E-4_ss100.fa	long_content_30k_002	40	29902
long_content_30k_002/lc30k002_2891_gc3300_rp0.10_mr1.14E-4_ss200.fa	long_content_30k_002	768	29902
long_content_30k_002/lc30k002_2892_gc3300_rp0.15_mr1.14E-4_ss100.fa	long_content_30k_002	220	29902
long_content_30k_002/lc30k002_2893_gc3300_rp0.15_mr1.14E-4_ss200.fa	long_content_30k_002	410	29902
long_content_30k_002/lc30k002_2894_gc3300_rp0.07_mr1.14E-4_ss200.fa	long_content_30k_002	1496	29902
long_content_30k_002/lc30k002_2895_gc3300_rp0.05_mr1.14E-4_ss200.fa	long_content_30k_002	90	26199
long_content_30k_002/lc30k002_2896_gc3300_rp0.10_mr1.14E-4_ss100.fa	long_content_30k_002	257	29902
long_content_30k_002/lc30k002_2897_gc3300_rp0.05_mr1.14E-4_ss100.fa	long_content_30k_002	478	29902
long_content_30k_002/lc30k002_2898_gc3300_rp0.07_mr1.14E-4_ss100.fa	long_content_30k_002	156	29902
long_content_30k_002/lc30k002_2899_gc3300_rp0.10_mr1.14E-4_ss200.fa	long_content_30k_002	3223	29902
long_content_30k_002/lc30k002_289_gc3300_rp0.05_mr1.14E-4_ss100.fa	long_content_30k_002	277	29902
long_content_30k_002/lc30k002_2900_gc3300_rp0.15_mr1.14E-4_ss100.fa	long_content_30k_002	994	29902
long_content_30k_002/lc30k002_2901_gc3300_rp0.15_mr1.14E-4_ss200.fa	long_content_30k_002	1852	29902
long_content_30k_002/lc30k002_2902_gc3300_rp0.07_mr1.14E-4_ss200.fa	long_content_30k_002	241	29902
long_content_30k_002/lc30k002_2903_gc3300_rp0.05_mr1.14E-4_ss200.fa	long_content_30k_002	133	29902
long_content_30k_002/lc30k002_2904_gc3300_rp0.10_mr1.14E-4_ss100.fa	long_content_30k_002	186	29902
long_content_30k_002/lc30k002_2905_gc3300_rp0.05_mr1.14E-4_ss100.fa	long_content_30k_002	223	29902
long_content_30k_002/lc30k002_2906_gc3300_rp0.07_mr1.14E-4_ss100.fa	long_content_30k_002	72	29902
long_content_30k_002/lc30k002_2907_gc3300_rp0.10_mr1.14E-4_ss200.fa	long_content_30k_002	1057	29902
long_content_30k_002/lc30k002_2908_gc3300_rp0.15_mr1.14E-4_ss100.fa	long_content_30k_002	1110	29902
long_content_30k_002/lc30k002_2909_gc3300_rp0.15_mr1.14E-4_ss200.fa	long_content_30k_002	1139	29902
long_content_30k_002/lc30k002_290_gc3300_rp0.07_mr1.14E-4_ss100.fa	long_content_30k_002	116	29902
long_content_30k_002/lc30k002_2910_gc3300_rp0.07_mr1.14E-4_ss200.fa	long_content_30k_002	640	29902
long_content_30k_002/lc30k002_2911_gc3300_rp0.05_mr1.14E-4_ss200.fa	long_content_30k_002	389	29902
long_content_30k_002/lc30k002_2912_gc3300_rp0.10_mr1.14E-4_ss100.fa	long_content_30k_002	763	29902
long_content_30k_002/lc30k002_2913_gc3300_rp0.05_mr1.14E-4_ss100.fa	long_content_30k_002	460	29902
long_content_30k_002/lc30k002_2914_gc3300_rp0.07_mr1.14E-4_ss100.fa	long_content_30k_002	49	29902
long_content_30k_002/lc30k002_2915_gc3300_rp0.10_mr1.14E-4_ss200.fa	long_content_30k_002	460	29902
long_content_30k_002/lc30k002_2916_gc3300_rp0.15_mr1.14E-4_ss100.fa	long_content_30k_002	748	29902
long_content_30k_002/lc30k002_2917_gc3300_rp0.15_mr1.14E-4_ss200.fa	long_content_30k_002	5615	29902
long_content_30k_002/lc30k002_2918_gc3300_rp0.07_mr1.14E-4_ss200.fa	long_content_30k_002	1981	29902
long_content_30k_002/lc30k002_2919_gc3300_rp0.05_mr1.14E-4_ss200.fa	long_content_30k_002	550	29902
long_content_30k_002/lc30k002_291_gc3300_rp0.10_mr1.14E-4_ss200.fa	long_content_30k_002	2692	29902
long_content_30k_002/lc30k002_2920_gc3300_rp0.10_mr1.14E-4_ss100.fa	long_content_30k_002	733	29902
long_content_30k_002/lc30k002_2921_gc3300_rp0.05_mr1.14E-4_ss100.fa	long_content_30k_002	25	29902
long_content_30k_002/lc30k002_2922_gc3300_rp0.07_mr1.14E-4_ss100.fa	long_content_30k_002	185	29902
long_content_30k_002/lc30k002_2923_gc3300_rp0.10_mr1.14E-4_ss200.fa	long_content_30k_002	1026	29902
long_content_30k_002/lc30k002_2924_gc3300_rp0.15_mr1.14E-4_ss100.fa	long_content_30k_002	683	29902
long_content_30k_002/lc30k002_2925_gc3300_rp0.15_mr1.14E-4_ss200.fa	long_content_30k_002	2396	29902
long_content_30k_002/lc30k002_2926_gc3300_rp0.07_mr1.14E-4_ss200.fa	long_content_30k_002	1084	29902
long_content_30k_002/lc30k002_2927_gc3300_rp0.05_mr1.14E-4_ss200.fa	long_content_30k_002	154	29902
long_content_30k_002/lc30k002_2928_gc3300_rp0.10_mr1.14E-4_ss100.fa	long_content_30k_002	498	29902
long_content_30k_002/lc30k002_2929_gc3300_rp0.05_mr1.14E-4_ss100.fa	long_content_30k_002	297	29902
long_content_30k_002/lc30k002_292_gc3300_rp0.15_mr1.14E-4_ss100.fa	long_content_30k_002	561	29902
long_content_30k_002/lc30k002_2930_gc3300_rp0.07_mr1.14E-4_ss100.fa	long_content_30k_002	1111	29902
long_content_30k_002/lc30k002_2931_gc3300_rp0.10_mr1.14E-4_ss200.fa	long_content_30k_002	1159	29902
long_content_30k_002/lc30k002_2932_gc3300_rp0.15_mr1.14E-4_ss100.fa	long_content_30k_002	1972	29902
long_content_30k_002/lc30k002_2933_gc3300_rp0.15_mr1.14E-4_ss200.fa	long_content_30k_002	3382	29902
long_content_30k_002/lc30k002_2934_gc3300_rp0.07_mr1.14E-4_ss200.fa	long_content_30k_002	486	29902
long_content_30k_002/lc30k002_2935_gc3300_rp0.05_mr1.14E-4_ss200.fa	long_content_30k_002	288	29902
long_content_30k_002/lc30k002_2936_gc3300_rp0.10_mr1.14E-4_ss100.fa	long_content_30k_002	747	29902
long_content_30k_002/lc30k002_2937_gc3300_rp0.05_mr1.14E-4_ss100.fa	long_content_30k_002	678	29902
long_content_30k_002/lc30k002_2938_gc3300_rp0.07_mr1.14E-4_ss100.fa	long_content_30k_002	148	29902
long_content_30k_002/lc30k002_2939_gc3300_rp0.10_mr1.14E-4_ss200.fa	long_content_30k_002	464	29902
long_content_30k_002/lc30k002_293_gc3300_rp0.15_mr1.14E-4_ss200.fa	long_content_30k_002	3601	29902
long_content_30k_002/lc30k002_2940_gc3300_rp0.15_mr1.14E-4_ss100.fa	long_content_30k_002	4049	29902
long_content_30k_002/lc30k002_2941_gc3300_rp0.15_mr1.14E-4_ss200.fa	long_content_30k_002	1717	29902
long_content_30k_002/lc30k002_2942_gc3300_rp0.07_mr1.14E-4_ss200.fa	long_content_30k_002	735	29902
long_content_30k_002/lc30k002_2943_gc3300_rp0.05_mr1.14E-4_ss200.fa	long_content_30k_002	120	29902
long_content_30k_002/lc30k002_2944_gc3300_rp0.10_mr1.14E-4_ss100.fa	long_content_30k_002	463	29902
long_content_30k_002/lc30k002_2945_gc3300_rp0.05_mr1.14E-4_ss100.fa	long_content_30k_002	678	29902
long_content_30k_002/lc30k002_2946_gc3300_rp0.07_mr1.14E-4_ss100.fa	long_content_30k_002	9	29902
long_content_30k_002/lc30k002_2947_gc3300_rp0.10_mr1.14E-4_ss200.fa	long_content_30k_002	989	29902
long_content_30k_002/lc30k002_2948_gc3300_rp0.15_mr1.14E-4_ss100.fa	long_content_30k_002	638	29902
long_content_30k_002/lc30k002_2949_gc3300_rp0.15_mr1.14E-4_ss200.fa	long_content_30k_002	936	29902
long_content_30k_002/lc30k002_294_gc3300_rp0.07_mr1.14E-4_ss200.fa	long_content_30k_002	1128	29902
long_content_30k_002/lc30k002_2950_gc3300_rp0.07_mr1.14E-4_ss200.fa	long_content_30k_002	989	29902
long_content_30k_002/lc30k002_2951_gc3300_rp0.05_mr1.14E-4_ss200.fa	long_content_30k_002	1760	29902
long_content_30k_002/lc30k002_2952_gc3300_rp0.10_mr1.14E-4_ss100.fa	long_content_30k_002	305	29902
long_content_30k_002/lc30k002_2953_gc3300_rp0.05_mr1.14E-4_ss100.fa	long_content_30k_002	287	29902
long_content_30k_002/lc30k002_2954_gc3300_rp0.07_mr1.14E-4_ss100.fa	long_content_30k_002	331	29902
long_content_30k_002/lc30k002_2955_gc3300_rp0.10_mr1.14E-4_ss200.fa	long_content_30k_002	1615	29902
long_content_30k_002/lc30k002_2956_gc3300_rp0.15_mr1.14E-4_ss100.fa	long_content_30k_002	923	29902
long_content_30k_002/lc30k002_2957_gc3300_rp0.15_mr1.14E-4_ss200.fa	long_content_30k_002	6311	29902
long_content_30k_002/lc30k002_2958_gc3300_rp0.07_mr1.14E-4_ss200.fa	long_content_30k_002	2436	29902
long_content_30k_002/lc30k002_2959_gc3300_rp0.05_mr1.14E-4_ss200.fa	long_content_30k_002	198	29902
long_content_30k_002/lc30k002_295_gc3300_rp0.05_mr1.14E-4_ss200.fa	long_content_30k_002	42	29902
long_content_30k_002/lc30k002_2960_gc3300_rp0.10_mr1.14E-4_ss100.fa	long_content_30k_002	825	29902
long_content_30k_002/lc30k002_2961_gc3300_rp0.05_mr1.14E-4_ss100.fa	long_content_30k_002	347	29902
long_content_30k_002/lc30k002_2962_gc3300_rp0.07_mr1.14E-4_ss100.fa	long_content_30k_002	111	29902
long_content_30k_002/lc30k002_2963_gc3300_rp0.10_mr1.14E-4_ss200.fa	long_content_30k_002	691	29902
long_content_30k_002/lc30k002_2964_gc3300_rp0.15_mr1.14E-4_ss100.fa	long_content_30k_002	970	29902
long_content_30k_002/lc30k002_2965_gc3300_rp0.15_mr1.14E-4_ss200.fa	long_content_30k_002	1953	29902
long_content_30k_002/lc30k002_2966_gc3300_rp0.07_mr1.14E-4_ss200.fa	long_content_30k_002	1150	29902
long_content_30k_002/lc30k002_2967_gc3300_rp0.05_mr1.14E-4_ss200.fa	long_content_30k_002	209	29902
long_content_30k_002/lc30k002_2968_gc3300_rp0.10_mr1.14E-4_ss100.fa	long_content_30k_002	654	29902
long_content_30k_002/lc30k002_2969_gc3300_rp0.05_mr1.14E-4_ss100.fa	long_content_30k_002	113	29902
long_content_30k_002/lc30k002_296_gc3300_rp0.10_mr1.14E-4_ss100.fa	long_content_30k_002	1166	29902
long_content_30k_002/lc30k002_2970_gc3300_rp0.07_mr1.14E-4_ss100.fa	long_content_30k_002	715	29902
long_content_30k_002/lc30k002_2971_gc3300_rp0.10_mr1.14E-4_ss200.fa	long_content_30k_002	677	29902
long_content_30k_002/lc30k002_2972_gc3300_rp0.15_mr1.14E-4_ss100.fa	long_content_30k_002	1064	29902
long_content_30k_002/lc30k002_2973_gc3300_rp0.15_mr1.14E-4_ss200.fa	long_content_30k_002	1801	29902
long_content_30k_002/lc30k002_2974_gc3300_rp0.07_mr1.14E-4_ss200.fa	long_content_30k_002	363	29902
long_content_30k_002/lc30k002_2975_gc3300_rp0.05_mr1.14E-4_ss200.fa	long_content_30k_002	376	29902
long_content_30k_002/lc30k002_2976_gc3300_rp0.10_mr1.14E-4_ss100.fa	long_content_30k_002	349	29902
long_content_30k_002/lc30k002_2977_gc3300_rp0.05_mr1.14E-4_ss100.fa	long_content_30k_002	635	29902
long_content_30k_002/lc30k002_2978_gc3300_rp0.07_mr1.14E-4_ss100.fa	long_content_30k_002	387	29902
long_content_30k_002/lc30k002_2979_gc3300_rp0.10_mr1.14E-4_ss200.fa	long_content_30k_002	184	29902
long_content_30k_002/lc30k002_297_gc3300_rp0.05_mr1.14E-4_ss100.fa	long_content_30k_002	55	29902
long_content_30k_002/lc30k002_2980_gc3300_rp0.15_mr1.14E-4_ss100.fa	long_content_30k_002	1794	29902
long_content_30k_002/lc30k002_2981_gc3300_rp0.15_mr1.14E-4_ss200.fa	long_content_30k_002	3263	29902
long_content_30k_002/lc30k002_2982_gc3300_rp0.07_mr1.14E-4_ss200.fa	long_content_30k_002	210	29902
long_content_30k_002/lc30k002_2983_gc3300_rp0.05_mr1.14E-4_ss200.fa	long_content_30k_002	305	29902
long_content_30k_002/lc30k002_2984_gc3300_rp0.10_mr1.14E-4_ss100.fa	long_content_30k_002	1216	29902
long_content_30k_002/lc30k002_2985_gc3300_rp0.05_mr1.14E-4_ss100.fa	long_content_30k_002	135	29902
long_content_30k_002/lc30k002_2986_gc3300_rp0.07_mr1.14E-4_ss100.fa	long_content_30k_002	159	29902
long_content_30k_002/lc30k002_2987_gc3300_rp0.10_mr1.14E-4_ss200.fa	long_content_30k_002	1344	29902
long_content_30k_002/lc30k002_2988_gc3300_rp0.15_mr1.14E-4_ss100.fa	long_content_30k_002	2258	29902
long_content_30k_002/lc30k002_2989_gc3300_rp0.15_mr1.14E-4_ss200.fa	long_content_30k_002	1486	29902
long_content_30k_002/lc30k002_298_gc3300_rp0.07_mr1.14E-4_ss100.fa	long_content_30k_002	576	29902
long_content_30k_002/lc30k002_2990_gc3300_rp0.07_mr1.14E-4_ss200.fa	long_content_30k_002	380	29902
long_content_30k_002/lc30k002_2991_gc3300_rp0.05_mr1.14E-4_ss200.fa	long_content_30k_002	326	29902
long_content_30k_002/lc30k002_2992_gc3300_rp0.10_mr1.14E-4_ss100.fa	long_content_30k_002	1842	29902
long_content_30k_002/lc30k002_2993_gc3300_rp0.05_mr1.14E-4_ss100.fa	long_content_30k_002	104	29902
long_content_30k_002/lc30k002_2994_gc3300_rp0.07_mr1.14E-4_ss100.fa	long_content_30k_002	225	29902
long_content_30k_002/lc30k002_2995_gc3300_rp0.10_mr1.14E-4_ss200.fa	long_content_30k_002	557	29902
long_content_30k_002/lc30k002_2996_gc3300_rp0.15_mr1.14E-4_ss100.fa	long_content_30k_002	1347	29902
long_content_30k_002/lc30k002_2997_gc3300_rp0.15_mr1.14E-4_ss200.fa	long_content_30k_002	2636	29902
long_content_30k_002/lc30k002_2998_gc3300_rp0.07_mr1.14E-4_ss200.fa	long_content_30k_002	153	29902
long_content_30k_002/lc30k002_2999_gc3300_rp0.05_mr1.14E-4_ss200.fa	long_content_30k_002	215	29902
long_content_30k_002/lc30k002_299_gc3300_rp0.10_mr1.14E-4_ss200.fa	long_content_30k_002	272	29902
long_content_30k_002/lc30k002_3000_gc3300_rp0.10_mr1.14E-4_ss100.fa	long_content_30k_002	329	29902
long_content_30k_002/lc30k002_3001_gc3300_rp0.05_mr1.14E-4_ss100.fa	long_content_30k_002	530	29902
long_content_30k_002/lc30k002_3002_gc3300_rp0.07_mr1.14E-4_ss100.fa	long_content_30k_002	103	29902
long_content_30k_002/lc30k002_3003_gc3300_rp0.10_mr1.14E-4_ss200.fa	long_content_30k_002	724	29902
long_content_30k_002/lc30k002_3004_gc3300_rp0.15_mr1.14E-4_ss100.fa	long_content_30k_002	426	29902
long_content_30k_002/lc30k002_3005_gc3300_rp0.15_mr1.14E-4_ss200.fa	long_content_30k_002	4521	29902
long_content_30k_002/lc30k002_3006_gc3300_rp0.07_mr1.14E-4_ss200.fa	long_content_30k_002	667	29902
long_content_30k_002/lc30k002_3007_gc3300_rp0.05_mr1.14E-4_ss200.fa	long_content_30k_002	1014	29902
long_content_30k_002/lc30k002_3008_gc3300_rp0.10_mr1.14E-4_ss100.fa	long_content_30k_002	243	29902
long_content_30k_002/lc30k002_3009_gc3300_rp0.05_mr1.14E-4_ss100.fa	long_content_30k_002	191	29902
long_content_30k_002/lc30k002_300_gc3300_rp0.15_mr1.14E-4_ss100.fa	long_content_30k_002	709	29902
long_content_30k_002/lc30k002_3010_gc3300_rp0.07_mr1.14E-4_ss100.fa	long_content_30k_002	496	29902
long_content_30k_002/lc30k002_3011_gc3300_rp0.10_mr1.14E-4_ss200.fa	long_content_30k_002	3394	29902
long_content_30k_002/lc30k002_3012_gc3300_rp0.15_mr1.14E-4_ss100.fa	long_content_30k_002	332	29902
long_content_30k_002/lc30k002_3013_gc3300_rp0.15_mr1.14E-4_ss200.fa	long_content_30k_002	1167	29902
long_content_30k_002/lc30k002_3014_gc3300_rp0.07_mr1.14E-4_ss200.fa	long_content_30k_002	1311	29902
long_content_30k_002/lc30k002_3015_gc3300_rp0.05_mr1.14E-4_ss200.fa	long_content_30k_002	198	29902
long_content_30k_002/lc30k002_3016_gc3300_rp0.10_mr1.14E-4_ss100.fa	long_content_30k_002	445	29902
long_content_30k_002/lc30k002_3017_gc3300_rp0.05_mr1.14E-4_ss100.fa	long_content_30k_002	205	29902
long_content_30k_002/lc30k002_3018_gc3300_rp0.07_mr1.14E-4_ss100.fa	long_content_30k_002	225	29902
long_content_30k_002/lc30k002_3019_gc3300_rp0.10_mr1.14E-4_ss200.fa	long_content_30k_002	455	29902
long_content_30k_002/lc30k002_301_gc3300_rp0.15_mr1.14E-4_ss200.fa	long_content_30k_002	2292	29902
long_content_30k_002/lc30k002_3020_gc3300_rp0.15_mr1.14E-4_ss100.fa	long_content_30k_002	1108	29902
long_content_30k_002/lc30k002_3021_gc3300_rp0.15_mr1.14E-4_ss200.fa	long_content_30k_002	4223	29902
long_content_30k_002/lc30k002_3022_gc3300_rp0.07_mr1.14E-4_ss200.fa	long_content_30k_002	108	29902
long_content_30k_002/lc30k002_3023_gc3300_rp0.05_mr1.14E-4_ss200.fa	long_content_30k_002	493	29902
long_content_30k_002/lc30k002_3024_gc3300_rp0.10_mr1.14E-4_ss100.fa	long_content_30k_002	707	29902
long_content_30k_002/lc30k002_3025_gc3300_rp0.05_mr1.14E-4_ss100.fa	long_content_30k_002	110	29902
long_content_30k_002/lc30k002_3026_gc3300_rp0.07_mr1.14E-4_ss100.fa	long_content_30k_002	205	29902
long_content_30k_002/lc30k002_3027_gc3300_rp0.10_mr1.14E-4_ss200.fa	long_content_30k_002	866	29902
long_content_30k_002/lc30k002_3028_gc3300_rp0.15_mr1.14E-4_ss100.fa	long_content_30k_002	1364	29902
long_content_30k_002/lc30k002_3029_gc3300_rp0.15_mr1.14E-4_ss200.fa	long_content_30k_002	618	29902
long_content_30k_002/lc30k002_302_gc3300_rp0.07_mr1.14E-4_ss200.fa	long_content_30k_002	691	29902
long_content_30k_002/lc30k002_3030_gc3300_rp0.07_mr1.14E-4_ss200.fa	long_content_30k_002	1126	29902
long_content_30k_002/lc30k002_3031_gc3300_rp0.05_mr1.14E-4_ss200.fa	long_content_30k_002	1244	29902
long_content_30k_002/lc30k002_3032_gc3300_rp0.10_mr1.14E-4_ss100.fa	long_content_30k_002	1830	29902
long_content_30k_002/lc30k002_3033_gc3300_rp0.05_mr1.14E-4_ss100.fa	long_content_30k_002	61	29902
long_content_30k_002/lc30k002_3034_gc3300_rp0.07_mr1.14E-4_ss100.fa	long_content_30k_002	69	29902
long_content_30k_002/lc30k002_3035_gc3300_rp0.10_mr1.14E-4_ss200.fa	long_content_30k_002	4778	29902
long_content_30k_002/lc30k002_3036_gc3300_rp0.15_mr1.14E-4_ss100.fa	long_content_30k_002	1506	29902
long_content_30k_002/lc30k002_3037_gc3300_rp0.15_mr1.14E-4_ss200.fa	long_content_30k_002	4431	29902
long_content_30k_002/lc30k002_3038_gc3300_rp0.07_mr1.14E-4_ss200.fa	long_content_30k_002	935	29902
long_content_30k_002/lc30k002_3039_gc3300_rp0.05_mr1.14E-4_ss200.fa	long_content_30k_002	827	29902
long_content_30k_002/lc30k002_303_gc3300_rp0.05_mr1.14E-4_ss200.fa	long_content_30k_002	487	29902
long_content_30k_002/lc30k002_3040_gc3300_rp0.10_mr1.14E-4_ss100.fa	long_content_30k_002	177	29902
long_content_30k_002/lc30k002_3041_gc3300_rp0.05_mr1.14E-4_ss100.fa	long_content_30k_002	423	29902
long_content_30k_002/lc30k002_3042_gc3300_rp0.07_mr1.14E-4_ss100.fa	long_content_30k_002	124	29902
long_content_30k_002/lc30k002_3043_gc3300_rp0.10_mr1.14E-4_ss200.fa	long_content_30k_002	2642	29902
long_content_30k_002/lc30k002_3044_gc3300_rp0.15_mr1.14E-4_ss100.fa	long_content_30k_002	1424	29902
long_content_30k_002/lc30k002_3045_gc3300_rp0.15_mr1.14E-4_ss200.fa	long_content_30k_002	3108	29902
long_content_30k_002/lc30k002_3046_gc3300_rp0.07_mr1.14E-4_ss200.fa	long_content_30k_002	285	29902
long_content_30k_002/lc30k002_3047_gc3300_rp0.05_mr1.14E-4_ss200.fa	long_content_30k_002	24	29902
long_content_30k_002/lc30k002_3048_gc3300_rp0.10_mr1.14E-4_ss100.fa	long_content_30k_002	722	29902
long_content_30k_002/lc30k002_3049_gc3300_rp0.05_mr1.14E-4_ss100.fa	long_content_30k_002	1039	29902
long_content_30k_002/lc30k002_304_gc3300_rp0.10_mr1.14E-4_ss100.fa	long_content_30k_002	362	29902
long_content_30k_002/lc30k002_3050_gc3300_rp0.07_mr1.14E-4_ss100.fa	long_content_30k_002	702	29902
long_content_30k_002/lc30k002_3051_gc3300_rp0.10_mr1.14E-4_ss200.fa	long_content_30k_002	2113	29902
long_content_30k_002/lc30k002_3052_gc3300_rp0.15_mr1.14E-4_ss100.fa	long_content_30k_002	796	29902
long_content_30k_002/lc30k002_3053_gc3300_rp0.15_mr1.14E-4_ss200.fa	long_content_30k_002	748	29902
long_content_30k_002/lc30k002_3054_gc3300_rp0.07_mr1.14E-4_ss200.fa	long_content_30k_002	341	29902
long_content_30k_002/lc30k002_3055_gc3300_rp0.05_mr1.14E-4_ss200.fa	long_content_30k_002	405	29902
long_content_30k_002/lc30k002_3056_gc3300_rp0.10_mr1.14E-4_ss100.fa	long_content_30k_002	2544	29902
long_content_30k_002/lc30k002_3057_gc3300_rp0.05_mr1.14E-4_ss100.fa	long_content_30k_002	203	29902
long_content_30k_002/lc30k002_3058_gc3300_rp0.07_mr1.14E-4_ss100.fa	long_content_30k_002	337	29902
long_content_30k_002/lc30k002_3059_gc3300_rp0.10_mr1.14E-4_ss200.fa	long_content_30k_002	1261	29902
long_content_30k_002/lc30k002_305_gc3300_rp0.05_mr1.14E-4_ss100.fa	long_content_30k_002	526	29902
long_content_30k_002/lc30k002_3060_gc3300_rp0.15_mr1.14E-4_ss100.fa	long_content_30k_002	2063	29902
long_content_30k_002/lc30k002_3061_gc3300_rp0.15_mr1.14E-4_ss200.fa	long_content_30k_002	3525	29902
long_content_30k_002/lc30k002_3062_gc3300_rp0.07_mr1.14E-4_ss200.fa	long_content_30k_002	1037	29902
long_content_30k_002/lc30k002_3063_gc3300_rp0.05_mr1.14E-4_ss200.fa	long_content_30k_002	864	29902
long_content_30k_002/lc30k002_3064_gc3300_rp0.10_mr1.14E-4_ss100.fa	long_content_30k_002	922	29902
long_content_30k_002/lc30k002_3065_gc3300_rp0.05_mr1.14E-4_ss100.fa	long_content_30k_002	602	29902
long_content_30k_002/lc30k002_3066_gc3300_rp0.07_mr1.14E-4_ss100.fa	long_content_30k_002	760	29457
long_content_30k_002/lc30k002_3067_gc3300_rp0.10_mr1.14E-4_ss200.fa	long_content_30k_002	2072	29902
long_content_30k_002/lc30k002_3068_gc3300_rp0.15_mr1.14E-4_ss100.fa	long_content_30k_002	1310	29902
long_content_30k_002/lc30k002_3069_gc3300_rp0.15_mr1.14E-4_ss200.fa	long_content_30k_002	1320	29902
long_content_30k_002/lc30k002_306_gc3300_rp0.07_mr1.14E-4_ss100.fa	long_content_30k_002	167	29902
long_content_30k_002/lc30k002_3070_gc3300_rp0.07_mr1.14E-4_ss200.fa	long_content_30k_002	483	29902
long_content_30k_002/lc30k002_3071_gc3300_rp0.05_mr1.14E-4_ss200.fa	long_content_30k_002	669	29902
long_content_30k_002/lc30k002_3072_gc3300_rp0.10_mr1.14E-4_ss100.fa	long_content_30k_002	124	29902
long_content_30k_002/lc30k002_3073_gc3300_rp0.05_mr1.14E-4_ss100.fa	long_content_30k_002	111	29902
long_content_30k_002/lc30k002_3074_gc3300_rp0.07_mr1.14E-4_ss100.fa	long_content_30k_002	595	29902
long_content_30k_002/lc30k002_3075_gc3300_rp0.10_mr1.14E-4_ss200.fa	long_content_30k_002	2155	29902
long_content_30k_002/lc30k002_3076_gc3300_rp0.15_mr1.14E-4_ss100.fa	long_content_30k_002	1891	29902
long_content_30k_002/lc30k002_3077_gc3300_rp0.15_mr1.14E-4_ss200.fa	long_content_30k_002	1853	29902
long_content_30k_002/lc30k002_3078_gc3300_rp0.07_mr1.14E-4_ss200.fa	long_content_30k_002	359	29902
long_content_30k_002/lc30k002_3079_gc3300_rp0.05_mr1.14E-4_ss200.fa	long_content_30k_002	351	29902
long_content_30k_002/lc30k002_307_gc3300_rp0.10_mr1.14E-4_ss200.fa	long_content_30k_002	1339	29902
long_content_30k_002/lc30k002_3080_gc3300_rp0.10_mr1.14E-4_ss100.fa	long_content_30k_002	613	29902
long_content_30k_002/lc30k002_3081_gc3300_rp0.05_mr1.14E-4_ss100.fa	long_content_30k_002	63	29902
long_content_30k_002/lc30k002_3082_gc3300_rp0.07_mr1.14E-4_ss100.fa	long_content_30k_002	127	29902
long_content_30k_002/lc30k002_3083_gc3300_rp0.10_mr1.14E-4_ss200.fa	long_content_30k_002	4000	29902
long_content_30k_002/lc30k002_3084_gc3300_rp0.15_mr1.14E-4_ss100.fa	long_content_30k_002	405	29902
long_content_30k_002/lc30k002_3085_gc3300_rp0.15_mr1.14E-4_ss200.fa	long_content_30k_002	1186	29902
long_content_30k_002/lc30k002_3086_gc3300_rp0.07_mr1.14E-4_ss200.fa	long_content_30k_002	2503	29902
long_content_30k_002/lc30k002_3087_gc3300_rp0.05_mr1.14E-4_ss200.fa	long_content_30k_002	300	29902
long_content_30k_002/lc30k002_3088_gc3300_rp0.10_mr1.14E-4_ss100.fa	long_content_30k_002	806	29902
long_content_30k_002/lc30k002_3089_gc3300_rp0.05_mr1.14E-4_ss100.fa	long_content_30k_002	236	29902
long_content_30k_002/lc30k002_308_gc3300_rp0.15_mr1.14E-4_ss100.fa	long_content_30k_002	1924	29902
long_content_30k_002/lc30k002_3090_gc3300_rp0.07_mr1.14E-4_ss100.fa	long_content_30k_002	138	29902
long_content_30k_002/lc30k002_3091_gc3300_rp0.10_mr1.14E-4_ss200.fa	long_content_30k_002	1267	29902
long_content_30k_002/lc30k002_3092_gc3300_rp0.15_mr1.14E-4_ss100.fa	long_content_30k_002	2459	29902
long_content_30k_002/lc30k002_3093_gc3300_rp0.15_mr1.14E-4_ss200.fa	long_content_30k_002	1363	29902
long_content_30k_002/lc30k002_3094_gc3300_rp0.07_mr1.14E-4_ss200.fa	long_content_30k_002	459	29902
long_content_30k_002/lc30k002_3095_gc3300_rp0.05_mr1.14E-4_ss200.fa	long_content_30k_002	580	29902
long_content_30k_002/lc30k002_3096_gc3300_rp0.10_mr1.14E-4_ss100.fa	long_content_30k_002	1238	29902
long_content_30k_002/lc30k002_3097_gc3300_rp0.05_mr1.14E-4_ss100.fa	long_content_30k_002	68	29902
long_content_30k_002/lc30k002_3098_gc3300_rp0.07_mr1.14E-4_ss100.fa	long_content_30k_002	921	29902
long_content_30k_002/lc30k002_3099_gc3300_rp0.10_mr1.14E-4_ss200.fa	long_content_30k_002	1012	29902
long_content_30k_002/lc30k002_309_gc3300_rp0.15_mr1.14E-4_ss200.fa	long_content_30k_002	1199	29902
long_content_30k_002/lc30k002_3100_gc3300_rp0.15_mr1.14E-4_ss100.fa	long_content_30k_002	637	29902
long_content_30k_002/lc30k002_3101_gc3300_rp0.15_mr1.14E-4_ss200.fa	long_content_30k_002	2626	29902
long_content_30k_002/lc30k002_3102_gc3300_rp0.07_mr1.14E-4_ss200.fa	long_content_30k_002	1476	29902
long_content_30k_002/lc30k002_3103_gc3300_rp0.05_mr1.14E-4_ss200.fa	long_content_30k_002	355	29902
long_content_30k_002/lc30k002_3104_gc3300_rp0.10_mr1.14E-4_ss100.fa	long_content_30k_002	1974	29902
long_content_30k_002/lc30k002_3105_gc3300_rp0.05_mr1.14E-4_ss100.fa	long_content_30k_002	112	29902
long_content_30k_002/lc30k002_3106_gc3300_rp0.07_mr1.14E-4_ss100.fa	long_content_30k_002	255	29902
long_content_30k_002/lc30k002_3107_gc3300_rp0.10_mr1.14E-4_ss200.fa	long_content_30k_002	1789	29902
long_content_30k_002/lc30k002_3108_gc3300_rp0.15_mr1.14E-4_ss100.fa	long_content_30k_002	1277	29902
long_content_30k_002/lc30k002_3109_gc3300_rp0.15_mr1.14E-4_ss200.fa	long_content_30k_002	1739	29902
long_content_30k_002/lc30k002_310_gc3300_rp0.07_mr1.14E-4_ss200.fa	long_content_30k_002	148	29902
long_content_30k_002/lc30k002_3110_gc3300_rp0.07_mr1.14E-4_ss200.fa	long_content_30k_002	91	29902
long_content_30k_002/lc30k002_3111_gc3300_rp0.05_mr1.14E-4_ss200.fa	long_content_30k_002	466	29902
long_content_30k_002/lc30k002_3112_gc3300_rp0.10_mr1.14E-4_ss100.fa	long_content_30k_002	591	29902
long_content_30k_002/lc30k002_3113_gc3300_rp0.05_mr1.14E-4_ss100.fa	long_content_30k_002	216	29902
long_content_30k_002/lc30k002_3114_gc3300_rp0.07_mr1.14E-4_ss100.fa	long_content_30k_002	348	29902
long_content_30k_002/lc30k002_3115_gc3300_rp0.10_mr1.14E-4_ss200.fa	long_content_30k_002	1141	29902
long_content_30k_002/lc30k002_3116_gc3300_rp0.15_mr1.14E-4_ss100.fa	long_content_30k_002	2057	29902
long_content_30k_002/lc30k002_3117_gc3300_rp0.15_mr1.14E-4_ss200.fa	long_content_30k_002	1359	29902
long_content_30k_002/lc30k002_3118_gc3300_rp0.07_mr1.14E-4_ss200.fa	long_content_30k_002	509	29902
long_content_30k_002/lc30k002_3119_gc3300_rp0.05_mr1.14E-4_ss200.fa	long_content_30k_002	794	29902
long_content_30k_002/lc30k002_311_gc3300_rp0.05_mr1.14E-4_ss200.fa	long_content_30k_002	751	29565
long_content_30k_002/lc30k002_3120_gc3300_rp0.10_mr1.14E-4_ss100.fa	long_content_30k_002	1477	29902
long_content_30k_002/lc30k002_3121_gc3300_rp0.05_mr1.14E-4_ss100.fa	long_content_30k_002	369	29902
long_content_30k_002/lc30k002_3122_gc3300_rp0.07_mr1.14E-4_ss100.fa	long_content_30k_002	368	29902
long_content_30k_002/lc30k002_3123_gc3300_rp0.10_mr1.14E-4_ss200.fa	long_content_30k_002	1295	29902
long_content_30k_002/lc30k002_3124_gc3300_rp0.15_mr1.14E-4_ss100.fa	long_content_30k_002	1947	29902
long_content_30k_002/lc30k002_3125_gc3300_rp0.15_mr1.14E-4_ss200.fa	long_content_30k_002	1789	29902
long_content_30k_002/lc30k002_3126_gc3300_rp0.07_mr1.14E-4_ss200.fa	long_content_30k_002	964	29902
long_content_30k_002/lc30k002_3127_gc3300_rp0.05_mr1.14E-4_ss200.fa	long_content_30k_002	721	29902
long_content_30k_002/lc30k002_3128_gc3300_rp0.10_mr1.14E-4_ss100.fa	long_content_30k_002	2096	29902
long_content_30k_002/lc30k002_3129_gc3300_rp0.05_mr1.14E-4_ss100.fa	long_content_30k_002	596	29902
long_content_30k_002/lc30k002_312_gc3300_rp0.10_mr1.14E-4_ss100.fa	long_content_30k_002	565	29902
long_content_30k_002/lc30k002_3130_gc3300_rp0.07_mr1.14E-4_ss100.fa	long_content_30k_002	263	29902
long_content_30k_002/lc30k002_3131_gc3300_rp0.10_mr1.14E-4_ss200.fa	long_content_30k_002	927	29902
long_content_30k_002/lc30k002_3132_gc3300_rp0.15_mr1.14E-4_ss100.fa	long_content_30k_002	1007	29902
long_content_30k_002/lc30k002_3133_gc3300_rp0.15_mr1.14E-4_ss200.fa	long_content_30k_002	5728	29902
long_content_30k_002/lc30k002_3134_gc3300_rp0.07_mr1.14E-4_ss200.fa	long_content_30k_002	399	29902
long_content_30k_002/lc30k002_3135_gc3300_rp0.05_mr1.14E-4_ss200.fa	long_content_30k_002	198	29902
long_content_30k_002/lc30k002_3136_gc3300_rp0.10_mr1.14E-4_ss100.fa	long_content_30k_002	282	29902
long_content_30k_002/lc30k002_3137_gc3300_rp0.05_mr1.14E-4_ss100.fa	long_content_30k_002	108	29902
long_content_30k_002/lc30k002_3138_gc3300_rp0.07_mr1.14E-4_ss100.fa	long_content_30k_002	618	29902
long_content_30k_002/lc30k002_3139_gc3300_rp0.10_mr1.14E-4_ss200.fa	long_content_30k_002	1763	29902
long_content_30k_002/lc30k002_313_gc3300_rp0.05_mr1.14E-4_ss100.fa	long_content_30k_002	322	29902
long_content_30k_002/lc30k002_3140_gc3300_rp0.15_mr1.14E-4_ss100.fa	long_content_30k_002	2671	29902
long_content_30k_002/lc30k002_3141_gc3300_rp0.15_mr1.14E-4_ss200.fa	long_content_30k_002	1034	29902
long_content_30k_002/lc30k002_3142_gc3300_rp0.07_mr1.14E-4_ss200.fa	long_content_30k_002	358	29902
long_content_30k_002/lc30k002_3143_gc3300_rp0.05_mr1.14E-4_ss200.fa	long_content_30k_002	1120	29902
long_content_30k_002/lc30k002_3144_gc3300_rp0.10_mr1.14E-4_ss100.fa	long_content_30k_002	307	29902
long_content_30k_002/lc30k002_3145_gc3300_rp0.05_mr1.14E-4_ss100.fa	long_content_30k_002	347	29902
long_content_30k_002/lc30k002_3146_gc3300_rp0.07_mr1.14E-4_ss100.fa	long_content_30k_002	180	29902
long_content_30k_002/lc30k002_3147_gc3300_rp0.10_mr1.14E-4_ss200.fa	long_content_30k_002	1621	29902
long_content_30k_002/lc30k002_3148_gc3300_rp0.15_mr1.14E-4_ss100.fa	long_content_30k_002	519	29902
long_content_30k_002/lc30k002_3149_gc3300_rp0.15_mr1.14E-4_ss200.fa	long_content_30k_002	1341	29902
long_content_30k_002/lc30k002_314_gc3300_rp0.07_mr1.14E-4_ss100.fa	long_content_30k_002	1137	29902
long_content_30k_002/lc30k002_3150_gc3300_rp0.07_mr1.14E-4_ss200.fa	long_content_30k_002	416	29902
long_content_30k_002/lc30k002_3151_gc3300_rp0.05_mr1.14E-4_ss200.fa	long_content_30k_002	601	25428
long_content_30k_002/lc30k002_3152_gc3300_rp0.10_mr1.14E-4_ss100.fa	long_content_30k_002	560	29902
long_content_30k_002/lc30k002_3153_gc3300_rp0.05_mr1.14E-4_ss100.fa	long_content_30k_002	95	29902
long_content_30k_002/lc30k002_3154_gc3300_rp0.07_mr1.14E-4_ss100.fa	long_content_30k_002	262	29902
long_content_30k_002/lc30k002_3155_gc3300_rp0.10_mr1.14E-4_ss200.fa	long_content_30k_002	1243	29902
long_content_30k_002/lc30k002_3156_gc3300_rp0.15_mr1.14E-4_ss100.fa	long_content_30k_002	1066	29902
long_content_30k_002/lc30k002_3157_gc3300_rp0.15_mr1.14E-4_ss200.fa	long_content_30k_002	12452	29902
long_content_30k_002/lc30k002_3158_gc3300_rp0.07_mr1.14E-4_ss200.fa	long_content_30k_002	2859	29902
long_content_30k_002/lc30k002_3159_gc3300_rp0.05_mr1.14E-4_ss200.fa	long_content_30k_002	1110	29902
long_content_30k_002/lc30k002_315_gc3300_rp0.10_mr1.14E-4_ss200.fa	long_content_30k_002	446	29902
long_content_30k_002/lc30k002_3160_gc3300_rp0.10_mr1.14E-4_ss100.fa	long_content_30k_002	493	29902
long_content_30k_002/lc30k002_3161_gc3300_rp0.05_mr1.14E-4_ss100.fa	long_content_30k_002	401	29902
long_content_30k_002/lc30k002_3162_gc3300_rp0.07_mr1.14E-4_ss100.fa	long_content_30k_002	497	29902
long_content_30k_002/lc30k002_3163_gc3300_rp0.10_mr1.14E-4_ss200.fa	long_content_30k_002	1723	29902
long_content_30k_002/lc30k002_3164_gc3300_rp0.15_mr1.14E-4_ss100.fa	long_content_30k_002	2748	29902
long_content_30k_002/lc30k002_3165_gc3300_rp0.15_mr1.14E-4_ss200.fa	long_content_30k_002	4946	29902
long_content_30k_002/lc30k002_3166_gc3300_rp0.07_mr1.14E-4_ss200.fa	long_content_30k_002	1083	29902
long_content_30k_002/lc30k002_3167_gc3300_rp0.05_mr1.14E-4_ss200.fa	long_content_30k_002	289	29902
long_content_30k_002/lc30k002_3168_gc3300_rp0.10_mr1.14E-4_ss100.fa	long_content_30k_002	669	29902
long_content_30k_002/lc30k002_3169_gc3300_rp0.05_mr1.14E-4_ss100.fa	long_content_30k_002	251	29902
long_content_30k_002/lc30k002_316_gc3300_rp0.15_mr1.14E-4_ss100.fa	long_content_30k_002	949	29902
long_content_30k_002/lc30k002_3170_gc3300_rp0.07_mr1.14E-4_ss100.fa	long_content_30k_002	267	29902
long_content_30k_002/lc30k002_3171_gc3300_rp0.10_mr1.14E-4_ss200.fa	long_content_30k_002	218	29902
long_content_30k_002/lc30k002_3172_gc3300_rp0.15_mr1.14E-4_ss100.fa	long_content_30k_002	3617	29902
long_content_30k_002/lc30k002_3173_gc3300_rp0.15_mr1.14E-4_ss200.fa	long_content_30k_002	4419	29902
long_content_30k_002/lc30k002_3174_gc3300_rp0.07_mr1.14E-4_ss200.fa	long_content_30k_002	1411	29902
long_content_30k_002/lc30k002_3175_gc3300_rp0.05_mr1.14E-4_ss200.fa	long_content_30k_002	1032	29902
long_content_30k_002/lc30k002_3176_gc3300_rp0.10_mr1.14E-4_ss100.fa	long_content_30k_002	493	29902
long_content_30k_002/lc30k002_3177_gc3300_rp0.05_mr1.14E-4_ss100.fa	long_content_30k_002	108	29902
long_content_30k_002/lc30k002_3178_gc3300_rp0.07_mr1.14E-4_ss100.fa	long_content_30k_002	1227	29902
long_content_30k_002/lc30k002_3179_gc3300_rp0.10_mr1.14E-4_ss200.fa	long_content_30k_002	2500	29902
long_content_30k_002/lc30k002_317_gc3300_rp0.15_mr1.14E-4_ss200.fa	long_content_30k_002	1272	29902
long_content_30k_002/lc30k002_3180_gc3300_rp0.15_mr1.14E-4_ss100.fa	long_content_30k_002	1597	29902
long_content_30k_002/lc30k002_3181_gc3300_rp0.15_mr1.14E-4_ss200.fa	long_content_30k_002	891	29902
long_content_30k_002/lc30k002_3182_gc3300_rp0.07_mr1.14E-4_ss200.fa	long_content_30k_002	386	29902
long_content_30k_002/lc30k002_3183_gc3300_rp0.05_mr1.14E-4_ss200.fa	long_content_30k_002	678	29902
long_content_30k_002/lc30k002_3184_gc3300_rp0.10_mr1.14E-4_ss100.fa	long_content_30k_002	718	29902
long_content_30k_002/lc30k002_3185_gc3300_rp0.05_mr1.14E-4_ss100.fa	long_content_30k_002	432	29902
long_content_30k_002/lc30k002_3186_gc3300_rp0.07_mr1.14E-4_ss100.fa	long_content_30k_002	496	29902
long_content_30k_002/lc30k002_3187_gc3300_rp0.10_mr1.14E-4_ss200.fa	long_content_30k_002	2414	29902
long_content_30k_002/lc30k002_3188_gc3300_rp0.15_mr1.14E-4_ss100.fa	long_content_30k_002	1279	29902
long_content_30k_002/lc30k002_3189_gc3300_rp0.15_mr1.14E-4_ss200.fa	long_content_30k_002	4625	29902
long_content_30k_002/lc30k002_318_gc3300_rp0.07_mr1.14E-4_ss200.fa	long_content_30k_002	1757	29902
long_content_30k_002/lc30k002_3190_gc3300_rp0.07_mr1.14E-4_ss200.fa	long_content_30k_002	518	29902
long_content_30k_002/lc30k002_3191_gc3300_rp0.05_mr1.14E-4_ss200.fa	long_content_30k_002	57	29902
long_content_30k_002/lc30k002_3192_gc3300_rp0.10_mr1.14E-4_ss100.fa	long_content_30k_002	1047	29902
long_content_30k_002/lc30k002_3193_gc3300_rp0.05_mr1.14E-4_ss100.fa	long_content_30k_002	281	29902
long_content_30k_002/lc30k002_3194_gc3300_rp0.07_mr1.14E-4_ss100.fa	long_content_30k_002	109	29902
long_content_30k_002/lc30k002_3195_gc3300_rp0.10_mr1.14E-4_ss200.fa	long_content_30k_002	1213	29902
long_content_30k_002/lc30k002_3196_gc3300_rp0.15_mr1.14E-4_ss100.fa	long_content_30k_002	2255	29902
long_content_30k_002/lc30k002_3197_gc3300_rp0.15_mr1.14E-4_ss200.fa	long_content_30k_002	4258	29902
long_content_30k_002/lc30k002_3198_gc3300_rp0.07_mr1.14E-4_ss200.fa	long_content_30k_002	2857	29902
long_content_30k_002/lc30k002_3199_gc3300_rp0.05_mr1.14E-4_ss200.fa	long_content_30k_002	200	29902
long_content_30k_002/lc30k002_319_gc3300_rp0.05_mr1.14E-4_ss200.fa	long_content_30k_002	214	29902
long_content_30k_002/lc30k002_3200_gc3300_rp0.10_mr1.14E-4_ss100.fa	long_content_30k_002	338	29902
long_content_30k_002/lc30k002_3201_gc3300_rp0.05_mr1.14E-4_ss100.fa	long_content_30k_002	545	29902
long_content_30k_002/lc30k002_3202_gc3300_rp0.07_mr1.14E-4_ss100.fa	long_content_30k_002	155	29902
long_content_30k_002/lc30k002_3203_gc3300_rp0.10_mr1.14E-4_ss200.fa	long_content_30k_002	2210	29902
long_content_30k_002/lc30k002_3204_gc3300_rp0.15_mr1.14E-4_ss100.fa	long_content_30k_002	1290	29902
long_content_30k_002/lc30k002_3205_gc3300_rp0.15_mr1.14E-4_ss200.fa	long_content_30k_002	1922	29902
long_content_30k_002/lc30k002_3206_gc3300_rp0.07_mr1.14E-4_ss200.fa	long_content_30k_002	628	29902
long_content_30k_002/lc30k002_3207_gc3300_rp0.05_mr1.14E-4_ss200.fa	long_content_30k_002	629	28377
long_content_30k_002/lc30k002_3208_gc3300_rp0.10_mr1.14E-4_ss100.fa	long_content_30k_002	260	29902
long_content_30k_002/lc30k002_3209_gc3300_rp0.05_mr1.14E-4_ss100.fa	long_content_30k_002	447	29902
long_content_30k_002/lc30k002_320_gc3300_rp0.10_mr1.14E-4_ss100.fa	long_content_30k_002	276	29902
long_content_30k_002/lc30k002_3210_gc3300_rp0.07_mr1.14E-4_ss100.fa	long_content_30k_002	753	29902
long_content_30k_002/lc30k002_3211_gc3300_rp0.10_mr1.14E-4_ss200.fa	long_content_30k_002	336	29902
long_content_30k_002/lc30k002_3212_gc3300_rp0.15_mr1.14E-4_ss100.fa	long_content_30k_002	337	29902
long_content_30k_002/lc30k002_3213_gc3300_rp0.15_mr1.14E-4_ss200.fa	long_content_30k_002	1436	29902
long_content_30k_002/lc30k002_3214_gc3300_rp0.07_mr1.14E-4_ss200.fa	long_content_30k_002	67	29902
long_content_30k_002/lc30k002_3215_gc3300_rp0.05_mr1.14E-4_ss200.fa	long_content_30k_002	632	29902
long_content_30k_002/lc30k002_3216_gc3300_rp0.10_mr1.14E-4_ss100.fa	long_content_30k_002	55	29902
long_content_30k_002/lc30k002_3217_gc3300_rp0.05_mr1.14E-4_ss100.fa	long_content_30k_002	50	29902
long_content_30k_002/lc30k002_3218_gc3300_rp0.07_mr1.14E-4_ss100.fa	long_content_30k_002	465	29902
long_content_30k_002/lc30k002_3219_gc3300_rp0.10_mr1.14E-4_ss200.fa	long_content_30k_002	1799	29902
long_content_30k_002/lc30k002_321_gc3300_rp0.05_mr1.14E-4_ss100.fa	long_content_30k_002	859	29902
long_content_30k_002/lc30k002_3220_gc3300_rp0.15_mr1.14E-4_ss100.fa	long_content_30k_002	1928	29902
long_content_30k_002/lc30k002_3221_gc3300_rp0.15_mr1.14E-4_ss200.fa	long_content_30k_002	409	29902
long_content_30k_002/lc30k002_3222_gc3300_rp0.07_mr1.14E-4_ss200.fa	long_content_30k_002	1281	29902
long_content_30k_002/lc30k002_3223_gc3300_rp0.05_mr1.14E-4_ss200.fa	long_content_30k_002	464	29902
long_content_30k_002/lc30k002_3224_gc3300_rp0.10_mr1.14E-4_ss100.fa	long_content_30k_002	590	29902
long_content_30k_002/lc30k002_3225_gc3300_rp0.05_mr1.14E-4_ss100.fa	long_content_30k_002	134	29902
long_content_30k_002/lc30k002_3226_gc3300_rp0.07_mr1.14E-4_ss100.fa	long_content_30k_002	765	29902
long_content_30k_002/lc30k002_3227_gc3300_rp0.10_mr1.14E-4_ss200.fa	long_content_30k_002	1149	29902
long_content_30k_002/lc30k002_3228_gc3300_rp0.15_mr1.14E-4_ss100.fa	long_content_30k_002	1368	29902
long_content_30k_002/lc30k002_3229_gc3300_rp0.15_mr1.14E-4_ss200.fa	long_content_30k_002	4208	29902
long_content_30k_002/lc30k002_322_gc3300_rp0.07_mr1.14E-4_ss100.fa	long_content_30k_002	1731	29902
long_content_30k_002/lc30k002_3230_gc3300_rp0.07_mr1.14E-4_ss200.fa	long_content_30k_002	3913	29902
long_content_30k_002/lc30k002_3231_gc3300_rp0.05_mr1.14E-4_ss200.fa	long_content_30k_002	557	29902
long_content_30k_002/lc30k002_3232_gc3300_rp0.10_mr1.14E-4_ss100.fa	long_content_30k_002	1917	29902
long_content_30k_002/lc30k002_3233_gc3300_rp0.05_mr1.14E-4_ss100.fa	long_content_30k_002	398	29902
long_content_30k_002/lc30k002_3234_gc3300_rp0.07_mr1.14E-4_ss100.fa	long_content_30k_002	171	29902
long_content_30k_002/lc30k002_3235_gc3300_rp0.10_mr1.14E-4_ss200.fa	long_content_30k_002	2490	29902
long_content_30k_002/lc30k002_3236_gc3300_rp0.15_mr1.14E-4_ss100.fa	long_content_30k_002	387	29902
long_content_30k_002/lc30k002_3237_gc3300_rp0.15_mr1.14E-4_ss200.fa	long_content_30k_002	3370	29902
long_content_30k_002/lc30k002_3238_gc3300_rp0.07_mr1.14E-4_ss200.fa	long_content_30k_002	739	29902
long_content_30k_002/lc30k002_3239_gc3300_rp0.05_mr1.14E-4_ss200.fa	long_content_30k_002	707	29902
long_content_30k_002/lc30k002_323_gc3300_rp0.10_mr1.14E-4_ss200.fa	long_content_30k_002	1558	29902
long_content_30k_002/lc30k002_3240_gc3300_rp0.10_mr1.14E-4_ss100.fa	long_content_30k_002	1261	29902
long_content_30k_002/lc30k002_3241_gc3300_rp0.05_mr1.14E-4_ss100.fa	long_content_30k_002	412	29902
long_content_30k_002/lc30k002_3242_gc3300_rp0.07_mr1.14E-4_ss100.fa	long_content_30k_002	300	29902
long_content_30k_002/lc30k002_3243_gc3300_rp0.10_mr1.14E-4_ss200.fa	long_content_30k_002	1794	29902
long_content_30k_002/lc30k002_3244_gc3300_rp0.15_mr1.14E-4_ss100.fa	long_content_30k_002	3000	29902
long_content_30k_002/lc30k002_3245_gc3300_rp0.15_mr1.14E-4_ss200.fa	long_content_30k_002	2385	29902
long_content_30k_002/lc30k002_3246_gc3300_rp0.07_mr1.14E-4_ss200.fa	long_content_30k_002	216	29902
long_content_30k_002/lc30k002_3247_gc3300_rp0.05_mr1.14E-4_ss200.fa	long_content_30k_002	1020	29902
long_content_30k_002/lc30k002_3248_gc3300_rp0.10_mr1.14E-4_ss100.fa	long_content_30k_002	67	29902
long_content_30k_002/lc30k002_3249_gc3300_rp0.05_mr1.14E-4_ss100.fa	long_content_30k_002	446	29902
long_content_30k_002/lc30k002_324_gc3300_rp0.15_mr1.14E-4_ss100.fa	long_content_30k_002	1304	29902
long_content_30k_002/lc30k002_3250_gc3300_rp0.07_mr1.14E-4_ss100.fa	long_content_30k_002	363	29902
long_content_30k_002/lc30k002_3251_gc3300_rp0.10_mr1.14E-4_ss200.fa	long_content_30k_002	613	29902
long_content_30k_002/lc30k002_3252_gc3300_rp0.15_mr1.14E-4_ss100.fa	long_content_30k_002	1516	29902
long_content_30k_002/lc30k002_3253_gc3300_rp0.15_mr1.14E-4_ss200.fa	long_content_30k_002	2443	29902
long_content_30k_002/lc30k002_3254_gc3300_rp0.07_mr1.14E-4_ss200.fa	long_content_30k_002	149	29902
long_content_30k_002/lc30k002_3255_gc3300_rp0.05_mr1.14E-4_ss200.fa	long_content_30k_002	345	29902
long_content_30k_002/lc30k002_3256_gc3300_rp0.10_mr1.14E-4_ss100.fa	long_content_30k_002	1119	29902
long_content_30k_002/lc30k002_3257_gc3300_rp0.05_mr1.14E-4_ss100.fa	long_content_30k_002	251	29902
long_content_30k_002/lc30k002_3258_gc3300_rp0.07_mr1.14E-4_ss100.fa	long_content_30k_002	677	29902
long_content_30k_002/lc30k002_3259_gc3300_rp0.10_mr1.14E-4_ss200.fa	long_content_30k_002	580	29902
long_content_30k_002/lc30k002_325_gc3300_rp0.15_mr1.14E-4_ss200.fa	long_content_30k_002	4429	29902
long_content_30k_002/lc30k002_3260_gc3300_rp0.15_mr1.14E-4_ss100.fa	long_content_30k_002	1679	29902
long_content_30k_002/lc30k002_3261_gc3300_rp0.15_mr1.14E-4_ss200.fa	long_content_30k_002	2175	29902
long_content_30k_002/lc30k002_3262_gc3300_rp0.07_mr1.14E-4_ss200.fa	long_content_30k_002	877	29902
long_content_30k_002/lc30k002_3263_gc3300_rp0.05_mr1.14E-4_ss200.fa	long_content_30k_002	231	29902
long_content_30k_002/lc30k002_3264_gc3300_rp0.10_mr1.14E-4_ss100.fa	long_content_30k_002	1491	29902
long_content_30k_002/lc30k002_3265_gc3300_rp0.05_mr1.14E-4_ss100.fa	long_content_30k_002	307	29902
long_content_30k_002/lc30k002_3266_gc3300_rp0.07_mr1.14E-4_ss100.fa	long_content_30k_002	107	29902
long_content_30k_002/lc30k002_3267_gc3300_rp0.10_mr1.14E-4_ss200.fa	long_content_30k_002	1200	29902
long_content_30k_002/lc30k002_3268_gc3300_rp0.15_mr1.14E-4_ss100.fa	long_content_30k_002	1939	29902
long_content_30k_002/lc30k002_3269_gc3300_rp0.15_mr1.14E-4_ss200.fa	long_content_30k_002	1507	29902
long_content_30k_002/lc30k002_326_gc3300_rp0.07_mr1.14E-4_ss200.fa	long_content_30k_002	1517	29902
long_content_30k_002/lc30k002_3270_gc3300_rp0.07_mr1.14E-4_ss200.fa	long_content_30k_002	3508	29902
long_content_30k_002/lc30k002_3271_gc3300_rp0.05_mr1.14E-4_ss200.fa	long_content_30k_002	85	29902
long_content_30k_002/lc30k002_3272_gc3300_rp0.10_mr1.14E-4_ss100.fa	long_content_30k_002	1749	29902
long_content_30k_002/lc30k002_3273_gc3300_rp0.05_mr1.14E-4_ss100.fa	long_content_30k_002	85	29902
long_content_30k_002/lc30k002_3274_gc3300_rp0.07_mr1.14E-4_ss100.fa	long_content_30k_002	242	29902
long_content_30k_002/lc30k002_3275_gc3300_rp0.10_mr1.14E-4_ss200.fa	long_content_30k_002	742	29902
long_content_30k_002/lc30k002_3276_gc3300_rp0.15_mr1.14E-4_ss100.fa	long_content_30k_002	945	29902
long_content_30k_002/lc30k002_3277_gc3300_rp0.15_mr1.14E-4_ss200.fa	long_content_30k_002	5035	29902
long_content_30k_002/lc30k002_3278_gc3300_rp0.07_mr1.14E-4_ss200.fa	long_content_30k_002	244	29902
long_content_30k_002/lc30k002_3279_gc3300_rp0.05_mr1.14E-4_ss200.fa	long_content_30k_002	734	29902
long_content_30k_002/lc30k002_327_gc3300_rp0.05_mr1.14E-4_ss200.fa	long_content_30k_002	50	29902
long_content_30k_002/lc30k002_3280_gc3300_rp0.10_mr1.14E-4_ss100.fa	long_content_30k_002	742	29902
long_content_30k_002/lc30k002_3281_gc3300_rp0.05_mr1.14E-4_ss100.fa	long_content_30k_002	72	29902
long_content_30k_002/lc30k002_3282_gc3300_rp0.07_mr1.14E-4_ss100.fa	long_content_30k_002	465	29902
long_content_30k_002/lc30k002_3283_gc3300_rp0.10_mr1.14E-4_ss200.fa	long_content_30k_002	403	29902
long_content_30k_002/lc30k002_3284_gc3300_rp0.15_mr1.14E-4_ss100.fa	long_content_30k_002	718	29902
long_content_30k_002/lc30k002_3285_gc3300_rp0.15_mr1.14E-4_ss200.fa	long_content_30k_002	1810	29902
long_content_30k_002/lc30k002_3286_gc3300_rp0.07_mr1.14E-4_ss200.fa	long_content_30k_002	1593	29902
long_content_30k_002/lc30k002_3287_gc3300_rp0.05_mr1.14E-4_ss200.fa	long_content_30k_002	639	29902
long_content_30k_002/lc30k002_3288_gc3300_rp0.10_mr1.14E-4_ss100.fa	long_content_30k_002	443	29902
long_content_30k_002/lc30k002_3289_gc3300_rp0.05_mr1.14E-4_ss100.fa	long_content_30k_002	205	29902
long_content_30k_002/lc30k002_328_gc3300_rp0.10_mr1.14E-4_ss100.fa	long_content_30k_002	940	29902
long_content_30k_002/lc30k002_3290_gc3300_rp0.07_mr1.14E-4_ss100.fa	long_content_30k_002	258	29902
long_content_30k_002/lc30k002_3291_gc3300_rp0.10_mr1.14E-4_ss200.fa	long_content_30k_002	1082	29902
long_content_30k_002/lc30k002_3292_gc3300_rp0.15_mr1.14E-4_ss100.fa	long_content_30k_002	667	29902
long_content_30k_002/lc30k002_3293_gc3300_rp0.15_mr1.14E-4_ss200.fa	long_content_30k_002	3955	29902
long_content_30k_002/lc30k002_3294_gc3300_rp0.07_mr1.14E-4_ss200.fa	long_content_30k_002	1040	29902
long_content_30k_002/lc30k002_3295_gc3300_rp0.05_mr1.14E-4_ss200.fa	long_content_30k_002	853	29902
long_content_30k_002/lc30k002_3296_gc3300_rp0.10_mr1.14E-4_ss100.fa	long_content_30k_002	912	29902
long_content_30k_002/lc30k002_3297_gc3300_rp0.05_mr1.14E-4_ss100.fa	long_content_30k_002	42	27810
long_content_30k_002/lc30k002_3298_gc3300_rp0.07_mr1.14E-4_ss100.fa	long_content_30k_002	792	29902
long_content_30k_002/lc30k002_3299_gc3300_rp0.10_mr1.14E-4_ss200.fa	long_content_30k_002	1733	29902
long_content_30k_002/lc30k002_329_gc3300_rp0.05_mr1.14E-4_ss100.fa	long_content_30k_002	309	29902
long_content_30k_002/lc30k002_3300_gc3300_rp0.15_mr1.14E-4_ss100.fa	long_content_30k_002	415	29902
long_content_30k_002/lc30k002_3301_gc3300_rp0.15_mr1.14E-4_ss200.fa	long_content_30k_002	3273	29902
long_content_30k_002/lc30k002_3302_gc3300_rp0.07_mr1.14E-4_ss200.fa	long_content_30k_002	955	29902
long_content_30k_002/lc30k002_3303_gc3300_rp0.05_mr1.14E-4_ss200.fa	long_content_30k_002	795	29902
long_content_30k_002/lc30k002_3304_gc3300_rp0.10_mr1.14E-4_ss100.fa	long_content_30k_002	687	29902
long_content_30k_002/lc30k002_3305_gc3300_rp0.05_mr1.14E-4_ss100.fa	long_content_30k_002	514	29902
long_content_30k_002/lc30k002_3306_gc3300_rp0.07_mr1.14E-4_ss100.fa	long_content_30k_002	392	29902
long_content_30k_002/lc30k002_3307_gc3300_rp0.10_mr1.14E-4_ss200.fa	long_content_30k_002	2019	29902
long_content_30k_002/lc30k002_3308_gc3300_rp0.15_mr1.14E-4_ss100.fa	long_content_30k_002	720	29902
long_content_30k_002/lc30k002_3309_gc3300_rp0.15_mr1.14E-4_ss200.fa	long_content_30k_002	2100	29902
long_content_30k_002/lc30k002_330_gc3300_rp0.07_mr1.14E-4_ss100.fa	long_content_30k_002	205	29902
long_content_30k_002/lc30k002_3310_gc3300_rp0.07_mr1.14E-4_ss200.fa	long_content_30k_002	596	29902
long_content_30k_002/lc30k002_3311_gc3300_rp0.05_mr1.14E-4_ss200.fa	long_content_30k_002	113	29902
long_content_30k_002/lc30k002_3312_gc3300_rp0.10_mr1.14E-4_ss100.fa	long_content_30k_002	549	29902
long_content_30k_002/lc30k002_3313_gc3300_rp0.05_mr1.14E-4_ss100.fa	long_content_30k_002	245	29902
long_content_30k_002/lc30k002_3314_gc3300_rp0.07_mr1.14E-4_ss100.fa	long_content_30k_002	246	29902
long_content_30k_002/lc30k002_3315_gc3300_rp0.10_mr1.14E-4_ss200.fa	long_content_30k_002	1082	29902
long_content_30k_002/lc30k002_3316_gc3300_rp0.15_mr1.14E-4_ss100.fa	long_content_30k_002	1007	29902
long_content_30k_002/lc30k002_3317_gc3300_rp0.15_mr1.14E-4_ss200.fa	long_content_30k_002	342	29902
long_content_30k_002/lc30k002_3318_gc3300_rp0.07_mr1.14E-4_ss200.fa	long_content_30k_002	604	29902
long_content_30k_002/lc30k002_3319_gc3300_rp0.05_mr1.14E-4_ss200.fa	long_content_30k_002	772	29902
long_content_30k_002/lc30k002_331_gc3300_rp0.10_mr1.14E-4_ss200.fa	long_content_30k_002	2160	29902
long_content_30k_002/lc30k002_3320_gc3300_rp0.10_mr1.14E-4_ss100.fa	long_content_30k_002	1154	29902
long_content_30k_002/lc30k002_3321_gc3300_rp0.05_mr1.14E-4_ss100.fa	long_content_30k_002	44	29902
long_content_30k_002/lc30k002_3322_gc3300_rp0.07_mr1.14E-4_ss100.fa	long_content_30k_002	244	29902
long_content_30k_002/lc30k002_3323_gc3300_rp0.10_mr1.14E-4_ss200.fa	long_content_30k_002	809	29902
long_content_30k_002/lc30k002_3324_gc3300_rp0.15_mr1.14E-4_ss100.fa	long_content_30k_002	1206	29902
long_content_30k_002/lc30k002_3325_gc3300_rp0.15_mr1.14E-4_ss200.fa	long_content_30k_002	6739	29902
long_content_30k_002/lc30k002_3326_gc3300_rp0.07_mr1.14E-4_ss200.fa	long_content_30k_002	258	29902
long_content_30k_002/lc30k002_3327_gc3300_rp0.05_mr1.14E-4_ss200.fa	long_content_30k_002	675	29902
long_content_30k_002/lc30k002_3328_gc3300_rp0.10_mr1.14E-4_ss100.fa	long_content_30k_002	836	29902
long_content_30k_002/lc30k002_3329_gc3300_rp0.05_mr1.14E-4_ss100.fa	long_content_30k_002	275	29902
long_content_30k_002/lc30k002_332_gc3300_rp0.15_mr1.14E-4_ss100.fa	long_content_30k_002	873	29902
long_content_30k_002/lc30k002_3330_gc3300_rp0.07_mr1.14E-4_ss100.fa	long_content_30k_002	363	29902
long_content_30k_002/lc30k002_3331_gc3300_rp0.10_mr1.14E-4_ss200.fa	long_content_30k_002	924	29902
long_content_30k_002/lc30k002_3332_gc3300_rp0.15_mr1.14E-4_ss100.fa	long_content_30k_002	1818	29902
long_content_30k_002/lc30k002_3333_gc3300_rp0.15_mr1.14E-4_ss200.fa	long_content_30k_002	826	29902
long_content_30k_002/lc30k002_3334_gc3300_rp0.07_mr1.14E-4_ss200.fa	long_content_30k_002	1157	29902
long_content_30k_002/lc30k002_3335_gc3300_rp0.05_mr1.14E-4_ss200.fa	long_content_30k_002	482	29902
long_content_30k_002/lc30k002_3336_gc3300_rp0.10_mr1.14E-4_ss100.fa	long_content_30k_002	432	29902
long_content_30k_002/lc30k002_3337_gc3300_rp0.05_mr1.14E-4_ss100.fa	long_content_30k_002	798	29902
long_content_30k_002/lc30k002_3338_gc3300_rp0.07_mr1.14E-4_ss100.fa	long_content_30k_002	74	29902
long_content_30k_002/lc30k002_3339_gc3300_rp0.10_mr1.14E-4_ss200.fa	long_content_30k_002	525	29902
long_content_30k_002/lc30k002_333_gc3300_rp0.15_mr1.14E-4_ss200.fa	long_content_30k_002	1417	29902
long_content_30k_002/lc30k002_3340_gc3300_rp0.15_mr1.14E-4_ss100.fa	long_content_30k_002	480	29902
long_content_30k_002/lc30k002_3341_gc3300_rp0.15_mr1.14E-4_ss200.fa	long_content_30k_002	5535	29902
long_content_30k_002/lc30k002_3342_gc3300_rp0.07_mr1.14E-4_ss200.fa	long_content_30k_002	1960	29902
long_content_30k_002/lc30k002_3343_gc3300_rp0.05_mr1.14E-4_ss200.fa	long_content_30k_002	156	29902
long_content_30k_002/lc30k002_3344_gc3300_rp0.10_mr1.14E-4_ss100.fa	long_content_30k_002	588	29902
long_content_30k_002/lc30k002_3345_gc3300_rp0.05_mr1.14E-4_ss100.fa	long_content_30k_002	307	29902
long_content_30k_002/lc30k002_3346_gc3300_rp0.07_mr1.14E-4_ss100.fa	long_content_30k_002	1053	29902
long_content_30k_002/lc30k002_3347_gc3300_rp0.10_mr1.14E-4_ss200.fa	long_content_30k_002	1113	29902
long_content_30k_002/lc30k002_3348_gc3300_rp0.15_mr1.14E-4_ss100.fa	long_content_30k_002	1926	29902
long_content_30k_002/lc30k002_3349_gc3300_rp0.15_mr1.14E-4_ss200.fa	long_content_30k_002	923	29902
long_content_30k_002/lc30k002_334_gc3300_rp0.07_mr1.14E-4_ss200.fa	long_content_30k_002	260	29902
long_content_30k_002/lc30k002_3350_gc3300_rp0.07_mr1.14E-4_ss200.fa	long_content_30k_002	109	29902
long_content_30k_002/lc30k002_3351_gc3300_rp0.05_mr1.14E-4_ss200.fa	long_content_30k_002	1505	29902
long_content_30k_002/lc30k002_3352_gc3300_rp0.10_mr1.14E-4_ss100.fa	long_content_30k_002	323	29902
long_content_30k_002/lc30k002_3353_gc3300_rp0.05_mr1.14E-4_ss100.fa	long_content_30k_002	191	29902
long_content_30k_002/lc30k002_3354_gc3300_rp0.07_mr1.14E-4_ss100.fa	long_content_30k_002	961	29902
long_content_30k_002/lc30k002_3355_gc3300_rp0.10_mr1.14E-4_ss200.fa	long_content_30k_002	2291	29902
long_content_30k_002/lc30k002_3356_gc3300_rp0.15_mr1.14E-4_ss100.fa	long_content_30k_002	1491	29902
long_content_30k_002/lc30k002_3357_gc3300_rp0.15_mr1.14E-4_ss200.fa	long_content_30k_002	1858	29902
long_content_30k_002/lc30k002_3358_gc3300_rp0.07_mr1.14E-4_ss200.fa	long_content_30k_002	696	29902
long_content_30k_002/lc30k002_3359_gc3300_rp0.05_mr1.14E-4_ss200.fa	long_content_30k_002	324	29902
long_content_30k_002/lc30k002_335_gc3300_rp0.05_mr1.14E-4_ss200.fa	long_content_30k_002	1450	29902
long_content_30k_002/lc30k002_3360_gc3300_rp0.10_mr1.14E-4_ss100.fa	long_content_30k_002	161	29902
long_content_30k_002/lc30k002_3361_gc3300_rp0.05_mr1.14E-4_ss100.fa	long_content_30k_002	34	29902
long_content_30k_002/lc30k002_3362_gc3300_rp0.07_mr1.14E-4_ss100.fa	long_content_30k_002	167	29902
long_content_30k_002/lc30k002_3363_gc3300_rp0.10_mr1.14E-4_ss200.fa	long_content_30k_002	5455	29902
long_content_30k_002/lc30k002_3364_gc3300_rp0.15_mr1.14E-4_ss100.fa	long_content_30k_002	799	29902
long_content_30k_002/lc30k002_3365_gc3300_rp0.15_mr1.14E-4_ss200.fa	long_content_30k_002	2913	29902
long_content_30k_002/lc30k002_3366_gc3300_rp0.07_mr1.14E-4_ss200.fa	long_content_30k_002	977	29902
long_content_30k_002/lc30k002_3367_gc3300_rp0.05_mr1.14E-4_ss200.fa	long_content_30k_002	374	29902
long_content_30k_002/lc30k002_3368_gc3300_rp0.10_mr1.14E-4_ss100.fa	long_content_30k_002	998	29902
long_content_30k_002/lc30k002_3369_gc3300_rp0.05_mr1.14E-4_ss100.fa	long_content_30k_002	352	29902
long_content_30k_002/lc30k002_336_gc3300_rp0.10_mr1.14E-4_ss100.fa	long_content_30k_002	337	29902
long_content_30k_002/lc30k002_3370_gc3300_rp0.07_mr1.14E-4_ss100.fa	long_content_30k_002	818	29902
long_content_30k_002/lc30k002_3371_gc3300_rp0.10_mr1.14E-4_ss200.fa	long_content_30k_002	232	29902
long_content_30k_002/lc30k002_3372_gc3300_rp0.15_mr1.14E-4_ss100.fa	long_content_30k_002	918	29902
long_content_30k_002/lc30k002_3373_gc3300_rp0.15_mr1.14E-4_ss200.fa	long_content_30k_002	1312	29902
long_content_30k_002/lc30k002_3374_gc3300_rp0.07_mr1.14E-4_ss200.fa	long_content_30k_002	1194	29902
long_content_30k_002/lc30k002_3375_gc3300_rp0.05_mr1.14E-4_ss200.fa	long_content_30k_002	120	29902
long_content_30k_002/lc30k002_3376_gc3300_rp0.10_mr1.14E-4_ss100.fa	long_content_30k_002	1390	29902
long_content_30k_002/lc30k002_3377_gc3300_rp0.05_mr1.14E-4_ss100.fa	long_content_30k_002	241	29902
long_content_30k_002/lc30k002_3378_gc3300_rp0.07_mr1.14E-4_ss100.fa	long_content_30k_002	176	29902
long_content_30k_002/lc30k002_3379_gc3300_rp0.10_mr1.14E-4_ss200.fa	long_content_30k_002	2494	29902
long_content_30k_002/lc30k002_337_gc3300_rp0.05_mr1.14E-4_ss100.fa	long_content_30k_002	421	29902
long_content_30k_002/lc30k002_3380_gc3300_rp0.15_mr1.14E-4_ss100.fa	long_content_30k_002	2779	29902
long_content_30k_002/lc30k002_3381_gc3300_rp0.15_mr1.14E-4_ss200.fa	long_content_30k_002	1467	29902
long_content_30k_002/lc30k002_3382_gc3300_rp0.07_mr1.14E-4_ss200.fa	long_content_30k_002	531	29902
long_content_30k_002/lc30k002_3383_gc3300_rp0.05_mr1.14E-4_ss200.fa	long_content_30k_002	701	29902
long_content_30k_002/lc30k002_3384_gc3300_rp0.10_mr1.14E-4_ss100.fa	long_content_30k_002	108	29902
long_content_30k_002/lc30k002_3385_gc3300_rp0.05_mr1.14E-4_ss100.fa	long_content_30k_002	101	29902
long_content_30k_002/lc30k002_3386_gc3300_rp0.07_mr1.14E-4_ss100.fa	long_content_30k_002	200	29902
long_content_30k_002/lc30k002_3387_gc3300_rp0.10_mr1.14E-4_ss200.fa	long_content_30k_002	457	29902
long_content_30k_002/lc30k002_3388_gc3300_rp0.15_mr1.14E-4_ss100.fa	long_content_30k_002	1452	29902
long_content_30k_002/lc30k002_3389_gc3300_rp0.15_mr1.14E-4_ss200.fa	long_content_30k_002	1702	29902
long_content_30k_002/lc30k002_338_gc3300_rp0.07_mr1.14E-4_ss100.fa	long_content_30k_002	221	29902
long_content_30k_002/lc30k002_3390_gc3300_rp0.07_mr1.14E-4_ss200.fa	long_content_30k_002	1433	29902
long_content_30k_002/lc30k002_3391_gc3300_rp0.05_mr1.14E-4_ss200.fa	long_content_30k_002	58	29902
long_content_30k_002/lc30k002_3392_gc3300_rp0.10_mr1.14E-4_ss100.fa	long_content_30k_002	1373	29902
long_content_30k_002/lc30k002_3393_gc3300_rp0.05_mr1.14E-4_ss100.fa	long_content_30k_002	367	29902
long_content_30k_002/lc30k002_3394_gc3300_rp0.07_mr1.14E-4_ss100.fa	long_content_30k_002	161	29902
long_content_30k_002/lc30k002_3395_gc3300_rp0.10_mr1.14E-4_ss200.fa	long_content_30k_002	2072	29902
long_content_30k_002/lc30k002_3396_gc3300_rp0.15_mr1.14E-4_ss100.fa	long_content_30k_002	2285	29902
long_content_30k_002/lc30k002_3397_gc3300_rp0.15_mr1.14E-4_ss200.fa	long_content_30k_002	2386	29902
long_content_30k_002/lc30k002_3398_gc3300_rp0.07_mr1.14E-4_ss200.fa	long_content_30k_002	1202	29902
long_content_30k_002/lc30k002_3399_gc3300_rp0.05_mr1.14E-4_ss200.fa	long_content_30k_002	365	29902
long_content_30k_002/lc30k002_339_gc3300_rp0.10_mr1.14E-4_ss200.fa	long_content_30k_002	1524	29902
long_content_30k_002/lc30k002_3400_gc3300_rp0.10_mr1.14E-4_ss100.fa	long_content_30k_002	753	29902
long_content_30k_002/lc30k002_3401_gc3300_rp0.05_mr1.14E-4_ss100.fa	long_content_30k_002	259	29902
long_content_30k_002/lc30k002_3402_gc3300_rp0.07_mr1.14E-4_ss100.fa	long_content_30k_002	219	29902
long_content_30k_002/lc30k002_3403_gc3300_rp0.10_mr1.14E-4_ss200.fa	long_content_30k_002	1147	29902
long_content_30k_002/lc30k002_3404_gc3300_rp0.15_mr1.14E-4_ss100.fa	long_content_30k_002	757	29902
long_content_30k_002/lc30k002_3405_gc3300_rp0.15_mr1.14E-4_ss200.fa	long_content_30k_002	2018	29902
long_content_30k_002/lc30k002_3406_gc3300_rp0.07_mr1.14E-4_ss200.fa	long_content_30k_002	643	29902
long_content_30k_002/lc30k002_3407_gc3300_rp0.05_mr1.14E-4_ss200.fa	long_content_30k_002	576	29902
long_content_30k_002/lc30k002_3408_gc3300_rp0.10_mr1.14E-4_ss100.fa	long_content_30k_002	263	29902
long_content_30k_002/lc30k002_3409_gc3300_rp0.05_mr1.14E-4_ss100.fa	long_content_30k_002	617	29902
long_content_30k_002/lc30k002_340_gc3300_rp0.15_mr1.14E-4_ss100.fa	long_content_30k_002	2620	29902
long_content_30k_002/lc30k002_3410_gc3300_rp0.07_mr1.14E-4_ss100.fa	long_content_30k_002	97	29902
long_content_30k_002/lc30k002_3411_gc3300_rp0.10_mr1.14E-4_ss200.fa	long_content_30k_002	1278	29902
long_content_30k_002/lc30k002_3412_gc3300_rp0.15_mr1.14E-4_ss100.fa	long_content_30k_002	722	29902
long_content_30k_002/lc30k002_3413_gc3300_rp0.15_mr1.14E-4_ss200.fa	long_content_30k_002	2107	29902
long_content_30k_002/lc30k002_3414_gc3300_rp0.07_mr1.14E-4_ss200.fa	long_content_30k_002	1593	29902
long_content_30k_002/lc30k002_3415_gc3300_rp0.05_mr1.14E-4_ss200.fa	long_content_30k_002	595	29902
long_content_30k_002/lc30k002_3416_gc3300_rp0.10_mr1.14E-4_ss100.fa	long_content_30k_002	845	29902
long_content_30k_002/lc30k002_3417_gc3300_rp0.05_mr1.14E-4_ss100.fa	long_content_30k_002	153	29902
long_content_30k_002/lc30k002_3418_gc3300_rp0.07_mr1.14E-4_ss100.fa	long_content_30k_002	167	29902
long_content_30k_002/lc30k002_3419_gc3300_rp0.10_mr1.14E-4_ss200.fa	long_content_30k_002	806	29902
long_content_30k_002/lc30k002_341_gc3300_rp0.15_mr1.14E-4_ss200.fa	long_content_30k_002	4228	29902
long_content_30k_002/lc30k002_3420_gc3300_rp0.15_mr1.14E-4_ss100.fa	long_content_30k_002	3398	29902
long_content_30k_002/lc30k002_3421_gc3300_rp0.15_mr1.14E-4_ss200.fa	long_content_30k_002	1778	29902
long_content_30k_002/lc30k002_3422_gc3300_rp0.07_mr1.14E-4_ss200.fa	long_content_30k_002	127	29902
long_content_30k_002/lc30k002_3423_gc3300_rp0.05_mr1.14E-4_ss200.fa	long_content_30k_002	274	29902
long_content_30k_002/lc30k002_3424_gc3300_rp0.10_mr1.14E-4_ss100.fa	long_content_30k_002	956	29902
long_content_30k_002/lc30k002_3425_gc3300_rp0.05_mr1.14E-4_ss100.fa	long_content_30k_002	338	29902
long_content_30k_002/lc30k002_3426_gc3300_rp0.07_mr1.14E-4_ss100.fa	long_content_30k_002	325	29902
long_content_30k_002/lc30k002_3427_gc3300_rp0.10_mr1.14E-4_ss200.fa	long_content_30k_002	2087	29902
long_content_30k_002/lc30k002_3428_gc3300_rp0.15_mr1.14E-4_ss100.fa	long_content_30k_002	2982	29902
long_content_30k_002/lc30k002_3429_gc3300_rp0.15_mr1.14E-4_ss200.fa	long_content_30k_002	2867	29902
long_content_30k_002/lc30k002_342_gc3300_rp0.07_mr1.14E-4_ss200.fa	long_content_30k_002	1392	29902
long_content_30k_002/lc30k002_3430_gc3300_rp0.07_mr1.14E-4_ss200.fa	long_content_30k_002	443	29902
long_content_30k_002/lc30k002_3431_gc3300_rp0.05_mr1.14E-4_ss200.fa	long_content_30k_002	299	29902
long_content_30k_002/lc30k002_3432_gc3300_rp0.10_mr1.14E-4_ss100.fa	long_content_30k_002	349	29902
long_content_30k_002/lc30k002_3433_gc3300_rp0.05_mr1.14E-4_ss100.fa	long_content_30k_002	264	29902
long_content_30k_002/lc30k002_3434_gc3300_rp0.07_mr1.14E-4_ss100.fa	long_content_30k_002	313	29902
long_content_30k_002/lc30k002_3435_gc3300_rp0.10_mr1.14E-4_ss200.fa	long_content_30k_002	1983	29902
long_content_30k_002/lc30k002_3436_gc3300_rp0.15_mr1.14E-4_ss100.fa	long_content_30k_002	839	29902
long_content_30k_002/lc30k002_3437_gc3300_rp0.15_mr1.14E-4_ss200.fa	long_content_30k_002	2470	29902
long_content_30k_002/lc30k002_3438_gc3300_rp0.07_mr1.14E-4_ss200.fa	long_content_30k_002	875	29902
long_content_30k_002/lc30k002_3439_gc3300_rp0.05_mr1.14E-4_ss200.fa	long_content_30k_002	394	29902
long_content_30k_002/lc30k002_343_gc3300_rp0.05_mr1.14E-4_ss200.fa	long_content_30k_002	462	29902
long_content_30k_002/lc30k002_3440_gc3300_rp0.10_mr1.14E-4_ss100.fa	long_content_30k_002	1109	29902
long_content_30k_002/lc30k002_3441_gc3300_rp0.05_mr1.14E-4_ss100.fa	long_content_30k_002	132	29541
long_content_30k_002/lc30k002_3442_gc3300_rp0.07_mr1.14E-4_ss100.fa	long_content_30k_002	470	29902
long_content_30k_002/lc30k002_3443_gc3300_rp0.10_mr1.14E-4_ss200.fa	long_content_30k_002	912	29902
long_content_30k_002/lc30k002_3444_gc3300_rp0.15_mr1.14E-4_ss100.fa	long_content_30k_002	2766	29902
long_content_30k_002/lc30k002_3445_gc3300_rp0.15_mr1.14E-4_ss200.fa	long_content_30k_002	5068	29902
long_content_30k_002/lc30k002_3446_gc3300_rp0.07_mr1.14E-4_ss200.fa	long_content_30k_002	388	29902
long_content_30k_002/lc30k002_3447_gc3300_rp0.05_mr1.14E-4_ss200.fa	long_content_30k_002	483	29902
long_content_30k_002/lc30k002_3448_gc3300_rp0.10_mr1.14E-4_ss100.fa	long_content_30k_002	630	29902
long_content_30k_002/lc30k002_3449_gc3300_rp0.05_mr1.14E-4_ss100.fa	long_content_30k_002	343	29902
long_content_30k_002/lc30k002_344_gc3300_rp0.10_mr1.14E-4_ss100.fa	long_content_30k_002	237	29902
long_content_30k_002/lc30k002_3450_gc3300_rp0.07_mr1.14E-4_ss100.fa	long_content_30k_002	53	29902
long_content_30k_002/lc30k002_3451_gc3300_rp0.10_mr1.14E-4_ss200.fa	long_content_30k_002	1049	29902
long_content_30k_002/lc30k002_3452_gc3300_rp0.15_mr1.14E-4_ss100.fa	long_content_30k_002	970	29902
long_content_30k_002/lc30k002_3453_gc3300_rp0.15_mr1.14E-4_ss200.fa	long_content_30k_002	2734	29902
long_content_30k_002/lc30k002_3454_gc3300_rp0.07_mr1.14E-4_ss200.fa	long_content_30k_002	1381	29902
long_content_30k_002/lc30k002_3455_gc3300_rp0.05_mr1.14E-4_ss200.fa	long_content_30k_002	393	29902
long_content_30k_002/lc30k002_3456_gc3300_rp0.10_mr1.14E-4_ss100.fa	long_content_30k_002	300	29902
long_content_30k_002/lc30k002_3457_gc3300_rp0.05_mr1.14E-4_ss100.fa	long_content_30k_002	312	29902
long_content_30k_002/lc30k002_3458_gc3300_rp0.07_mr1.14E-4_ss100.fa	long_content_30k_002	448	29902
long_content_30k_002/lc30k002_3459_gc3300_rp0.10_mr1.14E-4_ss200.fa	long_content_30k_002	944	29902
long_content_30k_002/lc30k002_345_gc3300_rp0.05_mr1.14E-4_ss100.fa	long_content_30k_002	177	29902
long_content_30k_002/lc30k002_3460_gc3300_rp0.15_mr1.14E-4_ss100.fa	long_content_30k_002	455	29902
long_content_30k_002/lc30k002_3461_gc3300_rp0.15_mr1.14E-4_ss200.fa	long_content_30k_002	4049	29902
long_content_30k_002/lc30k002_3462_gc3300_rp0.07_mr1.14E-4_ss200.fa	long_content_30k_002	695	29902
long_content_30k_002/lc30k002_3463_gc3300_rp0.05_mr1.14E-4_ss200.fa	long_content_30k_002	215	29902
long_content_30k_002/lc30k002_3464_gc3300_rp0.10_mr1.14E-4_ss100.fa	long_content_30k_002	1031	29902
long_content_30k_002/lc30k002_3465_gc3300_rp0.05_mr1.14E-4_ss100.fa	long_content_30k_002	193	29902
long_content_30k_002/lc30k002_3466_gc3300_rp0.07_mr1.14E-4_ss100.fa	long_content_30k_002	438	29902
long_content_30k_002/lc30k002_3467_gc3300_rp0.10_mr1.14E-4_ss200.fa	long_content_30k_002	217	29902
long_content_30k_002/lc30k002_3468_gc3300_rp0.15_mr1.14E-4_ss100.fa	long_content_30k_002	496	29902
long_content_30k_002/lc30k002_3469_gc3300_rp0.15_mr1.14E-4_ss200.fa	long_content_30k_002	5349	29902
long_content_30k_002/lc30k002_346_gc3300_rp0.07_mr1.14E-4_ss100.fa	long_content_30k_002	1143	29902
long_content_30k_002/lc30k002_3470_gc3300_rp0.07_mr1.14E-4_ss200.fa	long_content_30k_002	1048	29902
long_content_30k_002/lc30k002_3471_gc3300_rp0.05_mr1.14E-4_ss200.fa	long_content_30k_002	1892	29902
long_content_30k_002/lc30k002_3472_gc3300_rp0.10_mr1.14E-4_ss100.fa	long_content_30k_002	2208	29902
long_content_30k_002/lc30k002_3473_gc3300_rp0.05_mr1.14E-4_ss100.fa	long_content_30k_002	175	29902
long_content_30k_002/lc30k002_3474_gc3300_rp0.07_mr1.14E-4_ss100.fa	long_content_30k_002	513	29902
long_content_30k_002/lc30k002_3475_gc3300_rp0.10_mr1.14E-4_ss200.fa	long_content_30k_002	872	29902
long_content_30k_002/lc30k002_3476_gc3300_rp0.15_mr1.14E-4_ss100.fa	long_content_30k_002	464	29902
long_content_30k_002/lc30k002_3477_gc3300_rp0.15_mr1.14E-4_ss200.fa	long_content_30k_002	5726	29902
long_content_30k_002/lc30k002_3478_gc3300_rp0.07_mr1.14E-4_ss200.fa	long_content_30k_002	770	29902
long_content_30k_002/lc30k002_3479_gc3300_rp0.05_mr1.14E-4_ss200.fa	long_content_30k_002	613	29902
long_content_30k_002/lc30k002_347_gc3300_rp0.10_mr1.14E-4_ss200.fa	long_content_30k_002	1480	29902
long_content_30k_002/lc30k002_3480_gc3300_rp0.10_mr1.14E-4_ss100.fa	long_content_30k_002	489	29902
long_content_30k_002/lc30k002_3481_gc3300_rp0.05_mr1.14E-4_ss100.fa	long_content_30k_002	140	29902
long_content_30k_002/lc30k002_3482_gc3300_rp0.07_mr1.14E-4_ss100.fa	long_content_30k_002	114	29902
long_content_30k_002/lc30k002_3483_gc3300_rp0.10_mr1.14E-4_ss200.fa	long_content_30k_002	1762	29902
long_content_30k_002/lc30k002_3484_gc3300_rp0.15_mr1.14E-4_ss100.fa	long_content_30k_002	1150	29902
long_content_30k_002/lc30k002_3485_gc3300_rp0.15_mr1.14E-4_ss200.fa	long_content_30k_002	3112	29902
long_content_30k_002/lc30k002_3486_gc3300_rp0.07_mr1.14E-4_ss200.fa	long_content_30k_002	343	29902
long_content_30k_002/lc30k002_3487_gc3300_rp0.05_mr1.14E-4_ss200.fa	long_content_30k_002	240	29902
long_content_30k_002/lc30k002_3488_gc3300_rp0.10_mr1.14E-4_ss100.fa	long_content_30k_002	1054	29902
long_content_30k_002/lc30k002_3489_gc3300_rp0.05_mr1.14E-4_ss100.fa	long_content_30k_002	617	29902
long_content_30k_002/lc30k002_348_gc3300_rp0.15_mr1.14E-4_ss100.fa	long_content_30k_002	453	29902
long_content_30k_002/lc30k002_3490_gc3300_rp0.07_mr1.14E-4_ss100.fa	long_content_30k_002	176	29902
long_content_30k_002/lc30k002_3491_gc3300_rp0.10_mr1.14E-4_ss200.fa	long_content_30k_002	168	29902
long_content_30k_002/lc30k002_3492_gc3300_rp0.15_mr1.14E-4_ss100.fa	long_content_30k_002	1863	29902
long_content_30k_002/lc30k002_3493_gc3300_rp0.15_mr1.14E-4_ss200.fa	long_content_30k_002	2674	29902
long_content_30k_002/lc30k002_3494_gc3300_rp0.07_mr1.14E-4_ss200.fa	long_content_30k_002	335	29902
long_content_30k_002/lc30k002_3495_gc3300_rp0.05_mr1.14E-4_ss200.fa	long_content_30k_002	1070	29902
long_content_30k_002/lc30k002_3496_gc3300_rp0.10_mr1.14E-4_ss100.fa	long_content_30k_002	1039	29902
long_content_30k_002/lc30k002_3497_gc3300_rp0.05_mr1.14E-4_ss100.fa	long_content_30k_002	117	29902
long_content_30k_002/lc30k002_3498_gc3300_rp0.07_mr1.14E-4_ss100.fa	long_content_30k_002	144	29902
long_content_30k_002/lc30k002_3499_gc3300_rp0.10_mr1.14E-4_ss200.fa	long_content_30k_002	2168	29902
long_content_30k_002/lc30k002_349_gc3300_rp0.15_mr1.14E-4_ss200.fa	long_content_30k_002	2420	29902
long_content_30k_002/lc30k002_3500_gc3300_rp0.15_mr1.14E-4_ss100.fa	long_content_30k_002	1383	29902
long_content_30k_002/lc30k002_3501_gc3300_rp0.15_mr1.14E-4_ss200.fa	long_content_30k_002	2943	29902
long_content_30k_002/lc30k002_3502_gc3300_rp0.07_mr1.14E-4_ss200.fa	long_content_30k_002	2540	29902
long_content_30k_002/lc30k002_3503_gc3300_rp0.05_mr1.14E-4_ss200.fa	long_content_30k_002	1508	29902
long_content_30k_002/lc30k002_3504_gc3300_rp0.10_mr1.14E-4_ss100.fa	long_content_30k_002	680	29902
long_content_30k_002/lc30k002_3505_gc3300_rp0.05_mr1.14E-4_ss100.fa	long_content_30k_002	327	29902
long_content_30k_002/lc30k002_3506_gc3300_rp0.07_mr1.14E-4_ss100.fa	long_content_30k_002	571	29902
long_content_30k_002/lc30k002_3507_gc3300_rp0.10_mr1.14E-4_ss200.fa	long_content_30k_002	703	29902
long_content_30k_002/lc30k002_3508_gc3300_rp0.15_mr1.14E-4_ss100.fa	long_content_30k_002	927	29902
long_content_30k_002/lc30k002_3509_gc3300_rp0.15_mr1.14E-4_ss200.fa	long_content_30k_002	3371	29902
long_content_30k_002/lc30k002_350_gc3300_rp0.07_mr1.14E-4_ss200.fa	long_content_30k_002	642	29902
long_content_30k_002/lc30k002_3510_gc3300_rp0.07_mr1.14E-4_ss200.fa	long_content_30k_002	3112	29902
long_content_30k_002/lc30k002_3511_gc3300_rp0.05_mr1.14E-4_ss200.fa	long_content_30k_002	141	29902
long_content_30k_002/lc30k002_3512_gc3300_rp0.10_mr1.14E-4_ss100.fa	long_content_30k_002	266	29902
long_content_30k_002/lc30k002_3513_gc3300_rp0.05_mr1.14E-4_ss100.fa	long_content_30k_002	267	29902
long_content_30k_002/lc30k002_3514_gc3300_rp0.07_mr1.14E-4_ss100.fa	long_content_30k_002	150	29902
long_content_30k_002/lc30k002_3515_gc3300_rp0.10_mr1.14E-4_ss200.fa	long_content_30k_002	1062	29902
long_content_30k_002/lc30k002_3516_gc3300_rp0.15_mr1.14E-4_ss100.fa	long_content_30k_002	3818	29902
long_content_30k_002/lc30k002_3517_gc3300_rp0.15_mr1.14E-4_ss200.fa	long_content_30k_002	2205	29902
long_content_30k_002/lc30k002_3518_gc3300_rp0.07_mr1.14E-4_ss200.fa	long_content_30k_002	272	29902
long_content_30k_002/lc30k002_3519_gc3300_rp0.05_mr1.14E-4_ss200.fa	long_content_30k_002	176	29088
long_content_30k_002/lc30k002_351_gc3300_rp0.05_mr1.14E-4_ss200.fa	long_content_30k_002	1151	29902
long_content_30k_002/lc30k002_3520_gc3300_rp0.10_mr1.14E-4_ss100.fa	long_content_30k_002	1005	29902
long_content_30k_002/lc30k002_3521_gc3300_rp0.05_mr1.14E-4_ss100.fa	long_content_30k_002	130	29902
long_content_30k_002/lc30k002_3522_gc3300_rp0.07_mr1.14E-4_ss100.fa	long_content_30k_002	158	29902
long_content_30k_002/lc30k002_3523_gc3300_rp0.10_mr1.14E-4_ss200.fa	long_content_30k_002	550	29902
long_content_30k_002/lc30k002_3524_gc3300_rp0.15_mr1.14E-4_ss100.fa	long_content_30k_002	1464	29902
long_content_30k_002/lc30k002_3525_gc3300_rp0.15_mr1.14E-4_ss200.fa	long_content_30k_002	2113	29902
long_content_30k_002/lc30k002_3526_gc3300_rp0.07_mr1.14E-4_ss200.fa	long_content_30k_002	321	29902
long_content_30k_002/lc30k002_3527_gc3300_rp0.05_mr1.14E-4_ss200.fa	long_content_30k_002	287	29902
long_content_30k_002/lc30k002_3528_gc3300_rp0.10_mr1.14E-4_ss100.fa	long_content_30k_002	467	29902
long_content_30k_002/lc30k002_3529_gc3300_rp0.05_mr1.14E-4_ss100.fa	long_content_30k_002	330	29902
long_content_30k_002/lc30k002_352_gc3300_rp0.10_mr1.14E-4_ss100.fa	long_content_30k_002	366	29902
long_content_30k_002/lc30k002_3530_gc3300_rp0.07_mr1.14E-4_ss100.fa	long_content_30k_002	596	29902
long_content_30k_002/lc30k002_3531_gc3300_rp0.10_mr1.14E-4_ss200.fa	long_content_30k_002	1996	29902
long_content_30k_002/lc30k002_3532_gc3300_rp0.15_mr1.14E-4_ss100.fa	long_content_30k_002	807	29902
long_content_30k_002/lc30k002_3533_gc3300_rp0.15_mr1.14E-4_ss200.fa	long_content_30k_002	2152	29902
long_content_30k_002/lc30k002_3534_gc3300_rp0.07_mr1.14E-4_ss200.fa	long_content_30k_002	1059	29902
long_content_30k_002/lc30k002_3535_gc3300_rp0.05_mr1.14E-4_ss200.fa	long_content_30k_002	765	29902
long_content_30k_002/lc30k002_3536_gc3300_rp0.10_mr1.14E-4_ss100.fa	long_content_30k_002	334	29902
long_content_30k_002/lc30k002_3537_gc3300_rp0.05_mr1.14E-4_ss100.fa	long_content_30k_002	659	29902
long_content_30k_002/lc30k002_3538_gc3300_rp0.07_mr1.14E-4_ss100.fa	long_content_30k_002	183	29902
long_content_30k_002/lc30k002_3539_gc3300_rp0.10_mr1.14E-4_ss200.fa	long_content_30k_002	1520	29902
long_content_30k_002/lc30k002_353_gc3300_rp0.05_mr1.14E-4_ss100.fa	long_content_30k_002	563	29902
long_content_30k_002/lc30k002_3540_gc3300_rp0.15_mr1.14E-4_ss100.fa	long_content_30k_002	940	29902
long_content_30k_002/lc30k002_3541_gc3300_rp0.15_mr1.14E-4_ss200.fa	long_content_30k_002	2566	29902
long_content_30k_002/lc30k002_3542_gc3300_rp0.07_mr1.14E-4_ss200.fa	long_content_30k_002	621	29902
long_content_30k_002/lc30k002_3543_gc3300_rp0.05_mr1.14E-4_ss200.fa	long_content_30k_002	415	29902
long_content_30k_002/lc30k002_3544_gc3300_rp0.10_mr1.14E-4_ss100.fa	long_content_30k_002	879	29902
long_content_30k_002/lc30k002_3545_gc3300_rp0.05_mr1.14E-4_ss100.fa	long_content_30k_002	533	29902
long_content_30k_002/lc30k002_3546_gc3300_rp0.07_mr1.14E-4_ss100.fa	long_content_30k_002	541	29902
long_content_30k_002/lc30k002_3547_gc3300_rp0.10_mr1.14E-4_ss200.fa	long_content_30k_002	1917	29902
long_content_30k_002/lc30k002_3548_gc3300_rp0.15_mr1.14E-4_ss100.fa	long_content_30k_002	766	29902
long_content_30k_002/lc30k002_3549_gc3300_rp0.15_mr1.14E-4_ss200.fa	long_content_30k_002	5357	29902
long_content_30k_002/lc30k002_354_gc3300_rp0.07_mr1.14E-4_ss100.fa	long_content_30k_002	445	29902
long_content_30k_002/lc30k002_3550_gc3300_rp0.07_mr1.14E-4_ss200.fa	long_content_30k_002	2045	29902
long_content_30k_002/lc30k002_3551_gc3300_rp0.05_mr1.14E-4_ss200.fa	long_content_30k_002	180	29902
long_content_30k_002/lc30k002_3552_gc3300_rp0.10_mr1.14E-4_ss100.fa	long_content_30k_002	767	29902
long_content_30k_002/lc30k002_3553_gc3300_rp0.05_mr1.14E-4_ss100.fa	long_content_30k_002	370	29902
long_content_30k_002/lc30k002_3554_gc3300_rp0.07_mr1.14E-4_ss100.fa	long_content_30k_002	195	29902
long_content_30k_002/lc30k002_3555_gc3300_rp0.10_mr1.14E-4_ss200.fa	long_content_30k_002	1111	29902
long_content_30k_002/lc30k002_3556_gc3300_rp0.15_mr1.14E-4_ss100.fa	long_content_30k_002	828	29902
long_content_30k_002/lc30k002_3557_gc3300_rp0.15_mr1.14E-4_ss200.fa	long_content_30k_002	4756	29902
long_content_30k_002/lc30k002_3558_gc3300_rp0.07_mr1.14E-4_ss200.fa	long_content_30k_002	975	29902
long_content_30k_002/lc30k002_3559_gc3300_rp0.05_mr1.14E-4_ss200.fa	long_content_30k_002	1360	29902
long_content_30k_002/lc30k002_355_gc3300_rp0.10_mr1.14E-4_ss200.fa	long_content_30k_002	2142	29902
long_content_30k_002/lc30k002_3560_gc3300_rp0.10_mr1.14E-4_ss100.fa	long_content_30k_002	256	29902
long_content_30k_002/lc30k002_3561_gc3300_rp0.05_mr1.14E-4_ss100.fa	long_content_30k_002	1063	29902
long_content_30k_002/lc30k002_3562_gc3300_rp0.07_mr1.14E-4_ss100.fa	long_content_30k_002	485	29902
long_content_30k_002/lc30k002_3563_gc3300_rp0.10_mr1.14E-4_ss200.fa	long_content_30k_002	1122	29902
long_content_30k_002/lc30k002_3564_gc3300_rp0.15_mr1.14E-4_ss100.fa	long_content_30k_002	1948	29902
long_content_30k_002/lc30k002_3565_gc3300_rp0.15_mr1.14E-4_ss200.fa	long_content_30k_002	977	29902
long_content_30k_002/lc30k002_3566_gc3300_rp0.07_mr1.14E-4_ss200.fa	long_content_30k_002	347	29902
long_content_30k_002/lc30k002_3567_gc3300_rp0.05_mr1.14E-4_ss200.fa	long_content_30k_002	63	29902
long_content_30k_002/lc30k002_3568_gc3300_rp0.10_mr1.14E-4_ss100.fa	long_content_30k_002	635	29902
long_content_30k_002/lc30k002_3569_gc3300_rp0.05_mr1.14E-4_ss100.fa	long_content_30k_002	571	29902
long_content_30k_002/lc30k002_356_gc3300_rp0.15_mr1.14E-4_ss100.fa	long_content_30k_002	1891	29902
long_content_30k_002/lc30k002_3570_gc3300_rp0.07_mr1.14E-4_ss100.fa	long_content_30k_002	79	29902
long_content_30k_002/lc30k002_3571_gc3300_rp0.10_mr1.14E-4_ss200.fa	long_content_30k_002	1115	29902
long_content_30k_002/lc30k002_3572_gc3300_rp0.15_mr1.14E-4_ss100.fa	long_content_30k_002	791	29902
long_content_30k_002/lc30k002_3573_gc3300_rp0.15_mr1.14E-4_ss200.fa	long_content_30k_002	3044	29902
long_content_30k_002/lc30k002_3574_gc3300_rp0.07_mr1.14E-4_ss200.fa	long_content_30k_002	1402	29902
long_content_30k_002/lc30k002_3575_gc3300_rp0.05_mr1.14E-4_ss200.fa	long_content_30k_002	1664	29902
long_content_30k_002/lc30k002_3576_gc3300_rp0.10_mr1.14E-4_ss100.fa	long_content_30k_002	626	29902
long_content_30k_002/lc30k002_3577_gc3300_rp0.05_mr1.14E-4_ss100.fa	long_content_30k_002	285	29902
long_content_30k_002/lc30k002_3578_gc3300_rp0.07_mr1.14E-4_ss100.fa	long_content_30k_002	280	29902
long_content_30k_002/lc30k002_3579_gc3300_rp0.10_mr1.14E-4_ss200.fa	long_content_30k_002	544	29902
long_content_30k_002/lc30k002_357_gc3300_rp0.15_mr1.14E-4_ss200.fa	long_content_30k_002	2198	29902
long_content_30k_002/lc30k002_3580_gc3300_rp0.15_mr1.14E-4_ss100.fa	long_content_30k_002	3233	29902
long_content_30k_002/lc30k002_3581_gc3300_rp0.15_mr1.14E-4_ss200.fa	long_content_30k_002	5430	29902
long_content_30k_002/lc30k002_3582_gc3300_rp0.07_mr1.14E-4_ss200.fa	long_content_30k_002	251	29902
long_content_30k_002/lc30k002_3583_gc3300_rp0.05_mr1.14E-4_ss200.fa	long_content_30k_002	920	29902
long_content_30k_002/lc30k002_3584_gc3300_rp0.10_mr1.14E-4_ss100.fa	long_content_30k_002	931	29902
long_content_30k_002/lc30k002_3585_gc3300_rp0.05_mr1.14E-4_ss100.fa	long_content_30k_002	313	29902
long_content_30k_002/lc30k002_3586_gc3300_rp0.07_mr1.14E-4_ss100.fa	long_content_30k_002	694	29902
long_content_30k_002/lc30k002_3587_gc3300_rp0.10_mr1.14E-4_ss200.fa	long_content_30k_002	407	29902
long_content_30k_002/lc30k002_3588_gc3300_rp0.15_mr1.14E-4_ss100.fa	long_content_30k_002	1232	29902
long_content_30k_002/lc30k002_3589_gc3300_rp0.15_mr1.14E-4_ss200.fa	long_content_30k_002	3975	29902
long_content_30k_002/lc30k002_358_gc3300_rp0.07_mr1.14E-4_ss200.fa	long_content_30k_002	1054	29902
long_content_30k_002/lc30k002_3590_gc3300_rp0.07_mr1.14E-4_ss200.fa	long_content_30k_002	3532	29902
long_content_30k_002/lc30k002_3591_gc3300_rp0.05_mr1.14E-4_ss200.fa	long_content_30k_002	341	29902
long_content_30k_002/lc30k002_3592_gc3300_rp0.10_mr1.14E-4_ss100.fa	long_content_30k_002	494	29902
long_content_30k_002/lc30k002_3593_gc3300_rp0.05_mr1.14E-4_ss100.fa	long_content_30k_002	26	29902
long_content_30k_002/lc30k002_3594_gc3300_rp0.07_mr1.14E-4_ss100.fa	long_content_30k_002	813	29902
long_content_30k_002/lc30k002_3595_gc3300_rp0.10_mr1.14E-4_ss200.fa	long_content_30k_002	1539	29902
long_content_30k_002/lc30k002_3596_gc3300_rp0.15_mr1.14E-4_ss100.fa	long_content_30k_002	1095	29902
long_content_30k_002/lc30k002_3597_gc3300_rp0.15_mr1.14E-4_ss200.fa	long_content_30k_002	2699	29902
long_content_30k_002/lc30k002_3598_gc3300_rp0.07_mr1.14E-4_ss200.fa	long_content_30k_002	795	29902
long_content_30k_002/lc30k002_3599_gc3300_rp0.05_mr1.14E-4_ss200.fa	long_content_30k_002	833	29902
long_content_30k_002/lc30k002_359_gc3300_rp0.05_mr1.14E-4_ss200.fa	long_content_30k_002	277	29902
long_content_30k_002/lc30k002_3600_gc3300_rp0.10_mr1.14E-4_ss100.fa	long_content_30k_002	361	29902
long_content_30k_002/lc30k002_3601_gc3300_rp0.05_mr1.14E-4_ss100.fa	long_content_30k_002	323	29902
long_content_30k_002/lc30k002_3602_gc3300_rp0.07_mr1.14E-4_ss100.fa	long_content_30k_002	572	29902
long_content_30k_002/lc30k002_3603_gc3300_rp0.10_mr1.14E-4_ss200.fa	long_content_30k_002	400	29902
long_content_30k_002/lc30k002_3604_gc3300_rp0.15_mr1.14E-4_ss100.fa	long_content_30k_002	1204	29902
long_content_30k_002/lc30k002_3605_gc3300_rp0.15_mr1.14E-4_ss200.fa	long_content_30k_002	1122	29902
long_content_30k_002/lc30k002_3606_gc3300_rp0.07_mr1.14E-4_ss200.fa	long_content_30k_002	1250	29902
long_content_30k_002/lc30k002_3607_gc3300_rp0.05_mr1.14E-4_ss200.fa	long_content_30k_002	169	29902
long_content_30k_002/lc30k002_3608_gc3300_rp0.10_mr1.14E-4_ss100.fa	long_content_30k_002	1861	29902
long_content_30k_002/lc30k002_3609_gc3300_rp0.05_mr1.14E-4_ss100.fa	long_content_30k_002	724	29902
long_content_30k_002/lc30k002_360_gc3300_rp0.10_mr1.14E-4_ss100.fa	long_content_30k_002	1816	29902
long_content_30k_002/lc30k002_3610_gc3300_rp0.07_mr1.14E-4_ss100.fa	long_content_30k_002	531	29902
long_content_30k_002/lc30k002_3611_gc3300_rp0.10_mr1.14E-4_ss200.fa	long_content_30k_002	279	29902
long_content_30k_002/lc30k002_3612_gc3300_rp0.15_mr1.14E-4_ss100.fa	long_content_30k_002	1804	29902
long_content_30k_002/lc30k002_3613_gc3300_rp0.15_mr1.14E-4_ss200.fa	long_content_30k_002	3536	29902
long_content_30k_002/lc30k002_3614_gc3300_rp0.07_mr1.14E-4_ss200.fa	long_content_30k_002	966	29902
long_content_30k_002/lc30k002_3615_gc3300_rp0.05_mr1.14E-4_ss200.fa	long_content_30k_002	533	29902
long_content_30k_002/lc30k002_3616_gc3300_rp0.10_mr1.14E-4_ss100.fa	long_content_30k_002	1185	29902
long_content_30k_002/lc30k002_3617_gc3300_rp0.05_mr1.14E-4_ss100.fa	long_content_30k_002	274	29902
long_content_30k_002/lc30k002_3618_gc3300_rp0.07_mr1.14E-4_ss100.fa	long_content_30k_002	324	29902
long_content_30k_002/lc30k002_3619_gc3300_rp0.10_mr1.14E-4_ss200.fa	long_content_30k_002	2140	29902
long_content_30k_002/lc30k002_361_gc3300_rp0.05_mr1.14E-4_ss100.fa	long_content_30k_002	172	29902
long_content_30k_002/lc30k002_3620_gc3300_rp0.15_mr1.14E-4_ss100.fa	long_content_30k_002	1401	29902
long_content_30k_002/lc30k002_3621_gc3300_rp0.15_mr1.14E-4_ss200.fa	long_content_30k_002	3852	29902
long_content_30k_002/lc30k002_3622_gc3300_rp0.07_mr1.14E-4_ss200.fa	long_content_30k_002	1605	29902
long_content_30k_002/lc30k002_3623_gc3300_rp0.05_mr1.14E-4_ss200.fa	long_content_30k_002	811	29025
long_content_30k_002/lc30k002_3624_gc3300_rp0.10_mr1.14E-4_ss100.fa	long_content_30k_002	190	29902
long_content_30k_002/lc30k002_3625_gc3300_rp0.05_mr1.14E-4_ss100.fa	long_content_30k_002	660	29902
long_content_30k_002/lc30k002_3626_gc3300_rp0.07_mr1.14E-4_ss100.fa	long_content_30k_002	405	29902
long_content_30k_002/lc30k002_3627_gc3300_rp0.10_mr1.14E-4_ss200.fa	long_content_30k_002	1634	29902
long_content_30k_002/lc30k002_3628_gc3300_rp0.15_mr1.14E-4_ss100.fa	long_content_30k_002	1239	29902
long_content_30k_002/lc30k002_3629_gc3300_rp0.15_mr1.14E-4_ss200.fa	long_content_30k_002	637	29902
long_content_30k_002/lc30k002_362_gc3300_rp0.07_mr1.14E-4_ss100.fa	long_content_30k_002	527	29902
long_content_30k_002/lc30k002_3630_gc3300_rp0.07_mr1.14E-4_ss200.fa	long_content_30k_002	990	29902
long_content_30k_002/lc30k002_3631_gc3300_rp0.05_mr1.14E-4_ss200.fa	long_content_30k_002	336	28029
long_content_30k_002/lc30k002_3632_gc3300_rp0.10_mr1.14E-4_ss100.fa	long_content_30k_002	946	29902
long_content_30k_002/lc30k002_3633_gc3300_rp0.05_mr1.14E-4_ss100.fa	long_content_30k_002	120	29902
long_content_30k_002/lc30k002_3634_gc3300_rp0.07_mr1.14E-4_ss100.fa	long_content_30k_002	196	29902
long_content_30k_002/lc30k002_3635_gc3300_rp0.10_mr1.14E-4_ss200.fa	long_content_30k_002	1210	29902
long_content_30k_002/lc30k002_3636_gc3300_rp0.15_mr1.14E-4_ss100.fa	long_content_30k_002	1541	29902
long_content_30k_002/lc30k002_3637_gc3300_rp0.15_mr1.14E-4_ss200.fa	long_content_30k_002	272	29902
long_content_30k_002/lc30k002_3638_gc3300_rp0.07_mr1.14E-4_ss200.fa	long_content_30k_002	1202	29902
long_content_30k_002/lc30k002_3639_gc3300_rp0.05_mr1.14E-4_ss200.fa	long_content_30k_002	414	29902
long_content_30k_002/lc30k002_363_gc3300_rp0.10_mr1.14E-4_ss200.fa	long_content_30k_002	3607	29902
long_content_30k_002/lc30k002_3640_gc3300_rp0.10_mr1.14E-4_ss100.fa	long_content_30k_002	1330	29902
long_content_30k_002/lc30k002_3641_gc3300_rp0.05_mr1.14E-4_ss100.fa	long_content_30k_002	136	29902
long_content_30k_002/lc30k002_3642_gc3300_rp0.07_mr1.14E-4_ss100.fa	long_content_30k_002	156	29902
long_content_30k_002/lc30k002_3643_gc3300_rp0.10_mr1.14E-4_ss200.fa	long_content_30k_002	869	29902
long_content_30k_002/lc30k002_3644_gc3300_rp0.15_mr1.14E-4_ss100.fa	long_content_30k_002	1245	29902
long_content_30k_002/lc30k002_3645_gc3300_rp0.15_mr1.14E-4_ss200.fa	long_content_30k_002	5285	29902
long_content_30k_002/lc30k002_3646_gc3300_rp0.07_mr1.14E-4_ss200.fa	long_content_30k_002	570	29902
long_content_30k_002/lc30k002_3647_gc3300_rp0.05_mr1.14E-4_ss200.fa	long_content_30k_002	1417	29902
long_content_30k_002/lc30k002_3648_gc3300_rp0.10_mr1.14E-4_ss100.fa	long_content_30k_002	967	29902
long_content_30k_002/lc30k002_3649_gc3300_rp0.05_mr1.14E-4_ss100.fa	long_content_30k_002	652	29902
long_content_30k_002/lc30k002_364_gc3300_rp0.15_mr1.14E-4_ss100.fa	long_content_30k_002	846	29902
long_content_30k_002/lc30k002_3650_gc3300_rp0.07_mr1.14E-4_ss100.fa	long_content_30k_002	414	29902
long_content_30k_002/lc30k002_3651_gc3300_rp0.10_mr1.14E-4_ss200.fa	long_content_30k_002	1848	29902
long_content_30k_002/lc30k002_3652_gc3300_rp0.15_mr1.14E-4_ss100.fa	long_content_30k_002	1554	29902
long_content_30k_002/lc30k002_3653_gc3300_rp0.15_mr1.14E-4_ss200.fa	long_content_30k_002	3263	29902
long_content_30k_002/lc30k002_3654_gc3300_rp0.07_mr1.14E-4_ss200.fa	long_content_30k_002	792	29902
long_content_30k_002/lc30k002_3655_gc3300_rp0.05_mr1.14E-4_ss200.fa	long_content_30k_002	1043	29902
long_content_30k_002/lc30k002_3656_gc3300_rp0.10_mr1.14E-4_ss100.fa	long_content_30k_002	777	29902
long_content_30k_002/lc30k002_3657_gc3300_rp0.05_mr1.14E-4_ss100.fa	long_content_30k_002	165	29902
long_content_30k_002/lc30k002_3658_gc3300_rp0.07_mr1.14E-4_ss100.fa	long_content_30k_002	728	29902
long_content_30k_002/lc30k002_3659_gc3300_rp0.10_mr1.14E-4_ss200.fa	long_content_30k_002	1753	29902
long_content_30k_002/lc30k002_365_gc3300_rp0.15_mr1.14E-4_ss200.fa	long_content_30k_002	2431	29902
long_content_30k_002/lc30k002_3660_gc3300_rp0.15_mr1.14E-4_ss100.fa	long_content_30k_002	2040	29902
long_content_30k_002/lc30k002_3661_gc3300_rp0.15_mr1.14E-4_ss200.fa	long_content_30k_002	8753	29902
long_content_30k_002/lc30k002_3662_gc3300_rp0.07_mr1.14E-4_ss200.fa	long_content_30k_002	719	29902
long_content_30k_002/lc30k002_3663_gc3300_rp0.05_mr1.14E-4_ss200.fa	long_content_30k_002	193	29902
long_content_30k_002/lc30k002_3664_gc3300_rp0.10_mr1.14E-4_ss100.fa	long_content_30k_002	752	29902
long_content_30k_002/lc30k002_3665_gc3300_rp0.05_mr1.14E-4_ss100.fa	long_content_30k_002	417	29902
long_content_30k_002/lc30k002_3666_gc3300_rp0.07_mr1.14E-4_ss100.fa	long_content_30k_002	536	29902
long_content_30k_002/lc30k002_3667_gc3300_rp0.10_mr1.14E-4_ss200.fa	long_content_30k_002	1838	29902
long_content_30k_002/lc30k002_3668_gc3300_rp0.15_mr1.14E-4_ss100.fa	long_content_30k_002	654	29902
long_content_30k_002/lc30k002_3669_gc3300_rp0.15_mr1.14E-4_ss200.fa	long_content_30k_002	1487	29902
long_content_30k_002/lc30k002_366_gc3300_rp0.07_mr1.14E-4_ss200.fa	long_content_30k_002	334	29902
long_content_30k_002/lc30k002_3670_gc3300_rp0.07_mr1.14E-4_ss200.fa	long_content_30k_002	1866	29902
long_content_30k_002/lc30k002_3671_gc3300_rp0.05_mr1.14E-4_ss200.fa	long_content_30k_002	255	29902
long_content_30k_002/lc30k002_3672_gc3300_rp0.10_mr1.14E-4_ss100.fa	long_content_30k_002	1478	29902
long_content_30k_002/lc30k002_3673_gc3300_rp0.05_mr1.14E-4_ss100.fa	long_content_30k_002	353	29902
long_content_30k_002/lc30k002_3674_gc3300_rp0.07_mr1.14E-4_ss100.fa	long_content_30k_002	314	29640
long_content_30k_002/lc30k002_3675_gc3300_rp0.10_mr1.14E-4_ss200.fa	long_content_30k_002	646	29902
long_content_30k_002/lc30k002_3676_gc3300_rp0.15_mr1.14E-4_ss100.fa	long_content_30k_002	1204	29902
long_content_30k_002/lc30k002_3677_gc3300_rp0.15_mr1.14E-4_ss200.fa	long_content_30k_002	1331	29902
long_content_30k_002/lc30k002_3678_gc3300_rp0.07_mr1.14E-4_ss200.fa	long_content_30k_002	107	25677
long_content_30k_002/lc30k002_3679_gc3300_rp0.05_mr1.14E-4_ss200.fa	long_content_30k_002	602	29902
long_content_30k_002/lc30k002_367_gc3300_rp0.05_mr1.14E-4_ss200.fa	long_content_30k_002	452	29902
long_content_30k_002/lc30k002_3680_gc3300_rp0.10_mr1.14E-4_ss100.fa	long_content_30k_002	2086	29902
long_content_30k_002/lc30k002_3681_gc3300_rp0.05_mr1.14E-4_ss100.fa	long_content_30k_002	334	29902
long_content_30k_002/lc30k002_3682_gc3300_rp0.07_mr1.14E-4_ss100.fa	long_content_30k_002	90	29902
long_content_30k_002/lc30k002_3683_gc3300_rp0.10_mr1.14E-4_ss200.fa	long_content_30k_002	527	29902
long_content_30k_002/lc30k002_3684_gc3300_rp0.15_mr1.14E-4_ss100.fa	long_content_30k_002	998	29902
long_content_30k_002/lc30k002_3685_gc3300_rp0.15_mr1.14E-4_ss200.fa	long_content_30k_002	5536	29902
long_content_30k_002/lc30k002_3686_gc3300_rp0.07_mr1.14E-4_ss200.fa	long_content_30k_002	230	29902
long_content_30k_002/lc30k002_3687_gc3300_rp0.05_mr1.14E-4_ss200.fa	long_content_30k_002	288	29902
long_content_30k_002/lc30k002_3688_gc3300_rp0.10_mr1.14E-4_ss100.fa	long_content_30k_002	415	29902
long_content_30k_002/lc30k002_3689_gc3300_rp0.05_mr1.14E-4_ss100.fa	long_content_30k_002	142	17970
long_content_30k_002/lc30k002_368_gc3300_rp0.10_mr1.14E-4_ss100.fa	long_content_30k_002	985	29902
long_content_30k_002/lc30k002_3690_gc3300_rp0.07_mr1.14E-4_ss100.fa	long_content_30k_002	424	29902
long_content_30k_002/lc30k002_3691_gc3300_rp0.10_mr1.14E-4_ss200.fa	long_content_30k_002	733	29902
long_content_30k_002/lc30k002_3692_gc3300_rp0.15_mr1.14E-4_ss100.fa	long_content_30k_002	654	29902
long_content_30k_002/lc30k002_3693_gc3300_rp0.15_mr1.14E-4_ss200.fa	long_content_30k_002	5653	29902
long_content_30k_002/lc30k002_3694_gc3300_rp0.07_mr1.14E-4_ss200.fa	long_content_30k_002	429	29902
long_content_30k_002/lc30k002_3695_gc3300_rp0.05_mr1.14E-4_ss200.fa	long_content_30k_002	50	29902
long_content_30k_002/lc30k002_3696_gc3300_rp0.10_mr1.14E-4_ss100.fa	long_content_30k_002	445	29902
long_content_30k_002/lc30k002_3697_gc3300_rp0.05_mr1.14E-4_ss100.fa	long_content_30k_002	76	29902
long_content_30k_002/lc30k002_3698_gc3300_rp0.07_mr1.14E-4_ss100.fa	long_content_30k_002	260	29902
long_content_30k_002/lc30k002_3699_gc3300_rp0.10_mr1.14E-4_ss200.fa	long_content_30k_002	1209	29902
long_content_30k_002/lc30k002_369_gc3300_rp0.05_mr1.14E-4_ss100.fa	long_content_30k_002	399	29902
long_content_30k_002/lc30k002_3700_gc3300_rp0.15_mr1.14E-4_ss100.fa	long_content_30k_002	1599	29902
long_content_30k_002/lc30k002_3701_gc3300_rp0.15_mr1.14E-4_ss200.fa	long_content_30k_002	2229	29902
long_content_30k_002/lc30k002_3702_gc3300_rp0.07_mr1.14E-4_ss200.fa	long_content_30k_002	773	29902
long_content_30k_002/lc30k002_3703_gc3300_rp0.05_mr1.14E-4_ss200.fa	long_content_30k_002	150	29902
long_content_30k_002/lc30k002_3704_gc3300_rp0.10_mr1.14E-4_ss100.fa	long_content_30k_002	316	29902
long_content_30k_002/lc30k002_3705_gc3300_rp0.05_mr1.14E-4_ss100.fa	long_content_30k_002	29	29902
long_content_30k_002/lc30k002_3706_gc3300_rp0.07_mr1.14E-4_ss100.fa	long_content_30k_002	190	29902
long_content_30k_002/lc30k002_3707_gc3300_rp0.10_mr1.14E-4_ss200.fa	long_content_30k_002	3519	29902
long_content_30k_002/lc30k002_3708_gc3300_rp0.15_mr1.14E-4_ss100.fa	long_content_30k_002	1561	29902
long_content_30k_002/lc30k002_3709_gc3300_rp0.15_mr1.14E-4_ss200.fa	long_content_30k_002	1480	29902
long_content_30k_002/lc30k002_370_gc3300_rp0.07_mr1.14E-4_ss100.fa	long_content_30k_002	1250	29902
long_content_30k_002/lc30k002_3710_gc3300_rp0.07_mr1.14E-4_ss200.fa	long_content_30k_002	599	29902
long_content_30k_002/lc30k002_3711_gc3300_rp0.05_mr1.14E-4_ss200.fa	long_content_30k_002	363	29902
long_content_30k_002/lc30k002_3712_gc3300_rp0.10_mr1.14E-4_ss100.fa	long_content_30k_002	569	29902
long_content_30k_002/lc30k002_3713_gc3300_rp0.05_mr1.14E-4_ss100.fa	long_content_30k_002	132	29902
long_content_30k_002/lc30k002_3714_gc3300_rp0.07_mr1.14E-4_ss100.fa	long_content_30k_002	583	29902
long_content_30k_002/lc30k002_3715_gc3300_rp0.10_mr1.14E-4_ss200.fa	long_content_30k_002	2030	29902
long_content_30k_002/lc30k002_3716_gc3300_rp0.15_mr1.14E-4_ss100.fa	long_content_30k_002	967	29902
long_content_30k_002/lc30k002_3717_gc3300_rp0.15_mr1.14E-4_ss200.fa	long_content_30k_002	4097	29902
long_content_30k_002/lc30k002_3718_gc3300_rp0.07_mr1.14E-4_ss200.fa	long_content_30k_002	273	29902
long_content_30k_002/lc30k002_3719_gc3300_rp0.05_mr1.14E-4_ss200.fa	long_content_30k_002	871	29902
long_content_30k_002/lc30k002_371_gc3300_rp0.10_mr1.14E-4_ss200.fa	long_content_30k_002	2189	29902
long_content_30k_002/lc30k002_3720_gc3300_rp0.10_mr1.14E-4_ss100.fa	long_content_30k_002	1978	29902
long_content_30k_002/lc30k002_3721_gc3300_rp0.05_mr1.14E-4_ss100.fa	long_content_30k_002	265	29902
long_content_30k_002/lc30k002_3722_gc3300_rp0.07_mr1.14E-4_ss100.fa	long_content_30k_002	644	29902
long_content_30k_002/lc30k002_3723_gc3300_rp0.10_mr1.14E-4_ss200.fa	long_content_30k_002	2181	29902
long_content_30k_002/lc30k002_3724_gc3300_rp0.15_mr1.14E-4_ss100.fa	long_content_30k_002	650	29902
long_content_30k_002/lc30k002_3725_gc3300_rp0.15_mr1.14E-4_ss200.fa	long_content_30k_002	1400	29902
long_content_30k_002/lc30k002_3726_gc3300_rp0.07_mr1.14E-4_ss200.fa	long_content_30k_002	2663	29902
long_content_30k_002/lc30k002_3727_gc3300_rp0.05_mr1.14E-4_ss200.fa	long_content_30k_002	1014	29902
long_content_30k_002/lc30k002_3728_gc3300_rp0.10_mr1.14E-4_ss100.fa	long_content_30k_002	1011	29902
long_content_30k_002/lc30k002_3729_gc3300_rp0.05_mr1.14E-4_ss100.fa	long_content_30k_002	137	29902
long_content_30k_002/lc30k002_372_gc3300_rp0.15_mr1.14E-4_ss100.fa	long_content_30k_002	206	29902
long_content_30k_002/lc30k002_3730_gc3300_rp0.07_mr1.14E-4_ss100.fa	long_content_30k_002	215	29902
long_content_30k_002/lc30k002_3731_gc3300_rp0.10_mr1.14E-4_ss200.fa	long_content_30k_002	1438	29902
long_content_30k_002/lc30k002_3732_gc3300_rp0.15_mr1.14E-4_ss100.fa	long_content_30k_002	76	29902
long_content_30k_002/lc30k002_3733_gc3300_rp0.15_mr1.14E-4_ss200.fa	long_content_30k_002	1655	29902
long_content_30k_002/lc30k002_3734_gc3300_rp0.07_mr1.14E-4_ss200.fa	long_content_30k_002	700	29902
long_content_30k_002/lc30k002_3735_gc3300_rp0.05_mr1.14E-4_ss200.fa	long_content_30k_002	246	29902
long_content_30k_002/lc30k002_3736_gc3300_rp0.10_mr1.14E-4_ss100.fa	long_content_30k_002	206	29902
long_content_30k_002/lc30k002_3737_gc3300_rp0.05_mr1.14E-4_ss100.fa	long_content_30k_002	276	29902
long_content_30k_002/lc30k002_3738_gc3300_rp0.07_mr1.14E-4_ss100.fa	long_content_30k_002	1470	29902
long_content_30k_002/lc30k002_3739_gc3300_rp0.10_mr1.14E-4_ss200.fa	long_content_30k_002	2886	29902
long_content_30k_002/lc30k002_373_gc3300_rp0.15_mr1.14E-4_ss200.fa	long_content_30k_002	1115	29902
long_content_30k_002/lc30k002_3740_gc3300_rp0.15_mr1.14E-4_ss100.fa	long_content_30k_002	2141	29902
long_content_30k_002/lc30k002_3741_gc3300_rp0.15_mr1.14E-4_ss200.fa	long_content_30k_002	2017	29902
long_content_30k_002/lc30k002_3742_gc3300_rp0.07_mr1.14E-4_ss200.fa	long_content_30k_002	1481	29902
long_content_30k_002/lc30k002_3743_gc3300_rp0.05_mr1.14E-4_ss200.fa	long_content_30k_002	192	29902
long_content_30k_002/lc30k002_3744_gc3300_rp0.10_mr1.14E-4_ss100.fa	long_content_30k_002	329	29902
long_content_30k_002/lc30k002_3745_gc3300_rp0.05_mr1.14E-4_ss100.fa	long_content_30k_002	245	29902
long_content_30k_002/lc30k002_3746_gc3300_rp0.07_mr1.14E-4_ss100.fa	long_content_30k_002	476	29902
long_content_30k_002/lc30k002_3747_gc3300_rp0.10_mr1.14E-4_ss200.fa	long_content_30k_002	575	29902
long_content_30k_002/lc30k002_3748_gc3300_rp0.15_mr1.14E-4_ss100.fa	long_content_30k_002	1140	29902
long_content_30k_002/lc30k002_3749_gc3300_rp0.15_mr1.14E-4_ss200.fa	long_content_30k_002	2226	29902
long_content_30k_002/lc30k002_374_gc3300_rp0.07_mr1.14E-4_ss200.fa	long_content_30k_002	1374	29902
long_content_30k_002/lc30k002_3750_gc3300_rp0.07_mr1.14E-4_ss200.fa	long_content_30k_002	970	29742
long_content_30k_002/lc30k002_3751_gc3300_rp0.05_mr1.14E-4_ss200.fa	long_content_30k_002	214	29902
long_content_30k_002/lc30k002_3752_gc3300_rp0.10_mr1.14E-4_ss100.fa	long_content_30k_002	636	29902
long_content_30k_002/lc30k002_3753_gc3300_rp0.05_mr1.14E-4_ss100.fa	long_content_30k_002	278	29902
long_content_30k_002/lc30k002_3754_gc3300_rp0.07_mr1.14E-4_ss100.fa	long_content_30k_002	607	29595
long_content_30k_002/lc30k002_3755_gc3300_rp0.10_mr1.14E-4_ss200.fa	long_content_30k_002	1168	29902
long_content_30k_002/lc30k002_3756_gc3300_rp0.15_mr1.14E-4_ss100.fa	long_content_30k_002	974	29902
long_content_30k_002/lc30k002_3757_gc3300_rp0.15_mr1.14E-4_ss200.fa	long_content_30k_002	2859	29902
long_content_30k_002/lc30k002_3758_gc3300_rp0.07_mr1.14E-4_ss200.fa	long_content_30k_002	1654	29902
long_content_30k_002/lc30k002_3759_gc3300_rp0.05_mr1.14E-4_ss200.fa	long_content_30k_002	813	29902
long_content_30k_002/lc30k002_375_gc3300_rp0.05_mr1.14E-4_ss200.fa	long_content_30k_002	47	22065
long_content_30k_002/lc30k002_3760_gc3300_rp0.10_mr1.14E-4_ss100.fa	long_content_30k_002	181	29902
long_content_30k_002/lc30k002_3761_gc3300_rp0.05_mr1.14E-4_ss100.fa	long_content_30k_002	684	29902
long_content_30k_002/lc30k002_3762_gc3300_rp0.07_mr1.14E-4_ss100.fa	long_content_30k_002	390	29902
long_content_30k_002/lc30k002_3763_gc3300_rp0.10_mr1.14E-4_ss200.fa	long_content_30k_002	675	29902
long_content_30k_002/lc30k002_3764_gc3300_rp0.15_mr1.14E-4_ss100.fa	long_content_30k_002	1313	29902
long_content_30k_002/lc30k002_3765_gc3300_rp0.15_mr1.14E-4_ss200.fa	long_content_30k_002	2626	29902
long_content_30k_002/lc30k002_3766_gc3300_rp0.07_mr1.14E-4_ss200.fa	long_content_30k_002	952	29902
long_content_30k_002/lc30k002_3767_gc3300_rp0.05_mr1.14E-4_ss200.fa	long_content_30k_002	99	29902
long_content_30k_002/lc30k002_3768_gc3300_rp0.10_mr1.14E-4_ss100.fa	long_content_30k_002	431	29902
long_content_30k_002/lc30k002_3769_gc3300_rp0.05_mr1.14E-4_ss100.fa	long_content_30k_002	256	29902
long_content_30k_002/lc30k002_376_gc3300_rp0.10_mr1.14E-4_ss100.fa	long_content_30k_002	1508	29902
long_content_30k_002/lc30k002_3770_gc3300_rp0.07_mr1.14E-4_ss100.fa	long_content_30k_002	1139	29902
long_content_30k_002/lc30k002_3771_gc3300_rp0.10_mr1.14E-4_ss200.fa	long_content_30k_002	1507	29902
long_content_30k_002/lc30k002_3772_gc3300_rp0.15_mr1.14E-4_ss100.fa	long_content_30k_002	1235	29902
long_content_30k_002/lc30k002_3773_gc3300_rp0.15_mr1.14E-4_ss200.fa	long_content_30k_002	4793	29902
long_content_30k_002/lc30k002_3774_gc3300_rp0.07_mr1.14E-4_ss200.fa	long_content_30k_002	321	29902
long_content_30k_002/lc30k002_3775_gc3300_rp0.05_mr1.14E-4_ss200.fa	long_content_30k_002	197	29902
long_content_30k_002/lc30k002_3776_gc3300_rp0.10_mr1.14E-4_ss100.fa	long_content_30k_002	405	29902
long_content_30k_002/lc30k002_3777_gc3300_rp0.05_mr1.14E-4_ss100.fa	long_content_30k_002	114	29902
long_content_30k_002/lc30k002_3778_gc3300_rp0.07_mr1.14E-4_ss100.fa	long_content_30k_002	498	29902
long_content_30k_002/lc30k002_3779_gc3300_rp0.10_mr1.14E-4_ss200.fa	long_content_30k_002	641	29902
long_content_30k_002/lc30k002_377_gc3300_rp0.05_mr1.14E-4_ss100.fa	long_content_30k_002	88	29902
long_content_30k_002/lc30k002_3780_gc3300_rp0.15_mr1.14E-4_ss100.fa	long_content_30k_002	2660	29902
long_content_30k_002/lc30k002_3781_gc3300_rp0.15_mr1.14E-4_ss200.fa	long_content_30k_002	2943	29902
long_content_30k_002/lc30k002_3782_gc3300_rp0.07_mr1.14E-4_ss200.fa	long_content_30k_002	508	29902
long_content_30k_002/lc30k002_3783_gc3300_rp0.05_mr1.14E-4_ss200.fa	long_content_30k_002	415	29902
long_content_30k_002/lc30k002_3784_gc3300_rp0.10_mr1.14E-4_ss100.fa	long_content_30k_002	600	29902
long_content_30k_002/lc30k002_3785_gc3300_rp0.05_mr1.14E-4_ss100.fa	long_content_30k_002	265	29902
long_content_30k_002/lc30k002_3786_gc3300_rp0.07_mr1.14E-4_ss100.fa	long_content_30k_002	310	29902
long_content_30k_002/lc30k002_3787_gc3300_rp0.10_mr1.14E-4_ss200.fa	long_content_30k_002	1991	29902
long_content_30k_002/lc30k002_3788_gc3300_rp0.15_mr1.14E-4_ss100.fa	long_content_30k_002	2018	29902
long_content_30k_002/lc30k002_3789_gc3300_rp0.15_mr1.14E-4_ss200.fa	long_content_30k_002	3420	29902
long_content_30k_002/lc30k002_378_gc3300_rp0.07_mr1.14E-4_ss100.fa	long_content_30k_002	461	29902
long_content_30k_002/lc30k002_3790_gc3300_rp0.07_mr1.14E-4_ss200.fa	long_content_30k_002	971	29902
long_content_30k_002/lc30k002_3791_gc3300_rp0.05_mr1.14E-4_ss200.fa	long_content_30k_002	402	29902
long_content_30k_002/lc30k002_3792_gc3300_rp0.10_mr1.14E-4_ss100.fa	long_content_30k_002	569	29902
long_content_30k_002/lc30k002_3793_gc3300_rp0.05_mr1.14E-4_ss100.fa	long_content_30k_002	74	29902
long_content_30k_002/lc30k002_3794_gc3300_rp0.07_mr1.14E-4_ss100.fa	long_content_30k_002	284	29902
long_content_30k_002/lc30k002_3795_gc3300_rp0.10_mr1.14E-4_ss200.fa	long_content_30k_002	1359	29902
long_content_30k_002/lc30k002_3796_gc3300_rp0.15_mr1.14E-4_ss100.fa	long_content_30k_002	905	29902
long_content_30k_002/lc30k002_3797_gc3300_rp0.15_mr1.14E-4_ss200.fa	long_content_30k_002	7481	29902
long_content_30k_002/lc30k002_3798_gc3300_rp0.07_mr1.14E-4_ss200.fa	long_content_30k_002	1805	29902
long_content_30k_002/lc30k002_3799_gc3300_rp0.05_mr1.14E-4_ss200.fa	long_content_30k_002	538	29902
long_content_30k_002/lc30k002_379_gc3300_rp0.10_mr1.14E-4_ss200.fa	long_content_30k_002	1076	29902
long_content_30k_002/lc30k002_3800_gc3300_rp0.10_mr1.14E-4_ss100.fa	long_content_30k_002	799	29902
long_content_30k_002/lc30k002_3801_gc3300_rp0.05_mr1.14E-4_ss100.fa	long_content_30k_002	280	29902
long_content_30k_002/lc30k002_3802_gc3300_rp0.07_mr1.14E-4_ss100.fa	long_content_30k_002	1113	29902
long_content_30k_002/lc30k002_3803_gc3300_rp0.10_mr1.14E-4_ss200.fa	long_content_30k_002	713	29902
long_content_30k_002/lc30k002_3804_gc3300_rp0.15_mr1.14E-4_ss100.fa	long_content_30k_002	669	29902
long_content_30k_002/lc30k002_3805_gc3300_rp0.15_mr1.14E-4_ss200.fa	long_content_30k_002	4547	29902
long_content_30k_002/lc30k002_3806_gc3300_rp0.07_mr1.14E-4_ss200.fa	long_content_30k_002	527	29902
long_content_30k_002/lc30k002_3807_gc3300_rp0.05_mr1.14E-4_ss200.fa	long_content_30k_002	1006	29902
long_content_30k_002/lc30k002_3808_gc3300_rp0.10_mr1.14E-4_ss100.fa	long_content_30k_002	231	29902
long_content_30k_002/lc30k002_3809_gc3300_rp0.05_mr1.14E-4_ss100.fa	long_content_30k_002	30	29902
long_content_30k_002/lc30k002_380_gc3300_rp0.15_mr1.14E-4_ss100.fa	long_content_30k_002	439	29902
long_content_30k_002/lc30k002_3810_gc3300_rp0.07_mr1.14E-4_ss100.fa	long_content_30k_002	64	29902
long_content_30k_002/lc30k002_3811_gc3300_rp0.10_mr1.14E-4_ss200.fa	long_content_30k_002	904	29902
long_content_30k_002/lc30k002_3812_gc3300_rp0.15_mr1.14E-4_ss100.fa	long_content_30k_002	571	29902
long_content_30k_002/lc30k002_3813_gc3300_rp0.15_mr1.14E-4_ss200.fa	long_content_30k_002	2295	29902
long_content_30k_002/lc30k002_3814_gc3300_rp0.07_mr1.14E-4_ss200.fa	long_content_30k_002	1722	29902
long_content_30k_002/lc30k002_3815_gc3300_rp0.05_mr1.14E-4_ss200.fa	long_content_30k_002	122	29902
long_content_30k_002/lc30k002_3816_gc3300_rp0.10_mr1.14E-4_ss100.fa	long_content_30k_002	1152	29902
long_content_30k_002/lc30k002_3817_gc3300_rp0.05_mr1.14E-4_ss100.fa	long_content_30k_002	700	29902
long_content_30k_002/lc30k002_3818_gc3300_rp0.07_mr1.14E-4_ss100.fa	long_content_30k_002	23	29902
long_content_30k_002/lc30k002_3819_gc3300_rp0.10_mr1.14E-4_ss200.fa	long_content_30k_002	925	29902
long_content_30k_002/lc30k002_381_gc3300_rp0.15_mr1.14E-4_ss200.fa	long_content_30k_002	1125	29902
long_content_30k_002/lc30k002_3820_gc3300_rp0.15_mr1.14E-4_ss100.fa	long_content_30k_002	913	29902
long_content_30k_002/lc30k002_3821_gc3300_rp0.15_mr1.14E-4_ss200.fa	long_content_30k_002	2232	29902
long_content_30k_002/lc30k002_3822_gc3300_rp0.07_mr1.14E-4_ss200.fa	long_content_30k_002	794	29902
long_content_30k_002/lc30k002_3823_gc3300_rp0.05_mr1.14E-4_ss200.fa	long_content_30k_002	201	29902
long_content_30k_002/lc30k002_3824_gc3300_rp0.10_mr1.14E-4_ss100.fa	long_content_30k_002	283	29902
long_content_30k_002/lc30k002_3825_gc3300_rp0.05_mr1.14E-4_ss100.fa	long_content_30k_002	93	29902
long_content_30k_002/lc30k002_3826_gc3300_rp0.07_mr1.14E-4_ss100.fa	long_content_30k_002	613	29902
long_content_30k_002/lc30k002_3827_gc3300_rp0.10_mr1.14E-4_ss200.fa	long_content_30k_002	1148	29902
long_content_30k_002/lc30k002_3828_gc3300_rp0.15_mr1.14E-4_ss100.fa	long_content_30k_002	379	29902
long_content_30k_002/lc30k002_3829_gc3300_rp0.15_mr1.14E-4_ss200.fa	long_content_30k_002	3784	29902
long_content_30k_002/lc30k002_382_gc3300_rp0.07_mr1.14E-4_ss200.fa	long_content_30k_002	121	29902
long_content_30k_002/lc30k002_3830_gc3300_rp0.07_mr1.14E-4_ss200.fa	long_content_30k_002	269	29902
long_content_30k_002/lc30k002_3831_gc3300_rp0.05_mr1.14E-4_ss200.fa	long_content_30k_002	516	29902
long_content_30k_002/lc30k002_3832_gc3300_rp0.10_mr1.14E-4_ss100.fa	long_content_30k_002	911	29902
long_content_30k_002/lc30k002_3833_gc3300_rp0.05_mr1.14E-4_ss100.fa	long_content_30k_002	136	16551
long_content_30k_002/lc30k002_3834_gc3300_rp0.07_mr1.14E-4_ss100.fa	long_content_30k_002	204	29902
long_content_30k_002/lc30k002_3835_gc3300_rp0.10_mr1.14E-4_ss200.fa	long_content_30k_002	1103	29902
long_content_30k_002/lc30k002_3836_gc3300_rp0.15_mr1.14E-4_ss100.fa	long_content_30k_002	713	29902
long_content_30k_002/lc30k002_3837_gc3300_rp0.15_mr1.14E-4_ss200.fa	long_content_30k_002	1919	29902
long_content_30k_002/lc30k002_3838_gc3300_rp0.07_mr1.14E-4_ss200.fa	long_content_30k_002	202	29902
long_content_30k_002/lc30k002_3839_gc3300_rp0.05_mr1.14E-4_ss200.fa	long_content_30k_002	802	29902
long_content_30k_002/lc30k002_383_gc3300_rp0.05_mr1.14E-4_ss200.fa	long_content_30k_002	546	29902
long_content_30k_002/lc30k002_3840_gc3300_rp0.10_mr1.14E-4_ss100.fa	long_content_30k_002	520	29902
long_content_30k_002/lc30k002_3841_gc3300_rp0.05_mr1.14E-4_ss100.fa	long_content_30k_002	636	29902
long_content_30k_002/lc30k002_3842_gc3300_rp0.07_mr1.14E-4_ss100.fa	long_content_30k_002	585	29902
long_content_30k_002/lc30k002_3843_gc3300_rp0.10_mr1.14E-4_ss200.fa	long_content_30k_002	1835	29902
long_content_30k_002/lc30k002_3844_gc3300_rp0.15_mr1.14E-4_ss100.fa	long_content_30k_002	669	29902
long_content_30k_002/lc30k002_3845_gc3300_rp0.15_mr1.14E-4_ss200.fa	long_content_30k_002	366	29902
long_content_30k_002/lc30k002_3846_gc3300_rp0.07_mr1.14E-4_ss200.fa	long_content_30k_002	449	29902
long_content_30k_002/lc30k002_3847_gc3300_rp0.05_mr1.14E-4_ss200.fa	long_content_30k_002	1599	29902
long_content_30k_002/lc30k002_3848_gc3300_rp0.10_mr1.14E-4_ss100.fa	long_content_30k_002	249	29902
long_content_30k_002/lc30k002_3849_gc3300_rp0.05_mr1.14E-4_ss100.fa	long_content_30k_002	105	29902
long_content_30k_002/lc30k002_384_gc3300_rp0.10_mr1.14E-4_ss100.fa	long_content_30k_002	750	29902
long_content_30k_002/lc30k002_3850_gc3300_rp0.07_mr1.14E-4_ss100.fa	long_content_30k_002	423	29902
long_content_30k_002/lc30k002_3851_gc3300_rp0.10_mr1.14E-4_ss200.fa	long_content_30k_002	5196	29902
long_content_30k_002/lc30k002_3852_gc3300_rp0.15_mr1.14E-4_ss100.fa	long_content_30k_002	1122	29902
long_content_30k_002/lc30k002_3853_gc3300_rp0.15_mr1.14E-4_ss200.fa	long_content_30k_002	2126	29902
long_content_30k_002/lc30k002_3854_gc3300_rp0.07_mr1.14E-4_ss200.fa	long_content_30k_002	2971	29902
long_content_30k_002/lc30k002_3855_gc3300_rp0.05_mr1.14E-4_ss200.fa	long_content_30k_002	978	29902
long_content_30k_002/lc30k002_3856_gc3300_rp0.10_mr1.14E-4_ss100.fa	long_content_30k_002	269	29902
long_content_30k_002/lc30k002_3857_gc3300_rp0.05_mr1.14E-4_ss100.fa	long_content_30k_002	449	29902
long_content_30k_002/lc30k002_3858_gc3300_rp0.07_mr1.14E-4_ss100.fa	long_content_30k_002	589	29902
long_content_30k_002/lc30k002_3859_gc3300_rp0.10_mr1.14E-4_ss200.fa	long_content_30k_002	1268	29902
long_content_30k_002/lc30k002_385_gc3300_rp0.05_mr1.14E-4_ss100.fa	long_content_30k_002	284	29902
long_content_30k_002/lc30k002_3860_gc3300_rp0.15_mr1.14E-4_ss100.fa	long_content_30k_002	172	29902
long_content_30k_002/lc30k002_3861_gc3300_rp0.15_mr1.14E-4_ss200.fa	long_content_30k_002	7892	29902
long_content_30k_002/lc30k002_3862_gc3300_rp0.07_mr1.14E-4_ss200.fa	long_content_30k_002	807	29902
long_content_30k_002/lc30k002_3863_gc3300_rp0.05_mr1.14E-4_ss200.fa	long_content_30k_002	34	29902
long_content_30k_002/lc30k002_3864_gc3300_rp0.10_mr1.14E-4_ss100.fa	long_content_30k_002	313	29902
long_content_30k_002/lc30k002_3865_gc3300_rp0.05_mr1.14E-4_ss100.fa	long_content_30k_002	544	29902
long_content_30k_002/lc30k002_3866_gc3300_rp0.07_mr1.14E-4_ss100.fa	long_content_30k_002	234	29902
long_content_30k_002/lc30k002_3867_gc3300_rp0.10_mr1.14E-4_ss200.fa	long_content_30k_002	802	29902
long_content_30k_002/lc30k002_3868_gc3300_rp0.15_mr1.14E-4_ss100.fa	long_content_30k_002	713	29902
long_content_30k_002/lc30k002_3869_gc3300_rp0.15_mr1.14E-4_ss200.fa	long_content_30k_002	1062	29902
long_content_30k_002/lc30k002_386_gc3300_rp0.07_mr1.14E-4_ss100.fa	long_content_30k_002	206	29902
long_content_30k_002/lc30k002_3870_gc3300_rp0.07_mr1.14E-4_ss200.fa	long_content_30k_002	623	29902
long_content_30k_002/lc30k002_3871_gc3300_rp0.05_mr1.14E-4_ss200.fa	long_content_30k_002	456	25647
long_content_30k_002/lc30k002_3872_gc3300_rp0.10_mr1.14E-4_ss100.fa	long_content_30k_002	729	29902
long_content_30k_002/lc30k002_3873_gc3300_rp0.05_mr1.14E-4_ss100.fa	long_content_30k_002	403	29902
long_content_30k_002/lc30k002_3874_gc3300_rp0.07_mr1.14E-4_ss100.fa	long_content_30k_002	410	29902
long_content_30k_002/lc30k002_3875_gc3300_rp0.10_mr1.14E-4_ss200.fa	long_content_30k_002	1640	29902
long_content_30k_002/lc30k002_3876_gc3300_rp0.15_mr1.14E-4_ss100.fa	long_content_30k_002	859	29902
long_content_30k_002/lc30k002_3877_gc3300_rp0.15_mr1.14E-4_ss200.fa	long_content_30k_002	2866	29902
long_content_30k_002/lc30k002_3878_gc3300_rp0.07_mr1.14E-4_ss200.fa	long_content_30k_002	412	29902
long_content_30k_002/lc30k002_3879_gc3300_rp0.05_mr1.14E-4_ss200.fa	long_content_30k_002	1310	29902
long_content_30k_002/lc30k002_387_gc3300_rp0.10_mr1.14E-4_ss200.fa	long_content_30k_002	1397	29902
long_content_30k_002/lc30k002_3880_gc3300_rp0.10_mr1.14E-4_ss100.fa	long_content_30k_002	621	29902
long_content_30k_002/lc30k002_3881_gc3300_rp0.05_mr1.14E-4_ss100.fa	long_content_30k_002	114	29902
long_content_30k_002/lc30k002_3882_gc3300_rp0.07_mr1.14E-4_ss100.fa	long_content_30k_002	1838	29902
long_content_30k_002/lc30k002_3883_gc3300_rp0.10_mr1.14E-4_ss200.fa	long_content_30k_002	1063	29902
long_content_30k_002/lc30k002_3884_gc3300_rp0.15_mr1.14E-4_ss100.fa	long_content_30k_002	1357	29902
long_content_30k_002/lc30k002_3885_gc3300_rp0.15_mr1.14E-4_ss200.fa	long_content_30k_002	964	29902
long_content_30k_002/lc30k002_3886_gc3300_rp0.07_mr1.14E-4_ss200.fa	long_content_30k_002	1000	29902
long_content_30k_002/lc30k002_3887_gc3300_rp0.05_mr1.14E-4_ss200.fa	long_content_30k_002	551	29902
long_content_30k_002/lc30k002_3888_gc3300_rp0.10_mr1.14E-4_ss100.fa	long_content_30k_002	1005	29902
long_content_30k_002/lc30k002_3889_gc3300_rp0.05_mr1.14E-4_ss100.fa	long_content_30k_002	57	29902
long_content_30k_002/lc30k002_388_gc3300_rp0.15_mr1.14E-4_ss100.fa	long_content_30k_002	1364	29902
long_content_30k_002/lc30k002_3890_gc3300_rp0.07_mr1.14E-4_ss100.fa	long_content_30k_002	214	29902
long_content_30k_002/lc30k002_3891_gc3300_rp0.10_mr1.14E-4_ss200.fa	long_content_30k_002	2213	29902
long_content_30k_002/lc30k002_3892_gc3300_rp0.15_mr1.14E-4_ss100.fa	long_content_30k_002	1807	29902
long_content_30k_002/lc30k002_3893_gc3300_rp0.15_mr1.14E-4_ss200.fa	long_content_30k_002	1313	29902
long_content_30k_002/lc30k002_3894_gc3300_rp0.07_mr1.14E-4_ss200.fa	long_content_30k_002	913	29902
long_content_30k_002/lc30k002_3895_gc3300_rp0.05_mr1.14E-4_ss200.fa	long_content_30k_002	822	29902
long_content_30k_002/lc30k002_3896_gc3300_rp0.10_mr1.14E-4_ss100.fa	long_content_30k_002	444	29902
long_content_30k_002/lc30k002_3897_gc3300_rp0.05_mr1.14E-4_ss100.fa	long_content_30k_002	212	29902
long_content_30k_002/lc30k002_3898_gc3300_rp0.07_mr1.14E-4_ss100.fa	long_content_30k_002	1110	29902
long_content_30k_002/lc30k002_3899_gc3300_rp0.10_mr1.14E-4_ss200.fa	long_content_30k_002	1389	29902
long_content_30k_002/lc30k002_389_gc3300_rp0.15_mr1.14E-4_ss200.fa	long_content_30k_002	2011	29902
long_content_30k_002/lc30k002_3900_gc3300_rp0.15_mr1.14E-4_ss100.fa	long_content_30k_002	2523	29902
long_content_30k_002/lc30k002_3901_gc3300_rp0.15_mr1.14E-4_ss200.fa	long_content_30k_002	2232	29902
long_content_30k_002/lc30k002_3902_gc3300_rp0.07_mr1.14E-4_ss200.fa	long_content_30k_002	248	29902
long_content_30k_002/lc30k002_3903_gc3300_rp0.05_mr1.14E-4_ss200.fa	long_content_30k_002	1034	29902
long_content_30k_002/lc30k002_3904_gc3300_rp0.10_mr1.14E-4_ss100.fa	long_content_30k_002	143	29902
long_content_30k_002/lc30k002_3905_gc3300_rp0.05_mr1.14E-4_ss100.fa	long_content_30k_002	164	29902
long_content_30k_002/lc30k002_3906_gc3300_rp0.07_mr1.14E-4_ss100.fa	long_content_30k_002	527	29902
long_content_30k_002/lc30k002_3907_gc3300_rp0.10_mr1.14E-4_ss200.fa	long_content_30k_002	1430	29902
long_content_30k_002/lc30k002_3908_gc3300_rp0.15_mr1.14E-4_ss100.fa	long_content_30k_002	464	29902
long_content_30k_002/lc30k002_3909_gc3300_rp0.15_mr1.14E-4_ss200.fa	long_content_30k_002	5222	29902
long_content_30k_002/lc30k002_390_gc3300_rp0.07_mr1.14E-4_ss200.fa	long_content_30k_002	361	29902
long_content_30k_002/lc30k002_3910_gc3300_rp0.07_mr1.14E-4_ss200.fa	long_content_30k_002	753	29902
long_content_30k_002/lc30k002_3911_gc3300_rp0.05_mr1.14E-4_ss200.fa	long_content_30k_002	1441	29902
long_content_30k_002/lc30k002_3912_gc3300_rp0.10_mr1.14E-4_ss100.fa	long_content_30k_002	209	29902
long_content_30k_002/lc30k002_3913_gc3300_rp0.05_mr1.14E-4_ss100.fa	long_content_30k_002	186	29902
long_content_30k_002/lc30k002_3914_gc3300_rp0.07_mr1.14E-4_ss100.fa	long_content_30k_002	325	29902
long_content_30k_002/lc30k002_3915_gc3300_rp0.10_mr1.14E-4_ss200.fa	long_content_30k_002	1235	29902
long_content_30k_002/lc30k002_3916_gc3300_rp0.15_mr1.14E-4_ss100.fa	long_content_30k_002	863	29902
long_content_30k_002/lc30k002_3917_gc3300_rp0.15_mr1.14E-4_ss200.fa	long_content_30k_002	3713	29902
long_content_30k_002/lc30k002_3918_gc3300_rp0.07_mr1.14E-4_ss200.fa	long_content_30k_002	1080	29902
long_content_30k_002/lc30k002_3919_gc3300_rp0.05_mr1.14E-4_ss200.fa	long_content_30k_002	251	29902
long_content_30k_002/lc30k002_391_gc3300_rp0.05_mr1.14E-4_ss200.fa	long_content_30k_002	677	29628
long_content_30k_002/lc30k002_3920_gc3300_rp0.10_mr1.14E-4_ss100.fa	long_content_30k_002	307	29902
long_content_30k_002/lc30k002_3921_gc3300_rp0.05_mr1.14E-4_ss100.fa	long_content_30k_002	159	29902
long_content_30k_002/lc30k002_3922_gc3300_rp0.07_mr1.14E-4_ss100.fa	long_content_30k_002	298	29902
long_content_30k_002/lc30k002_3923_gc3300_rp0.10_mr1.14E-4_ss200.fa	long_content_30k_002	964	29902
long_content_30k_002/lc30k002_3924_gc3300_rp0.15_mr1.14E-4_ss100.fa	long_content_30k_002	200	29517
long_content_30k_002/lc30k002_3925_gc3300_rp0.15_mr1.14E-4_ss200.fa	long_content_30k_002	2522	29902
long_content_30k_002/lc30k002_3926_gc3300_rp0.07_mr1.14E-4_ss200.fa	long_content_30k_002	1847	29902
long_content_30k_002/lc30k002_3927_gc3300_rp0.05_mr1.14E-4_ss200.fa	long_content_30k_002	785	29902
long_content_30k_002/lc30k002_3928_gc3300_rp0.10_mr1.14E-4_ss100.fa	long_content_30k_002	672	29902
long_content_30k_002/lc30k002_3929_gc3300_rp0.05_mr1.14E-4_ss100.fa	long_content_30k_002	227	29902
long_content_30k_002/lc30k002_392_gc3300_rp0.10_mr1.14E-4_ss100.fa	long_content_30k_002	204	29902
long_content_30k_002/lc30k002_3930_gc3300_rp0.07_mr1.14E-4_ss100.fa	long_content_30k_002	269	29902
long_content_30k_002/lc30k002_3931_gc3300_rp0.10_mr1.14E-4_ss200.fa	long_content_30k_002	484	29902
long_content_30k_002/lc30k002_3932_gc3300_rp0.15_mr1.14E-4_ss100.fa	long_content_30k_002	642	29902
long_content_30k_002/lc30k002_3933_gc3300_rp0.15_mr1.14E-4_ss200.fa	long_content_30k_002	1328	29902
long_content_30k_002/lc30k002_3934_gc3300_rp0.07_mr1.14E-4_ss200.fa	long_content_30k_002	946	29902
long_content_30k_002/lc30k002_3935_gc3300_rp0.05_mr1.14E-4_ss200.fa	long_content_30k_002	593	29902
long_content_30k_002/lc30k002_3936_gc3300_rp0.10_mr1.14E-4_ss100.fa	long_content_30k_002	1179	29902
long_content_30k_002/lc30k002_3937_gc3300_rp0.05_mr1.14E-4_ss100.fa	long_content_30k_002	908	29902
long_content_30k_002/lc30k002_3938_gc3300_rp0.07_mr1.14E-4_ss100.fa	long_content_30k_002	897	29902
long_content_30k_002/lc30k002_3939_gc3300_rp0.10_mr1.14E-4_ss200.fa	long_content_30k_002	3518	29902
long_content_30k_002/lc30k002_393_gc3300_rp0.05_mr1.14E-4_ss100.fa	long_content_30k_002	25	29902
long_content_30k_002/lc30k002_3940_gc3300_rp0.15_mr1.14E-4_ss100.fa	long_content_30k_002	1983	29902
long_content_30k_002/lc30k002_3941_gc3300_rp0.15_mr1.14E-4_ss200.fa	long_content_30k_002	2316	29902
long_content_30k_002/lc30k002_3942_gc3300_rp0.07_mr1.14E-4_ss200.fa	long_content_30k_002	1331	29902
long_content_30k_002/lc30k002_3943_gc3300_rp0.05_mr1.14E-4_ss200.fa	long_content_30k_002	1180	29902
long_content_30k_002/lc30k002_3944_gc3300_rp0.10_mr1.14E-4_ss100.fa	long_content_30k_002	215	29902
long_content_30k_002/lc30k002_3945_gc3300_rp0.05_mr1.14E-4_ss100.fa	long_content_30k_002	426	29902
long_content_30k_002/lc30k002_3946_gc3300_rp0.07_mr1.14E-4_ss100.fa	long_content_30k_002	17	29902
long_content_30k_002/lc30k002_3947_gc3300_rp0.10_mr1.14E-4_ss200.fa	long_content_30k_002	1894	29902
long_content_30k_002/lc30k002_3948_gc3300_rp0.15_mr1.14E-4_ss100.fa	long_content_30k_002	857	29902
long_content_30k_002/lc30k002_3949_gc3300_rp0.15_mr1.14E-4_ss200.fa	long_content_30k_002	1767	29902
long_content_30k_002/lc30k002_394_gc3300_rp0.07_mr1.14E-4_ss100.fa	long_content_30k_002	384	29902
long_content_30k_002/lc30k002_3950_gc3300_rp0.07_mr1.14E-4_ss200.fa	long_content_30k_002	1578	29902
long_content_30k_002/lc30k002_3951_gc3300_rp0.05_mr1.14E-4_ss200.fa	long_content_30k_002	741	29902
long_content_30k_002/lc30k002_3952_gc3300_rp0.10_mr1.14E-4_ss100.fa	long_content_30k_002	1985	29902
long_content_30k_002/lc30k002_3953_gc3300_rp0.05_mr1.14E-4_ss100.fa	long_content_30k_002	198	29902
long_content_30k_002/lc30k002_3954_gc3300_rp0.07_mr1.14E-4_ss100.fa	long_content_30k_002	725	29902
long_content_30k_002/lc30k002_3955_gc3300_rp0.10_mr1.14E-4_ss200.fa	long_content_30k_002	1190	29902
long_content_30k_002/lc30k002_3956_gc3300_rp0.15_mr1.14E-4_ss100.fa	long_content_30k_002	87	29902
long_content_30k_002/lc30k002_3957_gc3300_rp0.15_mr1.14E-4_ss200.fa	long_content_30k_002	5865	29902
long_content_30k_002/lc30k002_3958_gc3300_rp0.07_mr1.14E-4_ss200.fa	long_content_30k_002	945	29902
long_content_30k_002/lc30k002_3959_gc3300_rp0.05_mr1.14E-4_ss200.fa	long_content_30k_002	822	29902
long_content_30k_002/lc30k002_395_gc3300_rp0.10_mr1.14E-4_ss200.fa	long_content_30k_002	2788	29902
long_content_30k_002/lc30k002_3960_gc3300_rp0.10_mr1.14E-4_ss100.fa	long_content_30k_002	406	29902
long_content_30k_002/lc30k002_3961_gc3300_rp0.05_mr1.14E-4_ss100.fa	long_content_30k_002	166	29902
long_content_30k_002/lc30k002_3962_gc3300_rp0.07_mr1.14E-4_ss100.fa	long_content_30k_002	94	29902
long_content_30k_002/lc30k002_3963_gc3300_rp0.10_mr1.14E-4_ss200.fa	long_content_30k_002	671	29902
long_content_30k_002/lc30k002_3964_gc3300_rp0.15_mr1.14E-4_ss100.fa	long_content_30k_002	1293	29902
long_content_30k_002/lc30k002_3965_gc3300_rp0.15_mr1.14E-4_ss200.fa	long_content_30k_002	3616	29902
long_content_30k_002/lc30k002_3966_gc3300_rp0.07_mr1.14E-4_ss200.fa	long_content_30k_002	950	29902
long_content_30k_002/lc30k002_3967_gc3300_rp0.05_mr1.14E-4_ss200.fa	long_content_30k_002	236	29902
long_content_30k_002/lc30k002_3968_gc3300_rp0.10_mr1.14E-4_ss100.fa	long_content_30k_002	344	29902
long_content_30k_002/lc30k002_3969_gc3300_rp0.05_mr1.14E-4_ss100.fa	long_content_30k_002	792	29902
long_content_30k_002/lc30k002_396_gc3300_rp0.15_mr1.14E-4_ss100.fa	long_content_30k_002	1487	29902
long_content_30k_002/lc30k002_3970_gc3300_rp0.07_mr1.14E-4_ss100.fa	long_content_30k_002	619	29902
long_content_30k_002/lc30k002_3971_gc3300_rp0.10_mr1.14E-4_ss200.fa	long_content_30k_002	474	29902
long_content_30k_002/lc30k002_3972_gc3300_rp0.15_mr1.14E-4_ss100.fa	long_content_30k_002	1642	29902
long_content_30k_002/lc30k002_3973_gc3300_rp0.15_mr1.14E-4_ss200.fa	long_content_30k_002	3306	29902
long_content_30k_002/lc30k002_3974_gc3300_rp0.07_mr1.14E-4_ss200.fa	long_content_30k_002	219	29902
long_content_30k_002/lc30k002_3975_gc3300_rp0.05_mr1.14E-4_ss200.fa	long_content_30k_002	95	29902
long_content_30k_002/lc30k002_3976_gc3300_rp0.10_mr1.14E-4_ss100.fa	long_content_30k_002	893	29902
long_content_30k_002/lc30k002_3977_gc3300_rp0.05_mr1.14E-4_ss100.fa	long_content_30k_002	172	29902
long_content_30k_002/lc30k002_3978_gc3300_rp0.07_mr1.14E-4_ss100.fa	long_content_30k_002	500	29902
long_content_30k_002/lc30k002_3979_gc3300_rp0.10_mr1.14E-4_ss200.fa	long_content_30k_002	907	29902
long_content_30k_002/lc30k002_397_gc3300_rp0.15_mr1.14E-4_ss200.fa	long_content_30k_002	572	29902
long_content_30k_002/lc30k002_3980_gc3300_rp0.15_mr1.14E-4_ss100.fa	long_content_30k_002	827	29902
long_content_30k_002/lc30k002_3981_gc3300_rp0.15_mr1.14E-4_ss200.fa	long_content_30k_002	3231	29902
long_content_30k_002/lc30k002_3982_gc3300_rp0.07_mr1.14E-4_ss200.fa	long_content_30k_002	422	29902
long_content_30k_002/lc30k002_3983_gc3300_rp0.05_mr1.14E-4_ss200.fa	long_content_30k_002	544	29902
long_content_30k_002/lc30k002_3984_gc3300_rp0.10_mr1.14E-4_ss100.fa	long_content_30k_002	715	29902
long_content_30k_002/lc30k002_3985_gc3300_rp0.05_mr1.14E-4_ss100.fa	long_content_30k_002	68	26502
long_content_30k_002/lc30k002_3986_gc3300_rp0.07_mr1.14E-4_ss100.fa	long_content_30k_002	249	29902
long_content_30k_002/lc30k002_3987_gc3300_rp0.10_mr1.14E-4_ss200.fa	long_content_30k_002	2043	29902
long_content_30k_002/lc30k002_3988_gc3300_rp0.15_mr1.14E-4_ss100.fa	long_content_30k_002	1360	29902
long_content_30k_002/lc30k002_3989_gc3300_rp0.15_mr1.14E-4_ss200.fa	long_content_30k_002	4440	29902
long_content_30k_002/lc30k002_398_gc3300_rp0.07_mr1.14E-4_ss200.fa	long_content_30k_002	2026	29902
long_content_30k_002/lc30k002_3990_gc3300_rp0.07_mr1.14E-4_ss200.fa	long_content_30k_002	42	29902
long_content_30k_002/lc30k002_3991_gc3300_rp0.05_mr1.14E-4_ss200.fa	long_content_30k_002	62	28074
long_content_30k_002/lc30k002_3992_gc3300_rp0.10_mr1.14E-4_ss100.fa	long_content_30k_002	2307	29902
long_content_30k_002/lc30k002_3993_gc3300_rp0.05_mr1.14E-4_ss100.fa	long_content_30k_002	612	29902
long_content_30k_002/lc30k002_3994_gc3300_rp0.07_mr1.14E-4_ss100.fa	long_content_30k_002	110	29902
long_content_30k_002/lc30k002_3995_gc3300_rp0.10_mr1.14E-4_ss200.fa	long_content_30k_002	751	29902
long_content_30k_002/lc30k002_3996_gc3300_rp0.15_mr1.14E-4_ss100.fa	long_content_30k_002	1605	29902
long_content_30k_002/lc30k002_3997_gc3300_rp0.15_mr1.14E-4_ss200.fa	long_content_30k_002	4427	29902
long_content_30k_002/lc30k002_3998_gc3300_rp0.07_mr1.14E-4_ss200.fa	long_content_30k_002	505	29902
long_content_30k_002/lc30k002_3999_gc3300_rp0.05_mr1.14E-4_ss200.fa	long_content_30k_002	404	29902
long_content_30k_002/lc30k002_399_gc3300_rp0.05_mr1.14E-4_ss200.fa	long_content_30k_002	23	29902
long_content_30k_002/lc30k002_4000_gc3300_rp0.10_mr1.14E-4_ss100.fa	long_content_30k_002	708	29902
long_content_30k_002/lc30k002_400_gc3300_rp0.10_mr1.14E-4_ss100.fa	long_content_30k_002	187	29902
long_content_30k_002/lc30k002_401_gc3300_rp0.05_mr1.14E-4_ss100.fa	long_content_30k_002	451	29902
long_content_30k_002/lc30k002_402_gc3300_rp0.07_mr1.14E-4_ss100.fa	long_content_30k_002	394	29902
long_content_30k_002/lc30k002_403_gc3300_rp0.10_mr1.14E-4_ss200.fa	long_content_30k_002	661	29902
long_content_30k_002/lc30k002_404_gc3300_rp0.15_mr1.14E-4_ss100.fa	long_content_30k_002	1303	29902
long_content_30k_002/lc30k002_405_gc3300_rp0.15_mr1.14E-4_ss200.fa	long_content_30k_002	1242	29902
long_content_30k_002/lc30k002_406_gc3300_rp0.07_mr1.14E-4_ss200.fa	long_content_30k_002	595	29902
long_content_30k_002/lc30k002_407_gc3300_rp0.05_mr1.14E-4_ss200.fa	long_content_30k_002	1603	29902
long_content_30k_002/lc30k002_408_gc3300_rp0.10_mr1.14E-4_ss100.fa	long_content_30k_002	340	29902
long_content_30k_002/lc30k002_409_gc3300_rp0.05_mr1.14E-4_ss100.fa	long_content_30k_002	293	29902
long_content_30k_002/lc30k002_410_gc3300_rp0.07_mr1.14E-4_ss100.fa	long_content_30k_002	380	29902
long_content_30k_002/lc30k002_411_gc3300_rp0.10_mr1.14E-4_ss200.fa	long_content_30k_002	2226	29902
long_content_30k_002/lc30k002_412_gc3300_rp0.15_mr1.14E-4_ss100.fa	long_content_30k_002	1188	29902
long_content_30k_002/lc30k002_413_gc3300_rp0.15_mr1.14E-4_ss200.fa	long_content_30k_002	1883	29902
long_content_30k_002/lc30k002_414_gc3300_rp0.07_mr1.14E-4_ss200.fa	long_content_30k_002	597	29902
long_content_30k_002/lc30k002_415_gc3300_rp0.05_mr1.14E-4_ss200.fa	long_content_30k_002	1135	29902
long_content_30k_002/lc30k002_416_gc3300_rp0.10_mr1.14E-4_ss100.fa	long_content_30k_002	1299	29902
long_content_30k_002/lc30k002_417_gc3300_rp0.05_mr1.14E-4_ss100.fa	long_content_30k_002	223	29902
long_content_30k_002/lc30k002_418_gc3300_rp0.07_mr1.14E-4_ss100.fa	long_content_30k_002	237	29902
long_content_30k_002/lc30k002_419_gc3300_rp0.10_mr1.14E-4_ss200.fa	long_content_30k_002	812	29902
long_content_30k_002/lc30k002_420_gc3300_rp0.15_mr1.14E-4_ss100.fa	long_content_30k_002	956	29902
long_content_30k_002/lc30k002_421_gc3300_rp0.15_mr1.14E-4_ss200.fa	long_content_30k_002	3563	29902
long_content_30k_002/lc30k002_422_gc3300_rp0.07_mr1.14E-4_ss200.fa	long_content_30k_002	1865	29902
long_content_30k_002/lc30k002_423_gc3300_rp0.05_mr1.14E-4_ss200.fa	long_content_30k_002	242	29902
long_content_30k_002/lc30k002_424_gc3300_rp0.10_mr1.14E-4_ss100.fa	long_content_30k_002	788	29902
long_content_30k_002/lc30k002_425_gc3300_rp0.05_mr1.14E-4_ss100.fa	long_content_30k_002	254	29902
long_content_30k_002/lc30k002_426_gc3300_rp0.07_mr1.14E-4_ss100.fa	long_content_30k_002	99	29902
long_content_30k_002/lc30k002_427_gc3300_rp0.10_mr1.14E-4_ss200.fa	long_content_30k_002	477	29902
long_content_30k_002/lc30k002_428_gc3300_rp0.15_mr1.14E-4_ss100.fa	long_content_30k_002	1175	29902
long_content_30k_002/lc30k002_429_gc3300_rp0.15_mr1.14E-4_ss200.fa	long_content_30k_002	3187	29902
long_content_30k_002/lc30k002_430_gc3300_rp0.07_mr1.14E-4_ss200.fa	long_content_30k_002	1256	29902
long_content_30k_002/lc30k002_431_gc3300_rp0.05_mr1.14E-4_ss200.fa	long_content_30k_002	52	29902
long_content_30k_002/lc30k002_432_gc3300_rp0.10_mr1.14E-4_ss100.fa	long_content_30k_002	296	29902
long_content_30k_002/lc30k002_433_gc3300_rp0.05_mr1.14E-4_ss100.fa	long_content_30k_002	145	29902
long_content_30k_002/lc30k002_434_gc3300_rp0.07_mr1.14E-4_ss100.fa	long_content_30k_002	950	29902
long_content_30k_002/lc30k002_435_gc3300_rp0.10_mr1.14E-4_ss200.fa	long_content_30k_002	605	29902
long_content_30k_002/lc30k002_436_gc3300_rp0.15_mr1.14E-4_ss100.fa	long_content_30k_002	597	29902
long_content_30k_002/lc30k002_437_gc3300_rp0.15_mr1.14E-4_ss200.fa	long_content_30k_002	2776	29902
long_content_30k_002/lc30k002_438_gc3300_rp0.07_mr1.14E-4_ss200.fa	long_content_30k_002	1761	29902
long_content_30k_002/lc30k002_439_gc3300_rp0.05_mr1.14E-4_ss200.fa	long_content_30k_002	506	29902
long_content_30k_002/lc30k002_440_gc3300_rp0.10_mr1.14E-4_ss100.fa	long_content_30k_002	1153	29902
long_content_30k_002/lc30k002_441_gc3300_rp0.05_mr1.14E-4_ss100.fa	long_content_30k_002	149	29902
long_content_30k_002/lc30k002_442_gc3300_rp0.07_mr1.14E-4_ss100.fa	long_content_30k_002	484	29902
long_content_30k_002/lc30k002_443_gc3300_rp0.10_mr1.14E-4_ss200.fa	long_content_30k_002	2014	29902
long_content_30k_002/lc30k002_444_gc3300_rp0.15_mr1.14E-4_ss100.fa	long_content_30k_002	982	29902
long_content_30k_002/lc30k002_445_gc3300_rp0.15_mr1.14E-4_ss200.fa	long_content_30k_002	4040	29902
long_content_30k_002/lc30k002_446_gc3300_rp0.07_mr1.14E-4_ss200.fa	long_content_30k_002	693	29902
long_content_30k_002/lc30k002_447_gc3300_rp0.05_mr1.14E-4_ss200.fa	long_content_30k_002	851	29902
long_content_30k_002/lc30k002_448_gc3300_rp0.10_mr1.14E-4_ss100.fa	long_content_30k_002	338	29902
long_content_30k_002/lc30k002_449_gc3300_rp0.05_mr1.14E-4_ss100.fa	long_content_30k_002	253	29902
long_content_30k_002/lc30k002_450_gc3300_rp0.07_mr1.14E-4_ss100.fa	long_content_30k_002	205	29902
long_content_30k_002/lc30k002_451_gc3300_rp0.10_mr1.14E-4_ss200.fa	long_content_30k_002	595	29902
long_content_30k_002/lc30k002_452_gc3300_rp0.15_mr1.14E-4_ss100.fa	long_content_30k_002	736	29902
long_content_30k_002/lc30k002_453_gc3300_rp0.15_mr1.14E-4_ss200.fa	long_content_30k_002	2867	29902
long_content_30k_002/lc30k002_454_gc3300_rp0.07_mr1.14E-4_ss200.fa	long_content_30k_002	1590	29902
long_content_30k_002/lc30k002_455_gc3300_rp0.05_mr1.14E-4_ss200.fa	long_content_30k_002	1327	29902
long_content_30k_002/lc30k002_456_gc3300_rp0.10_mr1.14E-4_ss100.fa	long_content_30k_002	121	24300
long_content_30k_002/lc30k002_457_gc3300_rp0.05_mr1.14E-4_ss100.fa	long_content_30k_002	71	29902
long_content_30k_002/lc30k002_458_gc3300_rp0.07_mr1.14E-4_ss100.fa	long_content_30k_002	1287	29902
long_content_30k_002/lc30k002_459_gc3300_rp0.10_mr1.14E-4_ss200.fa	long_content_30k_002	1100	29902
long_content_30k_002/lc30k002_460_gc3300_rp0.15_mr1.14E-4_ss100.fa	long_content_30k_002	338	29902
long_content_30k_002/lc30k002_461_gc3300_rp0.15_mr1.14E-4_ss200.fa	long_content_30k_002	9480	29902
long_content_30k_002/lc30k002_462_gc3300_rp0.07_mr1.14E-4_ss200.fa	long_content_30k_002	214	29902
long_content_30k_002/lc30k002_463_gc3300_rp0.05_mr1.14E-4_ss200.fa	long_content_30k_002	528	29902
long_content_30k_002/lc30k002_464_gc3300_rp0.10_mr1.14E-4_ss100.fa	long_content_30k_002	869	29902
long_content_30k_002/lc30k002_465_gc3300_rp0.05_mr1.14E-4_ss100.fa	long_content_30k_002	13	29902
long_content_30k_002/lc30k002_466_gc3300_rp0.07_mr1.14E-4_ss100.fa	long_content_30k_002	464	29902
long_content_30k_002/lc30k002_467_gc3300_rp0.10_mr1.14E-4_ss200.fa	long_content_30k_002	1522	29902
long_content_30k_002/lc30k002_468_gc3300_rp0.15_mr1.14E-4_ss100.fa	long_content_30k_002	1009	29902
long_content_30k_002/lc30k002_469_gc3300_rp0.15_mr1.14E-4_ss200.fa	long_content_30k_002	2829	29902
long_content_30k_002/lc30k002_470_gc3300_rp0.07_mr1.14E-4_ss200.fa	long_content_30k_002	752	29902
long_content_30k_002/lc30k002_471_gc3300_rp0.05_mr1.14E-4_ss200.fa	long_content_30k_002	82	29902
long_content_30k_002/lc30k002_472_gc3300_rp0.10_mr1.14E-4_ss100.fa	long_content_30k_002	487	29902
long_content_30k_002/lc30k002_473_gc3300_rp0.05_mr1.14E-4_ss100.fa	long_content_30k_002	255	29902
long_content_30k_002/lc30k002_474_gc3300_rp0.07_mr1.14E-4_ss100.fa	long_content_30k_002	402	29902
long_content_30k_002/lc30k002_475_gc3300_rp0.10_mr1.14E-4_ss200.fa	long_content_30k_002	2305	29902
long_content_30k_002/lc30k002_476_gc3300_rp0.15_mr1.14E-4_ss100.fa	long_content_30k_002	1257	29902
long_content_30k_002/lc30k002_477_gc3300_rp0.15_mr1.14E-4_ss200.fa	long_content_30k_002	4007	29902
long_content_30k_002/lc30k002_478_gc3300_rp0.07_mr1.14E-4_ss200.fa	long_content_30k_002	222	29902
long_content_30k_002/lc30k002_479_gc3300_rp0.05_mr1.14E-4_ss200.fa	long_content_30k_002	532	29902
long_content_30k_002/lc30k002_480_gc3300_rp0.10_mr1.14E-4_ss100.fa	long_content_30k_002	571	29902
long_content_30k_002/lc30k002_481_gc3300_rp0.05_mr1.14E-4_ss100.fa	long_content_30k_002	47	25941
long_content_30k_002/lc30k002_482_gc3300_rp0.07_mr1.14E-4_ss100.fa	long_content_30k_002	683	29902
long_content_30k_002/lc30k002_483_gc3300_rp0.10_mr1.14E-4_ss200.fa	long_content_30k_002	841	29902
long_content_30k_002/lc30k002_484_gc3300_rp0.15_mr1.14E-4_ss100.fa	long_content_30k_002	830	29902
long_content_30k_002/lc30k002_485_gc3300_rp0.15_mr1.14E-4_ss200.fa	long_content_30k_002	1739	29902
long_content_30k_002/lc30k002_486_gc3300_rp0.07_mr1.14E-4_ss200.fa	long_content_30k_002	4056	29902
long_content_30k_002/lc30k002_487_gc3300_rp0.05_mr1.14E-4_ss200.fa	long_content_30k_002	637	29902
long_content_30k_002/lc30k002_488_gc3300_rp0.10_mr1.14E-4_ss100.fa	long_content_30k_002	713	29902
long_content_30k_002/lc30k002_489_gc3300_rp0.05_mr1.14E-4_ss100.fa	long_content_30k_002	48	29902
long_content_30k_002/lc30k002_490_gc3300_rp0.07_mr1.14E-4_ss100.fa	long_content_30k_002	125	29902
long_content_30k_002/lc30k002_491_gc3300_rp0.10_mr1.14E-4_ss200.fa	long_content_30k_002	1980	29902
long_content_30k_002/lc30k002_492_gc3300_rp0.15_mr1.14E-4_ss100.fa	long_content_30k_002	633	29902
long_content_30k_002/lc30k002_493_gc3300_rp0.15_mr1.14E-4_ss200.fa	long_content_30k_002	2037	29902
long_content_30k_002/lc30k002_494_gc3300_rp0.07_mr1.14E-4_ss200.fa	long_content_30k_002	1341	29902
long_content_30k_002/lc30k002_495_gc3300_rp0.05_mr1.14E-4_ss200.fa	long_content_30k_002	957	29902
long_content_30k_002/lc30k002_496_gc3300_rp0.10_mr1.14E-4_ss100.fa	long_content_30k_002	1156	29902
long_content_30k_002/lc30k002_497_gc3300_rp0.05_mr1.14E-4_ss100.fa	long_content_30k_002	355	29902
long_content_30k_002/lc30k002_498_gc3300_rp0.07_mr1.14E-4_ss100.fa	long_content_30k_002	270	29902
long_content_30k_002/lc30k002_499_gc3300_rp0.10_mr1.14E-4_ss200.fa	long_content_30k_002	866	29902
long_content_30k_002/lc30k002_500_gc3300_rp0.15_mr1.14E-4_ss100.fa	long_content_30k_002	1136	29902
long_content_30k_002/lc30k002_501_gc3300_rp0.15_mr1.14E-4_ss200.fa	long_content_30k_002	4286	29902
long_content_30k_002/lc30k002_502_gc3300_rp0.07_mr1.14E-4_ss200.fa	long_content_30k_002	398	29902
long_content_30k_002/lc30k002_503_gc3300_rp0.05_mr1.14E-4_ss200.fa	long_content_30k_002	977	29902
long_content_30k_002/lc30k002_504_gc3300_rp0.10_mr1.14E-4_ss100.fa	long_content_30k_002	787	29902
long_content_30k_002/lc30k002_505_gc3300_rp0.05_mr1.14E-4_ss100.fa	long_content_30k_002	319	29902
long_content_30k_002/lc30k002_506_gc3300_rp0.07_mr1.14E-4_ss100.fa	long_content_30k_002	240	29902
long_content_30k_002/lc30k002_507_gc3300_rp0.10_mr1.14E-4_ss200.fa	long_content_30k_002	2150	29902
long_content_30k_002/lc30k002_508_gc3300_rp0.15_mr1.14E-4_ss100.fa	long_content_30k_002	606	29902
long_content_30k_002/lc30k002_509_gc3300_rp0.15_mr1.14E-4_ss200.fa	long_content_30k_002	6062	29902
long_content_30k_002/lc30k002_510_gc3300_rp0.07_mr1.14E-4_ss200.fa	long_content_30k_002	781	29902
long_content_30k_002/lc30k002_511_gc3300_rp0.05_mr1.14E-4_ss200.fa	long_content_30k_002	344	29902
long_content_30k_002/lc30k002_512_gc3300_rp0.10_mr1.14E-4_ss100.fa	long_content_30k_002	226	29902
long_content_30k_002/lc30k002_513_gc3300_rp0.05_mr1.14E-4_ss100.fa	long_content_30k_002	57	29902
long_content_30k_002/lc30k002_514_gc3300_rp0.07_mr1.14E-4_ss100.fa	long_content_30k_002	378	29902
long_content_30k_002/lc30k002_515_gc3300_rp0.10_mr1.14E-4_ss200.fa	long_content_30k_002	371	29902
long_content_30k_002/lc30k002_516_gc3300_rp0.15_mr1.14E-4_ss100.fa	long_content_30k_002	1868	29902
long_content_30k_002/lc30k002_517_gc3300_rp0.15_mr1.14E-4_ss200.fa	long_content_30k_002	1887	29902
long_content_30k_002/lc30k002_518_gc3300_rp0.07_mr1.14E-4_ss200.fa	long_content_30k_002	460	29902
long_content_30k_002/lc30k002_519_gc3300_rp0.05_mr1.14E-4_ss200.fa	long_content_30k_002	676	29902
long_content_30k_002/lc30k002_520_gc3300_rp0.10_mr1.14E-4_ss100.fa	long_content_30k_002	283	29902
long_content_30k_002/lc30k002_521_gc3300_rp0.05_mr1.14E-4_ss100.fa	long_content_30k_002	451	29902
long_content_30k_002/lc30k002_522_gc3300_rp0.07_mr1.14E-4_ss100.fa	long_content_30k_002	735	29902
long_content_30k_002/lc30k002_523_gc3300_rp0.10_mr1.14E-4_ss200.fa	long_content_30k_002	2351	29902
long_content_30k_002/lc30k002_524_gc3300_rp0.15_mr1.14E-4_ss100.fa	long_content_30k_002	701	29902
long_content_30k_002/lc30k002_525_gc3300_rp0.15_mr1.14E-4_ss200.fa	long_content_30k_002	2842	29902
long_content_30k_002/lc30k002_526_gc3300_rp0.07_mr1.14E-4_ss200.fa	long_content_30k_002	363	29902
long_content_30k_002/lc30k002_527_gc3300_rp0.05_mr1.14E-4_ss200.fa	long_content_30k_002	1586	29902
long_content_30k_002/lc30k002_528_gc3300_rp0.10_mr1.14E-4_ss100.fa	long_content_30k_002	866	29902
long_content_30k_002/lc30k002_529_gc3300_rp0.05_mr1.14E-4_ss100.fa	long_content_30k_002	178	28554
long_content_30k_002/lc30k002_530_gc3300_rp0.07_mr1.14E-4_ss100.fa	long_content_30k_002	50	29902
long_content_30k_002/lc30k002_531_gc3300_rp0.10_mr1.14E-4_ss200.fa	long_content_30k_002	155	29902
long_content_30k_002/lc30k002_532_gc3300_rp0.15_mr1.14E-4_ss100.fa	long_content_30k_002	3983	29902
long_content_30k_002/lc30k002_533_gc3300_rp0.15_mr1.14E-4_ss200.fa	long_content_30k_002	4098	29902
long_content_30k_002/lc30k002_534_gc3300_rp0.07_mr1.14E-4_ss200.fa	long_content_30k_002	1979	29902
long_content_30k_002/lc30k002_535_gc3300_rp0.05_mr1.14E-4_ss200.fa	long_content_30k_002	64	29902
long_content_30k_002/lc30k002_536_gc3300_rp0.10_mr1.14E-4_ss100.fa	long_content_30k_002	221	29902
long_content_30k_002/lc30k002_537_gc3300_rp0.05_mr1.14E-4_ss100.fa	long_content_30k_002	186	29902
long_content_30k_002/lc30k002_538_gc3300_rp0.07_mr1.14E-4_ss100.fa	long_content_30k_002	428	29902
long_content_30k_002/lc30k002_539_gc3300_rp0.10_mr1.14E-4_ss200.fa	long_content_30k_002	1275	29902
long_content_30k_002/lc30k002_540_gc3300_rp0.15_mr1.14E-4_ss100.fa	long_content_30k_002	776	29902
long_content_30k_002/lc30k002_541_gc3300_rp0.15_mr1.14E-4_ss200.fa	long_content_30k_002	1068	29902
long_content_30k_002/lc30k002_542_gc3300_rp0.07_mr1.14E-4_ss200.fa	long_content_30k_002	654	29902
long_content_30k_002/lc30k002_543_gc3300_rp0.05_mr1.14E-4_ss200.fa	long_content_30k_002	28	29902
long_content_30k_002/lc30k002_544_gc3300_rp0.10_mr1.14E-4_ss100.fa	long_content_30k_002	593	29902
long_content_30k_002/lc30k002_545_gc3300_rp0.05_mr1.14E-4_ss100.fa	long_content_30k_002	96	24189
long_content_30k_002/lc30k002_546_gc3300_rp0.07_mr1.14E-4_ss100.fa	long_content_30k_002	673	29902
long_content_30k_002/lc30k002_547_gc3300_rp0.10_mr1.14E-4_ss200.fa	long_content_30k_002	1395	29902
long_content_30k_002/lc30k002_548_gc3300_rp0.15_mr1.14E-4_ss100.fa	long_content_30k_002	1631	29902
long_content_30k_002/lc30k002_549_gc3300_rp0.15_mr1.14E-4_ss200.fa	long_content_30k_002	3680	29902
long_content_30k_002/lc30k002_550_gc3300_rp0.07_mr1.14E-4_ss200.fa	long_content_30k_002	1013	29902
long_content_30k_002/lc30k002_551_gc3300_rp0.05_mr1.14E-4_ss200.fa	long_content_30k_002	1114	29902
long_content_30k_002/lc30k002_552_gc3300_rp0.10_mr1.14E-4_ss100.fa	long_content_30k_002	851	29902
long_content_30k_002/lc30k002_553_gc3300_rp0.05_mr1.14E-4_ss100.fa	long_content_30k_002	952	29902
long_content_30k_002/lc30k002_554_gc3300_rp0.07_mr1.14E-4_ss100.fa	long_content_30k_002	541	29902
long_content_30k_002/lc30k002_555_gc3300_rp0.10_mr1.14E-4_ss200.fa	long_content_30k_002	1310	29902
long_content_30k_002/lc30k002_556_gc3300_rp0.15_mr1.14E-4_ss100.fa	long_content_30k_002	2917	29902
long_content_30k_002/lc30k002_557_gc3300_rp0.15_mr1.14E-4_ss200.fa	long_content_30k_002	1182	29902
long_content_30k_002/lc30k002_558_gc3300_rp0.07_mr1.14E-4_ss200.fa	long_content_30k_002	955	29451
long_content_30k_002/lc30k002_559_gc3300_rp0.05_mr1.14E-4_ss200.fa	long_content_30k_002	837	29902
long_content_30k_002/lc30k002_560_gc3300_rp0.10_mr1.14E-4_ss100.fa	long_content_30k_002	400	29902
long_content_30k_002/lc30k002_561_gc3300_rp0.05_mr1.14E-4_ss100.fa	long_content_30k_002	265	29538
long_content_30k_002/lc30k002_562_gc3300_rp0.07_mr1.14E-4_ss100.fa	long_content_30k_002	299	29902
long_content_30k_002/lc30k002_563_gc3300_rp0.10_mr1.14E-4_ss200.fa	long_content_30k_002	447	29902
long_content_30k_002/lc30k002_564_gc3300_rp0.15_mr1.14E-4_ss100.fa	long_content_30k_002	324	29902
long_content_30k_002/lc30k002_565_gc3300_rp0.15_mr1.14E-4_ss200.fa	long_content_30k_002	1123	29902
long_content_30k_002/lc30k002_566_gc3300_rp0.07_mr1.14E-4_ss200.fa	long_content_30k_002	442	29902
long_content_30k_002/lc30k002_567_gc3300_rp0.05_mr1.14E-4_ss200.fa	long_content_30k_002	128	29902
long_content_30k_002/lc30k002_568_gc3300_rp0.10_mr1.14E-4_ss100.fa	long_content_30k_002	1253	29902
long_content_30k_002/lc30k002_569_gc3300_rp0.05_mr1.14E-4_ss100.fa	long_content_30k_002	453	29902
long_content_30k_002/lc30k002_570_gc3300_rp0.07_mr1.14E-4_ss100.fa	long_content_30k_002	376	29902
long_content_30k_002/lc30k002_571_gc3300_rp0.10_mr1.14E-4_ss200.fa	long_content_30k_002	1040	29902
long_content_30k_002/lc30k002_572_gc3300_rp0.15_mr1.14E-4_ss100.fa	long_content_30k_002	1901	29902
long_content_30k_002/lc30k002_573_gc3300_rp0.15_mr1.14E-4_ss200.fa	long_content_30k_002	4226	29902
long_content_30k_002/lc30k002_574_gc3300_rp0.07_mr1.14E-4_ss200.fa	long_content_30k_002	819	29902
long_content_30k_002/lc30k002_575_gc3300_rp0.05_mr1.14E-4_ss200.fa	long_content_30k_002	117	29902
long_content_30k_002/lc30k002_576_gc3300_rp0.10_mr1.14E-4_ss100.fa	long_content_30k_002	851	29902
long_content_30k_002/lc30k002_577_gc3300_rp0.05_mr1.14E-4_ss100.fa	long_content_30k_002	567	29902
long_content_30k_002/lc30k002_578_gc3300_rp0.07_mr1.14E-4_ss100.fa	long_content_30k_002	1807	29902
long_content_30k_002/lc30k002_579_gc3300_rp0.10_mr1.14E-4_ss200.fa	long_content_30k_002	2819	29902
long_content_30k_002/lc30k002_580_gc3300_rp0.15_mr1.14E-4_ss100.fa	long_content_30k_002	448	29902
long_content_30k_002/lc30k002_581_gc3300_rp0.15_mr1.14E-4_ss200.fa	long_content_30k_002	3378	29902
long_content_30k_002/lc30k002_582_gc3300_rp0.07_mr1.14E-4_ss200.fa	long_content_30k_002	249	29902
long_content_30k_002/lc30k002_583_gc3300_rp0.05_mr1.14E-4_ss200.fa	long_content_30k_002	311	29902
long_content_30k_002/lc30k002_584_gc3300_rp0.10_mr1.14E-4_ss100.fa	long_content_30k_002	640	29902
long_content_30k_002/lc30k002_585_gc3300_rp0.05_mr1.14E-4_ss100.fa	long_content_30k_002	434	29902
long_content_30k_002/lc30k002_586_gc3300_rp0.07_mr1.14E-4_ss100.fa	long_content_30k_002	220	29902
long_content_30k_002/lc30k002_587_gc3300_rp0.10_mr1.14E-4_ss200.fa	long_content_30k_002	194	29902
long_content_30k_002/lc30k002_588_gc3300_rp0.15_mr1.14E-4_ss100.fa	long_content_30k_002	4700	29902
long_content_30k_002/lc30k002_589_gc3300_rp0.15_mr1.14E-4_ss200.fa	long_content_30k_002	2538	29902
long_content_30k_002/lc30k002_590_gc3300_rp0.07_mr1.14E-4_ss200.fa	long_content_30k_002	262	29902
long_content_30k_002/lc30k002_591_gc3300_rp0.05_mr1.14E-4_ss200.fa	long_content_30k_002	98	29902
long_content_30k_002/lc30k002_592_gc3300_rp0.10_mr1.14E-4_ss100.fa	long_content_30k_002	352	29902
long_content_30k_002/lc30k002_593_gc3300_rp0.05_mr1.14E-4_ss100.fa	long_content_30k_002	208	8493
long_content_30k_002/lc30k002_594_gc3300_rp0.07_mr1.14E-4_ss100.fa	long_content_30k_002	84	29902
long_content_30k_002/lc30k002_595_gc3300_rp0.10_mr1.14E-4_ss200.fa	long_content_30k_002	648	29902
long_content_30k_002/lc30k002_596_gc3300_rp0.15_mr1.14E-4_ss100.fa	long_content_30k_002	2683	29902
long_content_30k_002/lc30k002_597_gc3300_rp0.15_mr1.14E-4_ss200.fa	long_content_30k_002	3653	29902
long_content_30k_002/lc30k002_598_gc3300_rp0.07_mr1.14E-4_ss200.fa	long_content_30k_002	613	29902
long_content_30k_002/lc30k002_599_gc3300_rp0.05_mr1.14E-4_ss200.fa	long_content_30k_002	481	29902
long_content_30k_002/lc30k002_600_gc3300_rp0.10_mr1.14E-4_ss100.fa	long_content_30k_002	825	29902
long_content_30k_002/lc30k002_601_gc3300_rp0.05_mr1.14E-4_ss100.fa	long_content_30k_002	51	29265
long_content_30k_002/lc30k002_602_gc3300_rp0.07_mr1.14E-4_ss100.fa	long_content_30k_002	278	29902
long_content_30k_002/lc30k002_603_gc3300_rp0.10_mr1.14E-4_ss200.fa	long_content_30k_002	888	29902
long_content_30k_002/lc30k002_604_gc3300_rp0.15_mr1.14E-4_ss100.fa	long_content_30k_002	658	29902
long_content_30k_002/lc30k002_605_gc3300_rp0.15_mr1.14E-4_ss200.fa	long_content_30k_002	1556	29902
long_content_30k_002/lc30k002_606_gc3300_rp0.07_mr1.14E-4_ss200.fa	long_content_30k_002	1295	29902
long_content_30k_002/lc30k002_607_gc3300_rp0.05_mr1.14E-4_ss200.fa	long_content_30k_002	199	29902
long_content_30k_002/lc30k002_608_gc3300_rp0.10_mr1.14E-4_ss100.fa	long_content_30k_002	964	29902
long_content_30k_002/lc30k002_609_gc3300_rp0.05_mr1.14E-4_ss100.fa	long_content_30k_002	113	29902
long_content_30k_002/lc30k002_610_gc3300_rp0.07_mr1.14E-4_ss100.fa	long_content_30k_002	445	29902
long_content_30k_002/lc30k002_611_gc3300_rp0.10_mr1.14E-4_ss200.fa	long_content_30k_002	1404	29902
long_content_30k_002/lc30k002_612_gc3300_rp0.15_mr1.14E-4_ss100.fa	long_content_30k_002	2353	29902
long_content_30k_002/lc30k002_613_gc3300_rp0.15_mr1.14E-4_ss200.fa	long_content_30k_002	1110	29902
long_content_30k_002/lc30k002_614_gc3300_rp0.07_mr1.14E-4_ss200.fa	long_content_30k_002	1635	29902
long_content_30k_002/lc30k002_615_gc3300_rp0.05_mr1.14E-4_ss200.fa	long_content_30k_002	690	29902
long_content_30k_002/lc30k002_616_gc3300_rp0.10_mr1.14E-4_ss100.fa	long_content_30k_002	1155	29902
long_content_30k_002/lc30k002_617_gc3300_rp0.05_mr1.14E-4_ss100.fa	long_content_30k_002	214	29902
long_content_30k_002/lc30k002_618_gc3300_rp0.07_mr1.14E-4_ss100.fa	long_content_30k_002	1700	29902
long_content_30k_002/lc30k002_619_gc3300_rp0.10_mr1.14E-4_ss200.fa	long_content_30k_002	628	29902
long_content_30k_002/lc30k002_620_gc3300_rp0.15_mr1.14E-4_ss100.fa	long_content_30k_002	322	29902
long_content_30k_002/lc30k002_621_gc3300_rp0.15_mr1.14E-4_ss200.fa	long_content_30k_002	1852	29902
long_content_30k_002/lc30k002_622_gc3300_rp0.07_mr1.14E-4_ss200.fa	long_content_30k_002	885	29902
long_content_30k_002/lc30k002_623_gc3300_rp0.05_mr1.14E-4_ss200.fa	long_content_30k_002	423	29902
long_content_30k_002/lc30k002_624_gc3300_rp0.10_mr1.14E-4_ss100.fa	long_content_30k_002	194	29902
long_content_30k_002/lc30k002_625_gc3300_rp0.05_mr1.14E-4_ss100.fa	long_content_30k_002	367	29902
long_content_30k_002/lc30k002_626_gc3300_rp0.07_mr1.14E-4_ss100.fa	long_content_30k_002	126	29902
long_content_30k_002/lc30k002_627_gc3300_rp0.10_mr1.14E-4_ss200.fa	long_content_30k_002	993	29902
long_content_30k_002/lc30k002_628_gc3300_rp0.15_mr1.14E-4_ss100.fa	long_content_30k_002	2295	29902
long_content_30k_002/lc30k002_629_gc3300_rp0.15_mr1.14E-4_ss200.fa	long_content_30k_002	3969	29902
long_content_30k_002/lc30k002_630_gc3300_rp0.07_mr1.14E-4_ss200.fa	long_content_30k_002	293	29902
long_content_30k_002/lc30k002_631_gc3300_rp0.05_mr1.14E-4_ss200.fa	long_content_30k_002	1190	29902
long_content_30k_002/lc30k002_632_gc3300_rp0.10_mr1.14E-4_ss100.fa	long_content_30k_002	880	29902
long_content_30k_002/lc30k002_633_gc3300_rp0.05_mr1.14E-4_ss100.fa	long_content_30k_002	301	29902
long_content_30k_002/lc30k002_634_gc3300_rp0.07_mr1.14E-4_ss100.fa	long_content_30k_002	721	29902
long_content_30k_002/lc30k002_635_gc3300_rp0.10_mr1.14E-4_ss200.fa	long_content_30k_002	1074	29902
long_content_30k_002/lc30k002_636_gc3300_rp0.15_mr1.14E-4_ss100.fa	long_content_30k_002	1155	29902
long_content_30k_002/lc30k002_637_gc3300_rp0.15_mr1.14E-4_ss200.fa	long_content_30k_002	4283	29902
long_content_30k_002/lc30k002_638_gc3300_rp0.07_mr1.14E-4_ss200.fa	long_content_30k_002	770	29902
long_content_30k_002/lc30k002_639_gc3300_rp0.05_mr1.14E-4_ss200.fa	long_content_30k_002	268	29902
long_content_30k_002/lc30k002_640_gc3300_rp0.10_mr1.14E-4_ss100.fa	long_content_30k_002	2141	29902
long_content_30k_002/lc30k002_641_gc3300_rp0.05_mr1.14E-4_ss100.fa	long_content_30k_002	136	29902
long_content_30k_002/lc30k002_642_gc3300_rp0.07_mr1.14E-4_ss100.fa	long_content_30k_002	59	29902
long_content_30k_002/lc30k002_643_gc3300_rp0.10_mr1.14E-4_ss200.fa	long_content_30k_002	2199	29902
long_content_30k_002/lc30k002_644_gc3300_rp0.15_mr1.14E-4_ss100.fa	long_content_30k_002	1512	29902
long_content_30k_002/lc30k002_645_gc3300_rp0.15_mr1.14E-4_ss200.fa	long_content_30k_002	2049	29902
long_content_30k_002/lc30k002_646_gc3300_rp0.07_mr1.14E-4_ss200.fa	long_content_30k_002	791	29902
long_content_30k_002/lc30k002_647_gc3300_rp0.05_mr1.14E-4_ss200.fa	long_content_30k_002	1551	29902
long_content_30k_002/lc30k002_648_gc3300_rp0.10_mr1.14E-4_ss100.fa	long_content_30k_002	1356	29902
long_content_30k_002/lc30k002_649_gc3300_rp0.05_mr1.14E-4_ss100.fa	long_content_30k_002	397	29902
long_content_30k_002/lc30k002_650_gc3300_rp0.07_mr1.14E-4_ss100.fa	long_content_30k_002	1272	29902
long_content_30k_002/lc30k002_651_gc3300_rp0.10_mr1.14E-4_ss200.fa	long_content_30k_002	3605	29902
long_content_30k_002/lc30k002_652_gc3300_rp0.15_mr1.14E-4_ss100.fa	long_content_30k_002	722	29902
long_content_30k_002/lc30k002_653_gc3300_rp0.15_mr1.14E-4_ss200.fa	long_content_30k_002	106	29902
long_content_30k_002/lc30k002_654_gc3300_rp0.07_mr1.14E-4_ss200.fa	long_content_30k_002	1228	29902
long_content_30k_002/lc30k002_655_gc3300_rp0.05_mr1.14E-4_ss200.fa	long_content_30k_002	1865	29902
long_content_30k_002/lc30k002_656_gc3300_rp0.10_mr1.14E-4_ss100.fa	long_content_30k_002	438	29902
long_content_30k_002/lc30k002_657_gc3300_rp0.05_mr1.14E-4_ss100.fa	long_content_30k_002	51	29902
long_content_30k_002/lc30k002_658_gc3300_rp0.07_mr1.14E-4_ss100.fa	long_content_30k_002	158	29902
long_content_30k_002/lc30k002_659_gc3300_rp0.10_mr1.14E-4_ss200.fa	long_content_30k_002	2874	29902
long_content_30k_002/lc30k002_660_gc3300_rp0.15_mr1.14E-4_ss100.fa	long_content_30k_002	535	29902
long_content_30k_002/lc30k002_661_gc3300_rp0.15_mr1.14E-4_ss200.fa	long_content_30k_002	4850	29902
long_content_30k_002/lc30k002_662_gc3300_rp0.07_mr1.14E-4_ss200.fa	long_content_30k_002	145	29902
long_content_30k_002/lc30k002_663_gc3300_rp0.05_mr1.14E-4_ss200.fa	long_content_30k_002	3771	29902
long_content_30k_002/lc30k002_664_gc3300_rp0.10_mr1.14E-4_ss100.fa	long_content_30k_002	1183	29902
long_content_30k_002/lc30k002_665_gc3300_rp0.05_mr1.14E-4_ss100.fa	long_content_30k_002	141	29902
long_content_30k_002/lc30k002_666_gc3300_rp0.07_mr1.14E-4_ss100.fa	long_content_30k_002	657	29902
long_content_30k_002/lc30k002_667_gc3300_rp0.10_mr1.14E-4_ss200.fa	long_content_30k_002	2797	29902
long_content_30k_002/lc30k002_668_gc3300_rp0.15_mr1.14E-4_ss100.fa	long_content_30k_002	1320	29902
long_content_30k_002/lc30k002_669_gc3300_rp0.15_mr1.14E-4_ss200.fa	long_content_30k_002	2317	29902
long_content_30k_002/lc30k002_670_gc3300_rp0.07_mr1.14E-4_ss200.fa	long_content_30k_002	504	29902
long_content_30k_002/lc30k002_671_gc3300_rp0.05_mr1.14E-4_ss200.fa	long_content_30k_002	439	29902
long_content_30k_002/lc30k002_672_gc3300_rp0.10_mr1.14E-4_ss100.fa	long_content_30k_002	761	29902
long_content_30k_002/lc30k002_673_gc3300_rp0.05_mr1.14E-4_ss100.fa	long_content_30k_002	951	29902
long_content_30k_002/lc30k002_674_gc3300_rp0.07_mr1.14E-4_ss100.fa	long_content_30k_002	345	29902
long_content_30k_002/lc30k002_675_gc3300_rp0.10_mr1.14E-4_ss200.fa	long_content_30k_002	1547	29902
long_content_30k_002/lc30k002_676_gc3300_rp0.15_mr1.14E-4_ss100.fa	long_content_30k_002	1719	29902
long_content_30k_002/lc30k002_677_gc3300_rp0.15_mr1.14E-4_ss200.fa	long_content_30k_002	1172	29902
long_content_30k_002/lc30k002_678_gc3300_rp0.07_mr1.14E-4_ss200.fa	long_content_30k_002	864	29902
long_content_30k_002/lc30k002_679_gc3300_rp0.05_mr1.14E-4_ss200.fa	long_content_30k_002	1879	29902
long_content_30k_002/lc30k002_680_gc3300_rp0.10_mr1.14E-4_ss100.fa	long_content_30k_002	636	29902
long_content_30k_002/lc30k002_681_gc3300_rp0.05_mr1.14E-4_ss100.fa	long_content_30k_002	145	29902
long_content_30k_002/lc30k002_682_gc3300_rp0.07_mr1.14E-4_ss100.fa	long_content_30k_002	363	29902
long_content_30k_002/lc30k002_683_gc3300_rp0.10_mr1.14E-4_ss200.fa	long_content_30k_002	2164	29902
long_content_30k_002/lc30k002_684_gc3300_rp0.15_mr1.14E-4_ss100.fa	long_content_30k_002	4208	29902
long_content_30k_002/lc30k002_685_gc3300_rp0.15_mr1.14E-4_ss200.fa	long_content_30k_002	880	29902
long_content_30k_002/lc30k002_686_gc3300_rp0.07_mr1.14E-4_ss200.fa	long_content_30k_002	1492	29902
long_content_30k_002/lc30k002_687_gc3300_rp0.05_mr1.14E-4_ss200.fa	long_content_30k_002	406	29902
long_content_30k_002/lc30k002_688_gc3300_rp0.10_mr1.14E-4_ss100.fa	long_content_30k_002	848	29902
long_content_30k_002/lc30k002_689_gc3300_rp0.05_mr1.14E-4_ss100.fa	long_content_30k_002	394	29902
long_content_30k_002/lc30k002_690_gc3300_rp0.07_mr1.14E-4_ss100.fa	long_content_30k_002	516	29902
long_content_30k_002/lc30k002_691_gc3300_rp0.10_mr1.14E-4_ss200.fa	long_content_30k_002	396	29902
long_content_30k_002/lc30k002_692_gc3300_rp0.15_mr1.14E-4_ss100.fa	long_content_30k_002	7263	29902
long_content_30k_002/lc30k002_693_gc3300_rp0.15_mr1.14E-4_ss200.fa	long_content_30k_002	4198	29902
long_content_30k_002/lc30k002_694_gc3300_rp0.07_mr1.14E-4_ss200.fa	long_content_30k_002	615	29902
long_content_30k_002/lc30k002_695_gc3300_rp0.05_mr1.14E-4_ss200.fa	long_content_30k_002	211	29902
long_content_30k_002/lc30k002_696_gc3300_rp0.10_mr1.14E-4_ss100.fa	long_content_30k_002	1745	29902
long_content_30k_002/lc30k002_697_gc3300_rp0.05_mr1.14E-4_ss100.fa	long_content_30k_002	150	29902
long_content_30k_002/lc30k002_698_gc3300_rp0.07_mr1.14E-4_ss100.fa	long_content_30k_002	478	29902
long_content_30k_002/lc30k002_699_gc3300_rp0.10_mr1.14E-4_ss200.fa	long_content_30k_002	1058	29902
long_content_30k_002/lc30k002_700_gc3300_rp0.15_mr1.14E-4_ss100.fa	long_content_30k_002	2703	29902
long_content_30k_002/lc30k002_701_gc3300_rp0.15_mr1.14E-4_ss200.fa	long_content_30k_002	2730	29902
long_content_30k_002/lc30k002_702_gc3300_rp0.07_mr1.14E-4_ss200.fa	long_content_30k_002	1414	29902
long_content_30k_002/lc30k002_703_gc3300_rp0.05_mr1.14E-4_ss200.fa	long_content_30k_002	235	29902
long_content_30k_002/lc30k002_704_gc3300_rp0.10_mr1.14E-4_ss100.fa	long_content_30k_002	268	29902
long_content_30k_002/lc30k002_705_gc3300_rp0.05_mr1.14E-4_ss100.fa	long_content_30k_002	327	29902
long_content_30k_002/lc30k002_706_gc3300_rp0.07_mr1.14E-4_ss100.fa	long_content_30k_002	397	29902
long_content_30k_002/lc30k002_707_gc3300_rp0.10_mr1.14E-4_ss200.fa	long_content_30k_002	1600	29902
long_content_30k_002/lc30k002_708_gc3300_rp0.15_mr1.14E-4_ss100.fa	long_content_30k_002	820	29902
long_content_30k_002/lc30k002_709_gc3300_rp0.15_mr1.14E-4_ss200.fa	long_content_30k_002	4774	29902
long_content_30k_002/lc30k002_710_gc3300_rp0.07_mr1.14E-4_ss200.fa	long_content_30k_002	147	29902
long_content_30k_002/lc30k002_711_gc3300_rp0.05_mr1.14E-4_ss200.fa	long_content_30k_002	585	29902
long_content_30k_002/lc30k002_712_gc3300_rp0.10_mr1.14E-4_ss100.fa	long_content_30k_002	378	29902
long_content_30k_002/lc30k002_713_gc3300_rp0.05_mr1.14E-4_ss100.fa	long_content_30k_002	210	29902
long_content_30k_002/lc30k002_714_gc3300_rp0.07_mr1.14E-4_ss100.fa	long_content_30k_002	1350	29902
long_content_30k_002/lc30k002_715_gc3300_rp0.10_mr1.14E-4_ss200.fa	long_content_30k_002	962	29902
long_content_30k_002/lc30k002_716_gc3300_rp0.15_mr1.14E-4_ss100.fa	long_content_30k_002	1255	29902
long_content_30k_002/lc30k002_717_gc3300_rp0.15_mr1.14E-4_ss200.fa	long_content_30k_002	2528	29902
long_content_30k_002/lc30k002_718_gc3300_rp0.07_mr1.14E-4_ss200.fa	long_content_30k_002	858	29902
long_content_30k_002/lc30k002_719_gc3300_rp0.05_mr1.14E-4_ss200.fa	long_content_30k_002	1204	29902
long_content_30k_002/lc30k002_720_gc3300_rp0.10_mr1.14E-4_ss100.fa	long_content_30k_002	409	29902
long_content_30k_002/lc30k002_721_gc3300_rp0.05_mr1.14E-4_ss100.fa	long_content_30k_002	292	29902
long_content_30k_002/lc30k002_722_gc3300_rp0.07_mr1.14E-4_ss100.fa	long_content_30k_002	160	29902
long_content_30k_002/lc30k002_723_gc3300_rp0.10_mr1.14E-4_ss200.fa	long_content_30k_002	2214	29902
long_content_30k_002/lc30k002_724_gc3300_rp0.15_mr1.14E-4_ss100.fa	long_content_30k_002	636	29902
long_content_30k_002/lc30k002_725_gc3300_rp0.15_mr1.14E-4_ss200.fa	long_content_30k_002	1768	29902
long_content_30k_002/lc30k002_726_gc3300_rp0.07_mr1.14E-4_ss200.fa	long_content_30k_002	1173	29902
long_content_30k_002/lc30k002_727_gc3300_rp0.05_mr1.14E-4_ss200.fa	long_content_30k_002	113	29902
long_content_30k_002/lc30k002_728_gc3300_rp0.10_mr1.14E-4_ss100.fa	long_content_30k_002	517	29902
long_content_30k_002/lc30k002_729_gc3300_rp0.05_mr1.14E-4_ss100.fa	long_content_30k_002	319	29902
long_content_30k_002/lc30k002_730_gc3300_rp0.07_mr1.14E-4_ss100.fa	long_content_30k_002	995	29902
long_content_30k_002/lc30k002_731_gc3300_rp0.10_mr1.14E-4_ss200.fa	long_content_30k_002	3711	29902
long_content_30k_002/lc30k002_732_gc3300_rp0.15_mr1.14E-4_ss100.fa	long_content_30k_002	1200	29902
long_content_30k_002/lc30k002_733_gc3300_rp0.15_mr1.14E-4_ss200.fa	long_content_30k_002	2537	29902
long_content_30k_002/lc30k002_734_gc3300_rp0.07_mr1.14E-4_ss200.fa	long_content_30k_002	543	29902
long_content_30k_002/lc30k002_735_gc3300_rp0.05_mr1.14E-4_ss200.fa	long_content_30k_002	750	29902
long_content_30k_002/lc30k002_736_gc3300_rp0.10_mr1.14E-4_ss100.fa	long_content_30k_002	1733	29902
long_content_30k_002/lc30k002_737_gc3300_rp0.05_mr1.14E-4_ss100.fa	long_content_30k_002	19	29902
long_content_30k_002/lc30k002_738_gc3300_rp0.07_mr1.14E-4_ss100.fa	long_content_30k_002	1368	29902
long_content_30k_002/lc30k002_739_gc3300_rp0.10_mr1.14E-4_ss200.fa	long_content_30k_002	310	29902
long_content_30k_002/lc30k002_740_gc3300_rp0.15_mr1.14E-4_ss100.fa	long_content_30k_002	1878	29902
long_content_30k_002/lc30k002_741_gc3300_rp0.15_mr1.14E-4_ss200.fa	long_content_30k_002	1002	29902
long_content_30k_002/lc30k002_742_gc3300_rp0.07_mr1.14E-4_ss200.fa	long_content_30k_002	1307	29902
long_content_30k_002/lc30k002_743_gc3300_rp0.05_mr1.14E-4_ss200.fa	long_content_30k_002	494	29902
long_content_30k_002/lc30k002_744_gc3300_rp0.10_mr1.14E-4_ss100.fa	long_content_30k_002	2776	29902
long_content_30k_002/lc30k002_745_gc3300_rp0.05_mr1.14E-4_ss100.fa	long_content_30k_002	185	29902
long_content_30k_002/lc30k002_746_gc3300_rp0.07_mr1.14E-4_ss100.fa	long_content_30k_002	217	29902
long_content_30k_002/lc30k002_747_gc3300_rp0.10_mr1.14E-4_ss200.fa	long_content_30k_002	141	29902
long_content_30k_002/lc30k002_748_gc3300_rp0.15_mr1.14E-4_ss100.fa	long_content_30k_002	2025	29902
long_content_30k_002/lc30k002_749_gc3300_rp0.15_mr1.14E-4_ss200.fa	long_content_30k_002	1291	29902
long_content_30k_002/lc30k002_750_gc3300_rp0.07_mr1.14E-4_ss200.fa	long_content_30k_002	608	29902
long_content_30k_002/lc30k002_751_gc3300_rp0.05_mr1.14E-4_ss200.fa	long_content_30k_002	390	29902
long_content_30k_002/lc30k002_752_gc3300_rp0.10_mr1.14E-4_ss100.fa	long_content_30k_002	1367	29902
long_content_30k_002/lc30k002_753_gc3300_rp0.05_mr1.14E-4_ss100.fa	long_content_30k_002	67	29902
long_content_30k_002/lc30k002_754_gc3300_rp0.07_mr1.14E-4_ss100.fa	long_content_30k_002	287	29902
long_content_30k_002/lc30k002_755_gc3300_rp0.10_mr1.14E-4_ss200.fa	long_content_30k_002	1075	29902
long_content_30k_002/lc30k002_756_gc3300_rp0.15_mr1.14E-4_ss100.fa	long_content_30k_002	577	29902
long_content_30k_002/lc30k002_757_gc3300_rp0.15_mr1.14E-4_ss200.fa	long_content_30k_002	2325	29902
long_content_30k_002/lc30k002_758_gc3300_rp0.07_mr1.14E-4_ss200.fa	long_content_30k_002	1525	29902
long_content_30k_002/lc30k002_759_gc3300_rp0.05_mr1.14E-4_ss200.fa	long_content_30k_002	1059	29902
long_content_30k_002/lc30k002_760_gc3300_rp0.10_mr1.14E-4_ss100.fa	long_content_30k_002	239	29902
long_content_30k_002/lc30k002_761_gc3300_rp0.05_mr1.14E-4_ss100.fa	long_content_30k_002	136	29902
long_content_30k_002/lc30k002_762_gc3300_rp0.07_mr1.14E-4_ss100.fa	long_content_30k_002	720	29902
long_content_30k_002/lc30k002_763_gc3300_rp0.10_mr1.14E-4_ss200.fa	long_content_30k_002	852	29902
long_content_30k_002/lc30k002_764_gc3300_rp0.15_mr1.14E-4_ss100.fa	long_content_30k_002	2345	29902
long_content_30k_002/lc30k002_765_gc3300_rp0.15_mr1.14E-4_ss200.fa	long_content_30k_002	2441	29902
long_content_30k_002/lc30k002_766_gc3300_rp0.07_mr1.14E-4_ss200.fa	long_content_30k_002	676	29902
long_content_30k_002/lc30k002_767_gc3300_rp0.05_mr1.14E-4_ss200.fa	long_content_30k_002	913	29902
long_content_30k_002/lc30k002_768_gc3300_rp0.10_mr1.14E-4_ss100.fa	long_content_30k_002	164	29902
long_content_30k_002/lc30k002_769_gc3300_rp0.05_mr1.14E-4_ss100.fa	long_content_30k_002	546	29902
long_content_30k_002/lc30k002_770_gc3300_rp0.07_mr1.14E-4_ss100.fa	long_content_30k_002	296	29902
long_content_30k_002/lc30k002_771_gc3300_rp0.10_mr1.14E-4_ss200.fa	long_content_30k_002	641	29902
long_content_30k_002/lc30k002_772_gc3300_rp0.15_mr1.14E-4_ss100.fa	long_content_30k_002	1333	29902
long_content_30k_002/lc30k002_773_gc3300_rp0.15_mr1.14E-4_ss200.fa	long_content_30k_002	1033	29902
long_content_30k_002/lc30k002_774_gc3300_rp0.07_mr1.14E-4_ss200.fa	long_content_30k_002	852	29902
long_content_30k_002/lc30k002_775_gc3300_rp0.05_mr1.14E-4_ss200.fa	long_content_30k_002	712	29902
long_content_30k_002/lc30k002_776_gc3300_rp0.10_mr1.14E-4_ss100.fa	long_content_30k_002	262	29902
long_content_30k_002/lc30k002_777_gc3300_rp0.05_mr1.14E-4_ss100.fa	long_content_30k_002	489	29902
long_content_30k_002/lc30k002_778_gc3300_rp0.07_mr1.14E-4_ss100.fa	long_content_30k_002	211	29902
long_content_30k_002/lc30k002_779_gc3300_rp0.10_mr1.14E-4_ss200.fa	long_content_30k_002	3490	29902
long_content_30k_002/lc30k002_780_gc3300_rp0.15_mr1.14E-4_ss100.fa	long_content_30k_002	2151	29902
long_content_30k_002/lc30k002_781_gc3300_rp0.15_mr1.14E-4_ss200.fa	long_content_30k_002	1937	29902
long_content_30k_002/lc30k002_782_gc3300_rp0.07_mr1.14E-4_ss200.fa	long_content_30k_002	382	29902
long_content_30k_002/lc30k002_783_gc3300_rp0.05_mr1.14E-4_ss200.fa	long_content_30k_002	573	29902
long_content_30k_002/lc30k002_784_gc3300_rp0.10_mr1.14E-4_ss100.fa	long_content_30k_002	427	29902
long_content_30k_002/lc30k002_785_gc3300_rp0.05_mr1.14E-4_ss100.fa	long_content_30k_002	209	29902
long_content_30k_002/lc30k002_786_gc3300_rp0.07_mr1.14E-4_ss100.fa	long_content_30k_002	528	29902
long_content_30k_002/lc30k002_787_gc3300_rp0.10_mr1.14E-4_ss200.fa	long_content_30k_002	2738	29902
long_content_30k_002/lc30k002_788_gc3300_rp0.15_mr1.14E-4_ss100.fa	long_content_30k_002	546	29902
long_content_30k_002/lc30k002_789_gc3300_rp0.15_mr1.14E-4_ss200.fa	long_content_30k_002	2487	29902
long_content_30k_002/lc30k002_790_gc3300_rp0.07_mr1.14E-4_ss200.fa	long_content_30k_002	553	29902
long_content_30k_002/lc30k002_791_gc3300_rp0.05_mr1.14E-4_ss200.fa	long_content_30k_002	891	29902
long_content_30k_002/lc30k002_792_gc3300_rp0.10_mr1.14E-4_ss100.fa	long_content_30k_002	739	29902
long_content_30k_002/lc30k002_793_gc3300_rp0.05_mr1.14E-4_ss100.fa	long_content_30k_002	49	29902
long_content_30k_002/lc30k002_794_gc3300_rp0.07_mr1.14E-4_ss100.fa	long_content_30k_002	841	29902
long_content_30k_002/lc30k002_795_gc3300_rp0.10_mr1.14E-4_ss200.fa	long_content_30k_002	1121	29902
long_content_30k_002/lc30k002_796_gc3300_rp0.15_mr1.14E-4_ss100.fa	long_content_30k_002	1122	29902
long_content_30k_002/lc30k002_797_gc3300_rp0.15_mr1.14E-4_ss200.fa	long_content_30k_002	1351	29902
long_content_30k_002/lc30k002_798_gc3300_rp0.07_mr1.14E-4_ss200.fa	long_content_30k_002	806	29902
long_content_30k_002/lc30k002_799_gc3300_rp0.05_mr1.14E-4_ss200.fa	long_content_30k_002	94	29902
long_content_30k_002/lc30k002_800_gc3300_rp0.10_mr1.14E-4_ss100.fa	long_content_30k_002	203	29902
long_content_30k_002/lc30k002_801_gc3300_rp0.05_mr1.14E-4_ss100.fa	long_content_30k_002	88	29902
long_content_30k_002/lc30k002_802_gc3300_rp0.07_mr1.14E-4_ss100.fa	long_content_30k_002	1201	29902
long_content_30k_002/lc30k002_803_gc3300_rp0.10_mr1.14E-4_ss200.fa	long_content_30k_002	2175	29902
long_content_30k_002/lc30k002_804_gc3300_rp0.15_mr1.14E-4_ss100.fa	long_content_30k_002	3260	29902
long_content_30k_002/lc30k002_805_gc3300_rp0.15_mr1.14E-4_ss200.fa	long_content_30k_002	2470	29902
long_content_30k_002/lc30k002_806_gc3300_rp0.07_mr1.14E-4_ss200.fa	long_content_30k_002	884	29902
long_content_30k_002/lc30k002_807_gc3300_rp0.05_mr1.14E-4_ss200.fa	long_content_30k_002	437	29902
long_content_30k_002/lc30k002_808_gc3300_rp0.10_mr1.14E-4_ss100.fa	long_content_30k_002	469	29902
long_content_30k_002/lc30k002_809_gc3300_rp0.05_mr1.14E-4_ss100.fa	long_content_30k_002	319	29902
long_content_30k_002/lc30k002_810_gc3300_rp0.07_mr1.14E-4_ss100.fa	long_content_30k_002	301	29902
long_content_30k_002/lc30k002_811_gc3300_rp0.10_mr1.14E-4_ss200.fa	long_content_30k_002	2316	29902
long_content_30k_002/lc30k002_812_gc3300_rp0.15_mr1.14E-4_ss100.fa	long_content_30k_002	1196	29902
long_content_30k_002/lc30k002_813_gc3300_rp0.15_mr1.14E-4_ss200.fa	long_content_30k_002	2030	29902
long_content_30k_002/lc30k002_814_gc3300_rp0.07_mr1.14E-4_ss200.fa	long_content_30k_002	591	29853
long_content_30k_002/lc30k002_815_gc3300_rp0.05_mr1.14E-4_ss200.fa	long_content_30k_002	649	29902
long_content_30k_002/lc30k002_816_gc3300_rp0.10_mr1.14E-4_ss100.fa	long_content_30k_002	357	29902
long_content_30k_002/lc30k002_817_gc3300_rp0.05_mr1.14E-4_ss100.fa	long_content_30k_002	404	29902
long_content_30k_002/lc30k002_818_gc3300_rp0.07_mr1.14E-4_ss100.fa	long_content_30k_002	130	29902
long_content_30k_002/lc30k002_819_gc3300_rp0.10_mr1.14E-4_ss200.fa	long_content_30k_002	770	29902
long_content_30k_002/lc30k002_820_gc3300_rp0.15_mr1.14E-4_ss100.fa	long_content_30k_002	1085	29902
long_content_30k_002/lc30k002_821_gc3300_rp0.15_mr1.14E-4_ss200.fa	long_content_30k_002	3734	29902
long_content_30k_002/lc30k002_822_gc3300_rp0.07_mr1.14E-4_ss200.fa	long_content_30k_002	2145	29902
long_content_30k_002/lc30k002_823_gc3300_rp0.05_mr1.14E-4_ss200.fa	long_content_30k_002	503	29902
long_content_30k_002/lc30k002_824_gc3300_rp0.10_mr1.14E-4_ss100.fa	long_content_30k_002	1859	29902
long_content_30k_002/lc30k002_825_gc3300_rp0.05_mr1.14E-4_ss100.fa	long_content_30k_002	194	29902
long_content_30k_002/lc30k002_826_gc3300_rp0.07_mr1.14E-4_ss100.fa	long_content_30k_002	55	29902
long_content_30k_002/lc30k002_827_gc3300_rp0.10_mr1.14E-4_ss200.fa	long_content_30k_002	1021	29902
long_content_30k_002/lc30k002_828_gc3300_rp0.15_mr1.14E-4_ss100.fa	long_content_30k_002	3001	29902
long_content_30k_002/lc30k002_829_gc3300_rp0.15_mr1.14E-4_ss200.fa	long_content_30k_002	4160	29902
long_content_30k_002/lc30k002_830_gc3300_rp0.07_mr1.14E-4_ss200.fa	long_content_30k_002	770	29902
long_content_30k_002/lc30k002_831_gc3300_rp0.05_mr1.14E-4_ss200.fa	long_content_30k_002	136	29902
long_content_30k_002/lc30k002_832_gc3300_rp0.10_mr1.14E-4_ss100.fa	long_content_30k_002	1167	29902
long_content_30k_002/lc30k002_833_gc3300_rp0.05_mr1.14E-4_ss100.fa	long_content_30k_002	77	29902
long_content_30k_002/lc30k002_834_gc3300_rp0.07_mr1.14E-4_ss100.fa	long_content_30k_002	114	29902
long_content_30k_002/lc30k002_835_gc3300_rp0.10_mr1.14E-4_ss200.fa	long_content_30k_002	1362	29902
long_content_30k_002/lc30k002_836_gc3300_rp0.15_mr1.14E-4_ss100.fa	long_content_30k_002	1801	29902
long_content_30k_002/lc30k002_837_gc3300_rp0.15_mr1.14E-4_ss200.fa	long_content_30k_002	1035	29902
long_content_30k_002/lc30k002_838_gc3300_rp0.07_mr1.14E-4_ss200.fa	long_content_30k_002	49	29902
long_content_30k_002/lc30k002_839_gc3300_rp0.05_mr1.14E-4_ss200.fa	long_content_30k_002	328	29902
long_content_30k_002/lc30k002_840_gc3300_rp0.10_mr1.14E-4_ss100.fa	long_content_30k_002	843	29902
long_content_30k_002/lc30k002_841_gc3300_rp0.05_mr1.14E-4_ss100.fa	long_content_30k_002	166	29902
long_content_30k_002/lc30k002_842_gc3300_rp0.07_mr1.14E-4_ss100.fa	long_content_30k_002	85	29902
long_content_30k_002/lc30k002_843_gc3300_rp0.10_mr1.14E-4_ss200.fa	long_content_30k_002	978	29902
long_content_30k_002/lc30k002_844_gc3300_rp0.15_mr1.14E-4_ss100.fa	long_content_30k_002	1174	29902
long_content_30k_002/lc30k002_845_gc3300_rp0.15_mr1.14E-4_ss200.fa	long_content_30k_002	921	29902
long_content_30k_002/lc30k002_846_gc3300_rp0.07_mr1.14E-4_ss200.fa	long_content_30k_002	1408	29902
long_content_30k_002/lc30k002_847_gc3300_rp0.05_mr1.14E-4_ss200.fa	long_content_30k_002	297	29902
long_content_30k_002/lc30k002_848_gc3300_rp0.10_mr1.14E-4_ss100.fa	long_content_30k_002	287	29902
long_content_30k_002/lc30k002_849_gc3300_rp0.05_mr1.14E-4_ss100.fa	long_content_30k_002	347	29902
long_content_30k_002/lc30k002_850_gc3300_rp0.07_mr1.14E-4_ss100.fa	long_content_30k_002	803	29902
long_content_30k_002/lc30k002_851_gc3300_rp0.10_mr1.14E-4_ss200.fa	long_content_30k_002	998	29902
long_content_30k_002/lc30k002_852_gc3300_rp0.15_mr1.14E-4_ss100.fa	long_content_30k_002	1052	29902
long_content_30k_002/lc30k002_853_gc3300_rp0.15_mr1.14E-4_ss200.fa	long_content_30k_002	2237	29902
long_content_30k_002/lc30k002_854_gc3300_rp0.07_mr1.14E-4_ss200.fa	long_content_30k_002	927	29902
long_content_30k_002/lc30k002_855_gc3300_rp0.05_mr1.14E-4_ss200.fa	long_content_30k_002	1364	29902
long_content_30k_002/lc30k002_856_gc3300_rp0.10_mr1.14E-4_ss100.fa	long_content_30k_002	305	29902
long_content_30k_002/lc30k002_857_gc3300_rp0.05_mr1.14E-4_ss100.fa	long_content_30k_002	43	29902
long_content_30k_002/lc30k002_858_gc3300_rp0.07_mr1.14E-4_ss100.fa	long_content_30k_002	685	29902
long_content_30k_002/lc30k002_859_gc3300_rp0.10_mr1.14E-4_ss200.fa	long_content_30k_002	810	29902
long_content_30k_002/lc30k002_860_gc3300_rp0.15_mr1.14E-4_ss100.fa	long_content_30k_002	621	29902
long_content_30k_002/lc30k002_861_gc3300_rp0.15_mr1.14E-4_ss200.fa	long_content_30k_002	1509	29902
long_content_30k_002/lc30k002_862_gc3300_rp0.07_mr1.14E-4_ss200.fa	long_content_30k_002	194	29902
long_content_30k_002/lc30k002_863_gc3300_rp0.05_mr1.14E-4_ss200.fa	long_content_30k_002	621	29902
long_content_30k_002/lc30k002_864_gc3300_rp0.10_mr1.14E-4_ss100.fa	long_content_30k_002	538	29902
long_content_30k_002/lc30k002_865_gc3300_rp0.05_mr1.14E-4_ss100.fa	long_content_30k_002	179	29902
long_content_30k_002/lc30k002_866_gc3300_rp0.07_mr1.14E-4_ss100.fa	long_content_30k_002	209	29902
long_content_30k_002/lc30k002_867_gc3300_rp0.10_mr1.14E-4_ss200.fa	long_content_30k_002	1114	29902
long_content_30k_002/lc30k002_868_gc3300_rp0.15_mr1.14E-4_ss100.fa	long_content_30k_002	1427	29902
long_content_30k_002/lc30k002_869_gc3300_rp0.15_mr1.14E-4_ss200.fa	long_content_30k_002	2236	29902
long_content_30k_002/lc30k002_870_gc3300_rp0.07_mr1.14E-4_ss200.fa	long_content_30k_002	701	29902
long_content_30k_002/lc30k002_871_gc3300_rp0.05_mr1.14E-4_ss200.fa	long_content_30k_002	911	29902
long_content_30k_002/lc30k002_872_gc3300_rp0.10_mr1.14E-4_ss100.fa	long_content_30k_002	685	29902
long_content_30k_002/lc30k002_873_gc3300_rp0.05_mr1.14E-4_ss100.fa	long_content_30k_002	98	29902
long_content_30k_002/lc30k002_874_gc3300_rp0.07_mr1.14E-4_ss100.fa	long_content_30k_002	532	29902
long_content_30k_002/lc30k002_875_gc3300_rp0.10_mr1.14E-4_ss200.fa	long_content_30k_002	3228	29902
long_content_30k_002/lc30k002_876_gc3300_rp0.15_mr1.14E-4_ss100.fa	long_content_30k_002	1637	29902
long_content_30k_002/lc30k002_877_gc3300_rp0.15_mr1.14E-4_ss200.fa	long_content_30k_002	4380	29902
long_content_30k_002/lc30k002_878_gc3300_rp0.07_mr1.14E-4_ss200.fa	long_content_30k_002	605	29902
long_content_30k_002/lc30k002_879_gc3300_rp0.05_mr1.14E-4_ss200.fa	long_content_30k_002	598	29902
long_content_30k_002/lc30k002_880_gc3300_rp0.10_mr1.14E-4_ss100.fa	long_content_30k_002	1689	29902
long_content_30k_002/lc30k002_881_gc3300_rp0.05_mr1.14E-4_ss100.fa	long_content_30k_002	171	29902
long_content_30k_002/lc30k002_882_gc3300_rp0.07_mr1.14E-4_ss100.fa	long_content_30k_002	1938	29902
long_content_30k_002/lc30k002_883_gc3300_rp0.10_mr1.14E-4_ss200.fa	long_content_30k_002	552	29902
long_content_30k_002/lc30k002_884_gc3300_rp0.15_mr1.14E-4_ss100.fa	long_content_30k_002	1373	29902
long_content_30k_002/lc30k002_885_gc3300_rp0.15_mr1.14E-4_ss200.fa	long_content_30k_002	1576	29902
long_content_30k_002/lc30k002_886_gc3300_rp0.07_mr1.14E-4_ss200.fa	long_content_30k_002	896	29902
long_content_30k_002/lc30k002_887_gc3300_rp0.05_mr1.14E-4_ss200.fa	long_content_30k_002	771	29902
long_content_30k_002/lc30k002_888_gc3300_rp0.10_mr1.14E-4_ss100.fa	long_content_30k_002	182	29902
long_content_30k_002/lc30k002_889_gc3300_rp0.05_mr1.14E-4_ss100.fa	long_content_30k_002	134	29902
long_content_30k_002/lc30k002_890_gc3300_rp0.07_mr1.14E-4_ss100.fa	long_content_30k_002	775	29902
long_content_30k_002/lc30k002_891_gc3300_rp0.10_mr1.14E-4_ss200.fa	long_content_30k_002	2066	29902
long_content_30k_002/lc30k002_892_gc3300_rp0.15_mr1.14E-4_ss100.fa	long_content_30k_002	522	29902
long_content_30k_002/lc30k002_893_gc3300_rp0.15_mr1.14E-4_ss200.fa	long_content_30k_002	3159	29902
long_content_30k_002/lc30k002_894_gc3300_rp0.07_mr1.14E-4_ss200.fa	long_content_30k_002	3187	29902
long_content_30k_002/lc30k002_895_gc3300_rp0.05_mr1.14E-4_ss200.fa	long_content_30k_002	456	29902
long_content_30k_002/lc30k002_896_gc3300_rp0.10_mr1.14E-4_ss100.fa	long_content_30k_002	428	29902
long_content_30k_002/lc30k002_897_gc3300_rp0.05_mr1.14E-4_ss100.fa	long_content_30k_002	126	29902
long_content_30k_002/lc30k002_898_gc3300_rp0.07_mr1.14E-4_ss100.fa	long_content_30k_002	762	29902
long_content_30k_002/lc30k002_899_gc3300_rp0.10_mr1.14E-4_ss200.fa	long_content_30k_002	1301	29902
long_content_30k_002/lc30k002_900_gc3300_rp0.15_mr1.14E-4_ss100.fa	long_content_30k_002	663	29902
long_content_30k_002/lc30k002_901_gc3300_rp0.15_mr1.14E-4_ss200.fa	long_content_30k_002	3621	29902
long_content_30k_002/lc30k002_902_gc3300_rp0.07_mr1.14E-4_ss200.fa	long_content_30k_002	992	29902
long_content_30k_002/lc30k002_903_gc3300_rp0.05_mr1.14E-4_ss200.fa	long_content_30k_002	196	29902
long_content_30k_002/lc30k002_904_gc3300_rp0.10_mr1.14E-4_ss100.fa	long_content_30k_002	111	29902
long_content_30k_002/lc30k002_905_gc3300_rp0.05_mr1.14E-4_ss100.fa	long_content_30k_002	484	29902
long_content_30k_002/lc30k002_906_gc3300_rp0.07_mr1.14E-4_ss100.fa	long_content_30k_002	898	29902
long_content_30k_002/lc30k002_907_gc3300_rp0.10_mr1.14E-4_ss200.fa	long_content_30k_002	937	29902
long_content_30k_002/lc30k002_908_gc3300_rp0.15_mr1.14E-4_ss100.fa	long_content_30k_002	952	29902
long_content_30k_002/lc30k002_909_gc3300_rp0.15_mr1.14E-4_ss200.fa	long_content_30k_002	3436	29902
long_content_30k_002/lc30k002_910_gc3300_rp0.07_mr1.14E-4_ss200.fa	long_content_30k_002	1139	29902
long_content_30k_002/lc30k002_911_gc3300_rp0.05_mr1.14E-4_ss200.fa	long_content_30k_002	666	29902
long_content_30k_002/lc30k002_912_gc3300_rp0.10_mr1.14E-4_ss100.fa	long_content_30k_002	1166	29902
long_content_30k_002/lc30k002_913_gc3300_rp0.05_mr1.14E-4_ss100.fa	long_content_30k_002	1001	29902
long_content_30k_002/lc30k002_914_gc3300_rp0.07_mr1.14E-4_ss100.fa	long_content_30k_002	91	29902
long_content_30k_002/lc30k002_915_gc3300_rp0.10_mr1.14E-4_ss200.fa	long_content_30k_002	2225	29902
long_content_30k_002/lc30k002_916_gc3300_rp0.15_mr1.14E-4_ss100.fa	long_content_30k_002	984	29902
long_content_30k_002/lc30k002_917_gc3300_rp0.15_mr1.14E-4_ss200.fa	long_content_30k_002	2530	29902
long_content_30k_002/lc30k002_918_gc3300_rp0.07_mr1.14E-4_ss200.fa	long_content_30k_002	221	29902
long_content_30k_002/lc30k002_919_gc3300_rp0.05_mr1.14E-4_ss200.fa	long_content_30k_002	219	29902
long_content_30k_002/lc30k002_920_gc3300_rp0.10_mr1.14E-4_ss100.fa	long_content_30k_002	548	29902
long_content_30k_002/lc30k002_921_gc3300_rp0.05_mr1.14E-4_ss100.fa	long_content_30k_002	579	29902
long_content_30k_002/lc30k002_922_gc3300_rp0.07_mr1.14E-4_ss100.fa	long_content_30k_002	423	29902
long_content_30k_002/lc30k002_923_gc3300_rp0.10_mr1.14E-4_ss200.fa	long_content_30k_002	757	29902
long_content_30k_002/lc30k002_924_gc3300_rp0.15_mr1.14E-4_ss100.fa	long_content_30k_002	828	29902
long_content_30k_002/lc30k002_925_gc3300_rp0.15_mr1.14E-4_ss200.fa	long_content_30k_002	925	29902
long_content_30k_002/lc30k002_926_gc3300_rp0.07_mr1.14E-4_ss200.fa	long_content_30k_002	133	29902
long_content_30k_002/lc30k002_927_gc3300_rp0.05_mr1.14E-4_ss200.fa	long_content_30k_002	477	29902
long_content_30k_002/lc30k002_928_gc3300_rp0.10_mr1.14E-4_ss100.fa	long_content_30k_002	1207	29902
long_content_30k_002/lc30k002_929_gc3300_rp0.05_mr1.14E-4_ss100.fa	long_content_30k_002	818	29902
long_content_30k_002/lc30k002_930_gc3300_rp0.07_mr1.14E-4_ss100.fa	long_content_30k_002	614	29902
long_content_30k_002/lc30k002_931_gc3300_rp0.10_mr1.14E-4_ss200.fa	long_content_30k_002	1746	29902
long_content_30k_002/lc30k002_932_gc3300_rp0.15_mr1.14E-4_ss100.fa	long_content_30k_002	117	29902
long_content_30k_002/lc30k002_933_gc3300_rp0.15_mr1.14E-4_ss200.fa	long_content_30k_002	1841	29902
long_content_30k_002/lc30k002_934_gc3300_rp0.07_mr1.14E-4_ss200.fa	long_content_30k_002	714	29902
long_content_30k_002/lc30k002_935_gc3300_rp0.05_mr1.14E-4_ss200.fa	long_content_30k_002	295	29902
long_content_30k_002/lc30k002_936_gc3300_rp0.10_mr1.14E-4_ss100.fa	long_content_30k_002	1183	29902
long_content_30k_002/lc30k002_937_gc3300_rp0.05_mr1.14E-4_ss100.fa	long_content_30k_002	115	19203
long_content_30k_002/lc30k002_938_gc3300_rp0.07_mr1.14E-4_ss100.fa	long_content_30k_002	250	29902
long_content_30k_002/lc30k002_939_gc3300_rp0.10_mr1.14E-4_ss200.fa	long_content_30k_002	1540	29902
long_content_30k_002/lc30k002_940_gc3300_rp0.15_mr1.14E-4_ss100.fa	long_content_30k_002	1168	29902
long_content_30k_002/lc30k002_941_gc3300_rp0.15_mr1.14E-4_ss200.fa	long_content_30k_002	3282	29902
long_content_30k_002/lc30k002_942_gc3300_rp0.07_mr1.14E-4_ss200.fa	long_content_30k_002	812	29902
long_content_30k_002/lc30k002_943_gc3300_rp0.05_mr1.14E-4_ss200.fa	long_content_30k_002	54	29902
long_content_30k_002/lc30k002_944_gc3300_rp0.10_mr1.14E-4_ss100.fa	long_content_30k_002	1361	29902
long_content_30k_002/lc30k002_945_gc3300_rp0.05_mr1.14E-4_ss100.fa	long_content_30k_002	167	27267
long_content_30k_002/lc30k002_946_gc3300_rp0.07_mr1.14E-4_ss100.fa	long_content_30k_002	495	29902
long_content_30k_002/lc30k002_947_gc3300_rp0.10_mr1.14E-4_ss200.fa	long_content_30k_002	797	29902
long_content_30k_002/lc30k002_948_gc3300_rp0.15_mr1.14E-4_ss100.fa	long_content_30k_002	1215	29902
long_content_30k_002/lc30k002_949_gc3300_rp0.15_mr1.14E-4_ss200.fa	long_content_30k_002	3525	29902
long_content_30k_002/lc30k002_950_gc3300_rp0.07_mr1.14E-4_ss200.fa	long_content_30k_002	498	29902
long_content_30k_002/lc30k002_951_gc3300_rp0.05_mr1.14E-4_ss200.fa	long_content_30k_002	82	29902
long_content_30k_002/lc30k002_952_gc3300_rp0.10_mr1.14E-4_ss100.fa	long_content_30k_002	247	29902
long_content_30k_002/lc30k002_953_gc3300_rp0.05_mr1.14E-4_ss100.fa	long_content_30k_002	213	29902
long_content_30k_002/lc30k002_954_gc3300_rp0.07_mr1.14E-4_ss100.fa	long_content_30k_002	314	29902
long_content_30k_002/lc30k002_955_gc3300_rp0.10_mr1.14E-4_ss200.fa	long_content_30k_002	884	29902
long_content_30k_002/lc30k002_956_gc3300_rp0.15_mr1.14E-4_ss100.fa	long_content_30k_002	1169	29902
long_content_30k_002/lc30k002_957_gc3300_rp0.15_mr1.14E-4_ss200.fa	long_content_30k_002	2395	29902
long_content_30k_002/lc30k002_958_gc3300_rp0.07_mr1.14E-4_ss200.fa	long_content_30k_002	882	29902
long_content_30k_002/lc30k002_959_gc3300_rp0.05_mr1.14E-4_ss200.fa	long_content_30k_002	424	29902
long_content_30k_002/lc30k002_960_gc3300_rp0.10_mr1.14E-4_ss100.fa	long_content_30k_002	131	29902
long_content_30k_002/lc30k002_961_gc3300_rp0.05_mr1.14E-4_ss100.fa	long_content_30k_002	143	29902
long_content_30k_002/lc30k002_962_gc3300_rp0.07_mr1.14E-4_ss100.fa	long_content_30k_002	132	29902
long_content_30k_002/lc30k002_963_gc3300_rp0.10_mr1.14E-4_ss200.fa	long_content_30k_002	594	29902
long_content_30k_002/lc30k002_964_gc3300_rp0.15_mr1.14E-4_ss100.fa	long_content_30k_002	2117	29902
long_content_30k_002/lc30k002_965_gc3300_rp0.15_mr1.14E-4_ss200.fa	long_content_30k_002	1216	29902
long_content_30k_002/lc30k002_966_gc3300_rp0.07_mr1.14E-4_ss200.fa	long_content_30k_002	938	29902
long_content_30k_002/lc30k002_967_gc3300_rp0.05_mr1.14E-4_ss200.fa	long_content_30k_002	343	29902
long_content_30k_002/lc30k002_968_gc3300_rp0.10_mr1.14E-4_ss100.fa	long_content_30k_002	663	29902
long_content_30k_002/lc30k002_969_gc3300_rp0.05_mr1.14E-4_ss100.fa	long_content_30k_002	8	13326
long_content_30k_002/lc30k002_970_gc3300_rp0.07_mr1.14E-4_ss100.fa	long_content_30k_002	452	29902
long_content_30k_002/lc30k002_971_gc3300_rp0.10_mr1.14E-4_ss200.fa	long_content_30k_002	291	29902
long_content_30k_002/lc30k002_972_gc3300_rp0.15_mr1.14E-4_ss100.fa	long_content_30k_002	1012	29902
long_content_30k_002/lc30k002_973_gc3300_rp0.15_mr1.14E-4_ss200.fa	long_content_30k_002	5379	29902
long_content_30k_002/lc30k002_974_gc3300_rp0.07_mr1.14E-4_ss200.fa	long_content_30k_002	5858	29902
long_content_30k_002/lc30k002_975_gc3300_rp0.05_mr1.14E-4_ss200.fa	long_content_30k_002	975	29902
long_content_30k_002/lc30k002_976_gc3300_rp0.10_mr1.14E-4_ss100.fa	long_content_30k_002	490	29902
long_content_30k_002/lc30k002_977_gc3300_rp0.05_mr1.14E-4_ss100.fa	long_content_30k_002	197	29902
long_content_30k_002/lc30k002_978_gc3300_rp0.07_mr1.14E-4_ss100.fa	long_content_30k_002	733	29902
long_content_30k_002/lc30k002_979_gc3300_rp0.10_mr1.14E-4_ss200.fa	long_content_30k_002	3804	29902
long_content_30k_002/lc30k002_980_gc3300_rp0.15_mr1.14E-4_ss100.fa	long_content_30k_002	1419	29902
long_content_30k_002/lc30k002_981_gc3300_rp0.15_mr1.14E-4_ss200.fa	long_content_30k_002	3798	29902
long_content_30k_002/lc30k002_982_gc3300_rp0.07_mr1.14E-4_ss200.fa	long_content_30k_002	773	29902
long_content_30k_002/lc30k002_983_gc3300_rp0.05_mr1.14E-4_ss200.fa	long_content_30k_002	293	29902
long_content_30k_002/lc30k002_984_gc3300_rp0.10_mr1.14E-4_ss100.fa	long_content_30k_002	934	29902
long_content_30k_002/lc30k002_985_gc3300_rp0.05_mr1.14E-4_ss100.fa	long_content_30k_002	263	29902
long_content_30k_002/lc30k002_986_gc3300_rp0.07_mr1.14E-4_ss100.fa	long_content_30k_002	368	29902
long_content_30k_002/lc30k002_987_gc3300_rp0.10_mr1.14E-4_ss200.fa	long_content_30k_002	913	29902
long_content_30k_002/lc30k002_988_gc3300_rp0.15_mr1.14E-4_ss100.fa	long_content_30k_002	1184	29902
long_content_30k_002/lc30k002_989_gc3300_rp0.15_mr1.14E-4_ss200.fa	long_content_30k_002	2966	29902
long_content_30k_002/lc30k002_990_gc3300_rp0.07_mr1.14E-4_ss200.fa	long_content_30k_002	905	29902
long_content_30k_002/lc30k002_991_gc3300_rp0.05_mr1.14E-4_ss200.fa	long_content_30k_002	159	29902
long_content_30k_002/lc30k002_992_gc3300_rp0.10_mr1.14E-4_ss100.fa	long_content_30k_002	1711	29902
long_content_30k_002/lc30k002_993_gc3300_rp0.05_mr1.14E-4_ss100.fa	long_content_30k_002	135	29902
long_content_30k_002/lc30k002_994_gc3300_rp0.07_mr1.14E-4_ss100.fa	long_content_30k_002	501	29902
long_content_30k_002/lc30k002_995_gc3300_rp0.10_mr1.14E-4_ss200.fa	long_content_30k_002	321	29902
long_content_30k_002/lc30k002_996_gc3300_rp0.15_mr1.14E-4_ss100.fa	long_content_30k_002	558	29902
long_content_30k_002/lc30k002_997_gc3300_rp0.15_mr1.14E-4_ss200.fa	long_content_30k_002	4146	29902
long_content_30k_002/lc30k002_998_gc3300_rp0.07_mr1.14E-4_ss200.fa	long_content_30k_002	1143	29902
long_content_30k_002/lc30k002_999_gc3300_rp0.05_mr1.14E-4_ss200.fa	long_content_30k_002	243	29902
UnseenTestSet/alignment_TestSet_2022-08-20-15_55_16_3300-0.07-0.000114-100.fa	UnseenTestSet	48	29878
UnseenTestSet/alignment_TestSet_2022-08-20-15_55_16_3300-0.07-0.000114-150.fa	UnseenTestSet	58	29983
UnseenTestSet/alignment_TestSet_2022-08-20-15_55_16_3300-0.07-0.000114-200.fa	UnseenTestSet	71	30142
UnseenTestSet/alignment_TestSet_2022-08-20-15_55_16_3300-0.07-0.000116-100.fa	UnseenTestSet	46	29968
UnseenTestSet/alignment_TestSet_2022-08-20-15_55_16_3300-0.07-0.000116-150.fa	UnseenTestSet	47	29923
UnseenTestSet/alignment_TestSet_2022-08-20-15_55_16_3300-0.07-0.000116-200.fa	UnseenTestSet	64	30046
UnseenTestSet/alignment_TestSet_2022-08-20-15_55_16_3300-0.07-0.000118-100.fa	UnseenTestSet	56	29926
UnseenTestSet/alignment_TestSet_2022-08-20-15_55_16_3300-0.07-0.000118-150.fa	UnseenTestSet	90	30082
UnseenTestSet/alignment_TestSet_2022-08-20-15_55_16_3300-0.07-0.000118-200.fa	UnseenTestSet	71	29944
UnseenTestSet/alignment_TestSet_2022-08-20-15_55_16_3300-0.075-0.000114-100.fa	UnseenTestSet	58	29971
UnseenTestSet/alignment_TestSet_2022-08-20-15_55_16_3300-0.075-0.000114-150.fa	UnseenTestSet	37	29992
UnseenTestSet/alignment_TestSet_2022-08-21-01_38_14_3300-0.07-0.000114-100.fa	UnseenTestSet	53	29959
UnseenTestSet/alignment_TestSet_2022-08-21-01_38_14_3300-0.07-0.000114-150.fa	UnseenTestSet	62	30058
UnseenTestSet/alignment_TestSet_2022-08-21-01_38_14_3300-0.07-0.000114-200.fa	UnseenTestSet	106	30121
UnseenTestSet/alignment_TestSet_2022-08-21-01_38_14_3300-0.07-0.000116-100.fa	UnseenTestSet	51	29944
UnseenTestSet/alignment_TestSet_2022-08-21-01_38_14_3300-0.07-0.000116-150.fa	UnseenTestSet	63	30070
UnseenTestSet/alignment_TestSet_2022-08-21-10_36_55_3300-0.07-0.000114-100.fa	UnseenTestSet	36	29857
UnseenTestSet/alignment_TestSet_2022-08-21-10_36_55_3300-0.07-0.000114-150.fa	UnseenTestSet	102	30122
UnseenTestSet/alignment_TestSet_2022-08-21-10_36_55_3300-0.07-0.000114-200.fa	UnseenTestSet	81	30112
UnseenTestSet/alignment_TestSet_2022-08-21-17_54_51_3300-0.07-0.000114-100.fa	UnseenTestSet	61	30013
UnseenTestSet/alignment_TestSet_2022-08-21-17_54_51_3300-0.07-0.000114-150.fa	UnseenTestSet	89	30136
UnseenTestSet/alignment_TestSet_2022-08-22-14_11_10_3300-0.065-0.000114-100.fa	UnseenTestSet	66	30049
UnseenTestSet/alignment_TestSet_2022-08-22-14_11_10_3300-0.065-0.000114-50.fa	UnseenTestSet	30	29830
UnseenTestSet/alignment_TestSet_2022-08-22-16_33_59_3300-0.065-0.000114-50.fa	UnseenTestSet	33	29884
UnseenTestSet/alignment_TestSet_2022-08-22-19_14_54_3300-0.065-0.000114-100.fa	UnseenTestSet	49	29986
UnseenTestSet/alignment_TestSet_2022-08-22-19_14_54_3300-0.065-0.000114-50.fa	UnseenTestSet	48	29917
UnseenTestSet/alignment_TestSet_2022-08-23-08_50_09_3300-0.065-0.000114-100.fa	UnseenTestSet	48	30049
UnseenTestSet/alignment_TestSet_2022-08-23-08_50_09_3300-0.065-0.000114-150.fa	UnseenTestSet	64	29980
UnseenTestSet/alignment_TestSet_2022-08-23-08_50_09_3300-0.065-0.000114-200.fa	UnseenTestSet	69	30112
UnseenTestSet/alignment_TestSet_2022-08-23-08_50_09_3300-0.065-0.000114-50.fa	UnseenTestSet	44	29955
UnseenTestSet/alignment_TestSet_2022-08-23-08_50_09_3300-0.065-0.000115-100.fa	UnseenTestSet	27	29857
UnseenTestSet/alignment_TestSet_2022-08-23-08_50_09_3300-0.065-0.000115-150.fa	UnseenTestSet	33	29923
UnseenTestSet/alignment_TestSet_2022-08-23-08_50_09_3300-0.065-0.000115-200.fa	UnseenTestSet	86	29969
UnseenTestSet/alignment_TestSet_2022-08-23-08_50_09_3300-0.065-0.000115-50.fa	UnseenTestSet	27	30001
UnseenTestSet/alignment_TestSet_2022-08-23-08_50_09_3300-0.065-0.000116-100.fa	UnseenTestSet	38	30073
UnseenTestSet/alignment_TestSet_2022-08-23-08_50_09_3300-0.065-0.000116-50.fa	UnseenTestSet	30	29995
UnseenTestSet/alignment_TestSet_2022-08-23-15_04_32_3300-0.065-0.000114-50.fa	UnseenTestSet	3	29881
UnseenTestSet/alignment_TestSet_2022-08-23-17_12_57_3300-0.065-0.000114-100.fa	UnseenTestSet	53	30106
UnseenTestSet/alignment_TestSet_2022-08-23-17_12_57_3300-0.065-0.000114-50.fa	UnseenTestSet	15	29980
UnseenTestSet/alignment_TestSet_2022-08-23-18_28_52_3300-0.065-0.000114-100.fa	UnseenTestSet	60	30054
UnseenTestSet/alignment_TestSet_2022-08-23-18_28_52_3300-0.065-0.000114-150.fa	UnseenTestSet	53	30055
UnseenTestSet/alignment_TestSet_2022-08-23-18_28_52_3300-0.065-0.000114-200.fa	UnseenTestSet	88	30028
UnseenTestSet/alignment_TestSet_2022-08-23-18_28_52_3300-0.065-0.000114-50.fa	UnseenTestSet	29	30016
UnseenTestSet/alignment_TestSet_2022-08-23-21_50_58_3300-0.07-0.000116-100.fa	UnseenTestSet	58	30031
UnseenTestSet/alignment_TestSet_2022-08-23-21_50_58_3300-0.07-0.000117-100.fa	UnseenTestSet	49	30022
UnseenTestSet/alignment_TestSet_2022-08-23-21_50_58_3300-0.07-0.000117-150.fa	UnseenTestSet	60	30104
UnseenTestSet/alignment_TestSet_2022-08-23-23_54_54_3300-0.07-0.000115-100.fa	UnseenTestSet	48	30028
UnseenTestSet/alignment_TestSet_2022-08-23-23_54_54_3300-0.07-0.000115-150.fa	UnseenTestSet	58	29890
UnseenTestSet/alignment_TestSet_2022-08-23-23_54_54_3300-0.07-0.000116-100.fa	UnseenTestSet	65	29965
UnseenTestSet/alignment_TestSet_2022-08-23-23_54_54_3300-0.07-0.000116-150.fa	UnseenTestSet	40	30040
UnseenTestSet/alignment_TestSet_2022-08-23-23_54_54_3300-0.07-0.000117-100.fa	UnseenTestSet	14	29902
UnseenTestSet/alignment_TestSet_2022-08-23-23_54_54_3300-0.07-0.000117-150.fa	UnseenTestSet	64	30064
UnseenTestSet/alignment_TestSet_2022-08-23-23_54_54_3300-0.075-0.000115-100.fa	UnseenTestSet	75	30016
UnseenTestSet/alignment_TestSet_2022-08-23-23_54_54_3300-0.075-0.000115-150.fa	UnseenTestSet	60	29993
UnseenTestSet/alignment_TestSet_2022-08-23-23_54_54_3300-0.075-0.000116-100.fa	UnseenTestSet	59	29971
UnseenTestSet/alignment_TestSet_2022-08-23-23_54_54_3300-0.075-0.000116-150.fa	UnseenTestSet	68	29968
UnseenTestSet/alignment_TestSet_2022-08-23-23_54_54_3300-0.075-0.000117-100.fa	UnseenTestSet	73	30005
UnseenTestSet/alignment_TestSet_2022-08-23-23_54_54_3300-0.075-0.000117-150.fa	UnseenTestSet	85	29950
UnseenTestSet/alignment_TestSet_2022-08-24-12_11_13_3300-0.07-0.000115-100.fa	UnseenTestSet	49	30067
UnseenTestSet/alignment_TestSet_2022-08-24-12_11_13_3300-0.07-0.000115-150.fa	UnseenTestSet	97	29955
UnseenTestSet/alignment_TestSet_2022-08-24-12_11_13_3300-0.07-0.000116-100.fa	UnseenTestSet	54	29896
UnseenTestSet/alignment_TestSet_2022-08-24-12_11_13_3300-0.07-0.000116-150.fa	UnseenTestSet	70	30073
UnseenTestSet/alignment_TestSet_2022-08-24-12_11_13_3300-0.07-0.000117-100.fa	UnseenTestSet	29	29905
UnseenTestSet/alignment_TestSet_2022-08-24-12_11_13_3300-0.07-0.000117-150.fa	UnseenTestSet	31	30025
UnseenTestSet/alignment_TestSet_2022-08-24-12_11_13_3300-0.075-0.000115-100.fa	UnseenTestSet	66	29923
UnseenTestSet/alignment_TestSet_2022-08-24-12_11_13_3300-0.075-0.000115-150.fa	UnseenTestSet	14	29923
UnseenTestSet/alignment_TestSet_2022-08-24-12_11_13_3300-0.075-0.000116-100.fa	UnseenTestSet	46	30238
UnseenTestSet/alignment_TestSet_2022-08-24-12_11_13_3300-0.075-0.000116-150.fa	UnseenTestSet	41	29905
UnseenTestSet/alignment_TestSet_2022-08-24-12_11_13_3300-0.075-0.000117-100.fa	UnseenTestSet	44	29923
UnseenTestSet/alignment_TestSet_2022-08-24-12_11_13_3300-0.075-0.000117-150.fa	UnseenTestSet	87	30010
UnseenTestSet/alignment_TestSet_2022-08-24-19_38_57_3300-0.07-0.000115-100.fa	UnseenTestSet	60	29968
UnseenTestSet/alignment_TestSet_2022-08-24-19_38_57_3300-0.07-0.000115-150.fa	UnseenTestSet	68	29974
UnseenTestSet/alignment_TestSet_2022-08-24-19_38_57_3300-0.07-0.000116-100.fa	UnseenTestSet	64	30002
UnseenTestSet/alignment_TestSet_2022-08-24-19_38_57_3300-0.07-0.000116-150.fa	UnseenTestSet	49	29989
UnseenTestSet/alignment_TestSet_2022-08-24-19_38_57_3300-0.07-0.000117-100.fa	UnseenTestSet	76	30076
UnseenTestSet/alignment_TestSet_2022-08-24-19_38_57_3300-0.07-0.000117-150.fa	UnseenTestSet	34	29985
UnseenTestSet/alignment_TestSet_2022-08-24-19_38_57_3300-0.075-0.000116-100.fa	UnseenTestSet	71	30028
UnseenTestSet/alignment_TestSet_2022-08-24-19_38_57_3300-0.075-0.000117-100.fa	UnseenTestSet	63	30110
UnseenTestSet/alignment_TestSet_2022-08-24-19_38_57_3300-0.075-0.000117-150.fa	UnseenTestSet	43	29845
UnseenTestSet/alignment_TestSet_3500-0.07-0.000114-100.fa	UnseenTestSet	78	29957
UnseenTestSet/alignment_TestSet_3500-0.07-0.000114-150.fa	UnseenTestSet	71	30157
UnseenTestSet/alignment_TestSet_3500-0.07-0.000114-200.fa	UnseenTestSet	42	29932
UnseenTestSet/alignment_TestSet_3500-0.07-0.000116-100.fa	UnseenTestSet	54	29989
UnseenTestSet/alignment_TestSet_3500-0.07-0.000116-150.fa	UnseenTestSet	82	30039
UnseenTestSet/alignment_TestSet_3500-0.07-0.000116-200.fa	UnseenTestSet	88	30143
UnseenTestSet/alignment_TestSet_3500-0.07-0.000118-100.fa	UnseenTestSet	54	30077
UnseenTestSet/alignment_TestSet_3500-0.07-0.000118-150.fa	UnseenTestSet	89	30004
UnseenTestSet/alignment_TestSet_3500-0.07-0.000118-200.fa	UnseenTestSet	83	30019
UnseenTestSet/alignment_TestSet_3500-0.075-0.000114-100.fa	UnseenTestSet	37	30208
UnseenTestSet/alignment_TestSet_3500-0.075-0.000114-150.fa	UnseenTestSet	77	30092
UnseenTestSet/alignment_TestSet_3500-0.075-0.000114-200.fa	UnseenTestSet	89	30028
UnseenTestSet/alignment_TestSet_3500-0.075-0.000116-100.fa	UnseenTestSet	50	29956
UnseenTestSet/alignment_TestSet_3500-0.075-0.000116-150.fa	UnseenTestSet	82	30058
UnseenTestSet/alignment_TestSet_3500-0.075-0.000116-200.fa	UnseenTestSet	69	30091
UnseenTestSet/alignment_TestSet_3500-0.075-0.000118-100.fa	UnseenTestSet	70	30040
UnseenTestSet/alignment_TestSet_3500-0.075-0.000118-150.fa	UnseenTestSet	71	29854
UnseenTestSet/alignment_TestSet_3500-0.075-0.000118-200.fa	UnseenTestSet	110	30085
